crash_record_id,crash_date,posted_speed_limit,traffic_control_device,device_condition,weather_condition,lighting_condition,first_crash_type,trafficway_type,alignment,roadway_surface_cond,road_defect,report_type,crash_type,intersection_related_i,damage,date_police_notified,prim_contributory_cause,sec_contributory_cause,street_no,street_direction,street_name,beat_of_occurrence,num_units,most_severe_injury,injuries_total,injuries_fatal,injuries_incapacitating,injuries_non_incapacitating,injuries_reported_not_evident,injuries_no_indication,injuries_unknown,crash_hour,crash_day_of_week,crash_month,latitude,longitude,location,private_property_i,photos_taken_i,hit_and_run_i,statements_taken_i,crash_date_est_i,work_zone_i,work_zone_type,dooring_i,lane_cnt,workers_present_i
f8a0c4c53294c17657faf0a6f7f6d28e43ccc02897d58d97a57e98397ab24d821b8d8b0977bc07332d381c3c9d50733629d02e297708cb8a764b6ab322a995ed,2025-08-13T08:23:00.000,30,NO CONTROLS,NO CONTROLS,CLEAR,DAYLIGHT,PEDESTRIAN,NOT DIVIDED,STRAIGHT AND LEVEL,DRY,NO DEFECTS,ON SCENE,INJURY AND / OR TOW DUE TO CRASH,Y,"OVER $1,500",2025-08-13T08:45:00.000,FAILING TO YIELD RIGHT-OF-WAY,NOT APPLICABLE,1101,W,FULLERTON AVE,1811,2,"REPORTED, NOT EVIDENT",1,0,0,0,1,1,0,8,4,8,41.9252316994,-87.6560815847,"{'type': 'Point', 'coordinates': [-87.656081584699, 41.925231699449]}",,,,,,,,,,
14e70107e850a9111cc57bbc4570a4090ff194ae8d81918a6b181aa3376a5a1d254616e3357a7c9f6c25ede5bd41e1f9d7fd9ff6e8f008f3b120502f67ce3c87,2025-08-13T07:47:00.000,30,STOP SIGN/FLASHER,FUNCTIONING PROPERLY,CLEAR,DAYLIGHT,PARKED MOTOR VEHICLE,NOT DIVIDED,STRAIGHT AND LEVEL,DRY,UNKNOWN,NOT ON SCENE (DESK REPORT),NO INJURY / DRIVE AWAY,,"OVER $1,500",2025-08-13T08:40:00.000,IMPROPER LANE USAGE,UNABLE TO DETERMINE,304,N,ADA ST,1215,2,NO INDICATION OF INJURY,0,0,0,0,0,1,0,7,4,8,41.8867870414,-87.6609462515,"{'type': 'Point', 'coordinates': [-87.660946251547, 41.886787041428]}",,,,,,,,,,
18b9ccce54c3198d7056e049c30583fb7bbc8459aa79c0a539fe281c86f4cc253301bdd3037367b8f5ef945790aa405232f50f37bb0df1d3c00d0d92cd37f7e1,2025-08-13T07:45:00.000,30,TRAFFIC SIGNAL,FUNCTIONING PROPERLY,CLEAR,DAYLIGHT,TURNING,NOT DIVIDED,STRAIGHT AND LEVEL,DRY,NO DEFECTS,ON SCENE,NO INJURY / DRIVE AWAY,Y,"$501 - $1,500",2025-08-13T07:47:00.000,UNABLE TO DETERMINE,UNABLE TO DETERMINE,6658,N,SHERIDAN RD,2432,2,NO INDICATION OF INJURY,0,0,0,0,0,2,0,7,4,8,42.0034919514,-87.660961379,"{'type': 'Point', 'coordinates': [-87.660961378956, 42.003491951427]}",,,,,,,,,,
c414b4addea4457e5a15049e0c26b2dfc349eb592ace81977cf7e3f34afeba328559fee7e4b618789f76d13fe71c7e5840304ef4ea39e5c4e7db6761ce17a71b,2025-08-13T07:30:00.000,30,NO CONTROLS,NO CONTROLS,CLEAR,DAYLIGHT,REAR END,NOT DIVIDED,STRAIGHT AND LEVEL,DRY,NO DEFECTS,NOT ON SCENE (DESK REPORT),NO INJURY / DRIVE AWAY,,"OVER $1,500",2025-08-13T10:00:00.000,FOLLOWING TOO CLOSELY,FOLLOWING TOO CLOSELY,6900,W,63RD ST,812,3,NO INDICATION OF INJURY,0,0,0,0,0,3,0,7,4,8,41.7775733471,-87.7935343642,"{'type': 'Point', 'coordinates': [-87.793534364156, 41.77757334706]}",,,,,,,,,,
b6bd162120a44f2ad2fcaa7215ea8b678487363d268b46122ae87509f65bbccc3717ab3fc3fd38cf51ea5b1c0bc9bf1dcd2e168cfdda1eba25a23b865a21cc7c,2025-08-13T07:19:00.000,10,NO CONTROLS,NO CONTROLS,CLEAR,DAYLIGHT,PARKED MOTOR VEHICLE,PARKING LOT,STRAIGHT AND LEVEL,WET,NO DEFECTS,ON SCENE,NO INJURY / DRIVE AWAY,,"OVER $1,500",2025-08-13T07:19:00.000,UNABLE TO DETERMINE,UNABLE TO DETERMINE,3201,W,CERMAK RD,1024,2,NO INDICATION OF INJURY,0,0,0,0,0,1,0,7,4,8,41.8516545452,-87.7053126941,"{'type': 'Point', 'coordinates': [-87.7053126941, 41.851654545163]}",Y,Y,,,,,,,,
6ea4e252e59972163fef691bb8128ec14322c7ddaf9a979c3d20332075345f0efe063417e53a217b482569c7f2f080738be6baa98084d50c06044531c1855b01,2025-08-13T06:50:00.000,30,NO CONTROLS,NO CONTROLS,CLEAR,DAYLIGHT,PEDESTRIAN,ONE-WAY,STRAIGHT AND LEVEL,DRY,NO DEFECTS,NOT ON SCENE (DESK REPORT),NO INJURY / DRIVE AWAY,,$500 OR LESS,2025-08-13T08:05:00.000,UNABLE TO DETERMINE,UNABLE TO DETERMINE,151,W,ADAMS ST,122,2,NO INDICATION OF INJURY,0,0,0,0,0,2,0,6,4,8,41.8792900733,-87.6323627253,"{'type': 'Point', 'coordinates': [-87.6323627253, 41.879290073296]}",,,Y,,,,,,,
54675c52217c0a8f49c0e615a116b7379ab3e481e8bef8ce7a491bc9f26757ec52504389c5e2e36e9e7875dcf3862a024d4fd6b2bd05c6d6101a37141319f589,2025-08-13T06:15:00.000,40,NO CONTROLS,NO CONTROLS,CLEAR,DAYLIGHT,REAR END,DIVIDED - W/MEDIAN BARRIER,STRAIGHT AND LEVEL,UNKNOWN,NO DEFECTS,NOT ON SCENE (DESK REPORT),NO INJURY / DRIVE AWAY,,"OVER $1,500",2025-08-13T09:15:00.000,UNABLE TO DETERMINE,NOT APPLICABLE,5955,S,LAKE SHORE DR,331,2,NO INDICATION OF INJURY,0,0,0,0,0,2,0,6,4,8,41.78634607,-87.57742526,"{'type': 'Point', 'coordinates': [-87.577425259974, 41.786346070036]}",,,,,,,,,,
82595ee461edc8053292e8082be629daf0b2dffa847efe8fa6cc460159b743ae23fa054ded0366377e29895a616ae67f6983b1f0d552a4df7d22d59f2d0b07f1,2025-08-13T05:00:00.000,25,NO CONTROLS,NO CONTROLS,CLEAR,DAWN,PARKED MOTOR VEHICLE,NOT DIVIDED,STRAIGHT AND LEVEL,DRY,NO DEFECTS,ON SCENE,INJURY AND / OR TOW DUE TO CRASH,,"OVER $1,500",2025-08-13T05:01:00.000,UNABLE TO DETERMINE,UNABLE TO DETERMINE,3301,N,MELVINA AVE,1633,3,NO INDICATION OF INJURY,0,0,0,0,0,1,0,5,4,8,41.9402680729,-87.7810022976,"{'type': 'Point', 'coordinates': [-87.781002297635, 41.940268072938]}",,,,,,,,,,
18c54617bc29df949651169791fd7407a64c765fca5a9322280dc24f68b5c8f4143bb5b48ab7f0c2668e80388a43bf61504eb9944622640dc55427b200d26eb5,2025-08-13T04:36:00.000,30,STOP SIGN/FLASHER,OTHER,CLEAR,"DARKNESS, LIGHTED ROAD",ANGLE,FOUR WAY,STRAIGHT AND LEVEL,DRY,NO DEFECTS,ON SCENE,INJURY AND / OR TOW DUE TO CRASH,Y,"OVER $1,500",2025-08-13T04:38:00.000,FAILING TO YIELD RIGHT-OF-WAY,NOT APPLICABLE,4235,W,ARMITAGE AVE,2534,2,NO INDICATION OF INJURY,0,0,0,0,0,2,0,4,4,8,41.9169746017,-87.7328834332,"{'type': 'Point', 'coordinates': [-87.732883433168, 41.916974601737]}",,,,,,,,,,
c016e20deea2c00e49dae929c6862fc640dd8234335690227d110017309cc58358f800cf6d81395152d34e64325149b38b6f7e84d3b9f9c32b08a360c7ea3f41,2025-08-13T03:30:00.000,30,TRAFFIC SIGNAL,FUNCTIONING PROPERLY,CLEAR,"DARKNESS, LIGHTED ROAD",REAR END,DIVIDED - W/MEDIAN BARRIER,STRAIGHT ON GRADE,DRY,NO DEFECTS,ON SCENE,NO INJURY / DRIVE AWAY,,"OVER $1,500",2025-08-13T03:35:00.000,FAILING TO REDUCE SPEED TO AVOID CRASH,FAILING TO REDUCE SPEED TO AVOID CRASH,12998,S,TORRENCE AVE,433,2,NO INDICATION OF INJURY,0,0,0,0,0,2,0,3,4,8,41.6592827795,-87.5594322617,"{'type': 'Point', 'coordinates': [-87.559432261693, 41.659282779464]}",,,,,,,,,,
17d7c8c5cbd5f0cb1e397aaf75e6530864c54f8d5ea612a43c4075f19c3dc667a37cb21395dbd8a45fe1fde9295dc781694804fa0568df69f272ccbe9994b17d,2025-08-13T02:15:00.000,35,NO CONTROLS,NO CONTROLS,CLEAR,DARKNESS,PARKED MOTOR VEHICLE,ONE-WAY,STRAIGHT AND LEVEL,DRY,NO DEFECTS,NOT ON SCENE (DESK REPORT),NO INJURY / DRIVE AWAY,,$500 OR LESS,2025-08-13T03:10:00.000,NOT APPLICABLE,NOT APPLICABLE,1754,W,ALBION AVE,2432,2,NO INDICATION OF INJURY,0,0,0,0,0,1,0,2,4,8,42.0017674559,-87.6744987194,"{'type': 'Point', 'coordinates': [-87.67449871945, 42.001767455948]}",,,N,,,,,,,
ac5333c166613a2359832cef8da2fa9815de5706149367a47f74d1062278c8095b9609d0221de0b30d5ca609ac4eafe741f439ff261db91c6b7dc977e074b9ae,2025-08-13T01:55:00.000,25,UNKNOWN,NO CONTROLS,CLEAR,"DARKNESS, LIGHTED ROAD",OTHER OBJECT,NOT DIVIDED,STRAIGHT AND LEVEL,WET,NO DEFECTS,ON SCENE,INJURY AND / OR TOW DUE TO CRASH,Y,"OVER $1,500",2025-08-13T01:59:00.000,UNABLE TO DETERMINE,UNABLE TO DETERMINE,2100,W,BELMONT AVE,1921,1,NO INDICATION OF INJURY,0,0,0,0,0,1,0,1,4,8,41.9396519315,-87.6809032053,"{'type': 'Point', 'coordinates': [-87.680903205327, 41.939651931538]}",,,,,,,,,,
a99e75c346152ba30eb47a8ae139d3ecd989f123fb8e22eeaafea31c64c1b66f1d700a175768c0ba8cb668542af5851d160aae6ce58ad43ed56d83bf3b513054,2025-08-13T00:59:00.000,35,TRAFFIC SIGNAL,FUNCTIONING PROPERLY,CLEAR,"DARKNESS, LIGHTED ROAD",TURNING,NOT DIVIDED,STRAIGHT AND LEVEL,WET,NO DEFECTS,ON SCENE,INJURY AND / OR TOW DUE TO CRASH,Y,"OVER $1,500",2025-08-13T00:59:00.000,UNABLE TO DETERMINE,UNABLE TO DETERMINE,3959,W,26TH ST,1031,2,NO INDICATION OF INJURY,0,0,0,0,0,2,0,0,4,8,41.8441455027,-87.7244918217,"{'type': 'Point', 'coordinates': [-87.724491821678, 41.844145502669]}",,,,,,,,,,
3a22efc02e86db08a0be5c1fb0cfa2cf5c2d4b0a929de1b51760b22fab00cd6b01c9e79e6a7ae2e97a03e381aa89ad4eca65d0b7f99d50725aea50f165ee1996,2025-08-12T23:32:00.000,30,TRAFFIC SIGNAL,FUNCTIONING PROPERLY,CLEAR,"DARKNESS, LIGHTED ROAD",REAR END,FOUR WAY,STRAIGHT AND LEVEL,WET,NO DEFECTS,ON SCENE,INJURY AND / OR TOW DUE TO CRASH,Y,"OVER $1,500",2025-08-12T23:39:00.000,FAILING TO REDUCE SPEED TO AVOID CRASH,DRIVING SKILLS/KNOWLEDGE/EXPERIENCE,5301,N,WESTERN AVE,2012,2,NO INDICATION OF INJURY,0,0,0,0,0,5,0,23,3,8,41.9778014636,-87.6890776922,"{'type': 'Point', 'coordinates': [-87.689077692183, 41.97780146365]}",,,,,,,,,,
4c8a45233301b447608a28c100ebaf684f18914224c846d563740cb3bb6dd995d8701a52f1ce9b9925c577cb6042f870a1702ec66edf68bca4b750f0eff82cba,2025-08-12T23:00:00.000,30,NO CONTROLS,UNKNOWN,RAIN,"DARKNESS, LIGHTED ROAD",SIDESWIPE SAME DIRECTION,ONE-WAY,STRAIGHT AND LEVEL,WET,UNKNOWN,ON SCENE,INJURY AND / OR TOW DUE TO CRASH,,"OVER $1,500",2025-08-12T23:05:00.000,FAILING TO REDUCE SPEED TO AVOID CRASH,NOT APPLICABLE,4530,W,CONGRESS PKWY,1131,2,NO INDICATION OF INJURY,0,0,0,0,0,3,0,23,3,8,41.8742947325,-87.7390082023,"{'type': 'Point', 'coordinates': [-87.739008202332, 41.874294732471]}",,,Y,,,,,,,
6898269ff25e9e7829712f87c5fac4b8afdda203a4119a82a151b64f423610e846dbf01e1ad0723e544bf619e4b8d733f403125cd480060060c00483b1eb897c,2025-08-12T22:48:00.000,25,UNKNOWN,UNKNOWN,UNKNOWN,"DARKNESS, LIGHTED ROAD",PARKED MOTOR VEHICLE,ONE-WAY,STRAIGHT AND LEVEL,WET,UNKNOWN,ON SCENE,INJURY AND / OR TOW DUE TO CRASH,,"$501 - $1,500",2025-08-12T23:12:00.000,UNABLE TO DETERMINE,UNABLE TO DETERMINE,7626,S,GREEN ST,621,4,NO INDICATION OF INJURY,0,0,0,0,0,1,0,22,3,8,41.7552560793,-87.6455204694,"{'type': 'Point', 'coordinates': [-87.645520469369, 41.755256079303]}",,,,,,,,,,
8bb4b44332423f6d6c32f76ec50bab8a636e70fe9d41d07488a9740e7c481a813356db50b0e308f76edcdc0780d07d3c4e0e88924172426963ceb8f8d9833bef,2025-08-12T22:02:00.000,30,NO CONTROLS,OTHER,OTHER,"DARKNESS, LIGHTED ROAD",SIDESWIPE SAME DIRECTION,NOT DIVIDED,STRAIGHT AND LEVEL,WET,NO DEFECTS,ON SCENE,INJURY AND / OR TOW DUE TO CRASH,,"OVER $1,500",2025-08-12T22:04:00.000,FAILING TO YIELD RIGHT-OF-WAY,DRIVING SKILLS/KNOWLEDGE/EXPERIENCE,8101,S,COTTAGE GROVE AVE,631,2,NO INDICATION OF INJURY,0,0,0,0,0,3,0,22,3,8,41.7475384484,-87.6049857308,"{'type': 'Point', 'coordinates': [-87.604985730802, 41.747538448447]}",,,,,,,,,,
77c07324bed8c79a2233220af71facc79e45368c4724fa7240325f7eb247d748ed3264159b4d8333915d08ba09099ffa11a9c66ab55056edcc31695b433c151e,2025-08-12T22:00:00.000,30,NO CONTROLS,NO CONTROLS,CLEAR,"DARKNESS, LIGHTED ROAD",ANGLE,OTHER,STRAIGHT AND LEVEL,WET,NO DEFECTS,NOT ON SCENE (DESK REPORT),NO INJURY / DRIVE AWAY,,"OVER $1,500",2025-08-12T22:05:00.000,FAILING TO YIELD RIGHT-OF-WAY,NOT APPLICABLE,5209,W,FULLERTON AVE,2515,2,NO INDICATION OF INJURY,0,0,0,0,0,2,0,22,3,8,41.9239908878,-87.7565191411,"{'type': 'Point', 'coordinates': [-87.756519141113, 41.923990887768]}",,,,,,,,,,
e2e87d6c05f395b2586e79fe279eba1f023b8f51d0ed3384c9c2e22e4130a604bfc7bf7db1db59e79e3b72cfe38de19ee17e4179f12db7e3e026e06225ddd52c,2025-08-12T22:00:00.000,30,NO CONTROLS,NO CONTROLS,UNKNOWN,"DARKNESS, LIGHTED ROAD",PEDESTRIAN,FOUR WAY,STRAIGHT AND LEVEL,WET,UNKNOWN,ON SCENE,INJURY AND / OR TOW DUE TO CRASH,N,"OVER $1,500",2025-08-12T23:46:00.000,UNABLE TO DETERMINE,NOT APPLICABLE,7128,W,ARCHER AVE,811,2,NONINCAPACITATING INJURY,1,0,0,1,0,1,0,22,3,8,41.7920672141,-87.8001988872,"{'type': 'Point', 'coordinates': [-87.800198887183, 41.792067214057]}",,,Y,Y,,,,,,
72e441b8b94170beb92bb9fa7bd9e4492330b5b321c92b300f2a10a4c62c758dc1feb6b8379a439cca0788c2f995cfba1fb0878b92b37270594d03f4f77e8e22,2025-08-12T21:50:00.000,25,NO CONTROLS,NO CONTROLS,CLOUDY/OVERCAST,"DARKNESS, LIGHTED ROAD",OTHER OBJECT,ONE-WAY,STRAIGHT AND LEVEL,WET,WORN SURFACE,NOT ON SCENE (DESK REPORT),NO INJURY / DRIVE AWAY,,"$501 - $1,500",2025-08-13T00:15:00.000,WEATHER,WEATHER,1333,W,NORTH SHORE AVE,2432,2,NO INDICATION OF INJURY,0,0,0,0,0,1,0,21,3,8,42.0033735761,-87.6649374283,"{'type': 'Point', 'coordinates': [-87.664937428282, 42.003373576116]}",,,Y,,,,,,,
dfa74e6be4b9453310ae24bdc8ca8f9a22841866f37f3992b595522613e4131a8286f04100dab97acf53a7e77439a7b388b10af8ea804ebfc97a36e172b1c58f,2025-08-12T21:45:00.000,30,TRAFFIC SIGNAL,FUNCTIONING PROPERLY,RAIN,DARKNESS,ANGLE,NOT DIVIDED,STRAIGHT AND LEVEL,WET,NO DEFECTS,ON SCENE,NO INJURY / DRIVE AWAY,,"OVER $1,500",2025-08-12T21:49:00.000,FAILING TO REDUCE SPEED TO AVOID CRASH,ROAD CONSTRUCTION/MAINTENANCE,25,E,OHIO ST,1834,2,NO INDICATION OF INJURY,0,0,0,0,0,2,0,21,3,8,41.8923787742,-87.626983277,"{'type': 'Point', 'coordinates': [-87.626983277027, 41.892378774151]}",,,,,Y,Y,UNKNOWN,,,
d56b65c1eda4b8117a1b37499012b4e2312b1d22fdc3f64d51b08f14850a88212e11cad4207e360aad5fc5fe9c31b14d5ad8f7501f5f36e9a7f47a966bf31183,2025-08-12T21:34:00.000,30,TRAFFIC SIGNAL,FUNCTIONING PROPERLY,CLEAR,"DARKNESS, LIGHTED ROAD",REAR END,DIVIDED - W/MEDIAN (NOT RAISED),STRAIGHT AND LEVEL,WET,NO DEFECTS,NOT ON SCENE (DESK REPORT),NO INJURY / DRIVE AWAY,,"OVER $1,500",2025-08-12T22:00:00.000,UNABLE TO DETERMINE,NOT APPLICABLE,3960,W,COLUMBUS AVE,834,2,NO INDICATION OF INJURY,0,0,0,0,0,2,0,21,3,8,41.7363127639,-87.7207674691,"{'type': 'Point', 'coordinates': [-87.720767469067, 41.736312763888]}",,,Y,,,,,,,
25c514ac8ea54bfaf4d24de0d10362a49cffe1c65250a0bea003febe1791e8a08e5dd6ae31329902350b18ed6c1e4e99986db29e8a22727386e269c3a5d03e3f,2025-08-12T21:00:00.000,30,UNKNOWN,UNKNOWN,UNKNOWN,DARKNESS,SIDESWIPE SAME DIRECTION,FOUR WAY,STRAIGHT AND LEVEL,WET,UNKNOWN,NOT ON SCENE (DESK REPORT),NO INJURY / DRIVE AWAY,,"$501 - $1,500",2025-08-12T22:00:00.000,DRIVING SKILLS/KNOWLEDGE/EXPERIENCE,UNABLE TO DETERMINE,3150,W,LOGAN BLVD,1411,2,NO INDICATION OF INJURY,0,0,0,0,0,2,0,21,3,8,41.9288659324,-87.7067977436,"{'type': 'Point', 'coordinates': [-87.706797743636, 41.92886593239]}",,,Y,,,,,,,
d0f6f0c485a9988d7fc7f182eda96bad90b4cdc05bee455168713f7466a449f8bb1196934db3530515234ca0d6335d14b67544ed9d04c33575a5f953bc6302bf,2025-08-12T21:00:00.000,30,NO CONTROLS,NO CONTROLS,RAIN,"DARKNESS, LIGHTED ROAD",TURNING,NOT DIVIDED,STRAIGHT AND LEVEL,WET,NO DEFECTS,NOT ON SCENE (DESK REPORT),NO INJURY / DRIVE AWAY,,"$501 - $1,500",2025-08-12T23:30:00.000,IMPROPER TURNING/NO SIGNAL,NOT APPLICABLE,5698,W,CHICAGO AVE,1511,2,NO INDICATION OF INJURY,0,0,0,0,0,2,0,21,3,8,41.8949300075,-87.7677701393,"{'type': 'Point', 'coordinates': [-87.767770139348, 41.894930007463]}",,,,,,,,,,
c010a0cc3dfa4c670e5e5a10696ee811dd2a2ad4de84a59852bc24fd0f316bfebc664d226dd77ae5e4b303d4d5d65c55c1c9ffd646739bcfc91e9f1ca659eb45,2025-08-12T20:40:00.000,40,NO CONTROLS,NO CONTROLS,CLEAR,"DARKNESS, LIGHTED ROAD",SIDESWIPE SAME DIRECTION,DIVIDED - W/MEDIAN BARRIER,STRAIGHT AND LEVEL,UNKNOWN,NO DEFECTS,ON SCENE,NO INJURY / DRIVE AWAY,,"OVER $1,500",2025-08-12T20:46:00.000,IMPROPER OVERTAKING/PASSING,"EVASIVE ACTION DUE TO ANIMAL, OBJECT, NONMOTORIST",4800,N,LAKE SHORE DR NB,2024,3,NO INDICATION OF INJURY,0,0,0,0,0,3,0,20,3,8,41.9694086179,-87.6483172637,"{'type': 'Point', 'coordinates': [-87.648317263699, 41.969408617919]}",,,,,,,,,,
56dade178b5c1d0157d17712b1453dbc0f3d6ecf6a429da982a7b88749bc302ae612d9dbb85327e6fc7d451ac1a5e31ba5616f05847a3f232bef7786069e78a4,2025-08-12T20:30:00.000,30,STOP SIGN/FLASHER,FUNCTIONING PROPERLY,SNOW,DARKNESS,ANGLE,FOUR WAY,STRAIGHT AND LEVEL,WET,NO DEFECTS,ON SCENE,INJURY AND / OR TOW DUE TO CRASH,Y,"OVER $1,500",2025-08-12T20:35:00.000,DISREGARDING STOP SIGN,NOT APPLICABLE,434,N,HALSTED ST,1214,2,NONINCAPACITATING INJURY,4,0,0,4,0,0,0,20,3,8,41.890077898,-87.6477560898,"{'type': 'Point', 'coordinates': [-87.647756089786, 41.89007789797]}",,,,,,,,,,
f081ec36244f56afffbb3f21871f5b60469975aa133d17a86dd11b6fafaf0fddbdf6b2798fdefa74d1ea381e394dc2e825da12a7ff184e94357496b43f412db3,2025-08-12T20:25:00.000,30,TRAFFIC SIGNAL,FUNCTIONING PROPERLY,UNKNOWN,UNKNOWN,SIDESWIPE SAME DIRECTION,NOT DIVIDED,STRAIGHT AND LEVEL,UNKNOWN,UNKNOWN,NOT ON SCENE (DESK REPORT),NO INJURY / DRIVE AWAY,,"$501 - $1,500",2025-08-13T06:30:00.000,UNABLE TO DETERMINE,NOT APPLICABLE,1618,N,CICERO AVE,2533,2,NO INDICATION OF INJURY,0,0,0,0,0,2,0,20,3,8,41.9102209217,-87.7462295165,"{'type': 'Point', 'coordinates': [-87.746229516542, 41.910220921711]}",,,Y,,,,,,,
bff7463ce2dd8bf98ebb68adfc72181d5c564479a516f0d022644f22c59f8ad84d12a8dbb463f5421b4f4fd92cd0c1e9c04fef0a8bacb099ad90064dbff6ba59,2025-08-12T20:20:00.000,30,NO CONTROLS,NO CONTROLS,RAIN,DARKNESS,REAR TO FRONT,ONE-WAY,STRAIGHT AND LEVEL,WET,NO DEFECTS,ON SCENE,NO INJURY / DRIVE AWAY,,"OVER $1,500",2025-08-12T20:24:00.000,NOT APPLICABLE,NOT APPLICABLE,545,W,101ST ST,2232,2,NO INDICATION OF INJURY,0,0,0,0,0,6,0,20,3,8,41.7105290682,-87.6374238814,"{'type': 'Point', 'coordinates': [-87.637423881354, 41.710529068219]}",,,,,,,,,,
2e98d38cae652853f1c7f6a1229b36c6aab9ce46a664c8d87406284078549c9a55a5dd15e4933d3678c54eeb5cb04b2c5e0bbe3ef8f57e1b1c4859f97bc60a3a,2025-08-12T20:10:00.000,30,UNKNOWN,NO CONTROLS,CLEAR,DAYLIGHT,OTHER OBJECT,NOT DIVIDED,STRAIGHT AND LEVEL,WET,UNKNOWN,ON SCENE,INJURY AND / OR TOW DUE TO CRASH,,"OVER $1,500",2025-08-12T20:10:00.000,NOT APPLICABLE,NOT APPLICABLE,1328,E,83RD ST,411,1,NO INDICATION OF INJURY,0,0,0,0,0,1,0,20,3,8,41.7442377108,-87.5917296456,"{'type': 'Point', 'coordinates': [-87.591729645572, 41.744237710838]}",,,Y,,,,,,,
0278b5cabee1edbe9cd8528fa99e8666ef9548141a219c292a1072e52564326db78c997656d4715f5c756fc584f145cb3848838abd45e84f3d5553e4e7c104a3,2025-08-12T20:00:00.000,30,TRAFFIC SIGNAL,FUNCTIONING PROPERLY,RAIN,DUSK,REAR END,FOUR WAY,STRAIGHT AND LEVEL,WET,UNKNOWN,ON SCENE,INJURY AND / OR TOW DUE TO CRASH,N,"$501 - $1,500",2025-08-12T20:07:00.000,UNABLE TO DETERMINE,NOT APPLICABLE,10278,S,HALSTED ST,2232,2,NONINCAPACITATING INJURY,1,0,0,1,0,1,0,20,3,8,41.7070054259,-87.6429833482,"{'type': 'Point', 'coordinates': [-87.642983348178, 41.707005425851]}",,,Y,,,,,,,
2ac9a0af2d80ab118ea372e1bf4ebab33453497a8263a0f56971ae6951a2b8ab3866fd65785bf618a61d8abde72bbaee0cf273af920b769527ff1f6dcec9972c,2025-08-12T20:00:00.000,30,UNKNOWN,UNKNOWN,CLEAR,DARKNESS,REAR TO FRONT,NOT DIVIDED,STRAIGHT AND LEVEL,WET,UNKNOWN,ON SCENE,NO INJURY / DRIVE AWAY,,"$501 - $1,500",2025-08-12T20:00:00.000,FOLLOWING TOO CLOSELY,NOT APPLICABLE,4107,W,LAWRENCE AVE,1722,2,NO INDICATION OF INJURY,0,0,0,0,0,3,0,20,3,8,41.9681010616,-87.7307985041,"{'type': 'Point', 'coordinates': [-87.730798504144, 41.968101061624]}",,,,,,,,,,
4b2947ee9baf65b8f51b2e32509d5f7b4586f73459c95804cf6b83d746203c8c6df7264a11a04eb8dff0a626249a74cfefce0c17acdda490b85e6443d235a1ca,2025-08-12T20:00:00.000,30,NO CONTROLS,NO CONTROLS,CLEAR,"DARKNESS, LIGHTED ROAD",REAR TO SIDE,PARKING LOT,STRAIGHT AND LEVEL,DRY,NO DEFECTS,NOT ON SCENE (DESK REPORT),NO INJURY / DRIVE AWAY,,$500 OR LESS,2025-08-12T20:30:00.000,UNABLE TO DETERMINE,NOT APPLICABLE,3943,W,47TH ST,821,2,NO INDICATION OF INJURY,0,0,0,0,0,2,0,20,3,8,41.8077790643,-87.7228469466,"{'type': 'Point', 'coordinates': [-87.722846946613, 41.807779064307]}",,,,,,,,,,
db32b649b68c930172f9ab7b095b2a5bf76b139fd3f3dcd9cf7fff7461d828ad97cb04389d7b9be3d4cb34858a258c332950633c755948af0bd46588d9bf51f0,2025-08-12T19:37:00.000,15,NO CONTROLS,NO CONTROLS,CLOUDY/OVERCAST,DUSK,FIXED OBJECT,RAMP,STRAIGHT ON HILLCREST,DRY,UNKNOWN,ON SCENE,INJURY AND / OR TOW DUE TO CRASH,,"OVER $1,500",2025-08-12T19:45:00.000,UNABLE TO DETERMINE,NOT APPLICABLE,10020,W,BALMORAL AVE,1654,1,INCAPACITATING INJURY,1,0,1,0,0,0,0,19,3,8,,,,,,,,,,,,,
259976c6a63491329d960f9bd0e85b93d511e8d85336a2bccec05863f3e993cd3fd22f9af741ebb085caa1e15ed46975805ddf9c9fb79343ad0bad959b123f50,2025-08-12T19:15:00.000,30,TRAFFIC SIGNAL,FUNCTIONING PROPERLY,CLEAR,DAYLIGHT,REAR END,NOT DIVIDED,STRAIGHT AND LEVEL,WET,NO DEFECTS,NOT ON SCENE (DESK REPORT),NO INJURY / DRIVE AWAY,Y,"OVER $1,500",2025-08-12T20:00:00.000,FOLLOWING TOO CLOSELY,UNABLE TO DETERMINE,6155,W,FULLERTON AVE,2512,2,NO INDICATION OF INJURY,0,0,0,0,0,2,0,19,3,8,41.9236450918,-87.7803559367,"{'type': 'Point', 'coordinates': [-87.780355936663, 41.923645091761]}",,,,,,,,,,
bcc9ce4c350f18ec0f82dcf2aeeae9f4436278af9b06625c8fae9bb2c72d0ef2cb71a8c279842dd37010a345ffaaac08d7a3d0862bf34c4be50a852173db7ffe,2025-08-12T19:11:00.000,15,NO CONTROLS,NO CONTROLS,RAIN,DAYLIGHT,REAR END,ALLEY,STRAIGHT AND LEVEL,WET,UNKNOWN,ON SCENE,NO INJURY / DRIVE AWAY,,"OVER $1,500",2025-08-12T23:17:00.000,UNABLE TO DETERMINE,NOT APPLICABLE,1521,N,CICERO AVE,2533,2,NO INDICATION OF INJURY,0,0,0,0,0,2,0,19,3,8,41.908465806,-87.7459318403,"{'type': 'Point', 'coordinates': [-87.745931840325, 41.908465805983]}",,,Y,,,,,,,