crash_record_id,crash_date,posted_speed_limit,traffic_control_device,device_condition,weather_condition,lighting_condition,first_crash_type,trafficway_type,alignment,roadway_surface_cond,road_defect,report_type,crash_type,intersection_related_i,damage,date_police_notified,prim_contributory_cause,sec_contributory_cause,street_no,street_direction,street_name,beat_of_occurrence,num_units,most_severe_injury,injuries_total,injuries_fatal,injuries_incapacitating,injuries_non_incapacitating,injuries_reported_not_evident,injuries_no_indication,injuries_unknown,crash_hour,crash_day_of_week,crash_month,latitude,longitude,location,private_property_i,photos_taken_i,hit_and_run_i,statements_taken_i,crash_date_est_i,work_zone_i,work_zone_type,dooring_i,lane_cnt,workers_present_i
980635ff041013883aff6f331c2213ef9f370ab661933789cc2368510efe66850cc6f986cfefd0d694b5e067fab8b75d73430a89a34b1406b5679b72f2955095,2025-08-12T19:08:00.000,25,NO CONTROLS,NO CONTROLS,RAIN,DAYLIGHT,PARKED MOTOR VEHICLE,NOT DIVIDED,STRAIGHT AND LEVEL,DRY,NO DEFECTS,ON SCENE,NO INJURY / DRIVE AWAY,,"OVER $1,500",2025-08-12T19:09:00.000,UNABLE TO DETERMINE,NOT APPLICABLE,7046,S,SPRINGFIELD AVE,833,3,NO INDICATION OF INJURY,0,0,0,0,0,1,0,19,3,8,41.7645499464,-87.7201035091,"{'type': 'Point', 'coordinates': [-87.720103509147, 41.764549946416]}",,,Y,,,,,,,
862e20dcf07fa558662d525fff7f9b2518dafb102194e17139ad41d82df0221deeff75e3e7d95a3d34a258cdbfedefae9fb6ae7b598b94ce82aebec3f5289d3c,2025-08-12T19:00:00.000,30,NO CONTROLS,NO CONTROLS,RAIN,DAYLIGHT,PARKED MOTOR VEHICLE,NOT DIVIDED,STRAIGHT AND LEVEL,WET,NO DEFECTS,ON SCENE,INJURY AND / OR TOW DUE TO CRASH,,"OVER $1,500",2025-08-12T19:13:00.000,UNABLE TO DETERMINE,UNABLE TO DETERMINE,10554,S,DR MARTIN LUTHER KING JR DR,512,2,NO INDICATION OF INJURY,0,0,0,0,0,1,0,19,3,8,41.7020403806,-87.6137722368,"{'type': 'Point', 'coordinates': [-87.613772236779, 41.70204038056]}",,,Y,,,,,,,
afe74e2a0f96cf058f0edd58991842df69e42bf3af41460c362a821b924d8df4072e318d02b7fa766dacf38d1e5421c6510779a6a5db1fb5680db81e2dde2437,2025-08-12T19:00:00.000,30,UNKNOWN,UNKNOWN,RAIN,DAWN,PARKED MOTOR VEHICLE,PARKING LOT,STRAIGHT AND LEVEL,WET,UNKNOWN,NOT ON SCENE (DESK REPORT),NO INJURY / DRIVE AWAY,,"$501 - $1,500",2025-08-12T23:30:00.000,NOT APPLICABLE,UNABLE TO DETERMINE,17,S,HALSTED ST,1232,2,NO INDICATION OF INJURY,0,0,0,0,0,1,0,19,3,8,41.8812530899,-87.6471958618,"{'type': 'Point', 'coordinates': [-87.647195861781, 41.881253089928]}",,,,,,,,,,
bb2d296055fe083f177d133d4a4e9ad3373317e7e440a54ab3f8ea834443fec50665704117fdde34465e2863567af58ec6f31c07103e427cf22803367dd5cf41,2025-08-12T19:00:00.000,30,NO CONTROLS,NO CONTROLS,RAIN,DUSK,PEDESTRIAN,NOT DIVIDED,STRAIGHT AND LEVEL,WET,UNKNOWN,NOT ON SCENE (DESK REPORT),NO INJURY / DRIVE AWAY,Y,"$501 - $1,500",2025-08-12T21:00:00.000,UNABLE TO DETERMINE,UNABLE TO DETERMINE,156,N,WOOD ST,1223,2,NO INDICATION OF INJURY,0,0,0,0,0,2,0,19,3,8,41.8849286078,-87.6719929233,"{'type': 'Point', 'coordinates': [-87.671992923302, 41.884928607829]}",,,,,,,,,,
cf83324c59902c02f918e5ef2999c8cea0d64b81de44f7817e028c9294bbe0f5cb172bcbf0d49c6ca9e74133a5faa5ced65ac20297582bb1f06acf379bb01843,2025-08-12T19:00:00.000,30,OTHER,OTHER,UNKNOWN,UNKNOWN,PARKED MOTOR VEHICLE,OTHER,STRAIGHT AND LEVEL,UNKNOWN,UNKNOWN,NOT ON SCENE (DESK REPORT),NO INJURY / DRIVE AWAY,,"OVER $1,500",2025-08-12T22:10:00.000,UNABLE TO DETERMINE,UNABLE TO DETERMINE,5400,S,MORGAN ST,934,2,NO INDICATION OF INJURY,0,0,0,0,0,1,0,19,3,8,41.7959320375,-87.6502098575,"{'type': 'Point', 'coordinates': [-87.650209857487, 41.795932037492]}",,,Y,,Y,,,,,
d19b774b76ab9e80e915277e08ec39a5e1e72fe99c7a977ecf8db82c777d51a0b14ece751627fa83df5a854fbb32d70098506e6a065f81c00c444eb21bc5fb68,2025-08-12T19:00:00.000,30,NO CONTROLS,NO CONTROLS,RAIN,DAWN,ANGLE,T-INTERSECTION,STRAIGHT AND LEVEL,WET,NO DEFECTS,NOT ON SCENE (DESK REPORT),NO INJURY / DRIVE AWAY,Y,"OVER $1,500",2025-08-13T07:35:00.000,UNABLE TO DETERMINE,UNABLE TO DETERMINE,1701,N,CENTRAL AVE,2532,2,NO INDICATION OF INJURY,0,0,0,0,0,4,0,19,3,8,41.9112802146,-87.765428019,"{'type': 'Point', 'coordinates': [-87.76542801903, 41.911280214617]}",,,,,,,,,,
9d5c430b95c542cb4d1c9e842ae8de84517758266e7e57eac19fddb49d724e0bf7a71874fc48ba063023dbaed1269ca35eba540d9a27c4fea714da3e71767c29,2025-08-12T18:55:00.000,30,UNKNOWN,UNKNOWN,RAIN,DAYLIGHT,PEDALCYCLIST,DIVIDED - W/MEDIAN (NOT RAISED),STRAIGHT AND LEVEL,WET,UNKNOWN,ON SCENE,INJURY AND / OR TOW DUE TO CRASH,,"OVER $1,500",2025-08-12T18:55:00.000,UNABLE TO DETERMINE,NOT APPLICABLE,537,E,43RD ST,221,2,NONINCAPACITATING INJURY,1,0,0,1,0,1,0,18,3,8,41.8165996637,-87.6127019258,"{'type': 'Point', 'coordinates': [-87.61270192578, 41.816599663664]}",,,Y,,,,,,,
d88a3252edefc572ad03abdb6d2c93c057e511f0cac8da20abd690bd4f280a87935bc503d500b4c09104938c975a4b6fac8b2842622884638d7251c1e96a3ef5,2025-08-12T18:55:00.000,30,TRAFFIC SIGNAL,FUNCTIONING PROPERLY,RAIN,DAYLIGHT,REAR END,DIVIDED - W/MEDIAN (NOT RAISED),STRAIGHT AND LEVEL,WET,NO DEFECTS,ON SCENE,INJURY AND / OR TOW DUE TO CRASH,,"OVER $1,500",2025-08-12T19:00:00.000,FOLLOWING TOO CLOSELY,IMPROPER OVERTAKING/PASSING,2400,N,ASHLAND AVE,1931,2,NO INDICATION OF INJURY,0,0,0,0,0,2,0,18,3,8,41.9251938898,-87.6682943634,"{'type': 'Point', 'coordinates': [-87.668294363399, 41.92519388981]}",,,,,,,,,,
e8cc06ef839ca62996988b0ed6e0dc4f53029fc64f9f4ed3394344238c1902672ee13770769ce62fec9f564e8bcffcbc47ea3131092949f7b8797df9c3cbecca,2025-08-12T18:45:00.000,15,NO CONTROLS,NO CONTROLS,RAIN,DARKNESS,PARKED MOTOR VEHICLE,NOT DIVIDED,STRAIGHT AND LEVEL,WET,OTHER,ON SCENE,NO INJURY / DRIVE AWAY,,"OVER $1,500",2025-08-12T19:49:00.000,NOT APPLICABLE,NOT APPLICABLE,6431,S,LAWNDALE AVE,823,2,NO INDICATION OF INJURY,0,0,0,0,0,1,0,18,3,8,41.7760813873,-87.7151907428,"{'type': 'Point', 'coordinates': [-87.71519074279, 41.776081387263]}",,,Y,,N,,,,,
220ff5a822f4d0be0042e9a90d8019740d1656eb1f025c12f65d5674cc4e90015e37c68ea36a4aa5c529ca01aa85d45cb9cbe1de1b3adc3d1a9d664d5be39052,2025-08-12T18:40:00.000,30,NO CONTROLS,NO CONTROLS,RAIN,DAYLIGHT,TURNING,DIVIDED - W/MEDIAN (NOT RAISED),STRAIGHT AND LEVEL,WET,NO DEFECTS,ON SCENE,INJURY AND / OR TOW DUE TO CRASH,,"OVER $1,500",2025-08-12T18:41:00.000,IMPROPER OVERTAKING/PASSING,NOT APPLICABLE,730,N,MILWAUKEE AVE,1214,2,"REPORTED, NOT EVIDENT",1,0,0,0,1,1,0,18,3,8,41.8950601209,-87.6537901784,"{'type': 'Point', 'coordinates': [-87.653790178363, 41.895060120897]}",,,,,,,,,,
467a80035e2c122467b173a8f196f73d93143d0f4705d775ea7bf6bd30b2fdf5bc8a0e9df15ba99ad3057b11bff1179f212777010bc351ff6308a77a8e78af51,2025-08-12T18:40:00.000,30,TRAFFIC SIGNAL,FUNCTIONING PROPERLY,RAIN,DAYLIGHT,ANGLE,NOT DIVIDED,STRAIGHT AND LEVEL,WET,NO DEFECTS,ON SCENE,NO INJURY / DRIVE AWAY,,"OVER $1,500",2025-08-12T18:47:00.000,WEATHER,IMPROPER LANE USAGE,9902,S,VINCENNES AVE,2213,2,NO INDICATION OF INJURY,0,0,0,0,0,4,0,18,3,8,41.7139280655,-87.6535319696,"{'type': 'Point', 'coordinates': [-87.65353196959, 41.713928065475]}",,,,,,,,,,
cc924d179da0040111842ccc98a82d6a2a605121877c0db0f8b5eb2694ab03f056cb83aab859a3d154ab4ea180af6ca99aeb4bdfc322d3574e68afe17eb55035,2025-08-12T18:33:00.000,30,NO CONTROLS,NO CONTROLS,CLEAR,DAYLIGHT,ANGLE,T-INTERSECTION,STRAIGHT AND LEVEL,WET,UNKNOWN,ON SCENE,INJURY AND / OR TOW DUE TO CRASH,,"OVER $1,500",2025-08-12T18:49:00.000,FAILING TO REDUCE SPEED TO AVOID CRASH,NOT APPLICABLE,2544,N,LINDER AVE,2515,2,NO INDICATION OF INJURY,0,0,0,0,0,3,0,18,3,8,41.9271690808,-87.7637883997,"{'type': 'Point', 'coordinates': [-87.763788399688, 41.927169080785]}",,,,,,,,,,
b2e70cda8341cd62a5ec19208d5ea5a57f0aa5df2c71e9f1dddb2c94f0e6383dad7ef6221120748683cc1b6df9140e675cb0eac2629625d444a37901e7669f2f,2025-08-12T18:30:00.000,10,NO CONTROLS,NO CONTROLS,CLEAR,DAYLIGHT,FIXED OBJECT,PARKING LOT,STRAIGHT AND LEVEL,DRY,NO DEFECTS,ON SCENE,NO INJURY / DRIVE AWAY,,"OVER $1,500",2025-08-12T18:45:00.000,DRIVING SKILLS/KNOWLEDGE/EXPERIENCE,NOT APPLICABLE,1,W,PARKING LOT A ST,1654,1,NO INDICATION OF INJURY,0,0,0,0,0,1,0,18,3,8,,,,,,,,,,,,,
baa09cd4da23ea11c077f69b1aba120d971d39e68e2f0041468514a3745ffd564d19f0720bcbb16db87db7c110fcd1c95584c040e5d94c34099e9703ffebe969,2025-08-12T18:30:00.000,30,TRAFFIC SIGNAL,FUNCTIONING PROPERLY,CLEAR,DAYLIGHT,REAR END,NOT DIVIDED,STRAIGHT AND LEVEL,WET,NO DEFECTS,NOT ON SCENE (DESK REPORT),NO INJURY / DRIVE AWAY,,"OVER $1,500",2025-08-12T18:42:00.000,FOLLOWING TOO CLOSELY,UNABLE TO DETERMINE,200,W,63RD ST,311,2,NO INDICATION OF INJURY,0,0,0,0,0,3,0,18,3,8,41.7800965005,-87.6301721989,"{'type': 'Point', 'coordinates': [-87.630172198939, 41.780096500488]}",,,,,,,,,,
9ac50d781f438ea40c1d4946979c09367ed4bd877d149bd42f2a046c49bbbbfcd78dac317dc405edd584e75403482a95df6667ae16e72fbab95ff5267643deb9,2025-08-12T18:29:00.000,30,NO CONTROLS,NO CONTROLS,RAIN,DAYLIGHT,TURNING,T-INTERSECTION,STRAIGHT AND LEVEL,WET,NO DEFECTS,ON SCENE,INJURY AND / OR TOW DUE TO CRASH,Y,"OVER $1,500",2025-08-12T18:29:00.000,IMPROPER LANE USAGE,FAILING TO YIELD RIGHT-OF-WAY,2123,S,PULASKI RD,1014,2,NONINCAPACITATING INJURY,2,0,0,2,0,1,0,18,3,8,41.8526898758,-87.7246379301,"{'type': 'Point', 'coordinates': [-87.724637930068, 41.852689875827]}",,,,,,,,,,
2c8395be57a7b23d24cf9ac5ebeb81de82a2764653a864ed74120762cba1946d849ea6b350765620db6e6d181d14d43d1e97d6f5df8cf96c82523fbf23fea9c7,2025-08-12T18:22:00.000,35,NO CONTROLS,NO CONTROLS,RAIN,DAYLIGHT,ANGLE,DIVIDED - W/MEDIAN (NOT RAISED),STRAIGHT AND LEVEL,WET,NO DEFECTS,ON SCENE,NO INJURY / DRIVE AWAY,,"$501 - $1,500",2025-08-12T18:22:00.000,UNABLE TO DETERMINE,UNABLE TO DETERMINE,1150,E,55TH ST,233,2,NO INDICATION OF INJURY,0,0,0,0,0,4,0,18,3,8,41.7951658348,-87.5975995936,"{'type': 'Point', 'coordinates': [-87.597599593571, 41.79516583476]}",,,Y,,,,,,,
8fb9e252acbe671d800d322077839102d25394a8d1aec63f4d4a977389be7e6b0ee9ebd711af48faa68e06b3eb198b36ba9f9d23cc6e0aca57433dd76efa86d3,2025-08-12T18:22:00.000,30,NO CONTROLS,NO CONTROLS,RAIN,DAYLIGHT,SIDESWIPE SAME DIRECTION,ONE-WAY,STRAIGHT AND LEVEL,WET,UNKNOWN,ON SCENE,NO INJURY / DRIVE AWAY,,"OVER $1,500",2025-08-12T19:06:00.000,DISREGARDING ROAD MARKINGS,NOT APPLICABLE,50,E,GRAND AVE,1834,2,NO INDICATION OF INJURY,0,0,0,0,0,2,0,18,3,8,41.8918054835,-87.6260893784,"{'type': 'Point', 'coordinates': [-87.626089378443, 41.891805483488]}",,,,,,,,,,
a99dae9c267b9bb80df5f7298c2a9c55e149515f6826058b28377a1e9f3083a74d9f079fb852c941ac9fab0d5c7838885ae233e88c15e5c5fae5c4d658ae4817,2025-08-12T18:20:00.000,30,UNKNOWN,UNKNOWN,UNKNOWN,UNKNOWN,SIDESWIPE SAME DIRECTION,OTHER,STRAIGHT AND LEVEL,UNKNOWN,UNKNOWN,NOT ON SCENE (DESK REPORT),NO INJURY / DRIVE AWAY,,"$501 - $1,500",2025-08-12T21:05:00.000,UNABLE TO DETERMINE,NOT APPLICABLE,849,W,BUCKINGHAM PL,1924,2,NO INDICATION OF INJURY,0,0,0,0,0,3,0,18,3,8,41.9425737252,-87.6511730205,"{'type': 'Point', 'coordinates': [-87.651173020484, 41.94257372523]}",,,,,,,,,,
4753bca2f26176cb68845372976a38828cd722bc280d4027ce78c35eb499b15525f96e8d28fbc1be9c9a62885610c266c29dfc1f25c33999c7bb2adb31d2725d,2025-08-12T18:19:00.000,35,TRAFFIC SIGNAL,FUNCTIONING PROPERLY,CLEAR,DAYLIGHT,FIXED OBJECT,TRAFFIC ROUTE,STRAIGHT AND LEVEL,WET,NO DEFECTS,ON SCENE,INJURY AND / OR TOW DUE TO CRASH,,"OVER $1,500",2025-08-12T18:20:00.000,UNABLE TO DETERMINE,NOT APPLICABLE,6300,S,COAST GUARD DR,331,1,"REPORTED, NOT EVIDENT",1,0,0,0,1,0,0,18,3,8,41.7796807607,-87.575066734,"{'type': 'Point', 'coordinates': [-87.575066733953, 41.77968076067]}",,,,,,,,,,
2365ccc16e80daa63ee4894e5494a7b6b09f497107263fe368c2ff438a933b99a8554e6f364a5137b34a7b1437e969ae33d915e075bccc8f6e217e03986602a1,2025-08-12T18:15:00.000,30,NO CONTROLS,NO CONTROLS,RAIN,DAYLIGHT,TURNING,DIVIDED - W/MEDIAN (NOT RAISED),STRAIGHT AND LEVEL,WET,UNKNOWN,NOT ON SCENE (DESK REPORT),NO INJURY / DRIVE AWAY,,"$501 - $1,500",2025-08-12T19:00:00.000,FAILING TO YIELD RIGHT-OF-WAY,NOT APPLICABLE,3607,W,FULLERTON AVE,2525,2,NO INDICATION OF INJURY,0,0,0,0,0,2,0,18,3,8,41.924490094,-87.717288131,"{'type': 'Point', 'coordinates': [-87.717288130979, 41.924490093998]}",,,,,,,,,,
2e15198a1451e43e270185796debb40c8f48663c0c1fa54564b8cfc0113e498c34f78babb2d6c98f63232ce60661c84114b656173717f991519e3f03696783e1,2025-08-12T18:05:00.000,30,TRAFFIC SIGNAL,FUNCTIONING PROPERLY,RAIN,DAYLIGHT,ANGLE,NOT DIVIDED,STRAIGHT AND LEVEL,WET,NO DEFECTS,ON SCENE,INJURY AND / OR TOW DUE TO CRASH,Y,"OVER $1,500",2025-08-12T18:09:00.000,UNABLE TO DETERMINE,UNABLE TO DETERMINE,499,S,KOSTNER AVE,1131,2,"REPORTED, NOT EVIDENT",2,0,0,0,2,0,0,18,3,8,41.8742807339,-87.7350967238,"{'type': 'Point', 'coordinates': [-87.735096723816, 41.874280733946]}",,,,,,,,,,
872a38ea47b28ed74d1aafacc8e95b40cbdfc38a473c84092c6fb72b8d87265119fbfc6c7d15adad01dea0401222c4762946cbe762a5867d0c263283b073f33f,2025-08-12T18:05:00.000,30,UNKNOWN,UNKNOWN,CLEAR,DAYLIGHT,ANGLE,ALLEY,STRAIGHT AND LEVEL,WET,UNKNOWN,ON SCENE,NO INJURY / DRIVE AWAY,,"OVER $1,500",2025-08-12T18:11:00.000,FAILING TO YIELD RIGHT-OF-WAY,NOT APPLICABLE,4742,N,LAWNDALE AVE,1723,2,NO INDICATION OF INJURY,0,0,0,0,0,2,0,18,3,8,41.9677760001,-87.720826574,"{'type': 'Point', 'coordinates': [-87.720826574039, 41.967776000122]}",,,,,,,,,,
16e67b87b19bb13cd4fc1e6a0009a7a7e72feb18c155349b60e1eafcd46fa7c5f6872ed5cc0853d623c7534d45f3ed014bf1879b0c4bc5d97976ddec92b6815a,2025-08-12T18:00:00.000,30,NO CONTROLS,NO CONTROLS,RAIN,DAYLIGHT,REAR END,NOT DIVIDED,STRAIGHT AND LEVEL,WET,UNKNOWN,NOT ON SCENE (DESK REPORT),NO INJURY / DRIVE AWAY,,"OVER $1,500",2025-08-12T18:15:00.000,FOLLOWING TOO CLOSELY,NOT APPLICABLE,2400,W,ADDISON ST,1921,2,NO INDICATION OF INJURY,0,0,0,0,0,2,0,18,3,8,41.946839991,-87.6883201925,"{'type': 'Point', 'coordinates': [-87.68832019253, 41.946839991005]}",,,,,Y,,,,,
76139e8e2cb314dd937ada235a09785c5d29b8229a9870beb5900b88387cb7bdf5b8baf6f1666b6b2330108d7dda62f4472d1cf467a5df0bd09c503b2b8fc50d,2025-08-12T18:00:00.000,30,TRAFFIC SIGNAL,FUNCTIONING PROPERLY,RAIN,DAYLIGHT,ANGLE,FOUR WAY,STRAIGHT AND LEVEL,WET,NO DEFECTS,NOT ON SCENE (DESK REPORT),NO INJURY / DRIVE AWAY,,"$501 - $1,500",2025-08-12T19:40:00.000,IMPROPER BACKING,NOT APPLICABLE,35,W,WACKER DR,111,2,NO INDICATION OF INJURY,0,0,0,0,0,2,0,18,3,8,41.8867096667,-87.629303031,"{'type': 'Point', 'coordinates': [-87.629303030993, 41.886709666707]}",,,Y,,,,,,,
c7959354505118694038dc1c37c54937a6b5ce1d8e1f5e7d41494293bf0d9e1a883de42471c331ad35aa5ff05dd56d0c70d64dea3685144ff46a2a4e682c185e,2025-08-12T18:00:00.000,30,TRAFFIC SIGNAL,FUNCTIONING PROPERLY,RAIN,DAYLIGHT,TURNING,NOT DIVIDED,STRAIGHT AND LEVEL,WET,UNKNOWN,ON SCENE,NO INJURY / DRIVE AWAY,,"OVER $1,500",2025-08-12T19:10:00.000,IMPROPER TURNING/NO SIGNAL,UNABLE TO DETERMINE,5153,W,CHICAGO AVE,1531,2,NO INDICATION OF INJURY,0,0,0,0,0,2,0,18,3,8,41.8948336616,-87.7553010647,"{'type': 'Point', 'coordinates': [-87.755301064659, 41.894833661618]}",,,Y,,,,,,,
d7ad283f8e642ff79b840469c26145311732618e2f903338f218a8be8d13fe5a9f77b0962beb7f5596002579f07cf5ee54355984149603413840ba3f05dd2d2d,2025-08-12T18:00:00.000,30,UNKNOWN,UNKNOWN,UNKNOWN,DAWN,REAR END,OTHER,STRAIGHT AND LEVEL,UNKNOWN,UNKNOWN,NOT ON SCENE (DESK REPORT),NO INJURY / DRIVE AWAY,,"OVER $1,500",2025-08-12T19:27:00.000,NOT APPLICABLE,NOT APPLICABLE,2256,W,LAWRENCE AVE,2031,2,NO INDICATION OF INJURY,0,0,0,0,0,2,0,18,3,8,41.9687592677,-87.6863314492,"{'type': 'Point', 'coordinates': [-87.686331449205, 41.968759267691]}",,,,,,,,,,
8c6b13473c37150b570745f010c7ab4d430e78e8749ae4bdca3f888fc74936f2c37bc232fdd97451a4aebf3db6605f40427daa6af5cae96c099f0079dc9c364e,2025-08-12T17:57:00.000,30,TRAFFIC SIGNAL,FUNCTIONING PROPERLY,RAIN,DAYLIGHT,REAR END,DIVIDED - W/MEDIAN (NOT RAISED),STRAIGHT AND LEVEL,WET,NO DEFECTS,ON SCENE,INJURY AND / OR TOW DUE TO CRASH,,"OVER $1,500",2025-08-12T17:57:00.000,FOLLOWING TOO CLOSELY,NOT APPLICABLE,451,N,KEDZIE AVE,1221,2,NONINCAPACITATING INJURY,1,0,0,1,0,1,0,17,3,8,41.8898418643,-87.7062362821,"{'type': 'Point', 'coordinates': [-87.706236282125, 41.889841864346]}",,,,,,,,,,
a9718df28287c78aa936752ef80cd10c052774465170acd92d655a0d4aefe7fda3a72e2b1d679f17fe4db5ffb616f30aedbc481add7240db63b0e741d8269b48,2025-08-12T17:57:00.000,30,TRAFFIC SIGNAL,FUNCTIONING PROPERLY,RAIN,DAYLIGHT,SIDESWIPE SAME DIRECTION,DIVIDED - W/MEDIAN BARRIER,STRAIGHT AND LEVEL,WET,UNKNOWN,ON SCENE,NO INJURY / DRIVE AWAY,,"$501 - $1,500",2025-08-12T18:07:00.000,FAILING TO YIELD RIGHT-OF-WAY,FAILING TO YIELD RIGHT-OF-WAY,3133,N,KEDZIE AVE,1411,2,NO INDICATION OF INJURY,0,0,0,0,0,2,0,17,3,8,41.9384982642,-87.7074865997,"{'type': 'Point', 'coordinates': [-87.707486599652, 41.938498264212]}",,,,,,,,,,
0cd1228bc1969dfd58cce594d64d40f6aba967cd656e87d59870cdf104b70d11f07a844d0e3ffa00b4d4eefaabfe49fff73dbb75672177b878905eeeb59f026d,2025-08-12T17:50:00.000,30,UNKNOWN,UNKNOWN,RAIN,DAYLIGHT,SIDESWIPE SAME DIRECTION,FOUR WAY,STRAIGHT AND LEVEL,WET,UNKNOWN,NOT ON SCENE (DESK REPORT),NO INJURY / DRIVE AWAY,,"OVER $1,500",2025-08-12T21:20:00.000,IMPROPER TURNING/NO SIGNAL,IMPROPER LANE USAGE,1200,S,CANAL ST,124,2,NO INDICATION OF INJURY,0,0,0,0,0,2,0,17,3,8,41.8671751247,-87.6393758126,"{'type': 'Point', 'coordinates': [-87.639375812581, 41.86717512472]}",,,Y,,,,,,,
1dea5dfc527e213c2c9d83bab801dce027200509447d0ee123114583c1ba17e37eecf20d21d4c32795ff2debde6b9826f28d5d988ef1b7eb051d4dbe8bf86ddf,2025-08-12T17:41:00.000,30,STOP SIGN/FLASHER,NO CONTROLS,RAIN,DAYLIGHT,TURNING,NOT DIVIDED,STRAIGHT AND LEVEL,WET,NO DEFECTS,NOT ON SCENE (DESK REPORT),NO INJURY / DRIVE AWAY,,"OVER $1,500",2025-08-12T18:15:00.000,DRIVING SKILLS/KNOWLEDGE/EXPERIENCE,UNABLE TO DETERMINE,731,W,MONROE ST,1232,2,NO INDICATION OF INJURY,0,0,0,0,0,2,0,17,3,8,41.8804041151,-87.6454778613,"{'type': 'Point', 'coordinates': [-87.645477861288, 41.880404115143]}",,,,,,,,,,
bc6dc08ab3c04e9237acf7030631d398003128ae5fcfdc86fdd53594933a603ac21eece56159c8e4c28b9437dce308474ffe72aef98ec10267b2739d95ad032b,2025-08-12T17:31:00.000,30,NO CONTROLS,NO CONTROLS,RAIN,DAYLIGHT,ANGLE,ONE-WAY,STRAIGHT AND LEVEL,WET,NO DEFECTS,ON SCENE,NO INJURY / DRIVE AWAY,,"OVER $1,500",2025-08-12T17:35:00.000,FAILING TO YIELD RIGHT-OF-WAY,DRIVING SKILLS/KNOWLEDGE/EXPERIENCE,1614,N,DRAKE AVE,1422,2,NO INDICATION OF INJURY,0,0,0,0,0,2,0,17,3,8,41.9104972861,-87.7150921939,"{'type': 'Point', 'coordinates': [-87.715092193901, 41.910497286104]}",,,Y,,,,,,,
58a0eb7d7bf8d01e0103c837e2792ce9b657c0706d826c8e2528e2fe47c41d9da5baaba3b723e68bc73b095197a0b0b05a21bd0e06f4bdeb0a9d783a39278b92,2025-08-12T17:30:00.000,30,STOP SIGN/FLASHER,FUNCTIONING PROPERLY,RAIN,DAYLIGHT,TURNING,T-INTERSECTION,STRAIGHT AND LEVEL,WET,NO DEFECTS,NOT ON SCENE (DESK REPORT),NO INJURY / DRIVE AWAY,Y,"OVER $1,500",2025-08-12T17:30:00.000,UNABLE TO DETERMINE,UNABLE TO DETERMINE,2657,W,21ST PL,1023,2,NO INDICATION OF INJURY,0,0,0,0,0,2,0,17,3,8,41.8527431216,-87.6928233981,"{'type': 'Point', 'coordinates': [-87.692823398085, 41.852743121571]}",,,,,,,,,,
9a69336a2556ee94375a3882e843005a113a8fbbb7f1b97d2563891e1b773c16b461166e0bc687ad01ee54f7af7de777c30603f269b928a459d8ac69376ed1a4,2025-08-12T17:30:00.000,30,TRAFFIC SIGNAL,FUNCTIONING PROPERLY,CLEAR,DAYLIGHT,REAR END,NOT DIVIDED,STRAIGHT AND LEVEL,DRY,NO DEFECTS,NOT ON SCENE (DESK REPORT),NO INJURY / DRIVE AWAY,Y,"OVER $1,500",2025-08-12T18:10:00.000,FOLLOWING TOO CLOSELY,NOT APPLICABLE,6022,N,RAVENSWOOD AVE,2413,2,NO INDICATION OF INJURY,0,0,0,0,0,2,0,17,3,8,41.9914409181,-87.6754259759,"{'type': 'Point', 'coordinates': [-87.675425975855, 41.991440918068]}",,,,,,,,,,
fd3dff5a78d7b1232d65ce56380705d62aa95eab529652bd01e93d3d80851653623a2cdeea79cae514bd80f862384bccebcb60f222899f7dd4cd45d90e6d85ca,2025-08-12T17:25:00.000,30,NO CONTROLS,NO CONTROLS,RAIN,DAYLIGHT,REAR END,NOT DIVIDED,STRAIGHT AND LEVEL,WET,NO DEFECTS,ON SCENE,NO INJURY / DRIVE AWAY,,"OVER $1,500",2025-08-12T17:46:00.000,FOLLOWING TOO CLOSELY,FOLLOWING TOO CLOSELY,3300,W,ARMITAGE AVE,1413,2,NO INDICATION OF INJURY,0,0,0,0,0,2,0,17,3,8,41.9174692906,-87.7103598781,"{'type': 'Point', 'coordinates': [-87.710359878103, 41.917469290584]}",,,,,,,,,,
4e316ab58ac6788d7c8787a64acd1b8f88df969a0a8b67c2a57ea94a12e466ed0aa7ff45fa95b8ed1ec85510c871ad7f37b859599bb4f2b2a0ec39b5074299d4,2025-08-12T17:20:00.000,30,NO CONTROLS,NO CONTROLS,RAIN,DAYLIGHT,TURNING,NOT DIVIDED,STRAIGHT AND LEVEL,WET,UNKNOWN,ON SCENE,INJURY AND / OR TOW DUE TO CRASH,,"OVER $1,500",2025-08-12T17:21:00.000,FAILING TO YIELD RIGHT-OF-WAY,NOT APPLICABLE,6931,S,SOUTH SHORE DR,334,2,NONINCAPACITATING INJURY,1,0,0,1,0,1,0,17,3,8,41.7689648325,-87.5663773467,"{'type': 'Point', 'coordinates': [-87.566377346728, 41.768964832474]}",,,,,,,,,,
53d5c495ef664b6df25a1f03f832df1313ecae806fa28327e4c7f8f8c4432e2ea9a35a1922a4d870e22674703a1cdfc275c8ec9a297c047d4cd6dd877291af53,2025-08-12T17:20:00.000,30,TRAFFIC SIGNAL,FUNCTIONING PROPERLY,RAIN,DAYLIGHT,REAR END,NOT DIVIDED,STRAIGHT AND LEVEL,WET,NO DEFECTS,ON SCENE,NO INJURY / DRIVE AWAY,,"$501 - $1,500",2025-08-12T17:37:00.000,UNABLE TO DETERMINE,UNABLE TO DETERMINE,1598,E,79TH ST,411,3,NO INDICATION OF INJURY,0,0,0,0,0,3,0,17,3,8,41.7516118473,-87.5856595692,"{'type': 'Point', 'coordinates': [-87.585659569152, 41.751611847254]}",,,Y,,,,,,,