crash_record_id,crash_date,posted_speed_limit,traffic_control_device,device_condition,weather_condition,lighting_condition,first_crash_type,trafficway_type,alignment,roadway_surface_cond,road_defect,report_type,crash_type,intersection_related_i,damage,date_police_notified,prim_contributory_cause,sec_contributory_cause,street_no,street_direction,street_name,beat_of_occurrence,num_units,most_severe_injury,injuries_total,injuries_fatal,injuries_incapacitating,injuries_non_incapacitating,injuries_reported_not_evident,injuries_no_indication,injuries_unknown,crash_hour,crash_day_of_week,crash_month,latitude,longitude,location,private_property_i,photos_taken_i,hit_and_run_i,statements_taken_i,crash_date_est_i,work_zone_i,work_zone_type,dooring_i,lane_cnt,workers_present_i
d4ea44ad723c5654f0ea08d5c75961c5fb2fc4149a7c2a239de17f9810a761ec252a75c0c5bd09e482f06a541d0665fb68396e009357d46fbbd53485ce6c66cb,2025-08-12T17:20:00.000,30,TRAFFIC SIGNAL,UNKNOWN,RAIN,DAYLIGHT,REAR END,NOT DIVIDED,STRAIGHT AND LEVEL,WET,UNKNOWN,NOT ON SCENE (DESK REPORT),NO INJURY / DRIVE AWAY,,"OVER $1,500",2025-08-12T19:17:00.000,UNABLE TO DETERMINE,UNABLE TO DETERMINE,7947,S,SOUTH CHICAGO AVE,411,3,NO INDICATION OF INJURY,0,0,0,0,0,3,0,17,3,8,41.7505620867,-87.5840681831,"{'type': 'Point', 'coordinates': [-87.584068183103, 41.750562086663]}",,,Y,,,,,,,
8d207b1d1250243d860919fe413205ee6ea09b27899096f5b15ffd87d756d5539499ebba2b3d751b5ca77a97ee8841253515dfe2726334e4a6b061333981b324,2025-08-12T17:15:00.000,25,NO CONTROLS,NO CONTROLS,RAIN,DAYLIGHT,OTHER OBJECT,NOT DIVIDED,STRAIGHT AND LEVEL,WET,UNKNOWN,ON SCENE,INJURY AND / OR TOW DUE TO CRASH,,"OVER $1,500",2025-08-12T17:20:00.000,WEATHER,NOT APPLICABLE,1209,W,ARTHUR AVE,2432,2,NONINCAPACITATING INJURY,1,0,0,1,0,1,0,17,3,8,42.0003243071,-87.6611343684,"{'type': 'Point', 'coordinates': [-87.661134368369, 42.000324307143]}",,N,,,,,,,,
2ed353c684e8b3b156cd38d80a2b938cf476935aa3cf76360fb8d9d50d1074588069f4694d30d47cf04c0cc9ec08683dcec79516232f020898be9c3eadd0c42f,2025-08-12T17:10:00.000,30,NO CONTROLS,NO CONTROLS,CLOUDY/OVERCAST,DAYLIGHT,ANGLE,ONE-WAY,STRAIGHT AND LEVEL,WET,NO DEFECTS,NOT ON SCENE (DESK REPORT),NO INJURY / DRIVE AWAY,,"OVER $1,500",2025-08-12T17:20:00.000,FAILING TO YIELD RIGHT-OF-WAY,UNABLE TO DETERMINE,7800,S,WOOD ST,611,2,NO INDICATION OF INJURY,0,0,0,0,0,2,0,17,3,8,41.7520223806,-87.668481506,"{'type': 'Point', 'coordinates': [-87.668481506034, 41.752022380595]}",,,Y,,,,,,,
e8de5ed2b9a2daa4a81d203b35b879534b2b38f5a6bd86d4ec61166d72e2ac9c9fb02a057215596957f6002bdde1d55bdc802dbaf939dcd4d6294be58386f038,2025-08-12T17:10:00.000,20,OTHER,OTHER,RAIN,DAYLIGHT,REAR TO FRONT,PARKING LOT,STRAIGHT AND LEVEL,WET,UNKNOWN,ON SCENE,NO INJURY / DRIVE AWAY,,"OVER $1,500",2025-08-12T17:12:00.000,IMPROPER BACKING,IMPROPER BACKING,3300,N,ASHLAND AVE,1922,2,NO INDICATION OF INJURY,0,0,0,0,0,2,0,17,3,8,41.9415658578,-87.6688604029,"{'type': 'Point', 'coordinates': [-87.668860402909, 41.941565857782]}",Y,,Y,,,,,,,
ab66359a858ebdf4ec4d6824eb67644d082b2e31040c385202402f71b3b12d08a7fad90af1a5a905f79df837e8ad46dd4c23c272d43f11914ccdd23620c96ebe,2025-08-12T17:07:00.000,30,NO CONTROLS,NO CONTROLS,RAIN,DAYLIGHT,SIDESWIPE SAME DIRECTION,ONE-WAY,STRAIGHT AND LEVEL,DRY,NO DEFECTS,ON SCENE,NO INJURY / DRIVE AWAY,,"OVER $1,500",2025-08-12T17:30:00.000,FAILING TO YIELD RIGHT-OF-WAY,NOT APPLICABLE,2002,W,PENSACOLA AVE,1911,2,NO INDICATION OF INJURY,0,0,0,0,0,2,0,17,3,8,41.9606461259,-87.6791444074,"{'type': 'Point', 'coordinates': [-87.679144407407, 41.960646125882]}",,,,,,,,,,
cd91b49ba884aafc0332dc3ffb5f8a9e65fbb0c69e65b16e07bb981aa5e7c2e5a5b0d4905d4a17e63fe0ff8194ca2fa011179b3dacd1b35749fcba3ff34f8144,2025-08-12T17:06:00.000,30,NO CONTROLS,NO CONTROLS,RAIN,DAYLIGHT,REAR END,NOT DIVIDED,STRAIGHT AND LEVEL,WET,NO DEFECTS,ON SCENE,INJURY AND / OR TOW DUE TO CRASH,,"OVER $1,500",2025-08-12T17:06:00.000,NOT APPLICABLE,NOT APPLICABLE,3031,W,63RD ST,823,2,"REPORTED, NOT EVIDENT",1,0,0,0,1,3,0,17,3,8,41.7789183025,-87.6994209028,"{'type': 'Point', 'coordinates': [-87.699420902798, 41.778918302534]}",,,N,Y,Y,,,,,
42aad599efebcac39e3cff3a01892de8774d393cae6cc13e9eb33c4ff4d872bc48912423de011f2804dc3cd1c1453829ba624cb72794f9e2e520493184a801f9,2025-08-12T17:00:00.000,30,NO CONTROLS,NO CONTROLS,RAIN,"DARKNESS, LIGHTED ROAD",SIDESWIPE SAME DIRECTION,ONE-WAY,STRAIGHT AND LEVEL,WET,UNKNOWN,ON SCENE,NO INJURY / DRIVE AWAY,,"OVER $1,500",2025-08-12T17:05:00.000,IMPROPER OVERTAKING/PASSING,DRIVING SKILLS/KNOWLEDGE/EXPERIENCE,501,N,DEARBORN ST,1831,2,NO INDICATION OF INJURY,0,0,0,0,0,3,0,17,3,8,41.8908753683,-87.629482222,"{'type': 'Point', 'coordinates': [-87.629482221982, 41.890875368292]}",,,Y,,,,,,,
44038c87478c43ed7caf6ef3ad05a8f8e555af5b9227d58f4ed0aa280f999c769dcd6ca1eec0d274b20775855564456f6012533653e433abec5a1d771289ccab,2025-08-12T17:00:00.000,30,STOP SIGN/FLASHER,FUNCTIONING PROPERLY,RAIN,DAYLIGHT,ANGLE,FOUR WAY,STRAIGHT AND LEVEL,WET,UNKNOWN,NOT ON SCENE (DESK REPORT),NO INJURY / DRIVE AWAY,Y,"OVER $1,500",2025-08-12T19:10:00.000,UNABLE TO DETERMINE,UNABLE TO DETERMINE,6900,W,WELLINGTON AVE,2511,2,NO INDICATION OF INJURY,0,0,0,0,0,2,0,17,3,8,41.9345997966,-87.7980980905,"{'type': 'Point', 'coordinates': [-87.798098090542, 41.934599796559]}",,,,,,,,,,
4eef8f98a776c30bd32fb3f3f04cee6d5e98e46f9c875105f3d1bd903c02f721ec7869bf200bea145b28ddb81cdaa21952cab27c616aa875fdd8170a57e95b29,2025-08-12T17:00:00.000,30,TRAFFIC SIGNAL,FUNCTIONING PROPERLY,CLEAR,DAYLIGHT,TURNING,NOT DIVIDED,STRAIGHT AND LEVEL,WET,NO DEFECTS,NOT ON SCENE (DESK REPORT),NO INJURY / DRIVE AWAY,Y,"OVER $1,500",2025-08-12T18:00:00.000,UNABLE TO DETERMINE,UNABLE TO DETERMINE,4758,W,FULLERTON AVE,2521,2,NO INDICATION OF INJURY,0,0,0,0,0,2,0,17,3,8,41.9243499158,-87.7462435909,"{'type': 'Point', 'coordinates': [-87.746243590888, 41.924349915846]}",,,,,,,,,,
c2c8205cd426d9cae9245867033ddaafa4ca2be93f2605a2ae55a978f2a32dfb388e152b9821d57eb9ff57c6f8b12a22918cc52a827d5b506bec880a9f087450,2025-08-12T17:00:00.000,30,NO CONTROLS,NO CONTROLS,RAIN,DAYLIGHT,REAR END,NOT DIVIDED,STRAIGHT AND LEVEL,WET,NO DEFECTS,NOT ON SCENE (DESK REPORT),NO INJURY / DRIVE AWAY,,"OVER $1,500",2025-08-12T17:35:00.000,FOLLOWING TOO CLOSELY,FAILING TO REDUCE SPEED TO AVOID CRASH,4519,S,ARCHER AVE,821,2,NO INDICATION OF INJURY,0,0,0,0,0,2,0,17,3,8,41.8112081853,-87.7087081503,"{'type': 'Point', 'coordinates': [-87.708708150317, 41.811208185305]}",,,,,,,,,,
cf1a0279aee617c5de71ffd8eb4eacc9d90c2522a85253e11c9667f31475cefb1536b407c2d37d57bee8db8f1fca92e63a46e5a4ffc82786496fe325455786fa,2025-08-12T17:00:00.000,30,NO CONTROLS,NO CONTROLS,RAIN,DAYLIGHT,SIDESWIPE SAME DIRECTION,ONE-WAY,STRAIGHT AND LEVEL,WET,NO DEFECTS,NOT ON SCENE (DESK REPORT),NO INJURY / DRIVE AWAY,,"$501 - $1,500",2025-08-12T23:15:00.000,IMPROPER LANE USAGE,IMPROPER LANE USAGE,39,W,WASHINGTON ST,112,2,NO INDICATION OF INJURY,0,0,0,0,0,2,0,17,3,8,41.883105737,-87.6293555645,"{'type': 'Point', 'coordinates': [-87.629355564469, 41.883105736973]}",,,,,,,,,,
624c44acfd3fa186e61fbeb872d68d20345f2f8f9cb99444f26b5175dd3c5c86870f1d696f2e24e0b44b56d9a1d2c988b745e2ee5950446938361ac20aa7e390,2025-08-12T16:54:00.000,30,NO CONTROLS,NO CONTROLS,RAIN,DAYLIGHT,PARKED MOTOR VEHICLE,NOT DIVIDED,STRAIGHT AND LEVEL,WET,NO DEFECTS,ON SCENE,NO INJURY / DRIVE AWAY,,$500 OR LESS,2025-08-12T17:15:00.000,IMPROPER LANE USAGE,FAILING TO REDUCE SPEED TO AVOID CRASH,3033,S,WALLACE ST,914,2,NO INDICATION OF INJURY,0,0,0,0,0,3,0,16,3,8,41.8389355779,-87.6412878051,"{'type': 'Point', 'coordinates': [-87.641287805059, 41.838935577932]}",,,,,,,,,,
fcc0565e5cb0b295f0f3146de3a6fd0aaf9b905948ece9830a88b0cf319e0fbea76188c8a50072988d171d5fcb6beceb2cc7fdef501f3ba22e9d6a522c4596bb,2025-08-12T16:45:00.000,30,NO CONTROLS,NO CONTROLS,CLEAR,DAYLIGHT,SIDESWIPE SAME DIRECTION,NOT DIVIDED,STRAIGHT AND LEVEL,DRY,NO DEFECTS,NOT ON SCENE (DESK REPORT),INJURY AND / OR TOW DUE TO CRASH,,"OVER $1,500",2025-08-12T23:10:00.000,UNABLE TO DETERMINE,NOT APPLICABLE,5416,W,JACKSON BLVD,1522,2,NO INDICATION OF INJURY,0,0,0,0,0,5,0,16,3,8,41.8766948248,-87.7603106307,"{'type': 'Point', 'coordinates': [-87.760310630701, 41.876694824793]}",,,Y,,,,,,,
f64fea51b49d9ec4ab57abd4b73a4ea1d45cf37bac56fd3045e67e0e6d709e92c771419d1618f92f3680bfe797374a422cf4624562a57747a40346093c02e612,2025-08-12T16:39:00.000,30,TRAFFIC SIGNAL,FUNCTIONING PROPERLY,RAIN,DAYLIGHT,PEDALCYCLIST,NOT DIVIDED,STRAIGHT AND LEVEL,WET,UNKNOWN,ON SCENE,INJURY AND / OR TOW DUE TO CRASH,Y,"OVER $1,500",2025-08-12T16:40:00.000,FAILING TO YIELD RIGHT-OF-WAY,UNABLE TO DETERMINE,1999,N,MILWAUKEE AVE,1434,2,NONINCAPACITATING INJURY,1,0,0,1,0,1,0,16,3,8,41.9176110212,-87.6884420906,"{'type': 'Point', 'coordinates': [-87.688442090612, 41.917611021237]}",,,,N,,,,,,
4213438edec80b4365834e2765976faa8127a096fd11b8077e78eedf5da8aa252bc07b0e75b8ff44b3c2c196c4718fbbc1d076943cc945a9c09c77c4345eb12f,2025-08-12T16:35:00.000,30,STOP SIGN/FLASHER,NO CONTROLS,RAIN,DAYLIGHT,ANGLE,NOT DIVIDED,STRAIGHT AND LEVEL,WET,NO DEFECTS,ON SCENE,INJURY AND / OR TOW DUE TO CRASH,,"OVER $1,500",2025-08-12T16:35:00.000,FAILING TO YIELD RIGHT-OF-WAY,FAILING TO YIELD RIGHT-OF-WAY,250,W,SUPERIOR ST,1831,2,"REPORTED, NOT EVIDENT",2,0,0,0,2,2,0,16,3,8,41.895682894,-87.6356072777,"{'type': 'Point', 'coordinates': [-87.635607277683, 41.895682893956]}",,,,,,,,,,
f569dfc0bf739d5514aa79232643321addc9a1ecf433a3b17be93847b614689f8179c865d148d44d50fe0816f79bd5965c173d5a5439712ae4df2645f0e831a2,2025-08-12T16:35:00.000,30,NO CONTROLS,NO CONTROLS,RAIN,DAYLIGHT,SIDESWIPE SAME DIRECTION,NOT DIVIDED,STRAIGHT AND LEVEL,WET,NO DEFECTS,NOT ON SCENE (DESK REPORT),NO INJURY / DRIVE AWAY,,"$501 - $1,500",2025-08-12T17:30:00.000,IMPROPER LANE USAGE,NOT APPLICABLE,10,E,95TH ST,634,2,NO INDICATION OF INJURY,0,0,0,0,0,2,0,16,3,8,41.7218320075,-87.6233245848,"{'type': 'Point', 'coordinates': [-87.623324584803, 41.7218320075]}",,,,,,,,,,
f64829be24a63dfa02c69647cbe72c2a981d5a9f33068430f0b9740662604fdc668683f6b0b40dedf0a5e583161d8bbfd1d3878bb932968b38b50fa3de5486c4,2025-08-12T16:35:00.000,30,TRAFFIC SIGNAL,FUNCTIONING PROPERLY,UNKNOWN,DAYLIGHT,SIDESWIPE SAME DIRECTION,DIVIDED - W/MEDIAN (NOT RAISED),STRAIGHT AND LEVEL,UNKNOWN,UNKNOWN,NOT ON SCENE (DESK REPORT),NO INJURY / DRIVE AWAY,,$500 OR LESS,2025-08-12T17:37:00.000,NOT APPLICABLE,NOT APPLICABLE,6700,S,DORCHESTER AVE,321,2,NO INDICATION OF INJURY,0,0,0,0,0,2,0,16,3,8,41.7732378962,-87.591314808,"{'type': 'Point', 'coordinates': [-87.591314808038, 41.773237896191]}",,,Y,,,,,,,
189b56f9d66d0a08df7b811cf84b1b1676ea3a837b9a88969b4455c5bdbb547cc64ad26081ccc907cba98e0b8def6957447da96e2df3644b2d7fc768211718a5,2025-08-12T16:30:00.000,30,STOP SIGN/FLASHER,FUNCTIONING PROPERLY,RAIN,DAYLIGHT,ANGLE,FOUR WAY,STRAIGHT AND LEVEL,WET,UNKNOWN,ON SCENE,INJURY AND / OR TOW DUE TO CRASH,Y,"OVER $1,500",2025-08-12T16:34:00.000,UNABLE TO DETERMINE,UNABLE TO DETERMINE,2301,W,CERMAK RD,1034,2,NO INDICATION OF INJURY,0,0,0,0,0,2,0,16,3,8,41.8519506068,-87.6833074111,"{'type': 'Point', 'coordinates': [-87.683307411076, 41.851950606784]}",,,,,,,,,,
4920f5e975c7f262603370a33d5285189b4ae055884a10ce1792241461c688e1c470ba0318883abcc57c53ca04589abb244c7302ab48943cc1124fa9508d2043,2025-08-12T16:30:00.000,25,NO CONTROLS,NO CONTROLS,RAIN,DAYLIGHT,ANGLE,ONE-WAY,STRAIGHT AND LEVEL,WET,UNKNOWN,NOT ON SCENE (DESK REPORT),NO INJURY / DRIVE AWAY,,"OVER $1,500",2025-08-12T17:00:00.000,FAILING TO YIELD RIGHT-OF-WAY,NOT APPLICABLE,2300,W,THOMAS ST,1212,2,NO INDICATION OF INJURY,0,0,0,0,0,2,0,16,3,8,41.9013464937,-87.6846604877,"{'type': 'Point', 'coordinates': [-87.684660487686, 41.901346493728]}",,,,,Y,,,,,
786903bebd3f01c27eb90729a83656ffd6e418411c6ae9a500f32df2299619697b8f73a65ef3245a46fd5730835a71160d5393dd67db46e78a4744370e6932f5,2025-08-12T16:30:00.000,30,STOP SIGN/FLASHER,FUNCTIONING PROPERLY,RAIN,DAYLIGHT,ANGLE,FOUR WAY,STRAIGHT AND LEVEL,WET,NO DEFECTS,NOT ON SCENE (DESK REPORT),NO INJURY / DRIVE AWAY,Y,"OVER $1,500",2025-08-12T19:15:00.000,UNABLE TO DETERMINE,NOT APPLICABLE,2698,S,CENTRAL PARK AVE,1032,2,NO INDICATION OF INJURY,0,0,0,0,0,3,0,16,3,8,41.8426421089,-87.7148882794,"{'type': 'Point', 'coordinates': [-87.714888279388, 41.842642108893]}",,,Y,,,,,,,
b7bec7d80a3269a05a29aaa3e18612c40759f58f1691c815ebf12a8cae23291c7d4554f314abf6adca840f86d9a6c4f20ea9cc4a1c694d27238b6f44094a33ec,2025-08-12T16:30:00.000,30,TRAFFIC SIGNAL,NO CONTROLS,RAIN,DAYLIGHT,SIDESWIPE SAME DIRECTION,DIVIDED - W/MEDIAN (NOT RAISED),STRAIGHT AND LEVEL,WET,NO DEFECTS,NOT ON SCENE (DESK REPORT),NO INJURY / DRIVE AWAY,,$500 OR LESS,2025-08-12T18:20:00.000,WEATHER,NOT APPLICABLE,15,N,ASHLAND AVE,1224,2,NO INDICATION OF INJURY,0,0,0,0,0,2,0,16,3,8,41.8819523089,-87.6666743625,"{'type': 'Point', 'coordinates': [-87.6666743625, 41.88195230891]}",,,,,,,,,,
e184e16ce90fd5c83322318369beb2f0ebb123ac2dfbc492d25ac3d0d3fc73127e2f2ba5224005c5758ffbbc4b60add61b7bf7668675e7152633f43578ab1e5b,2025-08-12T16:30:00.000,25,UNKNOWN,UNKNOWN,UNKNOWN,UNKNOWN,SIDESWIPE SAME DIRECTION,ONE-WAY,STRAIGHT AND LEVEL,UNKNOWN,UNKNOWN,NOT ON SCENE (DESK REPORT),NO INJURY / DRIVE AWAY,,"OVER $1,500",2025-08-12T17:20:00.000,NOT APPLICABLE,NOT APPLICABLE,331,E,ERIE ST,1834,2,NO INDICATION OF INJURY,0,0,0,0,0,2,0,16,3,8,41.8941195105,-87.6190610425,"{'type': 'Point', 'coordinates': [-87.6190610425, 41.894119510544]}",,,,,,,,,,
acbb9dba04f97761c179232b3ca9f763c0dbec9f28dbef67d703b8164f51ce7d4eae86f2be96fb7e1856e22b7fc6c6a003f1d78f118c3d6bfb9b3d6ad0d5b128,2025-08-12T16:28:00.000,30,UNKNOWN,UNKNOWN,RAIN,DAYLIGHT,PARKED MOTOR VEHICLE,NOT DIVIDED,STRAIGHT AND LEVEL,WET,UNKNOWN,NOT ON SCENE (DESK REPORT),NO INJURY / DRIVE AWAY,,"$501 - $1,500",2025-08-12T21:22:00.000,DRIVING SKILLS/KNOWLEDGE/EXPERIENCE,UNABLE TO DETERMINE,5418,W,JACKSON BLVD,1522,2,NO INDICATION OF INJURY,0,0,0,0,0,1,0,16,3,8,41.8766937414,-87.7603858321,"{'type': 'Point', 'coordinates': [-87.760385832132, 41.876693741403]}",,,Y,,,,,,,
84b724059b009a511c66993eed423f38c6be6ea77be5c1e4e19eb62234e9dfc1b539fdbd134ea1bae2eb680cd87ca4b2f2383484948e5b073d3169b79c8c5bdf,2025-08-12T16:27:00.000,15,NO CONTROLS,NO CONTROLS,CLEAR,DAYLIGHT,FIXED OBJECT,ALLEY,STRAIGHT AND LEVEL,OTHER,UNKNOWN,ON SCENE,NO INJURY / DRIVE AWAY,,"OVER $1,500",2025-08-12T16:37:00.000,UNABLE TO DETERMINE,UNABLE TO DETERMINE,6030,S,RICHMOND ST,823,1,NO INDICATION OF INJURY,0,0,0,0,0,1,0,16,3,8,41.7835834454,-87.697322832,"{'type': 'Point', 'coordinates': [-87.697322831975, 41.783583445427]}",,,Y,,,,,,,
3d3af5db6cfc87999d2d7e7aed98fbf6f755babf0e7b0edd4c21844510d574dc8f454af952ae4faf17f44f9743373404e4d51276920091e2fe19f89c05b141c9,2025-08-12T16:25:00.000,35,STOP SIGN/FLASHER,FUNCTIONING PROPERLY,RAIN,DAYLIGHT,ANGLE,DIVIDED - W/MEDIAN (NOT RAISED),STRAIGHT AND LEVEL,WET,NO DEFECTS,ON SCENE,INJURY AND / OR TOW DUE TO CRASH,,"OVER $1,500",2025-08-12T16:33:00.000,FAILING TO REDUCE SPEED TO AVOID CRASH,NOT APPLICABLE,2255,W,FULLERTON AVE,1432,3,NONINCAPACITATING INJURY,2,0,0,1,1,1,0,16,3,8,41.9248256086,-87.6849870177,"{'type': 'Point', 'coordinates': [-87.684987017655, 41.924825608637]}",,,,,,,,,,
1023c0617a3d5d55c132fa55cea4fcf3dc67b87a8a2322befc56ff8f8293e1b420569b73958e8820746241cac29f0ab1ffa5dc4b4a170d94c2646cf2a775d4a3,2025-08-12T16:20:00.000,30,UNKNOWN,UNKNOWN,UNKNOWN,DAYLIGHT,REAR END,UNKNOWN,STRAIGHT AND LEVEL,UNKNOWN,NO DEFECTS,NOT ON SCENE (DESK REPORT),NO INJURY / DRIVE AWAY,,"OVER $1,500",2025-08-12T16:37:00.000,NOT APPLICABLE,NOT APPLICABLE,3700,W,PETERSON AVE,1711,2,NO INDICATION OF INJURY,0,0,0,0,0,2,0,16,3,8,41.9903381658,-87.7214903865,"{'type': 'Point', 'coordinates': [-87.721490386516, 41.990338165844]}",,,,,,,,,,
54906fc731fe869df79784085cea4b926cb7dc6e895245fcf7a1208d8f1fcb69a393c1e31666a5270596ed2597cb6eb78466cc2c4db4e306a36d29fe622a14e9,2025-08-12T16:20:00.000,30,TRAFFIC SIGNAL,FUNCTIONING PROPERLY,RAIN,DAWN,SIDESWIPE SAME DIRECTION,DIVIDED - W/MEDIAN BARRIER,STRAIGHT AND LEVEL,WET,NO DEFECTS,ON SCENE,NO INJURY / DRIVE AWAY,,$500 OR LESS,2025-08-12T16:27:00.000,UNABLE TO DETERMINE,NOT APPLICABLE,520,S,MICHIGAN AVE,123,2,NO INDICATION OF INJURY,0,0,0,0,0,2,0,16,3,8,41.8752598258,-87.6243966738,"{'type': 'Point', 'coordinates': [-87.624396673836, 41.875259825819]}",,,,,,,,,,
5bc8b1188f746436aab9b1a3ac0ad495b1d22aab6797f608e158716c29e73844bbfd698d30ce72d9570c38f5a1070166da73d7efdca99f6aefb2b1b293ca0246,2025-08-12T16:20:00.000,30,STOP SIGN/FLASHER,FUNCTIONING PROPERLY,RAIN,DAYLIGHT,PARKED MOTOR VEHICLE,NOT DIVIDED,STRAIGHT AND LEVEL,WET,NO DEFECTS,NOT ON SCENE (DESK REPORT),NO INJURY / DRIVE AWAY,Y,"OVER $1,500",2025-08-12T17:15:00.000,FOLLOWING TOO CLOSELY,FAILING TO REDUCE SPEED TO AVOID CRASH,4800,S,WHIPPLE ST,922,2,NO INDICATION OF INJURY,0,0,0,0,0,1,0,16,3,8,41.8062193558,-87.7004022368,"{'type': 'Point', 'coordinates': [-87.700402236781, 41.806219355845]}",,,,,,,,,,
8cb58bbe174fd7319ef18f6de6e281fb916f8058e23bd7dd956ddba68270d23a7519d795779e4cdb5854f8fd407afe90502e4dc7f202a373cde06b5d57544519,2025-08-12T16:20:00.000,30,NO CONTROLS,NO CONTROLS,RAIN,DAYLIGHT,FIXED OBJECT,ONE-WAY,STRAIGHT AND LEVEL,WET,NO DEFECTS,ON SCENE,NO INJURY / DRIVE AWAY,,"OVER $1,500",2025-08-12T17:12:00.000,UNABLE TO DETERMINE,UNABLE TO DETERMINE,10844,S,STATE LINE RD,432,2,NO INDICATION OF INJURY,0,0,0,0,0,2,0,16,3,8,41.6977193889,-87.5247673787,"{'type': 'Point', 'coordinates': [-87.524767378713, 41.697719388895]}",,,Y,,,,,,,
a3db565b9af03890cb443bfdd581e6c161ad1325d3e98a39264d0297252b5e8f5d386c99821703e5e6d95d791001483f512d837acf07c59858eec4e14df7429d,2025-08-12T16:20:00.000,30,TRAFFIC SIGNAL,FUNCTIONING PROPERLY,RAIN,DAYLIGHT,REAR END,DIVIDED - W/MEDIAN (NOT RAISED),STRAIGHT AND LEVEL,WET,NO DEFECTS,NOT ON SCENE (DESK REPORT),NO INJURY / DRIVE AWAY,Y,"OVER $1,500",2025-08-12T16:30:00.000,UNABLE TO DETERMINE,NOT APPLICABLE,39,W,MARQUETTE RD,722,2,NO INDICATION OF INJURY,0,0,0,0,0,2,0,16,3,8,41.7725763018,-87.626740364,"{'type': 'Point', 'coordinates': [-87.626740364026, 41.772576301797]}",,,,,,,,,,
3e861df0d2f99371ef8db4ad1e14ace042eae4bddf84f355e88d0b091ad3a720c1497dcc0ed682ce4bebe03004c3731cad56692711553f6dc3e079be8831745f,2025-08-12T16:15:00.000,30,TRAFFIC SIGNAL,UNKNOWN,UNKNOWN,DAYLIGHT,REAR END,NOT DIVIDED,STRAIGHT AND LEVEL,UNKNOWN,UNKNOWN,NOT ON SCENE (DESK REPORT),NO INJURY / DRIVE AWAY,Y,"OVER $1,500",2025-08-13T09:00:00.000,FOLLOWING TOO CLOSELY,FOLLOWING TOO CLOSELY,1201,S,COLUMBUS DR,132,2,NO INDICATION OF INJURY,0,0,0,0,0,2,0,16,3,8,41.8674707758,-87.6202190599,"{'type': 'Point', 'coordinates': [-87.620219059938, 41.867470775841]}",,,Y,,,,,,,
7ce89cefa70a8b5ae538fae0fb093af67f94d9b0037b5e709227c919f30b4ee85b41383ff68f2ad2fb27700a5dfc0e5245ce83d9a81b9ce80c50c9297dec49d2,2025-08-12T16:15:00.000,30,TRAFFIC SIGNAL,FUNCTIONING PROPERLY,RAIN,DAYLIGHT,REAR END,FOUR WAY,STRAIGHT ON GRADE,WET,NO DEFECTS,ON SCENE,INJURY AND / OR TOW DUE TO CRASH,,"OVER $1,500",2025-08-12T16:26:00.000,FOLLOWING TOO CLOSELY,NOT APPLICABLE,1601,W,PERSHING RD,924,2,"REPORTED, NOT EVIDENT",1,0,0,0,1,1,0,16,3,8,41.8230372573,-87.6657037592,"{'type': 'Point', 'coordinates': [-87.665703759172, 41.823037257322]}",,,,,,,,,,
c95268d3540fe0633862a762e9dcf2b3ce795fea134012f783c32db82b53467cfaac15c6b77b5835013d0e6139120f66cba4965fbc08ea935e5f5177ebfbbe57,2025-08-12T16:15:00.000,30,TRAFFIC SIGNAL,FUNCTIONING PROPERLY,RAIN,DAYLIGHT,REAR END,FOUR WAY,STRAIGHT AND LEVEL,WET,NO DEFECTS,NOT ON SCENE (DESK REPORT),INJURY AND / OR TOW DUE TO CRASH,Y,"OVER $1,500",2025-08-12T19:45:00.000,EQUIPMENT - VEHICLE CONDITION,UNABLE TO DETERMINE,2555,S,DAMEN AVE,1034,3,NONINCAPACITATING INJURY,1,0,0,1,0,2,0,16,3,8,41.8452470025,-87.6755141393,"{'type': 'Point', 'coordinates': [-87.675514139255, 41.845247002463]}",,,Y,,,N,,,,
f38a1426339287d2495e055833265c4fd2f1e429284c3572927803aa3a5a577223cb2bd150bf2c32aa8f537529e5b48684508047c0dfd161649a95b1f3862a5a,2025-08-12T16:15:00.000,30,NO CONTROLS,NO CONTROLS,RAIN,DAYLIGHT,SIDESWIPE SAME DIRECTION,NOT DIVIDED,STRAIGHT AND LEVEL,WET,NO DEFECTS,ON SCENE,NO INJURY / DRIVE AWAY,,"OVER $1,500",2025-08-12T16:15:00.000,IMPROPER OVERTAKING/PASSING,NOT APPLICABLE,840,N,LARRABEE ST,1822,2,NO INDICATION OF INJURY,0,0,0,0,0,2,0,16,3,8,41.8976748524,-87.6431225633,"{'type': 'Point', 'coordinates': [-87.643122563342, 41.897674852449]}",,,,,,,,,,
68c0efea500f6cdf82cec8d09e32ff6884ef5e130f9d52b8f75cc7546daddf9e4a2c91d353b07559443e7fee4c1daeedaed023ea2e3f7d4fabc51b5db2d580b8,2025-08-12T16:10:00.000,30,NO CONTROLS,NO CONTROLS,CLEAR,DAYLIGHT,PARKED MOTOR VEHICLE,PARKING LOT,STRAIGHT AND LEVEL,DRY,NO DEFECTS,NOT ON SCENE (DESK REPORT),NO INJURY / DRIVE AWAY,,"OVER $1,500",2025-08-12T17:26:00.000,IMPROPER BACKING,NOT APPLICABLE,1634,S,BLUE ISLAND AVE,1233,2,NO INDICATION OF INJURY,0,0,0,0,0,2,0,16,3,8,41.8588542142,-87.6604797807,"{'type': 'Point', 'coordinates': [-87.660479780727, 41.858854214226]}",,,Y,,,,,,,