crash_record_id,crash_date,posted_speed_limit,traffic_control_device,device_condition,weather_condition,lighting_condition,first_crash_type,trafficway_type,alignment,roadway_surface_cond,road_defect,report_type,crash_type,intersection_related_i,damage,date_police_notified,prim_contributory_cause,sec_contributory_cause,street_no,street_direction,street_name,beat_of_occurrence,num_units,most_severe_injury,injuries_total,injuries_fatal,injuries_incapacitating,injuries_non_incapacitating,injuries_reported_not_evident,injuries_no_indication,injuries_unknown,crash_hour,crash_day_of_week,crash_month,latitude,longitude,location,private_property_i,photos_taken_i,hit_and_run_i,statements_taken_i,crash_date_est_i,work_zone_i,work_zone_type,dooring_i,lane_cnt,workers_present_i
8e712609524f912338df85a77ad1cda95f5c27afbcaaaf7b5de23aa038db5f942dd3638cf48f85a5780c080d504a2f1afb960e009038be6f0df895ac9c5841f7,2025-08-12T16:02:00.000,30,UNKNOWN,UNKNOWN,RAIN,DAYLIGHT,PEDESTRIAN,NOT DIVIDED,STRAIGHT AND LEVEL,WET,UNKNOWN,ON SCENE,INJURY AND / OR TOW DUE TO CRASH,,"OVER $1,500",2025-08-12T16:11:00.000,WEATHER,WEATHER,3751,N,BROADWAY,1925,2,NONINCAPACITATING INJURY,1,0,0,1,0,1,0,16,3,8,41.9505765164,-87.6490676222,"{'type': 'Point', 'coordinates': [-87.649067622232, 41.950576516362]}",,,,,,,,,,
f945e165570d2a1b0e412a7223010f76596a6fba639d3f378807308eff8c5c20d0a7f8e541fd4743e6652d30cbcf780d2c4f3dfc846c4014eadfee81a899edae,2025-08-12T15:50:00.000,30,TRAFFIC SIGNAL,FUNCTIONING PROPERLY,RAIN,DAYLIGHT,REAR END,FOUR WAY,STRAIGHT AND LEVEL,WET,NO DEFECTS,ON SCENE,NO INJURY / DRIVE AWAY,,$500 OR LESS,2025-08-12T16:01:00.000,WEATHER,WEATHER,3760,W,MADISON ST,1122,2,NO INDICATION OF INJURY,0,0,0,0,0,2,0,15,3,8,41.8809110835,-87.7198764739,"{'type': 'Point', 'coordinates': [-87.719876473853, 41.880911083518]}",,,,,,,,,,
c40b665d73e351c70632aebae64c399b7974360b7cf597460800aa05916b546a7c3ebb4798f75cf47047986deb00b5ac82509d227b2507729024bd2f5af80484,2025-08-12T15:45:00.000,30,NO CONTROLS,NO CONTROLS,CLOUDY/OVERCAST,DAYLIGHT,ANGLE,T-INTERSECTION,STRAIGHT AND LEVEL,WET,UNKNOWN,NOT ON SCENE (DESK REPORT),NO INJURY / DRIVE AWAY,Y,"OVER $1,500",2025-08-12T16:50:00.000,FAILING TO YIELD RIGHT-OF-WAY,NOT APPLICABLE,2455,W,FULLERTON AVE,1431,2,NO INDICATION OF INJURY,0,0,0,0,0,2,0,15,3,8,41.9247686196,-87.6898713576,"{'type': 'Point', 'coordinates': [-87.689871357614, 41.924768619623]}",,,,Y,,,,,,
69c1d6baefa5e4a0df800e98b3756130ef2564bd990c6e964f3f11df1168f5c18909fdcc1e1507ccd8ad80512f839d156702a169809008586a06e4175d70d049,2025-08-12T15:41:00.000,25,TRAFFIC SIGNAL,FUNCTIONING PROPERLY,RAIN,DAYLIGHT,REAR END,TRAFFIC ROUTE,STRAIGHT AND LEVEL,WET,NO DEFECTS,NOT ON SCENE (DESK REPORT),NO INJURY / DRIVE AWAY,,"$501 - $1,500",2025-08-12T16:45:00.000,UNABLE TO DETERMINE,UNABLE TO DETERMINE,10598,S,INDIANAPOLIS AVE,432,2,NO INDICATION OF INJURY,0,0,0,0,0,3,0,15,3,8,41.7027212168,-87.5246906679,"{'type': 'Point', 'coordinates': [-87.524690667899, 41.702721216802]}",,,,,,,,,,
e333bdbaf27c1aa96269af496ecb94c54351b1b962d5d45845fb3817196b5b7de088b520decb22c455048826851a9fef95e6098183e83a6d41ef12bb84837a69,2025-08-12T15:38:00.000,30,NO CONTROLS,NO CONTROLS,RAIN,DAYLIGHT,PARKED MOTOR VEHICLE,NOT DIVIDED,STRAIGHT AND LEVEL,WET,SHOULDER DEFECT,ON SCENE,NO INJURY / DRIVE AWAY,,"OVER $1,500",2025-08-12T16:50:00.000,IMPROPER TURNING/NO SIGNAL,DRIVING SKILLS/KNOWLEDGE/EXPERIENCE,1343,E,76TH ST,411,2,NO INDICATION OF INJURY,0,0,0,0,0,2,0,15,3,8,41.7567864138,-87.591437379,"{'type': 'Point', 'coordinates': [-87.591437378977, 41.756786413802]}",,,,Y,,,,,,
030a62a0c90c6915b50d772e8637e4b2e37437da827ea42c9c4f538de8131b20062b415a0576d8f25cfd8e0b676bfd48d0937292f2bfeb555d9e1c9d11abf08a,2025-08-12T15:30:00.000,30,NO CONTROLS,NO CONTROLS,RAIN,DAYLIGHT,SIDESWIPE SAME DIRECTION,NOT DIVIDED,STRAIGHT AND LEVEL,WET,UNKNOWN,NOT ON SCENE (DESK REPORT),NO INJURY / DRIVE AWAY,,"OVER $1,500",2025-08-12T16:15:00.000,UNABLE TO DETERMINE,UNABLE TO DETERMINE,5700,S,LAKE SHORE DR,331,2,NO INDICATION OF INJURY,0,0,0,0,0,2,0,15,3,8,41.7914202821,-87.5801477687,"{'type': 'Point', 'coordinates': [-87.580147768689, 41.791420282098]}",,,Y,,,,,,,
2007d0003aef3668db8e5bb229aa295b69623434fb0eb554aa127bcd5769d3a543e9ba2b5f0d3c9cfbd45bd3ba610d181c6a52437518552fd951aab2485efd2c,2025-08-12T15:30:00.000,30,NO CONTROLS,NO CONTROLS,RAIN,DAYLIGHT,PARKED MOTOR VEHICLE,ONE-WAY,STRAIGHT AND LEVEL,WET,NO DEFECTS,ON SCENE,NO INJURY / DRIVE AWAY,,"OVER $1,500",2025-08-12T17:50:00.000,UNABLE TO DETERMINE,NOT APPLICABLE,2732,S,CHRISTIANA AVE,1032,2,NO INDICATION OF INJURY,0,0,0,0,0,1,0,15,3,8,41.841641728,-87.7087604589,"{'type': 'Point', 'coordinates': [-87.708760458881, 41.841641727983]}",,,Y,,,,,,,
6970fceb4b471b330802a7aadb99397e6d7c43bbf6a9fab5132d33229808c200b569b900a73bbe390e26da6ab1de7c26a1b0408232cbab279594d0de970a6707,2025-08-12T15:30:00.000,30,NO CONTROLS,NO CONTROLS,CLEAR,DAYLIGHT,REAR END,NOT DIVIDED,STRAIGHT AND LEVEL,WET,NO DEFECTS,NOT ON SCENE (DESK REPORT),NO INJURY / DRIVE AWAY,,"OVER $1,500",2025-08-12T16:25:00.000,FOLLOWING TOO CLOSELY,FAILING TO REDUCE SPEED TO AVOID CRASH,3046,W,71ST ST,831,2,NO INDICATION OF INJURY,0,0,0,0,0,2,0,15,3,8,41.764535341,-87.6998006061,"{'type': 'Point', 'coordinates': [-87.699800606137, 41.764535340977]}",,,,,,,,,,
bc466dd6b92081e3f488028eeac23d7818d252b0a8c7d6baea128d3e7e4239aef4f5809661461a149e15df56891045fe989e064b66025debb143bc8ca0857277,2025-08-12T15:30:00.000,30,TRAFFIC SIGNAL,FUNCTIONING PROPERLY,RAIN,DAYLIGHT,REAR END,FOUR WAY,STRAIGHT AND LEVEL,WET,NO DEFECTS,ON SCENE,NO INJURY / DRIVE AWAY,Y,"$501 - $1,500",2025-08-12T17:30:00.000,FAILING TO REDUCE SPEED TO AVOID CRASH,FOLLOWING TOO CLOSELY,4200,W,FULLERTON AVE,2524,2,NO INDICATION OF INJURY,0,0,0,0,0,3,0,15,3,8,41.9245348004,-87.7317300938,"{'type': 'Point', 'coordinates': [-87.731730093759, 41.924534800435]}",,,,,,,,,,
5e4599a521a1f83b8e3ee57d0aa0e939bc7df627a06145ffbf92416561880428194bb25fcaa23d17251ab47c4fc50268e1fe17e1bfc2d47d14fcf3dadbb5ab9b,2025-08-12T15:00:00.000,30,STOP SIGN/FLASHER,FUNCTIONING PROPERLY,RAIN,DAYLIGHT,REAR END,NOT DIVIDED,STRAIGHT AND LEVEL,WET,NO DEFECTS,ON SCENE,NO INJURY / DRIVE AWAY,,"OVER $1,500",2025-08-12T15:35:00.000,FOLLOWING TOO CLOSELY,UNABLE TO DETERMINE,1140,W,MARQUETTE RD,724,2,NO INDICATION OF INJURY,0,0,0,0,0,3,0,15,3,8,41.7724548151,-87.6534960121,"{'type': 'Point', 'coordinates': [-87.653496012134, 41.772454815072]}",,,Y,,,,,,,
7a26cab8d8a4c55b9ae978453398fb69c9c45ba3bc0ba5dbf174bb53968b32efeb85f92a2f249b15ed0232832535a045fea598134f7429618a21eac34cde0c74,2025-08-12T14:45:00.000,15,NO CONTROLS,NO CONTROLS,CLEAR,DAYLIGHT,PARKED MOTOR VEHICLE,PARKING LOT,STRAIGHT AND LEVEL,DRY,NO DEFECTS,NOT ON SCENE (DESK REPORT),NO INJURY / DRIVE AWAY,,"OVER $1,500",2025-08-12T15:15:00.000,UNABLE TO DETERMINE,UNABLE TO DETERMINE,3108,S,HALSTED ST,913,2,NO INDICATION OF INJURY,0,0,0,0,0,1,0,14,3,8,41.8377364586,-87.6464167637,"{'type': 'Point', 'coordinates': [-87.646416763692, 41.837736458648]}",,,,,,,,,,
218ba6bd80b1e8f55c77c0873008c3fbaa541e34c101761f7274f4654724eac9d794500e6bcb6f73362d19ed5571d6858b4810738299ddc2d88b71920ca35561,2025-08-12T14:38:00.000,30,NO CONTROLS,NO CONTROLS,CLOUDY/OVERCAST,DAYLIGHT,REAR END,NOT DIVIDED,STRAIGHT AND LEVEL,WET,UNKNOWN,ON SCENE,NO INJURY / DRIVE AWAY,,"OVER $1,500",2025-08-12T14:38:00.000,FAILING TO REDUCE SPEED TO AVOID CRASH,DRIVING SKILLS/KNOWLEDGE/EXPERIENCE,1400,W,NORTH AVE,1433,2,NO INDICATION OF INJURY,0,0,0,0,0,2,0,14,3,8,41.9108068192,-87.6631049341,"{'type': 'Point', 'coordinates': [-87.66310493406, 41.910806819199]}",,,,,,,,,,
bdab32ef6b550076f3779d88a2850d1ce3e49b828876dde4795e6ef2bb5eb9a30bec9bf73cb90dc3c7fab625a3af53e332218d302409113d945fae79ba2385f7,2025-08-12T14:37:00.000,30,NO CONTROLS,NO CONTROLS,CLEAR,DAYLIGHT,FIXED OBJECT,NOT DIVIDED,STRAIGHT AND LEVEL,WET,NO DEFECTS,ON SCENE,NO INJURY / DRIVE AWAY,Y,"OVER $1,500",2025-08-12T15:10:00.000,FAILING TO REDUCE SPEED TO AVOID CRASH,UNABLE TO DETERMINE,4701,W,LAKE ST,1113,1,NO INDICATION OF INJURY,0,0,0,0,0,1,0,14,3,8,41.8863562324,-87.7431704228,"{'type': 'Point', 'coordinates': [-87.743170422752, 41.886356232378]}",,,,,,,,,,
1f4c0116751c9cab959f471c8182dacf48e7b06bc06a179ca66fc798895f39470cd8a37a371bcd5d890be9478637cc7c23eacb648760b0356a280482a79455fb,2025-08-12T14:36:00.000,20,NO CONTROLS,NO CONTROLS,RAIN,DAYLIGHT,PARKED MOTOR VEHICLE,NOT DIVIDED,STRAIGHT AND LEVEL,WET,NO DEFECTS,ON SCENE,NO INJURY / DRIVE AWAY,,"OVER $1,500",2025-08-12T15:38:00.000,UNABLE TO DETERMINE,UNABLE TO DETERMINE,8031,S,CENTRAL PARK AVE,834,2,NO INDICATION OF INJURY,0,0,0,0,0,1,0,14,3,8,41.7468715239,-87.7116713038,"{'type': 'Point', 'coordinates': [-87.711671303839, 41.746871523923]}",,,Y,,,,,,,
3f9b25dccda455420220600cc79faf5127ee36a4b7097b7738706dde082fd0fa1ea4ffae95dbdfbaf885b7c9759b7b5e424924973c6e093f14e505d46107fa5e,2025-08-12T14:34:00.000,20,NO CONTROLS,NO CONTROLS,UNKNOWN,DAYLIGHT,SIDESWIPE SAME DIRECTION,ONE-WAY,STRAIGHT AND LEVEL,UNKNOWN,NO DEFECTS,NOT ON SCENE (DESK REPORT),NO INJURY / DRIVE AWAY,,"$501 - $1,500",2025-08-12T15:15:00.000,FAILING TO YIELD RIGHT-OF-WAY,NOT APPLICABLE,8627,S,VERNON AVE,632,2,NO INDICATION OF INJURY,0,0,0,0,0,2,0,14,3,8,41.7375293331,-87.6127868589,"{'type': 'Point', 'coordinates': [-87.612786858929, 41.737529333109]}",,,,,,,,,,
124b708ad2c0a845306264abd55828ac14313a52284ceddf4a34143ce2d05d9239e577faa3d61c5793e87f6c2d41515f0d3a86006cf920844ad66d2a2fcd9069,2025-08-12T14:30:00.000,25,TRAFFIC SIGNAL,FUNCTIONING PROPERLY,RAIN,DAYLIGHT,TURNING,NOT DIVIDED,STRAIGHT AND LEVEL,WET,NO DEFECTS,NOT ON SCENE (DESK REPORT),INJURY AND / OR TOW DUE TO CRASH,Y,"OVER $1,500",2025-08-12T14:35:00.000,UNABLE TO DETERMINE,UNABLE TO DETERMINE,5500,S,WESTERN AVE,824,2,NO INDICATION OF INJURY,0,0,0,0,0,2,0,14,3,8,41.7933705543,-87.6841753768,"{'type': 'Point', 'coordinates': [-87.684175376759, 41.79337055433]}",,,,,,,,,,
c066ba48e3ba3122f143eeafefe2f6673613d4659607f6cfef0b220b6f65d77f39a31e9c1c814280b985d52a72cc678419b887d066b9034e50a34ec43ba730c1,2025-08-12T14:25:00.000,30,NO CONTROLS,NO CONTROLS,CLEAR,DAYLIGHT,SIDESWIPE SAME DIRECTION,NOT DIVIDED,STRAIGHT AND LEVEL,DRY,NO DEFECTS,NOT ON SCENE (DESK REPORT),NO INJURY / DRIVE AWAY,,"OVER $1,500",2025-08-12T14:47:00.000,UNABLE TO DETERMINE,UNABLE TO DETERMINE,3905,S,HALSTED ST,925,2,NO INDICATION OF INJURY,0,0,0,0,0,3,0,14,3,8,41.823254563,-87.6457707085,"{'type': 'Point', 'coordinates': [-87.645770708482, 41.823254562974]}",,,,,,,,,,
2c3ecb3dc34d200fa00ebbd313223513bc5fbb0d4eae545051a39dd3cd39f216fe1a1fd63faa5718ed4ea0dcf37fec12973f6c404b30797f6f45b75cdc46bae1,2025-08-12T14:24:00.000,30,TRAFFIC SIGNAL,FUNCTIONING PROPERLY,RAIN,DAYLIGHT,TURNING,FOUR WAY,STRAIGHT AND LEVEL,WET,NO DEFECTS,NOT ON SCENE (DESK REPORT),INJURY AND / OR TOW DUE TO CRASH,Y,"OVER $1,500",2025-08-12T16:20:00.000,DISREGARDING TRAFFIC SIGNALS,UNABLE TO DETERMINE,107,E,IDA B WELLS DR,114,2,NONINCAPACITATING INJURY,2,0,0,2,0,1,0,14,3,8,41.8756183884,-87.624000927,"{'type': 'Point', 'coordinates': [-87.624000926976, 41.875618388352]}",,,,,,,,,,
bb339b65b9a344413b9a316bdce64d4781a62e1293c92bce4e915e9bb7b8f4d46044d7436c2493cb4c89657a1c6d227aac92395ed244063cf4057bbd5a384fc6,2025-08-12T14:20:00.000,30,STOP SIGN/FLASHER,FUNCTIONING PROPERLY,CLEAR,DAYLIGHT,ANGLE,T-INTERSECTION,STRAIGHT AND LEVEL,DRY,NO DEFECTS,NOT ON SCENE (DESK REPORT),INJURY AND / OR TOW DUE TO CRASH,,"OVER $1,500",2025-08-12T16:00:00.000,FAILING TO YIELD RIGHT-OF-WAY,UNABLE TO DETERMINE,3196,N,NAGLE AVE,2511,2,"REPORTED, NOT EVIDENT",1,0,0,0,1,1,0,14,3,8,41.9382060381,-87.7872961572,"{'type': 'Point', 'coordinates': [-87.787296157159, 41.938206038051]}",,,,,,,,,,
f6ecb96d44efbe70fdb9d4c6c2fce387f55223de4c25ae165a6255493143c70d340e781e267afa680a4596489058e944448c795c6ea34c575114f1c269f5813c,2025-08-12T14:20:00.000,25,TRAFFIC SIGNAL,UNKNOWN,UNKNOWN,DAYLIGHT,TURNING,NOT DIVIDED,STRAIGHT AND LEVEL,UNKNOWN,UNKNOWN,NOT ON SCENE (DESK REPORT),NO INJURY / DRIVE AWAY,Y,"OVER $1,500",2025-08-12T15:00:00.000,UNABLE TO DETERMINE,UNABLE TO DETERMINE,1,N,CICERO AVE,1113,2,NO INDICATION OF INJURY,0,0,0,0,0,2,0,14,3,8,41.8805669932,-87.7451331943,"{'type': 'Point', 'coordinates': [-87.745133194265, 41.880566993238]}",,,,,Y,,,,,
ed9a1ad971cd1df45c618722850b3234b0f3ee0681fffb4dce869041e3accd74608464454c00c46d0413403306cabd433a17b336689bd26b556c80094d4f2e44,2025-08-12T14:17:00.000,30,NO CONTROLS,NO CONTROLS,RAIN,DAYLIGHT,ANGLE,OTHER,STRAIGHT AND LEVEL,WET,NO DEFECTS,ON SCENE,INJURY AND / OR TOW DUE TO CRASH,,"OVER $1,500",2025-08-12T14:17:00.000,IMPROPER LANE USAGE,IMPROPER OVERTAKING/PASSING,5425,S,PULASKI RD,822,2,NONINCAPACITATING INJURY,5,0,0,5,0,0,0,14,3,8,41.7942742617,-87.7230433945,"{'type': 'Point', 'coordinates': [-87.723043394499, 41.794274261747]}",,,,,,,,,,
743a25f4cc926b9e83ddb5ad705de65602f1e2389c6e9e7ee10dbcae6ed1af9d5967313261ce27b888e339e3ef3b41f4b5ccb5399844247033af62596110d636,2025-08-12T14:15:00.000,25,STOP SIGN/FLASHER,FUNCTIONING PROPERLY,CLEAR,DAYLIGHT,ANGLE,FOUR WAY,STRAIGHT AND LEVEL,UNKNOWN,NO DEFECTS,ON SCENE,NO INJURY / DRIVE AWAY,Y,"$501 - $1,500",2025-08-12T14:27:00.000,DISREGARDING STOP SIGN,FAILING TO YIELD RIGHT-OF-WAY,2700,S,KEDZIE AVE,1032,2,NO INDICATION OF INJURY,0,0,0,0,0,2,0,14,3,8,41.8426025264,-87.7051278107,"{'type': 'Point', 'coordinates': [-87.705127810739, 41.842602526365]}",,,,,,,,,,
c207585a28a71a28a3e8318470a1bc15cbcab0dfd7b3f1fa25f44becd1af14846974a474cad56e4ec1daad0e62bdf94f86f583513482a59747934104f0a380f0,2025-08-12T14:12:00.000,30,NO CONTROLS,FUNCTIONING PROPERLY,RAIN,DAYLIGHT,REAR END,NOT DIVIDED,STRAIGHT AND LEVEL,WET,NO DEFECTS,ON SCENE,INJURY AND / OR TOW DUE TO CRASH,,"OVER $1,500",2025-08-12T14:36:00.000,WEATHER,FOLLOWING TOO CLOSELY,5352,N,ELSTON AVE,1623,2,NO INDICATION OF INJURY,0,0,0,0,0,2,0,14,3,8,41.9785713155,-87.7573901001,"{'type': 'Point', 'coordinates': [-87.757390100076, 41.978571315477]}",,,,,,,,,,
7d6f05750ca97fcb539b94f265e7c972bc65479990fe457451d9fafff221b2f2d3d4f2dcf8a18c7965a3e23dd366a3af47540cc90c3825e1d0dd26b680dac18f,2025-08-12T14:10:00.000,30,NO CONTROLS,NO CONTROLS,CLOUDY/OVERCAST,DAYLIGHT,TURNING,PARKING LOT,STRAIGHT AND LEVEL,UNKNOWN,UNKNOWN,NOT ON SCENE (DESK REPORT),NO INJURY / DRIVE AWAY,,"$501 - $1,500",2025-08-12T15:02:00.000,FAILING TO YIELD RIGHT-OF-WAY,NOT APPLICABLE,5700,S,LAKE SHORE DR,331,2,NO INDICATION OF INJURY,0,0,0,0,0,2,0,14,3,8,41.7914202821,-87.5801477687,"{'type': 'Point', 'coordinates': [-87.580147768689, 41.791420282098]}",,,,,,,,,,
4499a8acda4f54ad49411e672ec1af4c0a64e2f7a2d5a742e39fd8eda6d7b5250e88a032c8c4ff816fd658ba5d6621dba585f76b41483027a5d42fb3382d3588,2025-08-12T13:51:00.000,30,NO CONTROLS,NO CONTROLS,RAIN,DAYLIGHT,PARKED MOTOR VEHICLE,ALLEY,STRAIGHT AND LEVEL,WET,NO DEFECTS,ON SCENE,NO INJURY / DRIVE AWAY,,"OVER $1,500",2025-08-12T13:52:00.000,DRIVING SKILLS/KNOWLEDGE/EXPERIENCE,NOT APPLICABLE,932,W,WILSON AVE,1914,2,NO INDICATION OF INJURY,0,0,0,0,0,1,0,13,3,8,41.9655553911,-87.6537075262,"{'type': 'Point', 'coordinates': [-87.653707526216, 41.965555391103]}",,,N,Y,,,,,,
651145cdb0bccc4a28944743b74e8a8551f70e6b2567d634b177f7f4317b096b169efbcaa8ef9b6e66d6a283e70411012fa45b1df815ae2b5d72209673521224,2025-08-12T13:50:00.000,30,STOP SIGN/FLASHER,NO CONTROLS,RAIN,DAYLIGHT,REAR END,DIVIDED - W/MEDIAN (NOT RAISED),STRAIGHT AND LEVEL,WET,NO DEFECTS,NOT ON SCENE (DESK REPORT),NO INJURY / DRIVE AWAY,,"OVER $1,500",2025-08-12T14:30:00.000,UNABLE TO DETERMINE,NOT APPLICABLE,7154,S,JEFFERY BLVD,333,2,NO INDICATION OF INJURY,0,0,0,0,0,4,0,13,3,8,41.7644924185,-87.5764114503,"{'type': 'Point', 'coordinates': [-87.576411450261, 41.764492418494]}",,,,,,,,,,
05ea8eeade1935c6fc3540bc403312c777a31b68f4df9ea2933402c00491a56646ee36bd43b474379c567607fdf6c7d624273acfbbc08d94dd3c898a3799c620,2025-08-12T13:37:00.000,30,TRAFFIC SIGNAL,FUNCTIONING PROPERLY,RAIN,DAYLIGHT,SIDESWIPE SAME DIRECTION,DIVIDED - W/MEDIAN (NOT RAISED),STRAIGHT AND LEVEL,WET,NO DEFECTS,ON SCENE,NO INJURY / DRIVE AWAY,,"OVER $1,500",2025-08-12T13:38:00.000,UNABLE TO DETERMINE,DRIVING SKILLS/KNOWLEDGE/EXPERIENCE,5458,S,CENTRAL AVE,811,2,NO INDICATION OF INJURY,0,0,0,0,0,2,0,13,3,8,41.7928237325,-87.7624505723,"{'type': 'Point', 'coordinates': [-87.762450572332, 41.792823732509]}",,,,,,,,,,
bf6e5256eb9745bea9c8811a440b6666a1ec83fccfb20f762f18c0014af5ce5e598d605e866603bae841a8bb221b20bf50e9e4fd6ba7b3b08d4e2c915cc3f7c9,2025-08-12T13:36:00.000,30,NO CONTROLS,NO CONTROLS,CLEAR,DAYLIGHT,PARKED MOTOR VEHICLE,ONE-WAY,STRAIGHT AND LEVEL,DRY,UNKNOWN,ON SCENE,NO INJURY / DRIVE AWAY,Y,$500 OR LESS,2025-08-12T13:36:00.000,UNABLE TO DETERMINE,UNABLE TO DETERMINE,4314,W,DICKENS AVE,2522,2,NO INDICATION OF INJURY,0,0,0,0,0,1,0,13,3,8,41.9190092199,-87.734601217,"{'type': 'Point', 'coordinates': [-87.73460121701, 41.91900921994]}",,,,,,,,,,
cb709a586a82d9e80b3c31bb420c7889c0bb6cdb5759914c4997171aec1ace1caee6801e6b77b89ec84a412aa30d42c69402dcddb2748870d7435312c486c9c5,2025-08-12T13:35:00.000,30,UNKNOWN,UNKNOWN,UNKNOWN,DAYLIGHT,SIDESWIPE SAME DIRECTION,UNKNOWN,STRAIGHT AND LEVEL,OTHER,UNKNOWN,NOT ON SCENE (DESK REPORT),NO INJURY / DRIVE AWAY,,"OVER $1,500",2025-08-12T15:20:00.000,UNABLE TO DETERMINE,UNABLE TO DETERMINE,5998,N,ROGERS AVE,1711,2,NO INDICATION OF INJURY,0,0,0,0,0,2,0,13,3,8,41.9900670491,-87.7330414099,"{'type': 'Point', 'coordinates': [-87.733041409916, 41.990067049143]}",,,,,,,,,,
4f6eaf1d0ecb9af9f26536b7079b40f5b4694dff1a3042dac11119bc488c064f949d7c4e8c086d0d4ccacd83d054d06fc48e2ee103d66da8def5851e43f849ae,2025-08-12T13:30:00.000,30,STOP SIGN/FLASHER,FUNCTIONING PROPERLY,CLEAR,DAYLIGHT,REAR END,NOT DIVIDED,STRAIGHT AND LEVEL,DRY,NO DEFECTS,NOT ON SCENE (DESK REPORT),NO INJURY / DRIVE AWAY,Y,"OVER $1,500",2025-08-12T13:45:00.000,FOLLOWING TOO CLOSELY,FAILING TO REDUCE SPEED TO AVOID CRASH,2100,W,83RD ST,614,2,NO INDICATION OF INJURY,0,0,0,0,0,3,0,13,3,8,41.7430197344,-87.6754677369,"{'type': 'Point', 'coordinates': [-87.675467736851, 41.743019734353]}",,,,,,,,,,
71087816727cff07b83b27f11e563b9df2c30a5d4e5a3a5fa52560c6a23ccaf860bba830b0d7b552626a91d03b5ebb3643829694cfad5c89a8b0f33186f87281,2025-08-12T13:30:00.000,30,UNKNOWN,UNKNOWN,RAIN,DAYLIGHT,SIDESWIPE SAME DIRECTION,NOT DIVIDED,STRAIGHT AND LEVEL,UNKNOWN,UNKNOWN,NOT ON SCENE (DESK REPORT),NO INJURY / DRIVE AWAY,,"OVER $1,500",2025-08-12T14:20:00.000,UNABLE TO DETERMINE,UNABLE TO DETERMINE,333,W,WACKER DR,122,2,NO INDICATION OF INJURY,0,0,0,0,0,2,0,13,3,8,41.8860254125,-87.6362977032,"{'type': 'Point', 'coordinates': [-87.63629770323, 41.886025412541]}",,,,,,,,,,
7c173e5a9e834214b35a374b381c0962deb91e976423b04b9d9299ad4bc4f85c0b008977df58b584eb58237dbdeb4f5e1df06df29526b0ac5769d9b2e212468e,2025-08-12T13:30:00.000,25,UNKNOWN,UNKNOWN,UNKNOWN,UNKNOWN,PARKED MOTOR VEHICLE,PARKING LOT,STRAIGHT AND LEVEL,UNKNOWN,UNKNOWN,NOT ON SCENE (DESK REPORT),NO INJURY / DRIVE AWAY,,"OVER $1,500",2025-08-12T15:00:00.000,NOT APPLICABLE,NOT APPLICABLE,641,N,CLARK ST,1832,2,NO INDICATION OF INJURY,0,0,0,0,0,1,0,13,3,8,41.8936322938,-87.6310300083,"{'type': 'Point', 'coordinates': [-87.631030008305, 41.893632293807]}",,,,,,,,,,
89feb7cbabb4a3f6fd4b3d9fb2bb272056efb2f4f042b25192707a0bbc9e7d355ed950d73e27dcbf10ae126f0520ba8dbd8fd19ac9efdd786d474560b170cee1,2025-08-12T13:30:00.000,30,TRAFFIC SIGNAL,FUNCTIONING PROPERLY,CLEAR,DAYLIGHT,TURNING,DIVIDED - W/MEDIAN (NOT RAISED),STRAIGHT AND LEVEL,DRY,NO DEFECTS,NOT ON SCENE (DESK REPORT),NO INJURY / DRIVE AWAY,Y,$500 OR LESS,2025-08-12T14:15:00.000,UNABLE TO DETERMINE,NOT APPLICABLE,5458,S,CENTRAL AVE,811,2,NO INDICATION OF INJURY,0,0,0,0,0,2,0,13,3,8,41.7928237325,-87.7624505723,"{'type': 'Point', 'coordinates': [-87.762450572332, 41.792823732509]}",,,,,,,,,,
f3e74d8de07629f70c6f76b4875ee56e63a21ee02348652982e16e34eaee95125c30c8fe8440b875dcc93f8720f02b6e70c0f3cf413c746588d01909d547f3be,2025-08-12T13:30:00.000,30,UNKNOWN,UNKNOWN,UNKNOWN,DAYLIGHT,REAR END,UNKNOWN,STRAIGHT AND LEVEL,UNKNOWN,UNKNOWN,NOT ON SCENE (DESK REPORT),NO INJURY / DRIVE AWAY,,"OVER $1,500",2025-08-12T17:50:00.000,UNABLE TO DETERMINE,UNABLE TO DETERMINE,5531,N,NAGLE AVE,1622,2,NO INDICATION OF INJURY,0,0,0,0,0,2,0,13,3,8,41.9820111293,-87.7876050701,"{'type': 'Point', 'coordinates': [-87.787605070098, 41.982011129306]}",,,,,,,,,,
7269308f1ccc700ac39986c0bf99ac4ae4eb69ba98187bab61fe11155343fe57c20ca3ecf68289b08582a7197ef01d47d46147467a0af1dd69348ef19db3e54e,2025-08-12T13:27:00.000,30,NO CONTROLS,NO CONTROLS,CLEAR,DAYLIGHT,PARKED MOTOR VEHICLE,DIVIDED - W/MEDIAN (NOT RAISED),STRAIGHT AND LEVEL,DRY,NO DEFECTS,ON SCENE,NO INJURY / DRIVE AWAY,,"$501 - $1,500",2025-08-12T13:28:00.000,DRIVING SKILLS/KNOWLEDGE/EXPERIENCE,NOT APPLICABLE,3241,N,KEDZIE AVE,1733,2,NO INDICATION OF INJURY,0,0,0,0,0,1,0,13,3,8,41.9405251047,-87.7075109443,"{'type': 'Point', 'coordinates': [-87.707510944338, 41.94052510469]}",,,Y,Y,,,,,,