crash_record_id,crash_date,posted_speed_limit,traffic_control_device,device_condition,weather_condition,lighting_condition,first_crash_type,trafficway_type,alignment,roadway_surface_cond,road_defect,report_type,crash_type,intersection_related_i,damage,date_police_notified,prim_contributory_cause,sec_contributory_cause,street_no,street_direction,street_name,beat_of_occurrence,num_units,most_severe_injury,injuries_total,injuries_fatal,injuries_incapacitating,injuries_non_incapacitating,injuries_reported_not_evident,injuries_no_indication,injuries_unknown,crash_hour,crash_day_of_week,crash_month,latitude,longitude,location,private_property_i,photos_taken_i,hit_and_run_i,statements_taken_i,crash_date_est_i,work_zone_i,work_zone_type,dooring_i,lane_cnt,workers_present_i
f1c809fadc94fc992a6faf08d0bf3270d03cc6adad9cd9a9719105a77a8e3ed5d5f73f40bffc2ad468d1a250d89f9ee03ae38591ca482f12fa79a3739e72b289,2025-08-12T13:25:00.000,30,TRAFFIC SIGNAL,FUNCTIONING PROPERLY,RAIN,DAYLIGHT,PEDESTRIAN,NOT DIVIDED,STRAIGHT AND LEVEL,WET,UNKNOWN,NOT ON SCENE (DESK REPORT),INJURY AND / OR TOW DUE TO CRASH,,"$501 - $1,500",2025-08-12T13:25:00.000,UNABLE TO DETERMINE,UNABLE TO DETERMINE,5701,S,PULASKI RD,822,2,INCAPACITATING INJURY,1,0,1,0,0,6,0,13,3,8,41.7895331156,-87.7229138465,"{'type': 'Point', 'coordinates': [-87.722913846481, 41.789533115582]}",,,,,,,,,,
8fdf54e9e3ab2d8a09e3e8747ea49c5a7a94892ce6f0c297f23522fb07bd3fc872e58ad0c1f338c4eef1dd6c5eb27e302cb2e7556267381907e9f6a3578ed7c0,2025-08-12T13:18:00.000,15,NO CONTROLS,NO CONTROLS,CLEAR,DAYLIGHT,ANGLE,ALLEY,STRAIGHT AND LEVEL,UNKNOWN,UNKNOWN,NOT ON SCENE (DESK REPORT),NO INJURY / DRIVE AWAY,,"OVER $1,500",2025-08-12T15:37:00.000,UNABLE TO DETERMINE,UNABLE TO DETERMINE,6425,N,MOZART ST,2412,2,NO INDICATION OF INJURY,0,0,0,0,0,2,0,13,3,8,41.998311232,-87.7007414128,"{'type': 'Point', 'coordinates': [-87.700741412808, 41.99831123197]}",,,,,,,,,,
7e226c0a3daaa2a195d940750a313defd03a0cd8a1b21e484e71978620d0201c6b3c697fb613cdbfc009f1a18b3654e9f1085c16f5d2d993f8688ffb010fceff,2025-08-12T13:15:00.000,30,UNKNOWN,UNKNOWN,CLEAR,DAYLIGHT,ANGLE,UNKNOWN,STRAIGHT AND LEVEL,UNKNOWN,UNKNOWN,NOT ON SCENE (DESK REPORT),NO INJURY / DRIVE AWAY,,"OVER $1,500",2025-08-12T15:06:00.000,NOT APPLICABLE,NOT APPLICABLE,4010,N,WESTERN AVE,1911,2,NO INDICATION OF INJURY,0,0,0,0,0,2,0,13,3,8,41.9543760632,-87.6886228782,"{'type': 'Point', 'coordinates': [-87.688622878247, 41.954376063153]}",,,,,,,,,,
3f4aeb628e7d109eb7923abef8c192efce57326dfe97e0aa4a42affc5310f7e13b6d6a4c8c2520bebfe3e32e687d6fe6e012dade7dde1330818fb42873a00783,2025-08-12T13:00:00.000,30,NO CONTROLS,NO CONTROLS,CLEAR,DAYLIGHT,SIDESWIPE SAME DIRECTION,NOT DIVIDED,STRAIGHT AND LEVEL,DRY,NO DEFECTS,NOT ON SCENE (DESK REPORT),NO INJURY / DRIVE AWAY,,"OVER $1,500",2025-08-13T09:15:00.000,UNABLE TO DETERMINE,UNABLE TO DETERMINE,1001,W,NORTH AVE,1822,2,NO INDICATION OF INJURY,0,0,0,0,0,2,0,13,3,8,41.9107292921,-87.6531526219,"{'type': 'Point', 'coordinates': [-87.653152621895, 41.910729292099]}",,,,,Y,,,,,
b0682378a6ebbe53410ddb1fa77815bede36a666955e89f6810f5208e98e5a9668cd42b67cb6475e6a989757cbeedfa5d7bc67b3ae4f5ce2e403271aefa86bdd,2025-08-12T13:00:00.000,35,NO CONTROLS,NO CONTROLS,CLEAR,DAYLIGHT,REAR END,NOT DIVIDED,STRAIGHT AND LEVEL,DRY,NO DEFECTS,NOT ON SCENE (DESK REPORT),NO INJURY / DRIVE AWAY,,"$501 - $1,500",2025-08-12T14:10:00.000,UNABLE TO DETERMINE,NOT APPLICABLE,5326,W,LAWRENCE AVE,1623,2,NO INDICATION OF INJURY,0,0,0,0,0,2,0,13,3,8,41.9679788384,-87.7605462619,"{'type': 'Point', 'coordinates': [-87.760546261892, 41.967978838386]}",,,,,,,,,,
d89f34585bf92860a96bdb14bc1228f8180098f6c5be28365fb8de7a5b56bff389d98f42d23d3e1df339d174a9ba885469c4eb24d3a330b6c46f7974f3de633a,2025-08-12T13:00:00.000,30,UNKNOWN,NO CONTROLS,UNKNOWN,DUSK,TURNING,UNKNOWN,STRAIGHT AND LEVEL,UNKNOWN,NO DEFECTS,NOT ON SCENE (DESK REPORT),NO INJURY / DRIVE AWAY,,"OVER $1,500",2025-08-12T14:12:00.000,NOT APPLICABLE,NOT APPLICABLE,4900,S,CICERO AVE,814,2,NO INDICATION OF INJURY,0,0,0,0,0,2,0,13,3,8,41.8038771466,-87.7432043372,"{'type': 'Point', 'coordinates': [-87.743204337182, 41.803877146599]}",,,,,,,,,,
cce68e53fd28179a1a0c071b28672fb2e2570ab710f2523161435b7b1acb4aecd4feb0223ef7baa993fa057f4ebe0a6edb7bbcb9198037c61e038a1733fdb246,2025-08-12T12:56:00.000,30,NO CONTROLS,NO CONTROLS,UNKNOWN,DAYLIGHT,REAR TO REAR,PARKING LOT,STRAIGHT AND LEVEL,UNKNOWN,NO DEFECTS,NOT ON SCENE (DESK REPORT),NO INJURY / DRIVE AWAY,,"$501 - $1,500",2025-08-12T13:50:00.000,UNABLE TO DETERMINE,NOT APPLICABLE,1655,E,95TH ST,431,2,NO INDICATION OF INJURY,0,0,0,0,0,2,0,12,3,8,41.7222631981,-87.5829176346,"{'type': 'Point', 'coordinates': [-87.582917634619, 41.722263198134]}",,,,,,,,,,
2e5fb5ada96796f6813f1bfa43ab0a4679cd7124494b0697780bdd2fc7f0632199e7f504c952685b218f1c6ce57d067b30a36e00db91265489019e3d3957855b,2025-08-12T12:54:00.000,30,NO CONTROLS,UNKNOWN,CLEAR,DAYLIGHT,PARKED MOTOR VEHICLE,DIVIDED - W/MEDIAN (NOT RAISED),STRAIGHT AND LEVEL,DRY,NO DEFECTS,ON SCENE,NO INJURY / DRIVE AWAY,,$500 OR LESS,2025-08-12T12:54:00.000,FOLLOWING TOO CLOSELY,FOLLOWING TOO CLOSELY,403,N,WABASH AVE,1834,2,NO INDICATION OF INJURY,0,0,0,0,0,1,0,12,3,8,41.8893933579,-87.6265145675,"{'type': 'Point', 'coordinates': [-87.626514567496, 41.889393357851]}",,,Y,,,,,,,
f20ec71c021693b85599a4d13b283dcddc06adc0e0a43c37aac29e17a71aa5a91fea22942deb30ab82ad7ad2cf990ffbb305583fac6436ca9ae6408b34de3b0b,2025-08-12T12:45:00.000,30,UNKNOWN,UNKNOWN,UNKNOWN,UNKNOWN,REAR END,NOT DIVIDED,STRAIGHT AND LEVEL,UNKNOWN,UNKNOWN,NOT ON SCENE (DESK REPORT),NO INJURY / DRIVE AWAY,,$500 OR LESS,2025-08-12T13:36:00.000,UNABLE TO DETERMINE,UNABLE TO DETERMINE,2801,W,DEVON AVE,2413,2,NO INDICATION OF INJURY,0,0,0,0,0,2,0,12,3,8,41.9974500494,-87.6996997862,"{'type': 'Point', 'coordinates': [-87.69969978623, 41.997450049375]}",,,Y,,,,,,,
fce7baa7dfa033681d5b37205ef722d482fff9f0efd5316a2028c178c82a8a0733af5be4629624931e9183f26f7fba88c2461acc02ebda9e0916a80145bcce90,2025-08-12T12:30:00.000,35,NO CONTROLS,NO CONTROLS,CLEAR,DAYLIGHT,FIXED OBJECT,DIVIDED - W/MEDIAN (NOT RAISED),STRAIGHT AND LEVEL,DRY,UNKNOWN,ON SCENE,NO INJURY / DRIVE AWAY,,"OVER $1,500",2025-08-12T12:30:00.000,NOT APPLICABLE,NOT APPLICABLE,5959,S,HARLEM AVE,812,1,NO INDICATION OF INJURY,0,0,0,0,0,1,0,12,3,8,41.7828905426,-87.8009926655,"{'type': 'Point', 'coordinates': [-87.800992665468, 41.782890542639]}",,,,,,,,,,
297870f33ab7b11b9624cf34713765d53a322485233ebb4f604aa5f016eca17c11f636e078784e2723cd96eb192cc3098f3551954b463cb3c30261b4cd0a6741,2025-08-12T12:20:00.000,25,NO CONTROLS,NO CONTROLS,CLEAR,DAYLIGHT,TURNING,NOT DIVIDED,STRAIGHT AND LEVEL,DRY,NO DEFECTS,ON SCENE,NO INJURY / DRIVE AWAY,,$500 OR LESS,2025-08-12T13:20:00.000,UNABLE TO DETERMINE,UNABLE TO DETERMINE,6200,S,ARCHER AVE,811,2,NO INDICATION OF INJURY,0,0,0,0,0,3,0,12,3,8,41.7939420483,-87.7746332149,"{'type': 'Point', 'coordinates': [-87.774633214946, 41.793942048308]}",,,,,,,,,,
82023dba1d9f98bd1500ef3428eedaa3ff0542479a6478069fbc279cf1dbcdfb073b4b4a93d6b5f661946f0ae84219a05e863761a006ef915428ed42aee5bef9,2025-08-12T12:20:00.000,35,TRAFFIC SIGNAL,FUNCTIONING PROPERLY,CLEAR,DAYLIGHT,ANGLE,FOUR WAY,STRAIGHT AND LEVEL,DRY,NO DEFECTS,ON SCENE,INJURY AND / OR TOW DUE TO CRASH,Y,"OVER $1,500",2025-08-12T12:30:00.000,DISREGARDING TRAFFIC SIGNALS,DISREGARDING TRAFFIC SIGNALS,6900,S,ASHLAND AVE,735,2,NONINCAPACITATING INJURY,2,0,0,1,1,1,0,12,3,8,41.7684549099,-87.664038433,"{'type': 'Point', 'coordinates': [-87.664038433009, 41.768454909931]}",,,,,,,,,,
92cd6592b080d5666cd5646dacf3c629df8f82b5704500bc96a8a1545ac1be3c498aab5b5971da980f0b3ad30f8936fb157cd3811f5a585269a5852a004de946,2025-08-12T12:20:00.000,30,UNKNOWN,UNKNOWN,CLEAR,DAYLIGHT,REAR END,NOT DIVIDED,STRAIGHT AND LEVEL,UNKNOWN,UNKNOWN,NOT ON SCENE (DESK REPORT),NO INJURY / DRIVE AWAY,,"OVER $1,500",2025-08-12T13:40:00.000,UNABLE TO DETERMINE,UNABLE TO DETERMINE,2056,N,LINCOLN PARK WEST,1814,2,NO INDICATION OF INJURY,0,0,0,0,0,2,0,12,3,8,41.9200705708,-87.6365467304,"{'type': 'Point', 'coordinates': [-87.636546730397, 41.920070570755]}",,,,,,,,,,
a85b438bba510277bbf4388b3f384608cddee9ed92e1c5d7be234d553a33c03dd29e0a45f892102d60cb0c9d821f9f2db12604ae399318c5e9abc2b41f9495a5,2025-08-12T12:20:00.000,30,NO CONTROLS,NO CONTROLS,CLEAR,DAYLIGHT,TURNING,DIVIDED - W/MEDIAN (NOT RAISED),STRAIGHT AND LEVEL,DRY,NO DEFECTS,NOT ON SCENE (DESK REPORT),NO INJURY / DRIVE AWAY,,"OVER $1,500",2025-08-12T12:20:00.000,IMPROPER TURNING/NO SIGNAL,IMPROPER TURNING/NO SIGNAL,6430,S,CICERO AVE,813,2,NO INDICATION OF INJURY,0,0,0,0,0,2,0,12,3,8,41.7756633676,-87.7423278111,"{'type': 'Point', 'coordinates': [-87.742327811139, 41.775663367554]}",,,,,,,,,,
73888202e88dae6884a140c105a97fdacfaddf9c5664e38ebe51b345314042ff4f65e904dbdb1356f81faba33e0b5cb77bb6096511ee6b9dff2bb867edcd373d,2025-08-12T12:17:00.000,35,TRAFFIC SIGNAL,FUNCTIONING PROPERLY,CLEAR,DAYLIGHT,PEDESTRIAN,NOT DIVIDED,STRAIGHT AND LEVEL,DRY,NO DEFECTS,ON SCENE,INJURY AND / OR TOW DUE TO CRASH,Y,$500 OR LESS,2025-08-12T12:17:00.000,FAILING TO YIELD RIGHT-OF-WAY,NOT APPLICABLE,4956,N,SHERIDAN RD,2024,2,NONINCAPACITATING INJURY,1,0,0,1,0,1,0,12,3,8,41.9732246038,-87.6550734978,"{'type': 'Point', 'coordinates': [-87.655073497763, 41.97322460375]}",,,Y,,,,,,,
d5fa5e4eb04a97080578ee67b5d6ceaa2a1d92089c3605082bc308c56cf8a64ca1c43b2236adf3e382ece19ee3daa035c7cb2128fa4a2bd089e59b0abe5fee6a,2025-08-12T12:17:00.000,30,TRAFFIC SIGNAL,FUNCTIONING PROPERLY,CLEAR,DAYLIGHT,SIDESWIPE SAME DIRECTION,NOT DIVIDED,STRAIGHT AND LEVEL,DRY,NO DEFECTS,NOT ON SCENE (DESK REPORT),NO INJURY / DRIVE AWAY,Y,"OVER $1,500",2025-08-12T12:40:00.000,IMPROPER LANE USAGE,UNABLE TO DETERMINE,4405,W,PETERSON AVE,1711,2,NO INDICATION OF INJURY,0,0,0,0,0,2,0,12,3,8,41.9899048603,-87.7385719254,"{'type': 'Point', 'coordinates': [-87.738571925449, 41.98990486028]}",,,,,,,,,,
d5a52af9f134d78d24b6d67c1f1d16f839d71066309ff33f3740bea2d050956c9d64374eab8b3275d35cf63569395c900151245f507b02d5a4247071dfde0700,2025-08-12T11:52:00.000,15,NO CONTROLS,NO CONTROLS,CLEAR,DAYLIGHT,ANGLE,PARKING LOT,STRAIGHT AND LEVEL,UNKNOWN,UNKNOWN,ON SCENE,NO INJURY / DRIVE AWAY,,"OVER $1,500",2025-08-12T11:53:00.000,IMPROPER BACKING,DRIVING SKILLS/KNOWLEDGE/EXPERIENCE,6460,W,FULLERTON AVE,2512,2,NO INDICATION OF INJURY,0,0,0,0,0,4,0,11,3,8,41.9237693534,-87.787626099,"{'type': 'Point', 'coordinates': [-87.787626098972, 41.923769353437]}",,,,,,,,,,
b8874b6ffb4b199cc9dc003750a777c91ece33d0250c7e789b9ffda003aa441f36249f13ad46324b4527db1bbfdc7b4af146d0b483ec449cbf27893c32504226,2025-08-12T11:48:00.000,30,NO CONTROLS,NO CONTROLS,CLEAR,DAYLIGHT,REAR END,NOT DIVIDED,STRAIGHT AND LEVEL,DRY,UNKNOWN,NOT ON SCENE (DESK REPORT),NO INJURY / DRIVE AWAY,,"OVER $1,500",2025-08-12T14:30:00.000,FOLLOWING TOO CLOSELY,UNABLE TO DETERMINE,1955,E,95TH ST,431,2,NO INDICATION OF INJURY,0,0,0,0,0,2,0,11,3,8,41.7223567785,-87.5755966879,"{'type': 'Point', 'coordinates': [-87.575596687932, 41.722356778466]}",,,Y,,,,,,,
f7dfb9655ec40e8a5fc6c4afc3fa5c13512a44eb223eddd07ac4a34ab161709c87569b6e1f74d755145e96c7a091e8ff6e1537d90f7e0b16d59631d6a96d11fa,2025-08-12T11:40:00.000,25,STOP SIGN/FLASHER,FUNCTIONING PROPERLY,CLEAR,DAYLIGHT,TURNING,NOT DIVIDED,STRAIGHT AND LEVEL,DRY,NO DEFECTS,ON SCENE,NO INJURY / DRIVE AWAY,Y,"OVER $1,500",2025-08-12T11:41:00.000,IMPROPER LANE USAGE,UNABLE TO DETERMINE,932,N,DEARBORN ST,1832,2,NO INDICATION OF INJURY,0,0,0,0,0,2,0,11,3,8,41.8997691351,-87.6300057236,"{'type': 'Point', 'coordinates': [-87.630005723602, 41.899769135138]}",,,,,,,,,,
39eceb0e0d85ffc0a8249af676b0a3cf2f70b03ae967454021de92325af2162ed28d8ae212d935300760d18a8ed6af7492d940db906dcdfb4d249dc518e10799,2025-08-12T11:37:00.000,40,TRAFFIC SIGNAL,FUNCTIONING PROPERLY,CLEAR,DAYLIGHT,SIDESWIPE SAME DIRECTION,DIVIDED - W/MEDIAN (NOT RAISED),STRAIGHT AND LEVEL,DRY,NO DEFECTS,ON SCENE,NO INJURY / DRIVE AWAY,,"OVER $1,500",2025-08-12T11:38:00.000,IMPROPER OVERTAKING/PASSING,UNABLE TO DETERMINE,3950,W,87TH ST,834,2,NO INDICATION OF INJURY,0,0,0,0,0,2,0,11,3,8,41.7349773345,-87.7209724819,"{'type': 'Point', 'coordinates': [-87.720972481856, 41.734977334547]}",,,,,,,,,,
4d24ceba219aa8a69a81f9cf72aa055167a7685a7c81a53002b8afabfb1f5cf682fc28dabb04f33f1846c298123d94c91b44a4934bdbfcce73931c4eea8bddf0,2025-08-12T11:30:00.000,30,STOP SIGN/FLASHER,FUNCTIONING PROPERLY,CLEAR,DAYLIGHT,ANGLE,DIVIDED - W/MEDIAN BARRIER,STRAIGHT AND LEVEL,DRY,NO DEFECTS,NOT ON SCENE (DESK REPORT),NO INJURY / DRIVE AWAY,Y,"OVER $1,500",2025-08-12T12:00:00.000,DISREGARDING STOP SIGN,FAILING TO YIELD RIGHT-OF-WAY,1048,W,RANDOLPH ST,1224,2,NO INDICATION OF INJURY,0,0,0,0,0,2,0,11,3,8,41.8844011051,-87.6540314082,"{'type': 'Point', 'coordinates': [-87.654031408159, 41.884401105097]}",,,,,,,,,,
4601a0ef0781f4f82608ec3635049cfe9f514aadf81249f8755e208690bf36fc8762b83d80b4d9e3823ed1c14c5550eeeb638e2ea2f62f3bd77976b810416eb9,2025-08-12T11:27:00.000,30,TRAFFIC SIGNAL,UNKNOWN,CLEAR,DAYLIGHT,SIDESWIPE SAME DIRECTION,NOT DIVIDED,STRAIGHT AND LEVEL,DRY,UNKNOWN,NOT ON SCENE (DESK REPORT),NO INJURY / DRIVE AWAY,Y,"OVER $1,500",2025-08-12T11:27:00.000,FAILING TO YIELD RIGHT-OF-WAY,FAILING TO YIELD RIGHT-OF-WAY,7900,S,COTTAGE GROVE AVE,624,2,NO INDICATION OF INJURY,0,0,0,0,0,2,0,11,3,8,41.7511943382,-87.6053673263,"{'type': 'Point', 'coordinates': [-87.60536732633, 41.751194338222]}",,,,N,,,,,,
f92985af3b686802f979b466693557bb1ea1c77c7289c0ad24455b61dab7bc147885cb163535f884227d116f7f8fab97660cd80802140e51595e32964b642b21,2025-08-12T11:24:00.000,30,NO CONTROLS,NO CONTROLS,CLEAR,DAYLIGHT,PARKED MOTOR VEHICLE,NOT DIVIDED,STRAIGHT AND LEVEL,DRY,NO DEFECTS,ON SCENE,NO INJURY / DRIVE AWAY,,"$501 - $1,500",2025-08-12T11:33:00.000,UNABLE TO DETERMINE,UNABLE TO DETERMINE,104,S,RACINE AVE,1224,2,NO INDICATION OF INJURY,0,0,0,0,0,1,0,11,3,8,41.8801430664,-87.6572406821,"{'type': 'Point', 'coordinates': [-87.657240682126, 41.880143066421]}",,,Y,,,,,,,
8f7f1103919775cb502a9bfdd47dd53000031aab25160b4b976d01b3ab6f7420c3b56bdd6e3d7419d19f7987ad66458fcc454a7718cc1b1a188796181633328d,2025-08-12T11:21:00.000,30,TRAFFIC SIGNAL,FUNCTIONING PROPERLY,CLEAR,DAYLIGHT,PEDESTRIAN,DIVIDED - W/MEDIAN (NOT RAISED),STRAIGHT AND LEVEL,DRY,NO DEFECTS,ON SCENE,INJURY AND / OR TOW DUE TO CRASH,,$500 OR LESS,2025-08-12T11:23:00.000,UNABLE TO DETERMINE,UNABLE TO DETERMINE,1,E,8TH ST,123,2,NONINCAPACITATING INJURY,1,0,0,1,0,1,0,11,3,8,41.8716977697,-87.6274844726,"{'type': 'Point', 'coordinates': [-87.627484472649, 41.871697769698]}",,,,,,,,,,
492918c691cedcb386ca0c28b702a832c9af5783410681175de8df9f0dca06793e308baa2042aa638274a68dc20ae9e6735fc784d8fd9cdafaa7e73abee5e956,2025-08-12T11:20:00.000,30,NO CONTROLS,NO CONTROLS,UNKNOWN,DAYLIGHT,TURNING,NOT DIVIDED,STRAIGHT AND LEVEL,UNKNOWN,UNKNOWN,NOT ON SCENE (DESK REPORT),NO INJURY / DRIVE AWAY,,"OVER $1,500",2025-08-12T12:15:00.000,FAILING TO YIELD RIGHT-OF-WAY,IMPROPER TURNING/NO SIGNAL,2221,N,LINCOLN AVE,1812,2,NO INDICATION OF INJURY,0,0,0,0,0,2,0,11,3,8,41.9224779134,-87.6443990471,"{'type': 'Point', 'coordinates': [-87.644399047051, 41.922477913374]}",,,,,,,,,,
4c53be1e510b5a93903faa470d7c6097fbaeea842869515fdc3fdcb03eb90525d72943166a30d4d6545cd9cde80fdacf189a29350149f220bd2dc7ebe8dcd4fd,2025-08-12T11:20:00.000,30,NO CONTROLS,NO CONTROLS,CLEAR,DAYLIGHT,REAR END,NOT DIVIDED,STRAIGHT AND LEVEL,DRY,NO DEFECTS,,NO INJURY / DRIVE AWAY,,"$501 - $1,500",2025-08-12T12:00:00.000,FOLLOWING TOO CLOSELY,FOLLOWING TOO CLOSELY,6430,N,SHERIDAN RD,2432,2,NO INDICATION OF INJURY,0,0,0,0,0,2,0,11,3,8,41.9991319138,-87.6608100512,"{'type': 'Point', 'coordinates': [-87.660810051238, 41.9991319138]}",,,,,,,,,,
d8db1c823504d4169536cea8eb55c6e8773eea7efd009ec1f3d79fc2b898d43957e751d7e4584406b6c1259a55dcbc4136e722a2d82ac6bd8069bcd2a5595cdd,2025-08-12T11:15:00.000,30,NO CONTROLS,NO CONTROLS,CLEAR,DAYLIGHT,SIDESWIPE SAME DIRECTION,T-INTERSECTION,STRAIGHT AND LEVEL,DRY,NO DEFECTS,NOT ON SCENE (DESK REPORT),NO INJURY / DRIVE AWAY,Y,"OVER $1,500",2025-08-12T12:00:00.000,FAILING TO YIELD RIGHT-OF-WAY,UNABLE TO DETERMINE,2407,N,LAMON AVE,2521,2,NO INDICATION OF INJURY,0,0,0,0,0,2,0,11,3,8,41.9244721924,-87.7486345198,"{'type': 'Point', 'coordinates': [-87.748634519782, 41.924472192413]}",,,,,,,,,,
8394163d4b18a07f3238a62c8d5ebe3db23c7ae9e36201ce893fd4a7b8164709cad6de88877f880c6b317a0ee201f1c3b653eca21d6fb0c0f5544cf4775ead95,2025-08-12T11:13:00.000,30,STOP SIGN/FLASHER,UNKNOWN,CLEAR,DAYLIGHT,TURNING,NOT DIVIDED,STRAIGHT AND LEVEL,DRY,NO DEFECTS,NOT ON SCENE (DESK REPORT),NO INJURY / DRIVE AWAY,Y,"OVER $1,500",2025-08-12T11:34:00.000,UNABLE TO DETERMINE,"VISION OBSCURED (SIGNS, TREE LIMBS, BUILDINGS, ETC.)",532,E,51ST ST,223,2,NO INDICATION OF INJURY,0,0,0,0,0,2,0,11,3,8,41.8022572259,-87.6127413654,"{'type': 'Point', 'coordinates': [-87.612741365379, 41.802257225945]}",,,,,,,,,,
d3732b96d7f76579960f2399275956ca594ddf49ad44af4eb36c237ec2f4be97d67d17d625d18b97ebed8d7297d07a66659a8a9587e97efecda003b9d7a70461,2025-08-12T11:10:00.000,20,NO CONTROLS,NO CONTROLS,CLEAR,DAYLIGHT,TURNING,NOT DIVIDED,STRAIGHT AND LEVEL,DRY,NO DEFECTS,ON SCENE,INJURY AND / OR TOW DUE TO CRASH,,"OVER $1,500",2025-08-12T11:15:00.000,FAILING TO YIELD RIGHT-OF-WAY,IMPROPER TURNING/NO SIGNAL,850,W,OHARE ST,1654,2,NO INDICATION OF INJURY,0,0,0,0,0,2,0,11,3,8,,,,,,,,,,,,,
61a0f4a9a9764687082e8571135e57afb43831137155838da45780772e2989f5c96ea89c9cd61ffd53dd32aa4b19a9a333701e204714d6327827fb8889499ab5,2025-08-12T11:00:00.000,30,NO CONTROLS,NO CONTROLS,CLEAR,DAYLIGHT,TURNING,FOUR WAY,STRAIGHT AND LEVEL,DRY,NO DEFECTS,NOT ON SCENE (DESK REPORT),NO INJURY / DRIVE AWAY,Y,"OVER $1,500",2025-08-12T13:45:00.000,UNABLE TO DETERMINE,UNABLE TO DETERMINE,65,W,HARRISON ST,123,2,NO INDICATION OF INJURY,0,0,0,0,0,4,0,11,3,8,41.8744211109,-87.6299257339,"{'type': 'Point', 'coordinates': [-87.629925733868, 41.874421110906]}",,,,,,,,,,
865ec1f740b85ff34e91b573eeaa13db6cbf30f6dd553eec34b58b4533b423869af31f32c77310e64fe825c4bfc45db626eb9947c5ab4bb1f3c58b544052872e,2025-08-12T11:00:00.000,15,NO CONTROLS,NO CONTROLS,UNKNOWN,DAYLIGHT,FIXED OBJECT,PARKING LOT,STRAIGHT AND LEVEL,UNKNOWN,UNKNOWN,ON SCENE,NO INJURY / DRIVE AWAY,,"OVER $1,500",2025-08-12T16:17:00.000,UNABLE TO DETERMINE,NOT APPLICABLE,4343,W,PETERSON AVE,1711,1,NO INDICATION OF INJURY,0,0,0,0,0,1,0,11,3,8,41.9899096859,-87.7378314787,"{'type': 'Point', 'coordinates': [-87.737831478694, 41.989909685926]}",N,,,,Y,,,,,
f48f090b716d1ceb67bf79fbb43ff9bc1a8c9dd94e704543ee51103448accfc75a5754281aa08d3ec96e82641b95ce2f25671f4dec1474cb04e262c116ebfd56,2025-08-12T11:00:00.000,30,NO CONTROLS,NO CONTROLS,CLOUDY/OVERCAST,DAYLIGHT,TURNING,NOT DIVIDED,STRAIGHT AND LEVEL,DRY,NO DEFECTS,ON SCENE,NO INJURY / DRIVE AWAY,,"$501 - $1,500",2025-08-12T11:51:00.000,IMPROPER TURNING/NO SIGNAL,DRIVING SKILLS/KNOWLEDGE/EXPERIENCE,1139,S,CANAL ST,124,2,NO INDICATION OF INJURY,0,0,0,0,0,2,0,11,3,8,41.8678744789,-87.6390645753,"{'type': 'Point', 'coordinates': [-87.639064575272, 41.867874478935]}",,,,,,,,,,
6ca475db3d162218694bb3c9fa2f1e13d47f54d63f64e8ac3920c232795a592b61ee93d55785d1072cb7c6f80ef13a107cac757348460f446c33b27ecb5777f2,2025-08-12T10:50:00.000,30,NO CONTROLS,NO CONTROLS,CLEAR,DAYLIGHT,TURNING,NOT DIVIDED,STRAIGHT AND LEVEL,DRY,NO DEFECTS,NOT ON SCENE (DESK REPORT),NO INJURY / DRIVE AWAY,,"OVER $1,500",2025-08-12T11:15:00.000,UNABLE TO DETERMINE,NOT APPLICABLE,9801,S,HALSTED ST,2223,2,NO INDICATION OF INJURY,0,0,0,0,0,2,0,10,3,8,41.7158749437,-87.6429171994,"{'type': 'Point', 'coordinates': [-87.642917199365, 41.715874943679]}",,Y,,,,,,,,
4268c4d1c1de1fee3113ae94e3abe125623a9e30f8edbbcf65d53b096664f7cec71f41b33c7c963f9501a1d8fcf76e88a7f3dbf946cce563ef5083873681fc3d,2025-08-12T10:35:00.000,30,TRAFFIC SIGNAL,FUNCTIONING PROPERLY,CLEAR,DAYLIGHT,TURNING,DIVIDED - W/MEDIAN (NOT RAISED),STRAIGHT AND LEVEL,DRY,NO DEFECTS,ON SCENE,NO INJURY / DRIVE AWAY,Y,"OVER $1,500",2025-08-12T10:38:00.000,IMPROPER TURNING/NO SIGNAL,IMPROPER OVERTAKING/PASSING,2398,N,CLARK ST,1812,2,NO INDICATION OF INJURY,0,0,0,0,0,5,0,10,3,8,41.9254470513,-87.6405540373,"{'type': 'Point', 'coordinates': [-87.640554037286, 41.92544705133]}",,,,,,,,,,
705fb4b6f0c2e68a2905a1369d04de768241dcedbaa54047f526c6c025fa34258505c53e95df48b59047824c35097449fc75551a3763746ca4f1ed105cbdc1ee,2025-08-12T10:33:00.000,30,NO CONTROLS,NO CONTROLS,UNKNOWN,DAYLIGHT,TURNING,NOT DIVIDED,STRAIGHT AND LEVEL,UNKNOWN,UNKNOWN,NOT ON SCENE (DESK REPORT),NO INJURY / DRIVE AWAY,,"OVER $1,500",2025-08-12T11:05:00.000,UNABLE TO DETERMINE,UNABLE TO DETERMINE,5733,N,SHERIDAN RD,2022,2,NO INDICATION OF INJURY,0,0,0,0,0,3,0,10,3,8,41.9865369189,-87.6551381759,"{'type': 'Point', 'coordinates': [-87.655138175859, 41.986536918913]}",,,,,,,,,,