crash_record_id,crash_date,posted_speed_limit,traffic_control_device,device_condition,weather_condition,lighting_condition,first_crash_type,trafficway_type,alignment,roadway_surface_cond,road_defect,report_type,crash_type,intersection_related_i,damage,date_police_notified,prim_contributory_cause,sec_contributory_cause,street_no,street_direction,street_name,beat_of_occurrence,num_units,most_severe_injury,injuries_total,injuries_fatal,injuries_incapacitating,injuries_non_incapacitating,injuries_reported_not_evident,injuries_no_indication,injuries_unknown,crash_hour,crash_day_of_week,crash_month,latitude,longitude,location,private_property_i,photos_taken_i,hit_and_run_i,statements_taken_i,crash_date_est_i,work_zone_i,work_zone_type,dooring_i,lane_cnt,workers_present_i
958a5e6855afc4d2b303810d32a967f8fc3cfdfdaa55615caa5d8305b91cd571ffe738d39fea555b4e3d4f4621bad761bea069b8981f47ad4913019be076a7c2,2025-08-12T10:30:00.000,30,TRAFFIC SIGNAL,FUNCTIONING PROPERLY,CLEAR,DAYLIGHT,REAR END,NOT DIVIDED,STRAIGHT AND LEVEL,DRY,UNKNOWN,ON SCENE,INJURY AND / OR TOW DUE TO CRASH,,"OVER $1,500",2025-08-12T10:44:00.000,UNABLE TO DETERMINE,UNABLE TO DETERMINE,847,N,ELSTON AVE,1213,2,"REPORTED, NOT EVIDENT",1,0,0,0,1,1,0,10,3,8,41.8976043121,-87.656425139,"{'type': 'Point', 'coordinates': [-87.656425138957, 41.897604312067]}",,,,,,,,,,
aa7e44d57a44c055614c559696b40b0dbd46554e21f72a22f6b7aca87aa04b869dd585ab9f0e5a3af681384e2c07e29e8f37696dc300530dc61040c657a4a648,2025-08-12T10:30:00.000,30,TRAFFIC SIGNAL,FUNCTIONING PROPERLY,CLEAR,DAYLIGHT,TURNING,DIVIDED - W/MEDIAN (NOT RAISED),STRAIGHT AND LEVEL,DRY,UNKNOWN,ON SCENE,NO INJURY / DRIVE AWAY,,"OVER $1,500",2025-08-12T10:42:00.000,UNABLE TO DETERMINE,NOT APPLICABLE,3958,W,31ST ST,1031,2,NO INDICATION OF INJURY,0,0,0,0,0,2,0,10,3,8,41.8369928617,-87.7242922636,"{'type': 'Point', 'coordinates': [-87.72429226365, 41.836992861745]}",,,,,,,,,,
bd98658f9d50c06583d7940c976e0c31faced84d3f07362c07fda62039e5c4f19dc1d7042474df7a02a62cd916e8ea9554976b30c401d3e96ea1a3839ac75f81,2025-08-12T10:30:00.000,30,TRAFFIC SIGNAL,FUNCTIONING PROPERLY,CLEAR,DAYLIGHT,TURNING,NOT DIVIDED,STRAIGHT AND LEVEL,DRY,NO DEFECTS,NOT ON SCENE (DESK REPORT),NO INJURY / DRIVE AWAY,,"OVER $1,500",2025-08-12T18:00:00.000,FAILING TO YIELD RIGHT-OF-WAY,UNABLE TO DETERMINE,5511,S,KEDZIE AVE,824,2,NO INDICATION OF INJURY,0,0,0,0,0,3,0,10,3,8,41.7931434329,-87.7033962823,"{'type': 'Point', 'coordinates': [-87.703396282295, 41.793143432861]}",,,,,,,,,,
9da7c6b7bedb905f7165701284421483587212e74cd89567faeba513d7eb4501dcc46c2cd9db666a926cc37f31d2737b8a26a6719c5d8b52aaa25efd6707b378,2025-08-12T10:25:00.000,30,NO CONTROLS,NO CONTROLS,CLEAR,DAYLIGHT,FIXED OBJECT,DIVIDED - W/MEDIAN (NOT RAISED),STRAIGHT AND LEVEL,DRY,NO DEFECTS,ON SCENE,INJURY AND / OR TOW DUE TO CRASH,,"OVER $1,500",2025-08-12T10:54:00.000,NOT APPLICABLE,NOT APPLICABLE,4501,N,CICERO AVE,1722,1,NO INDICATION OF INJURY,0,0,0,0,0,1,0,10,3,8,41.9621736377,-87.7474648095,"{'type': 'Point', 'coordinates': [-87.747464809535, 41.962173637665]}",,,,,,,,,,
cabe7adeb3d01dbed102982130d5e39497e84d49ffc28b0ffeed83bda248d2870ba1635fe13495924a66e7bf873da86141014ca93da1af9885cc73bd69234b6b,2025-08-12T10:20:00.000,30,NO CONTROLS,NO CONTROLS,CLEAR,DAYLIGHT,REAR TO FRONT,ONE-WAY,STRAIGHT AND LEVEL,UNKNOWN,UNKNOWN,ON SCENE,NO INJURY / DRIVE AWAY,,$500 OR LESS,2025-08-12T10:20:00.000,FAILING TO YIELD RIGHT-OF-WAY,NOT APPLICABLE,105,W,GRAND AVE,1831,2,NO INDICATION OF INJURY,0,0,0,0,0,2,0,10,3,8,41.8915133921,-87.6313713272,"{'type': 'Point', 'coordinates': [-87.631371327171, 41.891513392098]}",,,,,,,,,,
e253afd0b4e44b896804e7ff5d50a9072a4a2229efd67c277ea8ab224281a1db14a525e9fd3964b1ea646adbfd07c36fdd6794a6041a577a20ab7037068887aa,2025-08-12T10:10:00.000,30,NO CONTROLS,NO CONTROLS,CLEAR,DAYLIGHT,FIXED OBJECT,NOT DIVIDED,STRAIGHT AND LEVEL,DRY,NO DEFECTS,ON SCENE,NO INJURY / DRIVE AWAY,,"OVER $1,500",2025-08-12T10:13:00.000,UNABLE TO DETERMINE,NOT APPLICABLE,4801,W,LAWRENCE AVE,1623,1,NO INDICATION OF INJURY,0,0,0,0,0,1,0,10,3,8,41.9679134551,-87.7480487734,"{'type': 'Point', 'coordinates': [-87.748048773425, 41.967913455117]}",,,,,,,,,,
0823f296fac678cd2ea82af4baa5ae49d9b1e3f2f3180df39ea33a568fd49395bf513b954c3703a45900342368b7b6407bb12755004d4ef0a6eb2c213bb117d4,2025-08-12T10:00:00.000,30,NO CONTROLS,NO CONTROLS,UNKNOWN,"DARKNESS, LIGHTED ROAD",PARKED MOTOR VEHICLE,ONE-WAY,STRAIGHT AND LEVEL,UNKNOWN,UNKNOWN,NOT ON SCENE (DESK REPORT),INJURY AND / OR TOW DUE TO CRASH,,"OVER $1,500",2025-08-12T20:10:00.000,UNABLE TO DETERMINE,UNABLE TO DETERMINE,1500,S,RIDGEWAY AVE,1014,2,NO INDICATION OF INJURY,0,0,0,0,0,1,0,10,3,8,41.8606684488,-87.7190616173,"{'type': 'Point', 'coordinates': [-87.719061617267, 41.860668448774]}",,,Y,,,,,,,
e8332b9fc684c481e344f34df9cace0f8f6447bd405ce7d738986e06ec8b5979144edc6f1c3493fd66c81c14f15f93552ba379b4c95f2f44740dc497c760337e,2025-08-12T10:00:00.000,20,STOP SIGN/FLASHER,FUNCTIONING PROPERLY,RAIN,DAYLIGHT,FIXED OBJECT,NOT DIVIDED,STRAIGHT AND LEVEL,WET,NO DEFECTS,ON SCENE,NO INJURY / DRIVE AWAY,,"$501 - $1,500",2025-08-12T15:00:00.000,NOT APPLICABLE,NOT APPLICABLE,9801,S,AVENUE H,432,2,NO INDICATION OF INJURY,0,0,0,0,0,1,0,10,3,8,41.7176974334,-87.5327199425,"{'type': 'Point', 'coordinates': [-87.532719942515, 41.717697433381]}",,,Y,,,,,,,
5ce0ec653ed52626e0552e4e7e304eeb42c9db5c01f2c5261c461f7088726b9ac96b8f8005b2b543a5a034c9e8c5deb8665dfab69ace8de6e1f0f75ac041dbb7,2025-08-12T09:52:00.000,30,STOP SIGN/FLASHER,FUNCTIONING PROPERLY,CLEAR,DAYLIGHT,REAR TO SIDE,NOT DIVIDED,STRAIGHT AND LEVEL,DRY,UNKNOWN,NOT ON SCENE (DESK REPORT),INJURY AND / OR TOW DUE TO CRASH,,"OVER $1,500",2025-08-12T11:20:00.000,IMPROPER BACKING,UNABLE TO DETERMINE,1500,W,LELAND AVE,1912,2,"REPORTED, NOT EVIDENT",1,0,0,0,1,1,0,9,3,8,41.967186551,-87.6671601684,"{'type': 'Point', 'coordinates': [-87.667160168387, 41.967186551025]}",,,,,,,,,,
3f5f65999a8dd67523100e7b99135ac9b5c3445e00c0c665ebbfb43ca0709901bba60fbac236aa4d87a248b466b058838463f10bb91af27b2d3219874053161c,2025-08-12T09:51:00.000,30,NO CONTROLS,NO CONTROLS,CLEAR,DAYLIGHT,SIDESWIPE SAME DIRECTION,NOT DIVIDED,STRAIGHT AND LEVEL,DRY,NO DEFECTS,NOT ON SCENE (DESK REPORT),NO INJURY / DRIVE AWAY,,"OVER $1,500",2025-08-12T10:01:00.000,FAILING TO YIELD RIGHT-OF-WAY,IMPROPER OVERTAKING/PASSING,1536,W,CHICAGO AVE,1213,2,NO INDICATION OF INJURY,0,0,0,0,0,2,0,9,3,8,41.8961963991,-87.6664042636,"{'type': 'Point', 'coordinates': [-87.666404263591, 41.896196399052]}",,,,,,,,,,
f0ce5859eb2b85d9d85d8b34cbe4e86753027a9970ad7c61de6bb4ec100d6707a44f60a86ef58e411ddce45c1d27a8d4adfe5142e6ee19d89a0926a9b90fdf15,2025-08-12T09:20:00.000,30,STOP SIGN/FLASHER,FUNCTIONING PROPERLY,CLEAR,DAYLIGHT,TURNING,FOUR WAY,STRAIGHT AND LEVEL,DRY,NO DEFECTS,NOT ON SCENE (DESK REPORT),NO INJURY / DRIVE AWAY,Y,"OVER $1,500",2025-08-12T16:12:00.000,FAILING TO YIELD RIGHT-OF-WAY,DISREGARDING STOP SIGN,800,S,CALIFORNIA AVE,1135,2,NO INDICATION OF INJURY,0,0,0,0,0,2,0,9,3,8,41.8710137613,-87.6961710507,"{'type': 'Point', 'coordinates': [-87.69617105074, 41.871013761335]}",,,,,,,,,,
7f730d79c5a0f7763b9503c72dc3c7b21eb952059f6f5ce2579280fd648e11a2dc648a0f69ab74fa529173f63b712ac7dd2db9f6375bb240b8735242ecfc24fd,2025-08-12T09:15:00.000,10,NO CONTROLS,UNKNOWN,UNKNOWN,UNKNOWN,PARKED MOTOR VEHICLE,PARKING LOT,STRAIGHT AND LEVEL,UNKNOWN,UNKNOWN,NOT ON SCENE (DESK REPORT),NO INJURY / DRIVE AWAY,,"OVER $1,500",2025-08-12T16:11:00.000,UNABLE TO DETERMINE,UNABLE TO DETERMINE,4155,W,PETERSON AVE,1711,2,NO INDICATION OF INJURY,0,0,0,0,0,1,0,9,3,8,41.9899657832,-87.7333474304,"{'type': 'Point', 'coordinates': [-87.733347430364, 41.989965783245]}",,,,,,,,,,
9621e13d3aac5ab436ece90f10ef624536a98e0f3ca731dca43be641e166ff7e6d163861a3e603e3c4044f188e67d513c192c5bf498104fcf7cc5e594d70fe40,2025-08-12T09:15:00.000,30,NO CONTROLS,NO CONTROLS,RAIN,DAYLIGHT,SIDESWIPE SAME DIRECTION,DIVIDED - W/MEDIAN (NOT RAISED),STRAIGHT AND LEVEL,WET,NO DEFECTS,,NO INJURY / DRIVE AWAY,,"OVER $1,500",2025-08-12T09:35:00.000,IMPROPER OVERTAKING/PASSING,IMPROPER OVERTAKING/PASSING,5325,N,ASHLAND AVE,2012,2,NO INDICATION OF INJURY,0,0,0,0,0,2,0,9,3,8,41.9788045404,-87.6695402852,"{'type': 'Point', 'coordinates': [-87.669540285236, 41.978804540363]}",,,,,,,,,,
599099d47edbf044359308b437c126b7ea66cc7c6fbcf49f488e9f868e5d0b1e00e99c12259d46f96000c1b7ec79609f5e36d6010b995f800e255160ec52961d,2025-08-12T09:05:00.000,30,TRAFFIC SIGNAL,FUNCTIONING PROPERLY,RAIN,DAYLIGHT,SIDESWIPE SAME DIRECTION,DIVIDED - W/MEDIAN (NOT RAISED),STRAIGHT AND LEVEL,WET,NO DEFECTS,ON SCENE,INJURY AND / OR TOW DUE TO CRASH,,"OVER $1,500",2025-08-12T13:13:00.000,DRIVING SKILLS/KNOWLEDGE/EXPERIENCE,IMPROPER OVERTAKING/PASSING,943,N,STATE ST,1833,2,"REPORTED, NOT EVIDENT",1,0,0,0,1,1,0,9,3,8,41.9003665973,-87.6281586264,"{'type': 'Point', 'coordinates': [-87.628158626424, 41.900366597345]}",,,,,,,,,,
f56f68e234b29c5e6a7b4f74d96a8de04a272fea4dbe6c1c2fa53bc06e8850bb8b8d97497de0a3408c967f01884d7c51b8bde5bdf93007bb480281deb32ad63a,2025-08-12T09:05:00.000,15,NO CONTROLS,NO CONTROLS,CLEAR,DAYLIGHT,PARKED MOTOR VEHICLE,ALLEY,STRAIGHT AND LEVEL,WET,NO DEFECTS,ON SCENE,NO INJURY / DRIVE AWAY,,"$501 - $1,500",2025-08-12T09:10:00.000,IMPROPER TURNING/NO SIGNAL,IMPROPER TURNING/NO SIGNAL,5950,W,BELDEN AVE,2515,2,NO INDICATION OF INJURY,0,0,0,0,0,1,0,9,3,8,41.9221218638,-87.7752612275,"{'type': 'Point', 'coordinates': [-87.775261227544, 41.922121863847]}",,,,,,,,,,
9c05bbf7478848080ca0a978035ec1cab6be889b75f53e922930cc3165761ecbeaaec60e255755d6dc1c0b8876bc4810a4c626888920c30b342c42e546f5438f,2025-08-12T09:00:00.000,30,NO CONTROLS,NO CONTROLS,CLEAR,DAYLIGHT,FIXED OBJECT,PARKING LOT,STRAIGHT AND LEVEL,DRY,NO DEFECTS,NOT ON SCENE (DESK REPORT),NO INJURY / DRIVE AWAY,,"OVER $1,500",2025-08-12T09:30:00.000,UNABLE TO DETERMINE,NOT APPLICABLE,4141,W,63RD ST,813,1,NO INDICATION OF INJURY,0,0,0,0,0,1,0,9,3,8,41.7784986747,-87.7268202722,"{'type': 'Point', 'coordinates': [-87.72682027224, 41.778498674689]}",Y,,,,,,,,,
e7d5de184ab2ebfa848195e567aad5c3e97d204aa276680568096f12657a7a70f87702e77a6e7c786f7cac5a8ac85329753ced0bfc34830123953785c96ea2f0,2025-08-12T09:00:00.000,30,STOP SIGN/FLASHER,FUNCTIONING PROPERLY,CLEAR,DAYLIGHT,PEDALCYCLIST,ONE-WAY,STRAIGHT AND LEVEL,DRY,NO DEFECTS,NOT ON SCENE (DESK REPORT),INJURY AND / OR TOW DUE TO CRASH,Y,"OVER $1,500",2025-08-12T14:15:00.000,DISREGARDING STOP SIGN,UNABLE TO DETERMINE,3000,W,57TH ST,824,2,NONINCAPACITATING INJURY,1,0,0,1,0,1,0,9,3,8,41.7900732896,-87.6986419356,"{'type': 'Point', 'coordinates': [-87.698641935648, 41.790073289558]}",,,N,,,,,,,
c39271f71b33d1672cc4dde58fa279daec6ece2b55f47877e9c2ef87afdb8a42f1ec7bb58367ecc6f000e8684019e717d7854587f722ec44ac9100f4c5b26ad5,2025-08-12T08:55:00.000,30,NO CONTROLS,FUNCTIONING PROPERLY,CLEAR,DAYLIGHT,PARKED MOTOR VEHICLE,OTHER,STRAIGHT AND LEVEL,DRY,NO DEFECTS,NOT ON SCENE (DESK REPORT),NO INJURY / DRIVE AWAY,,"OVER $1,500",2025-08-12T11:30:00.000,DRIVING SKILLS/KNOWLEDGE/EXPERIENCE,UNABLE TO DETERMINE,717,N,MICHIGAN AVE,1834,2,NO INDICATION OF INJURY,0,0,0,0,0,1,0,8,3,8,41.8955581096,-87.6241200636,"{'type': 'Point', 'coordinates': [-87.624120063627, 41.895558109626]}",,,Y,,,,,,,
e28e5b7a0558aea3c6131de6f74db417dceefac439b6870897488b27448bcd843f9c8b9f5f4337d95498b5ff63cf491ce88381a958b8fb769e37bec350bd164a,2025-08-12T08:52:00.000,30,NO CONTROLS,FUNCTIONING PROPERLY,CLEAR,DAYLIGHT,OTHER OBJECT,ONE-WAY,STRAIGHT AND LEVEL,DRY,NO DEFECTS,ON SCENE,INJURY AND / OR TOW DUE TO CRASH,,"OVER $1,500",2025-08-12T09:10:00.000,NOT APPLICABLE,NOT APPLICABLE,5219,S,WENTWORTH AVE,225,1,NONINCAPACITATING INJURY,1,0,0,1,0,0,0,8,3,8,41.7993701266,-87.6304849094,"{'type': 'Point', 'coordinates': [-87.630484909352, 41.799370126618]}",,,,,,,,,,
341d2c05d0aae8df0ae3f5c6d85cbdf1e30f881fc089b3e0c624d848623ac1d8fc4c2055a51c206c752780d541e6abc499b05e00fa93ddfc8bd66b98590fc305,2025-08-12T08:50:00.000,30,TRAFFIC SIGNAL,FUNCTIONING PROPERLY,RAIN,DAYLIGHT,TURNING,DIVIDED - W/MEDIAN (NOT RAISED),STRAIGHT AND LEVEL,WET,NO DEFECTS,NOT ON SCENE (DESK REPORT),NO INJURY / DRIVE AWAY,Y,"OVER $1,500",2025-08-12T08:56:00.000,UNABLE TO DETERMINE,UNABLE TO DETERMINE,4600,N,PULASKI RD,1722,2,NO INDICATION OF INJURY,0,0,0,0,0,2,0,8,3,8,41.9646447659,-87.7280765643,"{'type': 'Point', 'coordinates': [-87.728076564314, 41.964644765911]}",,,,,,,,,,
753471b525a3f480aea6f8bd456d938bee776dd2c5d9efdf3505005840025ce52d355c89028db6e14e5a415c8eead82704dd873fab057ae60e641ffe93550ba6,2025-08-12T08:45:00.000,30,OTHER,NO CONTROLS,CLEAR,DAYLIGHT,REAR TO SIDE,ALLEY,STRAIGHT AND LEVEL,DRY,NO DEFECTS,ON SCENE,NO INJURY / DRIVE AWAY,,"OVER $1,500",2025-08-12T08:47:00.000,UNABLE TO DETERMINE,NOT APPLICABLE,4242,N,WESTERN AVE,1911,2,NO INDICATION OF INJURY,0,0,0,0,0,2,0,8,3,8,41.9589373433,-87.688758966,"{'type': 'Point', 'coordinates': [-87.688758965968, 41.958937343285]}",,,,,,,,,,
4a9e38ae98be34b7273a9c97cfa9fb2d2eb327bfc95d5331e02dc85ea32fcf5fa33c0933ffbb23a2b3ae46abb8aecae6430553f07505211b387a2e506cced8cd,2025-08-12T08:40:00.000,30,NO PASSING,FUNCTIONING PROPERLY,CLEAR,DAYLIGHT,SIDESWIPE SAME DIRECTION,ONE-WAY,STRAIGHT AND LEVEL,DRY,NO DEFECTS,NOT ON SCENE (DESK REPORT),NO INJURY / DRIVE AWAY,,"OVER $1,500",2025-08-12T09:10:00.000,IMPROPER OVERTAKING/PASSING,NOT APPLICABLE,4740,S,COTTAGE GROVE AVE,223,2,NO INDICATION OF INJURY,0,0,0,0,0,2,0,8,3,8,41.8082849266,-87.6066840141,"{'type': 'Point', 'coordinates': [-87.606684014052, 41.808284926643]}",,N,N,,,,,,,
21cebb42250a5686936e2fc6105974bcf605f7e1ff0fe019db0b7a62578ae5ceb4e5f47265ad3ff24e8ce7e075a248efd7cd8b8b2e52d85a6f0136f24b54b440,2025-08-12T08:36:00.000,30,NO CONTROLS,NO CONTROLS,CLEAR,DAYLIGHT,SIDESWIPE SAME DIRECTION,DIVIDED - W/MEDIAN (NOT RAISED),STRAIGHT AND LEVEL,DRY,NO DEFECTS,ON SCENE,NO INJURY / DRIVE AWAY,,"$501 - $1,500",2025-08-12T08:54:00.000,UNABLE TO DETERMINE,UNABLE TO DETERMINE,5679,S,ARCHER AVE,814,2,NO INDICATION OF INJURY,0,0,0,0,0,2,0,8,3,8,41.7970202479,-87.7531834953,"{'type': 'Point', 'coordinates': [-87.753183495265, 41.797020247873]}",,,Y,,,,,,,
68e07dc148ee4450a11b6969c915fa48ffe16808f30fa1177b5be51bdf105091d5ce7a97d0b0ec4cde77a102ac5d13300bb8cde1ba9367fcc2215f525fe4d92f,2025-08-12T08:35:00.000,30,NO CONTROLS,NO CONTROLS,CLEAR,DAYLIGHT,REAR END,NOT DIVIDED,STRAIGHT AND LEVEL,DRY,NO DEFECTS,ON SCENE,INJURY AND / OR TOW DUE TO CRASH,,"OVER $1,500",2025-08-12T08:37:00.000,FAILING TO REDUCE SPEED TO AVOID CRASH,FOLLOWING TOO CLOSELY,4731,W,WILSON AVE,1722,3,"REPORTED, NOT EVIDENT",2,0,0,0,2,3,0,8,3,8,41.9642768456,-87.7465784893,"{'type': 'Point', 'coordinates': [-87.746578489285, 41.964276845597]}",,,,,,,,,,
96e14708b77a828ba1a81124b3f683b011c8afa285211503163c655cd37bc09487d60e1e9e280455422c4130a917c6629bb360736bad05b90c0b684be70fcb27,2025-08-12T08:35:00.000,30,TRAFFIC SIGNAL,FUNCTIONING PROPERLY,CLEAR,DAYLIGHT,SIDESWIPE SAME DIRECTION,DIVIDED - W/MEDIAN (NOT RAISED),STRAIGHT AND LEVEL,WET,NO DEFECTS,NOT ON SCENE (DESK REPORT),NO INJURY / DRIVE AWAY,,"$501 - $1,500",2025-08-12T09:15:00.000,IMPROPER LANE USAGE,UNABLE TO DETERMINE,6318,N,CALDWELL AVE,1621,2,NO INDICATION OF INJURY,0,0,0,0,0,2,0,8,3,8,41.9960275634,-87.7642535907,"{'type': 'Point', 'coordinates': [-87.764253590677, 41.996027563389]}",,,,,,,,,,
77528760435dee6d5d9ee4d2f2eab1df0dfdb2769057f855ea3a90cc184fef97d215e34a171150380e5fe3a1d58268c8dbb0e361a266db7b5bdb5658a9fe736e,2025-08-12T08:32:00.000,30,NO CONTROLS,NO CONTROLS,CLEAR,DAYLIGHT,PARKED MOTOR VEHICLE,DIVIDED - W/MEDIAN (NOT RAISED),STRAIGHT AND LEVEL,UNKNOWN,OTHER,NOT ON SCENE (DESK REPORT),NO INJURY / DRIVE AWAY,,"OVER $1,500",2025-08-12T11:00:00.000,UNABLE TO DETERMINE,UNABLE TO DETERMINE,1122,W,BALMORAL AVE,2023,2,NO INDICATION OF INJURY,0,0,0,0,0,1,0,8,3,8,41.9800978386,-87.6589042385,"{'type': 'Point', 'coordinates': [-87.658904238469, 41.98009783859]}",,,,,,,,,,
23ba03787a063cd2b2fd4545b1759da60cae9552277e172fe41daa5c0ae60cf5df11990372c412f1deb07b39ff3a43e60b8dc6322030aac8c4c25352129de65e,2025-08-12T08:30:00.000,25,NO CONTROLS,NO CONTROLS,RAIN,DAYLIGHT,OTHER OBJECT,ALLEY,STRAIGHT AND LEVEL,WET,UNKNOWN,NOT ON SCENE (DESK REPORT),NO INJURY / DRIVE AWAY,,"OVER $1,500",2025-08-12T11:15:00.000,UNABLE TO DETERMINE,UNABLE TO DETERMINE,5918,W,CULLOM AVE,1624,1,NO INDICATION OF INJURY,0,0,0,0,0,1,0,8,3,8,41.9586594586,-87.7752861251,"{'type': 'Point', 'coordinates': [-87.775286125125, 41.958659458637]}",,,,,,,,,,
31d689b66e840eb519ab880f5054d0d8e12851c2da58c196b72b4541373925a40f8daca0ab8dbd95320bae05a492c683b37c3189c3bf5800d43e2c86fe348a88,2025-08-12T08:30:00.000,30,TRAFFIC SIGNAL,FUNCTIONING PROPERLY,CLOUDY/OVERCAST,DAYLIGHT,PEDALCYCLIST,NOT DIVIDED,STRAIGHT AND LEVEL,WET,UNKNOWN,ON SCENE,INJURY AND / OR TOW DUE TO CRASH,Y,$500 OR LESS,2025-08-12T08:34:00.000,UNABLE TO DETERMINE,NOT APPLICABLE,5609,W,HIGGINS AVE,1622,2,NONINCAPACITATING INJURY,1,0,0,1,0,0,0,8,3,8,41.9703380273,-87.7680274646,"{'type': 'Point', 'coordinates': [-87.768027464613, 41.970338027321]}",,,,,,,,Y,,
7ed315ed27862b897c6bcc1a13b95a84880cf73adcd1ff3ffffddf3432c7aeb5c31d11dd86f5be93b7d39245a172f999dd894a874a444bbd21e803b3c7295744,2025-08-12T08:30:00.000,30,NO CONTROLS,NO CONTROLS,CLEAR,DAYLIGHT,REAR END,NOT DIVIDED,STRAIGHT AND LEVEL,DRY,NO DEFECTS,NOT ON SCENE (DESK REPORT),NO INJURY / DRIVE AWAY,,$500 OR LESS,2025-08-12T09:05:00.000,FOLLOWING TOO CLOSELY,FOLLOWING TOO CLOSELY,2366,N,CLYBOURN AVE,1811,2,NO INDICATION OF INJURY,0,0,0,0,0,2,0,8,3,8,41.9249398732,-87.6692460911,"{'type': 'Point', 'coordinates': [-87.669246091122, 41.924939873159]}",,,,,,,,,,
cd13a4819368d5ea1d34c73716e4fff2dc506e3362b8c0f4bebdac7263c592f291975e399fa14285ef1be56a8791f57e48470c646dc1fd26cbc7105ae6a46fd1,2025-08-12T08:18:00.000,25,NO CONTROLS,NO CONTROLS,RAIN,DAYLIGHT,REAR END,DIVIDED - W/MEDIAN (NOT RAISED),STRAIGHT AND LEVEL,WET,NO DEFECTS,NOT ON SCENE (DESK REPORT),NO INJURY / DRIVE AWAY,,"$501 - $1,500",2025-08-12T08:45:00.000,FOLLOWING TOO CLOSELY,UNABLE TO DETERMINE,4039,W,CERMAK RD,1013,2,NO INDICATION OF INJURY,0,0,0,0,0,4,0,8,3,8,41.8514164461,-87.7261728346,"{'type': 'Point', 'coordinates': [-87.726172834581, 41.851416446121]}",,,N,,,,,,,
109297662d97321615515d3c70db101242f1641da2258c9937c9e484c943922a099de30845616bacfc615ad76f99b29ba6c9c8ab63a054b7f57530b5cd3435bd,2025-08-12T08:15:00.000,30,TRAFFIC SIGNAL,FUNCTIONING PROPERLY,CLEAR,DAYLIGHT,SIDESWIPE SAME DIRECTION,NOT DIVIDED,STRAIGHT AND LEVEL,DRY,NO DEFECTS,ON SCENE,NO INJURY / DRIVE AWAY,,$500 OR LESS,2025-08-12T08:50:00.000,IMPROPER OVERTAKING/PASSING,NOT APPLICABLE,7100,S,YATES BLVD,334,2,NO INDICATION OF INJURY,0,0,0,0,0,2,0,8,3,8,41.7662877009,-87.5666332658,"{'type': 'Point', 'coordinates': [-87.566633265847, 41.766287700895]}",,,Y,,,,,,,
63ea33b90d9f45d1e80dd88b13fb75e1fe244e1bf49e918a6651a9da082d28c5f9783c782a49ebd6453f1ae9a450111799b8f538623a0f30c3a517b22f458fdd,2025-08-12T08:10:00.000,30,NO CONTROLS,NO CONTROLS,CLEAR,DAYLIGHT,HEAD ON,DIVIDED - W/MEDIAN (NOT RAISED),STRAIGHT AND LEVEL,WET,UNKNOWN,ON SCENE,INJURY AND / OR TOW DUE TO CRASH,,"OVER $1,500",2025-08-12T08:10:00.000,UNABLE TO DETERMINE,UNABLE TO DETERMINE,452,W,63RD ST,711,2,"REPORTED, NOT EVIDENT",1,0,0,0,1,1,0,8,3,8,41.779983497,-87.6372130274,"{'type': 'Point', 'coordinates': [-87.637213027409, 41.779983497008]}",,,Y,Y,,,,,,
1ba96e33b14f44be41e1722779fd06a57533562a14fb85ffa1282d623251e6a28c3d41416e19bc41966b67af72a580cf232f023cd4294155c2adb3ea3b25d933,2025-08-12T08:00:00.000,15,OTHER,OTHER,CLEAR,DAYLIGHT,PARKED MOTOR VEHICLE,ALLEY,STRAIGHT AND LEVEL,DRY,UNKNOWN,ON SCENE,NO INJURY / DRIVE AWAY,,"OVER $1,500",2025-08-12T17:30:00.000,UNABLE TO DETERMINE,UNABLE TO DETERMINE,233,N,MASON AVE,1512,2,NO INDICATION OF INJURY,0,0,0,0,0,1,0,8,3,8,41.8851028329,-87.7732377952,"{'type': 'Point', 'coordinates': [-87.773237795161, 41.885102832881]}",,,Y,,N,,,,,
1dceb30b612668f8959df8697958d7d8d51326fa27dcce92e2769000f0c2031c46ca557db181547bb5c6920171297570b0f2f08dbcc62dc9fcefe86dd7480892,2025-08-12T08:00:00.000,30,STOP SIGN/FLASHER,FUNCTIONING PROPERLY,CLEAR,UNKNOWN,PARKED MOTOR VEHICLE,T-INTERSECTION,STRAIGHT AND LEVEL,UNKNOWN,UNKNOWN,ON SCENE,INJURY AND / OR TOW DUE TO CRASH,,"OVER $1,500",2025-08-12T15:01:00.000,IMPROPER LANE USAGE,NOT APPLICABLE,1164,W,31ST ST,913,2,NO INDICATION OF INJURY,0,0,0,0,0,1,0,8,3,8,41.8380239095,-87.6560049707,"{'type': 'Point', 'coordinates': [-87.656004970717, 41.838023909502]}",,,Y,,Y,,,,,