crash_record_id,crash_date,posted_speed_limit,traffic_control_device,device_condition,weather_condition,lighting_condition,first_crash_type,trafficway_type,alignment,roadway_surface_cond,road_defect,report_type,crash_type,intersection_related_i,damage,date_police_notified,prim_contributory_cause,sec_contributory_cause,street_no,street_direction,street_name,beat_of_occurrence,num_units,most_severe_injury,injuries_total,injuries_fatal,injuries_incapacitating,injuries_non_incapacitating,injuries_reported_not_evident,injuries_no_indication,injuries_unknown,crash_hour,crash_day_of_week,crash_month,latitude,longitude,location,private_property_i,photos_taken_i,hit_and_run_i,statements_taken_i,crash_date_est_i,work_zone_i,work_zone_type,dooring_i,lane_cnt,workers_present_i
3c74982d871802a077d17c25c7f0ed450fb39f547be15b70d33b997583d495a35b6f5a5ec449840a58c3f2717662b4f154738922685411f1e4bdba1702cdf353,2025-08-12T07:54:00.000,30,STOP SIGN/FLASHER,FUNCTIONING PROPERLY,CLEAR,DAYLIGHT,REAR END,NOT DIVIDED,STRAIGHT AND LEVEL,DRY,NO DEFECTS,NOT ON SCENE (DESK REPORT),NO INJURY / DRIVE AWAY,,"$501 - $1,500",2025-08-12T10:00:00.000,FOLLOWING TOO CLOSELY,FOLLOWING TOO CLOSELY,4799,W,DEVON AVE,1711,2,NO INDICATION OF INJURY,0,0,0,0,0,2,0,7,3,8,41.9971778334,-87.7482834887,"{'type': 'Point', 'coordinates': [-87.748283488725, 41.997177833412]}",,,,,,,,,,
9982dc1317c2b57c90f444b6c16fc3a36184b08991e5a81f20aa5fb1c7686b87bc697eb94b056d15eb13cece0946288e27548a42a16f3589bcb5c1cff27c1b6b,2025-08-12T07:46:00.000,30,TRAFFIC SIGNAL,FUNCTIONING PROPERLY,RAIN,DAYLIGHT,REAR END,NOT DIVIDED,STRAIGHT AND LEVEL,WET,UNKNOWN,ON SCENE,INJURY AND / OR TOW DUE TO CRASH,,"OVER $1,500",2025-08-12T08:00:00.000,DRIVING SKILLS/KNOWLEDGE/EXPERIENCE,UNABLE TO DETERMINE,4658,S,CICERO AVE,814,3,NONINCAPACITATING INJURY,1,0,0,1,0,3,0,7,3,8,41.8077126833,-87.7433002458,"{'type': 'Point', 'coordinates': [-87.743300245789, 41.80771268334]}",,,,,,,,,,
801dec42eae99a47cf84401a7adbf4b62f1d2de0615894f4193a76d9ccc6e27da70f06e4aa0dcd0e639b07f0a0fe8ec0f2b032f00fc9c981d9c983b776aabef7,2025-08-12T07:45:00.000,30,NO CONTROLS,NO CONTROLS,CLEAR,DAYLIGHT,REAR END,ALLEY,STRAIGHT AND LEVEL,DRY,NO DEFECTS,NOT ON SCENE (DESK REPORT),NO INJURY / DRIVE AWAY,,"OVER $1,500",2025-08-12T18:30:00.000,"OPERATING VEHICLE IN ERRATIC, RECKLESS, CARELESS, NEGLIGENT OR AGGRESSIVE MANNER",NOT APPLICABLE,659,E,73RD ST,323,2,NO INDICATION OF INJURY,0,0,0,0,0,2,0,7,3,8,41.7620770093,-87.6079848713,"{'type': 'Point', 'coordinates': [-87.607984871334, 41.762077009313]}",,,Y,,,,,,,
442451e883179626f785a2474fb7d0056796a21cfcd6c82ffdb51a0cf85131e3ffccc2c292f2ecc6d4bdfdea2e10db6b45849eae386a27779f7fb4c0c8a6b71f,2025-08-12T07:44:00.000,30,NO CONTROLS,NO CONTROLS,RAIN,DAYLIGHT,PARKED MOTOR VEHICLE,ONE-WAY,STRAIGHT AND LEVEL,UNKNOWN,UNKNOWN,ON SCENE,NO INJURY / DRIVE AWAY,,"OVER $1,500",2025-08-12T07:52:00.000,UNABLE TO DETERMINE,UNABLE TO DETERMINE,4113,N,LEAMINGTON AVE,1624,2,NO INDICATION OF INJURY,0,0,0,0,0,1,0,7,3,8,41.955572543,-87.7558438266,"{'type': 'Point', 'coordinates': [-87.755843826596, 41.955572542988]}",,,,,,,,,,
2689b98556c9cc7c4c0f0ec2176f486069a20a93955c9bd067ff87d41732c0db2cc7791c1c09cb4a28a225dabdfe476bc8cad138cab633227ab6b50e5981c986,2025-08-12T07:43:00.000,30,TRAFFIC SIGNAL,UNKNOWN,RAIN,DAYLIGHT,REAR END,ONE-WAY,STRAIGHT AND LEVEL,WET,UNKNOWN,ON SCENE,NO INJURY / DRIVE AWAY,,"$501 - $1,500",2025-08-12T07:44:00.000,UNABLE TO DETERMINE,NOT APPLICABLE,3200,N,LAKE SHORE DR NB,1925,2,NO INDICATION OF INJURY,0,0,0,0,0,2,0,7,3,8,41.9404429026,-87.6386335392,"{'type': 'Point', 'coordinates': [-87.638633539238, 41.940442902597]}",,,Y,,,,,,,
7e2dc5736194c5086fddc9d09216496b11c31099662ce50a9fe4557a1141728c896b5f9d589d2fcd2ba3b74b436ac93584d9b851ae8287d29952b525c30debcd,2025-08-12T07:30:00.000,30,YIELD,FUNCTIONING PROPERLY,RAIN,DAYLIGHT,REAR END,NOT DIVIDED,STRAIGHT AND LEVEL,WET,NO DEFECTS,ON SCENE,INJURY AND / OR TOW DUE TO CRASH,,"$501 - $1,500",2025-08-12T07:34:00.000,FAILING TO REDUCE SPEED TO AVOID CRASH,WEATHER,5069,W,MADISON ST,1533,3,NO INDICATION OF INJURY,0,0,0,0,0,3,0,7,3,8,41.8802960895,-87.7524941982,"{'type': 'Point', 'coordinates': [-87.752494198152, 41.880296089472]}",,,,,,,,,,
82efa3e1e439ee9d68ef3a7571998d04ebdd680db3d202db5a87b88368f355c870b6bee2785279fc6fe2ee978373a0e1196c32dbca9849be28054c718cc4f184,2025-08-12T07:30:00.000,30,NO CONTROLS,NO CONTROLS,CLEAR,DAYLIGHT,PARKED MOTOR VEHICLE,NOT DIVIDED,STRAIGHT AND LEVEL,DRY,NO DEFECTS,ON SCENE,NO INJURY / DRIVE AWAY,,"OVER $1,500",2025-08-12T09:15:00.000,FOLLOWING TOO CLOSELY,NOT APPLICABLE,1543,W,WALTON ST,1213,2,NO INDICATION OF INJURY,0,0,0,0,0,1,0,7,3,8,41.8987006988,-87.6666339642,"{'type': 'Point', 'coordinates': [-87.666633964192, 41.898700698835]}",,,Y,,,,,,,
c77ff948fa892141c171beb3a647b5aa4d2511f5c5f2e14cd320ebc65e5bac63786b7929c2620f2e24240b9b6d5b142156c3503dbc3894ef122c42d2411dd3d7,2025-08-12T07:30:00.000,20,NO CONTROLS,NO CONTROLS,CLEAR,DAYLIGHT,PARKED MOTOR VEHICLE,NOT DIVIDED,STRAIGHT AND LEVEL,WET,NO DEFECTS,ON SCENE,NO INJURY / DRIVE AWAY,,"OVER $1,500",2025-08-12T07:41:00.000,UNABLE TO DETERMINE,NOT APPLICABLE,1423,W,BRYN MAWR AVE,2013,2,NO INDICATION OF INJURY,0,0,0,0,0,2,0,7,3,8,41.9834281892,-87.6658653729,"{'type': 'Point', 'coordinates': [-87.665865372922, 41.983428189179]}",,,,,,,,,,
e306a0510986ab9d9de6e74170e00803ea6d16d4055aa82930df63b1b7c8ff8b8289527332c7ff6984112cf9a440af5aa6c98d027ce5ee2356d7c6aef9cb23f3,2025-08-12T07:30:00.000,30,NO CONTROLS,NO CONTROLS,CLEAR,DAYLIGHT,TURNING,DIVIDED - W/MEDIAN (NOT RAISED),STRAIGHT AND LEVEL,DRY,NO DEFECTS,ON SCENE,NO INJURY / DRIVE AWAY,,"$501 - $1,500",2025-08-12T07:50:00.000,IMPROPER TURNING/NO SIGNAL,IMPROPER LANE USAGE,4732,W,47TH ST,815,2,NO INDICATION OF INJURY,0,0,0,0,0,2,0,7,3,8,41.8077478821,-87.7419957563,"{'type': 'Point', 'coordinates': [-87.741995756333, 41.807747882071]}",,,Y,,,,,,,
e814af70ca5d9aa1ad4331f0f49fb2f148ddc4517c305424d999f03b44a08ed199f50b16e4acfcf55b7f6f450e9c2f15ca86951bb7a56a8942232948f30117e5,2025-08-12T07:30:00.000,30,TRAFFIC SIGNAL,FUNCTIONING PROPERLY,CLEAR,DAYLIGHT,REAR END,NOT DIVIDED,STRAIGHT AND LEVEL,WET,NO DEFECTS,NOT ON SCENE (DESK REPORT),NO INJURY / DRIVE AWAY,,"OVER $1,500",2025-08-12T07:30:00.000,UNABLE TO DETERMINE,NOT APPLICABLE,6220,N,CENTRAL AVE,1621,2,NO INDICATION OF INJURY,0,0,0,0,0,2,0,7,3,8,41.9950484473,-87.7647757715,"{'type': 'Point', 'coordinates': [-87.764775771516, 41.995048447288]}",,,Y,,,,,,,
4413e38d5b46ac88bc38a9c0143437a3c2fdbd998ee449e9c5f525bdfc36cb605b85eeb81eb6c00bbef2bf065f62e19df8427192fd71ce1b5f0997e52d6d5ae3,2025-08-12T07:28:00.000,30,TRAFFIC SIGNAL,FUNCTIONING PROPERLY,UNKNOWN,UNKNOWN,REAR END,DIVIDED - W/MEDIAN BARRIER,STRAIGHT AND LEVEL,UNKNOWN,UNKNOWN,NOT ON SCENE (DESK REPORT),NO INJURY / DRIVE AWAY,,"OVER $1,500",2025-08-12T08:55:00.000,UNABLE TO DETERMINE,NOT APPLICABLE,4039,W,CERMAK RD,1013,2,NO INDICATION OF INJURY,0,0,0,0,0,4,0,7,3,8,41.8514164461,-87.7261728346,"{'type': 'Point', 'coordinates': [-87.726172834581, 41.851416446121]}",,,,,,,,,,
f485851e5c7e4261a1f08ebf99cc5e20546ef0a891e82e477f869fd0c536ac9633cbb045be9e1ddbe02bfbca2e34489fa15d2f06122c9dcf8515fb548f1411e9,2025-08-12T07:17:00.000,30,NO CONTROLS,NO CONTROLS,RAIN,DAYLIGHT,PEDESTRIAN,NOT DIVIDED,STRAIGHT AND LEVEL,WET,NO DEFECTS,ON SCENE,INJURY AND / OR TOW DUE TO CRASH,,"OVER $1,500",2025-08-12T07:17:00.000,NOT APPLICABLE,NOT APPLICABLE,2737,W,WARREN BLVD,1222,2,NONINCAPACITATING INJURY,2,0,0,1,1,0,0,7,3,8,41.8818909087,-87.6953802937,"{'type': 'Point', 'coordinates': [-87.695380293697, 41.881890908724]}",,,,,,,,,,
bf0fa4558fd936521a33a483e1703a6cdb296183dc2fb712df2d265277e3f6d57c81c9dd545626a2acf4a0caa174db0a6d1a3fbd27376a0038b1cdf58251ca52,2025-08-12T07:14:00.000,30,NO CONTROLS,NO CONTROLS,CLEAR,DAYLIGHT,PARKED MOTOR VEHICLE,NOT DIVIDED,STRAIGHT AND LEVEL,DRY,NO DEFECTS,ON SCENE,NO INJURY / DRIVE AWAY,,"$501 - $1,500",2025-08-12T07:25:00.000,UNABLE TO DETERMINE,NOT APPLICABLE,5600,S,WESTERN AVE,824,2,NO INDICATION OF INJURY,0,0,0,0,0,2,0,7,3,8,41.7922647972,-87.6841436378,"{'type': 'Point', 'coordinates': [-87.68414363785, 41.792264797229]}",,,,,,,,,,
258ce7626c45823c9e1bfc72fc5e521afea4475264df15589787f30ac450c028636c0405aa8acac4f4c3ce43ad2e1c8fddd21ff6e27009e2ae771d8f0c1bf63e,2025-08-12T07:00:00.000,30,STOP SIGN/FLASHER,FUNCTIONING PROPERLY,CLOUDY/OVERCAST,DAYLIGHT,ANGLE,FOUR WAY,STRAIGHT AND LEVEL,WET,UNKNOWN,ON SCENE,NO INJURY / DRIVE AWAY,Y,"OVER $1,500",2025-08-12T07:05:00.000,UNABLE TO DETERMINE,NOT APPLICABLE,3700,W,CERMAK RD,1014,2,NO INDICATION OF INJURY,0,0,0,0,0,2,0,7,3,8,41.8517426808,-87.7174934383,"{'type': 'Point', 'coordinates': [-87.717493438332, 41.851742680807]}",,,,,,,,,,
b4f9c7d606c18df0d49b8719153c5bdede4d018ed9dc109842cb2af05fbe6919002ba8eee39901560b55f2fff14dece145c17842bc869af02a4b5ce49689c4fb,2025-08-12T07:00:00.000,10,NO CONTROLS,NO CONTROLS,CLEAR,DAYLIGHT,PARKED MOTOR VEHICLE,PARKING LOT,STRAIGHT AND LEVEL,DRY,NO DEFECTS,ON SCENE,NO INJURY / DRIVE AWAY,,"OVER $1,500",2025-08-12T10:17:00.000,UNABLE TO DETERMINE,UNABLE TO DETERMINE,4905,W,NORTH AVE,2533,2,NO INDICATION OF INJURY,0,0,0,0,0,1,0,7,3,8,41.9094801719,-87.7488564309,"{'type': 'Point', 'coordinates': [-87.748856430894, 41.909480171867]}",,,Y,,,,,,,
68c5d69075b2f41f30864751802a61e31a74d1575b798d25a66c019a9c37974912fde473f740888b3f8ba31380e44303bd692ffaae2b5ff995f96e364af50b82,2025-08-12T06:56:00.000,30,TRAFFIC SIGNAL,FUNCTIONING PROPERLY,CLEAR,DAYLIGHT,ANGLE,FOUR WAY,STRAIGHT AND LEVEL,DRY,NO DEFECTS,ON SCENE,INJURY AND / OR TOW DUE TO CRASH,Y,"OVER $1,500",2025-08-12T07:01:00.000,DRIVING SKILLS/KNOWLEDGE/EXPERIENCE,NOT APPLICABLE,10100,S,HALSTED ST,2232,2,NONINCAPACITATING INJURY,1,0,0,1,0,1,0,6,3,8,41.7104642821,-87.6430725056,"{'type': 'Point', 'coordinates': [-87.643072505572, 41.710464282056]}",,,,,,,,,,
d4495cf3173b291cab013209e123cd472dac706845372ec46a5a0cafdee90b14d88f996171d5b12be7fa841fe3eb688f5c4b6e31ba3adf7cb080e1a1f8c0cced,2025-08-12T06:44:00.000,30,NO CONTROLS,NO CONTROLS,RAIN,DAWN,PARKED MOTOR VEHICLE,NOT DIVIDED,STRAIGHT AND LEVEL,WET,NO DEFECTS,ON SCENE,INJURY AND / OR TOW DUE TO CRASH,,"OVER $1,500",2025-08-12T07:00:00.000,WEATHER,DRIVING SKILLS/KNOWLEDGE/EXPERIENCE,2034,N,NARRAGANSETT AVE,2512,3,NO INDICATION OF INJURY,0,0,0,0,0,1,0,6,3,8,41.9175537551,-87.7854052891,"{'type': 'Point', 'coordinates': [-87.785405289137, 41.91755375507]}",,,,,,,,,,
c6c061346312073856baac2270db644ab6f6f7a525518ac6d2370ecb6453233274cfbb295ad4d886c8691d1ea43c12605c1d0644f5c68a3525beb9f74d78b59a,2025-08-12T06:34:00.000,30,UNKNOWN,UNKNOWN,CLEAR,DAYLIGHT,ANGLE,FOUR WAY,STRAIGHT AND LEVEL,UNKNOWN,UNKNOWN,ON SCENE,INJURY AND / OR TOW DUE TO CRASH,Y,"OVER $1,500",2025-08-12T06:45:00.000,UNABLE TO DETERMINE,UNABLE TO DETERMINE,5900,S,YALE AVE,711,2,INCAPACITATING INJURY,1,0,1,0,0,1,0,6,3,8,41.7871751726,-87.6320955367,"{'type': 'Point', 'coordinates': [-87.632095536704, 41.787175172589]}",,,,,,,,,,
788406fd16fc67967a24290421411bf330f07acc1060e8ef8b5efd316b6ffa94a95595ee2561dc4365aa1d03fb5e4eebc077d1c4d0da74d60977f33723da8465,2025-08-12T06:15:00.000,30,TRAFFIC SIGNAL,FUNCTIONING PROPERLY,CLOUDY/OVERCAST,DAYLIGHT,SIDESWIPE SAME DIRECTION,ONE-WAY,STRAIGHT AND LEVEL,DRY,NO DEFECTS,ON SCENE,NO INJURY / DRIVE AWAY,,"OVER $1,500",2025-08-12T06:30:00.000,IMPROPER LANE USAGE,UNABLE TO DETERMINE,3600,W,CONGRESS PKWY,1133,2,NO INDICATION OF INJURY,0,0,0,0,0,2,0,6,3,8,41.8745991564,-87.7157409093,"{'type': 'Point', 'coordinates': [-87.71574090926, 41.874599156417]}",,,Y,,,,,,,
3499132455b8ccf0aead8565c89812db6759f6069ace278403027cbd99a51e297c85886502132db3af454e42dcf7663000e44b7d8c0263fa68f741a7baeb2aef,2025-08-12T06:05:00.000,35,NO CONTROLS,NO CONTROLS,RAIN,DAYLIGHT,PEDALCYCLIST,NOT DIVIDED,STRAIGHT AND LEVEL,WET,NO DEFECTS,ON SCENE,INJURY AND / OR TOW DUE TO CRASH,,$500 OR LESS,2025-08-12T07:30:00.000,FAILING TO YIELD RIGHT-OF-WAY,UNABLE TO DETERMINE,1700,N,CLYBOURN AVE,1813,2,NONINCAPACITATING INJURY,1,0,0,1,0,1,0,6,3,8,41.9119324962,-87.6511508425,"{'type': 'Point', 'coordinates': [-87.651150842511, 41.911932496239]}",,,,,,,,,,
d2099b167e74e917db755157eabc5813e07c6b9cf37d5750784661fd237455e0527af1fdd137f0475daea5e0fd47d42cb72704ea7284b763abb680057e133b45,2025-08-12T05:30:00.000,30,NO CONTROLS,NO CONTROLS,CLEAR,DAYLIGHT,SIDESWIPE SAME DIRECTION,NOT DIVIDED,STRAIGHT AND LEVEL,DRY,NO DEFECTS,NOT ON SCENE (DESK REPORT),NO INJURY / DRIVE AWAY,,"OVER $1,500",2025-08-12T15:30:00.000,UNABLE TO DETERMINE,UNABLE TO DETERMINE,4716,W,ROOSEVELT RD,1131,2,NO INDICATION OF INJURY,0,0,0,0,0,2,0,5,3,8,41.8660254068,-87.7430390118,"{'type': 'Point', 'coordinates': [-87.743039011818, 41.866025406822]}",,,,,,,,,,
5f2ba6cd5e6246ba9f862d4158f269346b251f28d71c7838ce549072bab7dd09c7679ff03f4f81cd62a1a5f5c4aaf29f220c866661132021dab815e44ba3c3a3,2025-08-12T05:20:00.000,30,TRAFFIC SIGNAL,FUNCTIONING PROPERLY,CLOUDY/OVERCAST,DAYLIGHT,TURNING,FOUR WAY,STRAIGHT AND LEVEL,WET,NO DEFECTS,ON SCENE,INJURY AND / OR TOW DUE TO CRASH,Y,"OVER $1,500",2025-08-12T05:30:00.000,UNABLE TO DETERMINE,NOT APPLICABLE,3135,S,DAMEN AVE,912,2,NONINCAPACITATING INJURY,4,0,0,4,0,0,0,5,3,8,41.8366356639,-87.6752915396,"{'type': 'Point', 'coordinates': [-87.675291539614, 41.83663566387]}",,,,,,,,,,
6bf71af3c95032d229819315c15731e4ac2d0c12439949d0ded9f6da368ff0cccae18950bfdf706916b7a631a36ee5b22cc25daace3d93cee56a19053c115a45,2025-08-12T05:20:00.000,30,NO CONTROLS,NO CONTROLS,CLEAR,"DARKNESS, LIGHTED ROAD",SIDESWIPE SAME DIRECTION,NOT DIVIDED,STRAIGHT AND LEVEL,WET,NO DEFECTS,NOT ON SCENE (DESK REPORT),NO INJURY / DRIVE AWAY,,"OVER $1,500",2025-08-12T05:35:00.000,IMPROPER LANE USAGE,FAILING TO YIELD RIGHT-OF-WAY,1040,N,ASHLAND AVE,1213,2,NO INDICATION OF INJURY,0,0,0,0,0,2,0,5,3,8,41.9009544583,-87.6675740402,"{'type': 'Point', 'coordinates': [-87.667574040222, 41.900954458291]}",,,,,,,,,,
74799fd19feca5b2edb329f832519a88db4ebe67ed79f5fd6946fff2a0231fee4f5ab9c8b1d0a6ed6c9eb89d47a5f5aaff04ec182ff427b69997d76782f78346,2025-08-12T05:00:00.000,15,STOP SIGN/FLASHER,NO CONTROLS,CLEAR,DAYLIGHT,PARKED MOTOR VEHICLE,ONE-WAY,STRAIGHT AND LEVEL,DRY,NO DEFECTS,NOT ON SCENE (DESK REPORT),NO INJURY / DRIVE AWAY,,"OVER $1,500",2025-08-12T06:00:00.000,FOLLOWING TOO CLOSELY,NOT APPLICABLE,6404,S,KEATING AVE,813,2,NO INDICATION OF INJURY,0,0,0,0,0,1,0,5,3,8,41.7764163793,-87.7411543122,"{'type': 'Point', 'coordinates': [-87.741154312175, 41.776416379302]}",,,Y,,N,,,,,
68d284f9a359a8a9feff14d887921e3524d3f9e9e640cf2ca5a9314dfbb3bf68df97fd89105c1b8c2f1e10ad96ef5ef7017cefdfab6abc683a2f6215a8c82b0b,2025-08-12T04:50:00.000,30,TRAFFIC SIGNAL,FUNCTIONING PROPERLY,CLEAR,"DARKNESS, LIGHTED ROAD",ANGLE,DIVIDED - W/MEDIAN (NOT RAISED),STRAIGHT AND LEVEL,DRY,NO DEFECTS,ON SCENE,NO INJURY / DRIVE AWAY,Y,"OVER $1,500",2025-08-12T04:52:00.000,DRIVING SKILLS/KNOWLEDGE/EXPERIENCE,DISREGARDING OTHER TRAFFIC SIGNS,2400,N,KOSTNER AVE,2524,2,NO INDICATION OF INJURY,0,0,0,0,0,3,0,4,3,8,41.9244106573,-87.7367198212,"{'type': 'Point', 'coordinates': [-87.736719821172, 41.924410657307]}",,,,,,,,,,
50c3531fb74d6d7c3a1f65675c4605c24c4cc0a5ba3e9ad90cca55010990781c2ab947efb642db6fd6711dd4dd148a88d270eb8af1ee8bb885971e370676dc63,2025-08-12T04:37:00.000,35,NO CONTROLS,NO CONTROLS,CLEAR,"DARKNESS, LIGHTED ROAD",PARKED MOTOR VEHICLE,NOT DIVIDED,STRAIGHT AND LEVEL,DRY,NO DEFECTS,,INJURY AND / OR TOW DUE TO CRASH,,"OVER $1,500",2025-08-12T04:40:00.000,FAILING TO REDUCE SPEED TO AVOID CRASH,EQUIPMENT - VEHICLE CONDITION,3514,N,CICERO AVE,1634,3,NO INDICATION OF INJURY,0,0,0,0,0,1,0,4,3,8,41.94481458,-87.7471761918,"{'type': 'Point', 'coordinates': [-87.747176191812, 41.944814579979]}",,,Y,,,,,,,
842b8f6e0dd438d7d71cc436f2147e1a5fa8782a911b5202d451ecdb4c0f55cc7c7e19db400e97ba0622c11cb9e4e40f981ee4adafe877aec10252e42c78daab,2025-08-12T03:27:00.000,30,TRAFFIC SIGNAL,FUNCTIONING PROPERLY,CLOUDY/OVERCAST,"DARKNESS, LIGHTED ROAD",TURNING,DIVIDED - W/MEDIAN BARRIER,STRAIGHT AND LEVEL,WET,NO DEFECTS,ON SCENE,INJURY AND / OR TOW DUE TO CRASH,,"OVER $1,500",2025-08-12T03:28:00.000,UNABLE TO DETERMINE,NOT APPLICABLE,2001,W,GARFIELD BLVD,715,2,NO INDICATION OF INJURY,0,0,0,0,0,2,0,3,3,8,41.7934462595,-87.6743464583,"{'type': 'Point', 'coordinates': [-87.674346458333, 41.793446259528]}",,,,,,,,,,
802c45f7037680a5ee1426340bfa6cba9553e83cde88d501d7d12303d5ea92ce79d734ce9837827decd543131e3343d0f8cdf7761dec2124a88f636d29769ad6,2025-08-12T03:15:00.000,30,NO CONTROLS,NO CONTROLS,UNKNOWN,UNKNOWN,PARKED MOTOR VEHICLE,ONE-WAY,STRAIGHT AND LEVEL,UNKNOWN,UNKNOWN,NOT ON SCENE (DESK REPORT),NO INJURY / DRIVE AWAY,,$500 OR LESS,2025-08-13T09:50:00.000,UNABLE TO DETERMINE,NOT APPLICABLE,4514,S,LAPORTE AVE,814,2,NO INDICATION OF INJURY,0,0,0,0,0,1,0,3,3,8,41.810735999,-87.747059728,"{'type': 'Point', 'coordinates': [-87.747059728002, 41.810735998997]}",,,Y,,,,,,,
f031cf97d0b64939c53665555db70ed4ffbfd3bda4d8f6c01de3d86e36b84504eb8daa8bbcb3d40f87800271e63327254b439ab77a440bb4c9f446b7a5bff4b8,2025-08-12T02:15:00.000,30,TRAFFIC SIGNAL,FUNCTIONING PROPERLY,RAIN,"DARKNESS, LIGHTED ROAD",REAR END,NOT DIVIDED,STRAIGHT AND LEVEL,WET,NO DEFECTS,NOT ON SCENE (DESK REPORT),NO INJURY / DRIVE AWAY,,"OVER $1,500",2025-08-12T03:50:00.000,UNABLE TO DETERMINE,NOT APPLICABLE,5166,W,MONTROSE AVE,1623,2,NO INDICATION OF INJURY,0,0,0,0,0,4,0,2,3,8,41.9607122977,-87.7571663011,"{'type': 'Point', 'coordinates': [-87.757166301075, 41.960712297695]}",,,Y,,,,,,,
3cdcf3c5e5197d6c4f6ad476ae6d63fceb9f9eac577be74e99988b93e734d1a0a9e3d66e6b159b6362f7acc506cbd14c3b496543290f9565d33cb86cd27a4eae,2025-08-12T02:14:00.000,30,TRAFFIC SIGNAL,FUNCTIONING PROPERLY,RAIN,"DARKNESS, LIGHTED ROAD",SIDESWIPE SAME DIRECTION,DIVIDED - W/MEDIAN (NOT RAISED),STRAIGHT AND LEVEL,WET,NO DEFECTS,ON SCENE,NO INJURY / DRIVE AWAY,Y,$500 OR LESS,2025-08-12T02:20:00.000,FOLLOWING TOO CLOSELY,UNABLE TO DETERMINE,2800,N,PULASKI RD,2523,2,NO INDICATION OF INJURY,0,0,0,0,0,4,0,2,3,8,41.9318310256,-87.727126873,"{'type': 'Point', 'coordinates': [-87.727126873005, 41.931831025615]}",,,Y,,,,,,,
bf7b404cd49c17665271d4d5aebc75a34c9b0e5cf3e8720177ba02bee35c648caab063861a79acbfd211f7becedad9f95652de7b711cf6b68f617e32451b5016,2025-08-12T01:15:00.000,30,NO CONTROLS,NO CONTROLS,RAIN,"DARKNESS, LIGHTED ROAD",SIDESWIPE SAME DIRECTION,NOT DIVIDED,STRAIGHT AND LEVEL,WET,SHOULDER DEFECT,ON SCENE,INJURY AND / OR TOW DUE TO CRASH,,"OVER $1,500",2025-08-12T02:09:00.000,IMPROPER OVERTAKING/PASSING,NOT APPLICABLE,2945,N,WESTERN AVE,1432,2,NO INDICATION OF INJURY,0,0,0,0,0,3,0,1,3,8,41.9354548651,-87.6878227599,"{'type': 'Point', 'coordinates': [-87.687822759906, 41.935454865138]}",,,,,,,,,,
5a41c2f526ced98ea6c815cf4d14205a926ca6c1de2815aa359ed2c446bbc40fd013e9374bf5fe763c995596a9445791678f24d865077efcb757827614ecd7b8,2025-08-12T01:00:00.000,30,UNKNOWN,UNKNOWN,RAIN,UNKNOWN,PARKED MOTOR VEHICLE,UNKNOWN,STRAIGHT AND LEVEL,WET,UNKNOWN,NOT ON SCENE (DESK REPORT),INJURY AND / OR TOW DUE TO CRASH,Y,"OVER $1,500",2025-08-13T08:30:00.000,EQUIPMENT - VEHICLE CONDITION,WEATHER,8100,S,EVANS AVE,631,2,NO INDICATION OF INJURY,0,0,0,0,0,1,0,1,3,8,41.747515295,-87.6064900589,"{'type': 'Point', 'coordinates': [-87.60649005894, 41.747515295044]}",,,,,,,,,,
9b3c3da85c02d334c908520d9cde792695c3a557b95960563c0b4e36520c4fb96de7c96996d4f6263a7063dd3ee414eb367cfa4866aec27e185e175d945a24c9,2025-08-12T01:00:00.000,15,NO CONTROLS,NO CONTROLS,CLEAR,"DARKNESS, LIGHTED ROAD",PARKED MOTOR VEHICLE,OTHER,STRAIGHT AND LEVEL,WET,NO DEFECTS,NOT ON SCENE (DESK REPORT),NO INJURY / DRIVE AWAY,,"OVER $1,500",2025-08-12T01:15:00.000,UNABLE TO DETERMINE,NOT APPLICABLE,6500,S,KEDZIE AVE,831,2,NO INDICATION OF INJURY,0,0,0,0,0,1,0,1,3,8,41.7752744575,-87.7031973331,"{'type': 'Point', 'coordinates': [-87.703197333057, 41.775274457458]}",,,Y,,,,,,,
aadf7e1c92e05fbed4482520a386004540d2e5f612d0e33b8d1d1670155651bb09f06ff2772235338821c2b45575aab81e695d7a8f4b4450d41a318e5f94bd5c,2025-08-12T01:00:00.000,30,NO CONTROLS,NO CONTROLS,RAIN,"DARKNESS, LIGHTED ROAD",PARKED MOTOR VEHICLE,ONE-WAY,STRAIGHT AND LEVEL,WET,NO DEFECTS,ON SCENE,INJURY AND / OR TOW DUE TO CRASH,,"OVER $1,500",2025-08-12T01:45:00.000,UNABLE TO DETERMINE,NOT APPLICABLE,1141,W,82ND ST,613,3,NONINCAPACITATING INJURY,1,0,0,1,0,0,0,1,3,8,41.7449385209,-87.6527723736,"{'type': 'Point', 'coordinates': [-87.652772373579, 41.744938520939]}",,,,,,,,,,
2745b6e63752f3865d31f0e0fbee3978343dd91b034065e8bba807c429305128d17bc5073f4a37e167340873415cd08c6c09465316dbbbc6e30743da702c6801,2025-08-12T00:51:00.000,30,TRAFFIC SIGNAL,FUNCTIONING PROPERLY,RAIN,"DARKNESS, LIGHTED ROAD",ANGLE,T-INTERSECTION,STRAIGHT AND LEVEL,WET,UNKNOWN,ON SCENE,NO INJURY / DRIVE AWAY,Y,"OVER $1,500",2025-08-12T00:51:00.000,FAILING TO REDUCE SPEED TO AVOID CRASH,FAILING TO YIELD RIGHT-OF-WAY,700,W,TAYLOR ST,124,2,NO INDICATION OF INJURY,0,0,0,0,0,3,0,0,3,8,41.8698052221,-87.6437763018,"{'type': 'Point', 'coordinates': [-87.643776301838, 41.869805222061]}",,,,,,,,,,