crash_record_id,crash_date,posted_speed_limit,traffic_control_device,device_condition,weather_condition,lighting_condition,first_crash_type,trafficway_type,alignment,roadway_surface_cond,road_defect,report_type,crash_type,intersection_related_i,damage,date_police_notified,prim_contributory_cause,sec_contributory_cause,street_no,street_direction,street_name,beat_of_occurrence,num_units,most_severe_injury,injuries_total,injuries_fatal,injuries_incapacitating,injuries_non_incapacitating,injuries_reported_not_evident,injuries_no_indication,injuries_unknown,crash_hour,crash_day_of_week,crash_month,latitude,longitude,location,private_property_i,photos_taken_i,hit_and_run_i,statements_taken_i,crash_date_est_i,work_zone_i,work_zone_type,dooring_i,lane_cnt,workers_present_i
c7f3083333824719c46da09d2508fd784b9b487894f797f265ca0da415b6218e02fc181aab7f44f27f3939ddb74af7026a914c06ae4170bcef21643552490a77,2025-08-11T21:20:00.000,30,STOP SIGN/FLASHER,FUNCTIONING PROPERLY,RAIN,"DARKNESS, LIGHTED ROAD",PEDALCYCLIST,ONE-WAY,STRAIGHT AND LEVEL,WET,NO DEFECTS,ON SCENE,INJURY AND / OR TOW DUE TO CRASH,Y,"OVER $1,500",2025-08-11T21:20:00.000,FAILING TO REDUCE SPEED TO AVOID CRASH,FAILING TO YIELD RIGHT-OF-WAY,5700,N,SACRAMENTO AVE,2011,2,INCAPACITATING INJURY,1,0,1,0,0,2,0,21,2,8,41.9850027557,-87.7042200968,"{'type': 'Point', 'coordinates': [-87.704220096807, 41.985002755713]}",,,,,,,,,,
e6814e86e8a6756fd3cb4966a07af8300916f90c486bf2c622e0f23db88c9306b7b5bea2669bd1d5b94ec1dc731a7300392d96859413a4b98c66b48f427279e2,2025-08-11T21:15:00.000,30,TRAFFIC SIGNAL,FUNCTIONING PROPERLY,RAIN,"DARKNESS, LIGHTED ROAD",REAR END,NOT DIVIDED,STRAIGHT AND LEVEL,WET,NO DEFECTS,NOT ON SCENE (DESK REPORT),NO INJURY / DRIVE AWAY,,"OVER $1,500",2025-08-11T21:50:00.000,UNABLE TO DETERMINE,NOT APPLICABLE,5616,W,ADDISON ST,1633,2,NO INDICATION OF INJURY,0,0,0,0,0,2,0,21,2,8,41.9459778001,-87.7674849467,"{'type': 'Point', 'coordinates': [-87.767484946658, 41.945977800147]}",,,,,,,,,,
10e964792e0f2dd80da0c639152794e4c8e6f04d20b81468786e1417ecbd4a41b85d7b5123612c5c73a33073f186440fbef79270d178efdbdc38471103c8e8a3,2025-08-11T21:00:00.000,30,NO CONTROLS,NO CONTROLS,RAIN,"DARKNESS, LIGHTED ROAD",OTHER NONCOLLISION,DIVIDED - W/MEDIAN BARRIER,STRAIGHT AND LEVEL,WET,NO DEFECTS,ON SCENE,INJURY AND / OR TOW DUE TO CRASH,,"OVER $1,500",2025-08-11T21:04:00.000,WEATHER,NOT APPLICABLE,379,N,SACRAMENTO BLVD,1222,2,NO INDICATION OF INJURY,0,0,0,0,0,2,0,21,2,8,41.8884030806,-87.7012698736,"{'type': 'Point', 'coordinates': [-87.701269873639, 41.888403080571]}",,,,,,,,,,
29b822ccd94ffdebec74e88fc18a5da0906f56e1efa00455a45ca6b2791e0a66e7b9ab7155f6ffa47afdc9cad0d2218f150251bf88b510a76d667b350c87e21d,2025-08-11T21:00:00.000,30,NO CONTROLS,NO CONTROLS,RAIN,"DARKNESS, LIGHTED ROAD",SIDESWIPE SAME DIRECTION,DIVIDED - W/MEDIAN (NOT RAISED),STRAIGHT AND LEVEL,WET,NO DEFECTS,NOT ON SCENE (DESK REPORT),NO INJURY / DRIVE AWAY,,"$501 - $1,500",2025-08-11T21:28:00.000,UNABLE TO DETERMINE,NOT APPLICABLE,532,S,MICHIGAN AVE,123,2,NO INDICATION OF INJURY,0,0,0,0,0,2,0,21,2,8,41.875020246,-87.6243930631,"{'type': 'Point', 'coordinates': [-87.624393063087, 41.875020245966]}",,,Y,,,,,,,
8fe45caff96f4e4ba65b4efb7adefb1e9e0fedf11836a9749e8feeda336e39141c00e45003bb302c56c3c3048f08ed3590b480e64d7a4c90fcc6814c3fe648b2,2025-08-11T21:00:00.000,30,STOP SIGN/FLASHER,OTHER,UNKNOWN,"DARKNESS, LIGHTED ROAD",ANGLE,NOT DIVIDED,STRAIGHT AND LEVEL,UNKNOWN,UNKNOWN,NOT ON SCENE (DESK REPORT),NO INJURY / DRIVE AWAY,N,"OVER $1,500",2025-08-12T20:40:00.000,UNABLE TO DETERMINE,UNABLE TO DETERMINE,4100,W,BELMONT AVE,1731,2,NO INDICATION OF INJURY,0,0,0,0,0,2,0,21,2,8,41.9391700991,-87.7297660003,"{'type': 'Point', 'coordinates': [-87.729766000282, 41.939170099101]}",,,Y,,,,,,,
9fc190bdbbcd3cbe3c73f6ef7b290b955a2652529e1170ae38904bbf01b2eb94d0d2b9365402dc9ce5f9f855bc47841636ddb9ea7ddd13f48ba4df20184f3ebd,2025-08-11T21:00:00.000,30,NO CONTROLS,NO CONTROLS,CLEAR,"DARKNESS, LIGHTED ROAD",PARKED MOTOR VEHICLE,NOT DIVIDED,STRAIGHT AND LEVEL,DRY,NO DEFECTS,ON SCENE,INJURY AND / OR TOW DUE TO CRASH,,"OVER $1,500",2025-08-12T13:15:00.000,UNABLE TO DETERMINE,UNABLE TO DETERMINE,3436,W,31ST ST,1032,2,NO INDICATION OF INJURY,0,0,0,0,0,1,0,21,2,8,41.8372314673,-87.7110807289,"{'type': 'Point', 'coordinates': [-87.711080728909, 41.837231467297]}",,,Y,,,,,,,
c2a453d8a957a40536b189bedc364b01f710921251d245e8528ac661ab85452aa2d1c3755d9ae7db6e30177006c2b55508a52821e7d29440de482ee87a91f72c,2025-08-11T21:00:00.000,30,PEDESTRIAN CROSSING SIGN,FUNCTIONING PROPERLY,RAIN,"DARKNESS, LIGHTED ROAD",OTHER NONCOLLISION,NOT DIVIDED,STRAIGHT AND LEVEL,WET,NO DEFECTS,ON SCENE,INJURY AND / OR TOW DUE TO CRASH,,"OVER $1,500",2025-08-11T21:03:00.000,FAILING TO YIELD RIGHT-OF-WAY,UNABLE TO DETERMINE,4459,N,CLARENDON AVE,1914,2,INCAPACITATING INJURY,1,0,1,0,0,1,0,21,2,8,41.9634864296,-87.6498130143,"{'type': 'Point', 'coordinates': [-87.649813014296, 41.963486429637]}",,,,,,,,,,
211846da0ccb38dd11277eca95a084b7d248cbaef0ccdeb79e1065441afdf549429eb0f755513be312dc2e0abeeaac1b635aa857df0792cf0f86ffcfd86e089c,2025-08-11T20:58:00.000,35,NO CONTROLS,NO CONTROLS,CLEAR,"DARKNESS, LIGHTED ROAD",PARKED MOTOR VEHICLE,NOT DIVIDED,STRAIGHT AND LEVEL,DRY,NO DEFECTS,ON SCENE,NO INJURY / DRIVE AWAY,,"OVER $1,500",2025-08-11T20:58:00.000,FAILING TO REDUCE SPEED TO AVOID CRASH,UNABLE TO DETERMINE,5437,N,WESTERN AVE,2012,2,NO INDICATION OF INJURY,0,0,0,0,0,1,0,20,2,8,41.9806213804,-87.6891870399,"{'type': 'Point', 'coordinates': [-87.689187039885, 41.980621380399]}",,,,,,,,,,
e5d57d1a6a411fb01dcd08f2ff999940b21e647404f06d8b0a65516fc7f983245796ea724f30baee920f498caae3aa13d95964ff28f78b93803bf6fefc21de20,2025-08-11T20:56:00.000,30,NO CONTROLS,UNKNOWN,CLOUDY/OVERCAST,DAWN,PEDALCYCLIST,ALLEY,STRAIGHT AND LEVEL,DRY,NO DEFECTS,NOT ON SCENE (DESK REPORT),INJURY AND / OR TOW DUE TO CRASH,,"$501 - $1,500",2025-08-11T20:56:00.000,DRIVING SKILLS/KNOWLEDGE/EXPERIENCE,DRIVING SKILLS/KNOWLEDGE/EXPERIENCE,4399,N,SPRINGFIELD AVE,1723,2,NONINCAPACITATING INJURY,1,0,0,1,0,3,0,20,2,8,41.9608888354,-87.7252310227,"{'type': 'Point', 'coordinates': [-87.725231022706, 41.96088883544]}",,,,,,,,,,
b55f2ad70e58437fadb659197d218370286824d1a44eb22ebfd57484d6b988d810823593511fec8c4e180da524e70d9284b3e0c0e9228c85ee11c73dd65c836d,2025-08-11T20:55:00.000,15,NO CONTROLS,NO CONTROLS,CLEAR,"DARKNESS, LIGHTED ROAD",PARKED MOTOR VEHICLE,ONE-WAY,STRAIGHT AND LEVEL,DRY,UNKNOWN,NOT ON SCENE (DESK REPORT),NO INJURY / DRIVE AWAY,Y,"OVER $1,500",2025-08-11T22:00:00.000,CELL PHONE USE OTHER THAN TEXTING,"OPERATING VEHICLE IN ERRATIC, RECKLESS, CARELESS, NEGLIGENT OR AGGRESSIVE MANNER",9757,S,PRAIRIE AVE,511,2,NO INDICATION OF INJURY,0,0,0,0,0,1,0,20,2,8,41.7165158121,-87.617495519,"{'type': 'Point', 'coordinates': [-87.617495519049, 41.716515812109]}",,,,,,,,,,
ef2399fc7468978ae194426c7e0482c926cd72790b2d2550c0e4eb79faf18e37d403a85c16556b99a3339678466540bc0ee5be9ef1caa2a1db01a2f503ab53ff,2025-08-11T20:50:00.000,30,NO CONTROLS,NO CONTROLS,CLEAR,DARKNESS,SIDESWIPE SAME DIRECTION,FOUR WAY,STRAIGHT AND LEVEL,WET,NO DEFECTS,NOT ON SCENE (DESK REPORT),NO INJURY / DRIVE AWAY,,"OVER $1,500",2025-08-11T21:15:00.000,UNABLE TO DETERMINE,NOT APPLICABLE,356,N,CICERO AVE,1532,2,NO INDICATION OF INJURY,0,0,0,0,0,3,0,20,2,8,41.8868512629,-87.7456535196,"{'type': 'Point', 'coordinates': [-87.745653519601, 41.886851262919]}",,,Y,,,,,,,
db17eb8659a00b71ecabbe7a7efd8407f908e608b740475946b971f4641711983e6e0c2c5a7431e0cb5f44d498b4fc0ec8b39f7205d2c92d8e1256b8c3ee9ab0,2025-08-11T20:45:00.000,30,NO CONTROLS,NO CONTROLS,RAIN,"DARKNESS, LIGHTED ROAD",PEDESTRIAN,DIVIDED - W/MEDIAN (NOT RAISED),STRAIGHT AND LEVEL,WET,NO DEFECTS,ON SCENE,INJURY AND / OR TOW DUE TO CRASH,,$500 OR LESS,2025-08-11T20:45:00.000,FAILING TO YIELD RIGHT-OF-WAY,FAILING TO YIELD RIGHT-OF-WAY,850,E,63RD ST,313,2,NONINCAPACITATING INJURY,1,0,0,1,0,1,0,20,2,8,41.7805475739,-87.6039383102,"{'type': 'Point', 'coordinates': [-87.603938310246, 41.780547573927]}",,,N,,,,,,,
5772d41f75f8e1286d644b7576236ec2af6254f786307b3958bb22cd9c8743d8ec868b64a73ad91c3433b5e41f699b281dc140e6dea74990e3ccd6d9d8de8284,2025-08-11T20:41:00.000,30,TRAFFIC SIGNAL,UNKNOWN,RAIN,"DARKNESS, LIGHTED ROAD",REAR END,NOT DIVIDED,STRAIGHT AND LEVEL,WET,UNKNOWN,NOT ON SCENE (DESK REPORT),NO INJURY / DRIVE AWAY,,"OVER $1,500",2025-08-11T21:45:00.000,FOLLOWING TOO CLOSELY,FOLLOWING TOO CLOSELY,700,S,ASHLAND AVE,1231,2,NO INDICATION OF INJURY,0,0,0,0,0,2,0,20,2,8,41.8728345407,-87.6667160697,"{'type': 'Point', 'coordinates': [-87.666716069722, 41.872834540669]}",,,,,,,,,,
f1e190d14c8ad61fbaad7f95a9ae0a700cff4f1ea7474fc45356383e3bbc825ea6cd9953853de202782963b7eb8d07db1e0c44790a80e5ae44cd21716d422233,2025-08-11T20:35:00.000,30,NO CONTROLS,NO CONTROLS,RAIN,"DARKNESS, LIGHTED ROAD",TURNING,NOT DIVIDED,STRAIGHT AND LEVEL,WET,NO DEFECTS,NOT ON SCENE (DESK REPORT),NO INJURY / DRIVE AWAY,,"OVER $1,500",2025-08-11T21:45:00.000,FAILING TO YIELD RIGHT-OF-WAY,NOT APPLICABLE,8302,S,ASHLAND AVE,614,2,NO INDICATION OF INJURY,0,0,0,0,0,2,0,20,2,8,41.7429270352,-87.6633954529,"{'type': 'Point', 'coordinates': [-87.663395452869, 41.742927035182]}",,,,,,,,,,
0a06c33621cde92801db9a8487922ab818564b8ea6d98446e29266db4c23353aa31ae4155ba7a2a592d76dcaa7ecddc4648780ba93eb6a8862cb027d23a0dafc,2025-08-11T20:24:00.000,30,NO CONTROLS,NO CONTROLS,UNKNOWN,UNKNOWN,TURNING,FOUR WAY,STRAIGHT AND LEVEL,UNKNOWN,UNKNOWN,ON SCENE,INJURY AND / OR TOW DUE TO CRASH,Y,"OVER $1,500",2025-08-11T20:41:00.000,FOLLOWING TOO CLOSELY,IMPROPER TURNING/NO SIGNAL,4300,S,KEDZIE AVE,821,2,"REPORTED, NOT EVIDENT",1,0,0,0,1,1,0,20,2,8,41.8153520373,-87.704406263,"{'type': 'Point', 'coordinates': [-87.704406262956, 41.815352037319]}",,,,,,,,,,
148e36cb2e9aa176ab2be4310d2f4b5fa9105904c74afe847744912f8d10d1c85e891de88bf2024bea134402c2e577a85114beb2aae2608c5b2f13a4e393ace7,2025-08-11T20:16:00.000,35,STOP SIGN/FLASHER,UNKNOWN,CLEAR,DUSK,TURNING,DIVIDED - W/MEDIAN (NOT RAISED),STRAIGHT AND LEVEL,DRY,NO DEFECTS,ON SCENE,INJURY AND / OR TOW DUE TO CRASH,,"OVER $1,500",2025-08-11T20:16:00.000,UNABLE TO DETERMINE,NOT APPLICABLE,201,W,127TH ST,523,2,NONINCAPACITATING INJURY,1,0,0,1,0,3,0,20,2,8,41.6632773764,-87.6270433173,"{'type': 'Point', 'coordinates': [-87.627043317313, 41.66327737641]}",,,,,,,,,,
41bad2e63d3750292210042fd36abe8b6e1cbd000314062c97dc06e4c1b1e03071d83f33373b2aa3c442da7347e348358704734ce22d58478ccf1d28ef427d4c,2025-08-11T20:10:00.000,30,STOP SIGN/FLASHER,FUNCTIONING PROPERLY,CLEAR,DARKNESS,PEDESTRIAN,NOT DIVIDED,STRAIGHT AND LEVEL,DRY,NO DEFECTS,ON SCENE,INJURY AND / OR TOW DUE TO CRASH,,$500 OR LESS,2025-08-11T20:24:00.000,UNABLE TO DETERMINE,NOT APPLICABLE,3324,S,WOOD ST,912,2,NONINCAPACITATING INJURY,1,0,0,1,0,1,0,20,2,8,41.8332988018,-87.6706110085,"{'type': 'Point', 'coordinates': [-87.670611008543, 41.833298801767]}",,,,,,,,,,
e2f31274d606c2702d5cc9bee91b5a5f64cb14e1667d7e00832e5dc6ba00dc36bf1bb06f269dddd136afd0736f2a2940ba9b7352c6ec30606a529d9a86fdfe55,2025-08-11T20:10:00.000,30,NO CONTROLS,NO CONTROLS,CLEAR,"DARKNESS, LIGHTED ROAD",PARKED MOTOR VEHICLE,NOT DIVIDED,STRAIGHT AND LEVEL,DRY,NO DEFECTS,ON SCENE,NO INJURY / DRIVE AWAY,,$500 OR LESS,2025-08-11T20:10:00.000,DRIVING SKILLS/KNOWLEDGE/EXPERIENCE,NOT APPLICABLE,3206,N,CICERO AVE,1634,2,NO INDICATION OF INJURY,0,0,0,0,0,1,0,20,2,8,41.93904667,-87.7470219655,"{'type': 'Point', 'coordinates': [-87.747021965545, 41.939046670046]}",,,,,,,,,,
489fa4b5de2f58ad2d1cbfd7ae71b5efbc98394a24089ee2db33fc25089e784e623da99effdef38502342330442cd11e70a1fb32e8d892bf1de58b429395615b,2025-08-11T19:58:00.000,30,TRAFFIC SIGNAL,FUNCTIONING PROPERLY,CLEAR,"DARKNESS, LIGHTED ROAD",PEDESTRIAN,NOT DIVIDED,STRAIGHT AND LEVEL,DRY,UNKNOWN,ON SCENE,INJURY AND / OR TOW DUE TO CRASH,Y,"OVER $1,500",2025-08-11T19:58:00.000,UNABLE TO DETERMINE,UNABLE TO DETERMINE,7599,N,CLARK ST,2422,2,"REPORTED, NOT EVIDENT",1,0,0,0,1,1,0,19,2,8,42.0193503717,-87.67613937,"{'type': 'Point', 'coordinates': [-87.676139370046, 42.019350371721]}",,,,,,,,,,
4cf1826e527d7eb6d6452d8879063c88931cabf9d73b240ef0829255f92eb5ecd0d9a3d926e0c38e3fc75b30cb1a9ec7b4931327f4212fd1ea70c8a8209baca2,2025-08-11T19:57:00.000,30,TRAFFIC SIGNAL,FUNCTIONING PROPERLY,RAIN,"DARKNESS, LIGHTED ROAD",PEDESTRIAN,FOUR WAY,STRAIGHT AND LEVEL,WET,NO DEFECTS,ON SCENE,INJURY AND / OR TOW DUE TO CRASH,Y,$500 OR LESS,2025-08-11T20:57:00.000,UNABLE TO DETERMINE,UNABLE TO DETERMINE,1600,S,KEDZIE AVE,1022,4,"REPORTED, NOT EVIDENT",2,0,0,0,2,2,0,19,2,8,41.8590298265,-87.7056009953,"{'type': 'Point', 'coordinates': [-87.705600995256, 41.859029826536]}",,,Y,,,,,,,
c83980c4400bf8add8a1b4c6f6f0aa0b0df9ebb71eaa10348759bd534987aac64716c456b6e496f617f53de2a6581aa135d065a7f74b2702bbd354a66e64bb73,2025-08-11T19:55:00.000,30,NO CONTROLS,NO CONTROLS,CLEAR,"DARKNESS, LIGHTED ROAD",TURNING,NOT DIVIDED,STRAIGHT AND LEVEL,DRY,UNKNOWN,ON SCENE,NO INJURY / DRIVE AWAY,Y,"OVER $1,500",2025-08-11T20:21:00.000,FAILING TO YIELD RIGHT-OF-WAY,NOT APPLICABLE,5600,W,ALTGELD ST,2515,2,NO INDICATION OF INJURY,0,0,0,0,0,4,0,19,2,8,41.9259135471,-87.7661178278,"{'type': 'Point', 'coordinates': [-87.766117827801, 41.925913547069]}",,,,,,,,,,
b34a3ea862738148859400ba42ded2c81f480bbf24186bd85f511efe0f54ae150eb66305eeb3bf7025f7cc21e2897502edc6d70d627f29abbb74584acab2772e,2025-08-11T19:48:00.000,30,NO CONTROLS,NO CONTROLS,CLEAR,"DARKNESS, LIGHTED ROAD",SIDESWIPE SAME DIRECTION,NOT DIVIDED,STRAIGHT AND LEVEL,DRY,NO DEFECTS,ON SCENE,INJURY AND / OR TOW DUE TO CRASH,,"OVER $1,500",2025-08-11T19:48:00.000,FAILING TO REDUCE SPEED TO AVOID CRASH,FAILING TO REDUCE SPEED TO AVOID CRASH,2530,W,DEVON AVE,2412,2,NO INDICATION OF INJURY,0,0,0,0,0,7,0,19,2,8,41.9977784651,-87.6934855011,"{'type': 'Point', 'coordinates': [-87.693485501093, 41.997778465054]}",,,,,,,,,,
1d86cef93538299ac6bd7c1ffc68e70c35601a5050d11ed3ad0a6fbec06911fae219cb7fb022c09f8574e57dff344016e4b0ed55c62ed0c97e4eaf0b16f2f0e0,2025-08-11T19:45:00.000,30,STOP SIGN/FLASHER,FUNCTIONING PROPERLY,CLEAR,DUSK,ANGLE,NOT DIVIDED,STRAIGHT AND LEVEL,DRY,NO DEFECTS,ON SCENE,INJURY AND / OR TOW DUE TO CRASH,Y,"OVER $1,500",2025-08-11T19:46:00.000,DISREGARDING TRAFFIC SIGNALS,NOT APPLICABLE,600,S,LOOMIS ST,1231,2,NO INDICATION OF INJURY,0,0,0,0,0,3,0,19,2,8,41.8741584412,-87.6619340668,"{'type': 'Point', 'coordinates': [-87.661934066829, 41.874158441246]}",,,,,,,,,,
c3facb20e81d9dbbfa6a5b6beb669d532d7018ec9d50a2d8b93d36e397e3a6184bbea78b9247925352de6c15951eaad7dc75f1de4e82f64a7fd37774bf93ac12,2025-08-11T19:10:00.000,30,NO CONTROLS,NO CONTROLS,CLEAR,DAYLIGHT,PARKED MOTOR VEHICLE,PARKING LOT,STRAIGHT AND LEVEL,DRY,NO DEFECTS,NOT ON SCENE (DESK REPORT),NO INJURY / DRIVE AWAY,,"$501 - $1,500",2025-08-11T19:10:00.000,FOLLOWING TOO CLOSELY,FOLLOWING TOO CLOSELY,509,N,PESHTIGO CT,1834,2,NO INDICATION OF INJURY,0,0,0,0,0,1,0,19,2,8,41.891423217,-87.6150356903,"{'type': 'Point', 'coordinates': [-87.615035690348, 41.891423217016]}",,,,,,,,,,
c05e8cb5ff4138fa89849fb62bd6df93566d0cbd2d9d473f8b34b877eeb0e14d61913fc3d46962e5a3fa1f54c7b4c2522223d655cb876bcf33ed7d926911fa13,2025-08-11T19:05:00.000,30,TRAFFIC SIGNAL,UNKNOWN,UNKNOWN,UNKNOWN,PEDESTRIAN,FOUR WAY,STRAIGHT AND LEVEL,UNKNOWN,UNKNOWN,NOT ON SCENE (DESK REPORT),INJURY AND / OR TOW DUE TO CRASH,,"OVER $1,500",2025-08-11T19:38:00.000,UNABLE TO DETERMINE,NOT APPLICABLE,5900,S,HALSTED ST,712,2,NONINCAPACITATING INJURY,1,0,0,1,0,1,0,19,2,8,41.7869316518,-87.6451124499,"{'type': 'Point', 'coordinates': [-87.64511244991, 41.786931651847]}",,,Y,,,,,,,
27f3523ec21d94faf5749c77a2cd98e40067f1e0a82f6088bae774ac82b5984dd888118f5c0d2bee2dec74846679bc2ff8630f6026214876ce37b8d9431ef1c7,2025-08-11T19:00:00.000,30,NO CONTROLS,NO CONTROLS,UNKNOWN,DUSK,REAR END,DIVIDED - W/MEDIAN (NOT RAISED),STRAIGHT AND LEVEL,UNKNOWN,UNKNOWN,NOT ON SCENE (DESK REPORT),NO INJURY / DRIVE AWAY,,$500 OR LESS,2025-08-12T15:00:00.000,UNABLE TO DETERMINE,UNABLE TO DETERMINE,4755,N,KEDZIE AVE,1713,2,NO INDICATION OF INJURY,0,0,0,0,0,7,0,19,2,8,41.9682510323,-87.7083164012,"{'type': 'Point', 'coordinates': [-87.708316401155, 41.968251032251]}",,,Y,,,,,,,
85682e6337e8214e02793948b387ce4070388415d39ee8dcfc672fb137d0cb77f324a08968a3ed7be4912cf84b79b71e08b6c4c7c02b3784f9b05ae436cc9c51,2025-08-11T19:00:00.000,10,NO CONTROLS,NO CONTROLS,CLEAR,DUSK,ANGLE,PARKING LOT,STRAIGHT AND LEVEL,DRY,NO DEFECTS,NOT ON SCENE (DESK REPORT),NO INJURY / DRIVE AWAY,,"OVER $1,500",2025-08-11T20:10:00.000,UNABLE TO DETERMINE,UNABLE TO DETERMINE,2520,N,NARRAGANSETT AVE,2512,2,NO INDICATION OF INJURY,0,0,0,0,0,4,0,19,2,8,41.9262969563,-87.785694824,"{'type': 'Point', 'coordinates': [-87.785694823992, 41.926296956326]}",Y,,,,,,,,,
85f36dd5133c1410f0d6982d2cc08480df77652fa9315c98e5d3530f64dab845ed30df4d2691d473132cfc4a42b92fac499221b40bdfacba6f8582eb3acd66a1,2025-08-11T19:00:00.000,30,NO CONTROLS,NO CONTROLS,CLEAR,DAYLIGHT,REAR END,DIVIDED - W/MEDIAN BARRIER,STRAIGHT AND LEVEL,DRY,NO DEFECTS,ON SCENE,NO INJURY / DRIVE AWAY,,"OVER $1,500",2025-08-11T20:33:00.000,UNABLE TO DETERMINE,UNABLE TO DETERMINE,9401,S,STONY ISLAND AVE,413,2,NO INDICATION OF INJURY,0,0,0,0,0,3,0,19,2,8,41.7240787911,-87.5850102376,"{'type': 'Point', 'coordinates': [-87.585010237628, 41.724078791077]}",,,,,,,,,,
883466fcbd891f87ae458e25f15bf0e9268b265439f5740e54c69de39b97adedb5ad0f74d6798bfe1c0095f79c3001ef6a84ad29c200be42b77b20e81443d29d,2025-08-11T18:58:00.000,30,NO CONTROLS,NO CONTROLS,CLEAR,DAYLIGHT,PARKED MOTOR VEHICLE,NOT DIVIDED,STRAIGHT AND LEVEL,DRY,UNKNOWN,ON SCENE,INJURY AND / OR TOW DUE TO CRASH,,"OVER $1,500",2025-08-11T19:16:00.000,"EVASIVE ACTION DUE TO ANIMAL, OBJECT, NONMOTORIST","EVASIVE ACTION DUE TO ANIMAL, OBJECT, NONMOTORIST",4911,S,CALUMET AVE,224,2,NO INDICATION OF INJURY,0,0,0,0,0,1,0,18,2,8,41.8053463015,-87.6179048798,"{'type': 'Point', 'coordinates': [-87.61790487978, 41.80534630149]}",,,,,,,,,,
9bb878da41d771c6b938fc990261cb05529eb7d729daa479a75dad0f33c990c61663b0f34c3cc1c1e2bc60174e9aefec745683a59633fdc6059bdec64be9a64e,2025-08-11T18:50:00.000,30,STOP SIGN/FLASHER,FUNCTIONING PROPERLY,CLEAR,DAYLIGHT,REAR END,NOT DIVIDED,STRAIGHT AND LEVEL,DRY,NO DEFECTS,ON SCENE,NO INJURY / DRIVE AWAY,Y,"OVER $1,500",2025-08-11T19:20:00.000,UNABLE TO DETERMINE,UNABLE TO DETERMINE,3100,W,PERSHING RD,911,2,NO INDICATION OF INJURY,0,0,0,0,0,2,0,18,2,8,41.8227442018,-87.7021333842,"{'type': 'Point', 'coordinates': [-87.70213338415, 41.822744201839]}",,,Y,,,,,,,
47750b089632a52f72dc8ac1d8db27fb42234dc8bf6d233885b049b018ac32d9353fb63db48b728d07f85634e9e5604f263354eed0980b6e32c37c46b1d3227f,2025-08-11T18:44:00.000,20,NO CONTROLS,NO CONTROLS,CLEAR,DUSK,PARKED MOTOR VEHICLE,NOT DIVIDED,STRAIGHT AND LEVEL,DRY,UNKNOWN,ON SCENE,INJURY AND / OR TOW DUE TO CRASH,,"OVER $1,500",2025-08-11T19:30:00.000,UNABLE TO DETERMINE,UNABLE TO DETERMINE,2128,N,LEAVITT ST,1432,2,NO INDICATION OF INJURY,0,0,0,0,0,1,0,18,2,8,41.9207378198,-87.6827641301,"{'type': 'Point', 'coordinates': [-87.682764130139, 41.920737819777]}",,,Y,,,,,,,
ae728c2ae75d3e8cf4059177bfe188a708bb959d3c9488687a25655a099578ab7a040c264c3ff37943c7740b2baafdd830c251c441ddbaed74f30a7a5245d073,2025-08-11T18:44:00.000,30,STOP SIGN/FLASHER,FUNCTIONING PROPERLY,CLEAR,DAYLIGHT,ANGLE,FOUR WAY,STRAIGHT AND LEVEL,DRY,UNKNOWN,ON SCENE,INJURY AND / OR TOW DUE TO CRASH,Y,"OVER $1,500",2025-08-11T18:45:00.000,FAILING TO YIELD RIGHT-OF-WAY,NOT APPLICABLE,800,N,LAWNDALE AVE,1112,2,NONINCAPACITATING INJURY,1,0,0,1,0,1,0,18,2,8,41.8955250258,-87.7189050209,"{'type': 'Point', 'coordinates': [-87.718905020883, 41.895525025809]}",,,Y,,,,,,,
ac7678c6a13a3b1b160c1ff371e275fcea890082f038d223280126aaacf0fdd0fedf7315877322438d61386baf8c0065e51495085b6616e6ad9f56d0c57afd55,2025-08-11T18:43:00.000,25,NO CONTROLS,NO CONTROLS,CLEAR,DAYLIGHT,SIDESWIPE SAME DIRECTION,NOT DIVIDED,STRAIGHT AND LEVEL,DRY,NO DEFECTS,ON SCENE,NO INJURY / DRIVE AWAY,,"$501 - $1,500",2025-08-11T18:52:00.000,IMPROPER TURNING/NO SIGNAL,NOT APPLICABLE,9140,S,COMMERCIAL AVE,423,2,NO INDICATION OF INJURY,0,0,0,0,0,2,0,18,2,8,41.7288484801,-87.5513724241,"{'type': 'Point', 'coordinates': [-87.551372424102, 41.728848480082]}",,,Y,,,,,,,
eb4efe41821446242fe09226a012af8ae61c3bf6d4fc45a26905d9b0da5a2c345ac5a5f0bda4b52200261841ce771dcc53bfc7086851fd1b4779748b80cbe19d,2025-08-11T18:39:00.000,30,NO CONTROLS,NO CONTROLS,CLEAR,DAYLIGHT,REAR END,ONE-WAY,STRAIGHT AND LEVEL,DRY,NO DEFECTS,NOT ON SCENE (DESK REPORT),NO INJURY / DRIVE AWAY,,"OVER $1,500",2025-08-11T20:00:00.000,UNABLE TO DETERMINE,UNABLE TO DETERMINE,854,W,RANDOLPH ST,1224,2,NO INDICATION OF INJURY,0,0,0,0,0,2,0,18,2,8,41.8844794271,-87.6496285473,"{'type': 'Point', 'coordinates': [-87.649628547324, 41.884479427051]}",,,,,,,,,,