crash_record_id,crash_date,posted_speed_limit,traffic_control_device,device_condition,weather_condition,lighting_condition,first_crash_type,trafficway_type,alignment,roadway_surface_cond,road_defect,report_type,crash_type,intersection_related_i,damage,date_police_notified,prim_contributory_cause,sec_contributory_cause,street_no,street_direction,street_name,beat_of_occurrence,num_units,most_severe_injury,injuries_total,injuries_fatal,injuries_incapacitating,injuries_non_incapacitating,injuries_reported_not_evident,injuries_no_indication,injuries_unknown,crash_hour,crash_day_of_week,crash_month,latitude,longitude,location,private_property_i,photos_taken_i,hit_and_run_i,statements_taken_i,crash_date_est_i,work_zone_i,work_zone_type,dooring_i,lane_cnt,workers_present_i
d5d5a0c14da816b6ecbad2676044338bcfbbb29b4d13f8e5ecb8bbebd5ed9a23485e6cf6694d9a157c563b3171fbe4c533bd0f58c4009708d4844153aa39a49a,2025-08-11T16:58:00.000,35,UNKNOWN,UNKNOWN,CLEAR,DAYLIGHT,PEDALCYCLIST,FOUR WAY,STRAIGHT AND LEVEL,UNKNOWN,UNKNOWN,ON SCENE,INJURY AND / OR TOW DUE TO CRASH,Y,"OVER $1,500",2025-08-11T16:58:00.000,NOT APPLICABLE,UNABLE TO DETERMINE,4798,W,79TH ST,834,2,NONINCAPACITATING INJURY,1,0,0,1,0,2,0,16,2,8,41.7492587734,-87.7413046217,"{'type': 'Point', 'coordinates': [-87.741304621682, 41.749258773449]}",,,,,,,,,,
3d37f27c3c4e18fd7e2625b45b59e153bdded6c8501e3a9f20d3d6d8be82e23f8f1e96533934a3c3676e7f3a813d6e5760c3742b056ab84a2bc6972f15abfae7,2025-08-11T16:50:00.000,30,NO CONTROLS,NO CONTROLS,CLEAR,DAYLIGHT,TURNING,PARKING LOT,STRAIGHT AND LEVEL,DRY,NO DEFECTS,NOT ON SCENE (DESK REPORT),NO INJURY / DRIVE AWAY,,"$501 - $1,500",2025-08-11T16:50:00.000,UNABLE TO DETERMINE,NOT APPLICABLE,1133,W,13TH ST,1232,2,NO INDICATION OF INJURY,0,0,0,0,0,2,0,16,2,8,41.8651218323,-87.6554656394,"{'type': 'Point', 'coordinates': [-87.655465639411, 41.865121832331]}",,,,,,,,,,
51c63637c6ebd2cc0fe56e531eac4b2c3cad74ed53e0537b28c7653fd85f87667b1cb8631ded47b398fff73ba5973507b737393e45891cf61f213e71a4fb21ca,2025-08-11T16:50:00.000,30,TRAFFIC SIGNAL,UNKNOWN,CLEAR,DAYLIGHT,SIDESWIPE SAME DIRECTION,RAMP,STRAIGHT AND LEVEL,DRY,UNKNOWN,ON SCENE,NO INJURY / DRIVE AWAY,,"$501 - $1,500",2025-08-11T18:16:00.000,IMPROPER OVERTAKING/PASSING,IMPROPER OVERTAKING/PASSING,50,W,71ST ST,731,2,NO INDICATION OF INJURY,0,0,0,0,0,3,0,16,2,8,41.7655526165,-87.6268248335,"{'type': 'Point', 'coordinates': [-87.626824833481, 41.76555261653]}",,,,,,,,,,
7e63c4ed6e79d58035fd276747ab91a3329484779f2548707adf3b5404a82936378e1e1f538b6e5b97ca6daeb2be1440801b0ef17deeca20bb3d3232685eb6e4,2025-08-11T16:50:00.000,30,NO CONTROLS,NO CONTROLS,CLEAR,DAYLIGHT,OTHER NONCOLLISION,ONE-WAY,STRAIGHT AND LEVEL,DRY,NO DEFECTS,ON SCENE,INJURY AND / OR TOW DUE TO CRASH,,"OVER $1,500",2025-08-11T16:50:00.000,FOLLOWING TOO CLOSELY,NOT APPLICABLE,355,W,WASHINGTON ST,122,2,NONINCAPACITATING INJURY,1,0,0,1,0,1,0,16,2,8,41.8830916196,-87.6368071974,"{'type': 'Point', 'coordinates': [-87.636807197384, 41.883091619631]}",,,,,,,,,,
aee5ae75776cd72cf236d7fb4eb17649543fc115ef472f2717c5f493270840b67a468acd67e54ec72de14370e87eadec5f79848a8f0af9fcdafeb47becb3fcf2,2025-08-11T16:49:00.000,30,NO CONTROLS,NO CONTROLS,CLEAR,DAYLIGHT,PARKED MOTOR VEHICLE,NOT DIVIDED,STRAIGHT AND LEVEL,DRY,NO DEFECTS,ON SCENE,NO INJURY / DRIVE AWAY,,"$501 - $1,500",2025-08-11T17:07:00.000,UNABLE TO DETERMINE,UNABLE TO DETERMINE,4821,W,SUNNYSIDE AVE,1623,2,NO INDICATION OF INJURY,0,0,0,0,0,1,0,16,2,8,41.9624274997,-87.7485875729,"{'type': 'Point', 'coordinates': [-87.748587572929, 41.962427499729]}",,,Y,,,,,,,
3021e2669652580fce28e14e94793066194ad40cde79673d6e04ad75b6fb3dfe010962f0274038de115e0dcae828dab6c3c9aeb4af114835d474d2b42b97a312,2025-08-11T16:45:00.000,30,TRAFFIC SIGNAL,FUNCTIONING PROPERLY,CLEAR,DAYLIGHT,REAR END,CENTER TURN LANE,STRAIGHT AND LEVEL,DRY,NO DEFECTS,NOT ON SCENE (DESK REPORT),INJURY AND / OR TOW DUE TO CRASH,,"$501 - $1,500",2025-08-11T18:06:00.000,UNABLE TO DETERMINE,NOT APPLICABLE,3118,W,MONTROSE AVE,1724,2,NONINCAPACITATING INJURY,1,0,0,1,0,2,0,16,2,8,41.9613055456,-87.7065695453,"{'type': 'Point', 'coordinates': [-87.706569545289, 41.961305545595]}",,,,,,,,,,
ec9f2b6a16ffe5b3e6c79d65ca17052a65de232f98efc585cbd8d00e887d2db449729b98ec72746d556f7d7c2606cd1ea1b596dbcd49aaadf8ca17aa1c0d6b24,2025-08-11T16:45:00.000,30,STOP SIGN/FLASHER,NO CONTROLS,CLEAR,DAYLIGHT,ANGLE,FOUR WAY,STRAIGHT AND LEVEL,DRY,NO DEFECTS,NOT ON SCENE (DESK REPORT),NO INJURY / DRIVE AWAY,Y,"OVER $1,500",2025-08-12T18:30:00.000,FAILING TO YIELD RIGHT-OF-WAY,UNABLE TO DETERMINE,2301,W,CERMAK RD,1034,2,NO INDICATION OF INJURY,0,0,0,0,0,2,0,16,2,8,41.8519506068,-87.6833074111,"{'type': 'Point', 'coordinates': [-87.683307411076, 41.851950606784]}",,,,,,,,,,
45851e1ee8588fc0aa0f38f6564672b81741f82f132a1b56251ff85201d10d3aca36da7950f6a2c55089694d40ed5f11cc43bf3cae6ea2a7aa38f3f8930ebc03,2025-08-11T16:44:00.000,30,NO CONTROLS,NO CONTROLS,CLEAR,DAYLIGHT,SIDESWIPE SAME DIRECTION,ONE-WAY,STRAIGHT AND LEVEL,DRY,NO DEFECTS,ON SCENE,NO INJURY / DRIVE AWAY,,"OVER $1,500",2025-08-11T16:45:00.000,NOT APPLICABLE,NOT APPLICABLE,1650,W,HARRISON ST,1231,2,NO INDICATION OF INJURY,0,0,0,0,0,3,0,16,2,8,41.8742749934,-87.6686741085,"{'type': 'Point', 'coordinates': [-87.668674108475, 41.874274993448]}",Y,,,,,,,,,
132ceec783aa6738c311eca47cf5ef0511ff8bd131bb75dec2a95ed1fc31dff16a8fe6c2f8c4f4972d80feadc29087201c4ba4d0ba61f9f7bb2362961def44b1,2025-08-11T16:32:00.000,30,OTHER,OTHER,CLEAR,DAYLIGHT,TURNING,DIVIDED - W/MEDIAN (NOT RAISED),STRAIGHT AND LEVEL,DRY,NO DEFECTS,ON SCENE,INJURY AND / OR TOW DUE TO CRASH,,"$501 - $1,500",2025-08-11T16:35:00.000,FAILING TO YIELD RIGHT-OF-WAY,FAILING TO YIELD RIGHT-OF-WAY,742,W,65TH ST,723,2,NONINCAPACITATING INJURY,1,0,0,1,0,2,0,16,2,8,41.7762475001,-87.6441547037,"{'type': 'Point', 'coordinates': [-87.644154703701, 41.776247500086]}",,,,,,,,,,
4b4486d9c9c3f0143397554dfe47bf750f61701a1ad932fea832e7745d25177db0911481789949d344242723e4137941db5a17829130ea00fec9c917de8b2c1b,2025-08-11T16:30:00.000,30,NO CONTROLS,NO CONTROLS,CLEAR,DAYLIGHT,REAR END,DIVIDED - W/MEDIAN BARRIER,STRAIGHT AND LEVEL,DRY,NO DEFECTS,NOT ON SCENE (DESK REPORT),NO INJURY / DRIVE AWAY,,"$501 - $1,500",2025-08-11T18:22:00.000,FOLLOWING TOO CLOSELY,NOT APPLICABLE,3213,W,47TH PL,821,2,NO INDICATION OF INJURY,0,0,0,0,0,2,0,16,2,8,41.8067052577,-87.7044645887,"{'type': 'Point', 'coordinates': [-87.704464588665, 41.806705257666]}",,,,,,,,,,
a9b26133b73f862f8ef1b1deefb4f62d07a2bdfd1115045a412326c2d6b5f5c552c3d3a75cb64539f9da274c82ac1ce72ffed122da56be7026a911a3be0db8ce,2025-08-11T16:30:00.000,30,NO CONTROLS,NO CONTROLS,CLEAR,DAYLIGHT,REAR END,NOT DIVIDED,STRAIGHT AND LEVEL,DRY,UNKNOWN,NOT ON SCENE (DESK REPORT),NO INJURY / DRIVE AWAY,,"OVER $1,500",2025-08-11T16:55:00.000,FOLLOWING TOO CLOSELY,NOT APPLICABLE,2569,N,MILWAUKEE AVE,1414,2,NO INDICATION OF INJURY,0,0,0,0,0,2,0,16,2,8,41.928078074,-87.7055520554,"{'type': 'Point', 'coordinates': [-87.705552055427, 41.928078074023]}",,,,,Y,,,,,
4c0c10de0e369edfcfa77b572e52352e3975c76c2ba63bc21a4f34b2c0711b3e7b7035820b87e0c7a68c5cc9185f07ee0dcc37519d293ad633b43df22d28754d,2025-08-11T16:29:00.000,35,NO CONTROLS,NO CONTROLS,CLEAR,DAYLIGHT,REAR END,NOT DIVIDED,STRAIGHT AND LEVEL,DRY,NO DEFECTS,NOT ON SCENE (DESK REPORT),NO INJURY / DRIVE AWAY,,"$501 - $1,500",2025-08-12T22:30:00.000,FOLLOWING TOO CLOSELY,FAILING TO REDUCE SPEED TO AVOID CRASH,1555,N,CICERO AVE,2533,2,NO INDICATION OF INJURY,0,0,0,0,0,2,0,16,2,8,41.9094217672,-87.7459679029,"{'type': 'Point', 'coordinates': [-87.745967902871, 41.909421767155]}",,,,,,,,,,
4daf6ed1f2833b0de984d55dae4a5153f183b8b5998fe0f446732e84f15715d16b673fb6973836683df65c1093ef0a58b19ff5e53ae8b354a3ffa5a47f14b48c,2025-08-11T16:23:00.000,30,NO CONTROLS,NO CONTROLS,CLEAR,DAYLIGHT,REAR END,DIVIDED - W/MEDIAN (NOT RAISED),STRAIGHT AND LEVEL,DRY,NO DEFECTS,ON SCENE,NO INJURY / DRIVE AWAY,,"OVER $1,500",2025-08-11T17:35:00.000,FOLLOWING TOO CLOSELY,NOT APPLICABLE,2657,N,CENTRAL AVE,2514,3,NO INDICATION OF INJURY,0,0,0,0,0,3,0,16,2,8,41.9293514208,-87.7660310632,"{'type': 'Point', 'coordinates': [-87.766031063153, 41.929351420843]}",,,,,,,,,,
d94d2094637eb85e060fcc3c568ae31f501551eb73bb0f75c73b284b63afe0cd0a87634e28c607979a4c5e963d630902a93fa4df113c20579a23b724a80f6f75,2025-08-11T16:17:00.000,35,NO CONTROLS,NO CONTROLS,CLEAR,DAYLIGHT,SIDESWIPE SAME DIRECTION,CENTER TURN LANE,STRAIGHT AND LEVEL,DRY,NO DEFECTS,NOT ON SCENE (DESK REPORT),INJURY AND / OR TOW DUE TO CRASH,,"OVER $1,500",2025-08-12T08:10:00.000,UNABLE TO DETERMINE,UNABLE TO DETERMINE,11420,S,WESTERN AVE,2212,2,NONINCAPACITATING INJURY,1,0,0,1,0,1,0,16,2,8,41.6855193665,-87.6811071275,"{'type': 'Point', 'coordinates': [-87.681107127504, 41.68551936648]}",,,Y,,,,,,,
6de73510fd0d5b7d88045d14b279f5610165a507cfb514efd924fc3210ef5853ad7342cade4a79a93aa8768b51f619c94142e241838528c85f4962a6c86373e4,2025-08-11T16:15:00.000,30,TRAFFIC SIGNAL,FUNCTIONING PROPERLY,CLEAR,DAYLIGHT,REAR END,NOT DIVIDED,STRAIGHT AND LEVEL,DRY,UNKNOWN,NOT ON SCENE (DESK REPORT),INJURY AND / OR TOW DUE TO CRASH,Y,"OVER $1,500",2025-08-11T23:55:00.000,UNABLE TO DETERMINE,UNABLE TO DETERMINE,4700,S,ASHLAND AVE,931,2,NONINCAPACITATING INJURY,2,0,0,2,0,2,0,16,2,8,41.8085115972,-87.6651172917,"{'type': 'Point', 'coordinates': [-87.665117291733, 41.808511597247]}",,,,,,,,,,
2cfb598eb45fdda2e9f2cda233b51719eff57206bbde7dab6a1a21dd3175177bbb73104356b5f933148ef7daeb9cf472999a6fb03633890452df562e29530fc0,2025-08-11T16:10:00.000,30,TRAFFIC SIGNAL,FUNCTIONING PROPERLY,CLEAR,DAYLIGHT,SIDESWIPE SAME DIRECTION,FOUR WAY,STRAIGHT AND LEVEL,DRY,UNKNOWN,ON SCENE,NO INJURY / DRIVE AWAY,,"OVER $1,500",2025-08-11T16:32:00.000,UNABLE TO DETERMINE,UNABLE TO DETERMINE,209,E,ONTARIO ST,1834,2,NO INDICATION OF INJURY,0,0,0,0,0,3,0,16,2,8,41.8932564612,-87.6223987455,"{'type': 'Point', 'coordinates': [-87.622398745465, 41.893256461178]}",,,,,,,,,,
5952c6c3288db394206dbbbb6dd80b38636c039363a852fbc5c9054f4fcd6a45f8d7b8140cc5cb308eac85ef333ec6a7d7e479b90be0ed253240745b314087c8,2025-08-11T16:09:00.000,30,STOP SIGN/FLASHER,FUNCTIONING PROPERLY,CLEAR,DAYLIGHT,ANGLE,NOT DIVIDED,STRAIGHT AND LEVEL,DRY,NO DEFECTS,NOT ON SCENE (DESK REPORT),NO INJURY / DRIVE AWAY,Y,"$501 - $1,500",2025-08-11T16:35:00.000,FAILING TO YIELD RIGHT-OF-WAY,UNABLE TO DETERMINE,5300,N,KIMBALL AVE,1712,2,NO INDICATION OF INJURY,0,0,0,0,0,2,0,16,2,8,41.9776162846,-87.7137374227,"{'type': 'Point', 'coordinates': [-87.713737422724, 41.977616284586]}",,,,,,,,,,
d737c81a2a32933053a8e92d2afd3b146a74994fce79126df3864a56dc2925b3d38ef8908cbd5dcb1cd08cd19e91a8b41691496d16ea4cbd72fd1ef395cf4f0c,2025-08-11T16:09:00.000,30,NO CONTROLS,NO CONTROLS,CLEAR,DAYLIGHT,PARKED MOTOR VEHICLE,NOT DIVIDED,STRAIGHT AND LEVEL,DRY,UNKNOWN,NOT ON SCENE (DESK REPORT),NO INJURY / DRIVE AWAY,,"$501 - $1,500",2025-08-11T22:30:00.000,UNABLE TO DETERMINE,UNABLE TO DETERMINE,901,W,ARGYLE ST,2024,2,NO INDICATION OF INJURY,0,0,0,0,0,1,0,16,2,8,41.9732352007,-87.6526515955,"{'type': 'Point', 'coordinates': [-87.652651595549, 41.973235200725]}",,,,,,,,,,
ad4aaea3199dbbee32d9375524f8575cab0f5dbaad9c5559f710f0c95ea392dda407920b5f3f1c9b6da1b9d0049b318fefdb127c4f190c455bf236760f2ed6c3,2025-08-11T16:08:00.000,30,STOP SIGN/FLASHER,FUNCTIONING PROPERLY,CLEAR,DAYLIGHT,ANGLE,FOUR WAY,STRAIGHT AND LEVEL,DRY,NO DEFECTS,ON SCENE,INJURY AND / OR TOW DUE TO CRASH,Y,"OVER $1,500",2025-08-11T16:28:00.000,FAILING TO YIELD RIGHT-OF-WAY,NOT APPLICABLE,2159,S,PAULINA ST,1234,2,NO INDICATION OF INJURY,0,0,0,0,0,2,0,16,2,8,41.8523328672,-87.668352368,"{'type': 'Point', 'coordinates': [-87.668352367991, 41.852332867249]}",,,,,,,,,,
5d0bfa5e3000116a936cf2e327c43ec401772d601fe0ffc94b68a6ef6969c88cdb04a14fe42251e221206f5d27c5b51910f75ec966ed28831ed8f4ad4ed50c6f,2025-08-11T16:00:00.000,30,TRAFFIC SIGNAL,FUNCTIONING PROPERLY,CLEAR,DAYLIGHT,TURNING,NOT DIVIDED,STRAIGHT AND LEVEL,DRY,NO DEFECTS,NOT ON SCENE (DESK REPORT),NO INJURY / DRIVE AWAY,Y,"OVER $1,500",2025-08-11T17:18:00.000,UNABLE TO DETERMINE,UNABLE TO DETERMINE,3601,S,WESTERN BLVD,912,2,NO INDICATION OF INJURY,0,0,0,0,0,2,0,16,2,8,41.8284074621,-87.6842571095,"{'type': 'Point', 'coordinates': [-87.684257109515, 41.828407462065]}",,,Y,,,,,,,
a55d5c696f6afa7fd08ec37464e8cb89928c70310201dd814a4762f2e7b3c22fd45ecec8b311385eb585e93ba2623b521f20f208d897533f7e58de1bbf778967,2025-08-11T16:00:00.000,45,NO CONTROLS,NO CONTROLS,CLEAR,DAYLIGHT,REAR END,OTHER,STRAIGHT AND LEVEL,DRY,NO DEFECTS,ON SCENE,NO INJURY / DRIVE AWAY,,"$501 - $1,500",2025-08-11T16:04:00.000,FOLLOWING TOO CLOSELY,NOT APPLICABLE,10000,W,OHARE ST,1651,2,NO INDICATION OF INJURY,0,0,0,0,0,2,0,16,2,8,41.976201139,-87.9053091251,"{'type': 'Point', 'coordinates': [-87.905309125103, 41.976201139024]}",,,,,,,,,,
f25c85a028a38ae4bfcd48e5ef8b2a439639f8cfff36792cd308f7aa48586a083f5ddab4984e878f67348764dcea2ab06395f6a0ccb2701294c72c21e6f446f7,2025-08-11T16:00:00.000,30,TRAFFIC SIGNAL,FUNCTIONING PROPERLY,CLEAR,DAYLIGHT,TURNING,NOT DIVIDED,STRAIGHT AND LEVEL,DRY,NO DEFECTS,NOT ON SCENE (DESK REPORT),NO INJURY / DRIVE AWAY,,"$501 - $1,500",2025-08-11T17:55:00.000,NOT APPLICABLE,NOT APPLICABLE,4632,W,47TH ST,815,2,NO INDICATION OF INJURY,0,0,0,0,0,3,0,16,2,8,41.8077761313,-87.7397219844,"{'type': 'Point', 'coordinates': [-87.739721984416, 41.807776131284]}",,,,,,,,,,
04f60ea4474dd46cb651f1ec6a1ab0f48b3414feccbb454e61fa5978ab9d3224daa56a2744817101a2a52ba10631eff19d4da0c487c378ada449736374bb8ce5,2025-08-11T15:55:00.000,20,NO CONTROLS,NO CONTROLS,CLEAR,DAYLIGHT,FIXED OBJECT,ALLEY,STRAIGHT AND LEVEL,DRY,UNKNOWN,ON SCENE,NO INJURY / DRIVE AWAY,,"OVER $1,500",2025-08-11T16:00:00.000,NOT APPLICABLE,NOT APPLICABLE,2524,N,ORCHARD ST,1935,1,NO INDICATION OF INJURY,0,0,0,0,0,2,0,15,2,8,41.9285930063,-87.6465839197,"{'type': 'Point', 'coordinates': [-87.64658391968, 41.928593006259]}",,,,Y,,,,,,
72e0e5ddf20473ed5a5676e1c5e6e6209489daab61dcc23bbd054fc211ed120c43cd4adc53d2e8324a5891d479a0ea2d7ae58fee6d1fc9a3f68b1a86ba3f7b72,2025-08-11T15:51:00.000,25,TRAFFIC SIGNAL,FUNCTIONING PROPERLY,CLEAR,DAYLIGHT,PEDESTRIAN,T-INTERSECTION,STRAIGHT AND LEVEL,DRY,NO DEFECTS,ON SCENE,INJURY AND / OR TOW DUE TO CRASH,Y,"OVER $1,500",2025-08-11T15:56:00.000,FAILING TO YIELD RIGHT-OF-WAY,FAILING TO YIELD RIGHT-OF-WAY,3800,W,31ST ST,1031,2,"REPORTED, NOT EVIDENT",1,0,0,0,1,2,0,15,2,8,41.8370767958,-87.7195326202,"{'type': 'Point', 'coordinates': [-87.719532620217, 41.837076795796]}",,,,,,,,,,
6310a1ee93bb09323f210f742c17109e0deecaf0d86a0bbf9be4103ff74158c7ffb0a96b51463d27f484f3488c5d78368515063b8aed42db9b3949685743f525,2025-08-11T15:49:00.000,35,NO CONTROLS,NO CONTROLS,CLEAR,DAYLIGHT,PARKED MOTOR VEHICLE,NOT DIVIDED,STRAIGHT AND LEVEL,DRY,NO DEFECTS,ON SCENE,NO INJURY / DRIVE AWAY,,$500 OR LESS,2025-08-11T15:50:00.000,UNABLE TO DETERMINE,UNABLE TO DETERMINE,200,N,HOMAN AVE,1123,2,NO INDICATION OF INJURY,0,0,0,0,0,2,0,15,2,8,41.8846707197,-87.7112658556,"{'type': 'Point', 'coordinates': [-87.711265855632, 41.884670719661]}",,,,,,,,,,
426d18b3db999a33600c4e1a5d474aaea1218d8adf3e3b8d22469c967249992581d0116af0a02d4aec3a22c06334fe647c42a4d5c8f7bfc25f40410d7979dc63,2025-08-11T15:40:00.000,30,NO CONTROLS,NO CONTROLS,CLEAR,DAYLIGHT,SIDESWIPE SAME DIRECTION,DIVIDED - W/MEDIAN (NOT RAISED),STRAIGHT AND LEVEL,DRY,UNKNOWN,ON SCENE,NO INJURY / DRIVE AWAY,,"OVER $1,500",2025-08-11T15:47:00.000,IMPROPER OVERTAKING/PASSING,IMPROPER LANE USAGE,634,N,FAIRBANKS CT,1834,2,NO INDICATION OF INJURY,0,0,0,0,0,2,0,15,2,8,41.8936602257,-87.6204239702,"{'type': 'Point', 'coordinates': [-87.62042397021, 41.893660225749]}",,,Y,,,,,,,
6ab2403bd376b8062a32d2f2449dec9749fc74295e040cd4686e362950935bab872370fce05d515fbbe642b21d609cf60cdba4c0fe62ae5cda47765e24799a1d,2025-08-11T15:40:00.000,15,NO CONTROLS,NO CONTROLS,CLEAR,DAYLIGHT,REAR TO REAR,PARKING LOT,STRAIGHT AND LEVEL,DRY,NO DEFECTS,ON SCENE,NO INJURY / DRIVE AWAY,,"OVER $1,500",2025-08-11T15:42:00.000,UNABLE TO DETERMINE,UNABLE TO DETERMINE,1734,E,71ST ST,332,2,NO INDICATION OF INJURY,0,0,0,0,0,5,0,15,2,8,41.7662898046,-87.5823112899,"{'type': 'Point', 'coordinates': [-87.582311289947, 41.76628980462]}",,,,Y,,,,,,
04d379ff54896f83672f903224472fdb2dac1bb1da517ce19a2567cff46bfde2bcb6203c894d20d2014be1391bfe096196ac30255bb24e2337151427ffc45e4a,2025-08-11T15:37:00.000,30,TRAFFIC SIGNAL,FUNCTIONING PROPERLY,CLEAR,DAYLIGHT,REAR END,FOUR WAY,STRAIGHT AND LEVEL,DRY,NO DEFECTS,NOT ON SCENE (DESK REPORT),NO INJURY / DRIVE AWAY,Y,"OVER $1,500",2025-08-11T18:30:00.000,FOLLOWING TOO CLOSELY,UNABLE TO DETERMINE,3854,W,CERMAK RD,1014,2,NO INDICATION OF INJURY,0,0,0,0,0,2,0,15,2,8,41.8516940292,-87.7220613968,"{'type': 'Point', 'coordinates': [-87.722061396842, 41.851694029165]}",,,,,,N,,,,
e252772d041adb36b7b91671dfeabe902335013dc8bf34b29f2b307e3428177d14c22499573d72c2d4a321414b809663ccece9923ca0a8ff2d9bc66f73026856,2025-08-11T15:34:00.000,30,NO CONTROLS,NO CONTROLS,CLEAR,DAYLIGHT,PARKED MOTOR VEHICLE,DIVIDED - W/MEDIAN (NOT RAISED),STRAIGHT AND LEVEL,DRY,NO DEFECTS,ON SCENE,NO INJURY / DRIVE AWAY,,"OVER $1,500",2025-08-11T15:34:00.000,UNABLE TO DETERMINE,UNABLE TO DETERMINE,4652,N,WESTERN AVE,1911,2,NO INDICATION OF INJURY,0,0,0,0,0,1,0,15,2,8,41.9663473641,-87.6889836464,"{'type': 'Point', 'coordinates': [-87.688983646353, 41.966347364064]}",,,,,,,,,,
5a4949e958582677a87313d3846dd21d95c234a7dd22661c246fa0300985f43a1ea4be0f4f024a28f56cbdb25defc7c7a222eb66cf16cbcea5f378836e10d6c8,2025-08-11T15:31:00.000,30,NO CONTROLS,NO CONTROLS,CLEAR,DAYLIGHT,SIDESWIPE SAME DIRECTION,DIVIDED - W/MEDIAN (NOT RAISED),STRAIGHT AND LEVEL,DRY,NO DEFECTS,NOT ON SCENE (DESK REPORT),NO INJURY / DRIVE AWAY,,"OVER $1,500",2025-08-11T16:00:00.000,FAILING TO YIELD RIGHT-OF-WAY,UNABLE TO DETERMINE,3709,S,WESTERN AVE,911,2,NO INDICATION OF INJURY,0,0,0,0,0,2,0,15,2,8,41.8262046444,-87.6847654775,"{'type': 'Point', 'coordinates': [-87.684765477549, 41.826204644376]}",,,,,,,,,,
832df34978e04706580dd84b53cfdaa005253a4fdd8b0c67da947cd9a19a42b812ef2defb77f3b766eb879010561e8e7d9dc71f51e49f7b67b39ada1cdebed1d,2025-08-11T15:30:00.000,30,NO CONTROLS,NO CONTROLS,CLEAR,DAYLIGHT,REAR END,DIVIDED - W/MEDIAN (NOT RAISED),STRAIGHT AND LEVEL,DRY,NO DEFECTS,ON SCENE,NO INJURY / DRIVE AWAY,,"OVER $1,500",2025-08-11T17:38:00.000,NOT APPLICABLE,NOT APPLICABLE,2050,N,PULASKI RD,2525,2,NO INDICATION OF INJURY,0,0,0,0,0,2,0,15,2,8,41.9187103879,-87.7267544055,"{'type': 'Point', 'coordinates': [-87.726754405523, 41.918710387914]}",,,,,,,,,,
279fe68ec011486148dd3dca37fefb898b1bc12b1c4abe89c02727c90dc614743a3918ef8a56908a2a3a0a80a889c33b1ba5267fc3d2e8a092ba94582650dd6f,2025-08-11T15:24:00.000,30,NO PASSING,FUNCTIONING PROPERLY,CLEAR,DAYLIGHT,TURNING,NOT DIVIDED,STRAIGHT AND LEVEL,DRY,NO DEFECTS,ON SCENE,INJURY AND / OR TOW DUE TO CRASH,,"OVER $1,500",2025-08-11T15:26:00.000,IMPROPER LANE USAGE,IMPROPER LANE USAGE,1334,N,PULASKI RD,2534,2,INCAPACITATING INJURY,8,0,1,7,0,0,0,15,2,8,41.9054436049,-87.7265346258,"{'type': 'Point', 'coordinates': [-87.72653462581, 41.905443604894]}",,,,,,,,,,
abd1cc03b3bef9cc38da831aeabe07a9518b32b180ab380a6bf2eac8c708952320a484ecf8373244f3cb62dd11d1692fc23356a87213e2023fb6c89064841de2,2025-08-11T15:23:00.000,30,NO CONTROLS,NO CONTROLS,CLEAR,DAYLIGHT,TURNING,NOT DIVIDED,STRAIGHT AND LEVEL,DRY,NO DEFECTS,ON SCENE,INJURY AND / OR TOW DUE TO CRASH,,"OVER $1,500",2025-08-11T15:58:00.000,FAILING TO YIELD RIGHT-OF-WAY,NOT APPLICABLE,1923,N,SHEFFIELD AVE,1813,2,NO INDICATION OF INJURY,0,0,0,0,0,2,0,15,2,8,41.9166634254,-87.6531725046,"{'type': 'Point', 'coordinates': [-87.653172504581, 41.916663425384]}",,,,,,,,,,
7e25ccd45f06c7004de02770cd54548f468ac09dcc1953d891cc54e0e2ec8bf263e5bac805cf83ffdd5bc847d51eb8e048c9fa7731f261ad6f38bfe013eae835,2025-08-11T15:20:00.000,15,NO CONTROLS,NO CONTROLS,CLOUDY/OVERCAST,DAYLIGHT,PARKED MOTOR VEHICLE,ONE-WAY,STRAIGHT AND LEVEL,DRY,NO DEFECTS,ON SCENE,NO INJURY / DRIVE AWAY,,"$501 - $1,500",2025-08-12T15:27:00.000,DRIVING SKILLS/KNOWLEDGE/EXPERIENCE,UNABLE TO DETERMINE,2,W,TERMINAL ST,1652,2,NO INDICATION OF INJURY,0,0,0,0,0,1,0,15,2,8,,,,,,,,,,,,,
17821697949e9daf6d1de99790febeedb1c3fbde5476702a5e0e11a75c86f82e4173cf658734357256b25acd668b83145fa18748de276a19654c62e6650a28cc,2025-08-11T15:18:00.000,30,TRAFFIC SIGNAL,FUNCTIONING PROPERLY,CLEAR,DAYLIGHT,REAR END,NOT DIVIDED,STRAIGHT ON GRADE,DRY,NO DEFECTS,ON SCENE,NO INJURY / DRIVE AWAY,,"$501 - $1,500",2025-08-11T15:20:00.000,FOLLOWING TOO CLOSELY,NOT APPLICABLE,2350,S,HALSTED ST,1235,2,NO INDICATION OF INJURY,0,0,0,0,0,2,0,15,2,8,41.8493215701,-87.6466210429,"{'type': 'Point', 'coordinates': [-87.646621042908, 41.849321570065]}",,,,,,,,,,