crash_record_id,crash_date,posted_speed_limit,traffic_control_device,device_condition,weather_condition,lighting_condition,first_crash_type,trafficway_type,alignment,roadway_surface_cond,road_defect,report_type,crash_type,intersection_related_i,damage,date_police_notified,prim_contributory_cause,sec_contributory_cause,street_no,street_direction,street_name,beat_of_occurrence,num_units,most_severe_injury,injuries_total,injuries_fatal,injuries_incapacitating,injuries_non_incapacitating,injuries_reported_not_evident,injuries_no_indication,injuries_unknown,crash_hour,crash_day_of_week,crash_month,latitude,longitude,location,private_property_i,photos_taken_i,hit_and_run_i,statements_taken_i,crash_date_est_i,work_zone_i,work_zone_type,dooring_i,lane_cnt,workers_present_i
0ecf64f8dbd8755626391001a8ae0a7bab0a0c15c651cd9d1f3fb080ade4258ae70f038759cc43495ba58c7f78c3912cd7e28cff3d39f1c14342322a19dce244,2025-08-11T15:16:00.000,30,STOP SIGN/FLASHER,NO CONTROLS,CLEAR,DAYLIGHT,ANGLE,FOUR WAY,STRAIGHT AND LEVEL,DRY,NO DEFECTS,ON SCENE,NO INJURY / DRIVE AWAY,,"OVER $1,500",2025-08-11T15:28:00.000,FAILING TO YIELD RIGHT-OF-WAY,NOT APPLICABLE,8199,S,WHIPPLE ST,835,2,NO INDICATION OF INJURY,0,0,0,0,0,2,0,15,2,8,41.7444782784,-87.6984387019,"{'type': 'Point', 'coordinates': [-87.698438701898, 41.744478278415]}",,,,,,,,,,
4a1f50c7675b978dae87db0bca0be4658616777e8d8bd315a83c0b5402fee35ea108c5ed7f8f05320e704d6a92fc7edec1236853e329285d2522fb8d59ff98ba,2025-08-11T15:15:00.000,25,NO CONTROLS,NO CONTROLS,CLEAR,DAYLIGHT,PARKED MOTOR VEHICLE,NOT DIVIDED,STRAIGHT AND LEVEL,DRY,NO DEFECTS,NOT ON SCENE (DESK REPORT),NO INJURY / DRIVE AWAY,,"OVER $1,500",2025-08-11T16:18:00.000,NOT APPLICABLE,NOT APPLICABLE,1531,W,LELAND AVE,1912,2,NO INDICATION OF INJURY,0,0,0,0,0,2,0,15,2,8,41.9669513066,-87.6683576723,"{'type': 'Point', 'coordinates': [-87.668357672308, 41.966951306637]}",,,,,,,,,,
8ee8b29ca3837468b7692745852f73fddbd3d7acb1cc88dbb8ad9daa295661b67e96b1ce8f539112a096115accf287f46f524f26a02b6ca95057044da08c590b,2025-08-11T15:10:00.000,35,TRAFFIC SIGNAL,FUNCTIONING PROPERLY,CLEAR,DAYLIGHT,TURNING,NOT DIVIDED,STRAIGHT AND LEVEL,DRY,UNKNOWN,ON SCENE,INJURY AND / OR TOW DUE TO CRASH,Y,"OVER $1,500",2025-08-11T15:10:00.000,UNABLE TO DETERMINE,UNABLE TO DETERMINE,3600,W,OGDEN AVE,1014,3,NONINCAPACITATING INJURY,2,0,0,1,1,3,0,15,2,8,41.8546457019,-87.7152062518,"{'type': 'Point', 'coordinates': [-87.715206251845, 41.854645701934]}",,,,,,,,,,
53e659907fb37f29730ce48d9484e6bdd83ce1ff3f1305757b8e687a703f18bad69563d518490a20ffd5938f4ba0eeef39d5a1995f050265de2ead1dcbeece38,2025-08-11T15:05:00.000,30,NO CONTROLS,NO CONTROLS,CLEAR,DAYLIGHT,PARKED MOTOR VEHICLE,NOT DIVIDED,STRAIGHT AND LEVEL,DRY,NO DEFECTS,ON SCENE,NO INJURY / DRIVE AWAY,,"OVER $1,500",2025-08-11T15:05:00.000,"OPERATING VEHICLE IN ERRATIC, RECKLESS, CARELESS, NEGLIGENT OR AGGRESSIVE MANNER",NOT APPLICABLE,3569,W,CORTLAND ST,1422,3,NO INDICATION OF INJURY,0,0,0,0,0,3,0,15,2,8,41.9153616978,-87.7161728767,"{'type': 'Point', 'coordinates': [-87.716172876651, 41.915361697771]}",,,Y,Y,,,,,,
e882af2d2358b56a5898ac4950b0708dfab4aedfc4bf8900772e8cfb13d0fabe0f67a0b033dd4b7a301c7be5d666dbde0f0bc4346d2a829bef7033e7b529f0d5,2025-08-11T15:05:00.000,30,NO CONTROLS,NO CONTROLS,CLEAR,DAYLIGHT,TURNING,NOT DIVIDED,STRAIGHT AND LEVEL,DRY,UNKNOWN,ON SCENE,INJURY AND / OR TOW DUE TO CRASH,,"OVER $1,500",2025-08-11T15:09:00.000,UNABLE TO DETERMINE,UNABLE TO DETERMINE,4738,W,LAKE ST,1113,2,NONINCAPACITATING INJURY,2,0,0,1,1,1,0,15,2,8,41.8866533238,-87.7446022687,"{'type': 'Point', 'coordinates': [-87.744602268678, 41.886653323814]}",,,,,,,,,,
11ed3305384214b5d9991fd624a17a79db3483276c8075747b81b17eaeffef5a510b2668d1f8eba35380e219386b0629b4f13bc47fcf47cad947c60c79b4127e,2025-08-11T14:55:00.000,20,NO CONTROLS,NO CONTROLS,CLEAR,DAYLIGHT,ANGLE,ALLEY,STRAIGHT AND LEVEL,DRY,WORN SURFACE,ON SCENE,NO INJURY / DRIVE AWAY,,"OVER $1,500",2025-08-11T14:57:00.000,"VISION OBSCURED (SIGNS, TREE LIMBS, BUILDINGS, ETC.)",FAILING TO YIELD RIGHT-OF-WAY,2750,W,BERWYN AVE,2011,2,NO INDICATION OF INJURY,0,0,0,0,0,3,0,14,2,8,41.9777576814,-87.6985580103,"{'type': 'Point', 'coordinates': [-87.698558010304, 41.977757681377]}",,,,,,Y,CONSTRUCTION,,,Y
85b5aac89a81474b3853f141e6e38395a77dc353274f8ee69b96a29af5412130cd9ad0c5fe9fe1c4fbabf7b21aff85806fda58b2815548aafe9dbcde765a5526,2025-08-11T14:42:00.000,30,TRAFFIC SIGNAL,UNKNOWN,CLEAR,DAYLIGHT,SIDESWIPE SAME DIRECTION,NOT DIVIDED,STRAIGHT AND LEVEL,DRY,UNKNOWN,ON SCENE,INJURY AND / OR TOW DUE TO CRASH,,"OVER $1,500",2025-08-11T14:47:00.000,UNABLE TO DETERMINE,NOT APPLICABLE,3840,N,PULASKI RD,1732,2,NO INDICATION OF INJURY,0,0,0,0,0,2,0,14,2,8,41.9511696792,-87.727684218,"{'type': 'Point', 'coordinates': [-87.727684217986, 41.951169679214]}",,,,,,,,,,
6498802a2d6063e72ba7711ec1aa5131cfec549b27b529feeab62845e7f3e049e98b4931211f5e8391188c85851b90b4849fa4cd70cc9c4cd6bbbf8e61c478a0,2025-08-11T14:40:00.000,30,UNKNOWN,UNKNOWN,CLEAR,DAYLIGHT,REAR END,NOT DIVIDED,STRAIGHT AND LEVEL,DRY,NO DEFECTS,ON SCENE,INJURY AND / OR TOW DUE TO CRASH,Y,"OVER $1,500",2025-08-11T14:43:00.000,"DISTRACTION - OTHER ELECTRONIC DEVICE (NAVIGATION DEVICE, DVD PLAYER, ETC.)",DISTRACTION - FROM INSIDE VEHICLE,5908,S,DAMEN AVE,714,3,NONINCAPACITATING INJURY,1,0,0,1,0,2,0,14,2,8,41.7863081413,-87.6742366944,"{'type': 'Point', 'coordinates': [-87.674236694381, 41.786308141328]}",,,,,,,,,,
7f4b41071b77c3800b853414cf6e05d5d74231135a9e77d977bb1d4b8bd9cd04e05cdd17e0591d7c69e9bc30dd50df93a1c632fb6e2977ca813e9e0a46dca45a,2025-08-11T14:40:00.000,30,TRAFFIC SIGNAL,FUNCTIONING PROPERLY,CLEAR,DAYLIGHT,REAR END,NOT DIVIDED,STRAIGHT AND LEVEL,DRY,NO DEFECTS,ON SCENE,INJURY AND / OR TOW DUE TO CRASH,,"OVER $1,500",2025-08-11T14:46:00.000,UNABLE TO DETERMINE,UNABLE TO DETERMINE,7172,W,IRVING PARK RD,1632,3,NO INDICATION OF INJURY,0,0,0,0,0,4,0,14,2,8,41.9528770323,-87.806298372,"{'type': 'Point', 'coordinates': [-87.806298371963, 41.952877032275]}",,,,,,,,,,
23ba9058f1e450f5cadb75a6125e8c3f48660d97033b76eab0050a9617ad0d08498bcdb9c46acd51264181aac303fdab2bbfa81aaf8644f77a0aab9f21fd0da7,2025-08-11T14:30:00.000,30,UNKNOWN,UNKNOWN,CLEAR,DAYLIGHT,ANGLE,NOT DIVIDED,STRAIGHT AND LEVEL,DRY,UNKNOWN,ON SCENE,NO INJURY / DRIVE AWAY,Y,"OVER $1,500",2025-08-11T14:57:00.000,DISREGARDING TRAFFIC SIGNALS,UNABLE TO DETERMINE,201,N,HOMAN AVE,1123,3,NO INDICATION OF INJURY,0,0,0,0,0,5,0,14,2,8,41.8846718091,-87.7109720785,"{'type': 'Point', 'coordinates': [-87.710972078509, 41.884671809054]}",,,,,,,,,,
7b00c14060e6db816880a6b1b7e8fbf88be01fafca88065c774eeda3e0f4567f5fb1f6eb412b2bd06de37dc940e9a063b27d0dd9d89f85234ab8261c507a4703,2025-08-11T14:30:00.000,30,TRAFFIC SIGNAL,FUNCTIONING PROPERLY,CLEAR,DAYLIGHT,ANGLE,FOUR WAY,STRAIGHT AND LEVEL,DRY,UNKNOWN,NOT ON SCENE (DESK REPORT),NO INJURY / DRIVE AWAY,Y,"$501 - $1,500",2025-08-11T15:00:00.000,IMPROPER OVERTAKING/PASSING,DRIVING SKILLS/KNOWLEDGE/EXPERIENCE,1200,N,CALIFORNIA AVE,1423,2,NO INDICATION OF INJURY,0,0,0,0,0,2,0,14,2,8,41.9029699526,-87.6970278123,"{'type': 'Point', 'coordinates': [-87.697027812314, 41.902969952568]}",,,,,,,,,,
3bd03adfa998e4fc502e65afda2ead75d04680f21cc13e3ad19d8a3e2bbf187c329dc98ed97b7a3d2570fc158a4f74826164cdc2896ad69ffdc7a20e253201e7,2025-08-11T14:25:00.000,10,NO CONTROLS,NO CONTROLS,CLEAR,DAYLIGHT,PARKED MOTOR VEHICLE,PARKING LOT,STRAIGHT AND LEVEL,DRY,NO DEFECTS,ON SCENE,NO INJURY / DRIVE AWAY,,$500 OR LESS,2025-08-11T14:32:00.000,DISTRACTION - FROM INSIDE VEHICLE,NOT APPLICABLE,9332,S,WENTWORTH AVE,634,2,NO INDICATION OF INJURY,0,0,0,0,0,1,0,14,2,8,41.7243276369,-87.62887175,"{'type': 'Point', 'coordinates': [-87.628871749986, 41.724327636917]}",Y,,Y,,,,,,,
35b5d1597291279e24b0e32cf6138597b8d7c49309026e89a46f73ab27c9aad22f6757fa106285b86c76ab1c29a6d0a68cfbef1281c2a8b85a7344fd1bc1f026,2025-08-11T14:21:00.000,30,NO CONTROLS,NO CONTROLS,CLEAR,DAYLIGHT,SIDESWIPE SAME DIRECTION,NOT DIVIDED,STRAIGHT AND LEVEL,DRY,UNKNOWN,ON SCENE,INJURY AND / OR TOW DUE TO CRASH,,"OVER $1,500",2025-08-11T15:05:00.000,UNABLE TO DETERMINE,UNABLE TO DETERMINE,2617,S,ASHLAND AVE,913,3,NO INDICATION OF INJURY,0,0,0,0,0,6,0,14,2,8,41.8443924791,-87.6657171427,"{'type': 'Point', 'coordinates': [-87.665717142691, 41.844392479059]}",,,,,,,,,,
1bf85f37500507c42311636855773d0ca009ca7f37fd646ef4d1b5cb4bf8d677dd0940a4de4e67bbe4aedf2144a34c5a995279aee4edb35d936747e29e11525b,2025-08-11T14:20:00.000,30,NO CONTROLS,UNKNOWN,CLEAR,DAYLIGHT,SIDESWIPE SAME DIRECTION,NOT DIVIDED,STRAIGHT AND LEVEL,DRY,SHOULDER DEFECT,NOT ON SCENE (DESK REPORT),NO INJURY / DRIVE AWAY,,"OVER $1,500",2025-08-11T19:53:00.000,FAILING TO YIELD RIGHT-OF-WAY,FAILING TO YIELD RIGHT-OF-WAY,440,N,HALSTED ST,1214,2,NO INDICATION OF INJURY,0,0,0,0,0,2,0,14,2,8,41.8901430073,-87.6477542648,"{'type': 'Point', 'coordinates': [-87.647754264831, 41.890143007329]}",,,Y,,,,,,,
e3ec11e804d1e0c248f5c69dbc3a4557379c2809b96c26b6e2288aa0f47901e8c65180bcdd1aaf26da05b55ac55730c1b5d79149f6c3b9e72035cd7c9a827360,2025-08-11T14:20:00.000,30,NO CONTROLS,NO CONTROLS,CLEAR,DAYLIGHT,PARKED MOTOR VEHICLE,ONE-WAY,STRAIGHT AND LEVEL,DRY,NO DEFECTS,ON SCENE,INJURY AND / OR TOW DUE TO CRASH,,"OVER $1,500",2025-08-11T14:40:00.000,PHYSICAL CONDITION OF DRIVER,FAILING TO REDUCE SPEED TO AVOID CRASH,3908,N,NORA AVE,1632,3,NONINCAPACITATING INJURY,1,0,0,1,0,0,0,14,2,8,41.9511323391,-87.8024550257,"{'type': 'Point', 'coordinates': [-87.802455025731, 41.951132339137]}",,,,,,,,,,
2f9beb051742b87f0412b058db2c77b58953287185b045c6b764f20ec6ced9e509cdd35c43c78a79f29ba84a40ca9c97f5501c86f3b840f287f2da0a1ea1cea0,2025-08-11T14:13:00.000,30,UNKNOWN,UNKNOWN,CLEAR,DAYLIGHT,PARKED MOTOR VEHICLE,ONE-WAY,STRAIGHT AND LEVEL,DRY,UNKNOWN,ON SCENE,NO INJURY / DRIVE AWAY,,$500 OR LESS,2025-08-11T14:13:00.000,UNABLE TO DETERMINE,NOT APPLICABLE,4751,W,BARRY AVE,2521,2,NO INDICATION OF INJURY,0,0,0,0,0,1,0,14,2,8,41.9368990301,-87.7464214056,"{'type': 'Point', 'coordinates': [-87.746421405575, 41.936899030125]}",,,Y,,,,,,,
2824a9374232b853ccbc86531b43f44a2505ab636adef2c429d326b5e7443f26c31f8b6166db7598d4009731d1c0c3e5cd5e393eb66257ae9f23c712728acdb2,2025-08-11T14:10:00.000,15,NO CONTROLS,NO CONTROLS,CLEAR,DAYLIGHT,SIDESWIPE SAME DIRECTION,ALLEY,STRAIGHT AND LEVEL,DRY,NO DEFECTS,NOT ON SCENE (DESK REPORT),NO INJURY / DRIVE AWAY,,$500 OR LESS,2025-08-11T14:30:00.000,UNABLE TO DETERMINE,NOT APPLICABLE,650,E,100TH PL,511,2,NO INDICATION OF INJURY,0,0,0,0,0,2,0,14,2,8,41.7120893418,-87.6070580985,"{'type': 'Point', 'coordinates': [-87.607058098518, 41.712089341817]}",,,,,,,,,,
7e5030f66c16f78a47144f597285985fe8039474a22580a5cc1cf3a8fef9502349e91ef3a068b5d613709156286f1973567d2ac9f9df74095ecbb53e3bf55561,2025-08-11T14:10:00.000,30,NO CONTROLS,NO CONTROLS,CLEAR,DAYLIGHT,SIDESWIPE SAME DIRECTION,DIVIDED - W/MEDIAN (NOT RAISED),STRAIGHT AND LEVEL,DRY,NO DEFECTS,NOT ON SCENE (DESK REPORT),NO INJURY / DRIVE AWAY,,"$501 - $1,500",2025-08-11T16:09:00.000,IMPROPER OVERTAKING/PASSING,NOT APPLICABLE,7455,S,CICERO AVE,833,2,NO INDICATION OF INJURY,0,0,0,0,0,2,0,14,2,8,41.7573805171,-87.7414852913,"{'type': 'Point', 'coordinates': [-87.741485291316, 41.757380517133]}",,,,,,,,,,
bd71d00536e337b751dbf4ad272ec3e2ecca21601704f92fd7f7ceb4b6efab159323ad56570de08e4d0952bb1f9210895a911e905503fd56c9f95db19817316f,2025-08-11T14:10:00.000,30,STOP SIGN/FLASHER,FUNCTIONING PROPERLY,CLEAR,DAYLIGHT,TURNING,DIVIDED - W/MEDIAN (NOT RAISED),STRAIGHT AND LEVEL,DRY,NO DEFECTS,NOT ON SCENE (DESK REPORT),NO INJURY / DRIVE AWAY,,"OVER $1,500",2025-08-11T15:20:00.000,FAILING TO YIELD RIGHT-OF-WAY,UNABLE TO DETERMINE,3102,N,CENTRAL PARK AVE,2523,2,NO INDICATION OF INJURY,0,0,0,0,0,2,0,14,2,8,41.9375381385,-87.7174837779,"{'type': 'Point', 'coordinates': [-87.71748377794, 41.93753813853]}",,,,,,,,,,
d0293037bc257eafafb2ab04eb52aa3594ac867660095b8b6458e41cc7b28bfaeeb41267f3a5a100910e60ea9a9aec9edc95c7d82e6d683b40ff812aa702a36b,2025-08-11T14:05:00.000,15,NO CONTROLS,NO CONTROLS,CLEAR,DAYLIGHT,PEDESTRIAN,OTHER,STRAIGHT AND LEVEL,DRY,UNKNOWN,ON SCENE,INJURY AND / OR TOW DUE TO CRASH,,$500 OR LESS,2025-08-11T16:21:00.000,UNABLE TO DETERMINE,UNABLE TO DETERMINE,251,E,HURON ST,1834,2,"REPORTED, NOT EVIDENT",1,0,0,0,1,2,0,14,2,8,41.8949033024,-87.6207437262,"{'type': 'Point', 'coordinates': [-87.62074372624, 41.894903302355]}",Y,,,,,,,,,
74cbeaa35863a4a7ed68e0dddf7f9667def8559a73da649355f8ca1cd4e0a9de46fe865d576f58dfc06bd706be05d634897f15f36186da5bb2a7c2d647b92eda,2025-08-11T14:00:00.000,30,NO CONTROLS,NO CONTROLS,CLEAR,DAYLIGHT,REAR END,OTHER,STRAIGHT AND LEVEL,DRY,NO DEFECTS,ON SCENE,INJURY AND / OR TOW DUE TO CRASH,,"OVER $1,500",2025-08-11T14:50:00.000,UNABLE TO DETERMINE,UNABLE TO DETERMINE,3532,W,OGDEN AVE,1021,2,NO INDICATION OF INJURY,0,0,0,0,0,3,0,14,2,8,41.8551308068,-87.7138142269,"{'type': 'Point', 'coordinates': [-87.713814226949, 41.855130806831]}",,,,,,,,,,
b4fa53884df30b1ffbee57f0c0d8f42b26bd1df167b5c270f9e2b899b879c9b3623de22e6eae0c6dd75591dd205af2bff20ac0f5d6e139eb32432d60741d536d,2025-08-11T14:00:00.000,25,NO CONTROLS,NO CONTROLS,CLEAR,DAYLIGHT,PARKED MOTOR VEHICLE,NOT DIVIDED,STRAIGHT AND LEVEL,DRY,NO DEFECTS,NOT ON SCENE (DESK REPORT),NO INJURY / DRIVE AWAY,,"$501 - $1,500",2025-08-11T15:30:00.000,DRIVING SKILLS/KNOWLEDGE/EXPERIENCE,UNABLE TO DETERMINE,3439,W,BELLE PLAINE AVE,1723,2,NO INDICATION OF INJURY,0,0,0,0,0,1,0,14,2,8,41.9555445306,-87.7145677566,"{'type': 'Point', 'coordinates': [-87.714567756559, 41.955544530571]}",,,,,,,,,,
63dd554dd7801b4c09cd66249132a27ef0cfc0e02527d1b69812a9fed00992b2a26d4304acdb902b3ffccd2df87481324506b07aab1d584d7dd6d28752893d1e,2025-08-11T13:49:00.000,30,NO CONTROLS,NO CONTROLS,CLEAR,DAYLIGHT,SIDESWIPE SAME DIRECTION,NOT DIVIDED,STRAIGHT AND LEVEL,DRY,NO DEFECTS,NOT ON SCENE (DESK REPORT),NO INJURY / DRIVE AWAY,,"OVER $1,500",2025-08-11T16:27:00.000,IMPROPER LANE USAGE,UNABLE TO DETERMINE,3903,S,KEDZIE AVE,921,2,NO INDICATION OF INJURY,0,0,0,0,0,2,0,13,2,8,41.8224496941,-87.7043413657,"{'type': 'Point', 'coordinates': [-87.704341365691, 41.822449694082]}",,,Y,,,,,,,
26c9165c2f401d0169debe49fa81acda33b475fa2a68906570fdd0540d4d09dc85340a35478096b98a25e06b14a2e28043909e28865f9c8b9ab13a64dbd61e46,2025-08-11T13:46:00.000,20,NO CONTROLS,NO CONTROLS,CLEAR,DAYLIGHT,TURNING,NOT DIVIDED,STRAIGHT AND LEVEL,DRY,NO DEFECTS,ON SCENE,NO INJURY / DRIVE AWAY,,"OVER $1,500",2025-08-11T13:55:00.000,IMPROPER TURNING/NO SIGNAL,NOT APPLICABLE,6500,N,PATTON DR,1654,3,NO INDICATION OF INJURY,0,0,0,0,0,2,0,13,2,8,41.997562935,-87.8888323568,"{'type': 'Point', 'coordinates': [-87.888832356799, 41.997562934969]}",,,,,,,,,,
63043919ec1cb31993558eac3c8882607020d90c6d807f7d10a1e3ed68f6edd578c99b2339457537efb6ce83ac82d03c9088a67aee98d90ac73b02589ab7c2f9,2025-08-11T13:46:00.000,30,TRAFFIC SIGNAL,FUNCTIONING PROPERLY,CLEAR,DAYLIGHT,ANGLE,DIVIDED - W/MEDIAN (NOT RAISED),STRAIGHT AND LEVEL,DRY,NO DEFECTS,ON SCENE,INJURY AND / OR TOW DUE TO CRASH,Y,"OVER $1,500",2025-08-11T15:01:00.000,DISREGARDING OTHER TRAFFIC SIGNS,NOT APPLICABLE,1800,W,WASHINGTON BLVD,1223,2,INCAPACITATING INJURY,2,0,1,1,0,0,0,13,2,8,41.8833299074,-87.6719211878,"{'type': 'Point', 'coordinates': [-87.671921187797, 41.883329907404]}",,,,,,,,,,
e87dce2be34cb4a7d3190e20280799adf8d1ac90d9133c2899e600a1efc08182fc30394118b9609622b3bff5c23d5b0c3c6377ab4e47954ea301a4661fd2bc75,2025-08-11T13:45:00.000,15,NO CONTROLS,NO CONTROLS,CLEAR,DAYLIGHT,REAR TO SIDE,PARKING LOT,STRAIGHT AND LEVEL,DRY,NO DEFECTS,NOT ON SCENE (DESK REPORT),NO INJURY / DRIVE AWAY,,"$501 - $1,500",2025-08-11T15:08:00.000,IMPROPER OVERTAKING/PASSING,NOT APPLICABLE,5210,S,CICERO AVE,814,2,NO INDICATION OF INJURY,0,0,0,0,0,2,0,13,2,8,41.7983099784,-87.7430622326,"{'type': 'Point', 'coordinates': [-87.743062232619, 41.79830997844]}",,,,,,,,,,
2103af91400aabe7628b401e908418e6c5c68c22fe3915daf64ba735cdc5c2df1a9628aa8e6c227bf673f37650249b7bf4f631f56314b2a29388002b735e13b7,2025-08-11T13:40:00.000,30,TRAFFIC SIGNAL,FUNCTIONING PROPERLY,CLEAR,DAYLIGHT,PEDALCYCLIST,DIVIDED - W/MEDIAN (NOT RAISED),STRAIGHT AND LEVEL,DRY,NO DEFECTS,NOT ON SCENE (DESK REPORT),INJURY AND / OR TOW DUE TO CRASH,,$500 OR LESS,2025-08-11T13:40:00.000,FAILING TO YIELD RIGHT-OF-WAY,UNABLE TO DETERMINE,3729,N,KIMBALL AVE,1733,2,NONINCAPACITATING INJURY,1,0,0,1,0,1,0,13,2,8,41.9492850479,-87.7126432009,"{'type': 'Point', 'coordinates': [-87.712643200939, 41.949285047945]}",,,Y,,,,,,,
b26a3cf5c474892a34d37fd313768ecc5428f2d50d34d24a63c49c1ccf34494b8dcd554cb26d516ba51e522269f3bced83d0ed3bf234c3eca6183e42964a9764,2025-08-11T13:30:00.000,30,NO CONTROLS,NO CONTROLS,CLEAR,DAYLIGHT,REAR END,DIVIDED - W/MEDIAN (NOT RAISED),STRAIGHT AND LEVEL,DRY,NO DEFECTS,NOT ON SCENE (DESK REPORT),NO INJURY / DRIVE AWAY,,"OVER $1,500",2025-08-11T16:56:00.000,UNABLE TO DETERMINE,NOT APPLICABLE,2101,W,59TH ST,714,2,NO INDICATION OF INJURY,0,0,0,0,0,2,0,13,2,8,41.7864852357,-87.676665443,"{'type': 'Point', 'coordinates': [-87.676665442955, 41.786485235679]}",,,,,,,,,,
b48f9c3c6bd189ec987592418e1a81073973cd94f95af78e60d71d733fb6ba2416265dab7901d461550c8bbe64ce9ad8d91de7bea1f7488be51f5856add0b2f2,2025-08-11T13:25:00.000,35,NO CONTROLS,NO CONTROLS,CLEAR,DAYLIGHT,SIDESWIPE SAME DIRECTION,NOT DIVIDED,STRAIGHT AND LEVEL,DRY,NO DEFECTS,ON SCENE,NO INJURY / DRIVE AWAY,,"OVER $1,500",2025-08-11T13:30:00.000,UNABLE TO DETERMINE,DRIVING SKILLS/KNOWLEDGE/EXPERIENCE,6810,S,PULASKI RD,833,2,NO INDICATION OF INJURY,0,0,0,0,0,2,0,13,2,8,41.7692156751,-87.7226664164,"{'type': 'Point', 'coordinates': [-87.722666416439, 41.769215675126]}",,,,,,,,,,
5f34c724b3658efa9130d3daa5bd7ff8c559269a45437b4fe1576f14de6b9208f3bb59e4d233d1691513acf21cb638ca3db559766e000da1e4449e28dfc434cd,2025-08-11T13:20:00.000,30,NO CONTROLS,NO CONTROLS,CLEAR,DAYLIGHT,SIDESWIPE SAME DIRECTION,DIVIDED - W/MEDIAN (NOT RAISED),STRAIGHT AND LEVEL,DRY,NO DEFECTS,NOT ON SCENE (DESK REPORT),NO INJURY / DRIVE AWAY,Y,"$501 - $1,500",2025-08-11T13:25:00.000,"OPERATING VEHICLE IN ERRATIC, RECKLESS, CARELESS, NEGLIGENT OR AGGRESSIVE MANNER",IMPROPER OVERTAKING/PASSING,7800,S,RACINE AVE,612,2,NO INDICATION OF INJURY,0,0,0,0,0,3,0,13,2,8,41.7522696958,-87.6539316073,"{'type': 'Point', 'coordinates': [-87.653931607333, 41.75226969581]}",,,,,,,,,,
f3e753bc602b695499b6edf975c9d9d24a0a0bcfaa273ec80be4a472a42425ac8cd83a350b0ffb14433b83125aea67eecff635b98aa154029ff9e390bb66743f,2025-08-11T13:20:00.000,25,NO CONTROLS,NO CONTROLS,CLEAR,DAYLIGHT,REAR TO REAR,PARKING LOT,STRAIGHT AND LEVEL,DRY,UNKNOWN,NOT ON SCENE (DESK REPORT),NO INJURY / DRIVE AWAY,,$500 OR LESS,2025-08-11T15:15:00.000,UNABLE TO DETERMINE,UNABLE TO DETERMINE,2120,W,23RD PL,1034,2,NO INDICATION OF INJURY,0,0,0,0,0,4,0,13,2,8,41.8495124766,-87.6791050066,"{'type': 'Point', 'coordinates': [-87.679105006608, 41.84951247659]}",,,,,,,,,,
7518703cbdbab2508db05935a201f71bf47175e73330800159cf278f8fde6ac7a495b26e54a85bb2db79b796ac5b978572049259bebdd43499348d8822932c9d,2025-08-11T13:15:00.000,30,NO CONTROLS,NO CONTROLS,CLEAR,DAYLIGHT,SIDESWIPE SAME DIRECTION,NOT DIVIDED,STRAIGHT AND LEVEL,DRY,NO DEFECTS,ON SCENE,NO INJURY / DRIVE AWAY,,$500 OR LESS,2025-08-11T14:42:00.000,UNABLE TO DETERMINE,NOT APPLICABLE,5250,N,SHERIDAN RD,2023,2,NO INDICATION OF INJURY,0,0,0,0,0,2,0,13,2,8,41.9779022097,-87.6551773244,"{'type': 'Point', 'coordinates': [-87.6551773244, 41.977902209748]}",,,Y,,,,,,,
9ffd2e2f395d90b01f71a70615ed206ff3cd79f8b324a70671637d77df89d63e55b324e3964b7dac4d21109510bc969241c74433472d845403bb07992653950b,2025-08-11T13:07:00.000,30,STOP SIGN/FLASHER,FUNCTIONING PROPERLY,CLEAR,DAYLIGHT,REAR END,ONE-WAY,STRAIGHT AND LEVEL,DRY,UNKNOWN,NOT ON SCENE (DESK REPORT),NO INJURY / DRIVE AWAY,,"OVER $1,500",2025-08-11T16:10:00.000,UNABLE TO DETERMINE,FOLLOWING TOO CLOSELY,110,N,MAYFIELD AVE,1512,2,NO INDICATION OF INJURY,0,0,0,0,0,2,0,13,2,8,41.8825328519,-87.7720160113,"{'type': 'Point', 'coordinates': [-87.772016011306, 41.882532851927]}",,,Y,,,,,,,
660ad2f04d649c76dbacc466948b7e7f040d675442e020acc26dce0ea4140292336e3d47e674eecf37a81a82e77e1d1beb4d95eb4f2063284403ec6c07ebf253,2025-08-11T13:06:00.000,30,NO CONTROLS,NO CONTROLS,CLEAR,DAYLIGHT,SIDESWIPE SAME DIRECTION,NOT DIVIDED,STRAIGHT AND LEVEL,DRY,NO DEFECTS,ON SCENE,NO INJURY / DRIVE AWAY,,"OVER $1,500",2025-08-11T13:10:00.000,UNABLE TO DETERMINE,UNABLE TO DETERMINE,1444,W,WILLOW ST,1433,2,NO INDICATION OF INJURY,0,0,0,0,0,2,0,13,2,8,41.9142527463,-87.6635198344,"{'type': 'Point', 'coordinates': [-87.663519834398, 41.914252746348]}",,,,,,,,,,
702858ecda8555fff427c36a747540d14a7a9bfbfc27bb3c393cb493069d3e0d4781ff5edc3c5df79ed66d37ec186b80fd262f68aea3882b54f8ff4f3e7e52c4,2025-08-11T13:02:00.000,30,STOP SIGN/FLASHER,FUNCTIONING PROPERLY,CLEAR,DAYLIGHT,PARKED MOTOR VEHICLE,FOUR WAY,STRAIGHT AND LEVEL,DRY,NO DEFECTS,ON SCENE,INJURY AND / OR TOW DUE TO CRASH,,"OVER $1,500",2025-08-11T13:20:00.000,UNABLE TO DETERMINE,UNABLE TO DETERMINE,2051,W,WARREN BLVD,1223,2,NO INDICATION OF INJURY,0,0,0,0,0,2,0,13,2,8,41.8820911958,-87.6786746752,"{'type': 'Point', 'coordinates': [-87.678674675173, 41.882091195754]}",,,,,,,,,,