crash_record_id,crash_date,posted_speed_limit,traffic_control_device,device_condition,weather_condition,lighting_condition,first_crash_type,trafficway_type,alignment,roadway_surface_cond,road_defect,report_type,crash_type,intersection_related_i,damage,date_police_notified,prim_contributory_cause,sec_contributory_cause,street_no,street_direction,street_name,beat_of_occurrence,num_units,most_severe_injury,injuries_total,injuries_fatal,injuries_incapacitating,injuries_non_incapacitating,injuries_reported_not_evident,injuries_no_indication,injuries_unknown,crash_hour,crash_day_of_week,crash_month,latitude,longitude,location,private_property_i,photos_taken_i,hit_and_run_i,statements_taken_i,crash_date_est_i,work_zone_i,work_zone_type,dooring_i,lane_cnt,workers_present_i
a06fea8ae5444452b09d5376fdf7463bf51d04c535da5b839a77ee34fde4c3f24f773e533637bab1a28e28c0ab492768287da4ca185a1c2979ef26064e0967dd,2025-08-11T13:00:00.000,30,NO CONTROLS,NO CONTROLS,CLEAR,DAYLIGHT,PARKED MOTOR VEHICLE,PARKING LOT,STRAIGHT AND LEVEL,DRY,NO DEFECTS,NOT ON SCENE (DESK REPORT),NO INJURY / DRIVE AWAY,,$500 OR LESS,2025-08-11T14:16:00.000,UNABLE TO DETERMINE,NOT APPLICABLE,1133,W,13TH ST,1232,2,NO INDICATION OF INJURY,0,0,0,0,0,1,0,13,2,8,41.8651218323,-87.6554656394,"{'type': 'Point', 'coordinates': [-87.655465639411, 41.865121832331]}",,,,,,,,,,
c82c17adfbaa86683f03c0c215cf1755740d95fe80397e85c6fe9ae7f264a6f2020564835e76f649ba8394b2c4d907744d5146f4342c78a54d235e6deb991541,2025-08-11T13:00:00.000,25,NO CONTROLS,NO CONTROLS,CLEAR,DAYLIGHT,REAR END,DIVIDED - W/MEDIAN (NOT RAISED),STRAIGHT AND LEVEL,UNKNOWN,UNKNOWN,NOT ON SCENE (DESK REPORT),NO INJURY / DRIVE AWAY,,"OVER $1,500",2025-08-11T13:47:00.000,FOLLOWING TOO CLOSELY,DRIVING SKILLS/KNOWLEDGE/EXPERIENCE,6035,N,RIDGE AVE,2433,2,NO INDICATION OF INJURY,0,0,0,0,0,2,0,13,2,8,41.9913585672,-87.6730297387,"{'type': 'Point', 'coordinates': [-87.67302973867, 41.991358567237]}",,,,,,,,,,
ce5828b58befe5c2d8b2635d3d72d0e7d100d47330fb7707293ef18790590217fc7ebe2e32191cb0ea53a9609de6dc7a44f00ced2bb1a7700e5f50b6c3a0c40d,2025-08-11T13:00:00.000,30,STOP SIGN/FLASHER,FUNCTIONING PROPERLY,CLEAR,DAYLIGHT,REAR END,DIVIDED - W/MEDIAN (NOT RAISED),STRAIGHT AND LEVEL,UNKNOWN,UNKNOWN,NOT ON SCENE (DESK REPORT),NO INJURY / DRIVE AWAY,,$500 OR LESS,2025-08-11T14:10:00.000,UNABLE TO DETERMINE,NOT APPLICABLE,6300,S,CICERO AVE,813,2,NO INDICATION OF INJURY,0,0,0,0,0,2,0,13,2,8,41.7783353905,-87.7424364942,"{'type': 'Point', 'coordinates': [-87.74243649416, 41.778335390453]}",,,,,,,,,,
d0fc80349551e85ef9c26bc4fd9758f571d4eab741b480e1f8cdc4ce2f3531aa7d3357d38911a82e1dd3a7c3fdc2c14e1b290ce61b4af0d6666eb3518a8dfaf2,2025-08-11T13:00:00.000,30,TRAFFIC SIGNAL,FUNCTIONING PROPERLY,CLEAR,DAYLIGHT,REAR END,FOUR WAY,STRAIGHT AND LEVEL,DRY,NO DEFECTS,NOT ON SCENE (DESK REPORT),NO INJURY / DRIVE AWAY,Y,"$501 - $1,500",2025-08-11T13:40:00.000,UNABLE TO DETERMINE,NOT APPLICABLE,5930,N,SHERIDAN RD,2022,2,NO INDICATION OF INJURY,0,0,0,0,0,2,0,13,2,8,41.9900568134,-87.655531287,"{'type': 'Point', 'coordinates': [-87.655531287039, 41.990056813424]}",,,,,,,,,,
6eed671c11946d8b91011d61d635dcb15c6c2f6f8b435fc92be863882213abfb6ececd6457bda58f282ba502bfacafa77a39f14028291489758eecc2ce7c67cb,2025-08-11T12:59:00.000,30,TRAFFIC SIGNAL,FUNCTIONING PROPERLY,CLEAR,DAYLIGHT,REAR END,DIVIDED - W/MEDIAN BARRIER,STRAIGHT AND LEVEL,DRY,NO DEFECTS,NOT ON SCENE (DESK REPORT),NO INJURY / DRIVE AWAY,,"OVER $1,500",2025-08-11T13:55:00.000,UNABLE TO DETERMINE,UNABLE TO DETERMINE,5500,S,CICERO AVE,813,2,NO INDICATION OF INJURY,0,0,0,0,0,2,0,12,2,8,41.7929108835,-87.742077343,"{'type': 'Point', 'coordinates': [-87.742077342959, 41.792910883497]}",,,,,,,,,,
136d55816aa9aa0ad9b85933e918c8594109a08bad76c5ac8e44f87f5e11b272b9d069c4a563cb455a37db6b63bfafd4a97021d0a841059aa4dd2f0ea78de00d,2025-08-11T12:45:00.000,30,NO CONTROLS,NO CONTROLS,CLEAR,DAYLIGHT,ANGLE,DIVIDED - W/MEDIAN (NOT RAISED),STRAIGHT AND LEVEL,DRY,NO DEFECTS,ON SCENE,INJURY AND / OR TOW DUE TO CRASH,,"OVER $1,500",2025-08-11T12:45:00.000,UNABLE TO DETERMINE,NOT APPLICABLE,6516,S,HALSTED ST,723,2,"REPORTED, NOT EVIDENT",2,0,0,0,2,0,0,12,2,8,41.7755914363,-87.6448818381,"{'type': 'Point', 'coordinates': [-87.644881838087, 41.775591436287]}",,,,,,,,,,
7a30a7b7af393608328f31e055a47f0de41fee3293d5f1c740e743b76681c311194107bf42491e81c27c737e61ee99ae6e6d62d1892e1d04766efb69cc0c3858,2025-08-11T12:45:00.000,30,TRAFFIC SIGNAL,FUNCTIONING PROPERLY,CLEAR,DAYLIGHT,REAR END,NOT DIVIDED,STRAIGHT AND LEVEL,DRY,UNKNOWN,NOT ON SCENE (DESK REPORT),NO INJURY / DRIVE AWAY,,"OVER $1,500",2025-08-11T13:45:00.000,FOLLOWING TOO CLOSELY,FOLLOWING TOO CLOSELY,5900,S,HALSTED ST,712,2,NO INDICATION OF INJURY,0,0,0,0,0,6,0,12,2,8,41.7869316518,-87.6451124499,"{'type': 'Point', 'coordinates': [-87.64511244991, 41.786931651847]}",,,,,,,,,,
e71a5b32e905797a7ce69e13cc13692a7cf9c113a93e7a812c0d6439f076cfadeabd5dfe3331a676e4b315eee045fe5cdfd981e918b21a50a2cfc4128bd72a27,2025-08-11T12:45:00.000,30,STOP SIGN/FLASHER,UNKNOWN,UNKNOWN,UNKNOWN,PARKED MOTOR VEHICLE,ONE-WAY,STRAIGHT AND LEVEL,UNKNOWN,UNKNOWN,NOT ON SCENE (DESK REPORT),NO INJURY / DRIVE AWAY,,"OVER $1,500",2025-08-11T14:05:00.000,UNABLE TO DETERMINE,UNABLE TO DETERMINE,3150,N,RIDGEWAY AVE,2523,2,NO INDICATION OF INJURY,0,0,0,0,0,1,0,12,2,8,41.9385851153,-87.7208245728,"{'type': 'Point', 'coordinates': [-87.720824572834, 41.938585115312]}",,,,,,,,,,
45890bb320a2bb9a4a71ebe77b008b1075911e48b277783eab04c7400247ddb8775c8c141ebe52eed2cd67e2770242f6b1b07892e178b7d59cdc14836cd23ea0,2025-08-11T12:43:00.000,30,NO CONTROLS,NO CONTROLS,CLEAR,DAYLIGHT,REAR END,DIVIDED - W/MEDIAN BARRIER,STRAIGHT AND LEVEL,DRY,NO DEFECTS,NOT ON SCENE (DESK REPORT),NO INJURY / DRIVE AWAY,,"$501 - $1,500",2025-08-11T15:50:00.000,FOLLOWING TOO CLOSELY,UNABLE TO DETERMINE,342,N,WESTERN AVE,1222,2,NO INDICATION OF INJURY,0,0,0,0,0,2,0,12,2,8,41.887949564,-87.6867421666,"{'type': 'Point', 'coordinates': [-87.686742166625, 41.887949563994]}",,,,,,,,,,
b9db17cd8e71ab1055cdf74b73a01964228b702e18bc7ba61a7a8384ec8ffe29bd3a0b9a9bd64849adc61ef5f86b7bfa1388bc526e812f156e51233b2d1573b7,2025-08-11T12:40:00.000,30,UNKNOWN,FUNCTIONING PROPERLY,CLEAR,DAYLIGHT,PARKED MOTOR VEHICLE,DIVIDED - W/MEDIAN BARRIER,STRAIGHT AND LEVEL,DRY,NO DEFECTS,NOT ON SCENE (DESK REPORT),NO INJURY / DRIVE AWAY,,"$501 - $1,500",2025-08-11T15:00:00.000,IMPROPER BACKING,NOT APPLICABLE,729,S,STATE ST,123,2,NO INDICATION OF INJURY,0,0,0,0,0,2,0,12,2,8,41.8723918682,-87.6273961222,"{'type': 'Point', 'coordinates': [-87.627396122243, 41.872391868197]}",,,,,,,,,,
40f61da1dca84c137ce82a7935f8a1be9eb2aa89338c8508f200ce6b7252f54eac1656d2239e79c9edbd47951a1ac7f2e2c461926fd1895b03a0dad0c153c0ea,2025-08-11T12:30:00.000,30,TRAFFIC SIGNAL,FUNCTIONING PROPERLY,CLEAR,DAYLIGHT,TURNING,FOUR WAY,STRAIGHT AND LEVEL,DRY,NO DEFECTS,NOT ON SCENE (DESK REPORT),NO INJURY / DRIVE AWAY,Y,"$501 - $1,500",2025-08-11T13:15:00.000,UNABLE TO DETERMINE,NOT APPLICABLE,6659,S,DAMEN AVE,726,2,NO INDICATION OF INJURY,0,0,0,0,0,2,0,12,2,8,41.7721674229,-87.6735665679,"{'type': 'Point', 'coordinates': [-87.673566567906, 41.772167422941]}",,,Y,,,N,,,,
4402b1a2176438d7732002d50561a9754dd2aa8fdd9279f660b23accdb1ef251b7a5ea5fc6105c24f8e82d7a748b18949ba98be3c2e3d3456e5abba3b4b0c2a0,2025-08-11T12:30:00.000,35,OTHER,FUNCTIONING PROPERLY,CLEAR,DAYLIGHT,PARKED MOTOR VEHICLE,NOT DIVIDED,STRAIGHT AND LEVEL,DRY,NO DEFECTS,ON SCENE,NO INJURY / DRIVE AWAY,,"OVER $1,500",2025-08-11T15:23:00.000,UNABLE TO DETERMINE,UNABLE TO DETERMINE,6300,S,DR MARTIN LUTHER KING JR DR,312,2,NO INDICATION OF INJURY,0,0,0,0,0,1,0,12,2,8,41.7802113218,-87.6157682918,"{'type': 'Point', 'coordinates': [-87.615768291828, 41.780211321839]}",,,Y,Y,,,,,,
494a5221173909afbeaf04ab0ee58c96acb8134d059a13ffd68377a7806bffe0a4dd393adf83a81ba091cae59c201ce20b501a4db17b61e4d3410d4817e1b88f,2025-08-11T12:30:00.000,15,NO CONTROLS,NO CONTROLS,CLEAR,DAYLIGHT,PARKED MOTOR VEHICLE,PARKING LOT,STRAIGHT AND LEVEL,DRY,WORN SURFACE,ON SCENE,INJURY AND / OR TOW DUE TO CRASH,,"OVER $1,500",2025-08-11T12:53:00.000,UNABLE TO DETERMINE,UNABLE TO DETERMINE,3711,S,ASHLAND AVE,912,2,NO INDICATION OF INJURY,0,0,0,0,0,1,0,12,2,8,41.8264853296,-87.6653302593,"{'type': 'Point', 'coordinates': [-87.665330259347, 41.826485329584]}",Y,,Y,,,,,,,
a5ec189a88557bb4273d891bb1e264f5ae475ad41c95ac914009216661f6daef60b5a74ce6599d4a654e3bae1856d98ea774de47bda81be48fada4a3ed2e545b,2025-08-11T12:23:00.000,30,STOP SIGN/FLASHER,NO CONTROLS,CLEAR,DAYLIGHT,TURNING,FOUR WAY,STRAIGHT AND LEVEL,DRY,NO DEFECTS,NOT ON SCENE (DESK REPORT),NO INJURY / DRIVE AWAY,Y,"OVER $1,500",2025-08-11T14:30:00.000,FAILING TO YIELD RIGHT-OF-WAY,FAILING TO YIELD RIGHT-OF-WAY,3500,W,31ST ST,1032,2,NO INDICATION OF INJURY,0,0,0,0,0,2,0,12,2,8,41.8372114647,-87.7121884033,"{'type': 'Point', 'coordinates': [-87.712188403329, 41.837211464732]}",,,,,,,,,,
435f0ec44b668736be2f184fcf796c971cf3fb7da6f324f1903d72af5560b270ecb4846710404b04427af123e7994812997891e5495be76e3c4d9412d564cac9,2025-08-11T12:20:00.000,30,TRAFFIC SIGNAL,FUNCTIONING PROPERLY,CLEAR,DAYLIGHT,SIDESWIPE SAME DIRECTION,ONE-WAY,STRAIGHT AND LEVEL,DRY,NO DEFECTS,ON SCENE,NO INJURY / DRIVE AWAY,,$500 OR LESS,2025-08-11T12:26:00.000,UNABLE TO DETERMINE,NOT APPLICABLE,3101,S,WENTWORTH AVE,915,2,NO INDICATION OF INJURY,0,0,0,0,0,2,0,12,2,8,41.8382048833,-87.6315298665,"{'type': 'Point', 'coordinates': [-87.631529866465, 41.838204883348]}",,,,,,,,,,
061a98331c8872b33743bc3987a1be1bdaa9cdc48e2b50f314d2d9d13292b095e7bcb3354aa03e6a03033940c18117a6e22977601859177fd4f0bada791dd652,2025-08-11T12:15:00.000,30,NO CONTROLS,NO CONTROLS,CLEAR,DAYLIGHT,PARKED MOTOR VEHICLE,DIVIDED - W/MEDIAN (NOT RAISED),STRAIGHT AND LEVEL,UNKNOWN,UNKNOWN,NOT ON SCENE (DESK REPORT),NO INJURY / DRIVE AWAY,,"OVER $1,500",2025-08-11T13:18:00.000,DRIVING SKILLS/KNOWLEDGE/EXPERIENCE,NOT APPLICABLE,6241,N,BROADWAY,2433,2,NO INDICATION OF INJURY,0,0,0,0,0,1,0,12,2,8,41.995776977,-87.6602950531,"{'type': 'Point', 'coordinates': [-87.660295053059, 41.995776976972]}",,,Y,,,,,,,
5a240d3881705bb95a71184cce20a30a4cf8df2301c9db7e0fb0a70e19c80c2981e6f0da6f41ddc22cbc21f02e101385cd944bfccfa7fdcbde79ebc0bd59ab69,2025-08-11T12:09:00.000,30,NO CONTROLS,NO CONTROLS,CLEAR,DAYLIGHT,REAR END,NOT DIVIDED,STRAIGHT AND LEVEL,DRY,NO DEFECTS,ON SCENE,NO INJURY / DRIVE AWAY,,"OVER $1,500",2025-08-11T12:09:00.000,EQUIPMENT - VEHICLE CONDITION,NOT APPLICABLE,309,N,AUSTIN BLVD,1512,2,NO INDICATION OF INJURY,0,0,0,0,0,3,0,12,2,8,41.8858732491,-87.7746953433,"{'type': 'Point', 'coordinates': [-87.774695343322, 41.885873249119]}",,,,,,,,,,
093b400778c1acf6f0d3d9028bedcd742ae09469a95f0a72a84bfa668b2b044d08d86205233f53057b9423ddb95e5a9e70a0a5a6bfb6646ba6667fc1ff00e7dc,2025-08-11T12:05:00.000,30,NO CONTROLS,NO CONTROLS,CLEAR,DAYLIGHT,SIDESWIPE SAME DIRECTION,NOT DIVIDED,STRAIGHT AND LEVEL,DRY,NO DEFECTS,NOT ON SCENE (DESK REPORT),NO INJURY / DRIVE AWAY,,"$501 - $1,500",2025-08-11T13:20:00.000,IMPROPER OVERTAKING/PASSING,NOT APPLICABLE,6207,S,CICERO AVE,813,2,NO INDICATION OF INJURY,0,0,0,0,0,3,0,12,2,8,41.7799979431,-87.7421958359,"{'type': 'Point', 'coordinates': [-87.742195835863, 41.779997943137]}",,,,,,,,,,
bfab3a6ecea96468fa18a25bfadfa378d51376fbdad8ce6ab8fc020b8afc8bdbb7b4ca562ef200a04ec27492bb4dfb238dd45a0f1f13e57d261103e57cfc7a11,2025-08-11T12:03:00.000,15,NO CONTROLS,NO CONTROLS,CLEAR,DAYLIGHT,SIDESWIPE SAME DIRECTION,ONE-WAY,STRAIGHT AND LEVEL,DRY,NO DEFECTS,ON SCENE,NO INJURY / DRIVE AWAY,,"OVER $1,500",2025-08-11T12:07:00.000,UNABLE TO DETERMINE,NOT APPLICABLE,2061,N,CAMPBELL AVE,1431,2,NO INDICATION OF INJURY,0,0,0,0,0,4,0,12,2,8,41.9193834489,-87.6890739416,"{'type': 'Point', 'coordinates': [-87.689073941609, 41.919383448905]}",,,,,,,,,,
2051875b52dccb17de649b70712b318959c407db770f0def94710533a3f62f054f6ecca3d29176dd60d3668b4ee7646dc808ebfcab95441abb158daca3510d04,2025-08-11T12:00:00.000,30,TRAFFIC SIGNAL,FUNCTIONING PROPERLY,CLEAR,DAYLIGHT,ANGLE,FOUR WAY,STRAIGHT AND LEVEL,DRY,NO DEFECTS,NOT ON SCENE (DESK REPORT),NO INJURY / DRIVE AWAY,Y,"OVER $1,500",2025-08-11T13:20:00.000,FAILING TO YIELD RIGHT-OF-WAY,FAILING TO YIELD RIGHT-OF-WAY,2600,N,AUSTIN AVE,2512,2,NO INDICATION OF INJURY,0,0,0,0,0,3,0,12,2,8,41.9275038303,-87.7759890491,"{'type': 'Point', 'coordinates': [-87.775989049051, 41.927503830282]}",,,,,,,,,,
43735959131d41e5113dbebf84d265c8eadb5af22bacd0ab23d5fc44719b796da1fe7d3ee8f71fb6816b2c3dc6f0b57b520e49100189048841a074acbfbbf24a,2025-08-11T12:00:00.000,30,NO CONTROLS,NO CONTROLS,CLEAR,DAYLIGHT,PARKED MOTOR VEHICLE,NOT DIVIDED,STRAIGHT AND LEVEL,DRY,NO DEFECTS,NOT ON SCENE (DESK REPORT),NO INJURY / DRIVE AWAY,,"$501 - $1,500",2025-08-12T09:27:00.000,UNABLE TO DETERMINE,NOT APPLICABLE,3958,W,LE MOYNE ST,2535,2,NO INDICATION OF INJURY,0,0,0,0,0,1,0,12,2,8,41.9081867774,-87.726403429,"{'type': 'Point', 'coordinates': [-87.726403428963, 41.908186777367]}",,,,,,,,,,
46a56e157cd8fac78c0bdd53ead993e0ef38ecffb945149be122478cb5d3323015eac43345da6a016382cde1636457591c2f990893ad945e0a5d9bd33dafba28,2025-08-11T12:00:00.000,30,UNKNOWN,UNKNOWN,UNKNOWN,UNKNOWN,SIDESWIPE SAME DIRECTION,NOT DIVIDED,STRAIGHT AND LEVEL,UNKNOWN,UNKNOWN,NOT ON SCENE (DESK REPORT),NO INJURY / DRIVE AWAY,,$500 OR LESS,2025-08-12T11:00:00.000,UNABLE TO DETERMINE,NOT APPLICABLE,5901,S,ST LOUIS AVE,822,2,NO INDICATION OF INJURY,0,0,0,0,0,2,0,12,2,8,41.7861096381,-87.7105123121,"{'type': 'Point', 'coordinates': [-87.710512312072, 41.786109638135]}",,,,,,,,,,
e5c81e7736e0a7a6522b85f32bbb9366305029fefea390f15c3ba72bccf7732fde5d79adbe8ce06ec561f610c5e249b8eea822242505608859185e746cebdf70,2025-08-11T12:00:00.000,25,STOP SIGN/FLASHER,FUNCTIONING PROPERLY,CLEAR,DAYLIGHT,PEDESTRIAN,ONE-WAY,STRAIGHT AND LEVEL,DRY,NO DEFECTS,ON SCENE,INJURY AND / OR TOW DUE TO CRASH,N,$500 OR LESS,2025-08-11T14:58:00.000,UNABLE TO DETERMINE,UNABLE TO DETERMINE,7300,S,WABASH AVE,323,2,"REPORTED, NOT EVIDENT",1,0,0,0,1,1,0,12,2,8,41.7618127712,-87.6233647234,"{'type': 'Point', 'coordinates': [-87.62336472341, 41.761812771185]}",,,Y,Y,,,,,,
add41858986bb20467a4220c001725e3261018c44afb49b191d7f9335727c25c8e6cc99b485f6ce6d37587946e9f5c5527e99e2006711d360c32b3af13267bc5,2025-08-11T11:56:00.000,30,TRAFFIC SIGNAL,FUNCTIONING PROPERLY,CLEAR,DAYLIGHT,PEDALCYCLIST,FOUR WAY,STRAIGHT AND LEVEL,DRY,UNKNOWN,ON SCENE,NO INJURY / DRIVE AWAY,Y,"OVER $1,500",2025-08-11T11:56:00.000,FAILING TO YIELD RIGHT-OF-WAY,UNABLE TO DETERMINE,500,S,STATE ST,123,2,NO INDICATION OF INJURY,0,0,0,0,0,2,0,11,2,8,41.8755842342,-87.6277655039,"{'type': 'Point', 'coordinates': [-87.627765503911, 41.875584234189]}",,,,,,,,,,
39e580e5b6a86797ca249fe3ae9ed24b5fe9363bc77552474123ff62d2380e368fdf16a379b496d1f6b875da5a130c6fe6d5a12b09f76a0ec97bdddf6157a0cb,2025-08-11T11:45:00.000,30,NO CONTROLS,NO CONTROLS,CLEAR,DAYLIGHT,PARKED MOTOR VEHICLE,ONE-WAY,STRAIGHT AND LEVEL,DRY,NO DEFECTS,NOT ON SCENE (DESK REPORT),NO INJURY / DRIVE AWAY,,"$501 - $1,500",2025-08-11T15:40:00.000,UNABLE TO DETERMINE,NOT APPLICABLE,8231,S,CLYDE AVE,414,2,NO INDICATION OF INJURY,0,0,0,0,0,1,0,11,2,8,41.7452467196,-87.5732888807,"{'type': 'Point', 'coordinates': [-87.573288880656, 41.74524671956]}",,,,,,,,,,
5b753272109b0b7e6a34d535b264c130bedf885f41a6414eb0aaa048a4e15e53e182d26ebadd522135e4974edb515668e4cc6fa5eb92063a8e932a463c11b298,2025-08-11T11:45:00.000,30,NO CONTROLS,NO CONTROLS,CLEAR,DAYLIGHT,ANGLE,NOT DIVIDED,STRAIGHT AND LEVEL,DRY,NO DEFECTS,ON SCENE,INJURY AND / OR TOW DUE TO CRASH,,"OVER $1,500",2025-08-11T11:56:00.000,FAILING TO YIELD RIGHT-OF-WAY,NOT APPLICABLE,5231,N,HARLEM AVE,1613,3,NO INDICATION OF INJURY,0,0,0,0,0,2,0,11,2,8,41.9763563051,-87.8068889635,"{'type': 'Point', 'coordinates': [-87.806888963508, 41.976356305071]}",,,,,,,,,,
661001b4ef81b7b71ea1d3f5daafb5d581cbea2c5679672fdd5cde1d3c3770be31e7b10c8462defbccea5a20ee95c0b589b70f547b654abf59f105af773726c2,2025-08-11T11:40:00.000,20,NO CONTROLS,NO CONTROLS,CLEAR,DAYLIGHT,ANGLE,NOT DIVIDED,STRAIGHT AND LEVEL,DRY,NO DEFECTS,NOT ON SCENE (DESK REPORT),NO INJURY / DRIVE AWAY,,"OVER $1,500",2025-08-11T12:20:00.000,FAILING TO YIELD RIGHT-OF-WAY,NOT APPLICABLE,6926,W,WELLINGTON AVE,2511,2,NO INDICATION OF INJURY,0,0,0,0,0,2,0,11,2,8,41.9345843418,-87.7992023516,"{'type': 'Point', 'coordinates': [-87.799202351649, 41.934584341818]}",,,,,,,,,,
6ed3c87110caa2195416edf669f734c64d44fcc202df7c77e51d07f84844d71490725f6e3f2731a93f8b50940f0e2cd0098f9919cfac19cf0b2e00a65f6eb155,2025-08-11T11:40:00.000,30,TRAFFIC SIGNAL,FUNCTIONING PROPERLY,CLEAR,DAYLIGHT,PEDALCYCLIST,FOUR WAY,"CURVE, LEVEL",DRY,NO DEFECTS,ON SCENE,INJURY AND / OR TOW DUE TO CRASH,Y,"OVER $1,500",2025-08-11T11:40:00.000,FAILING TO YIELD RIGHT-OF-WAY,DRIVING SKILLS/KNOWLEDGE/EXPERIENCE,3716,S,ARCHER AVE,911,2,NONINCAPACITATING INJURY,1,0,0,1,0,1,0,11,2,8,41.8260400172,-87.6849673999,"{'type': 'Point', 'coordinates': [-87.684967399868, 41.826040017229]}",,,,,,,,,,
21ff2a57b9994f91ffdc131a235c14d84aded6b59db9d4fb3425b6995ab11b4344f15ed8912d06697a956b01ea8f7ec9125309b3138fd0428ab2e2ffb55401a2,2025-08-11T11:30:00.000,30,NO CONTROLS,NO CONTROLS,CLEAR,DAYLIGHT,ANGLE,DIVIDED - W/MEDIAN (NOT RAISED),STRAIGHT AND LEVEL,DRY,NO DEFECTS,ON SCENE,INJURY AND / OR TOW DUE TO CRASH,,"OVER $1,500",2025-08-11T11:50:00.000,IMPROPER LANE USAGE,IMPROPER OVERTAKING/PASSING,10300,W,JOHNSON RD,1654,2,"REPORTED, NOT EVIDENT",1,0,0,0,1,1,0,11,2,8,41.9976557211,-87.8860448696,"{'type': 'Point', 'coordinates': [-87.886044869569, 41.997655721147]}",,,,,,,,,,
30e3472c27a5517c2231a191b2545dc87d943ffb607e42b3bfeb9c1dc19f17ec2e877d15e3c5c74493f780bc44743c0f50959f8e460c962fef2a5ef3684be297,2025-08-11T11:30:00.000,30,TRAFFIC SIGNAL,FUNCTIONING PROPERLY,CLEAR,DAYLIGHT,PEDALCYCLIST,DIVIDED - W/MEDIAN (NOT RAISED),STRAIGHT AND LEVEL,DRY,UNKNOWN,ON SCENE,INJURY AND / OR TOW DUE TO CRASH,,"OVER $1,500",2025-08-11T11:38:00.000,FAILING TO YIELD RIGHT-OF-WAY,FAILING TO YIELD RIGHT-OF-WAY,4800,W,DIVERSEY AVE,2521,2,NONINCAPACITATING INJURY,1,0,0,1,0,1,0,11,2,8,41.9316414204,-87.7467199106,"{'type': 'Point', 'coordinates': [-87.746719910646, 41.931641420407]}",,,Y,,,,,,,
791562d5524ca7729a02c1f215c1fb111829e784dcb8ed0265abae0c49d6675091ce1a4f1a96466daef1fc93e96c0e2f22799a64629195b3fad4440a1181a8d1,2025-08-11T11:30:00.000,30,NO CONTROLS,UNKNOWN,CLEAR,DAYLIGHT,PARKED MOTOR VEHICLE,ONE-WAY,STRAIGHT AND LEVEL,DRY,NO DEFECTS,NOT ON SCENE (DESK REPORT),NO INJURY / DRIVE AWAY,,"OVER $1,500",2025-08-11T11:30:00.000,UNABLE TO DETERMINE,NOT APPLICABLE,2016,W,WILLOW ST,1434,2,NO INDICATION OF INJURY,0,0,0,0,0,1,0,11,2,8,41.9139334122,-87.6782759194,"{'type': 'Point', 'coordinates': [-87.678275919447, 41.913933412208]}",,,Y,,,,,,,
8bf0f6b72a3fb0a2b5fb1779b1f7e410a4be1fc0436b06da0e67bb8c753e0238603383349bf9dc73d4bbdc030cf581650cfe573d52ca7998494fb96394d2a29d,2025-08-11T11:30:00.000,30,NO CONTROLS,NO CONTROLS,CLEAR,DAYLIGHT,ANGLE,NOT DIVIDED,STRAIGHT AND LEVEL,DRY,NO DEFECTS,NOT ON SCENE (DESK REPORT),NO INJURY / DRIVE AWAY,,"$501 - $1,500",2025-08-11T12:15:00.000,UNABLE TO DETERMINE,UNABLE TO DETERMINE,6942,N,PAULINA ST,2431,2,NO INDICATION OF INJURY,0,0,0,0,0,2,0,11,2,8,42.0078594328,-87.6723490025,"{'type': 'Point', 'coordinates': [-87.672349002492, 42.007859432761]}",,,,,,,,,,
6928c1c77be54f63ef648347dd1c61f198ec5cf1a886558880047e63dc81af0af069b45c34da95993c61d5a339fc1ddd1b7e8dca1835548718f671084b26e554,2025-08-11T11:28:00.000,30,TRAFFIC SIGNAL,FUNCTIONING PROPERLY,CLEAR,DAYLIGHT,SIDESWIPE SAME DIRECTION,DIVIDED - W/MEDIAN BARRIER,STRAIGHT AND LEVEL,DRY,NO DEFECTS,ON SCENE,INJURY AND / OR TOW DUE TO CRASH,Y,"OVER $1,500",2025-08-11T11:40:00.000,IMPROPER TURNING/NO SIGNAL,IMPROPER TURNING/NO SIGNAL,2601,S,STATE ST,133,2,NO INDICATION OF INJURY,0,0,0,0,0,2,0,11,2,8,41.8455282987,-87.626611141,"{'type': 'Point', 'coordinates': [-87.626611141041, 41.845528298716]}",,,,,,,,,,
64e6ca83f0d6fad50238c71801ed809da1f4de4002e7de7a1448ade0a3979a00bcb1a5401c29341be3c8d1144e895db4104c2a5a8fe746b0ed31dc7736f0a84d,2025-08-11T11:27:00.000,30,NO CONTROLS,NO CONTROLS,CLEAR,DAYLIGHT,PARKED MOTOR VEHICLE,NOT DIVIDED,STRAIGHT AND LEVEL,DRY,NO DEFECTS,ON SCENE,NO INJURY / DRIVE AWAY,,"OVER $1,500",2025-08-11T11:28:00.000,IMPROPER OVERTAKING/PASSING,DRIVING SKILLS/KNOWLEDGE/EXPERIENCE,1401,S,MICHIGAN AVE,132,2,NO INDICATION OF INJURY,0,0,0,0,0,2,0,11,2,8,41.8640025957,-87.6239320493,"{'type': 'Point', 'coordinates': [-87.623932049301, 41.864002595738]}",,,,,,,,,,
40105077cd164c78a80cb263228062b3dcad30a9f9c90f69cf765e58902ceb61d645831a5c754344a7e67ce5bc505223c39e1a8ab8f5d6d6e37e263ee2051f6a,2025-08-11T11:20:00.000,10,NO CONTROLS,NO CONTROLS,CLEAR,DAYLIGHT,TURNING,PARKING LOT,STRAIGHT AND LEVEL,DRY,NO DEFECTS,ON SCENE,NO INJURY / DRIVE AWAY,,"OVER $1,500",2025-08-11T11:26:00.000,DRIVING SKILLS/KNOWLEDGE/EXPERIENCE,UNABLE TO DETERMINE,2200,S,WESTERN AVE,1034,2,NO INDICATION OF INJURY,0,0,0,0,0,2,0,11,2,8,41.8519838396,-87.6857857042,"{'type': 'Point', 'coordinates': [-87.685785704205, 41.851983839573]}",,,,,,,,,,