crash_record_id,crash_date,posted_speed_limit,traffic_control_device,device_condition,weather_condition,lighting_condition,first_crash_type,trafficway_type,alignment,roadway_surface_cond,road_defect,report_type,crash_type,intersection_related_i,damage,date_police_notified,prim_contributory_cause,sec_contributory_cause,street_no,street_direction,street_name,beat_of_occurrence,num_units,most_severe_injury,injuries_total,injuries_fatal,injuries_incapacitating,injuries_non_incapacitating,injuries_reported_not_evident,injuries_no_indication,injuries_unknown,crash_hour,crash_day_of_week,crash_month,latitude,longitude,location,private_property_i,photos_taken_i,hit_and_run_i,statements_taken_i,crash_date_est_i,work_zone_i,work_zone_type,dooring_i,lane_cnt,workers_present_i
e05ca95a4f76bc874be1e370ba1b4612bcdc50768dcc89f57d5b31efa1a5e9e6a4465091c8543910a9e09db89ca82195f6a54b0fd02aaa370ca0c938f794fcfa,2025-08-11T11:20:00.000,30,NO CONTROLS,NO CONTROLS,CLEAR,DAYLIGHT,SIDESWIPE SAME DIRECTION,ONE-WAY,STRAIGHT AND LEVEL,DRY,NO DEFECTS,NOT ON SCENE (DESK REPORT),NO INJURY / DRIVE AWAY,,"OVER $1,500",2025-08-11T12:10:00.000,UNABLE TO DETERMINE,NOT APPLICABLE,911,N,RUSH ST,1833,2,NO INDICATION OF INJURY,0,0,0,0,0,2,0,11,2,8,41.899530672,-87.6268078711,"{'type': 'Point', 'coordinates': [-87.626807871053, 41.899530672041]}",,,,,,,,,,
1e88f1fe62c5e6b6ddf527c7b5082d7a73a9dccadb4ae17427f7ff918b4973690d6b72b8a53466e141cdffe936b842c65dc8fc00c692cfa85d2db09324d2a600,2025-08-11T11:12:00.000,30,NO CONTROLS,NO CONTROLS,CLEAR,DAYLIGHT,PARKED MOTOR VEHICLE,DIVIDED - W/MEDIAN (NOT RAISED),STRAIGHT AND LEVEL,DRY,NO DEFECTS,ON SCENE,NO INJURY / DRIVE AWAY,,$500 OR LESS,2025-08-11T11:12:00.000,UNABLE TO DETERMINE,UNABLE TO DETERMINE,8100,S,COTTAGE GROVE AVE,631,2,NO INDICATION OF INJURY,0,0,0,0,0,1,0,11,2,8,41.7475332863,-87.6052788008,"{'type': 'Point', 'coordinates': [-87.605278800842, 41.747533286283]}",,,Y,,,,,,,
7de0148df2f22e22dbb43495e4894e4c0a50bfe27719532cc4f49f3b47f851c8bea2d2552e03963f9902630a1c5404ed849ab0b6d5a4f9cbe2a8b8b731c3a207,2025-08-11T11:08:00.000,30,NO CONTROLS,NO CONTROLS,CLEAR,DAYLIGHT,REAR END,NOT DIVIDED,STRAIGHT AND LEVEL,DRY,NO DEFECTS,ON SCENE,NO INJURY / DRIVE AWAY,,"OVER $1,500",2025-08-11T11:16:00.000,EQUIPMENT - VEHICLE CONDITION,EQUIPMENT - VEHICLE CONDITION,9411,S,EWING AVE,432,4,NO INDICATION OF INJURY,0,0,0,0,0,5,0,11,2,8,41.7247273917,-87.5378320399,"{'type': 'Point', 'coordinates': [-87.537832039906, 41.724727391659]}",,,,,,,,,,
1b1a2350b324e8d1019272c35b92f14cb6c473ea7ad23e83f084784634f1803635e717fa5cab550fd327380bc0049be99a4230bc82ee1727aad84fb65bd59dc4,2025-08-11T11:00:00.000,30,NO CONTROLS,NO CONTROLS,CLEAR,DAYLIGHT,PARKED MOTOR VEHICLE,DIVIDED - W/MEDIAN (NOT RAISED),STRAIGHT AND LEVEL,DRY,NO DEFECTS,NOT ON SCENE (DESK REPORT),NO INJURY / DRIVE AWAY,,"OVER $1,500",2025-08-11T18:00:00.000,UNABLE TO DETERMINE,NOT APPLICABLE,1840,N,CALIFORNIA AVE,1421,2,NO INDICATION OF INJURY,0,0,0,0,0,1,0,11,2,8,41.9151036179,-87.6972769511,"{'type': 'Point', 'coordinates': [-87.69727695114, 41.91510361794]}",,,Y,,,,,,,
806b0fe5c3275e61d726caefe5ad7a652c3cfac827a2181820973fc71c50e48cf0bcff10af02b6a804e0f7cfea28afc05fd795b694e6feddfe1f192a2c177b2f,2025-08-11T11:00:00.000,30,NO CONTROLS,NO CONTROLS,CLEAR,DAYLIGHT,PARKED MOTOR VEHICLE,NOT DIVIDED,STRAIGHT AND LEVEL,DRY,NO DEFECTS,,NO INJURY / DRIVE AWAY,Y,$500 OR LESS,2025-08-11T14:30:00.000,UNABLE TO DETERMINE,NOT APPLICABLE,1535,W,DEVON AVE,2433,2,NO INDICATION OF INJURY,0,0,0,0,0,1,0,11,2,8,41.9979852186,-87.6691071204,"{'type': 'Point', 'coordinates': [-87.669107120398, 41.997985218648]}",,,,,,,,,,
e706085b0c92ba3ccc7a223c8ad022a43cabc8ada3b6d0541aafe74c6c5a7a4e90a15684b6369d0e6fadf072890f3dfc1bdeb5d38a8c0bec445883ad54457f3a,2025-08-11T11:00:00.000,35,NO CONTROLS,NO CONTROLS,CLEAR,DAYLIGHT,PARKED MOTOR VEHICLE,NOT DIVIDED,STRAIGHT AND LEVEL,DRY,NO DEFECTS,NOT ON SCENE (DESK REPORT),NO INJURY / DRIVE AWAY,,"$501 - $1,500",2025-08-11T18:40:00.000,UNABLE TO DETERMINE,NOT APPLICABLE,4400,N,LAKE SHORE DR NB,1914,2,NO INDICATION OF INJURY,0,0,0,0,0,1,0,11,2,8,41.9620271555,-87.6466396613,"{'type': 'Point', 'coordinates': [-87.64663966128, 41.962027155537]}",,,,,,,,,,
584b19beb80853b288477490581124dc831169d7fb14db078699c640fd330c3e70a2fe441550244bbea5c1d5e7a8ca847a6a5c955a7973fa670ea26501dfd951,2025-08-11T10:45:00.000,10,NO CONTROLS,NO CONTROLS,UNKNOWN,UNKNOWN,PARKED MOTOR VEHICLE,PARKING LOT,STRAIGHT AND LEVEL,UNKNOWN,UNKNOWN,NOT ON SCENE (DESK REPORT),NO INJURY / DRIVE AWAY,,"$501 - $1,500",2025-08-12T10:03:00.000,UNABLE TO DETERMINE,NOT APPLICABLE,4149,W,79TH ST,834,2,NO INDICATION OF INJURY,0,0,0,0,0,1,0,10,2,8,41.7492520481,-87.7261403639,"{'type': 'Point', 'coordinates': [-87.726140363877, 41.749252048051]}",,,Y,,Y,,,,,
945dc184f697cb91ffdc821dfd3d65140685cd24d7a4bdbbced5321c78bf899f9f4eb0d2efa81002acd699ebc0733ea65a03e4b166db2888a05baeb640f09e8a,2025-08-11T10:35:00.000,30,TRAFFIC SIGNAL,UNKNOWN,CLEAR,DAYLIGHT,SIDESWIPE SAME DIRECTION,NOT DIVIDED,STRAIGHT AND LEVEL,UNKNOWN,UNKNOWN,NOT ON SCENE (DESK REPORT),NO INJURY / DRIVE AWAY,,$500 OR LESS,2025-08-11T11:15:00.000,UNABLE TO DETERMINE,UNABLE TO DETERMINE,1305,W,103RD ST,2232,2,NO INDICATION OF INJURY,0,0,0,0,0,3,0,10,2,8,41.7066868071,-87.6552838636,"{'type': 'Point', 'coordinates': [-87.655283863588, 41.706686807125]}",,,Y,,,,,,,
312b42e511c0d6445450ddb06a1152aca85c472478f6d0983a5a7cc4b42e257738a427a44d2d219ec649c0326034445b5b55732c18c45a4e9f6bbbbec72801b4,2025-08-11T10:33:00.000,25,TRAFFIC SIGNAL,FUNCTIONING PROPERLY,CLEAR,DAYLIGHT,SIDESWIPE SAME DIRECTION,NOT DIVIDED,STRAIGHT AND LEVEL,DRY,NO DEFECTS,NOT ON SCENE (DESK REPORT),NO INJURY / DRIVE AWAY,,"OVER $1,500",2025-08-11T15:43:00.000,IMPROPER LANE USAGE,NOT APPLICABLE,4757,W,MADISON ST,1113,2,NO INDICATION OF INJURY,0,0,0,0,0,2,0,10,2,8,41.8803907215,-87.7450767808,"{'type': 'Point', 'coordinates': [-87.745076780799, 41.880390721466]}",,,Y,,,,,,,
df37cdad6c9c97ad5ce3c29d777e38564ab7462a3a653c724bfe19e39e0f3ff35cfe319fcdcdcef616a225eba3ea0a7bca05f436d940c578c03a50f8ddd635b5,2025-08-11T10:30:00.000,30,TRAFFIC SIGNAL,UNKNOWN,UNKNOWN,DAYLIGHT,PARKED MOTOR VEHICLE,NOT DIVIDED,STRAIGHT AND LEVEL,UNKNOWN,UNKNOWN,NOT ON SCENE (DESK REPORT),NO INJURY / DRIVE AWAY,,"OVER $1,500",2025-08-12T07:15:00.000,UNABLE TO DETERMINE,UNABLE TO DETERMINE,500,N,PESHTIGO CT,1834,2,NO INDICATION OF INJURY,0,0,0,0,0,1,0,10,2,8,41.891134614,-87.6153220048,"{'type': 'Point', 'coordinates': [-87.6153220048, 41.891134614032]}",,,Y,,,,,,,
567311b2a0d64d188e66c3b4696ca1c3555ec5b6144270b026e44f939626b283ff806b555fe1708bfd3f92c757e517f12fcf523797f5a3e66a5803ad1de0142a,2025-08-11T10:22:00.000,30,NO CONTROLS,NO CONTROLS,CLEAR,DAYLIGHT,SIDESWIPE SAME DIRECTION,ONE-WAY,STRAIGHT AND LEVEL,DRY,NO DEFECTS,NOT ON SCENE (DESK REPORT),NO INJURY / DRIVE AWAY,,"OVER $1,500",2025-08-12T10:00:00.000,UNABLE TO DETERMINE,UNABLE TO DETERMINE,10000,W,OHARE ST,1651,2,NO INDICATION OF INJURY,0,0,0,0,0,2,0,10,2,8,41.976201139,-87.9053091251,"{'type': 'Point', 'coordinates': [-87.905309125103, 41.976201139024]}",,,,,,,,,,
97970d0dfe96e1cb7ed5fd9185898b7d71b6c20101261e9fd9c3443f312ba619f639d5eea9a2ff6970c6834b995efd747dc663644b8595064d11b01a87bdf57c,2025-08-11T10:20:00.000,10,NO CONTROLS,NO CONTROLS,CLEAR,DAYLIGHT,PARKED MOTOR VEHICLE,PARKING LOT,STRAIGHT AND LEVEL,DRY,NO DEFECTS,NOT ON SCENE (DESK REPORT),NO INJURY / DRIVE AWAY,,"OVER $1,500",2025-08-11T19:29:00.000,UNABLE TO DETERMINE,UNABLE TO DETERMINE,520,W,24TH PL,914,2,NO INDICATION OF INJURY,0,0,0,0,0,2,0,10,2,8,41.8482371659,-87.6409555275,"{'type': 'Point', 'coordinates': [-87.64095552752, 41.848237165925]}",,,,,,,,,,
32d377ab04d419508bc8e481ed3be58542e0249ff7013922692282756343a5985a7147fa0dd9b7510a6bb2d0554f3acfcb5a18c94bab26853179d52d168a803b,2025-08-11T10:16:00.000,30,STOP SIGN/FLASHER,FUNCTIONING PROPERLY,CLEAR,DAYLIGHT,TURNING,NOT DIVIDED,STRAIGHT AND LEVEL,DRY,UNKNOWN,ON SCENE,INJURY AND / OR TOW DUE TO CRASH,Y,"OVER $1,500",2025-08-11T10:18:00.000,UNABLE TO DETERMINE,UNABLE TO DETERMINE,6900,S,COTTAGE GROVE AVE,321,2,"REPORTED, NOT EVIDENT",3,0,0,0,3,1,0,10,2,8,41.7694511713,-87.6058302165,"{'type': 'Point', 'coordinates': [-87.605830216477, 41.769451171337]}",,,,,,,,,,
3fdc3c50f31c07ed7e471d35d6d79d4fd47bde5f476f9760451def060fc3bb491279b6ef1101c8b4d323430f8ba96e3c7ac7d3245ea9c112c73967b688ec12a7,2025-08-11T10:15:00.000,30,TRAFFIC SIGNAL,UNKNOWN,UNKNOWN,DAYLIGHT,PARKED MOTOR VEHICLE,NOT DIVIDED,STRAIGHT AND LEVEL,UNKNOWN,UNKNOWN,NOT ON SCENE (DESK REPORT),NO INJURY / DRIVE AWAY,,"OVER $1,500",2025-08-12T07:15:00.000,UNABLE TO DETERMINE,UNABLE TO DETERMINE,500,N,PESHTIGO CT,1834,2,NO INDICATION OF INJURY,0,0,0,0,0,1,0,10,2,8,41.891134614,-87.6153220048,"{'type': 'Point', 'coordinates': [-87.6153220048, 41.891134614032]}",,,Y,,,,,,,
a475bc786dc428970de608f7ec97efb17903c46418d6a900d367f65e9d90bda5599055e6449bff90df7151f9f4cb2313aca80ecfd35e7cef3ef7cecb13d92652,2025-08-11T09:59:00.000,30,NO CONTROLS,NO CONTROLS,CLEAR,DAYLIGHT,SIDESWIPE SAME DIRECTION,DIVIDED - W/MEDIAN (NOT RAISED),STRAIGHT AND LEVEL,DRY,NO DEFECTS,ON SCENE,NO INJURY / DRIVE AWAY,,"$501 - $1,500",2025-08-11T09:59:00.000,DRIVING SKILLS/KNOWLEDGE/EXPERIENCE,NOT APPLICABLE,325,S,PAULINA ST,1231,2,NO INDICATION OF INJURY,0,0,0,0,0,2,0,9,2,8,41.8768036268,-87.6690235087,"{'type': 'Point', 'coordinates': [-87.669023508747, 41.876803626771]}",,,,,Y,,,,,
523aa5c646a57db507ccc1b7a95f1cc68e18b99257fe279d25df4bd6465d33f20807347b2806a7b3c1a17163d81b45ac60c47bc988da00fd6a69c278bc682797,2025-08-11T09:50:00.000,30,UNKNOWN,UNKNOWN,CLEAR,DAYLIGHT,ANGLE,ONE-WAY,STRAIGHT AND LEVEL,DRY,UNKNOWN,ON SCENE,NO INJURY / DRIVE AWAY,,"OVER $1,500",2025-08-11T11:00:00.000,UNABLE TO DETERMINE,UNABLE TO DETERMINE,3244,W,ARDMORE AVE,1711,2,NO INDICATION OF INJURY,0,0,0,0,0,3,0,9,2,8,41.9867895889,-87.7109576191,"{'type': 'Point', 'coordinates': [-87.710957619074, 41.986789588916]}",,,,,,,,,,
40962d33962e0a0055c5048dfe2c3dc1dbd9c446db7301e9b0e0e36f0825642823083290686508c184778a0c22125b06256459cfaa5d691a75c720f56c1167e6,2025-08-11T09:45:00.000,30,NO CONTROLS,NO CONTROLS,CLEAR,DAYLIGHT,PARKED MOTOR VEHICLE,PARKING LOT,STRAIGHT AND LEVEL,UNKNOWN,UNKNOWN,NOT ON SCENE (DESK REPORT),NO INJURY / DRIVE AWAY,,"$501 - $1,500",2025-08-11T13:37:00.000,UNABLE TO DETERMINE,NOT APPLICABLE,3241,W,PETERSON AVE,1711,2,NO INDICATION OF INJURY,0,0,0,0,0,3,0,9,2,8,41.9902548481,-87.7107632435,"{'type': 'Point', 'coordinates': [-87.710763243534, 41.990254848132]}",,,Y,,,,,,,
812fce7138346d802d4c2f9975ea9ec4adbba72cfb3571e66dc9c2ce0dc14300909ce30b3e7a4d2182ecd4e46c8fb157fd0ab98867a5bbc298db64e74eddc276,2025-08-11T09:37:00.000,20,UNKNOWN,UNKNOWN,UNKNOWN,UNKNOWN,REAR TO FRONT,PARKING LOT,STRAIGHT AND LEVEL,UNKNOWN,UNKNOWN,NOT ON SCENE (DESK REPORT),NO INJURY / DRIVE AWAY,,"OVER $1,500",2025-08-11T17:45:00.000,NOT APPLICABLE,NOT APPLICABLE,600,E,GRAND AVE,1834,2,NO INDICATION OF INJURY,0,0,0,0,0,2,0,9,2,8,41.8920941369,-87.6115698839,"{'type': 'Point', 'coordinates': [-87.611569883947, 41.892094136862]}",,,,,,,,,,
1f2a4592c9255a46a92b63831dfea3f71ae4634fdecd1bacf4e4136d9974044915263c804007f1c24446bafa77aff3bd758e52b8c11c2ea75c3e9e2db7427590,2025-08-11T09:30:00.000,30,UNKNOWN,UNKNOWN,CLEAR,DAYLIGHT,REAR TO FRONT,PARKING LOT,STRAIGHT AND LEVEL,DRY,NO DEFECTS,NOT ON SCENE (DESK REPORT),NO INJURY / DRIVE AWAY,,"OVER $1,500",2025-08-11T11:30:00.000,FOLLOWING TOO CLOSELY,IMPROPER BACKING,7838,S,COTTAGE GROVE AVE,624,2,NO INDICATION OF INJURY,0,0,0,0,0,2,0,9,2,8,41.7519405033,-87.6053680818,"{'type': 'Point', 'coordinates': [-87.605368081793, 41.751940503348]}",,,Y,,,,,,,
19893c5c147d3648216ada5e9dcca2e0e129f7f4d963a858d5641eae7f2600c17ceecb11ca63aa1402c5ae5bb1b8bbbef708770025c0a9732164c0c033085688,2025-08-11T09:00:00.000,35,NO CONTROLS,NO CONTROLS,CLEAR,DAYLIGHT,OTHER OBJECT,NOT DIVIDED,STRAIGHT AND LEVEL,DRY,NO DEFECTS,ON SCENE,NO INJURY / DRIVE AWAY,,"OVER $1,500",2025-08-11T09:30:00.000,EQUIPMENT - VEHICLE CONDITION,NOT APPLICABLE,9621,S,COTTAGE GROVE AVE,511,1,NO INDICATION OF INJURY,0,0,0,0,0,1,0,9,2,8,41.7195355439,-87.6036153306,"{'type': 'Point', 'coordinates': [-87.603615330586, 41.719535543871]}",Y,,Y,,,,,,,
f9df9666dc79cc821b0306ee95497016bb38860b53a889a3abde9e45319b9d95e3beb327cd33f06511cd39d6a2e2387e8229357096818221e816c215e6618781,2025-08-11T09:00:00.000,35,NO CONTROLS,NO CONTROLS,CLEAR,DAYLIGHT,PARKED MOTOR VEHICLE,NOT DIVIDED,STRAIGHT AND LEVEL,DRY,NO DEFECTS,NOT ON SCENE (DESK REPORT),NO INJURY / DRIVE AWAY,,"$501 - $1,500",2025-08-11T13:30:00.000,UNABLE TO DETERMINE,UNABLE TO DETERMINE,4500,N,LONG AVE,1623,2,NO INDICATION OF INJURY,0,0,0,0,0,1,0,9,2,8,41.9624543349,-87.7625442574,"{'type': 'Point', 'coordinates': [-87.762544257377, 41.962454334851]}",,,Y,,,,,,,
ae5e903957a037506fe517568bf2c204ef0e473a361ff7bb7c1316f8857b14746f2a0b528ce6ce0313d4bd4d73116bacc75655582970a12b25c16e3d75d0b797,2025-08-11T08:55:00.000,30,STOP SIGN/FLASHER,NO CONTROLS,CLEAR,DAYLIGHT,PARKED MOTOR VEHICLE,DIVIDED - W/MEDIAN (NOT RAISED),STRAIGHT AND LEVEL,DRY,NO DEFECTS,ON SCENE,NO INJURY / DRIVE AWAY,,"OVER $1,500",2025-08-11T09:21:00.000,UNABLE TO DETERMINE,NOT APPLICABLE,4130,W,16TH ST,1012,2,NO INDICATION OF INJURY,0,0,0,0,0,1,0,8,2,8,41.8589353826,-87.7284922835,"{'type': 'Point', 'coordinates': [-87.728492283488, 41.8589353826]}",,,Y,,,,,,,
e085b5aefd9e6fad89c79fb2b6a1f066752e9ac6b879f0a5f1da0115622f8dc7c23b3708d23f36440782838fd6b0c8e1662c934c825af4dfd2fdfb4db7800b28,2025-08-11T08:50:00.000,30,NO CONTROLS,NO CONTROLS,CLEAR,DAYLIGHT,TURNING,NOT DIVIDED,STRAIGHT AND LEVEL,DRY,NO DEFECTS,NOT ON SCENE (DESK REPORT),NO INJURY / DRIVE AWAY,,"$501 - $1,500",2025-08-11T09:07:00.000,FAILING TO YIELD RIGHT-OF-WAY,NOT APPLICABLE,4300,S,KEDZIE AVE,821,2,NO INDICATION OF INJURY,0,0,0,0,0,2,0,8,2,8,41.8153520373,-87.704406263,"{'type': 'Point', 'coordinates': [-87.704406262956, 41.815352037319]}",,,,,,,,,,
a09724ea35ec108ab5ff1d04bbe2d9da05a21be1920e476a6163890edf82296abee7b91484c96cff09adbed543f686acf42d7c69a145203f3d9ee499103ecdd9,2025-08-11T08:49:00.000,30,NO CONTROLS,NO CONTROLS,CLEAR,DAYLIGHT,PARKED MOTOR VEHICLE,NOT DIVIDED,STRAIGHT AND LEVEL,DRY,NO DEFECTS,ON SCENE,NO INJURY / DRIVE AWAY,,"$501 - $1,500",2025-08-11T08:54:00.000,UNABLE TO DETERMINE,UNABLE TO DETERMINE,622,N,ST LOUIS AVE,1121,2,NO INDICATION OF INJURY,0,0,0,0,0,1,0,8,2,8,41.8925570108,-87.7139331594,"{'type': 'Point', 'coordinates': [-87.71393315936, 41.892557010789]}",,,,,,,,,,
9107e0fbf9d9cd2292e11c8c6cb0c2ab331299ef079487c9af6c18607620edb06086b419db579ceccbf75de022ccdb0ae28bbb8218782d26f45df509fdf3c5e0,2025-08-11T08:34:00.000,30,TRAFFIC SIGNAL,UNKNOWN,CLEAR,DAYLIGHT,SIDESWIPE SAME DIRECTION,FOUR WAY,STRAIGHT AND LEVEL,DRY,UNKNOWN,ON SCENE,NO INJURY / DRIVE AWAY,,"OVER $1,500",2025-08-11T08:43:00.000,UNABLE TO DETERMINE,UNABLE TO DETERMINE,8658,S,PULASKI RD,834,2,NO INDICATION OF INJURY,0,0,0,0,0,2,0,8,2,8,41.7348942818,-87.7215864186,"{'type': 'Point', 'coordinates': [-87.721586418622, 41.734894281755]}",,,Y,,,,,,,
2a45250e28512f081cc4675df340acc2a807d6903694671625d0f63eabb0bb0d76b570d78e51a2c18beaa2dde98aa9a0ec9dfbd00456466eb17a874cc145c306,2025-08-11T08:30:00.000,30,NO CONTROLS,NO CONTROLS,CLEAR,DAYLIGHT,SIDESWIPE SAME DIRECTION,DIVIDED - W/MEDIAN (NOT RAISED),STRAIGHT AND LEVEL,UNKNOWN,UNKNOWN,NOT ON SCENE (DESK REPORT),NO INJURY / DRIVE AWAY,,"$501 - $1,500",2025-08-11T15:35:00.000,UNABLE TO DETERMINE,NOT APPLICABLE,4500,S,LAKE SHORE DR NB,222,2,NO INDICATION OF INJURY,0,0,0,0,0,2,0,8,2,8,41.8141929265,-87.5930111758,"{'type': 'Point', 'coordinates': [-87.5930111758, 41.814192926512]}",,,,,,,,,,
3cedb0f264d5cb11ca26a163f3a555cbc502a28df030784e9a9a5b04cea87f6523740cb1924ce6c5825f32549814bac69da123a0fbf1994f9798c046bf42c36e,2025-08-11T08:25:00.000,10,NO CONTROLS,NO CONTROLS,CLEAR,DAYLIGHT,PARKED MOTOR VEHICLE,NOT DIVIDED,STRAIGHT AND LEVEL,DRY,NO DEFECTS,NOT ON SCENE (DESK REPORT),NO INJURY / DRIVE AWAY,,"OVER $1,500",2025-08-11T10:35:00.000,FOLLOWING TOO CLOSELY,DRIVING SKILLS/KNOWLEDGE/EXPERIENCE,8359,W,ADDISON ST,1631,2,NO INDICATION OF INJURY,0,0,0,0,0,1,0,8,2,8,41.9446528361,-87.8363646003,"{'type': 'Point', 'coordinates': [-87.836364600258, 41.94465283609]}",Y,,,,,,,,,
0a4c8766a1209a8c8d7a68d4f0ad0cdd52f893a47a1c37115e7824d15349350b945d53d00fec65a13018834be3e02ce87cd2c454f387c093ecf8905eae9d3bd2,2025-08-11T08:20:00.000,30,NO CONTROLS,NO CONTROLS,CLEAR,DAYLIGHT,SIDESWIPE SAME DIRECTION,ONE-WAY,STRAIGHT AND LEVEL,DRY,NO DEFECTS,NOT ON SCENE (DESK REPORT),NO INJURY / DRIVE AWAY,,"OVER $1,500",2025-08-11T08:30:00.000,IMPROPER OVERTAKING/PASSING,IMPROPER OVERTAKING/PASSING,7610,S,WOLCOTT AVE,611,2,NO INDICATION OF INJURY,0,0,0,0,0,2,0,8,2,8,41.7553496755,-87.6709972032,"{'type': 'Point', 'coordinates': [-87.670997203152, 41.755349675486]}",,,Y,,,,,,,
515d5ec2ef897a757a46a75ac4ad7383a55a221f11cdad0105db80258db37c4a54a760d9424c0fee13b0d0f62639ffaabaea59aebf55c90865ffb712ff46eaeb,2025-08-11T08:20:00.000,30,TRAFFIC SIGNAL,FUNCTIONING PROPERLY,CLEAR,DAYLIGHT,REAR END,DIVIDED - W/MEDIAN (NOT RAISED),STRAIGHT AND LEVEL,DRY,NO DEFECTS,NOT ON SCENE (DESK REPORT),INJURY AND / OR TOW DUE TO CRASH,,"OVER $1,500",2025-08-11T10:30:00.000,FOLLOWING TOO CLOSELY,NOT APPLICABLE,500,N,LAKE SHORE DR,1834,2,NO INDICATION OF INJURY,0,0,0,0,0,3,0,8,2,8,41.8911183327,-87.6143846846,"{'type': 'Point', 'coordinates': [-87.614384684631, 41.891118332732]}",,,,,,,,,,
4ed17f4292f32c5f6f34ece90ad1945fce80b0ab8a3202d7af4f7ff818819d032ac5d1714e4116c16270ddccb7868b4f19e864b2cb20db14f46d74c6db11ab36,2025-08-11T08:16:00.000,30,TRAFFIC SIGNAL,FUNCTIONING PROPERLY,CLEAR,DAYLIGHT,REAR END,T-INTERSECTION,STRAIGHT AND LEVEL,DRY,NO DEFECTS,ON SCENE,INJURY AND / OR TOW DUE TO CRASH,Y,$500 OR LESS,2025-08-11T08:17:00.000,UNABLE TO DETERMINE,UNABLE TO DETERMINE,9460,S,COTTAGE GROVE AVE,633,2,"REPORTED, NOT EVIDENT",2,0,0,0,2,1,0,8,2,8,41.7221818341,-87.6046298853,"{'type': 'Point', 'coordinates': [-87.604629885276, 41.722181834102]}",,,,,,,,,,
7b31f706d9a0f90574c0070f1838c4c1fbe80963f059b45946f306da2eb336da7c36ee20f5837e3fbb2f8e2d3afb00cffa7525502564305abebdaaf710c8f9c4,2025-08-11T08:15:00.000,30,TRAFFIC SIGNAL,FUNCTIONING PROPERLY,UNKNOWN,DAYLIGHT,TURNING,DIVIDED - W/MEDIAN (NOT RAISED),STRAIGHT AND LEVEL,UNKNOWN,UNKNOWN,NOT ON SCENE (DESK REPORT),INJURY AND / OR TOW DUE TO CRASH,Y,"OVER $1,500",2025-08-11T12:10:00.000,UNABLE TO DETERMINE,NOT APPLICABLE,2416,S,BLUE ISLAND AVE,1034,2,NO INDICATION OF INJURY,0,0,0,0,0,2,0,8,2,8,41.8484586334,-87.6762712691,"{'type': 'Point', 'coordinates': [-87.676271269123, 41.848458633353]}",,,,,,,,,,
f6d9094814122c74373401dcd06fe3556a471106c134bc192e2958663e5e16cf97c908da75fb7399953f4b45ec5c643f9b410b6ef039f3d6f62c6bcf17c34a43,2025-08-11T07:59:00.000,30,NO CONTROLS,NO CONTROLS,RAIN,DAYLIGHT,SIDESWIPE SAME DIRECTION,NOT DIVIDED,STRAIGHT AND LEVEL,DRY,NO DEFECTS,ON SCENE,NO INJURY / DRIVE AWAY,,"OVER $1,500",2025-08-11T08:06:00.000,UNABLE TO DETERMINE,NOT APPLICABLE,1666,W,PRATT BLVD,2431,2,NO INDICATION OF INJURY,0,0,0,0,0,3,0,7,2,8,42.0054528054,-87.6725271388,"{'type': 'Point', 'coordinates': [-87.672527138831, 42.005452805385]}",,,,,,,,,,
9c002484666c6f68b70039c0f0eabc4808662d9849a8f1ac85d470a5b839e1be503080f25bd29990f80e236a9c321ae2bb6c6ec5f699f0a30ea89096f79f1821,2025-08-11T07:45:00.000,15,NO CONTROLS,NO CONTROLS,CLEAR,DAYLIGHT,PARKED MOTOR VEHICLE,ONE-WAY,STRAIGHT AND LEVEL,UNKNOWN,NO DEFECTS,ON SCENE,NO INJURY / DRIVE AWAY,,"$501 - $1,500",2025-08-11T08:00:00.000,UNABLE TO DETERMINE,NOT APPLICABLE,3601,W,LE MOYNE ST,2535,2,NO INDICATION OF INJURY,0,0,0,0,0,1,0,7,2,8,41.9080709514,-87.7168103645,"{'type': 'Point', 'coordinates': [-87.716810364475, 41.908070951419]}",,N,Y,,Y,,,,,
7289f44d3df45cc3c6f87ddc8b55fca6aec92d578838b7a042386ba892eb7fc8217e3ba1a38d4fccdae3f473853f589a1de8220e4688f93257d517f12d0e56a4,2025-08-11T07:40:00.000,30,NO CONTROLS,NO CONTROLS,CLEAR,DAYLIGHT,SIDESWIPE SAME DIRECTION,NOT DIVIDED,STRAIGHT AND LEVEL,UNKNOWN,UNKNOWN,NOT ON SCENE (DESK REPORT),NO INJURY / DRIVE AWAY,,"OVER $1,500",2025-08-11T08:30:00.000,FAILING TO YIELD RIGHT-OF-WAY,FAILING TO YIELD RIGHT-OF-WAY,651,W,DIVERSEY PKWY,1935,2,NO INDICATION OF INJURY,0,0,0,0,0,3,0,7,2,8,41.9326772021,-87.6455777466,"{'type': 'Point', 'coordinates': [-87.645577746619, 41.932677202101]}",,,,,,,,,,
79a8aa04fbdd0d9310d795b52bb80786e1a1f6fc04765ef050c5ada76d6bff2f36e0cb6fb155535243829e8a380cde33ecd8b21d201289ed66d2f1edc995852f,2025-08-11T07:33:00.000,30,TRAFFIC SIGNAL,FUNCTIONING PROPERLY,CLEAR,DAYLIGHT,REAR END,NOT DIVIDED,STRAIGHT AND LEVEL,DRY,NO DEFECTS,NOT ON SCENE (DESK REPORT),NO INJURY / DRIVE AWAY,,"OVER $1,500",2025-08-11T07:40:00.000,FOLLOWING TOO CLOSELY,NOT APPLICABLE,310,S,LARAMIE AVE,1522,2,NO INDICATION OF INJURY,0,0,0,0,0,2,0,7,2,8,41.8762713566,-87.755060524,"{'type': 'Point', 'coordinates': [-87.755060524047, 41.876271356589]}",,,,,,,,,,