crash_record_id,crash_date,posted_speed_limit,traffic_control_device,device_condition,weather_condition,lighting_condition,first_crash_type,trafficway_type,alignment,roadway_surface_cond,road_defect,report_type,crash_type,intersection_related_i,damage,date_police_notified,prim_contributory_cause,sec_contributory_cause,street_no,street_direction,street_name,beat_of_occurrence,num_units,most_severe_injury,injuries_total,injuries_fatal,injuries_incapacitating,injuries_non_incapacitating,injuries_reported_not_evident,injuries_no_indication,injuries_unknown,crash_hour,crash_day_of_week,crash_month,latitude,longitude,location,private_property_i,photos_taken_i,hit_and_run_i,statements_taken_i,crash_date_est_i,work_zone_i,work_zone_type,dooring_i,lane_cnt,workers_present_i
522c93fc575eed2b8ef47846e689bf95b2cb654f213c6f5f9cac3152c0bf611a39b50c9cbe2bb01b3b8e01b633152a08c109d1730c2439eeae1cd337b233b9fd,2025-08-11T07:25:00.000,30,NO CONTROLS,NO CONTROLS,CLEAR,DAYLIGHT,PARKED MOTOR VEHICLE,NOT DIVIDED,STRAIGHT AND LEVEL,DRY,NO DEFECTS,ON SCENE,NO INJURY / DRIVE AWAY,,"$501 - $1,500",2025-08-11T07:27:00.000,UNABLE TO DETERMINE,UNABLE TO DETERMINE,3105,W,HURON ST,1221,2,NO INDICATION OF INJURY,0,0,0,0,0,1,0,7,2,8,41.8936377451,-87.7042840056,"{'type': 'Point', 'coordinates': [-87.704284005582, 41.893637745092]}",,,,,,,,,,
1774c3a196d62e08091cd2e1126d09a954c80b6a71294df66a72902274e669dfba030aca7bfac68d991e10172523f32822b43c74d698a76686d956a6da302f55,2025-08-11T07:20:00.000,30,TRAFFIC SIGNAL,FUNCTIONING PROPERLY,UNKNOWN,UNKNOWN,TURNING,DIVIDED - W/MEDIAN (NOT RAISED),STRAIGHT AND LEVEL,UNKNOWN,UNKNOWN,NOT ON SCENE (DESK REPORT),NO INJURY / DRIVE AWAY,Y,"OVER $1,500",2025-08-11T08:10:00.000,UNABLE TO DETERMINE,NOT APPLICABLE,3001,W,OGDEN AVE,1022,2,NO INDICATION OF INJURY,0,0,0,0,0,2,0,7,2,8,41.859458984,-87.7006690621,"{'type': 'Point', 'coordinates': [-87.70066906213, 41.859458983999]}",,,,,,,,,,
527487e9860d5e570cda8925f0d42b16ecbc66d57fb7487ab03c40ba8cf60354d374527b3b4cba3ee2ea5661a8b8e606b6d75d3b6e680da2bc3de8380be04e57,2025-08-11T06:57:00.000,30,NO CONTROLS,NO CONTROLS,CLEAR,DAYLIGHT,FIXED OBJECT,NOT DIVIDED,STRAIGHT AND LEVEL,DRY,NO DEFECTS,ON SCENE,INJURY AND / OR TOW DUE TO CRASH,,"OVER $1,500",2025-08-11T06:57:00.000,NOT APPLICABLE,NOT APPLICABLE,7641,S,GREENWOOD AVE,624,2,NO INDICATION OF INJURY,0,0,0,0,0,1,0,6,2,8,41.7557053115,-87.5978757375,"{'type': 'Point', 'coordinates': [-87.597875737464, 41.755705311526]}",,,,,,,,,,
a08de66b2e85f64a33aad46a6c576040e40384a70967e04951b4ea9d0199d11394409be6449635c9792df30d14ada45d5681b0c972684ed34a4fcab7fbf0f6bc,2025-08-11T06:43:00.000,30,NO CONTROLS,NO CONTROLS,CLEAR,DAYLIGHT,REAR END,NOT DIVIDED,STRAIGHT AND LEVEL,DRY,NO DEFECTS,NOT ON SCENE (DESK REPORT),INJURY AND / OR TOW DUE TO CRASH,,"OVER $1,500",2025-08-11T15:20:00.000,FOLLOWING TOO CLOSELY,NOT APPLICABLE,4800,W,63RD ST,813,2,NONINCAPACITATING INJURY,1,0,0,1,0,1,0,6,2,8,41.7785380711,-87.7423558784,"{'type': 'Point', 'coordinates': [-87.74235587842, 41.778538071066]}",,,,,,,,,,
58042f4dbbd5babbb1ded1760d7abc2b4e96346430b94fc770209925528c4ddbe97672696ea17800d7a9b726783bc2e53865a8070721ac366e7128b0181b77d4,2025-08-11T06:40:00.000,20,NO CONTROLS,NO CONTROLS,CLEAR,DAYLIGHT,SIDESWIPE SAME DIRECTION,NOT DIVIDED,STRAIGHT AND LEVEL,DRY,NO DEFECTS,NOT ON SCENE (DESK REPORT),NO INJURY / DRIVE AWAY,,"OVER $1,500",2025-08-11T07:45:00.000,IMPROPER LANE USAGE,NOT APPLICABLE,875,N,MICHIGAN AVE,1833,2,NO INDICATION OF INJURY,0,0,0,0,0,2,0,6,2,8,41.8989485417,-87.6239749877,"{'type': 'Point', 'coordinates': [-87.62397498769, 41.89894854173]}",,,,,,,,,,
ff3015714725a13044b2c02f49dc4e69bfeb6afefcc827e17e6f9bc7b9e1d6548b39c7c077ac52433c0c664a2e94629204d4dbdfb55fbfdc43eeb07cd5a94bba,2025-08-11T06:15:00.000,30,NO CONTROLS,NO CONTROLS,CLEAR,DAYLIGHT,SIDESWIPE SAME DIRECTION,NOT DIVIDED,STRAIGHT AND LEVEL,DRY,NO DEFECTS,NOT ON SCENE (DESK REPORT),NO INJURY / DRIVE AWAY,,"OVER $1,500",2025-08-11T06:30:00.000,IMPROPER OVERTAKING/PASSING,IMPROPER OVERTAKING/PASSING,4828,N,WESTERN AVE,2031,2,NO INDICATION OF INJURY,0,0,0,0,0,2,0,6,2,8,41.9695015636,-87.689081096,"{'type': 'Point', 'coordinates': [-87.689081095988, 41.969501563625]}",,,,,,,,,,
8aa18944505425a564866bc1ab69833e3101ca76bc997e08a9ff880234ca5ea64ce824621c32f96235e830b6d01a0b7a4aabd1ae0044f0d6a84a72d79ebc72a2,2025-08-11T06:10:00.000,30,NO CONTROLS,NO CONTROLS,CLEAR,DAYLIGHT,SIDESWIPE SAME DIRECTION,DIVIDED - W/MEDIAN (NOT RAISED),STRAIGHT AND LEVEL,DRY,NO DEFECTS,NOT ON SCENE (DESK REPORT),NO INJURY / DRIVE AWAY,,"OVER $1,500",2025-08-11T06:30:00.000,UNABLE TO DETERMINE,NOT APPLICABLE,4852,N,WESTERN AVE,2031,2,NO INDICATION OF INJURY,0,0,0,0,0,2,0,6,2,8,41.9702035619,-87.6891056115,"{'type': 'Point', 'coordinates': [-87.689105611466, 41.970203561941]}",,,,,,,,,,
d8ad763d00471eac380ad607098fa0eefb150e943758d6fc4ea5c8a175cecc8dcda6726e358fd39207cc62eba52e15f4f5915608741ef4e8c0a089d02b3f7c11,2025-08-11T05:20:00.000,30,STOP SIGN/FLASHER,FUNCTIONING PROPERLY,CLEAR,DAYLIGHT,ANGLE,FOUR WAY,STRAIGHT AND LEVEL,DRY,NO DEFECTS,NOT ON SCENE (DESK REPORT),NO INJURY / DRIVE AWAY,Y,"OVER $1,500",2025-08-11T06:00:00.000,UNABLE TO DETERMINE,UNABLE TO DETERMINE,4232,W,55TH ST,815,2,NO INDICATION OF INJURY,0,0,0,0,0,2,0,5,2,8,41.7932597697,-87.7293509766,"{'type': 'Point', 'coordinates': [-87.72935097663, 41.793259769697]}",,,,,,,,,,
342fc0384757ae62e3d833e0abfac69399289ae80023d7bb914cb70dcaa58abc00d132c199bd031b9d17aed7f01621f87653421910ea420bcf33a9aa161c6c69,2025-08-11T05:15:00.000,30,NO CONTROLS,NO CONTROLS,CLEAR,DARKNESS,SIDESWIPE SAME DIRECTION,NOT DIVIDED,STRAIGHT AND LEVEL,DRY,UNKNOWN,ON SCENE,INJURY AND / OR TOW DUE TO CRASH,,"OVER $1,500",2025-08-11T06:50:00.000,IMPROPER LANE USAGE,NOT APPLICABLE,600,N,PULASKI RD,1111,3,NO INDICATION OF INJURY,0,0,0,0,0,3,0,5,2,8,41.891722404,-87.7261201868,"{'type': 'Point', 'coordinates': [-87.726120186754, 41.891722404049]}",,,Y,,,,,,,
9a452b90b91970582bde602a4d2956cca4d9ddcb99e8590a14aae8829febd24f60dcb9b20b40ab4a1d4704ff8a5637f58ca787b534dca6d09d39a5b18829c9b1,2025-08-11T04:38:00.000,30,STOP SIGN/FLASHER,NO CONTROLS,CLEAR,"DARKNESS, LIGHTED ROAD",ANGLE,NOT DIVIDED,STRAIGHT AND LEVEL,DRY,NO DEFECTS,ON SCENE,INJURY AND / OR TOW DUE TO CRASH,Y,"OVER $1,500",2025-08-11T04:38:00.000,UNABLE TO DETERMINE,FAILING TO YIELD RIGHT-OF-WAY,7600,S,STEWART AVE,621,2,NONINCAPACITATING INJURY,1,0,0,1,0,1,0,4,2,8,41.75616061,-87.634583596,"{'type': 'Point', 'coordinates': [-87.634583595966, 41.756160610031]}",,,,,,,,,,
e43fc72a698d7ebb3c77f4c3e858b4e8caf5f5dc12fc5472af33cf4b873e43aa757a9e94b9a698987685f196e52539cfc0ccc7b8234d5cde8bb3eea6774b7b27,2025-08-11T03:54:00.000,30,NO CONTROLS,NO CONTROLS,CLEAR,DUSK,PARKED MOTOR VEHICLE,ONE-WAY,STRAIGHT AND LEVEL,DRY,NO DEFECTS,ON SCENE,INJURY AND / OR TOW DUE TO CRASH,,"OVER $1,500",2025-08-11T03:54:00.000,DISTRACTION - FROM INSIDE VEHICLE,FAILING TO YIELD RIGHT-OF-WAY,6000,S,STONY ISLAND AVE,314,2,NO INDICATION OF INJURY,0,0,0,0,0,1,0,3,2,8,41.7860247351,-87.5867384664,"{'type': 'Point', 'coordinates': [-87.586738466448, 41.786024735096]}",N,,,,,,,,,
2b79d5f39f56d4e38fa6ccde89a605d266397c4b347969fda55f6c39d62956b6b17be9213cb43e919a4b57749e51bc203e2e98ece1f1712980e53d3f4ac408cb,2025-08-11T03:45:00.000,30,NO CONTROLS,NO CONTROLS,CLEAR,"DARKNESS, LIGHTED ROAD",FIXED OBJECT,NOT DIVIDED,STRAIGHT AND LEVEL,UNKNOWN,UNKNOWN,ON SCENE,INJURY AND / OR TOW DUE TO CRASH,,"OVER $1,500",2025-08-11T03:45:00.000,UNDER THE INFLUENCE OF ALCOHOL/DRUGS (USE WHEN ARREST IS EFFECTED),NOT APPLICABLE,6830,S,HALSTED ST,723,1,NONINCAPACITATING INJURY,1,0,0,1,0,0,0,3,2,8,41.7697157251,-87.6446747093,"{'type': 'Point', 'coordinates': [-87.644674709259, 41.769715725125]}",,,,,,,,,,
3013af67849a10dea8091e0faac6b48030e2de73fc4207bbc8315b151e495448684608e33858f968fec9d7e10b198859da13bb8eeef1de1cb025ab19a1eacff4,2025-08-11T03:05:00.000,30,NO CONTROLS,NO CONTROLS,CLEAR,DARKNESS,PARKED MOTOR VEHICLE,NOT DIVIDED,STRAIGHT AND LEVEL,DRY,NO DEFECTS,NOT ON SCENE (DESK REPORT),INJURY AND / OR TOW DUE TO CRASH,,"OVER $1,500",2025-08-11T03:12:00.000,DRIVING SKILLS/KNOWLEDGE/EXPERIENCE,DRIVING SKILLS/KNOWLEDGE/EXPERIENCE,621,W,FULLERTON PKWY,1812,3,NO INDICATION OF INJURY,0,0,0,0,0,2,0,3,2,8,41.9254091991,-87.6447920817,"{'type': 'Point', 'coordinates': [-87.644792081741, 41.925409199113]}",,,,,,,,,,
4e07c6c1bd6984c074710979f401637e66133e1bb8d3c160a1bf8ea0596e05673029f022a0b6c417faf1d1d86f7558fbf4d83c6082e4cbd45500523826e03fd4,2025-08-11T03:00:00.000,30,TRAFFIC SIGNAL,FUNCTIONING PROPERLY,CLEAR,"DARKNESS, LIGHTED ROAD",REAR END,NOT DIVIDED,STRAIGHT AND LEVEL,DRY,NO DEFECTS,NOT ON SCENE (DESK REPORT),NO INJURY / DRIVE AWAY,,"OVER $1,500",2025-08-11T16:00:00.000,FOLLOWING TOO CLOSELY,UNABLE TO DETERMINE,1601,S,HOMAN AVE,1021,2,NO INDICATION OF INJURY,0,0,0,0,0,2,0,3,2,8,41.8589362584,-87.7101833013,"{'type': 'Point', 'coordinates': [-87.710183301343, 41.858936258385]}",,,Y,,,,,,,
40615383e8795e721bec238099d1537a58862f889a3fb8f0503a94311666cf5af62dac4802d45fcb65631d4625df7976b6d572f1aed86bc8cc9022fb58f515cb,2025-08-11T02:55:00.000,30,TRAFFIC SIGNAL,FUNCTIONING IMPROPERLY,CLEAR,"DARKNESS, LIGHTED ROAD",REAR END,DIVIDED - W/MEDIAN (NOT RAISED),STRAIGHT AND LEVEL,DRY,NO DEFECTS,ON SCENE,INJURY AND / OR TOW DUE TO CRASH,,"OVER $1,500",2025-08-11T02:58:00.000,FOLLOWING TOO CLOSELY,FOLLOWING TOO CLOSELY,3359,W,CHICAGO AVE,1121,2,NONINCAPACITATING INJURY,1,0,0,1,0,1,0,2,2,8,41.8953980715,-87.7112947982,"{'type': 'Point', 'coordinates': [-87.711294798165, 41.895398071531]}",,,,,,,,,,
c4ba3299596eeab6b3dd4a9549228e6a44c207a97955dfefec370c12c0d6bf67b72dc16bd603ddf89ebd2f689af20f09512597c39fdec81fd66eda8067edbe14,2025-08-11T02:40:00.000,30,NO CONTROLS,NO CONTROLS,CLEAR,DAYLIGHT,SIDESWIPE SAME DIRECTION,DIVIDED - W/MEDIAN (NOT RAISED),STRAIGHT AND LEVEL,DRY,NO DEFECTS,NOT ON SCENE (DESK REPORT),NO INJURY / DRIVE AWAY,,"OVER $1,500",2025-08-11T23:00:00.000,UNABLE TO DETERMINE,NOT APPLICABLE,4400,S,PULASKI RD,815,2,NO INDICATION OF INJURY,0,0,0,0,0,2,0,2,2,8,41.8132715982,-87.7239352143,"{'type': 'Point', 'coordinates': [-87.723935214329, 41.813271598175]}",,,,,,,,,,
8ea1b1959cb1dfea67b5a9815c0006edbc1a8ffe7db73323584d40dc0828c1acc23147fa436968d0fa1312dad2c0f2c24b23eea7714a3820acb161ddc540d52d,2025-08-11T02:35:00.000,30,NO CONTROLS,NO CONTROLS,CLEAR,"DARKNESS, LIGHTED ROAD",PARKED MOTOR VEHICLE,ONE-WAY,STRAIGHT AND LEVEL,UNKNOWN,NO DEFECTS,ON SCENE,NO INJURY / DRIVE AWAY,,"OVER $1,500",2025-08-11T04:00:00.000,UNABLE TO DETERMINE,NOT APPLICABLE,1032,N,RIDGEWAY AVE,1112,2,NO INDICATION OF INJURY,0,0,0,0,0,1,0,2,2,8,41.9000682211,-87.7202724021,"{'type': 'Point', 'coordinates': [-87.720272402111, 41.900068221065]}",,,Y,,,,,,,
d17c47c824f8973ad75fcffa23acb5089fdd3bc5598c62b2fd5f2c62529d9b8fddb3c0ddb2928082943a8ce2c0c051487fb7c78b8835bd025e4030322d7b19cc,2025-08-11T02:25:00.000,30,NO CONTROLS,NO CONTROLS,CLEAR,"DARKNESS, LIGHTED ROAD",SIDESWIPE SAME DIRECTION,NOT DIVIDED,STRAIGHT AND LEVEL,DRY,NO DEFECTS,ON SCENE,INJURY AND / OR TOW DUE TO CRASH,N,"OVER $1,500",2025-08-11T02:25:00.000,DRIVING SKILLS/KNOWLEDGE/EXPERIENCE,DRIVING SKILLS/KNOWLEDGE/EXPERIENCE,4925,N,CENTRAL AVE,1623,2,NONINCAPACITATING INJURY,1,0,0,1,0,1,0,2,2,8,41.970295681,-87.7674118832,"{'type': 'Point', 'coordinates': [-87.767411883174, 41.970295680968]}",,,,,,,,,,
37eb377b2cc412bb2a86aeb1e64eab323edab97a2741e2c17109a40e93e7cda8c5dac2d4a18519e57b8cd87d90455be47c9c2ebed22ec8c50d075c1e95824b73,2025-08-11T01:51:00.000,30,NO CONTROLS,NO CONTROLS,CLEAR,"DARKNESS, LIGHTED ROAD",PARKED MOTOR VEHICLE,ONE-WAY,STRAIGHT AND LEVEL,DRY,NO DEFECTS,ON SCENE,NO INJURY / DRIVE AWAY,,"OVER $1,500",2025-08-11T01:51:00.000,UNABLE TO DETERMINE,NOT APPLICABLE,2509,N,RUTHERFORD AVE,2512,2,NO INDICATION OF INJURY,0,0,0,0,0,1,0,1,2,8,41.9257504915,-87.7939378093,"{'type': 'Point', 'coordinates': [-87.793937809335, 41.925750491527]}",,,Y,,,,,,,
9eb3d439a2ed120382dec10578875ed39c7e07ecdbab9d27ec42fbf3b4804bc0bf4790cfed66922ee1c87f0f8fac2127bc39943e37227ef6bb215b730f8983f6,2025-08-11T01:47:00.000,30,NO CONTROLS,NO CONTROLS,CLEAR,"DARKNESS, LIGHTED ROAD",REAR TO FRONT,NOT DIVIDED,STRAIGHT AND LEVEL,DRY,NO DEFECTS,ON SCENE,NO INJURY / DRIVE AWAY,,"$501 - $1,500",2025-08-11T01:47:00.000,NOT APPLICABLE,NOT APPLICABLE,1147,W,BALMORAL AVE,2023,2,NO INDICATION OF INJURY,0,0,0,0,0,2,0,1,2,8,41.9798627693,-87.6598628735,"{'type': 'Point', 'coordinates': [-87.659862873512, 41.979862769317]}",,,,,,,,,,
4a3a7309592d71b14a98b753837a539fd3a104ee7eb74b5b932f42c93742eae5f6595ca1f586df34012608f984f7b2cc202d4d02a83dfec3a3eae49cd48e96ef,2025-08-11T01:14:00.000,30,TRAFFIC SIGNAL,FUNCTIONING PROPERLY,CLEAR,"DARKNESS, LIGHTED ROAD",REAR END,NOT DIVIDED,STRAIGHT AND LEVEL,DRY,NO DEFECTS,ON SCENE,NO INJURY / DRIVE AWAY,Y,"$501 - $1,500",2025-08-11T01:25:00.000,UNABLE TO DETERMINE,UNABLE TO DETERMINE,2200,W,DEVON AVE,2412,2,NO INDICATION OF INJURY,0,0,0,0,0,3,0,1,2,8,41.9979215809,-87.6850747999,"{'type': 'Point', 'coordinates': [-87.685074799889, 41.997921580923]}",,,Y,,,,,,,
e348df21e7ef275bf1374c68d51cc0c2d664f6d370a64376667f6ca7ffb17858c3012fc25292c2616ecc4dfe9cea822540261ba3b5ed8e1b5b8e7afa517ea50a,2025-08-11T01:06:00.000,30,NO CONTROLS,NO CONTROLS,UNKNOWN,"DARKNESS, LIGHTED ROAD",PARKED MOTOR VEHICLE,FOUR WAY,STRAIGHT AND LEVEL,UNKNOWN,NO DEFECTS,ON SCENE,INJURY AND / OR TOW DUE TO CRASH,,"OVER $1,500",2025-08-11T14:32:00.000,FOLLOWING TOO CLOSELY,NOT APPLICABLE,916,E,76TH ST,624,2,NO INDICATION OF INJURY,0,0,0,0,0,1,0,1,2,8,41.7569034294,-87.602162407,"{'type': 'Point', 'coordinates': [-87.602162407034, 41.75690342936]}",,,Y,,,,,,,
c8c6fef29cbac509eb95f83c85d4ae113960cb625f228dd0d30a4645d490166d166cdb4717106fe00d4cb1a324ece3f7bc6361832e92ef53875597c4a7c7e1fe,2025-08-11T00:48:00.000,30,NO CONTROLS,NO CONTROLS,CLEAR,"DARKNESS, LIGHTED ROAD",HEAD ON,DIVIDED - W/MEDIAN BARRIER,STRAIGHT AND LEVEL,DRY,NO DEFECTS,,INJURY AND / OR TOW DUE TO CRASH,,"OVER $1,500",2025-08-11T01:14:00.000,DRIVING ON WRONG SIDE/WRONG WAY,UNDER THE INFLUENCE OF ALCOHOL/DRUGS (USE WHEN ARREST IS EFFECTED),2567,E,130TH ST,434,2,INCAPACITATING INJURY,2,0,1,1,0,0,0,0,2,8,41.6590536699,-87.5611404133,"{'type': 'Point', 'coordinates': [-87.561140413257, 41.659053669851]}",,,,,,,,,,
2f7a0debbf6044030695a0d7f3d6e90e814345fc76fb2eec5cccbe33f05592c54c7bcb0844ac3fff33e3b0baf07e691127dddec5ace7b43a8b30d08779c774a2,2025-08-11T00:33:00.000,25,UNKNOWN,UNKNOWN,CLEAR,DARKNESS,SIDESWIPE SAME DIRECTION,NOT DIVIDED,STRAIGHT AND LEVEL,DRY,UNKNOWN,ON SCENE,NO INJURY / DRIVE AWAY,Y,"OVER $1,500",2025-08-11T00:35:00.000,UNABLE TO DETERMINE,NOT APPLICABLE,526,N,WABASH AVE,1834,2,NO INDICATION OF INJURY,0,0,0,0,0,2,0,0,2,8,41.8916444421,-87.6268635406,"{'type': 'Point', 'coordinates': [-87.626863540571, 41.891644442098]}",,,,,,,,,,
97dc546cf3cb051db2f1d9e1e093ec680d972f4ebe384409b1c31d6b2b420546a3b89264a05a87d538b40dab59d1250a058ebeede3d3f77ac998930fc963878e,2025-08-11T00:27:00.000,30,TRAFFIC SIGNAL,FUNCTIONING PROPERLY,CLEAR,"DARKNESS, LIGHTED ROAD",REAR END,DIVIDED - W/MEDIAN BARRIER,STRAIGHT AND LEVEL,DRY,UNKNOWN,,INJURY AND / OR TOW DUE TO CRASH,,"OVER $1,500",2025-08-11T00:27:00.000,UNABLE TO DETERMINE,UNABLE TO DETERMINE,1600,E,103RD ST,431,2,"REPORTED, NOT EVIDENT",2,0,0,0,2,1,0,0,2,8,41.7078998865,-87.5848228888,"{'type': 'Point', 'coordinates': [-87.584822888781, 41.707899886453]}",,,Y,,,,,,,
bed700748a0cd46e88507fc08f54f41d2ccec1b52cb1cd3b2ac2d7d30f52e032b79a1c289799924780e0c7c782cee03414f22c678f82d5468c34aa7442ffe2dc,2025-08-11T00:24:00.000,45,NO CONTROLS,NO CONTROLS,CLEAR,"DARKNESS, LIGHTED ROAD",SIDESWIPE SAME DIRECTION,DIVIDED - W/MEDIAN BARRIER,STRAIGHT AND LEVEL,DRY,NO DEFECTS,ON SCENE,INJURY AND / OR TOW DUE TO CRASH,,"OVER $1,500",2025-08-11T00:24:00.000,UNABLE TO DETERMINE,NOT APPLICABLE,3100,S,LAKE SHORE DR NB,211,2,NONINCAPACITATING INJURY,1,0,0,1,0,2,0,0,2,8,41.8383932992,-87.6087495204,"{'type': 'Point', 'coordinates': [-87.608749520406, 41.838393299151]}",,,Y,,,,,,,
a6217b9e0ff63e5bf86e6c0a4762ca9d3bcdbd7721606bef1762311e3d3bee86060e3b72ff41800a1868e2c372f372044a64dccc7c0c8c067af21de936fd6f11,2025-08-11T00:10:00.000,30,STOP SIGN/FLASHER,UNKNOWN,CLEAR,DARKNESS,PARKED MOTOR VEHICLE,NOT DIVIDED,STRAIGHT AND LEVEL,DRY,NO DEFECTS,ON SCENE,INJURY AND / OR TOW DUE TO CRASH,Y,"OVER $1,500",2025-08-11T00:18:00.000,FOLLOWING TOO CLOSELY,FOLLOWING TOO CLOSELY,8355,S,SEELEY AVE,614,3,NO INDICATION OF INJURY,0,0,0,0,0,1,0,0,2,8,41.7413118886,-87.6739920304,"{'type': 'Point', 'coordinates': [-87.673992030378, 41.741311888633]}",,,,,Y,,,,,
2959653d08721d4559358932dc9e911a55b4c8c698a965b5eec14ad3be15068dd48082d5aa89536bb655b1ddfad49d7174ce85b27b9c2d0c345b872262e78caf,2025-08-11T00:06:00.000,30,NO CONTROLS,NO CONTROLS,CLEAR,"DARKNESS, LIGHTED ROAD",REAR END,ONE-WAY,STRAIGHT AND LEVEL,DRY,NO DEFECTS,ON SCENE,INJURY AND / OR TOW DUE TO CRASH,,"$501 - $1,500",2025-08-11T00:24:00.000,UNABLE TO DETERMINE,NOT APPLICABLE,1252,S,RUBLE ST,124,2,NONINCAPACITATING INJURY,2,0,0,2,0,3,0,0,2,8,41.8656431405,-87.6441819426,"{'type': 'Point', 'coordinates': [-87.64418194263, 41.865643140514]}",,,Y,,,,,,,
ddf0a68be8cddd3f779c9ca2f4648ce6c347205809cb182312b4f2e4f5cb04c8109fe508bff893eb1eb1d1ef80675b39ff49b95c4735b320dbebe817ea7403a9,2025-08-10T23:53:00.000,30,UNKNOWN,UNKNOWN,CLEAR,"DARKNESS, LIGHTED ROAD",REAR END,DIVIDED - W/MEDIAN (NOT RAISED),STRAIGHT AND LEVEL,DRY,UNKNOWN,NOT ON SCENE (DESK REPORT),INJURY AND / OR TOW DUE TO CRASH,,"OVER $1,500",2025-08-11T01:04:00.000,NOT APPLICABLE,NOT APPLICABLE,8200,S,LAKE SHORE DR,422,2,"REPORTED, NOT EVIDENT",1,0,0,0,1,1,0,23,1,8,41.74652266,-87.5406586982,"{'type': 'Point', 'coordinates': [-87.540658698156, 41.746522660031]}",,,Y,,,,,,,
22d8caae42bef2cc333bf646548231caee9d7f3e8a31cdd5ff3fc54bc80850a6058add3aa333f0c488764d777e2d79b86f7b8812c14a8d9ba509a011e6c0de5e,2025-08-10T23:42:00.000,30,NO CONTROLS,NO CONTROLS,CLEAR,"DARKNESS, LIGHTED ROAD",TURNING,NOT DIVIDED,STRAIGHT AND LEVEL,DRY,NO DEFECTS,ON SCENE,NO INJURY / DRIVE AWAY,Y,"OVER $1,500",2025-08-10T23:48:00.000,UNABLE TO DETERMINE,UNABLE TO DETERMINE,1200,E,71ST ST,321,2,NO INDICATION OF INJURY,0,0,0,0,0,3,0,23,1,8,41.7660124521,-87.5958409183,"{'type': 'Point', 'coordinates': [-87.595840918275, 41.766012452065]}",,,Y,,,,,,,
3b4e54b89e0d02d6982f7a06967cc29fbc3d36ba4c43a359da776df362b1de6b1a95a617af842f5091076fcd203320c66455ece51da2270afdb4d8713c8290e5,2025-08-10T23:15:00.000,15,NO CONTROLS,UNKNOWN,UNKNOWN,DARKNESS,PARKED MOTOR VEHICLE,NOT DIVIDED,STRAIGHT AND LEVEL,DRY,UNKNOWN,NOT ON SCENE (DESK REPORT),NO INJURY / DRIVE AWAY,,"OVER $1,500",2025-08-12T17:40:00.000,UNABLE TO DETERMINE,NOT APPLICABLE,13320,S,MACKINAW AVE,433,2,NO INDICATION OF INJURY,0,0,0,0,0,1,0,23,1,8,41.6530152491,-87.5424504134,"{'type': 'Point', 'coordinates': [-87.542450413403, 41.653015249087]}",,,Y,,Y,,,,,
75feef5956235c443f0d0931acb48f3d9f9ef9211b2957c9d41e02b1eb0bd3b1b3f24ff8ec97000eacc16cb91a7949433cd1561e3089024614b226d614ebda93,2025-08-10T23:15:00.000,30,NO CONTROLS,FUNCTIONING PROPERLY,CLEAR,"DARKNESS, LIGHTED ROAD",SIDESWIPE SAME DIRECTION,FOUR WAY,STRAIGHT AND LEVEL,DRY,NO DEFECTS,NOT ON SCENE (DESK REPORT),NO INJURY / DRIVE AWAY,Y,"OVER $1,500",2025-08-11T00:30:00.000,FAILING TO REDUCE SPEED TO AVOID CRASH,NOT APPLICABLE,958,W,MARQUETTE RD,723,2,NO INDICATION OF INJURY,0,0,0,0,0,5,0,23,1,8,41.7725151109,-87.6493965763,"{'type': 'Point', 'coordinates': [-87.649396576257, 41.772515110893]}",,,,,,,,,,
02a6ef0103572e6a52deebd2399da01d2325a1ce483d52654263c380a519692cb62697299adbfd54363a1d77e6c0cb760322d3e6d4b4d7be5c95738c4346d7b8,2025-08-10T23:00:00.000,10,NO CONTROLS,NO CONTROLS,CLEAR,DARKNESS,PARKED MOTOR VEHICLE,PARKING LOT,STRAIGHT AND LEVEL,DRY,NO DEFECTS,NOT ON SCENE (DESK REPORT),NO INJURY / DRIVE AWAY,,"OVER $1,500",2025-08-11T09:45:00.000,UNABLE TO DETERMINE,NOT APPLICABLE,3036,W,MONTROSE AVE,1724,2,NO INDICATION OF INJURY,0,0,0,0,0,1,0,23,1,8,41.9613204581,-87.7048812765,"{'type': 'Point', 'coordinates': [-87.704881276465, 41.961320458148]}",,,Y,,,,,,,
a0520964de74d74b202cf0843b0426580ec85483787f207851ddfae94d65fa9603dac9c7a538ea73ea94ad6b8b3c794d54fa4e6bd13a44cbcdf5c2be0a67513e,2025-08-10T23:00:00.000,30,NO CONTROLS,NO CONTROLS,CLEAR,DARKNESS,PARKED MOTOR VEHICLE,NOT DIVIDED,STRAIGHT AND LEVEL,DRY,NO DEFECTS,NOT ON SCENE (DESK REPORT),NO INJURY / DRIVE AWAY,,"$501 - $1,500",2025-08-11T20:36:00.000,NOT APPLICABLE,NOT APPLICABLE,5214,S,ARCHER AVE,815,2,NO INDICATION OF INJURY,0,0,0,0,0,1,0,23,1,8,41.8000029668,-87.7351692687,"{'type': 'Point', 'coordinates': [-87.735169268656, 41.800002966778]}",,,Y,,,,,,,