crash_record_id,crash_date,posted_speed_limit,traffic_control_device,device_condition,weather_condition,lighting_condition,first_crash_type,trafficway_type,alignment,roadway_surface_cond,road_defect,report_type,crash_type,intersection_related_i,damage,date_police_notified,prim_contributory_cause,sec_contributory_cause,street_no,street_direction,street_name,beat_of_occurrence,num_units,most_severe_injury,injuries_total,injuries_fatal,injuries_incapacitating,injuries_non_incapacitating,injuries_reported_not_evident,injuries_no_indication,injuries_unknown,crash_hour,crash_day_of_week,crash_month,latitude,longitude,location,private_property_i,photos_taken_i,hit_and_run_i,statements_taken_i,crash_date_est_i,work_zone_i,work_zone_type,dooring_i,lane_cnt,workers_present_i
d83b9530c13f8de021045831d539bdf2fe0cad2763b49f3c81a257a6d17c9bb7da242a9e8ecbb19a9f70b3217b6e3d91d768b2dbfc4c8624d7f539d3bcd15c81,2025-08-10T23:00:00.000,30,NO CONTROLS,NO CONTROLS,CLEAR,DARKNESS,PARKED MOTOR VEHICLE,NOT DIVIDED,STRAIGHT AND LEVEL,DRY,NO DEFECTS,NOT ON SCENE (DESK REPORT),NO INJURY / DRIVE AWAY,,"$501 - $1,500",2025-08-12T08:40:00.000,UNABLE TO DETERMINE,UNABLE TO DETERMINE,1011,W,16TH ST,1235,2,NO INDICATION OF INJURY,0,0,0,0,0,1,0,23,1,8,41.8597338854,-87.651420485,"{'type': 'Point', 'coordinates': [-87.651420484993, 41.859733885352]}",,,Y,,,,,,,
fb0407edf3ba1cf48affc48ad08a5b620948cf47965265f81bf2db579f44aa03ded10f48de0c85ec101c1684dea575e5757cf49df8163f1ee45bef1322a68285,2025-08-10T22:54:00.000,30,UNKNOWN,UNKNOWN,UNKNOWN,DARKNESS,SIDESWIPE SAME DIRECTION,NOT DIVIDED,STRAIGHT AND LEVEL,UNKNOWN,UNKNOWN,NOT ON SCENE (DESK REPORT),INJURY AND / OR TOW DUE TO CRASH,,"OVER $1,500",2025-08-11T19:50:00.000,IMPROPER LANE USAGE,UNABLE TO DETERMINE,2001,N,CLARK ST,1814,2,NO INDICATION OF INJURY,0,0,0,0,0,2,0,22,1,8,41.9185407691,-87.6359971818,"{'type': 'Point', 'coordinates': [-87.635997181801, 41.918540769064]}",,,Y,,,,,,,
71ed04447f577a9a648b508adab522d1100803bfff706c271794a28761bf99de7945772327373dc28b22eef90d12e952a4e67799192f7113765dadcba4352ecb,2025-08-10T22:50:00.000,30,OTHER REG. SIGN,FUNCTIONING PROPERLY,CLEAR,"DARKNESS, LIGHTED ROAD",PARKED MOTOR VEHICLE,ONE-WAY,STRAIGHT AND LEVEL,DRY,NO DEFECTS,ON SCENE,INJURY AND / OR TOW DUE TO CRASH,,"$501 - $1,500",2025-08-10T23:04:00.000,HAD BEEN DRINKING (USE WHEN ARREST IS NOT MADE),UNDER THE INFLUENCE OF ALCOHOL/DRUGS (USE WHEN ARREST IS EFFECTED),6130,W,WELLINGTON AVE,2511,2,NO INDICATION OF INJURY,0,0,0,0,0,1,0,22,1,8,41.9348534845,-87.7797989598,"{'type': 'Point', 'coordinates': [-87.779798959796, 41.934853484453]}",Y,,,,,,,,,
3230ffe63e69e132b33604b5304859d4bb658e7549af725c9b01bc8ea83a8028e4b9ceef250e2c99376917d534f342e1eb492316381ca9908aadc0889b531a97,2025-08-10T22:49:00.000,30,UNKNOWN,UNKNOWN,CLEAR,"DARKNESS, LIGHTED ROAD",PARKED MOTOR VEHICLE,NOT DIVIDED,STRAIGHT AND LEVEL,DRY,UNKNOWN,ON SCENE,INJURY AND / OR TOW DUE TO CRASH,,"OVER $1,500",2025-08-10T22:49:00.000,UNABLE TO DETERMINE,UNABLE TO DETERMINE,1351,W,107TH ST,2234,2,NO INDICATION OF INJURY,0,0,0,0,0,1,0,22,1,8,41.6993700983,-87.6566533367,"{'type': 'Point', 'coordinates': [-87.656653336663, 41.699370098254]}",,,,,,,,,,
1d1c08d1a76bce403507e3798248d75e1221cec4a9a75e0324ba8f855950bd11f48bb2ec14135de04378ac160af51f423ae2439d5fb9c82377908eed3f7e729c,2025-08-10T22:45:00.000,30,NO CONTROLS,NO CONTROLS,CLEAR,"DARKNESS, LIGHTED ROAD",SIDESWIPE SAME DIRECTION,NOT DIVIDED,STRAIGHT AND LEVEL,UNKNOWN,UNKNOWN,ON SCENE,INJURY AND / OR TOW DUE TO CRASH,,"OVER $1,500",2025-08-10T23:00:00.000,IMPROPER LANE USAGE,NOT APPLICABLE,6357,W,DIVERSEY AVE,2512,2,NO INDICATION OF INJURY,0,0,0,0,0,2,0,22,1,8,41.9308939851,-87.7855474062,"{'type': 'Point', 'coordinates': [-87.785547406163, 41.930893985065]}",,,Y,,,,,,,
b97525e0577dfada4871bfa139693d4ddb1a0d0fde15a71afdff456b494a2f1cc24029a4f0b2f372d5f36f2022da39715d87be99123fb604bacaff465c4ebfcf,2025-08-10T22:16:00.000,30,NO CONTROLS,NO CONTROLS,CLEAR,"DARKNESS, LIGHTED ROAD",REAR END,DIVIDED - W/MEDIAN BARRIER,STRAIGHT AND LEVEL,DRY,NO DEFECTS,NOT ON SCENE (DESK REPORT),NO INJURY / DRIVE AWAY,,"OVER $1,500",2025-08-10T22:58:00.000,IMPROPER OVERTAKING/PASSING,UNABLE TO DETERMINE,2400,N,LAKE SHORE DR NB,1935,2,NO INDICATION OF INJURY,0,0,0,0,0,3,0,22,1,8,41.9261607198,-87.6315146648,"{'type': 'Point', 'coordinates': [-87.631514664826, 41.926160719812]}",,,Y,,,,,,,
4c95fca515447fb6828e921cdc77c56e859a5696927d1211771849c8c5aebad0029ff131ea5748c14ca15d49e0d792cf18426cec80b379264753643a77b06b4f,2025-08-10T22:00:00.000,30,NO CONTROLS,NO CONTROLS,CLEAR,"DARKNESS, LIGHTED ROAD",PEDESTRIAN,NOT DIVIDED,STRAIGHT AND LEVEL,DRY,NO DEFECTS,ON SCENE,INJURY AND / OR TOW DUE TO CRASH,,"OVER $1,500",2025-08-10T22:08:00.000,FAILING TO YIELD RIGHT-OF-WAY,"OPERATING VEHICLE IN ERRATIC, RECKLESS, CARELESS, NEGLIGENT OR AGGRESSIVE MANNER",2100,W,DEVON AVE,2412,2,"REPORTED, NOT EVIDENT",1,0,0,0,1,1,0,22,1,8,41.997962721,-87.6826376371,"{'type': 'Point', 'coordinates': [-87.682637637121, 41.997962721021]}",,,Y,,,,,,,
68b3447fa08c6d3b17335f72a575e86ca130eefbad5b90d46b9c8ac4d6d496ad4858f39bdef1984e4efc9808ee50dd22ccf09bfa79d90b3cabdb71d92ebf8462,2025-08-10T22:00:00.000,10,NO CONTROLS,NO CONTROLS,CLEAR,"DARKNESS, LIGHTED ROAD",PARKED MOTOR VEHICLE,NOT DIVIDED,STRAIGHT AND LEVEL,DRY,NO DEFECTS,NOT ON SCENE (DESK REPORT),INJURY AND / OR TOW DUE TO CRASH,,"OVER $1,500",2025-08-10T22:23:00.000,UNABLE TO DETERMINE,NOT APPLICABLE,3913,W,56TH PL,822,2,NO INDICATION OF INJURY,0,0,0,0,0,1,0,22,1,8,41.7904065641,-87.7212086542,"{'type': 'Point', 'coordinates': [-87.721208654153, 41.790406564075]}",,,Y,,,,,,,
6998030bff85b0fa1dedbcf0ccbe6c17db70935f7c23e6e8c2ecaed47a82e8aa596c8ae274e6e3e3ac3243dff7d2d0a34acc09c9bafd379cadd321a325b01638,2025-08-10T22:00:00.000,30,TRAFFIC SIGNAL,FUNCTIONING PROPERLY,CLEAR,"DARKNESS, LIGHTED ROAD",REAR END,NOT DIVIDED,STRAIGHT AND LEVEL,DRY,NO DEFECTS,ON SCENE,NO INJURY / DRIVE AWAY,,"OVER $1,500",2025-08-10T22:36:00.000,FAILING TO REDUCE SPEED TO AVOID CRASH,NOT APPLICABLE,2345,N,LINCOLN AVE,1812,2,NO INDICATION OF INJURY,0,0,0,0,0,3,0,22,1,8,41.9247412088,-87.6475634736,"{'type': 'Point', 'coordinates': [-87.647563473603, 41.924741208756]}",,,Y,,,,,,,
d53fc58874992f49cabce6b2940b6f1978973b5ed71a66d8a61ceb544b675db5f2a4b8c1b78ab8c9d1b927f56e3eace07bbb6d4f7f5070941290215f42d4418b,2025-08-10T22:00:00.000,30,NO CONTROLS,NO CONTROLS,CLEAR,"DARKNESS, LIGHTED ROAD",REAR END,DIVIDED - W/MEDIAN (NOT RAISED),STRAIGHT AND LEVEL,UNKNOWN,UNKNOWN,NOT ON SCENE (DESK REPORT),NO INJURY / DRIVE AWAY,N,"OVER $1,500",2025-08-10T23:50:00.000,UNABLE TO DETERMINE,UNABLE TO DETERMINE,522,N,RUSH ST,1834,2,NO INDICATION OF INJURY,0,0,0,0,0,2,0,22,1,8,41.8916732355,-87.6255185264,"{'type': 'Point', 'coordinates': [-87.625518526412, 41.891673235519]}",,,,Y,,,,,,
eb7cc65857d375d542a7376f51c8a337c5d94341217a8ac3516c12680a9d3916d4ccbba9c381a8059abbffd6306e1469be18fd67924f406aadba4cd16082ec61,2025-08-10T21:53:00.000,30,PEDESTRIAN CROSSING SIGN,FUNCTIONING PROPERLY,UNKNOWN,"DARKNESS, LIGHTED ROAD",REAR END,FOUR WAY,STRAIGHT AND LEVEL,UNKNOWN,UNKNOWN,NOT ON SCENE (DESK REPORT),INJURY AND / OR TOW DUE TO CRASH,,"OVER $1,500",2025-08-10T23:15:00.000,UNABLE TO DETERMINE,UNABLE TO DETERMINE,3738,W,BELMONT AVE,1732,2,"REPORTED, NOT EVIDENT",1,0,0,0,1,1,0,21,1,8,41.9392748876,-87.7213836851,"{'type': 'Point', 'coordinates': [-87.721383685052, 41.939274887589]}",,,Y,,,,,,,
512d568989cfc1a0f298ed0c8dfaa0364947dcf55ab567fb4d545dda1d969a3c15321e6ccf7116643089ad39c802ddc8b26bb933c25ea1fc777729e6a128f8eb,2025-08-10T21:48:00.000,20,STOP SIGN/FLASHER,UNKNOWN,CLEAR,"DARKNESS, LIGHTED ROAD",ANGLE,FOUR WAY,STRAIGHT AND LEVEL,DRY,NO DEFECTS,ON SCENE,INJURY AND / OR TOW DUE TO CRASH,,"OVER $1,500",2025-08-10T21:49:00.000,UNABLE TO DETERMINE,NOT APPLICABLE,2898,N,CENTRAL AVE,2514,2,NO INDICATION OF INJURY,0,0,0,0,0,2,0,21,1,8,41.9330064594,-87.7664537507,"{'type': 'Point', 'coordinates': [-87.766453750733, 41.93300645939]}",,,Y,,,,,,,
a6213e664d3aa92011f87c55a095c7dc046c01fa4b7cc73839428944685f09f58d20e57f1f0fdb816df174379e43657e2aafb6927e977a58c941cb0bf03560fe,2025-08-10T21:42:00.000,30,STOP SIGN/FLASHER,FUNCTIONING PROPERLY,CLEAR,"DARKNESS, LIGHTED ROAD",ANGLE,FOUR WAY,STRAIGHT AND LEVEL,DRY,NO DEFECTS,ON SCENE,INJURY AND / OR TOW DUE TO CRASH,Y,"OVER $1,500",2025-08-10T21:56:00.000,DISREGARDING STOP SIGN,FAILING TO REDUCE SPEED TO AVOID CRASH,5800,S,MICHIGAN AVE,232,3,INCAPACITATING INJURY,2,0,1,1,0,3,0,21,1,8,41.7891477191,-87.6224723614,"{'type': 'Point', 'coordinates': [-87.622472361425, 41.789147719083]}",,,Y,,,,,,,
fc09153bc7fd475c5271e92ec43e75b029602d41788c1238f7cf13f6441b6999c8a5bccc1f11e0f19d03730e4fd3bf5c40420074a0a1c074f3dc911c3d5ddf67,2025-08-10T21:42:00.000,30,NO CONTROLS,NO CONTROLS,CLEAR,DARKNESS,SIDESWIPE SAME DIRECTION,FOUR WAY,STRAIGHT AND LEVEL,UNKNOWN,UNKNOWN,ON SCENE,NO INJURY / DRIVE AWAY,Y,"OVER $1,500",2025-08-10T21:43:00.000,FAILING TO YIELD RIGHT-OF-WAY,NOT APPLICABLE,4701,W,LAKE ST,1113,2,NO INDICATION OF INJURY,0,0,0,0,0,3,0,21,1,8,41.8863562324,-87.7431704228,"{'type': 'Point', 'coordinates': [-87.743170422752, 41.886356232378]}",,,Y,,,,,,,
caa10eba73ad1b74b24b9ced3cc6e388b01922c8f8910bb37cc738379b801007a0fc9ae8fc2f8728243240a795a43a8b4a5fb630bcb48655caa375c8a6a4f541,2025-08-10T21:37:00.000,25,TRAFFIC SIGNAL,FUNCTIONING PROPERLY,CLEAR,"DARKNESS, LIGHTED ROAD",ANGLE,FOUR WAY,STRAIGHT AND LEVEL,DRY,NO DEFECTS,ON SCENE,INJURY AND / OR TOW DUE TO CRASH,,$500 OR LESS,2025-08-10T21:37:00.000,DISREGARDING TRAFFIC SIGNALS,NOT APPLICABLE,5459,S,WELLS ST,935,2,NONINCAPACITATING INJURY,2,0,0,2,0,2,0,21,1,8,41.7945610058,-87.6316351113,"{'type': 'Point', 'coordinates': [-87.631635111252, 41.794561005835]}",,,,,,,,,,
b020512bbf51f66d1ceebc8f6347e5fbabcf97dbdfc45a018ba7f18be8976729d5a98d60a518b2d084c7b4b589f41e6bb04cea9d6308d1672cc0c858e77a59d0,2025-08-10T21:10:00.000,30,TRAFFIC SIGNAL,FUNCTIONING PROPERLY,CLEAR,"DARKNESS, LIGHTED ROAD",REAR END,NOT DIVIDED,STRAIGHT AND LEVEL,DRY,UNKNOWN,NOT ON SCENE (DESK REPORT),NO INJURY / DRIVE AWAY,Y,"OVER $1,500",2025-08-10T21:15:00.000,UNABLE TO DETERMINE,NOT APPLICABLE,2200,W,103RD ST,2213,3,NO INDICATION OF INJURY,0,0,0,0,0,4,0,21,1,8,41.7065613277,-87.676851327,"{'type': 'Point', 'coordinates': [-87.67685132698, 41.706561327738]}",,,,,,,,,,
5ec3e7b78f4338f7aed5e392b8b369256fda631e1336ec28013fb12ff526278306ca94538d2a3c80c8022a0cba1e47a77ee9b4121d01ec82375bf571dc5cc964,2025-08-10T21:00:00.000,30,NO CONTROLS,NO CONTROLS,CLEAR,"DARKNESS, LIGHTED ROAD",REAR END,DIVIDED - W/MEDIAN (NOT RAISED),STRAIGHT AND LEVEL,DRY,NO DEFECTS,NOT ON SCENE (DESK REPORT),NO INJURY / DRIVE AWAY,,"$501 - $1,500",2025-08-10T21:30:00.000,FOLLOWING TOO CLOSELY,NOT APPLICABLE,1450,N,CICERO AVE,2533,2,NO INDICATION OF INJURY,0,0,0,0,0,2,0,21,1,8,41.9074881596,-87.7462048864,"{'type': 'Point', 'coordinates': [-87.746204886363, 41.907488159553]}",,,Y,,,,,,,
c192100f796c81be595bc0e91d9ce96abb3358bb1e1c1c99dd910c252e2a80be5052a03b5d5635f2ed9080488ab34f0f1fe0c82f842edd8847e80fafa53c1f57,2025-08-10T21:00:00.000,30,NO CONTROLS,NO CONTROLS,CLEAR,"DARKNESS, LIGHTED ROAD",PARKED MOTOR VEHICLE,NOT DIVIDED,STRAIGHT AND LEVEL,DRY,NO DEFECTS,,NO INJURY / DRIVE AWAY,,"OVER $1,500",2025-08-10T23:12:00.000,DRIVING SKILLS/KNOWLEDGE/EXPERIENCE,UNABLE TO DETERMINE,5989,N,NINA AVE,1612,2,NO INDICATION OF INJURY,0,0,0,0,0,1,0,21,1,8,41.9900207963,-87.800576914,"{'type': 'Point', 'coordinates': [-87.800576913958, 41.990020796308]}",,,Y,,,,,,,
24367c9ae10d73b424334a22e028fd2ca9361914ceae3d1d960068abd8245a4ae746a225498f1802e583cb86a33509b771adf7be146bf75d3f96e81b345e3752,2025-08-10T20:50:00.000,30,NO CONTROLS,NO CONTROLS,CLEAR,"DARKNESS, LIGHTED ROAD",ANGLE,NOT DIVIDED,STRAIGHT AND LEVEL,DRY,NO DEFECTS,,NO INJURY / DRIVE AWAY,,"OVER $1,500",2025-08-10T21:30:00.000,FAILING TO YIELD RIGHT-OF-WAY,UNABLE TO DETERMINE,2713,N,KENMORE AVE,1935,2,NO INDICATION OF INJURY,0,0,0,0,0,2,0,20,1,8,41.9304224637,-87.6549610734,"{'type': 'Point', 'coordinates': [-87.654961073359, 41.930422463733]}",,,,,,,,,,
4b560f09b3d12739f22a0bcbab0193a5b8dc67779300cb5ed91dbc46b970e65dac963e0c7bbe3a9449103a1d14f0ab31850c6caee832fc049f05fd314f5d44e7,2025-08-10T20:48:00.000,30,NO CONTROLS,NO CONTROLS,CLEAR,"DARKNESS, LIGHTED ROAD",REAR END,PARKING LOT,STRAIGHT AND LEVEL,DRY,NO DEFECTS,ON SCENE,NO INJURY / DRIVE AWAY,,"OVER $1,500",2025-08-10T20:48:00.000,"OPERATING VEHICLE IN ERRATIC, RECKLESS, CARELESS, NEGLIGENT OR AGGRESSIVE MANNER",NOT APPLICABLE,5959,W,MONTROSE AVE,1624,2,NO INDICATION OF INJURY,0,0,0,0,0,4,0,20,1,8,41.960242504,-87.7769558962,"{'type': 'Point', 'coordinates': [-87.776955896207, 41.960242503969]}",,,Y,,,,,,,
b7f70419c169bc825f58fb0bdfb500c4da47b56a5da46819e51c031e2e76af26980b8eb15b48c5845af75d467640a5242fd7215cf605f1308dc5e62ff9e1edfb,2025-08-10T20:44:00.000,30,TRAFFIC SIGNAL,FUNCTIONING PROPERLY,CLEAR,"DARKNESS, LIGHTED ROAD",REAR END,NOT DIVIDED,STRAIGHT AND LEVEL,DRY,UNKNOWN,ON SCENE,INJURY AND / OR TOW DUE TO CRASH,,"OVER $1,500",2025-08-10T20:44:00.000,DISTRACTION - FROM OUTSIDE VEHICLE,DISTRACTION - FROM OUTSIDE VEHICLE,631,S,PULASKI RD,1132,2,"REPORTED, NOT EVIDENT",1,0,0,0,1,1,0,20,1,8,41.8725551777,-87.7252537934,"{'type': 'Point', 'coordinates': [-87.725253793432, 41.872555177695]}",,N,,Y,,,,,,
ac246300de5781def191759cffcc05c121b907af42a7b7d7a297f541f968cfff80833f6b9b1e371112a6f198e2e941243b272320a9a8fb86619d4a882773aad4,2025-08-10T20:43:00.000,30,UNKNOWN,UNKNOWN,CLEAR,"DARKNESS, LIGHTED ROAD",PARKED MOTOR VEHICLE,NOT DIVIDED,STRAIGHT AND LEVEL,DRY,UNKNOWN,NOT ON SCENE (DESK REPORT),NO INJURY / DRIVE AWAY,,"OVER $1,500",2025-08-10T20:45:00.000,UNABLE TO DETERMINE,UNABLE TO DETERMINE,6244,S,DR MARTIN LUTHER KING JR DR,311,2,NO INDICATION OF INJURY,0,0,0,0,0,2,0,20,1,8,41.7807271102,-87.6157824196,"{'type': 'Point', 'coordinates': [-87.615782419589, 41.780727110241]}",,,,,,,,,,
d8ce62c798d8174a073ccd5bab674fc10e1ea806a3d779c49813cb049b517a48b8bbaa450807a2e7f6ae7bd7deef8b3126ead65817457e6dc1414f8a4e36eab7,2025-08-10T20:40:00.000,20,NO CONTROLS,NO CONTROLS,CLEAR,"DARKNESS, LIGHTED ROAD",PARKED MOTOR VEHICLE,ALLEY,STRAIGHT AND LEVEL,DRY,NO DEFECTS,ON SCENE,NO INJURY / DRIVE AWAY,,"OVER $1,500",2025-08-10T20:45:00.000,UNABLE TO DETERMINE,NOT APPLICABLE,805,W,ROSCOE ST,1924,2,NO INDICATION OF INJURY,0,0,0,0,0,1,0,20,1,8,41.9435025144,-87.6496407789,"{'type': 'Point', 'coordinates': [-87.649640778906, 41.943502514438]}",,,,,,,,,,
e885d4ddb4165447a51f8253e1eed747e54ebaa05381d812fb875883e265ea0e9c22d0848cb06d07585e50b3caad04e46f727aaee92784e610c25e8774bab772,2025-08-10T20:40:00.000,30,NO CONTROLS,NO CONTROLS,CLEAR,"DARKNESS, LIGHTED ROAD",TURNING,FOUR WAY,STRAIGHT AND LEVEL,UNKNOWN,UNKNOWN,NOT ON SCENE (DESK REPORT),NO INJURY / DRIVE AWAY,,"OVER $1,500",2025-08-10T21:30:00.000,IMPROPER OVERTAKING/PASSING,NOT APPLICABLE,4700,S,SPRINGFIELD AVE,821,2,NO INDICATION OF INJURY,0,0,0,0,0,3,0,20,1,8,41.8078044299,-87.7212628093,"{'type': 'Point', 'coordinates': [-87.721262809253, 41.807804429932]}",,,Y,,,,,,,
6cf894b5b6096a0533790881f02a344a138e7bb9cc72cddfd4bf113e3a52b4d102cc7604e21eabf50455e4c1fdb13dd14a286284e1b899d52e88993094bdacdc,2025-08-10T20:35:00.000,30,TRAFFIC SIGNAL,FUNCTIONING PROPERLY,CLEAR,"DARKNESS, LIGHTED ROAD",TURNING,ONE-WAY,STRAIGHT AND LEVEL,DRY,UNKNOWN,NOT ON SCENE (DESK REPORT),NO INJURY / DRIVE AWAY,Y,$500 OR LESS,2025-08-10T21:57:00.000,IMPROPER TURNING/NO SIGNAL,IMPROPER TURNING/NO SIGNAL,801,W,WASHINGTON BLVD,1224,2,NO INDICATION OF INJURY,0,0,0,0,0,2,0,20,1,8,41.883036025,-87.6474310132,"{'type': 'Point', 'coordinates': [-87.647431013169, 41.88303602505]}",,,,,,,,,,
7996e4121044b923e0f8b81998fdfa998b6846e28bb685e1791a52e6c91be386d365e1facd53ccc76408d3e16f28183e82213f444f0747721f075c3bc74e64a2,2025-08-10T20:35:00.000,30,TRAFFIC SIGNAL,FUNCTIONING PROPERLY,CLEAR,DAWN,ANGLE,NOT DIVIDED,STRAIGHT AND LEVEL,DRY,NO DEFECTS,ON SCENE,NO INJURY / DRIVE AWAY,Y,"OVER $1,500",2025-08-10T20:40:00.000,DISREGARDING TRAFFIC SIGNALS,NOT APPLICABLE,2409,S,BLUE ISLAND AVE,1034,2,NO INDICATION OF INJURY,0,0,0,0,0,2,0,20,1,8,41.8483917906,-87.6758018018,"{'type': 'Point', 'coordinates': [-87.675801801761, 41.848391790645]}",,,Y,,,,,,,
93fb18d4cc3b56de85b7953cb91e64aea6c8ad3774fc94b5e5198fcb66f105a8403154df1e2312cfcbaae76acdf28e263ecf37d71c58e7f26856685a80b46ce3,2025-08-10T20:19:00.000,20,NO CONTROLS,NO CONTROLS,CLEAR,"DARKNESS, LIGHTED ROAD",SIDESWIPE SAME DIRECTION,NOT DIVIDED,STRAIGHT AND LEVEL,DRY,NO DEFECTS,ON SCENE,NO INJURY / DRIVE AWAY,,"OVER $1,500",2025-08-10T20:31:00.000,IMPROPER LANE USAGE,NOT APPLICABLE,3410,W,DIVERSEY AVE,1412,2,NO INDICATION OF INJURY,0,0,0,0,0,4,0,20,1,8,41.9320738365,-87.7127372527,"{'type': 'Point', 'coordinates': [-87.712737252718, 41.932073836513]}",,,Y,,,,,,,
698598e9874234b9632d3cde3c3eb4cd72d6d25b6882efd3451e2b38d915619491de33958b33c64bc28a546ba22df63c197117afc6842adc63f8ea1362189386,2025-08-10T20:14:00.000,30,TRAFFIC SIGNAL,FUNCTIONING PROPERLY,CLEAR,"DARKNESS, LIGHTED ROAD",SIDESWIPE SAME DIRECTION,DIVIDED - W/MEDIAN (NOT RAISED),STRAIGHT AND LEVEL,DRY,NO DEFECTS,NOT ON SCENE (DESK REPORT),INJURY AND / OR TOW DUE TO CRASH,Y,"OVER $1,500",2025-08-10T20:50:00.000,IMPROPER LANE USAGE,IMPROPER OVERTAKING/PASSING,2600,N,CALIFORNIA AVE,1411,2,NO INDICATION OF INJURY,0,0,0,0,0,2,0,20,1,8,41.9287882438,-87.697672173,"{'type': 'Point', 'coordinates': [-87.697672173033, 41.9287882438]}",,,Y,,,,,,,
28188c2281702f28305e55b06ccb1771c6dd6b9a51c64aa5e473ca53795a5e3d19eac325b37d2017ceb9a1ca36eb23dd9b2c6a3b5dbf65cabc61d660309933df,2025-08-10T20:08:00.000,30,NO CONTROLS,NO CONTROLS,CLEAR,DAYLIGHT,TURNING,NOT DIVIDED,STRAIGHT AND LEVEL,DRY,NO DEFECTS,ON SCENE,INJURY AND / OR TOW DUE TO CRASH,,"OVER $1,500",2025-08-10T20:11:00.000,UNABLE TO DETERMINE,UNABLE TO DETERMINE,600,W,ENGLEWOOD AVE,711,2,NO INDICATION OF INJURY,0,0,0,0,0,3,0,20,1,8,41.7808463068,-87.6401698368,"{'type': 'Point', 'coordinates': [-87.640169836809, 41.780846306829]}",,,,,,,,,,
0af17db8bdeedde2200a42debcdc2a916e5ff4148020e60aa59556b1aa3848205ad78d32a2b97304004c666aad28dcdceb334b6b8865bd2542a2555dd8ca4681,2025-08-10T20:01:00.000,25,NO CONTROLS,UNKNOWN,CLEAR,DUSK,PEDESTRIAN,DRIVEWAY,STRAIGHT AND LEVEL,DRY,UNKNOWN,ON SCENE,INJURY AND / OR TOW DUE TO CRASH,,"$501 - $1,500",2025-08-10T20:01:00.000,UNABLE TO DETERMINE,UNABLE TO DETERMINE,2720,E,74TH ST,334,2,NONINCAPACITATING INJURY,1,0,0,1,0,1,0,20,1,8,41.762761369,-87.5583032964,"{'type': 'Point', 'coordinates': [-87.558303296373, 41.762761368953]}",,,,,,,,,,
07a3fb92ed04f3c49e9e6b7ae79c6e535673412cb1b5ae0c90f02ee851bc108306218cda42b4e1dc0fc695903795193da45afdfa4eacd1e93acfa0904f1a18dc,2025-08-10T20:00:00.000,30,STOP SIGN/FLASHER,FUNCTIONING PROPERLY,CLEAR,DAWN,PEDALCYCLIST,T-INTERSECTION,STRAIGHT AND LEVEL,DRY,UNKNOWN,NOT ON SCENE (DESK REPORT),INJURY AND / OR TOW DUE TO CRASH,Y,$500 OR LESS,2025-08-11T01:30:00.000,FAILING TO YIELD RIGHT-OF-WAY,FAILING TO YIELD RIGHT-OF-WAY,6100,S,INDIANA AVE,311,2,NONINCAPACITATING INJURY,1,0,0,1,0,1,0,20,1,8,41.7837350801,-87.6207073732,"{'type': 'Point', 'coordinates': [-87.620707373155, 41.783735080115]}",,,Y,,,,,,,
b74de890b5e079cf7ede86b34a2df3d9bb8a90e81628d172407445ab79a9975de2d846fd0870d64d7eea2448e9f90c5e451a54aa4f2244ce5eb1cdfaad367bfd,2025-08-10T19:45:00.000,30,NO CONTROLS,NO CONTROLS,CLEAR,DAYLIGHT,PARKED MOTOR VEHICLE,NOT DIVIDED,STRAIGHT AND LEVEL,DRY,UNKNOWN,ON SCENE,INJURY AND / OR TOW DUE TO CRASH,,"OVER $1,500",2025-08-10T19:50:00.000,IMPROPER OVERTAKING/PASSING,UNABLE TO DETERMINE,656,W,WRIGHTWOOD AVE,1935,3,NO INDICATION OF INJURY,0,0,0,0,0,2,0,19,1,8,41.9293075474,-87.6450291327,"{'type': 'Point', 'coordinates': [-87.645029132706, 41.929307547403]}",,,,,,,,,,
0b13b9358dcbe6faae27270e2f9ddc22b1422baef9920722be40e83f4c23e3066a6594cf0c64995a21c9d398c249924dfe203b1de338178318251af66febdc5c,2025-08-10T19:30:00.000,25,TRAFFIC SIGNAL,FUNCTIONING PROPERLY,CLEAR,"DARKNESS, LIGHTED ROAD",REAR END,NOT DIVIDED,STRAIGHT AND LEVEL,DRY,NO DEFECTS,ON SCENE,INJURY AND / OR TOW DUE TO CRASH,,"OVER $1,500",2025-08-10T19:54:00.000,FOLLOWING TOO CLOSELY,FOLLOWING TOO CLOSELY,299,E,CERMAK RD,132,2,NO INDICATION OF INJURY,0,0,0,0,0,2,0,19,1,8,41.8527988271,-87.6207420821,"{'type': 'Point', 'coordinates': [-87.620742082064, 41.852798827146]}",,,,,,,,,,
707f40fbbb9ec13c05615b16c453e1a0e06890e60a927bcac387b2fe6de339ea6df289da3ae6596583075f316ef0c72ff1b40ab33472a7487b62006905b329df,2025-08-10T19:20:00.000,35,TRAFFIC SIGNAL,FUNCTIONING PROPERLY,CLEAR,DAYLIGHT,TURNING,FOUR WAY,STRAIGHT AND LEVEL,DRY,NO DEFECTS,NOT ON SCENE (DESK REPORT),NO INJURY / DRIVE AWAY,Y,"$501 - $1,500",2025-08-10T19:45:00.000,DISREGARDING TRAFFIC SIGNALS,DRIVING SKILLS/KNOWLEDGE/EXPERIENCE,10200,W,BALMORAL AVE,1654,2,NO INDICATION OF INJURY,0,0,0,0,0,2,0,19,1,8,,,,,,Y,,,,,,,