crash_record_id,crash_date,posted_speed_limit,traffic_control_device,device_condition,weather_condition,lighting_condition,first_crash_type,trafficway_type,alignment,roadway_surface_cond,road_defect,report_type,crash_type,intersection_related_i,damage,date_police_notified,prim_contributory_cause,sec_contributory_cause,street_no,street_direction,street_name,beat_of_occurrence,num_units,most_severe_injury,injuries_total,injuries_fatal,injuries_incapacitating,injuries_non_incapacitating,injuries_reported_not_evident,injuries_no_indication,injuries_unknown,crash_hour,crash_day_of_week,crash_month,latitude,longitude,location,private_property_i,photos_taken_i,hit_and_run_i,statements_taken_i,crash_date_est_i,work_zone_i,work_zone_type,dooring_i,lane_cnt,workers_present_i
9aea71f47f141df70afafdd1c2b0df7a8d0454b45ee6087f8de0411df7e711e802e61bfb3e0c3315e76931e3966451742a3fb7514fee3907c3b0c9b0cde9f789,2025-08-10T19:20:00.000,20,TRAFFIC SIGNAL,FUNCTIONING PROPERLY,CLEAR,DAYLIGHT,PEDALCYCLIST,OTHER,STRAIGHT AND LEVEL,DRY,UNKNOWN,ON SCENE,INJURY AND / OR TOW DUE TO CRASH,Y,"OVER $1,500",2025-08-10T19:25:00.000,IMPROPER TURNING/NO SIGNAL,UNABLE TO DETERMINE,3298,N,CLARK ST,1924,2,"REPORTED, NOT EVIDENT",1,0,0,0,1,1,0,19,1,8,41.9416212555,-87.6521959019,"{'type': 'Point', 'coordinates': [-87.652195901906, 41.941621255545]}",,,,,,,,N,,
235112ba7699bfb2398eaa09b6a43c1efe7e293b499ebc390fe3da80a8d297c1ccedda1d641ce96891a3315d4515239089fa550619b9cfe92f10667f349a4087,2025-08-10T19:10:00.000,30,STOP SIGN/FLASHER,FUNCTIONING PROPERLY,CLEAR,DAYLIGHT,ANGLE,DIVIDED - W/MEDIAN BARRIER,STRAIGHT AND LEVEL,DRY,NO DEFECTS,ON SCENE,INJURY AND / OR TOW DUE TO CRASH,Y,"OVER $1,500",2025-08-10T19:14:00.000,FAILING TO YIELD RIGHT-OF-WAY,NOT APPLICABLE,1600,W,HUBBARD ST,1215,2,NO INDICATION OF INJURY,0,0,0,0,0,3,0,19,1,8,41.8899960018,-87.6671603665,"{'type': 'Point', 'coordinates': [-87.667160366454, 41.889996001809]}",,,,,,,,,,
45200186df441d0382c305538d714e69fd81b52c2fa0e85a1d0f969bbaaeb943be0dbf4b3a2df51719d22c97505d98dd548491e90e141a8a479f1641395fbd79,2025-08-10T19:00:00.000,25,UNKNOWN,UNKNOWN,UNKNOWN,UNKNOWN,SIDESWIPE OPPOSITE DIRECTION,NOT DIVIDED,STRAIGHT AND LEVEL,UNKNOWN,UNKNOWN,NOT ON SCENE (DESK REPORT),NO INJURY / DRIVE AWAY,,"OVER $1,500",2025-08-10T20:15:00.000,NOT APPLICABLE,NOT APPLICABLE,2312,N,ASHLAND AVE,1811,2,NO INDICATION OF INJURY,0,0,0,0,0,2,0,19,1,8,41.9237416824,-87.6683194106,"{'type': 'Point', 'coordinates': [-87.668319410607, 41.923741682421]}",,,,,,,,,,
2123f0924fdb8f478892f77bad68ac060a2e8ae6243e185a5067f1f22d4e99bb624ba70b52d78a059c642fdef732b960fff397ff02709e73285d3013fcb8799a,2025-08-10T18:55:00.000,30,NO CONTROLS,NO CONTROLS,CLEAR,"DARKNESS, LIGHTED ROAD",SIDESWIPE SAME DIRECTION,ONE-WAY,STRAIGHT AND LEVEL,DRY,NO DEFECTS,ON SCENE,INJURY AND / OR TOW DUE TO CRASH,,"OVER $1,500",2025-08-10T20:08:00.000,FAILING TO YIELD RIGHT-OF-WAY,NOT APPLICABLE,2627,N,RIDGEWAY AVE,2524,2,NO INDICATION OF INJURY,0,0,0,0,0,2,0,18,1,8,41.9290951507,-87.7206317481,"{'type': 'Point', 'coordinates': [-87.720631748094, 41.929095150684]}",,,,,,,,,,
052d558daef7589c428a609455701c78743b171895331be9d2514bb03b659f7ba2cd43c5c0cd095e4d3f11b78e917bb0ce541664b67cb924bab5f6c1f3ceb173,2025-08-10T18:45:00.000,30,NO CONTROLS,NO CONTROLS,CLEAR,DAYLIGHT,PARKED MOTOR VEHICLE,NOT DIVIDED,STRAIGHT AND LEVEL,DRY,NO DEFECTS,NOT ON SCENE (DESK REPORT),NO INJURY / DRIVE AWAY,,"$501 - $1,500",2025-08-12T15:55:00.000,NOT APPLICABLE,NOT APPLICABLE,10000,W,OHARE ST,1651,2,NO INDICATION OF INJURY,0,0,0,0,0,1,0,18,1,8,41.976201139,-87.9053091251,"{'type': 'Point', 'coordinates': [-87.905309125103, 41.976201139024]}",,,,,,,,,,
3c1c2e432d3a307208780a28161ac15eb8e8c98d6383660ff55b410d9103fa6d73d07dce16c198ce61a79cbc2b977e9b9a80b5badd897e8c0e64aecba991c06d,2025-08-10T18:20:00.000,30,TRAFFIC SIGNAL,FUNCTIONING PROPERLY,CLEAR,DUSK,REAR END,DIVIDED - W/MEDIAN (NOT RAISED),STRAIGHT AND LEVEL,DRY,NO DEFECTS,NOT ON SCENE (DESK REPORT),NO INJURY / DRIVE AWAY,Y,"OVER $1,500",2025-08-10T18:40:00.000,FAILING TO YIELD RIGHT-OF-WAY,FOLLOWING TOO CLOSELY,9100,S,VINCENNES AVE,2222,2,NO INDICATION OF INJURY,0,0,0,0,0,4,0,18,1,8,41.7286379217,-87.6481264481,"{'type': 'Point', 'coordinates': [-87.648126448137, 41.728637921715]}",,,,,,,,,,
66014dafd0cd82cde383d0d87a08f85b824b6685cb6dd2fa6fe2254bd626e872b37d1a945ca2b58f31ecc0c6bd199f1f07edc3662f7cf9506cd9e9bcf9881b44,2025-08-10T18:15:00.000,30,NO CONTROLS,NO CONTROLS,CLEAR,DAYLIGHT,PARKED MOTOR VEHICLE,ONE-WAY,STRAIGHT AND LEVEL,DRY,NO DEFECTS,ON SCENE,INJURY AND / OR TOW DUE TO CRASH,,"OVER $1,500",2025-08-10T18:17:00.000,UNABLE TO DETERMINE,UNABLE TO DETERMINE,1247,W,80TH ST,612,2,NONINCAPACITATING INJURY,1,0,0,1,0,0,0,18,1,8,41.7485403497,-87.6555484926,"{'type': 'Point', 'coordinates': [-87.655548492553, 41.748540349737]}",,,,,,,,,,
fa3a4e1bd9900cb8f0104a3cbe5e6101c19ed727c778dc4ba627b4610e3573ca9001782b0a9474d11ecc70a177eddc378e5c16f031d7034df20935b4ef7d5190,2025-08-10T18:15:00.000,30,NO CONTROLS,NO CONTROLS,CLEAR,DAYLIGHT,ANGLE,PARKING LOT,STRAIGHT AND LEVEL,DRY,NO DEFECTS,ON SCENE,NO INJURY / DRIVE AWAY,,"OVER $1,500",2025-08-10T18:18:00.000,FAILING TO YIELD RIGHT-OF-WAY,UNABLE TO DETERMINE,2950,N,CICERO AVE,2521,2,NO INDICATION OF INJURY,0,0,0,0,0,2,0,18,1,8,41.9348786815,-87.74687541,"{'type': 'Point', 'coordinates': [-87.746875410036, 41.934878681474]}",Y,,,,,,,,,
136e32e6d964787d287294317fe475da6fd7bfd7ccfeeb6218a63729588de22dab25bbf7493d003e3735a39447be49a7e2cc76494afa371147c478a46b7b205f,2025-08-10T18:10:00.000,30,NO CONTROLS,NO CONTROLS,CLEAR,DAYLIGHT,PARKED MOTOR VEHICLE,ONE-WAY,STRAIGHT AND LEVEL,DRY,NO DEFECTS,NOT ON SCENE (DESK REPORT),NO INJURY / DRIVE AWAY,,"OVER $1,500",2025-08-10T18:30:00.000,UNABLE TO DETERMINE,NOT APPLICABLE,920,W,CARMEN AVE,2024,2,NO INDICATION OF INJURY,0,0,0,0,0,1,0,18,1,8,41.9744312243,-87.6534406326,"{'type': 'Point', 'coordinates': [-87.653440632564, 41.974431224302]}",,,Y,,,,,,,
1538c51d05f4b02e9bfbf1d372b101bea1d70dbc1bfc4d281df4ad0db34c09cab9b9051b7208f9cf59ba4aa4e480dc2e00234464412f30feb746850e90d9e8d5,2025-08-10T18:10:00.000,30,TRAFFIC SIGNAL,FUNCTIONING PROPERLY,CLEAR,DAYLIGHT,SIDESWIPE SAME DIRECTION,T-INTERSECTION,STRAIGHT AND LEVEL,DRY,NO DEFECTS,NOT ON SCENE (DESK REPORT),NO INJURY / DRIVE AWAY,Y,"OVER $1,500",2025-08-10T18:15:00.000,FAILING TO YIELD RIGHT-OF-WAY,NOT APPLICABLE,2400,N,KEDZIE BLVD,1413,2,NO INDICATION OF INJURY,0,0,0,0,0,6,0,18,1,8,41.9247969338,-87.7073677247,"{'type': 'Point', 'coordinates': [-87.707367724723, 41.924796933803]}",,,,,,,,,,
5d01f59e2927b4da189e67a34c5e0eb060906a7757438dc5df173a08c696a5532eed029c730e16ff6d7050a6717eb3193563ed6fbc4fba361d2a6580bf0c61ba,2025-08-10T18:05:00.000,30,NO CONTROLS,NO CONTROLS,CLEAR,DAYLIGHT,PARKED MOTOR VEHICLE,NOT DIVIDED,STRAIGHT AND LEVEL,DRY,NO DEFECTS,ON SCENE,INJURY AND / OR TOW DUE TO CRASH,,"OVER $1,500",2025-08-10T18:41:00.000,DISTRACTION - FROM INSIDE VEHICLE,UNABLE TO DETERMINE,2552,N,NORMANDY AVE,2512,3,NO INDICATION OF INJURY,0,0,0,0,0,4,0,18,1,8,41.9269575272,-87.7930460814,"{'type': 'Point', 'coordinates': [-87.793046081414, 41.926957527192]}",,,,,,,,,,
2eba751b1f0b71d0d0614154911928c1dcbe63ca716481ae0b312b26fcfa2af27e4a180144afcbe4dde0f9e917c6920335c593211c4bda76a75661acbf7cb781,2025-08-10T18:00:00.000,25,UNKNOWN,UNKNOWN,UNKNOWN,UNKNOWN,SIDESWIPE SAME DIRECTION,NOT DIVIDED,STRAIGHT AND LEVEL,UNKNOWN,UNKNOWN,NOT ON SCENE (DESK REPORT),NO INJURY / DRIVE AWAY,,"OVER $1,500",2025-08-10T19:30:00.000,NOT APPLICABLE,NOT APPLICABLE,520,N,STATE ST,1831,2,NO INDICATION OF INJURY,0,0,0,0,0,2,0,18,1,8,41.8916310557,-87.6282158453,"{'type': 'Point', 'coordinates': [-87.628215845305, 41.891631055727]}",,,,,,,,,,
451ffb34096b92161c9402bdf13be143afe3f766681fde28c9e0184321c75de5bf69cdf54b17c18591cd3ea418f9bf9e898d6431eddacb98afaa4b68c046fc74,2025-08-10T18:00:00.000,30,NO CONTROLS,NO CONTROLS,UNKNOWN,UNKNOWN,PARKED MOTOR VEHICLE,PARKING LOT,STRAIGHT AND LEVEL,UNKNOWN,UNKNOWN,NOT ON SCENE (DESK REPORT),NO INJURY / DRIVE AWAY,,"OVER $1,500",2025-08-11T18:50:00.000,IMPROPER BACKING,FAILING TO REDUCE SPEED TO AVOID CRASH,455,W,GRANT PL,1812,2,NO INDICATION OF INJURY,0,0,0,0,0,1,0,18,1,8,41.9227462019,-87.641122843,"{'type': 'Point', 'coordinates': [-87.641122842988, 41.92274620186]}",Y,,Y,,,,,,,
5280ccb7afa725259e523189cfb4ee614d6655d0c1bd9d36dfbd1af42951639b35d5b9dcd0efed5f212f0855b33696568fc782d96b7b05a32ff0b2fb3803c286,2025-08-10T18:00:00.000,25,UNKNOWN,UNKNOWN,UNKNOWN,UNKNOWN,REAR END,PARKING LOT,STRAIGHT AND LEVEL,UNKNOWN,UNKNOWN,NOT ON SCENE (DESK REPORT),NO INJURY / DRIVE AWAY,,"OVER $1,500",2025-08-10T18:00:00.000,FOLLOWING TOO CLOSELY,IMPROPER OVERTAKING/PASSING,2056,N,CANNON DR,1814,2,NO INDICATION OF INJURY,0,0,0,0,0,6,0,18,1,8,41.9200635267,-87.6315382393,"{'type': 'Point', 'coordinates': [-87.631538239325, 41.920063526749]}",,,Y,,,,,,,
4f770b5fbff1cc2437c1c478dfdaf5cfcd38af6a9a8a1a8edaff7b8a792c6d88c827d2522dcca9f10c7080947466b2505a41da4f0ae7bb4d82cdcbb0a4feaf8d,2025-08-10T17:57:00.000,25,TRAFFIC SIGNAL,FUNCTIONING PROPERLY,CLEAR,DAYLIGHT,ANGLE,NOT DIVIDED,STRAIGHT AND LEVEL,DRY,NO DEFECTS,ON SCENE,INJURY AND / OR TOW DUE TO CRASH,Y,"$501 - $1,500",2025-08-10T17:57:00.000,DISREGARDING TRAFFIC SIGNALS,DISREGARDING TRAFFIC SIGNALS,39,W,75TH ST,623,2,"REPORTED, NOT EVIDENT",1,0,0,0,1,2,0,17,1,8,41.758051433,-87.6263415839,"{'type': 'Point', 'coordinates': [-87.626341583898, 41.758051432973]}",,,Y,,,,,,,
a15ab4418222fdd37d802041f82e6a6a52d84a9141b5b3ee0a460b9fb8888b586d9816e191d7e78f206fbb5fe6fab7504626f726a071e92b682d21cecad1e1ba,2025-08-10T17:45:00.000,20,NO CONTROLS,NO CONTROLS,CLEAR,DAYLIGHT,FIXED OBJECT,NOT DIVIDED,STRAIGHT AND LEVEL,DRY,NO DEFECTS,ON SCENE,INJURY AND / OR TOW DUE TO CRASH,,"OVER $1,500",2025-08-10T17:52:00.000,UNABLE TO DETERMINE,UNABLE TO DETERMINE,7500,S,HONORE ST,611,1,NO INDICATION OF INJURY,0,0,0,0,0,2,0,17,1,8,41.7573553454,-87.6698323908,"{'type': 'Point', 'coordinates': [-87.66983239079, 41.75735534544]}",Y,,,Y,Y,,,,,
19f207a8323d85aaa20617565d793a8b8d9e0894888bc75f96968d8a41e6ab597f9eaebff1456807a62ee9f7d66d733e30d6c81d84d8be0b8e6d51e77c266afc,2025-08-10T17:40:00.000,30,UNKNOWN,UNKNOWN,CLEAR,DAYLIGHT,OTHER NONCOLLISION,NOT DIVIDED,STRAIGHT AND LEVEL,DRY,UNKNOWN,ON SCENE,INJURY AND / OR TOW DUE TO CRASH,,"$501 - $1,500",2025-08-10T18:10:00.000,UNABLE TO DETERMINE,UNABLE TO DETERMINE,3558,W,PETERSON AVE,1711,2,NONINCAPACITATING INJURY,1,0,0,1,0,1,0,17,1,8,41.9903730908,-87.7188033148,"{'type': 'Point', 'coordinates': [-87.718803314823, 41.990373090831]}",,,Y,,,,,,,
7a4e8c856f7e6edb0f0e158f77bbaaf359707ba176569e79ce006ad04341b147b8dce086249553c8685ea4b8c9f32ea6f512719be26c39fbdb6f346a8c8d8a52,2025-08-10T17:33:00.000,30,NO CONTROLS,NO CONTROLS,CLEAR,DAYLIGHT,PARKED MOTOR VEHICLE,NOT DIVIDED,STRAIGHT AND LEVEL,DRY,UNKNOWN,,INJURY AND / OR TOW DUE TO CRASH,,"OVER $1,500",2025-08-10T17:33:00.000,NOT APPLICABLE,NOT APPLICABLE,3600,S,COTTAGE GROVE AVE,212,2,"REPORTED, NOT EVIDENT",1,0,0,0,1,1,0,17,1,8,41.8290261749,-87.6096489881,"{'type': 'Point', 'coordinates': [-87.609648988058, 41.829026174869]}",,,Y,,,,,,,
a17a10df54e0a2578cd9535f3befa33f05833b79f719eede4e42a0baaf62615fcd358fef35f945ce9a55804e19d4227d85eff20648c00942899fd15f83bec6b0,2025-08-10T17:30:00.000,30,TRAFFIC SIGNAL,UNKNOWN,CLEAR,DAYLIGHT,REAR END,FOUR WAY,STRAIGHT AND LEVEL,DRY,UNKNOWN,NOT ON SCENE (DESK REPORT),NO INJURY / DRIVE AWAY,Y,"OVER $1,500",2025-08-10T18:45:00.000,UNABLE TO DETERMINE,NOT APPLICABLE,5500,S,CICERO AVE,813,2,NO INDICATION OF INJURY,0,0,0,0,0,3,0,17,1,8,41.7929108835,-87.742077343,"{'type': 'Point', 'coordinates': [-87.742077342959, 41.792910883497]}",,,Y,,,,,,,
e9770bedaa701d6940931ef0247d848a795ee6c950fd51d9670f47696118779c41f979a9015e96c577e2615dad5e6c42a30c94a3a632693a8f0b8b00b2a6e40f,2025-08-10T17:30:00.000,30,STOP SIGN/FLASHER,FUNCTIONING PROPERLY,CLEAR,DAYLIGHT,REAR END,ONE-WAY,STRAIGHT AND LEVEL,DRY,NO DEFECTS,ON SCENE,NO INJURY / DRIVE AWAY,,"OVER $1,500",2025-08-10T17:31:00.000,UNABLE TO DETERMINE,UNABLE TO DETERMINE,401,S,LOTUS AVE,1522,2,NO INDICATION OF INJURY,0,0,0,0,0,2,0,17,1,8,41.8747246697,-87.7614722593,"{'type': 'Point', 'coordinates': [-87.761472259284, 41.874724669655]}",,,Y,,,,,,,
a516a2caedcf481fe0a084eb5af1e08a8b343427dc4d63d084d9ec102e4dda35a8611389e38a83334d444595645e243586e09497391fd88bea1397644cb5b62b,2025-08-10T17:26:00.000,30,NO CONTROLS,NO CONTROLS,CLEAR,DAYLIGHT,SIDESWIPE SAME DIRECTION,NOT DIVIDED,STRAIGHT AND LEVEL,DRY,UNKNOWN,NOT ON SCENE (DESK REPORT),INJURY AND / OR TOW DUE TO CRASH,,"OVER $1,500",2025-08-10T18:00:00.000,FAILING TO YIELD RIGHT-OF-WAY,NOT APPLICABLE,237,S,GREEN ST,1232,2,FATAL,1,1,0,0,0,4,0,17,1,8,41.8780564438,-87.6482684642,"{'type': 'Point', 'coordinates': [-87.648268464195, 41.878056443768]}",,,,,,,,,,
6be0fd32f7553b969df55fb13dd9395b973430dae49fa0f05312c1f8856e40f8baab47dd1cc15adec4001bcfd62b32f40cae004fc2ec9bf2cee32066663ef071,2025-08-10T17:20:00.000,30,NO CONTROLS,NO CONTROLS,CLEAR,DAYLIGHT,PEDALCYCLIST,DIVIDED - W/MEDIAN (NOT RAISED),STRAIGHT AND LEVEL,DRY,NO DEFECTS,NOT ON SCENE (DESK REPORT),NO INJURY / DRIVE AWAY,,$500 OR LESS,2025-08-10T17:50:00.000,FAILING TO YIELD RIGHT-OF-WAY,UNABLE TO DETERMINE,4017,W,LAWRENCE AVE,1722,2,NO INDICATION OF INJURY,0,0,0,0,0,2,0,17,1,8,41.9681238782,-87.7287699391,"{'type': 'Point', 'coordinates': [-87.728769939129, 41.968123878182]}",,,Y,,,,,,,
4fd05da8cfc94e6a24ad7f77255c298481c742a14ed3d42143f111a9005c2799760fcb32616b84a683889a38be51460dc114d7cebe9ae04ffc3fa225d2b3ea19,2025-08-10T17:15:00.000,30,NO CONTROLS,NO CONTROLS,CLEAR,DAYLIGHT,REAR END,NOT DIVIDED,STRAIGHT AND LEVEL,DRY,NO DEFECTS,NOT ON SCENE (DESK REPORT),NO INJURY / DRIVE AWAY,,"OVER $1,500",2025-08-11T15:16:00.000,UNABLE TO DETERMINE,UNABLE TO DETERMINE,5800,S,COTTAGE GROVE AVE,233,2,NO INDICATION OF INJURY,0,0,0,0,0,2,0,17,1,8,41.7894207178,-87.6062625882,"{'type': 'Point', 'coordinates': [-87.606262588229, 41.789420717811]}",,,,,,,,,,
015d89432654753860e9e7418bff767eee2ed205381b536dda8d4ba30a36f13e4e14181b5b98fdb21220b7ef055db3d552baddf5ebedf7212cff59b638027b43,2025-08-10T17:00:00.000,20,NO CONTROLS,NO CONTROLS,CLEAR,DAYLIGHT,PARKED MOTOR VEHICLE,PARKING LOT,STRAIGHT AND LEVEL,DRY,UNKNOWN,NOT ON SCENE (DESK REPORT),NO INJURY / DRIVE AWAY,,"OVER $1,500",2025-08-10T17:34:00.000,UNABLE TO DETERMINE,UNABLE TO DETERMINE,11055,S,WESTERN AVE,2212,2,NO INDICATION OF INJURY,0,0,0,0,0,1,0,17,1,8,41.6923615188,-87.6810264382,"{'type': 'Point', 'coordinates': [-87.681026438224, 41.692361518817]}",,,Y,,,,,,,
0870d0c0cc124ded3b1b90afa2355e69c6847fe244488b5c6596b3b95a46bdae474c46c1c5c4503af5c618d66c7fc38f5388ddc30430b3b1a07875867d51ea4b,2025-08-10T17:00:00.000,25,NO CONTROLS,NO CONTROLS,UNKNOWN,UNKNOWN,PARKED MOTOR VEHICLE,NOT DIVIDED,STRAIGHT AND LEVEL,UNKNOWN,UNKNOWN,NOT ON SCENE (DESK REPORT),NO INJURY / DRIVE AWAY,,"OVER $1,500",2025-08-11T20:00:00.000,UNABLE TO DETERMINE,NOT APPLICABLE,5312,W,JACKSON BLVD,1522,2,NO INDICATION OF INJURY,0,0,0,0,0,1,0,17,1,8,41.8767282133,-87.7581024173,"{'type': 'Point', 'coordinates': [-87.758102417306, 41.876728213288]}",,,Y,,Y,,,,,
1352246bb514f0ed25ca28b38f1b846cd5fd9faf00f9b4f0dcfef474b356d86871b1a2ef4991d2d3e05aec201f5fe62aa623fd79b74c43546d087afa40e5b0ef,2025-08-10T17:00:00.000,30,NO CONTROLS,NO CONTROLS,UNKNOWN,DAYLIGHT,REAR END,ONE-WAY,STRAIGHT AND LEVEL,UNKNOWN,UNKNOWN,NOT ON SCENE (DESK REPORT),NO INJURY / DRIVE AWAY,,"OVER $1,500",2025-08-12T17:22:00.000,UNABLE TO DETERMINE,UNABLE TO DETERMINE,6140,S,MICHIGAN AVE,311,2,NO INDICATION OF INJURY,0,0,0,0,0,2,0,17,1,8,41.7825714722,-87.6223003326,"{'type': 'Point', 'coordinates': [-87.62230033261, 41.782571472202]}",,Y,,,,,,,,
199e7c66210796beaaf1dfc87393f61ab7741b400d2e140e7d8e802c9861e54d39a86f3e210698eee11c4bfcbfacf4a50f636399f2038fee2f835dd0c2f7a94e,2025-08-10T17:00:00.000,30,NO CONTROLS,NO CONTROLS,CLEAR,DAYLIGHT,PEDALCYCLIST,ALLEY,STRAIGHT AND LEVEL,DRY,NO DEFECTS,ON SCENE,INJURY AND / OR TOW DUE TO CRASH,,$500 OR LESS,2025-08-10T17:09:00.000,UNABLE TO DETERMINE,NOT APPLICABLE,5036,W,WASHINGTON BLVD,1532,2,"REPORTED, NOT EVIDENT",1,0,0,0,1,2,0,17,1,8,41.8818430511,-87.7517133716,"{'type': 'Point', 'coordinates': [-87.751713371598, 41.881843051075]}",,,,,,,,,,
319aba5918c9f54e623bf0759fb60d2031de160079bea8ee2dffb025593969dd50a57b807ff0785938c9e97badf811371e58b4c4dbbd062e9aead0647573059d,2025-08-10T17:00:00.000,30,NO CONTROLS,NO CONTROLS,CLEAR,DAYLIGHT,TURNING,DIVIDED - W/MEDIAN (NOT RAISED),STRAIGHT AND LEVEL,DRY,NO DEFECTS,,NO INJURY / DRIVE AWAY,,"OVER $1,500",2025-08-10T17:30:00.000,UNABLE TO DETERMINE,NOT APPLICABLE,1801,W,BLOOMINGDALE AVE,1434,2,NO INDICATION OF INJURY,0,0,0,0,0,3,0,17,1,8,41.9141395721,-87.6727249159,"{'type': 'Point', 'coordinates': [-87.672724915943, 41.914139572081]}",,,,,,,,,,
48340dd8f756ca08e93af9b88e5a435d43c22f49a897539d550cacb187270dcc407e5bc0d3271a01d8fbbcbfa93d3e52975a16f2b99aec01d943f564501a2b39,2025-08-10T17:00:00.000,25,TRAFFIC SIGNAL,FUNCTIONING PROPERLY,CLEAR,DAYLIGHT,REAR END,DIVIDED - W/MEDIAN (NOT RAISED),STRAIGHT AND LEVEL,DRY,NO DEFECTS,ON SCENE,NO INJURY / DRIVE AWAY,,"$501 - $1,500",2025-08-10T17:05:00.000,UNABLE TO DETERMINE,UNABLE TO DETERMINE,200,W,MARQUETTE RD,722,2,NO INDICATION OF INJURY,0,0,0,0,0,2,0,17,1,8,41.7728176836,-87.6300244852,"{'type': 'Point', 'coordinates': [-87.630024485162, 41.772817683552]}",,,Y,,,,,,,
632a1393a13e4499a0a1dc834a8f14e7020f56c5d559ff704557e001cf7a1741412a519d5a990a7c5c82c7eccd1be3479c7112d22db10a8d5b5e44761bf2fe20,2025-08-10T17:00:00.000,45,NO CONTROLS,NO CONTROLS,CLEAR,DAYLIGHT,REAR TO FRONT,DIVIDED - W/MEDIAN BARRIER,STRAIGHT AND LEVEL,DRY,WORN SURFACE,NOT ON SCENE (DESK REPORT),NO INJURY / DRIVE AWAY,,"OVER $1,500",2025-08-10T17:53:00.000,DRIVING SKILLS/KNOWLEDGE/EXPERIENCE,NOT APPLICABLE,630,N,LAKE SHORE DR SB,1834,2,NO INDICATION OF INJURY,0,0,0,0,0,2,0,17,1,8,41.8936310596,-87.6148679557,"{'type': 'Point', 'coordinates': [-87.614867955678, 41.893631059554]}",,,Y,,Y,,,,,
b8513cfd7ad17ec65afa8e54b125f6ac04154d5e402d09ca99618b1f51d1529a9da6b7623a5d4e121d9c25456b8b3118e3ae273c0add913f554561fd8ae961b1,2025-08-10T17:00:00.000,25,UNKNOWN,UNKNOWN,UNKNOWN,UNKNOWN,REAR TO FRONT,NOT DIVIDED,STRAIGHT AND LEVEL,UNKNOWN,UNKNOWN,NOT ON SCENE (DESK REPORT),NO INJURY / DRIVE AWAY,,"OVER $1,500",2025-08-10T18:50:00.000,NOT APPLICABLE,NOT APPLICABLE,1237,N,MILWAUKEE AVE,1433,3,NO INDICATION OF INJURY,0,0,0,0,0,3,0,17,1,8,41.9042599647,-87.6676647561,"{'type': 'Point', 'coordinates': [-87.667664756135, 41.904259964741]}",,,,,,,,,,
e0f012bae7ee7338eaab750415f679f7b4bd789cf4e755df09b17b29909baba1e290385e79289ae4e477614b6d171aef231f14c12dc2e840cbf327448fc3c0c8,2025-08-10T17:00:00.000,30,NO CONTROLS,NO CONTROLS,CLEAR,DAYLIGHT,REAR END,NOT DIVIDED,STRAIGHT AND LEVEL,DRY,NO DEFECTS,NOT ON SCENE (DESK REPORT),NO INJURY / DRIVE AWAY,,"$501 - $1,500",2025-08-11T13:50:00.000,FOLLOWING TOO CLOSELY,FOLLOWING TOO CLOSELY,398,E,BALBO DR,114,2,NO INDICATION OF INJURY,0,0,0,0,0,2,0,17,1,8,41.8733686787,-87.6170961519,"{'type': 'Point', 'coordinates': [-87.617096151852, 41.873368678706]}",,,,,,,,,,
b3f2cb4ecde850a20a687454e695dd8ba0d79d778d6d0c974c1e46490851925c929629894d6d5f3b1f180c00fb82c6ffa18a5c6876ce7c4149992c617f7dfc10,2025-08-10T16:55:00.000,30,NO CONTROLS,UNKNOWN,CLEAR,DAYLIGHT,TURNING,ALLEY,STRAIGHT AND LEVEL,DRY,UNKNOWN,ON SCENE,INJURY AND / OR TOW DUE TO CRASH,,"OVER $1,500",2025-08-10T16:56:00.000,FAILING TO YIELD RIGHT-OF-WAY,NOT APPLICABLE,4009,N,KIMBALL AVE,1724,4,"REPORTED, NOT EVIDENT",2,0,0,0,2,2,0,16,1,8,41.9541533182,-87.7127714153,"{'type': 'Point', 'coordinates': [-87.71277141526, 41.954153318202]}",,,,,,,,,,
ceb429dd797b5e134537884c141c9187bae80fbbce77446799d97bb68f47bcd241e113fa594ab9218d0fef8e5fdf7c3f62628fe65840b197d8e2b357c11355ac,2025-08-10T16:50:00.000,15,NO CONTROLS,NO CONTROLS,CLEAR,DAYLIGHT,SIDESWIPE SAME DIRECTION,ONE-WAY,STRAIGHT AND LEVEL,DRY,NO DEFECTS,ON SCENE,NO INJURY / DRIVE AWAY,,"OVER $1,500",2025-08-10T16:50:00.000,FAILING TO REDUCE SPEED TO AVOID CRASH,NOT APPLICABLE,1146,N,SPRINGFIELD AVE,1112,3,NO INDICATION OF INJURY,0,0,0,0,0,2,0,16,1,8,41.9022581596,-87.7239982726,"{'type': 'Point', 'coordinates': [-87.723998272585, 41.902258159607]}",,,,,,,,,,
e63c8663752653c6d92aeddd491c8ef81d26627cfab92ccdedf11595dd942cc508d3c7fd4bb1d810f86a7a4e1b799ec2619116a7038edc0d56a890288f5e2f5e,2025-08-10T16:50:00.000,15,NO CONTROLS,NO CONTROLS,CLEAR,DAYLIGHT,ANGLE,PARKING LOT,STRAIGHT AND LEVEL,DRY,NO DEFECTS,NOT ON SCENE (DESK REPORT),NO INJURY / DRIVE AWAY,,"$501 - $1,500",2025-08-10T17:50:00.000,FAILING TO YIELD RIGHT-OF-WAY,NOT APPLICABLE,10532,S,INDIANAPOLIS AVE,432,2,NO INDICATION OF INJURY,0,0,0,0,0,3,0,16,1,8,41.7036623609,-87.5257124268,"{'type': 'Point', 'coordinates': [-87.52571242676, 41.703662360894]}",Y,,Y,,,,,,,