crash_record_id,crash_date,posted_speed_limit,traffic_control_device,device_condition,weather_condition,lighting_condition,first_crash_type,trafficway_type,alignment,roadway_surface_cond,road_defect,report_type,crash_type,intersection_related_i,damage,date_police_notified,prim_contributory_cause,sec_contributory_cause,street_no,street_direction,street_name,beat_of_occurrence,num_units,most_severe_injury,injuries_total,injuries_fatal,injuries_incapacitating,injuries_non_incapacitating,injuries_reported_not_evident,injuries_no_indication,injuries_unknown,crash_hour,crash_day_of_week,crash_month,latitude,longitude,location,private_property_i,photos_taken_i,hit_and_run_i,statements_taken_i,crash_date_est_i,work_zone_i,work_zone_type,dooring_i,lane_cnt,workers_present_i
fbb13fa3941eda9dd7bd0785629136832f0a38329740459e7e6723060f289dfbd180bc1803242bb53ee36fbeee347442af35e4948e257627b0efbcf657b00f40,2025-08-10T16:44:00.000,30,TRAFFIC SIGNAL,FUNCTIONING PROPERLY,CLEAR,DAYLIGHT,REAR END,NOT DIVIDED,STRAIGHT AND LEVEL,DRY,NO DEFECTS,NOT ON SCENE (DESK REPORT),NO INJURY / DRIVE AWAY,,"OVER $1,500",2025-08-10T17:20:00.000,FOLLOWING TOO CLOSELY,NOT APPLICABLE,9003,S,HALSTED ST,2223,2,NO INDICATION OF INJURY,0,0,0,0,0,2,0,16,1,8,41.7306891425,-87.6433179748,"{'type': 'Point', 'coordinates': [-87.643317974817, 41.730689142488]}",,,Y,,,,,,,
3a73e5755f409b01d3a4863f0672ea22481c885c39b69de30927d27b2c8577c5f681e276a0fc8de9bd0c490a3a80558da8b717593097bd39e1150843a46c804b,2025-08-10T16:40:00.000,30,NO CONTROLS,NO CONTROLS,CLEAR,DAYLIGHT,PARKED MOTOR VEHICLE,NOT DIVIDED,STRAIGHT AND LEVEL,DRY,UNKNOWN,NOT ON SCENE (DESK REPORT),NO INJURY / DRIVE AWAY,,"$501 - $1,500",2025-08-10T21:00:00.000,UNABLE TO DETERMINE,UNABLE TO DETERMINE,200,W,INSTITUTE PL,1823,2,NO INDICATION OF INJURY,0,0,0,0,0,1,0,16,1,8,41.8975285968,-87.634307927,"{'type': 'Point', 'coordinates': [-87.634307927001, 41.897528596845]}",,,Y,,,,,,,
de1903f31e43f02058b233bfc2dafd3b217c2bb983f446d40391d90e88ba7840bba433e5cc70babc895c31329a01f4a2e19dc25fbb19e18d0c9f9a696d5a823e,2025-08-10T16:35:00.000,30,UNKNOWN,UNKNOWN,CLEAR,DAYLIGHT,ANGLE,T-INTERSECTION,STRAIGHT AND LEVEL,UNKNOWN,UNKNOWN,NOT ON SCENE (DESK REPORT),NO INJURY / DRIVE AWAY,,"OVER $1,500",2025-08-10T18:30:00.000,UNABLE TO DETERMINE,UNABLE TO DETERMINE,1340,N,NORTH PARK AVE,1821,2,NO INDICATION OF INJURY,0,0,0,0,0,2,0,16,1,8,41.9068358375,-87.6366808169,"{'type': 'Point', 'coordinates': [-87.636680816881, 41.90683583747]}",,,,,,,,,,
5ff5bfa5546cd337c170507cf4fb4077ff59ce6f387f84774b7efda804a12a48236a3aaf38b4e04afe44540742d526a8476a9659bf3b93877373ba1c4f2940d0,2025-08-10T16:33:00.000,30,NO CONTROLS,NO CONTROLS,CLEAR,DAYLIGHT,PARKED MOTOR VEHICLE,ONE-WAY,STRAIGHT AND LEVEL,DRY,NO DEFECTS,ON SCENE,NO INJURY / DRIVE AWAY,,"$501 - $1,500",2025-08-10T16:33:00.000,IMPROPER BACKING,IMPROPER BACKING,4317,W,28TH ST,1031,2,NO INDICATION OF INJURY,0,0,0,0,0,1,0,16,1,8,41.840354402,-87.7325368307,"{'type': 'Point', 'coordinates': [-87.732536830668, 41.840354402038]}",,,,,,,,,,
790baad4a3472a94f35cb446102aaa0e7353087c677b979b644ab883d121f0b5e4f9bb42fbe24951a2e055aadc0ba4c474fc66c1eab32ff8ff3e5d834b4d8179,2025-08-10T16:33:00.000,30,TRAFFIC SIGNAL,FUNCTIONING PROPERLY,CLEAR,DAYLIGHT,ANGLE,FOUR WAY,STRAIGHT AND LEVEL,DRY,WORN SURFACE,ON SCENE,INJURY AND / OR TOW DUE TO CRASH,Y,"OVER $1,500",2025-08-10T16:40:00.000,DISREGARDING TRAFFIC SIGNALS,FAILING TO YIELD RIGHT-OF-WAY,3500,S,UNION AVE,915,2,NONINCAPACITATING INJURY,1,0,0,1,0,1,0,16,1,8,41.8306886884,-87.6438185379,"{'type': 'Point', 'coordinates': [-87.643818537902, 41.830688688438]}",,,Y,,,,,,,
493f8ccc41a9a72a8f4208f5aaaa498f4f8b7c4e1ce6e71a4d85950bdc0170af140a360262ce931221a393ca443eefc3b0f88b42cec0ccef1ae410febeaf3f8b,2025-08-10T16:30:00.000,30,TRAFFIC SIGNAL,FUNCTIONING PROPERLY,CLEAR,DAYLIGHT,TURNING,FOUR WAY,STRAIGHT AND LEVEL,DRY,NO DEFECTS,ON SCENE,NO INJURY / DRIVE AWAY,Y,"OVER $1,500",2025-08-10T16:55:00.000,DISREGARDING TRAFFIC SIGNALS,"OPERATING VEHICLE IN ERRATIC, RECKLESS, CARELESS, NEGLIGENT OR AGGRESSIVE MANNER",3001,N,CICERO AVE,2521,2,NO INDICATION OF INJURY,0,0,0,0,0,2,0,16,1,8,41.9352299706,-87.7465957178,"{'type': 'Point', 'coordinates': [-87.746595717803, 41.935229970562]}",,,Y,,,,,,,
e870fb4c1adc3d3b0bb32fa0abc1ba5b886b591d19681443b29ebbe066dc050e8eaf7fc14995d54874301ebb958d69a841c42e25fb852def4a94b158ccf045c3,2025-08-10T16:30:00.000,30,UNKNOWN,UNKNOWN,CLEAR,DAYLIGHT,SIDESWIPE SAME DIRECTION,NOT DIVIDED,STRAIGHT AND LEVEL,UNKNOWN,UNKNOWN,NOT ON SCENE (DESK REPORT),NO INJURY / DRIVE AWAY,,"OVER $1,500",2025-08-10T17:00:00.000,UNABLE TO DETERMINE,UNABLE TO DETERMINE,400,N,MILWAUKEE AVE,1214,2,NO INDICATION OF INJURY,0,0,0,0,0,2,0,16,1,8,41.8890094526,-87.6445004202,"{'type': 'Point', 'coordinates': [-87.644500420233, 41.889009452567]}",,,,,,,,,,
ee372e7d1a6a82f75f92456baaffdad79eb5aeba839f99e7c7b662ae015ef1ee82a4f5eafb8553abb5b00774682d109986a4f3e45bca196281ec72b9b69acd38,2025-08-10T16:30:00.000,20,NO CONTROLS,NO CONTROLS,CLEAR,DAYLIGHT,PARKED MOTOR VEHICLE,ONE-WAY,STRAIGHT AND LEVEL,DRY,NO DEFECTS,ON SCENE,NO INJURY / DRIVE AWAY,,"$501 - $1,500",2025-08-12T10:00:00.000,IMPROPER BACKING,NOT APPLICABLE,5423,W,GIDDINGS ST,1623,2,NO INDICATION OF INJURY,0,0,0,0,0,1,0,16,1,8,41.9663527757,-87.7634583267,"{'type': 'Point', 'coordinates': [-87.763458326658, 41.966352775697]}",,,Y,,,,,,,
4419b383cdca53ab49e737c04b82591cfa02898467d2810cdd9a2b16926f57aa84204b3ba2fe4b090d8edd59e6004d7533dcdbce663c56022c0de206c1ae2420,2025-08-10T16:20:00.000,30,NO CONTROLS,NO CONTROLS,CLEAR,DAYLIGHT,PARKED MOTOR VEHICLE,NOT DIVIDED,STRAIGHT AND LEVEL,UNKNOWN,UNKNOWN,NOT ON SCENE (DESK REPORT),NO INJURY / DRIVE AWAY,,"$501 - $1,500",2025-08-10T16:38:00.000,UNABLE TO DETERMINE,NOT APPLICABLE,5200,N,ROCKWELL ST,2011,2,NO INDICATION OF INJURY,0,0,0,0,0,1,0,16,1,8,41.9759185764,-87.6942122464,"{'type': 'Point', 'coordinates': [-87.694212246409, 41.975918576402]}",,,Y,,,,,,,
3dab32bac2d75d0f1c17ec96cd23f6fcb0f247474c716c9480473f09520a8836426fa7cbe6cdca9532f25034e5bd70d1c4fb39ed9790c0a9f54f8bd3df963f99,2025-08-10T16:19:00.000,30,STOP SIGN/FLASHER,FUNCTIONING PROPERLY,CLEAR,DAYLIGHT,ANGLE,FOUR WAY,STRAIGHT AND LEVEL,DRY,NO DEFECTS,NOT ON SCENE (DESK REPORT),NO INJURY / DRIVE AWAY,Y,"OVER $1,500",2025-08-10T17:15:00.000,DISREGARDING STOP SIGN,FAILING TO REDUCE SPEED TO AVOID CRASH,6731,W,BARRY AVE,2511,2,NO INDICATION OF INJURY,0,0,0,0,0,4,0,16,1,8,41.9362545553,-87.7944764863,"{'type': 'Point', 'coordinates': [-87.794476486264, 41.936254555339]}",,,,,,,,,,
5842ee2b5e90cfffc44b8abba1c7cff2cd865358c3da25e91522186cc5f9d0787456a997939530c3e60c419312960c7288f58edc7e8106af9e8befbd61b71eaa,2025-08-10T16:15:00.000,20,NO CONTROLS,NO CONTROLS,CLEAR,DAYLIGHT,PARKED MOTOR VEHICLE,NOT DIVIDED,STRAIGHT AND LEVEL,DRY,NO DEFECTS,ON SCENE,NO INJURY / DRIVE AWAY,,"OVER $1,500",2025-08-10T16:26:00.000,IMPROPER OVERTAKING/PASSING,UNABLE TO DETERMINE,1238,W,BRYN MAWR AVE,2013,2,NO INDICATION OF INJURY,0,0,0,0,0,1,0,16,1,8,41.9837097578,-87.6616110611,"{'type': 'Point', 'coordinates': [-87.661611061071, 41.983709757816]}",,,,,,,,,,
49ff73da32d803b7edd82c6d1636dcfd30bf4202ae3b18f6c2969b11a7e2cf83137bcfcf919ee9b326be831167b20b12a57d70b845dcdf5dc76936c2ea1e588b,2025-08-10T16:10:00.000,30,TRAFFIC SIGNAL,FUNCTIONING PROPERLY,CLEAR,DAYLIGHT,ANGLE,DIVIDED - W/MEDIAN (NOT RAISED),STRAIGHT AND LEVEL,DRY,NO DEFECTS,ON SCENE,INJURY AND / OR TOW DUE TO CRASH,Y,"OVER $1,500",2025-08-10T16:20:00.000,IMPROPER TURNING/NO SIGNAL,FAILING TO YIELD RIGHT-OF-WAY,7150,W,ADDISON ST,1632,2,NO INDICATION OF INJURY,0,0,0,0,0,2,0,16,1,8,41.945403315,-87.8054005242,"{'type': 'Point', 'coordinates': [-87.805400524217, 41.94540331496]}",,,,,,,,,,
ecd38bc283b33a166e896e23b1dcce8e5c4b95ddb4f0e506cb88c35453be43b8b372bebf3adebd917934f52f37262fdfb25a5f99869dc10768ad93941d67933c,2025-08-10T16:07:00.000,30,TRAFFIC SIGNAL,FUNCTIONING PROPERLY,CLEAR,DAYLIGHT,REAR END,DIVIDED - W/MEDIAN (NOT RAISED),STRAIGHT AND LEVEL,DRY,NO DEFECTS,ON SCENE,NO INJURY / DRIVE AWAY,,"OVER $1,500",2025-08-10T16:07:00.000,FOLLOWING TOO CLOSELY,FOLLOWING TOO CLOSELY,3221,W,IRVING PARK RD,1733,2,NO INDICATION OF INJURY,0,0,0,0,0,3,0,16,1,8,41.9538040011,-87.7088620931,"{'type': 'Point', 'coordinates': [-87.708862093136, 41.953804001068]}",,,,,,,,,,
d009fb9dcd58811617d87c9a6996a7a1d17d79d6e9c560df659e645f1d1a8933427c431ba18c2fb91e18defe04d96534e5459799f74a9e00e343b6337961c4d5,2025-08-10T16:00:00.000,25,NO CONTROLS,NO CONTROLS,CLEAR,DAYLIGHT,OTHER OBJECT,PARKING LOT,STRAIGHT AND LEVEL,DRY,NO DEFECTS,ON SCENE,INJURY AND / OR TOW DUE TO CRASH,,"OVER $1,500",2025-08-10T16:05:00.000,EQUIPMENT - VEHICLE CONDITION,EQUIPMENT - VEHICLE CONDITION,9530,S,CONSTANCE AVE,431,1,NONINCAPACITATING INJURY,1,0,0,1,0,0,0,16,1,8,41.7215236624,-87.5791262642,"{'type': 'Point', 'coordinates': [-87.579126264159, 41.721523662449]}",,,,,,,,,,
de1f833d55d3522aa24acfeb0e6007fc354250fc0afb7f33540517d740158d5faef49471af315d8715b640f444824d54a5eb9c3f5527aaf92cd010a9a9c92479,2025-08-10T16:00:00.000,30,NO CONTROLS,NO CONTROLS,CLEAR,DAYLIGHT,TURNING,NOT DIVIDED,STRAIGHT AND LEVEL,DRY,NO DEFECTS,NOT ON SCENE (DESK REPORT),NO INJURY / DRIVE AWAY,,"$501 - $1,500",2025-08-10T17:40:00.000,UNABLE TO DETERMINE,UNABLE TO DETERMINE,9737,S,WESTERN AVE,2213,2,NO INDICATION OF INJURY,0,0,0,0,0,2,0,16,1,8,41.7162936095,-87.6817771949,"{'type': 'Point', 'coordinates': [-87.681777194949, 41.716293609507]}",,,,,N,,,,,
e9b8242a9be093740be3a00e0ededa43adc023d4e7004061ee79edfc3804883e2657f7aace9eb176fb881bea3548d1ba1e0967a9002213121d57d7c9c7ef9e18,2025-08-10T15:57:00.000,30,NO CONTROLS,NO CONTROLS,CLEAR,DAYLIGHT,SIDESWIPE SAME DIRECTION,ONE-WAY,STRAIGHT AND LEVEL,UNKNOWN,UNKNOWN,ON SCENE,INJURY AND / OR TOW DUE TO CRASH,,"OVER $1,500",2025-08-10T16:10:00.000,UNABLE TO DETERMINE,UNABLE TO DETERMINE,1932,N,BURLING ST,1813,2,NO INDICATION OF INJURY,0,0,0,0,0,3,0,15,1,8,41.9169918016,-87.6474159719,"{'type': 'Point', 'coordinates': [-87.647415971852, 41.916991801582]}",,,,,,,,,,
71740d86410787393117ab51c0f85be7556b14b65b241b1e6e2207c1b98b68b56520682d545f2e962eb7c0acd33969f4a21af028980f61a303f4f381db3a6216,2025-08-10T15:53:00.000,25,TRAFFIC SIGNAL,FUNCTIONING PROPERLY,CLEAR,DAYLIGHT,SIDESWIPE SAME DIRECTION,NOT DIVIDED,STRAIGHT AND LEVEL,DRY,NO DEFECTS,ON SCENE,NO INJURY / DRIVE AWAY,,"OVER $1,500",2025-08-10T17:16:00.000,IMPROPER OVERTAKING/PASSING,IMPROPER OVERTAKING/PASSING,360,N,MICHIGAN AVE,111,2,NO INDICATION OF INJURY,0,0,0,0,0,2,0,15,1,8,41.8881401524,-87.6246957901,"{'type': 'Point', 'coordinates': [-87.624695790101, 41.888140152412]}",,,Y,,,,,,,
1901fe1e05f70b1350d989b2198a94636722a3c88f2bc6bbe933211e5311879744dc655caa7c88048508bc6e74c02f688402e9ea1e66a6a4e1a259dd22fa8247,2025-08-10T15:50:00.000,30,NO CONTROLS,NO CONTROLS,CLEAR,DAYLIGHT,PARKED MOTOR VEHICLE,ONE-WAY,STRAIGHT AND LEVEL,DRY,NO DEFECTS,NOT ON SCENE (DESK REPORT),NO INJURY / DRIVE AWAY,,"$501 - $1,500",2025-08-10T20:22:00.000,NOT APPLICABLE,NOT APPLICABLE,5628,S,TROY ST,824,2,NO INDICATION OF INJURY,0,0,0,0,0,1,0,15,1,8,41.7908370472,-87.702404261,"{'type': 'Point', 'coordinates': [-87.702404260992, 41.790837047214]}",,,Y,,,,,,,
ed69d0c8f60a8735bffbe39c1f68e62a7c4aabd0d3e2826bfc09ff0b7df85193e299872961536ba0d79d0a3c7d0b021e4817e3f7d275cf4c17be6b7a33f0f0a9,2025-08-10T15:50:00.000,30,NO CONTROLS,NO CONTROLS,CLEAR,DAYLIGHT,REAR END,DIVIDED - W/MEDIAN (NOT RAISED),STRAIGHT AND LEVEL,DRY,NO DEFECTS,ON SCENE,NO INJURY / DRIVE AWAY,,"$501 - $1,500",2025-08-10T15:53:00.000,FOLLOWING TOO CLOSELY,NOT APPLICABLE,10323,S,PULASKI RD,2211,2,NO INDICATION OF INJURY,0,0,0,0,0,6,0,15,1,8,41.7051605829,-87.7207437519,"{'type': 'Point', 'coordinates': [-87.7207437519, 41.70516058286]}",,,,,,,,,,
45bb1a99af46e5b49d8b9bd13d79c2ba572bcc8a24612a997164669419ca67308389152223bb5bcf4263d39b2bbcda7dc8efa8375a1c4b5ce2e377257d9901b7,2025-08-10T15:37:00.000,30,STOP SIGN/FLASHER,FUNCTIONING PROPERLY,CLEAR,DAYLIGHT,PARKED MOTOR VEHICLE,ONE-WAY,STRAIGHT AND LEVEL,DRY,UNKNOWN,NOT ON SCENE (DESK REPORT),NO INJURY / DRIVE AWAY,,"OVER $1,500",2025-08-10T16:10:00.000,DRIVING SKILLS/KNOWLEDGE/EXPERIENCE,NOT APPLICABLE,2452,W,OHIO ST,1221,2,NO INDICATION OF INJURY,0,0,0,0,0,2,0,15,1,8,41.8921984442,-87.6888925843,"{'type': 'Point', 'coordinates': [-87.688892584346, 41.892198444229]}",,,,,,,,,,
08ed179efac3f7608e34b009e29a12f4ecaa6f847a92afb604b3c541df9aed53b1bf8a6eedcb664a36d28b5deb7cc6f50c068d735fbdcc16ae20779cbd48d649,2025-08-10T15:30:00.000,25,TRAFFIC SIGNAL,FUNCTIONING PROPERLY,CLEAR,DAYLIGHT,FIXED OBJECT,FOUR WAY,STRAIGHT AND LEVEL,DRY,UNKNOWN,ON SCENE,INJURY AND / OR TOW DUE TO CRASH,,"OVER $1,500",2025-08-10T15:34:00.000,UNABLE TO DETERMINE,DRIVING SKILLS/KNOWLEDGE/EXPERIENCE,2600,S,CANAL ST,914,1,NO INDICATION OF INJURY,0,0,0,0,0,1,0,15,1,8,41.8453884528,-87.6384815129,"{'type': 'Point', 'coordinates': [-87.638481512919, 41.845388452774]}",,,,,,,,,,
951097997f562d349bd2dd93b5edcf88823b42231eae2de8f658e36c9b9522dbffd285f47a82d9afb54ad3e15ef88f5d1c90222541ca7287732cfe1428758333,2025-08-10T15:30:00.000,30,NO CONTROLS,NO CONTROLS,CLEAR,DAYLIGHT,REAR END,NOT DIVIDED,STRAIGHT AND LEVEL,DRY,NO DEFECTS,ON SCENE,NO INJURY / DRIVE AWAY,,"OVER $1,500",2025-08-10T15:47:00.000,FOLLOWING TOO CLOSELY,FAILING TO REDUCE SPEED TO AVOID CRASH,2639,W,83RD ST,835,2,NO INDICATION OF INJURY,0,0,0,0,0,3,0,15,1,8,41.742601292,-87.6892306636,"{'type': 'Point', 'coordinates': [-87.689230663625, 41.742601292034]}",,,,,,,,,,
cd39b20097b9b7d9b5ea475166eef99c7f7d0fb92d4a056d1e1045787474934b2f7003d7e247785cceba03515f10f620bb5d022dfa4b03a47ae2921ce3ea6643,2025-08-10T15:30:00.000,30,TRAFFIC SIGNAL,FUNCTIONING PROPERLY,CLEAR,DAYLIGHT,REAR END,NOT DIVIDED,STRAIGHT AND LEVEL,DRY,UNKNOWN,NOT ON SCENE (DESK REPORT),NO INJURY / DRIVE AWAY,,"OVER $1,500",2025-08-10T16:40:00.000,FOLLOWING TOO CLOSELY,UNABLE TO DETERMINE,17,S,PULASKI RD,1122,2,NO INDICATION OF INJURY,0,0,0,0,0,3,0,15,1,8,41.880146878,-87.7255044127,"{'type': 'Point', 'coordinates': [-87.72550441267, 41.880146878032]}",,,Y,,,,,,,
32e02d5beef0fa301ac98eb46624fd1b96542852cef339f05a5d4883d8db94b20af9ebd9952db728712bc06f3a77370946608ba1a593bc597bbf67e31618fb73,2025-08-10T15:20:00.000,35,TRAFFIC SIGNAL,UNKNOWN,CLEAR,DAYLIGHT,SIDESWIPE SAME DIRECTION,NOT DIVIDED,STRAIGHT AND LEVEL,DRY,UNKNOWN,ON SCENE,NO INJURY / DRIVE AWAY,,"OVER $1,500",2025-08-10T15:22:00.000,DRIVING SKILLS/KNOWLEDGE/EXPERIENCE,NOT APPLICABLE,3899,S,WESTERN AVE,911,2,NO INDICATION OF INJURY,0,0,0,0,0,2,0,15,1,8,41.8230513047,-87.6847463682,"{'type': 'Point', 'coordinates': [-87.684746368215, 41.823051304692]}",,,,,,,,,,
fffb6cce1bb7db57c45ff1d14d9cbadfb6562cba3afe534afe14bb2c5390e99df943d54b85e2ece841e8a4756a40e271e20fa4d463e793e18f3b43176f12f7eb,2025-08-10T15:15:00.000,5,NO CONTROLS,NO CONTROLS,CLEAR,DAYLIGHT,REAR END,OTHER,STRAIGHT AND LEVEL,WET,NO DEFECTS,NOT ON SCENE (DESK REPORT),NO INJURY / DRIVE AWAY,,"OVER $1,500",2025-08-10T15:40:00.000,UNABLE TO DETERMINE,NOT APPLICABLE,3549,S,KEDZIE AVE,911,2,NO INDICATION OF INJURY,0,0,0,0,0,2,0,15,1,8,41.8283551061,-87.7044006208,"{'type': 'Point', 'coordinates': [-87.704400620843, 41.828355106082]}",,,,,,,,,,
185fcdb4a30e88ef34d39949f52ac75d442fb0906bb306705019bfb54865a483b835d7466455aa715f92449b825fa23059e3d844223879f151b6c97fb5d4fe7a,2025-08-10T15:00:00.000,30,NO CONTROLS,NO CONTROLS,CLEAR,DAYLIGHT,REAR END,NOT DIVIDED,STRAIGHT AND LEVEL,DRY,NO DEFECTS,ON SCENE,NO INJURY / DRIVE AWAY,,"OVER $1,500",2025-08-10T15:05:00.000,FOLLOWING TOO CLOSELY,DRIVING SKILLS/KNOWLEDGE/EXPERIENCE,1550,W,MADISON ST,1224,2,NO INDICATION OF INJURY,0,0,0,0,0,2,0,15,1,8,41.8815677265,-87.6665098293,"{'type': 'Point', 'coordinates': [-87.666509829278, 41.881567726469]}",,,,,,,,,,
0db6b0db00f41e933f93ceeda9d635cee450cb37a682a0c6fac2d5144e51bd83706b945de6396e8f093299ebf72e2461206e24768a6a5ddb4b5d6fb1c2aaf1dc,2025-08-10T14:59:00.000,30,TRAFFIC SIGNAL,FUNCTIONING PROPERLY,CLEAR,DAYLIGHT,PEDALCYCLIST,NOT DIVIDED,STRAIGHT AND LEVEL,DRY,NO DEFECTS,NOT ON SCENE (DESK REPORT),NO INJURY / DRIVE AWAY,,$500 OR LESS,2025-08-10T20:28:00.000,NOT APPLICABLE,NOT APPLICABLE,165,W,31ST ST,915,2,NO INDICATION OF INJURY,0,0,0,0,0,2,0,14,1,8,41.8381356687,-87.6310748115,"{'type': 'Point', 'coordinates': [-87.631074811454, 41.8381356687]}",,,,,,,,Y,,
224cc0deb00ce5a828b5d32dde4d5bf702f438b7742a486fed80deeafaab50f7c278a8f0ad12228248374917d186d80e9fc8178d9969ea3c506532041383e7ac,2025-08-10T14:57:00.000,25,NO CONTROLS,NO CONTROLS,CLEAR,DAYLIGHT,REAR END,NOT DIVIDED,STRAIGHT AND LEVEL,DRY,NO DEFECTS,ON SCENE,INJURY AND / OR TOW DUE TO CRASH,Y,"OVER $1,500",2025-08-10T14:57:00.000,FOLLOWING TOO CLOSELY,FAILING TO REDUCE SPEED TO AVOID CRASH,509,E,79TH ST,624,3,NO INDICATION OF INJURY,0,0,0,0,0,5,0,14,1,8,41.7510552777,-87.612102936,"{'type': 'Point', 'coordinates': [-87.612102935981, 41.751055277659]}",,N,,,,,,,,
e833fe6c33dec3a292ee47d60263fec5894f6e56f1d07cbdeedc3753437837fb08d61f144535df5e5710753333ce5a589a504eb594a29d3c00a821078d3fe67a,2025-08-10T14:47:00.000,30,TRAFFIC SIGNAL,UNKNOWN,CLEAR,DAYLIGHT,TURNING,"FIVE POINT, OR MORE",STRAIGHT AND LEVEL,DRY,UNKNOWN,NOT ON SCENE (DESK REPORT),INJURY AND / OR TOW DUE TO CRASH,Y,"OVER $1,500",2025-08-11T09:30:00.000,UNABLE TO DETERMINE,UNABLE TO DETERMINE,1600,E,79TH ST,411,2,"REPORTED, NOT EVIDENT",1,0,0,0,1,1,0,14,1,8,41.7516115233,-87.5855922843,"{'type': 'Point', 'coordinates': [-87.585592284288, 41.751611523273]}",,,Y,,,,,,,
c018c1029208360a8d0761ddc413c9403bddaefe6f05831e42645e5a6d11a6ab2d536c389ba115a6551ef0b1804600621bc8327509c44ea75cf8ea86b4877cae,2025-08-10T14:44:00.000,20,NO CONTROLS,UNKNOWN,UNKNOWN,UNKNOWN,PARKED MOTOR VEHICLE,ONE-WAY,STRAIGHT AND LEVEL,UNKNOWN,UNKNOWN,NOT ON SCENE (DESK REPORT),NO INJURY / DRIVE AWAY,,"OVER $1,500",2025-08-11T16:36:00.000,UNABLE TO DETERMINE,UNABLE TO DETERMINE,3846,W,ARGYLE ST,1712,2,NO INDICATION OF INJURY,0,0,0,0,0,1,0,14,1,8,41.9720272905,-87.7251845186,"{'type': 'Point', 'coordinates': [-87.725184518645, 41.972027290485]}",,,Y,,,,,,,
1ffa422461165709b73fb89df07c978193ffed96ced6b3f8749f081c7947d2fc667a664bc59aeda694f6efa5a0814eca415b35e4476fad072044411b89ea6297,2025-08-10T14:40:00.000,35,TRAFFIC SIGNAL,FUNCTIONING PROPERLY,CLEAR,DAYLIGHT,TURNING,NOT DIVIDED,STRAIGHT AND LEVEL,DRY,NO DEFECTS,ON SCENE,INJURY AND / OR TOW DUE TO CRASH,Y,"OVER $1,500",2025-08-10T15:16:00.000,IMPROPER TURNING/NO SIGNAL,IMPROPER TURNING/NO SIGNAL,101,S,LAKE SHORE DR NB,114,3,NO INDICATION OF INJURY,0,0,0,0,0,4,0,14,1,8,41.8808569263,-87.6171033844,"{'type': 'Point', 'coordinates': [-87.617103384378, 41.880856926277]}",,,,,,,,,,
e1077f1a42e5a7b1154be8a882d3da3c8495aae0cd77f39c72196b186dae320cb0d4cb959427623dd147e766264d28c5c32c2626524d7c9451342326d6671578,2025-08-10T14:40:00.000,10,NO CONTROLS,NO CONTROLS,CLEAR,DAYLIGHT,REAR TO SIDE,PARKING LOT,STRAIGHT AND LEVEL,DRY,UNKNOWN,NOT ON SCENE (DESK REPORT),NO INJURY / DRIVE AWAY,,"OVER $1,500",2025-08-11T11:35:00.000,FAILING TO YIELD RIGHT-OF-WAY,FAILING TO REDUCE SPEED TO AVOID CRASH,4626,W,DIVERSEY AVE,2521,2,NO INDICATION OF INJURY,0,0,0,0,0,2,0,14,1,8,41.9316889194,-87.7430169468,"{'type': 'Point', 'coordinates': [-87.743016946831, 41.931688919351]}",,,,,,,,,,
95277156c9bdf84c0531c862e0557d8194c481ec40eee5ab3d4eb8afdf396be96adee50238cba3a13d530d4016f4637f3e615d954cffd628d12c9ea6bbd7ac1e,2025-08-10T14:35:00.000,10,NO CONTROLS,NO CONTROLS,CLEAR,DAYLIGHT,REAR TO REAR,PARKING LOT,STRAIGHT AND LEVEL,DRY,NO DEFECTS,NOT ON SCENE (DESK REPORT),NO INJURY / DRIVE AWAY,,"OVER $1,500",2025-08-10T15:15:00.000,UNABLE TO DETERMINE,NOT APPLICABLE,419,E,103RD ST,512,2,NO INDICATION OF INJURY,0,0,0,0,0,2,0,14,1,8,41.7072177336,-87.6129453845,"{'type': 'Point', 'coordinates': [-87.61294538453, 41.707217733631]}",Y,,,,,,,,,
28962b92d4176824105de896fcfe732ae3e0bb3669f6ab8f35277b4136c9dedb250fa7733875424335c60d666d01e4ff53255f2716c775af1e33d566abc18828,2025-08-10T14:30:00.000,30,TRAFFIC SIGNAL,FUNCTIONING PROPERLY,CLEAR,DAYLIGHT,REAR END,NOT DIVIDED,STRAIGHT AND LEVEL,DRY,NO DEFECTS,NOT ON SCENE (DESK REPORT),NO INJURY / DRIVE AWAY,,$500 OR LESS,2025-08-11T09:30:00.000,UNABLE TO DETERMINE,NOT APPLICABLE,800,N,MICHIGAN AVE,1833,2,NO INDICATION OF INJURY,0,0,0,0,0,2,0,14,1,8,41.896790572,-87.6243806554,"{'type': 'Point', 'coordinates': [-87.624380655444, 41.896790572039]}",,,,,,,,,,
b18cb8e1191298ac7ed18bb1e75c9cbf5a6f9c9a1c240103f81fda78f9aeca52666d3bf96eb3adb2694b2a1f03b0b4a2c56dcb3539cf943b7e16a287a27499a0,2025-08-10T14:30:00.000,10,NO CONTROLS,NO CONTROLS,CLEAR,DAYLIGHT,ANGLE,PARKING LOT,STRAIGHT AND LEVEL,DRY,UNKNOWN,,INJURY AND / OR TOW DUE TO CRASH,,"OVER $1,500",2025-08-10T15:00:00.000,FAILING TO YIELD RIGHT-OF-WAY,NOT APPLICABLE,2600,W,ADDISON ST,1921,2,"REPORTED, NOT EVIDENT",1,0,0,0,1,1,0,14,1,8,41.9468248791,-87.6932129127,"{'type': 'Point', 'coordinates': [-87.693212912693, 41.946824879097]}",,,,,Y,,,,,