crash_record_id,crash_date,posted_speed_limit,traffic_control_device,device_condition,weather_condition,lighting_condition,first_crash_type,trafficway_type,alignment,roadway_surface_cond,road_defect,report_type,crash_type,intersection_related_i,damage,date_police_notified,prim_contributory_cause,sec_contributory_cause,street_no,street_direction,street_name,beat_of_occurrence,num_units,most_severe_injury,injuries_total,injuries_fatal,injuries_incapacitating,injuries_non_incapacitating,injuries_reported_not_evident,injuries_no_indication,injuries_unknown,crash_hour,crash_day_of_week,crash_month,latitude,longitude,location,private_property_i,photos_taken_i,hit_and_run_i,statements_taken_i,crash_date_est_i,work_zone_i,work_zone_type,dooring_i,lane_cnt,workers_present_i
0e48476bdefae51a0c51f3faea093bd4e855a473c5ce7ddf0cb252beaf30e2bbdd969f2b190f1a09a875e61b06a225b63de0b5c4dcf8051e31669213a2d339e9,2025-08-10T14:29:00.000,40,NO CONTROLS,NO CONTROLS,CLEAR,DAYLIGHT,SIDESWIPE SAME DIRECTION,DIVIDED - W/MEDIAN BARRIER,STRAIGHT AND LEVEL,DRY,NO DEFECTS,ON SCENE,INJURY AND / OR TOW DUE TO CRASH,,"OVER $1,500",2025-08-10T14:29:00.000,FAILING TO REDUCE SPEED TO AVOID CRASH,NOT APPLICABLE,3750,N,LAKE SHORE DR SB,1925,3,NO INDICATION OF INJURY,0,0,0,0,0,5,0,14,1,8,41.9519923603,-87.6449556599,"{'type': 'Point', 'coordinates': [-87.644955659941, 41.951992360302]}",,,Y,,,,,,,
630f630257a51226081e403821d6c1e55e613b614656f4c0fb2411e0542bafefeee54785209477be756489d7d43d42f87f48534e6516c8dad6951105ef31e7e1,2025-08-10T14:26:00.000,30,TRAFFIC SIGNAL,FUNCTIONING PROPERLY,CLEAR,DAYLIGHT,REAR END,DIVIDED - W/MEDIAN (NOT RAISED),STRAIGHT AND LEVEL,DRY,NO DEFECTS,NOT ON SCENE (DESK REPORT),NO INJURY / DRIVE AWAY,,"OVER $1,500",2025-08-10T15:20:00.000,FOLLOWING TOO CLOSELY,DRIVING SKILLS/KNOWLEDGE/EXPERIENCE,757,N,MICHIGAN AVE,1833,2,NO INDICATION OF INJURY,0,0,0,0,0,2,0,14,1,8,41.8964106756,-87.6241332966,"{'type': 'Point', 'coordinates': [-87.624133296552, 41.896410675642]}",,,,,,,,,,
46ee0d04d963bc3f1503fde981998892fc4d2cbd07e7b9fe1984abb094ea914f659cee7c72c5c598af2fc87e2db8f098cb19322bfd8b3af35ef15bf646634196,2025-08-10T14:25:00.000,30,NO CONTROLS,NO CONTROLS,CLEAR,DAYLIGHT,REAR END,NOT DIVIDED,STRAIGHT AND LEVEL,DRY,UNKNOWN,ON SCENE,INJURY AND / OR TOW DUE TO CRASH,,"OVER $1,500",2025-08-10T15:29:00.000,FOLLOWING TOO CLOSELY,FAILING TO REDUCE SPEED TO AVOID CRASH,3930,W,DIVERSEY AVE,2523,2,NONINCAPACITATING INJURY,3,0,0,3,0,2,0,14,1,8,41.931914858,-87.7258240123,"{'type': 'Point', 'coordinates': [-87.725824012259, 41.931914858005]}",,,,,,,,,,
ec45a730993714d282382cabb0c58237f04e4b9bd8ed2a7650e0655e7424d8af1ed70f787d6ef7e04cffcd97a195c5748a5dd68698d69835a63017d66ffd87eb,2025-08-10T14:25:00.000,35,NO CONTROLS,NO CONTROLS,CLEAR,DAYLIGHT,REAR END,OTHER,STRAIGHT AND LEVEL,WET,UNKNOWN,NOT ON SCENE (DESK REPORT),NO INJURY / DRIVE AWAY,,"$501 - $1,500",2025-08-10T15:00:00.000,UNABLE TO DETERMINE,NOT APPLICABLE,7068,S,SOUTH CHICAGO AVE,322,2,NO INDICATION OF INJURY,0,0,0,0,0,2,0,14,1,8,41.7665013743,-87.6066709895,"{'type': 'Point', 'coordinates': [-87.606670989463, 41.766501374296]}",Y,,,,,,,,,
358b9e6e77868ab59e7ab08ec8fb024612400c989f1c6789f9bed5ae901c9d7effba9e6cc0041980efcfc6b72acf6607bf7b53cadc061f760cf4c79b198d2bed,2025-08-10T14:15:00.000,25,NO CONTROLS,NO CONTROLS,CLEAR,DAYLIGHT,PEDALCYCLIST,ONE-WAY,STRAIGHT AND LEVEL,DRY,NO DEFECTS,ON SCENE,INJURY AND / OR TOW DUE TO CRASH,,"$501 - $1,500",2025-08-10T14:41:00.000,"VISION OBSCURED (SIGNS, TREE LIMBS, BUILDINGS, ETC.)",UNABLE TO DETERMINE,7625,N,EASTLAKE TER,2422,2,NONINCAPACITATING INJURY,1,0,0,1,0,4,0,14,1,8,42.0200458099,-87.6646468763,"{'type': 'Point', 'coordinates': [-87.66464687632, 42.020045809879]}",,,,,,,,,,
a87522affa2d86bc77c3c16f82ac0bb1481679cdd14cb2537ba96293b90908e5ee155326ea5cab7a336f0923fbab8dbdf45a0274b98667f563df00ab1d029e86,2025-08-10T14:15:00.000,30,TRAFFIC SIGNAL,FUNCTIONING PROPERLY,CLEAR,DAYLIGHT,TURNING,FOUR WAY,STRAIGHT AND LEVEL,DRY,NO DEFECTS,ON SCENE,INJURY AND / OR TOW DUE TO CRASH,Y,"OVER $1,500",2025-08-10T14:17:00.000,FAILING TO YIELD RIGHT-OF-WAY,FAILING TO YIELD RIGHT-OF-WAY,5935,N,BROADWAY,2433,2,NONINCAPACITATING INJURY,1,0,0,1,0,1,0,14,1,8,41.9900497125,-87.6601205972,"{'type': 'Point', 'coordinates': [-87.660120597243, 41.990049712521]}",,,,,,,,,,
f56981044a6f19d1487609fb5f829f1be6be9cee48c6c9c33628c6b6698153ad194c4e7c50f46b19d522b3e77c91a40f462103a52d98f78365c852ad5b1fc3da,2025-08-10T14:15:00.000,30,UNKNOWN,UNKNOWN,CLEAR,DAYLIGHT,SIDESWIPE SAME DIRECTION,DIVIDED - W/MEDIAN (NOT RAISED),STRAIGHT AND LEVEL,UNKNOWN,NO DEFECTS,NOT ON SCENE (DESK REPORT),NO INJURY / DRIVE AWAY,,"OVER $1,500",2025-08-10T14:30:00.000,IMPROPER TURNING/NO SIGNAL,NOT APPLICABLE,1300,S,CLINTON ST,124,2,NO INDICATION OF INJURY,0,0,0,0,0,2,0,14,1,8,41.8655346778,-87.6408133123,"{'type': 'Point', 'coordinates': [-87.64081331229, 41.865534677771]}",,,,,,,,,,
7e33f309fecfb280df6fa9793b18f08236f87033582091bddf785603334797c947690403eec0aad996514c5a91b1f08f4d9c67dee05f9ba5686e13823a0ab91d,2025-08-10T14:00:00.000,45,NO CONTROLS,NO CONTROLS,CLEAR,DAYLIGHT,REAR END,OTHER,STRAIGHT AND LEVEL,DRY,NO DEFECTS,NOT ON SCENE (DESK REPORT),NO INJURY / DRIVE AWAY,,"OVER $1,500",2025-08-10T19:45:00.000,FOLLOWING TOO CLOSELY,UNABLE TO DETERMINE,2200,S,LAKE SHORE DR NB,132,2,NO INDICATION OF INJURY,0,0,0,0,0,4,0,14,1,8,41.8528456398,-87.6147063219,"{'type': 'Point', 'coordinates': [-87.614706321914, 41.852845639769]}",,,Y,,,,,,,
9ba7005392bd808f17e41400539c902d6f044b9fb946275bacf6d011cb91781b86d8acb59437b43ecc5f710690b702419f2b94453e7b6694697f1ce098f31e5d,2025-08-10T14:00:00.000,30,TRAFFIC SIGNAL,FUNCTIONING PROPERLY,CLEAR,DAYLIGHT,REAR END,NOT DIVIDED,STRAIGHT AND LEVEL,DRY,WORN SURFACE,NOT ON SCENE (DESK REPORT),NO INJURY / DRIVE AWAY,,"OVER $1,500",2025-08-10T16:19:00.000,FOLLOWING TOO CLOSELY,NOT APPLICABLE,1701,W,47TH ST,931,2,NO INDICATION OF INJURY,0,0,0,0,0,2,0,14,1,8,41.8084712383,-87.6674545133,"{'type': 'Point', 'coordinates': [-87.667454513294, 41.808471238307]}",,,,,,,,,,
aafeb824c85a9a4e5c152ece71477d6e0ebadfeff0beb10943ef7e0ca135ac3bde498b7c36b52593101dc00953a4d9ab0dbb2feaacb43eb34835fb9db4bbb638,2025-08-10T14:00:00.000,35,NO CONTROLS,NO CONTROLS,CLEAR,DAYLIGHT,PARKED MOTOR VEHICLE,ONE-WAY,STRAIGHT AND LEVEL,DRY,NO DEFECTS,NOT ON SCENE (DESK REPORT),NO INJURY / DRIVE AWAY,,$500 OR LESS,2025-08-10T14:22:00.000,IMPROPER OVERTAKING/PASSING,NOT APPLICABLE,117,E,61ST ST,311,2,NO INDICATION OF INJURY,0,0,0,0,0,1,0,14,1,8,41.7836742853,-87.6214118264,"{'type': 'Point', 'coordinates': [-87.621411826424, 41.783674285289]}",,,Y,,,,,,,
da6c0cba421498c5c3c268aa435e9a77ba22140aa5572734d21ec85da0c8b84f0e837f5e273f17a6a91b21a9252eaa086882f5b9c2cb3c9b29c82cd5dabbf01c,2025-08-10T14:00:00.000,30,TRAFFIC SIGNAL,UNKNOWN,CLEAR,DAYLIGHT,REAR END,FOUR WAY,STRAIGHT AND LEVEL,DRY,UNKNOWN,NOT ON SCENE (DESK REPORT),NO INJURY / DRIVE AWAY,Y,"OVER $1,500",2025-08-10T14:20:00.000,FAILING TO REDUCE SPEED TO AVOID CRASH,NOT APPLICABLE,6081,S,KEDZIE AVE,823,2,NO INDICATION OF INJURY,0,0,0,0,0,4,0,14,1,8,41.7826960996,-87.7031034596,"{'type': 'Point', 'coordinates': [-87.70310345957, 41.782696099597]}",,,,,,,,,,
df48f4ae23811ce07ce5bc0d2253102ee7e18b239dcf8d8f9b4b2e15afc79229d4e0d7bb174fd19787f85096fca1922eb9bad3a855d82f2ee6a926e998036772,2025-08-10T14:00:00.000,30,STOP SIGN/FLASHER,FUNCTIONING PROPERLY,CLEAR,DAYLIGHT,TURNING,NOT DIVIDED,STRAIGHT AND LEVEL,DRY,NO DEFECTS,NOT ON SCENE (DESK REPORT),NO INJURY / DRIVE AWAY,Y,$500 OR LESS,2025-08-10T17:00:00.000,FAILING TO YIELD RIGHT-OF-WAY,NOT APPLICABLE,2200,W,IRVING PARK RD,1911,2,NO INDICATION OF INJURY,0,0,0,0,0,2,0,14,1,8,41.9541935847,-87.6836752695,"{'type': 'Point', 'coordinates': [-87.683675269525, 41.954193584671]}",,,,,,,,,,
eb02e3a7f9edef2c860c8d3bfef37db6896b66c7a84845d30c941523645fa59103f86e1aa2802ceb376872c495f222286b5e7f078bded950f2f3f792d42c1a7e,2025-08-10T13:57:00.000,30,NO CONTROLS,NO CONTROLS,CLEAR,DAYLIGHT,SIDESWIPE SAME DIRECTION,NOT DIVIDED,STRAIGHT AND LEVEL,DRY,NO DEFECTS,NOT ON SCENE (DESK REPORT),NO INJURY / DRIVE AWAY,,"$501 - $1,500",2025-08-10T14:46:00.000,IMPROPER OVERTAKING/PASSING,NOT APPLICABLE,4698,W,47TH ST,815,2,NO INDICATION OF INJURY,0,0,0,0,0,3,0,13,1,8,41.8077631009,-87.7406516735,"{'type': 'Point', 'coordinates': [-87.740651673468, 41.807763100944]}",,,,,,,,,,
b53865c8300b7b7f12dd4f5ae552286776a06311409a294e56d3cc6a7ddf1fc61c424803cf774330ceb3af18d9c87fcbcbd174635a20f18ce637029641be88f3,2025-08-10T13:53:00.000,30,TRAFFIC SIGNAL,FUNCTIONING PROPERLY,CLEAR,DAYLIGHT,TURNING,NOT DIVIDED,STRAIGHT AND LEVEL,DRY,NO DEFECTS,NOT ON SCENE (DESK REPORT),NO INJURY / DRIVE AWAY,Y,"OVER $1,500",2025-08-10T14:30:00.000,FOLLOWING TOO CLOSELY,UNABLE TO DETERMINE,4300,S,WESTERN AVE,922,2,NO INDICATION OF INJURY,0,0,0,0,0,3,0,13,1,8,41.8156032045,-87.6847727236,"{'type': 'Point', 'coordinates': [-87.684772723609, 41.815603204509]}",,,,,,,,,,
1191081648257272f531dcaa4fdda4d9ae7da0d2c17c5bfb7da70d2d63e393930d487b5e8f34cc8cf7b5370753ba8488c77b7673fec32939bc432da1517e713e,2025-08-10T13:50:00.000,30,TRAFFIC SIGNAL,FUNCTIONING PROPERLY,CLEAR,DAYLIGHT,TURNING,NOT DIVIDED,STRAIGHT AND LEVEL,WET,NO DEFECTS,ON SCENE,INJURY AND / OR TOW DUE TO CRASH,,"OVER $1,500",2025-08-10T14:20:00.000,UNABLE TO DETERMINE,UNABLE TO DETERMINE,4000,W,PETERSON AVE,1711,2,NO INDICATION OF INJURY,0,0,0,0,0,2,0,13,1,8,41.9902441856,-87.728714391,"{'type': 'Point', 'coordinates': [-87.728714391009, 41.990244185647]}",,,,,,,,,,
126309c7f32b85544e0c4863b8d2b52d25d1d79c85d08255cf533dc3d68e64663bbb4dccea8fad29a2a16809fdc4962a5036e0caa0c2c4e01f1eb28bb0ea4c30,2025-08-10T13:40:00.000,30,NO CONTROLS,NO CONTROLS,CLEAR,DAYLIGHT,PARKED MOTOR VEHICLE,NOT DIVIDED,STRAIGHT AND LEVEL,DRY,NO DEFECTS,ON SCENE,NO INJURY / DRIVE AWAY,,"$501 - $1,500",2025-08-10T13:45:00.000,UNABLE TO DETERMINE,NOT APPLICABLE,420,W,BELMONT AVE,1925,2,NO INDICATION OF INJURY,0,0,0,0,0,1,0,13,1,8,41.9402128873,-87.6404497737,"{'type': 'Point', 'coordinates': [-87.640449773738, 41.94021288734]}",,,Y,,,,,,,
4b1cbd1bac6b06195efa60f3b3c5520c71dedf7fbfccec744e16bfe817e08fd492c03355e886a40de09adc36b0472836bb2de0398bba7b62da236c155842ec4a,2025-08-10T13:30:00.000,30,TRAFFIC SIGNAL,FUNCTIONING PROPERLY,CLEAR,DAYLIGHT,REAR END,FOUR WAY,STRAIGHT AND LEVEL,DRY,NO DEFECTS,NOT ON SCENE (DESK REPORT),NO INJURY / DRIVE AWAY,Y,"OVER $1,500",2025-08-10T14:15:00.000,UNABLE TO DETERMINE,FOLLOWING TOO CLOSELY,718,W,63RD ST,711,2,NO INDICATION OF INJURY,0,0,0,0,0,3,0,13,1,8,41.7798783053,-87.6436137001,"{'type': 'Point', 'coordinates': [-87.64361370013, 41.779878305259]}",,,Y,,,,,,,
19270ffdc18d3fcd58c5494ab53df47dcb6514c0167176645199252e4570d3beda7aa2ff2daa707aca6cd7c1df152165293fb8a337423886ec11b394057c0e59,2025-08-10T13:20:00.000,40,NO CONTROLS,NO CONTROLS,CLEAR,DAYLIGHT,REAR END,DIVIDED - W/MEDIAN BARRIER,STRAIGHT AND LEVEL,UNKNOWN,UNKNOWN,NOT ON SCENE (DESK REPORT),NO INJURY / DRIVE AWAY,,"OVER $1,500",2025-08-10T14:00:00.000,UNABLE TO DETERMINE,UNABLE TO DETERMINE,2400,N,LAKE SHORE DR SB,1935,2,NO INDICATION OF INJURY,0,0,0,0,0,5,0,13,1,8,41.9261607198,-87.6315146648,"{'type': 'Point', 'coordinates': [-87.631514664826, 41.926160719812]}",,,Y,,,,,,,
2524bcfe94e38c1c2bbd4f212443bdbc64aee5bf72277ce588f9858e853f7c3a6fafc8005a7088d7d92cd1187f6871691ad15765a02047952ac9b384db9a112c,2025-08-10T13:19:00.000,20,NO CONTROLS,NO CONTROLS,CLEAR,DAYLIGHT,PARKED MOTOR VEHICLE,ONE-WAY,STRAIGHT AND LEVEL,DRY,NO DEFECTS,ON SCENE,INJURY AND / OR TOW DUE TO CRASH,,"OVER $1,500",2025-08-10T13:25:00.000,DRIVING SKILLS/KNOWLEDGE/EXPERIENCE,DRIVING SKILLS/KNOWLEDGE/EXPERIENCE,420,E,WATERSIDE DR,114,3,NONINCAPACITATING INJURY,1,0,0,1,0,2,0,13,1,8,41.887026634,-87.6165892303,"{'type': 'Point', 'coordinates': [-87.616589230348, 41.887026634013]}",,,,,,,,,,
414dabe45792b317d87e694e8b993127856aeb9e53bd9ee0348fab9494e4161a2ebce4f03c6ea869f784934c664c774cfae514afa5c6017d2d66431dc42d0213,2025-08-10T13:05:00.000,20,NO CONTROLS,NO CONTROLS,CLEAR,DAYLIGHT,ANGLE,PARKING LOT,STRAIGHT AND LEVEL,DRY,UNKNOWN,ON SCENE,INJURY AND / OR TOW DUE TO CRASH,,"$501 - $1,500",2025-08-10T13:10:00.000,UNABLE TO DETERMINE,UNABLE TO DETERMINE,4034,W,51ST ST,815,2,NONINCAPACITATING INJURY,1,0,0,1,0,1,0,13,1,8,41.8006398397,-87.7247926523,"{'type': 'Point', 'coordinates': [-87.724792652256, 41.800639839742]}",Y,,,,,,,,,
fd38ccfac769c0b0630d815adb01260375eec1eff743e2dfee22438591c7776a1e1cbd51b96c1fddd543e9f9a4a4fdcdacddd195613f389dadaefb7577e89dda,2025-08-10T13:00:00.000,30,NO CONTROLS,NO CONTROLS,CLEAR,DAYLIGHT,PARKED MOTOR VEHICLE,ONE-WAY,STRAIGHT AND LEVEL,DRY,UNKNOWN,NOT ON SCENE (DESK REPORT),NO INJURY / DRIVE AWAY,,"OVER $1,500",2025-08-10T14:10:00.000,UNABLE TO DETERMINE,UNABLE TO DETERMINE,527,N,LONG AVE,1523,2,NO INDICATION OF INJURY,0,0,0,0,0,1,0,13,1,8,41.8897692691,-87.7603045691,"{'type': 'Point', 'coordinates': [-87.760304569102, 41.889769269059]}",,,Y,,,,,,,
d8b317113aee90b6d32b32aea511126818c9c59c67a77575e817cd5e66a9cb7f806366dae56d27eee5434e560b9eda5e2e0b4602183de710c861b4b59072e7aa,2025-08-10T12:42:00.000,30,TRAFFIC SIGNAL,FUNCTIONING PROPERLY,CLOUDY/OVERCAST,DAYLIGHT,ANGLE,FOUR WAY,STRAIGHT AND LEVEL,DRY,NO DEFECTS,ON SCENE,INJURY AND / OR TOW DUE TO CRASH,Y,"OVER $1,500",2025-08-10T12:52:00.000,UNABLE TO DETERMINE,UNABLE TO DETERMINE,7200,W,BRYN MAWR AVE,1612,2,NO INDICATION OF INJURY,0,0,0,0,0,5,0,12,1,8,41.9828764684,-87.8070768414,"{'type': 'Point', 'coordinates': [-87.807076841426, 41.982876468384]}",,,,,,,,,,
720530396d112dc2f3c4ff250a688256ea9e7605212f12d864c90a215bf558137aba86ead511723315e895195d12c3cbfefc918cb7b37e40c145688cfe409abd,2025-08-10T12:41:00.000,30,TRAFFIC SIGNAL,FUNCTIONING PROPERLY,CLEAR,DAYLIGHT,TURNING,DIVIDED - W/MEDIAN (NOT RAISED),STRAIGHT AND LEVEL,DRY,NO DEFECTS,ON SCENE,INJURY AND / OR TOW DUE TO CRASH,Y,"OVER $1,500",2025-08-10T12:45:00.000,FAILING TO YIELD RIGHT-OF-WAY,UNABLE TO DETERMINE,1901,W,DIVERSEY PKWY,1931,3,NONINCAPACITATING INJURY,2,0,0,2,0,0,0,12,1,8,41.9322118515,-87.675181302,"{'type': 'Point', 'coordinates': [-87.675181302036, 41.932211851534]}",,,,,,,,,,
768c16df19505f7bdb7a1bee1b4141c5e885fc19c4a60cee3a6eaa6d5ea26e96de8b5be2fa7b28329d855f8f03512171e4fd22479b2d82226e0ce2ba18d97556,2025-08-10T12:38:00.000,30,NO CONTROLS,NO CONTROLS,CLEAR,DAYLIGHT,SIDESWIPE SAME DIRECTION,NOT DIVIDED,STRAIGHT AND LEVEL,DRY,NO DEFECTS,NOT ON SCENE (DESK REPORT),NO INJURY / DRIVE AWAY,,"$501 - $1,500",2025-08-10T13:22:00.000,NOT APPLICABLE,NOT APPLICABLE,8452,S,KEDZIE AVE,834,2,NO INDICATION OF INJURY,0,0,0,0,0,3,0,12,1,8,41.7390842736,-87.7022444637,"{'type': 'Point', 'coordinates': [-87.702244463748, 41.739084273588]}",,,,,,,,,,
02cf11b9427f33bb30e5459f5f5ad77080addcaf148ad099e5d25ea6a2ac0a1a8e013f34af5ea56851caafaf233bb863d1f4af92dac699c3a89c2d58b0352027,2025-08-10T12:35:00.000,35,NO CONTROLS,NO CONTROLS,CLEAR,DAYLIGHT,TURNING,FOUR WAY,STRAIGHT AND LEVEL,DRY,NO DEFECTS,ON SCENE,INJURY AND / OR TOW DUE TO CRASH,Y,"OVER $1,500",2025-08-10T12:37:00.000,FAILING TO YIELD RIGHT-OF-WAY,DRIVING SKILLS/KNOWLEDGE/EXPERIENCE,4110,N,NARRAGANSETT AVE,1632,3,"REPORTED, NOT EVIDENT",3,0,0,0,3,0,0,12,1,8,41.9550839359,-87.7867777079,"{'type': 'Point', 'coordinates': [-87.78677770785, 41.955083935851]}",,,,,,,,,,
7d04438ad5c7e073c40aa4d1f0053ab0d4c4a6e8b7ca28bd473858f1ec70d880f736be11ea3f83761cab1a6ebf25e1e37b2734761a02f919e9876881ddf39d07,2025-08-10T12:35:00.000,30,STOP SIGN/FLASHER,FUNCTIONING PROPERLY,CLEAR,DAYLIGHT,SIDESWIPE SAME DIRECTION,FOUR WAY,STRAIGHT AND LEVEL,UNKNOWN,UNKNOWN,NOT ON SCENE (DESK REPORT),NO INJURY / DRIVE AWAY,Y,"OVER $1,500",2025-08-10T13:25:00.000,UNABLE TO DETERMINE,UNABLE TO DETERMINE,1301,S,KEDZIE AVE,1022,2,NO INDICATION OF INJURY,0,0,0,0,0,2,0,12,1,8,41.8644955183,-87.7054652044,"{'type': 'Point', 'coordinates': [-87.705465204434, 41.864495518315]}",,,,,,,,,,
a5230cf0eb2d7a44f0da068428938001c94053ec9c35cffcef2dbbc54dbb81d72f78718e5329d50969a9176521c072bd98d811f503a2902bd5103ae10f201e3d,2025-08-10T12:35:00.000,30,NO CONTROLS,NO CONTROLS,CLEAR,DAYLIGHT,PEDALCYCLIST,NOT DIVIDED,STRAIGHT AND LEVEL,DRY,NO DEFECTS,ON SCENE,NO INJURY / DRIVE AWAY,,$500 OR LESS,2025-08-10T12:40:00.000,FAILING TO YIELD RIGHT-OF-WAY,NOT APPLICABLE,3730,N,HALSTED ST,1923,2,NO INDICATION OF INJURY,0,0,0,0,0,3,0,12,1,8,41.9500998632,-87.6497241736,"{'type': 'Point', 'coordinates': [-87.649724173573, 41.950099863241]}",,,,,,,,,,
e6d42b6d4e63ac63662ba5c3f55e60538d1da63f8831066018a2b12cd23a4f6b1368a273406748d2170c5bbb2a4d732b3cdefefb778e10e41701c0192a8ca2d9,2025-08-10T12:33:00.000,30,NO CONTROLS,NO CONTROLS,CLEAR,DAYLIGHT,SIDESWIPE SAME DIRECTION,DIVIDED - W/MEDIAN (NOT RAISED),STRAIGHT AND LEVEL,DRY,NO DEFECTS,NOT ON SCENE (DESK REPORT),NO INJURY / DRIVE AWAY,,"OVER $1,500",2025-08-10T15:43:00.000,FAILING TO YIELD RIGHT-OF-WAY,NOT APPLICABLE,1814,N,WESTERN AVE,1434,2,NO INDICATION OF INJURY,0,0,0,0,0,2,0,12,1,8,41.914406751,-87.6874730752,"{'type': 'Point', 'coordinates': [-87.687473075158, 41.914406750993]}",,,,,,,,,,
40995946cdfd2775c893e3c8d0b41ba58f820023d057bb1aadc2c62f41f59393cac0741f2f8395fe1ff8441bd39fd66c32c1a708bef0ac65be6ded1490acf8a7,2025-08-10T12:30:00.000,25,NO CONTROLS,NO CONTROLS,CLEAR,DAYLIGHT,SIDESWIPE SAME DIRECTION,ONE-WAY,STRAIGHT AND LEVEL,DRY,NO DEFECTS,NOT ON SCENE (DESK REPORT),NO INJURY / DRIVE AWAY,,"$501 - $1,500",2025-08-10T13:00:00.000,NOT APPLICABLE,NOT APPLICABLE,3722,N,OLEANDER AVE,1631,2,NO INDICATION OF INJURY,0,0,0,0,0,2,0,12,1,8,41.9472935558,-87.8157821681,"{'type': 'Point', 'coordinates': [-87.815782168104, 41.947293555832]}",,,,,,,,,,
342468e2ce5b4ae11f5879945ec70bb2f81b23eea6abca00ea76c9bc80146e5ad49cc9221de39ed35e43fa5d7335331b6ace796b7a1d873fb53372b6b200de5f,2025-08-10T12:22:00.000,20,NO CONTROLS,NO CONTROLS,CLEAR,DAYLIGHT,OTHER OBJECT,NOT DIVIDED,STRAIGHT AND LEVEL,DRY,OTHER,ON SCENE,INJURY AND / OR TOW DUE TO CRASH,,"OVER $1,500",2025-08-10T12:22:00.000,UNABLE TO DETERMINE,NOT APPLICABLE,7223,S,HERMITAGE AVE,735,1,NO INDICATION OF INJURY,0,0,0,0,0,1,0,12,1,8,41.7623408505,-87.6672436346,"{'type': 'Point', 'coordinates': [-87.667243634557, 41.762340850466]}",,,,,,Y,UTILITY,,,
29f9a0726e73692e44ca4e7eba8f515b48fe2041df8bd9a839ef2b7ef8d90f984dcad6968fe1d80d5bf605443b53410f75b69f7e4db720e4a28ffffbe5a9ba10,2025-08-10T12:11:00.000,30,RR CROSSING SIGN,UNKNOWN,UNKNOWN,DAYLIGHT,TURNING,UNKNOWN,STRAIGHT AND LEVEL,UNKNOWN,UNKNOWN,NOT ON SCENE (DESK REPORT),NO INJURY / DRIVE AWAY,,"OVER $1,500",2025-08-12T14:20:00.000,UNABLE TO DETERMINE,UNABLE TO DETERMINE,5998,W,IRVING PARK RD,1624,2,NO INDICATION OF INJURY,0,0,0,0,0,2,0,12,1,8,41.9531678239,-87.7767203871,"{'type': 'Point', 'coordinates': [-87.776720387061, 41.953167823917]}",,,Y,,,,,,,
728fffaf971e1cba1f1196bf61040e103c5e5fa1655eecd2b2994e314592c1e4ca4a8359f10e75205eee8e6cbe096d47f1eff827a402e91f196af2a3b406d19d,2025-08-10T12:10:00.000,30,UNKNOWN,UNKNOWN,CLEAR,DAYLIGHT,SIDESWIPE SAME DIRECTION,NOT DIVIDED,STRAIGHT AND LEVEL,DRY,UNKNOWN,ON SCENE,INJURY AND / OR TOW DUE TO CRASH,,"OVER $1,500",2025-08-10T12:29:00.000,FAILING TO YIELD RIGHT-OF-WAY,FAILING TO YIELD RIGHT-OF-WAY,1255,W,ADDISON ST,1924,2,INCAPACITATING INJURY,1,0,1,0,0,2,0,12,1,8,41.9470019191,-87.6613869922,"{'type': 'Point', 'coordinates': [-87.661386992158, 41.947001919097]}",,,,,,,,,,
f222aa0a74782b633e2cc8a5c80d6a678c6b5a91a0970ced7abd4cc68101dea5996a0b0c9b62b7c60cdda45e92b7e1da2edf20ae648a05dd4107d34929919ccf,2025-08-10T12:05:00.000,30,TRAFFIC SIGNAL,FUNCTIONING PROPERLY,CLEAR,DAYLIGHT,ANGLE,FOUR WAY,STRAIGHT AND LEVEL,DRY,NO DEFECTS,NOT ON SCENE (DESK REPORT),NO INJURY / DRIVE AWAY,,"$501 - $1,500",2025-08-10T17:30:00.000,DISREGARDING TRAFFIC SIGNALS,FOLLOWING TOO CLOSELY,550,E,PERSHING RD,212,2,NO INDICATION OF INJURY,0,0,0,0,0,2,0,12,1,8,41.8239935146,-87.6131610238,"{'type': 'Point', 'coordinates': [-87.613161023791, 41.823993514612]}",,,Y,,,,,,,
1e9de58b025fa215a747e8df6ff3ac969517c7c07543b309ef1a55ec8f2915e3dc80987d9c8adca7e4613c08eac7bf5be7aa0c4c9c0d6315e326d0511f16d216,2025-08-10T12:00:00.000,35,NO CONTROLS,NO CONTROLS,CLEAR,DAYLIGHT,REAR END,NOT DIVIDED,STRAIGHT AND LEVEL,DRY,NO DEFECTS,NOT ON SCENE (DESK REPORT),NO INJURY / DRIVE AWAY,,"$501 - $1,500",2025-08-10T13:00:00.000,UNABLE TO DETERMINE,NOT APPLICABLE,4872,N,MILWAUKEE AVE,1623,2,NO INDICATION OF INJURY,0,0,0,0,0,3,0,12,1,8,41.9696248035,-87.7624441515,"{'type': 'Point', 'coordinates': [-87.762444151502, 41.969624803483]}",,,,,,,,,,