crash_record_id,crash_date,posted_speed_limit,traffic_control_device,device_condition,weather_condition,lighting_condition,first_crash_type,trafficway_type,alignment,roadway_surface_cond,road_defect,report_type,crash_type,intersection_related_i,damage,date_police_notified,prim_contributory_cause,sec_contributory_cause,street_no,street_direction,street_name,beat_of_occurrence,num_units,most_severe_injury,injuries_total,injuries_fatal,injuries_incapacitating,injuries_non_incapacitating,injuries_reported_not_evident,injuries_no_indication,injuries_unknown,crash_hour,crash_day_of_week,crash_month,latitude,longitude,location,private_property_i,photos_taken_i,hit_and_run_i,statements_taken_i,crash_date_est_i,work_zone_i,work_zone_type,dooring_i,lane_cnt,workers_present_i
7687f08f9628f727e5b26002afbbedb6c25a9a9d0251c745dc63f86cb1854bc27aa24737d1a768a82cf39849a83dc7ee35e60ab4fe048ade3a7ed3dee2ee9747,2025-08-10T12:00:00.000,30,STOP SIGN/FLASHER,NO CONTROLS,CLEAR,DAYLIGHT,TURNING,NOT DIVIDED,STRAIGHT AND LEVEL,DRY,NO DEFECTS,NOT ON SCENE (DESK REPORT),NO INJURY / DRIVE AWAY,Y,"OVER $1,500",2025-08-10T12:42:00.000,UNABLE TO DETERMINE,UNABLE TO DETERMINE,6400,W,ARCHER AVE,811,2,NO INDICATION OF INJURY,0,0,0,0,0,2,0,12,1,8,41.7924552555,-87.7818768499,"{'type': 'Point', 'coordinates': [-87.781876849877, 41.792455255505]}",,,N,,,,,,,
cdc8ce1dac667515409c64cc918aef30e76e28600592cc41870c145d21048a9cac4b02eb71d8ace9f6eeb82271adbf5ffa25e2a6168cde569c660472fb4481f7,2025-08-10T12:00:00.000,30,NO CONTROLS,NO CONTROLS,CLEAR,DAYLIGHT,PARKED MOTOR VEHICLE,ONE-WAY,STRAIGHT AND LEVEL,DRY,NO DEFECTS,NOT ON SCENE (DESK REPORT),NO INJURY / DRIVE AWAY,,"OVER $1,500",2025-08-12T10:20:00.000,UNABLE TO DETERMINE,UNABLE TO DETERMINE,8837,S,LAFLIN ST,2222,2,NO INDICATION OF INJURY,0,0,0,0,0,1,0,12,1,8,41.7329228958,-87.6604021628,"{'type': 'Point', 'coordinates': [-87.660402162782, 41.732922895774]}",,,Y,,,,,,,
e5a8ee4704cf176114930761100ce26b6fe89261ebd3a3cbe137403ee6dd1ef6a874e8a033f787a91375655d929468b6fd51a715e10b663953221fb89907ed34,2025-08-10T11:57:00.000,30,STOP SIGN/FLASHER,FUNCTIONING PROPERLY,CLEAR,DAYLIGHT,PEDALCYCLIST,T-INTERSECTION,STRAIGHT AND LEVEL,DRY,NO DEFECTS,NOT ON SCENE (DESK REPORT),INJURY AND / OR TOW DUE TO CRASH,Y,"OVER $1,500",2025-08-10T14:15:00.000,UNABLE TO DETERMINE,UNABLE TO DETERMINE,1959,N,HARDING AVE,2535,2,NONINCAPACITATING INJURY,1,0,0,1,0,1,0,11,1,8,41.9170938455,-87.7251856069,"{'type': 'Point', 'coordinates': [-87.725185606943, 41.917093845465]}",,,,,,,,Y,,
8a89d2014ede69a426244c46b539507cf470018549d0b4568c27b95f9e53483df6d3a947d2dcda57e30fe60929835823760d3be7865a1705d2463320442ac1ce,2025-08-10T11:50:00.000,30,NO CONTROLS,NO CONTROLS,CLEAR,DAYLIGHT,SIDESWIPE SAME DIRECTION,ONE-WAY,STRAIGHT AND LEVEL,DRY,NO DEFECTS,ON SCENE,NO INJURY / DRIVE AWAY,,"$501 - $1,500",2025-08-10T11:53:00.000,NOT APPLICABLE,NOT APPLICABLE,4236,W,HIRSCH ST,2534,2,NO INDICATION OF INJURY,0,0,0,0,0,3,0,11,1,8,41.9063095623,-87.7327670834,"{'type': 'Point', 'coordinates': [-87.732767083399, 41.906309562264]}",,,,,,,,,,
6ee357864436883bdcf56bdf99a19a88f331f6ed803c4d36db9be3d31db721c87f5b4b54dffd798941dd39ab2d041b2ac7c0f16938205e7111bdf09fbde9f6ee,2025-08-10T11:45:00.000,30,NO CONTROLS,NO CONTROLS,CLEAR,DAYLIGHT,REAR END,DIVIDED - W/MEDIAN (NOT RAISED),STRAIGHT AND LEVEL,DRY,NO DEFECTS,NOT ON SCENE (DESK REPORT),INJURY AND / OR TOW DUE TO CRASH,,"OVER $1,500",2025-08-10T12:05:00.000,FAILING TO YIELD RIGHT-OF-WAY,FAILING TO REDUCE SPEED TO AVOID CRASH,5548,W,GRAND AVE,2515,3,"REPORTED, NOT EVIDENT",1,0,0,0,1,3,0,11,1,8,41.9187697138,-87.7652099994,"{'type': 'Point', 'coordinates': [-87.76520999942, 41.918769713807]}",,,,,Y,,,,,
c7ccf803d4e31d548e1ce530d1de32f7463e2beb67065614587c13ce32360a0b1f383b465c03dacc4cc4db12491fc6739524ae2bb6958f65c9764bd5103012f7,2025-08-10T11:45:00.000,30,STOP SIGN/FLASHER,FUNCTIONING PROPERLY,CLEAR,DAYLIGHT,REAR END,FOUR WAY,STRAIGHT AND LEVEL,DRY,NO DEFECTS,NOT ON SCENE (DESK REPORT),NO INJURY / DRIVE AWAY,,"$501 - $1,500",2025-08-10T12:15:00.000,FOLLOWING TOO CLOSELY,FOLLOWING TOO CLOSELY,5800,N,BROADWAY,2013,2,NO INDICATION OF INJURY,0,0,0,0,0,2,0,11,1,8,41.9869634776,-87.660318021,"{'type': 'Point', 'coordinates': [-87.660318021002, 41.986963477571]}",,,,,,,,,,
fa5a68bc63012f5a8b6a24cdd04b00d978f46bcbc122dc07688c6304bbc99a84233ffa4a67d83068a8b8dad465ddfe50f560c67b8b349dad1cabe8031201dfe7,2025-08-10T11:40:00.000,30,NO CONTROLS,NO CONTROLS,CLEAR,DAYLIGHT,PARKED MOTOR VEHICLE,PARKING LOT,STRAIGHT AND LEVEL,DRY,NO DEFECTS,NOT ON SCENE (DESK REPORT),NO INJURY / DRIVE AWAY,,$500 OR LESS,2025-08-11T18:00:00.000,IMPROPER BACKING,NOT APPLICABLE,811,S,LYTLE ST,1231,2,NO INDICATION OF INJURY,0,0,0,0,0,1,0,11,1,8,41.871321623,-87.6578914076,"{'type': 'Point', 'coordinates': [-87.657891407555, 41.871321622987]}",,,,,,,,,,
968114737857baefb5d349b07627e85fe5877235512fd4ff5031ff7a7dd36fd84d1dfc7118c78fa978bb96e4e9df021888b59670cb7699f62e16d640a949641f,2025-08-10T11:34:00.000,30,NO CONTROLS,NO CONTROLS,CLEAR,DAYLIGHT,PARKED MOTOR VEHICLE,PARKING LOT,STRAIGHT AND LEVEL,DRY,UNKNOWN,NOT ON SCENE (DESK REPORT),NO INJURY / DRIVE AWAY,,"$501 - $1,500",2025-08-11T17:30:00.000,IMPROPER TURNING/NO SIGNAL,NOT APPLICABLE,220,W,CHICAGO AVE,1823,2,NO INDICATION OF INJURY,0,0,0,0,0,1,0,11,1,8,41.8966917703,-87.6351194384,"{'type': 'Point', 'coordinates': [-87.63511943839, 41.896691770254]}",,,,,,,,,,
65823b6cac41d0e6faae9dcb0928bca5830950c9483b022869d4ab4ed0e6b4f2d3a746a700f1c5ba235c401c5125ec3fa85ced69d3e7cac8ef69e9bf0e665ec0,2025-08-10T11:33:00.000,30,TRAFFIC SIGNAL,FUNCTIONING PROPERLY,CLEAR,DAYLIGHT,SIDESWIPE SAME DIRECTION,FOUR WAY,STRAIGHT AND LEVEL,DRY,NO DEFECTS,ON SCENE,NO INJURY / DRIVE AWAY,,$500 OR LESS,2025-08-10T11:35:00.000,UNABLE TO DETERMINE,UNABLE TO DETERMINE,1958,W,71ST ST,735,2,NO INDICATION OF INJURY,0,0,0,0,0,2,0,11,1,8,41.7649167743,-87.673475087,"{'type': 'Point', 'coordinates': [-87.67347508697, 41.764916774341]}",,,Y,,,,,,,
473d58538e1b4e1c4de2d8d67d2a07690951dbd312b2d862516583e5f3315a096f3e001fcb26eaed3aea505b039ed129c765c10e9af9996f08d84a473c7184d8,2025-08-10T11:30:00.000,20,NO CONTROLS,NO CONTROLS,CLEAR,DAYLIGHT,PARKED MOTOR VEHICLE,OTHER,STRAIGHT AND LEVEL,DRY,NO DEFECTS,NOT ON SCENE (DESK REPORT),NO INJURY / DRIVE AWAY,,"OVER $1,500",2025-08-11T12:30:00.000,UNABLE TO DETERMINE,UNABLE TO DETERMINE,221,N,STETSON AVE,114,2,NO INDICATION OF INJURY,0,0,0,0,0,1,0,11,1,8,41.886215557,-87.6221699924,"{'type': 'Point', 'coordinates': [-87.622169992421, 41.886215557047]}",Y,,Y,,,,,,,
4fb84bfdd99e110737e5456f94e81be7c3779b1652f1a1fca33e3d6360ac1bbbf932b4b41a9e2e9284457a5803b36009f2b9c850cd3a5b1406405e44ed2e5262,2025-08-10T11:30:00.000,30,NO CONTROLS,NO CONTROLS,CLEAR,DAYLIGHT,PARKED MOTOR VEHICLE,NOT DIVIDED,STRAIGHT AND LEVEL,DRY,NO DEFECTS,NOT ON SCENE (DESK REPORT),NO INJURY / DRIVE AWAY,,"OVER $1,500",2025-08-12T13:20:00.000,UNABLE TO DETERMINE,NOT APPLICABLE,10226,S,HALSTED ST,2232,2,NO INDICATION OF INJURY,0,0,0,0,0,1,0,11,1,8,41.7079099282,-87.6430067378,"{'type': 'Point', 'coordinates': [-87.643006737818, 41.707909928157]}",,,,,,,,,,
dc95580c244a5e22aa0b4203a81034e21bcfbf2911b141d484ca5c63fe5a7bffeca40f996b8a408955021bd8dfca450c3d3d43845f8f738e96398f1cb3b649d0,2025-08-10T11:30:00.000,30,NO CONTROLS,NO CONTROLS,CLEAR,DAYLIGHT,SIDESWIPE SAME DIRECTION,DIVIDED - W/MEDIAN BARRIER,STRAIGHT AND LEVEL,DRY,NO DEFECTS,ON SCENE,INJURY AND / OR TOW DUE TO CRASH,,"OVER $1,500",2025-08-10T11:36:00.000,UNABLE TO DETERMINE,NOT APPLICABLE,32,S,WESTERN AVE,1125,2,"REPORTED, NOT EVIDENT",1,0,0,0,1,1,0,11,1,8,41.8803005836,-87.6865597955,"{'type': 'Point', 'coordinates': [-87.6865597955, 41.88030058363]}",,,,,,,,,,
270246ef685bfb6ea04dd23330c25d717b4c47d510fcae68c1417d05b7c5c3bfc450c9a714b67516b7f2744a6a1faf25e676876cbd00c1526445144ff8576c55,2025-08-10T11:25:00.000,25,UNKNOWN,UNKNOWN,UNKNOWN,UNKNOWN,SIDESWIPE OPPOSITE DIRECTION,NOT DIVIDED,STRAIGHT AND LEVEL,UNKNOWN,UNKNOWN,NOT ON SCENE (DESK REPORT),NO INJURY / DRIVE AWAY,,"OVER $1,500",2025-08-10T13:20:00.000,NOT APPLICABLE,NOT APPLICABLE,228,W,CHICAGO AVE,1823,2,NO INDICATION OF INJURY,0,0,0,0,0,2,0,11,1,8,41.8967000583,-87.6354608475,"{'type': 'Point', 'coordinates': [-87.635460847506, 41.896700058276]}",,,,,,,,,,
1f785d24c81ea3e4c51ebf9543fa31e18f3e1e87c087bc2993cf1640f6d864411bdedd55f6be300521051b0cbbab345564329053ff986a02eaa5006a48bd28d5,2025-08-10T11:24:00.000,30,TRAFFIC SIGNAL,FUNCTIONING PROPERLY,CLEAR,DAYLIGHT,REAR END,FOUR WAY,STRAIGHT AND LEVEL,DRY,NO DEFECTS,ON SCENE,NO INJURY / DRIVE AWAY,Y,"$501 - $1,500",2025-08-10T11:27:00.000,FOLLOWING TOO CLOSELY,NOT APPLICABLE,5938,N,BROADWAY,2013,2,NO INDICATION OF INJURY,0,0,0,0,0,3,0,11,1,8,41.9901622952,-87.6604180086,"{'type': 'Point', 'coordinates': [-87.660418008647, 41.99016229521]}",,,,,,,,,,
2b477d709b36ccf15f35e0815f4f9c94fdf91eb96b91cba462476c20004518aecb7ef14c9864c742c96658f43c0df9d3f377684cd85618a3abd492110bc1b64e,2025-08-10T11:21:00.000,30,UNKNOWN,UNKNOWN,CLEAR,DAYLIGHT,REAR END,ONE-WAY,STRAIGHT AND LEVEL,DRY,UNKNOWN,NOT ON SCENE (DESK REPORT),NO INJURY / DRIVE AWAY,,"OVER $1,500",2025-08-10T11:50:00.000,FOLLOWING TOO CLOSELY,DRIVING SKILLS/KNOWLEDGE/EXPERIENCE,1745,S,UNION AVE,1235,2,NO INDICATION OF INJURY,0,0,0,0,0,2,0,11,1,8,41.8577785815,-87.6446408026,"{'type': 'Point', 'coordinates': [-87.644640802573, 41.857778581503]}",,,Y,Y,,,,,,
f92e0a7e3e5ac9521892c19aafd9c4ec31ee16b3cd9c4d40dd2b698dbf4f8232c5995cba75260622ee061a86b3af964f11bcc5cfc78ee597021118cc272a6cb7,2025-08-10T11:15:00.000,35,NO CONTROLS,NO CONTROLS,CLEAR,DAYLIGHT,REAR END,NOT DIVIDED,STRAIGHT AND LEVEL,DRY,NO DEFECTS,NOT ON SCENE (DESK REPORT),NO INJURY / DRIVE AWAY,Y,$500 OR LESS,2025-08-10T11:30:00.000,UNABLE TO DETERMINE,UNABLE TO DETERMINE,3757,N,SACRAMENTO AVE,1733,2,NO INDICATION OF INJURY,0,0,0,0,0,2,0,11,1,8,41.9501578851,-87.7028753582,"{'type': 'Point', 'coordinates': [-87.702875358154, 41.950157885074]}",,,N,,,,,,,
cdd1994eae78d0f5c7677e2db19f41cd84f0d48fc953db766e962ce264f7f6a6517a881fc1d6ae793f375a8e5f0bc9556a569f3517238b2984b87fa67560147f,2025-08-10T11:11:00.000,10,NO CONTROLS,NO CONTROLS,CLEAR,DAYLIGHT,PARKED MOTOR VEHICLE,PARKING LOT,STRAIGHT AND LEVEL,DRY,NO DEFECTS,ON SCENE,NO INJURY / DRIVE AWAY,,"$501 - $1,500",2025-08-10T11:49:00.000,DRIVING SKILLS/KNOWLEDGE/EXPERIENCE,UNABLE TO DETERMINE,4500,N,BROADWAY,1913,2,NO INDICATION OF INJURY,0,0,0,0,0,1,0,11,1,8,41.9637889643,-87.6566064924,"{'type': 'Point', 'coordinates': [-87.656606492376, 41.963788964252]}",,,Y,,,,,,,
ab48b2304f575354aa1fb5d28829e1233947a4038e734eb62ac3d287cc66bcc3c31f47bd19be68b400bdea15bdfb8df0fb46e01d24d366e6fa377ad0a8db13b6,2025-08-10T11:10:00.000,30,NO CONTROLS,NO CONTROLS,CLEAR,DAYLIGHT,SIDESWIPE SAME DIRECTION,NOT DIVIDED,STRAIGHT AND LEVEL,DRY,NO DEFECTS,ON SCENE,INJURY AND / OR TOW DUE TO CRASH,,"OVER $1,500",2025-08-10T11:11:00.000,FAILING TO YIELD RIGHT-OF-WAY,FAILING TO YIELD RIGHT-OF-WAY,55,E,75TH ST,623,2,NO INDICATION OF INJURY,0,0,0,0,0,3,0,11,1,8,41.758164129,-87.6225291969,"{'type': 'Point', 'coordinates': [-87.622529196875, 41.758164129025]}",,,,,,,,,,
cd19929a762c872bee430f49e08ca0095ec9ea98ae05998ebb7773f528c3edbc1fb031d24e2233a1872fe944e73f0317a522be8c5e8ce314709d601d82e6c3d8,2025-08-10T11:10:00.000,30,STOP SIGN/FLASHER,FUNCTIONING PROPERLY,CLEAR,DAYLIGHT,ANGLE,NOT DIVIDED,STRAIGHT AND LEVEL,DRY,UNKNOWN,NOT ON SCENE (DESK REPORT),NO INJURY / DRIVE AWAY,Y,"OVER $1,500",2025-08-11T06:45:00.000,FAILING TO YIELD RIGHT-OF-WAY,FAILING TO REDUCE SPEED TO AVOID CRASH,5200,N,OKETO AVE,1613,2,NO INDICATION OF INJURY,0,0,0,0,0,3,0,11,1,8,41.9745065189,-87.8121606349,"{'type': 'Point', 'coordinates': [-87.812160634931, 41.974506518876]}",,,,,,,,,,
3b7fa9f36f84eb96dc82f2b1ae62e251f800892179dc635ea2c1cf3b5a605b4b290c4029a7d12321d66371be82cae6c5998132627ef35b6e6c96b299f961746c,2025-08-10T11:05:00.000,30,NO CONTROLS,NO CONTROLS,CLEAR,DAYLIGHT,PARKED MOTOR VEHICLE,NOT DIVIDED,STRAIGHT AND LEVEL,DRY,NO DEFECTS,,NO INJURY / DRIVE AWAY,,"OVER $1,500",2025-08-10T12:17:00.000,DRIVING SKILLS/KNOWLEDGE/EXPERIENCE,DRIVING SKILLS/KNOWLEDGE/EXPERIENCE,51,E,14TH ST,131,2,NO INDICATION OF INJURY,0,0,0,0,0,1,0,11,1,8,41.8639617994,-87.6253987513,"{'type': 'Point', 'coordinates': [-87.625398751263, 41.863961799386]}",,,,,,,,,,
01919bc67ba650b970536929c1ae13995fd99bba779f752d3c50a3adb91484ae04d6c8175133d911c97ea60a3bd7cf9f2862200978cde6ee84e7d9c2470e6bd4,2025-08-10T10:42:00.000,30,NO CONTROLS,NO CONTROLS,CLEAR,DAYLIGHT,PEDALCYCLIST,NOT DIVIDED,STRAIGHT AND LEVEL,DRY,NO DEFECTS,ON SCENE,INJURY AND / OR TOW DUE TO CRASH,,"$501 - $1,500",2025-08-10T10:43:00.000,FAILING TO YIELD RIGHT-OF-WAY,NOT APPLICABLE,1207,W,PRATT BLVD,2432,2,NONINCAPACITATING INJURY,1,0,0,1,0,1,0,10,1,8,42.005425228,-87.6612833496,"{'type': 'Point', 'coordinates': [-87.661283349576, 42.005425227986]}",,,,,,,,N,,
44988f4270bd547f323098ad6c6a6a31491f20cce55a13f1f4b2227be2735a688fa9a60807106630f32cc5aab862661cb82e5db797b8ae6cdcc27c2a1b01df83,2025-08-10T10:30:00.000,30,NO CONTROLS,NO CONTROLS,CLEAR,DAYLIGHT,TURNING,NOT DIVIDED,STRAIGHT AND LEVEL,DRY,NO DEFECTS,ON SCENE,NO INJURY / DRIVE AWAY,,"OVER $1,500",2025-08-10T10:30:00.000,FAILING TO YIELD RIGHT-OF-WAY,IMPROPER TURNING/NO SIGNAL,2913,W,38TH ST,911,2,NO INDICATION OF INJURY,0,0,0,0,0,2,0,10,1,8,41.8244409601,-87.6976789459,"{'type': 'Point', 'coordinates': [-87.697678945933, 41.824440960106]}",,,,,,,,,,
b84c6d0e9c0f77ba4f8d7ab2430090ac6470d6e812bada70a387fe316dd28d62ced65a2fb0a57fdb58484ca2a15c92683b2228209ff065d5fa377e4da01ec03c,2025-08-10T10:30:00.000,30,NO CONTROLS,NO CONTROLS,CLEAR,DAYLIGHT,PARKED MOTOR VEHICLE,NOT DIVIDED,STRAIGHT AND LEVEL,UNKNOWN,UNKNOWN,NOT ON SCENE (DESK REPORT),NO INJURY / DRIVE AWAY,,$500 OR LESS,2025-08-10T11:02:00.000,DRIVING SKILLS/KNOWLEDGE/EXPERIENCE,UNABLE TO DETERMINE,6314,N,LINCOLN AVE,1711,2,NO INDICATION OF INJURY,0,0,0,0,0,2,0,10,1,8,41.9960292557,-87.7167872648,"{'type': 'Point', 'coordinates': [-87.716787264751, 41.996029255706]}",,,,,,,,,,
733c3915b6d34aecd8ffffd8439e6a1fded044b8aaf881a4a96564c24ccd3b773fe8d7b7e92fc7c71ad4e06a2c34ac018b8164cb4973717097b335a1d6748c3f,2025-08-10T10:16:00.000,10,NO CONTROLS,NO CONTROLS,CLEAR,DAYLIGHT,PARKED MOTOR VEHICLE,PARKING LOT,STRAIGHT AND LEVEL,DRY,NO DEFECTS,ON SCENE,NO INJURY / DRIVE AWAY,,"$501 - $1,500",2025-08-10T11:40:00.000,UNABLE TO DETERMINE,UNABLE TO DETERMINE,4650,W,NORTH AVE,2533,2,NO INDICATION OF INJURY,0,0,0,0,0,1,0,10,1,8,41.909764527,-87.7433762957,"{'type': 'Point', 'coordinates': [-87.743376295706, 41.909764527033]}",Y,,Y,,,,,,,
fcb3fc2f930a3a3491fac205df2e49db71c893b40c61dcd3122b01ebffd74aa9dccdafb1803c7d612072413a524ff926c269a0b51c2aa068e7fca12b75d5e047,2025-08-10T10:15:00.000,30,NO CONTROLS,NO CONTROLS,CLEAR,DAYLIGHT,ANGLE,T-INTERSECTION,STRAIGHT AND LEVEL,DRY,UNKNOWN,NOT ON SCENE (DESK REPORT),NO INJURY / DRIVE AWAY,Y,"$501 - $1,500",2025-08-10T10:45:00.000,UNABLE TO DETERMINE,NOT APPLICABLE,4149,W,WABANSIA AVE,2534,2,NO INDICATION OF INJURY,0,0,0,0,0,2,0,10,1,8,41.9115401901,-87.7308140344,"{'type': 'Point', 'coordinates': [-87.730814034431, 41.911540190081]}",,,,,,,,,,
b6af4d393e60dfe1d2f2d2d3f090d3da3c1b403e7c3c937057d6c959c405ef2d8b3be781e30ded411dfd54b11ca3272a05a58d5e0f1c09aa9c518064cda12f13,2025-08-10T10:10:00.000,30,TRAFFIC SIGNAL,FUNCTIONING PROPERLY,CLEAR,DAYLIGHT,TURNING,FOUR WAY,STRAIGHT AND LEVEL,DRY,NO DEFECTS,NOT ON SCENE (DESK REPORT),NO INJURY / DRIVE AWAY,,"OVER $1,500",2025-08-10T11:32:00.000,UNABLE TO DETERMINE,NOT APPLICABLE,4830,W,LEXINGTON ST,1533,2,NO INDICATION OF INJURY,0,0,0,0,0,2,0,10,1,8,41.8712644325,-87.7462928893,"{'type': 'Point', 'coordinates': [-87.746292889271, 41.871264432506]}",,,Y,,,,,,,
06a281ef4ba1a817f3471ffef06d1ccab2117f00523903e55a8cd7cc8113e321a3512ba1b470db8a8537f16d797eb563eb72f75a3a3ce71e0385104c3ad991f2,2025-08-10T10:05:00.000,30,NO CONTROLS,NO CONTROLS,CLEAR,DAYLIGHT,REAR END,DIVIDED - W/MEDIAN (NOT RAISED),STRAIGHT AND LEVEL,DRY,OTHER,ON SCENE,INJURY AND / OR TOW DUE TO CRASH,,"OVER $1,500",2025-08-10T10:07:00.000,FAILING TO REDUCE SPEED TO AVOID CRASH,NOT APPLICABLE,7601,S,KEDZIE AVE,835,2,"REPORTED, NOT EVIDENT",2,0,0,0,2,2,0,10,1,8,41.7551841772,-87.7024026184,"{'type': 'Point', 'coordinates': [-87.702402618398, 41.755184177231]}",,,,,,,,,,
9dbde85fbef96893070dcbdd1ed9330ef5cdb8e0e7f5a2ef372ee89491d046eb9e76b66b5d5067ff88c4c196a3766a9da209ff9e3702a4fed279416afa958cd3,2025-08-10T10:05:00.000,30,NO CONTROLS,NO CONTROLS,CLEAR,DAYLIGHT,PARKED MOTOR VEHICLE,NOT DIVIDED,STRAIGHT AND LEVEL,DRY,NO DEFECTS,NOT ON SCENE (DESK REPORT),NO INJURY / DRIVE AWAY,,"$501 - $1,500",2025-08-10T10:30:00.000,UNABLE TO DETERMINE,NOT APPLICABLE,4003,W,ARGYLE ST,1712,2,NO INDICATION OF INJURY,0,0,0,0,0,1,0,10,1,8,41.9717726244,-87.7282764453,"{'type': 'Point', 'coordinates': [-87.728276445297, 41.971772624424]}",,,,,,,,,,
69a9ffee1f8ab1addb5de3505f516e98938bd1fb7aee80080d8970549edffd01dd7a0411e29beb05479ff686ec4b5271f20010b2c721d589404828f5ec73ed73,2025-08-10T09:48:00.000,30,NO CONTROLS,NO CONTROLS,CLEAR,DAYLIGHT,TURNING,DIVIDED - W/MEDIAN (NOT RAISED),STRAIGHT AND LEVEL,DRY,NO DEFECTS,NOT ON SCENE (DESK REPORT),NO INJURY / DRIVE AWAY,,"$501 - $1,500",2025-08-10T10:15:00.000,IMPROPER TURNING/NO SIGNAL,IMPROPER OVERTAKING/PASSING,1530,W,LAWRENCE AVE,2032,2,NO INDICATION OF INJURY,0,0,0,0,0,2,0,9,1,8,41.9689897602,-87.6688447181,"{'type': 'Point', 'coordinates': [-87.668844718118, 41.968989760172]}",,,,,,,,,,
4a542c4664fae8a2ca84a0805ee129622b634db9649a708ce3a6ca7fbf44ecf9f3f217dd276361e0f4752f7edbcab95379f8f60cb5243b764fb6183f80711d41,2025-08-10T09:43:00.000,30,NO CONTROLS,NO CONTROLS,CLEAR,DAYLIGHT,PEDESTRIAN,ONE-WAY,STRAIGHT AND LEVEL,DRY,NO DEFECTS,ON SCENE,INJURY AND / OR TOW DUE TO CRASH,,$500 OR LESS,2025-08-10T09:43:00.000,NOT APPLICABLE,NOT APPLICABLE,2598,N,MEADE AVE,2512,3,INCAPACITATING INJURY,2,0,1,1,0,1,0,9,1,8,41.9273534067,-87.7784177152,"{'type': 'Point', 'coordinates': [-87.778417715196, 41.927353406686]}",,,,,,,,,,
782c902843ec173ce4981c4465d028da1de8644b1a1283847aba347f99c8a6f24b48eba24832a7998b018b39ab604e23410f931002d1ff01ed928fc14af16e42,2025-08-10T09:35:00.000,35,TRAFFIC SIGNAL,FUNCTIONING PROPERLY,CLEAR,DAYLIGHT,REAR END,FOUR WAY,STRAIGHT AND LEVEL,DRY,NO DEFECTS,NOT ON SCENE (DESK REPORT),NO INJURY / DRIVE AWAY,,"OVER $1,500",2025-08-10T12:20:00.000,NOT APPLICABLE,DISTRACTION - FROM OUTSIDE VEHICLE,3558,W,115TH ST,2211,2,NO INDICATION OF INJURY,0,0,0,0,0,2,0,9,1,8,41.684222691,-87.7101705005,"{'type': 'Point', 'coordinates': [-87.710170500504, 41.684222690959]}",,,,,,,,,,
0c56e35075429b528e82913856054d41ec33076f83eca38f73dcdd96b61a0feaa44a8c8c4bf2e9a694d8f818e5b474448ac1aa05a50a4c408062a00a10e0e787,2025-08-10T09:30:00.000,30,NO CONTROLS,NO CONTROLS,CLEAR,DAYLIGHT,PARKED MOTOR VEHICLE,ONE-WAY,STRAIGHT AND LEVEL,DRY,NO DEFECTS,NOT ON SCENE (DESK REPORT),NO INJURY / DRIVE AWAY,,"OVER $1,500",2025-08-10T10:15:00.000,UNABLE TO DETERMINE,UNABLE TO DETERMINE,1230,S,KARLOV AVE,1011,2,NO INDICATION OF INJURY,0,0,0,0,0,1,0,9,1,8,41.865192168,-87.7277349119,"{'type': 'Point', 'coordinates': [-87.727734911905, 41.86519216802]}",,,Y,,,,,,,
5fd4071cee6bc38b3fc8dd5315af7ada27120d7084b3bcdb3064a8f4eeba7551eb068fa9304099541bdcb2193cca24f1116b5eccafacd7018b674547fbc0bfd8,2025-08-10T09:24:00.000,5,NO CONTROLS,NO CONTROLS,CLEAR,DAYLIGHT,PARKED MOTOR VEHICLE,PARKING LOT,STRAIGHT AND LEVEL,DRY,NO DEFECTS,NOT ON SCENE (DESK REPORT),NO INJURY / DRIVE AWAY,,"OVER $1,500",2025-08-10T10:15:00.000,UNABLE TO DETERMINE,UNABLE TO DETERMINE,3201,N,ASHLAND AVE,1922,2,NO INDICATION OF INJURY,0,0,0,0,0,2,0,9,1,8,41.9397446157,-87.6685161011,"{'type': 'Point', 'coordinates': [-87.668516101064, 41.939744615735]}",,,Y,,,,,,,
172a618f2f517a9ad55e1acb3a96228d70e0988001d5bca3578793aa3ca1504476ea2551582f4175274aabede907be726d21e0b4d6642fdc2d7dcbf7ed117a9a,2025-08-10T09:17:00.000,30,NO CONTROLS,NO CONTROLS,CLEAR,DAYLIGHT,PARKED MOTOR VEHICLE,NOT DIVIDED,STRAIGHT AND LEVEL,DRY,NO DEFECTS,ON SCENE,INJURY AND / OR TOW DUE TO CRASH,,"OVER $1,500",2025-08-10T09:25:00.000,UNDER THE INFLUENCE OF ALCOHOL/DRUGS (USE WHEN ARREST IS EFFECTED),DRIVING ON WRONG SIDE/WRONG WAY,5350,N,KIMBALL AVE,1712,4,NO INDICATION OF INJURY,0,0,0,0,0,1,0,9,1,8,41.9790359828,-87.7137733411,"{'type': 'Point', 'coordinates': [-87.71377334113, 41.979035982808]}",,,,,,,,,,
5d4c2a0247c217fc50c323d46bf40114d7768a5c9fb91b90709e6afa39f2f254f77a416bfeb76e93318c53dbd660f806851c3282c3051822f2fab9fc088a6fad,2025-08-10T09:10:00.000,30,TRAFFIC SIGNAL,FUNCTIONING PROPERLY,CLEAR,DAYLIGHT,FIXED OBJECT,FOUR WAY,STRAIGHT AND LEVEL,DRY,NO DEFECTS,ON SCENE,INJURY AND / OR TOW DUE TO CRASH,Y,"OVER $1,500",2025-08-10T09:17:00.000,UNABLE TO DETERMINE,NOT APPLICABLE,7101,S,RACINE AVE,733,1,NONINCAPACITATING INJURY,1,0,0,1,0,0,0,9,1,8,41.7650136465,-87.6539679141,"{'type': 'Point', 'coordinates': [-87.653967914112, 41.765013646543]}",,,,,,,,,,