crash_record_id,crash_date,posted_speed_limit,traffic_control_device,device_condition,weather_condition,lighting_condition,first_crash_type,trafficway_type,alignment,roadway_surface_cond,road_defect,report_type,crash_type,intersection_related_i,damage,date_police_notified,prim_contributory_cause,sec_contributory_cause,street_no,street_direction,street_name,beat_of_occurrence,num_units,most_severe_injury,injuries_total,injuries_fatal,injuries_incapacitating,injuries_non_incapacitating,injuries_reported_not_evident,injuries_no_indication,injuries_unknown,crash_hour,crash_day_of_week,crash_month,latitude,longitude,location,private_property_i,photos_taken_i,hit_and_run_i,statements_taken_i,crash_date_est_i,work_zone_i,work_zone_type,dooring_i,lane_cnt,workers_present_i
e034e02adee287605143812eada170ef0460abc54524b99ecdf5ad0035b3d99d1d57c157aff7cc2930373d9236bb7e6dcd4e420aa648c189c3d12cf9f5d4306e,2025-08-10T08:32:00.000,30,NO CONTROLS,NO CONTROLS,CLEAR,DAYLIGHT,PARKED MOTOR VEHICLE,ONE-WAY,STRAIGHT AND LEVEL,DRY,UNKNOWN,ON SCENE,INJURY AND / OR TOW DUE TO CRASH,,"OVER $1,500",2025-08-10T08:33:00.000,UNABLE TO DETERMINE,NOT APPLICABLE,127,N,KILBOURN AVE,1113,5,NO INDICATION OF INJURY,0,0,0,0,0,1,0,8,1,8,41.8828738844,-87.7378568054,"{'type': 'Point', 'coordinates': [-87.737856805431, 41.882873884372]}",,,Y,,,,,,,
fa512cbe073117485d894c25df762972093ded5e381a8c2769861c9e9ba08787906b6f1b721cfee51126d6ce6a68da21769788eada07ec1bde54363b4a35f856,2025-08-10T08:30:00.000,25,STOP SIGN/FLASHER,FUNCTIONING PROPERLY,CLEAR,DAYLIGHT,ANGLE,FOUR WAY,STRAIGHT AND LEVEL,DRY,NO DEFECTS,ON SCENE,INJURY AND / OR TOW DUE TO CRASH,Y,"OVER $1,500",2025-08-10T08:35:00.000,DISREGARDING OTHER TRAFFIC SIGNS,NOT APPLICABLE,7100,S,STONY ISLAND AVE,324,2,"REPORTED, NOT EVIDENT",1,0,0,0,1,3,0,8,1,8,41.7659281922,-87.5864700779,"{'type': 'Point', 'coordinates': [-87.586470077922, 41.76592819222]}",,,,N,,,,,,
6ab2d2a5623656b855faa5dcb4c0f7941d11d8dace0f8e0eb2fbaab199663ebd40c47c65e8b5d6fbc65316fb09148eefe8a7d7a845b3b0f8f158f083065d49cb,2025-08-10T08:25:00.000,30,NO CONTROLS,NO CONTROLS,CLEAR,DAYLIGHT,PARKED MOTOR VEHICLE,PARKING LOT,STRAIGHT AND LEVEL,DRY,NO DEFECTS,NOT ON SCENE (DESK REPORT),NO INJURY / DRIVE AWAY,,"OVER $1,500",2025-08-10T22:09:00.000,IMPROPER BACKING,NOT APPLICABLE,1514,S,SPECIAL OLYMPICS DR,132,2,NO INDICATION OF INJURY,0,0,0,0,0,1,0,8,1,8,,,,,,,,,,,,,
571cbafc34f38331a4058a9927d8859115db6476b44e19a297a3e869728b383eeec5751bf9773080e30b3a0ec4728b5c78eb925fe0bfd3b21262961d264f2412,2025-08-10T08:15:00.000,10,NO CONTROLS,NO CONTROLS,CLEAR,"DARKNESS, LIGHTED ROAD",PARKED MOTOR VEHICLE,PARKING LOT,STRAIGHT AND LEVEL,UNKNOWN,UNKNOWN,NOT ON SCENE (DESK REPORT),NO INJURY / DRIVE AWAY,,"OVER $1,500",2025-08-11T08:40:00.000,IMPROPER BACKING,NOT APPLICABLE,5700,S,LAKE SHORE DR,331,2,NO INDICATION OF INJURY,0,0,0,0,0,1,0,8,1,8,41.7914202821,-87.5801477687,"{'type': 'Point', 'coordinates': [-87.580147768689, 41.791420282098]}",,,Y,,,,,,,
743421a6b3889f09e8747e891383ccd2ec36f5102e775c01d99dacc3e56eab1d9dfa9c1f9f5e377c76f50818fc46c101938761ca9d7192821cb8da3d9e10bc1d,2025-08-10T08:01:00.000,30,NO CONTROLS,NO CONTROLS,CLEAR,DAYLIGHT,PARKED MOTOR VEHICLE,NOT DIVIDED,STRAIGHT AND LEVEL,DRY,NO DEFECTS,ON SCENE,NO INJURY / DRIVE AWAY,Y,"OVER $1,500",2025-08-10T08:15:00.000,UNABLE TO DETERMINE,NOT APPLICABLE,400,N,LAWNDALE AVE,1122,3,NO INDICATION OF INJURY,0,0,0,0,0,1,0,8,1,8,41.888318115,-87.7186944093,"{'type': 'Point', 'coordinates': [-87.718694409252, 41.888318115046]}",,,,,,,,,,
be057e123e24ce8e74284b65a8a0ca80d81576a0f6c62bcfc6c310c24b175b7267d9fe9a5ebd5735972d7045241bf81dc5b206e7901eb87552d1d2cf1eaa809c,2025-08-10T08:01:00.000,30,TRAFFIC SIGNAL,FUNCTIONING PROPERLY,CLEAR,DAYLIGHT,REAR END,NOT DIVIDED,STRAIGHT AND LEVEL,DRY,NO DEFECTS,NOT ON SCENE (DESK REPORT),NO INJURY / DRIVE AWAY,,"OVER $1,500",2025-08-10T13:30:00.000,UNABLE TO DETERMINE,NOT APPLICABLE,2757,N,ASHLAND AVE,1932,2,NO INDICATION OF INJURY,0,0,0,0,0,2,0,8,1,8,41.9322654363,-87.6682410962,"{'type': 'Point', 'coordinates': [-87.668241096187, 41.93226543629]}",,,,,,,,,,
ae78506a9d3a61a8e15caf703c1610475b4fb8aca2611d0dfde4d13bacae43373228c193e460aa2427dc34b348f5cf9ead434b62c6213106ae9c494e76c2265b,2025-08-10T08:00:00.000,30,NO CONTROLS,NO CONTROLS,UNKNOWN,DAYLIGHT,OTHER OBJECT,PARKING LOT,STRAIGHT AND LEVEL,UNKNOWN,UNKNOWN,NOT ON SCENE (DESK REPORT),NO INJURY / DRIVE AWAY,,"OVER $1,500",2025-08-11T10:20:00.000,UNABLE TO DETERMINE,DISTRACTION - FROM INSIDE VEHICLE,361,W,47TH ST,935,1,NO INDICATION OF INJURY,0,0,0,0,0,1,0,8,1,8,41.8089385039,-87.635719386,"{'type': 'Point', 'coordinates': [-87.635719385995, 41.808938503931]}",,,,,,,,,,
d611f7676c4545186c7fc2a2bae91fab212244d14ca76d964414e93eaf52e3a9213a2c2f4b4b250bbb2742302f8acc63f9c910706bafb413e405a629eee13e00,2025-08-10T08:00:00.000,20,NO CONTROLS,NO CONTROLS,CLEAR,DAYLIGHT,FIXED OBJECT,NOT DIVIDED,"CURVE, LEVEL",DRY,NO DEFECTS,ON SCENE,INJURY AND / OR TOW DUE TO CRASH,,"OVER $1,500",2025-08-10T08:05:00.000,FAILING TO REDUCE SPEED TO AVOID CRASH,NOT APPLICABLE,830,W,OHARE ST,1654,1,"REPORTED, NOT EVIDENT",1,0,0,0,1,0,0,8,1,8,,,,,,,,,,,,,
d7ff119b0a0f09ea806374826bb95228e679b31d84f4e1a3ff8effbcc89894e8f96643180863445241371d34ef0b0e2cacfbdeb1b701a23728e5b8b929d9afa4,2025-08-10T08:00:00.000,25,UNKNOWN,UNKNOWN,CLEAR,DAYLIGHT,ANGLE,DIVIDED - W/MEDIAN (NOT RAISED),STRAIGHT AND LEVEL,DRY,NO DEFECTS,NOT ON SCENE (DESK REPORT),NO INJURY / DRIVE AWAY,,"OVER $1,500",2025-08-10T09:40:00.000,UNABLE TO DETERMINE,UNABLE TO DETERMINE,3829,N,LARAMIE AVE,1634,2,NO INDICATION OF INJURY,0,0,0,0,0,2,0,8,1,8,41.950513436,-87.7569153485,"{'type': 'Point', 'coordinates': [-87.756915348479, 41.950513435974]}",,,,,,,,,,
35035f125486bbdf3c0e70aca3fef7df6a9d6f34079d0b8c745aed7f50cbbad39da534d3366a39a5dc62d69629213cd6ada146230e81081452c2ab8f45eb031f,2025-08-10T07:55:00.000,35,TRAFFIC SIGNAL,FUNCTIONING PROPERLY,CLEAR,DAYLIGHT,REAR END,FOUR WAY,STRAIGHT AND LEVEL,DRY,NO DEFECTS,ON SCENE,INJURY AND / OR TOW DUE TO CRASH,Y,"OVER $1,500",2025-08-10T07:58:00.000,FOLLOWING TOO CLOSELY,FAILING TO REDUCE SPEED TO AVOID CRASH,8701,S,ASHLAND AVE,2221,2,"REPORTED, NOT EVIDENT",1,0,0,0,1,3,0,7,1,8,41.7357008195,-87.6629164898,"{'type': 'Point', 'coordinates': [-87.662916489803, 41.735700819451]}",,,,,,,,,,
78e33b39e9b72d3b47b8de7da8f59f8337f6ab21efcc5b6889eba4c387f4bb9346add7ccd07718db6f5f430974f38b020add7bc84c5daa450d38ba88285ddb13,2025-08-10T07:55:00.000,30,NO CONTROLS,NO CONTROLS,CLEAR,DAYLIGHT,PARKED MOTOR VEHICLE,NOT DIVIDED,STRAIGHT AND LEVEL,DRY,UNKNOWN,ON SCENE,INJURY AND / OR TOW DUE TO CRASH,,"OVER $1,500",2025-08-10T07:55:00.000,UNABLE TO DETERMINE,UNABLE TO DETERMINE,5117,S,KEDZIE AVE,923,2,NO INDICATION OF INJURY,0,0,0,0,0,1,0,7,1,8,41.8002778444,-87.7036044319,"{'type': 'Point', 'coordinates': [-87.703604431916, 41.800277844366]}",,,,,,,,,,
59f913c686162e7bb03b7cb4ae0a98c616c784f77b743056afc782b449d1066e268985241ca06f51c2ff317050f3bea38dc2fcf0de287b7e4a8328a07fa5e2a0,2025-08-10T07:45:00.000,30,UNKNOWN,UNKNOWN,CLEAR,DAYLIGHT,FIXED OBJECT,NOT DIVIDED,STRAIGHT AND LEVEL,DRY,NO DEFECTS,ON SCENE,INJURY AND / OR TOW DUE TO CRASH,,"OVER $1,500",2025-08-10T07:46:00.000,"OPERATING VEHICLE IN ERRATIC, RECKLESS, CARELESS, NEGLIGENT OR AGGRESSIVE MANNER",UNABLE TO DETERMINE,6918,S,WASHTENAW AVE,831,1,NONINCAPACITATING INJURY,1,0,0,1,0,0,0,7,1,8,41.7676147536,-87.6908046295,"{'type': 'Point', 'coordinates': [-87.690804629525, 41.76761475356]}",,,,,,,,,,
1d3b59934b4f1102d6569beaf6803f3d41af97285e669bcd0cabcc6602f37cd64a37ac87175995274ee29ec8768a04627407b845f9eb7da01e99aeffa93d80c6,2025-08-10T07:35:00.000,30,TRAFFIC SIGNAL,FUNCTIONING PROPERLY,CLEAR,DAYLIGHT,REAR END,FOUR WAY,STRAIGHT AND LEVEL,DRY,UNKNOWN,NOT ON SCENE (DESK REPORT),NO INJURY / DRIVE AWAY,Y,"$501 - $1,500",2025-08-10T09:30:00.000,UNABLE TO DETERMINE,NOT APPLICABLE,800,W,87TH ST,613,2,NO INDICATION OF INJURY,0,0,0,0,0,3,0,7,1,8,41.7361825711,-87.6436598151,"{'type': 'Point', 'coordinates': [-87.643659815136, 41.736182571052]}",,,,,,,,,,
4bc143426c2f642fd433232a6dc3684a4b248820a0097cff3a9f82bf16df4558e477c4c9d0053aba0c2583674381f29d6175809883fb65dbe49f110b7318bb06,2025-08-10T07:30:00.000,25,NO CONTROLS,NO CONTROLS,CLEAR,"DARKNESS, LIGHTED ROAD",PARKED MOTOR VEHICLE,NOT DIVIDED,STRAIGHT AND LEVEL,DRY,NO DEFECTS,NOT ON SCENE (DESK REPORT),NO INJURY / DRIVE AWAY,,"OVER $1,500",2025-08-10T08:35:00.000,UNABLE TO DETERMINE,UNABLE TO DETERMINE,3722,W,PIPPIN ST,833,2,NO INDICATION OF INJURY,0,0,0,0,0,1,0,7,1,8,41.7537263563,-87.7151813157,"{'type': 'Point', 'coordinates': [-87.715181315737, 41.753726356305]}",,,,,,,,,,
6bf442e425e0796604f1296aad7fbb2abd96c88190b57a46df960a594e0c719ca350e672898aa9b1a675b1039b6925d1170ba47c22bd91a3ebb5c1636a23d00f,2025-08-10T07:30:00.000,30,NO CONTROLS,NO CONTROLS,CLEAR,DAYLIGHT,SIDESWIPE SAME DIRECTION,NOT DIVIDED,STRAIGHT AND LEVEL,DRY,NO DEFECTS,NOT ON SCENE (DESK REPORT),NO INJURY / DRIVE AWAY,,"OVER $1,500",2025-08-10T08:32:00.000,UNABLE TO DETERMINE,NOT APPLICABLE,1158,S,INDEPENDENCE BLVD,1133,2,NO INDICATION OF INJURY,0,0,0,0,0,3,0,7,1,8,41.8662828666,-87.7202710047,"{'type': 'Point', 'coordinates': [-87.720271004669, 41.866282866644]}",,,,,,,,,,
331f6b9b6e466df2f69f5ebe607bfc4bf1a11be9335aabb511c34c8fc6095f059acd80d3b44615d4fe8dfc645819d93e77ca5e8037054f9ccbce252e71360806,2025-08-10T07:20:00.000,5,NO CONTROLS,NO CONTROLS,CLEAR,DAYLIGHT,REAR TO FRONT,OTHER,STRAIGHT AND LEVEL,DRY,NO DEFECTS,NOT ON SCENE (DESK REPORT),NO INJURY / DRIVE AWAY,,"$501 - $1,500",2025-08-10T08:05:00.000,UNABLE TO DETERMINE,UNABLE TO DETERMINE,7150,W,54TH ST,811,2,NO INDICATION OF INJURY,0,0,0,0,0,2,0,7,1,8,41.7940645429,-87.8010907721,"{'type': 'Point', 'coordinates': [-87.801090772082, 41.794064542872]}",,,,,,,,,,
238075677f4daf310216a7a2737289dadf29d1affa15d426c6a0742a075495b83ded1a8474d0860fd17070fa70d60e42838d90d2247c42ca6aca42a9555b752d,2025-08-10T07:15:00.000,15,NO CONTROLS,NO CONTROLS,CLEAR,DAYLIGHT,FIXED OBJECT,PARKING LOT,STRAIGHT AND LEVEL,DRY,NO DEFECTS,,NO INJURY / DRIVE AWAY,,"$501 - $1,500",2025-08-10T08:00:00.000,NOT APPLICABLE,NOT APPLICABLE,2701,W,68TH ST,831,1,NO INDICATION OF INJURY,0,0,0,0,0,1,0,7,1,8,41.7699292423,-87.6908413389,"{'type': 'Point', 'coordinates': [-87.690841338941, 41.769929242296]}",,,,,,,,,,
b86769eba1d74e9168dac400858821d34854cbead3aba1362579ae2fd62df113294b0475aa083d73df137fc286e70ba6a0b74314932233d5449af5cadaf91940,2025-08-10T07:15:00.000,35,NO CONTROLS,NO CONTROLS,CLEAR,DAYLIGHT,REAR END,NOT DIVIDED,STRAIGHT AND LEVEL,DRY,NO DEFECTS,NOT ON SCENE (DESK REPORT),NO INJURY / DRIVE AWAY,,"$501 - $1,500",2025-08-10T07:40:00.000,UNABLE TO DETERMINE,UNABLE TO DETERMINE,2406,N,PULASKI RD,2524,2,NO INDICATION OF INJURY,0,0,0,0,0,2,0,7,1,8,41.9247275514,-87.7269252013,"{'type': 'Point', 'coordinates': [-87.726925201269, 41.924727551393]}",,,Y,,,,,,,
b547a72d29b9f97f6bb68ca08e879f6d60aacbcd9ad5611bca018ade2621752ea8a184ca5ba7ce7d227f455ad57d20150b6c9e113a45024c99f9c83a5e460244,2025-08-10T07:03:00.000,20,UNKNOWN,UNKNOWN,CLEAR,DAYLIGHT,FIXED OBJECT,OTHER,STRAIGHT AND LEVEL,DRY,NO DEFECTS,NOT ON SCENE (DESK REPORT),NO INJURY / DRIVE AWAY,,"OVER $1,500",2025-08-10T07:30:00.000,UNABLE TO DETERMINE,NOT APPLICABLE,950,W,BRYN MAWR AVE,2022,1,NO INDICATION OF INJURY,0,0,0,0,0,1,0,7,1,8,41.9839467296,-87.6547895803,"{'type': 'Point', 'coordinates': [-87.654789580285, 41.983946729597]}",,,,,,,,,,
857fa4ba76123d2c4ae296fb341a54b15b2c39a262789d1a1649702b4b493b09697f80cf205070e6ef1dbcbb85a514190ca8a70c12947bb54664decc2699b7ca,2025-08-10T07:00:00.000,30,NO CONTROLS,NO CONTROLS,CLEAR,DAYLIGHT,REAR END,NOT DIVIDED,STRAIGHT AND LEVEL,DRY,NO DEFECTS,NOT ON SCENE (DESK REPORT),NO INJURY / DRIVE AWAY,,"OVER $1,500",2025-08-10T08:00:00.000,FAILING TO REDUCE SPEED TO AVOID CRASH,FAILING TO YIELD RIGHT-OF-WAY,5348,W,GRAND AVE,2515,2,NO INDICATION OF INJURY,0,0,0,0,0,2,0,7,1,8,41.9178606519,-87.7603281223,"{'type': 'Point', 'coordinates': [-87.760328122255, 41.917860651868]}",,,,,,,,,,
2296115e8e986fee8fba146f177d1404e889616156ae2fb98e4a9a2bb1dea2d7ffc237df4f603dd1ce69d4e1808b911004e3ca750449cb0324c73548fe266a55,2025-08-10T06:50:00.000,30,STOP SIGN/FLASHER,FUNCTIONING PROPERLY,CLEAR,DAYLIGHT,PEDALCYCLIST,NOT DIVIDED,STRAIGHT AND LEVEL,DRY,NO DEFECTS,ON SCENE,INJURY AND / OR TOW DUE TO CRASH,,"OVER $1,500",2025-08-10T07:10:00.000,DISREGARDING TRAFFIC SIGNALS,NOT APPLICABLE,1700,N,CLARK ST,1814,2,NONINCAPACITATING INJURY,1,0,0,1,0,1,0,6,1,8,41.9130945918,-87.6329682232,"{'type': 'Point', 'coordinates': [-87.63296822322, 41.913094591765]}",,,,,,,,,,
995ebcf66590f065ad97f401f1c68385ae922c5a4574f116e6ab1c8270f3886767e8703033225f7897c5470ef0559c51ea9306daf277e8ae27ad3a7d4869ead9,2025-08-10T06:50:00.000,30,NO CONTROLS,NO CONTROLS,CLEAR,DAYLIGHT,PARKED MOTOR VEHICLE,DIVIDED - W/MEDIAN (NOT RAISED),STRAIGHT AND LEVEL,DRY,UNKNOWN,ON SCENE,INJURY AND / OR TOW DUE TO CRASH,,"OVER $1,500",2025-08-10T07:00:00.000,UNABLE TO DETERMINE,UNABLE TO DETERMINE,4731,S,DAMEN AVE,931,3,NO INDICATION OF INJURY,0,0,0,0,0,1,0,6,1,8,41.807571535,-87.6745140954,"{'type': 'Point', 'coordinates': [-87.67451409536, 41.807571535023]}",,,,,,,,,,
d81ff632bef52d4dd672c8d72ec63fa0de874e024ac766021c9419250f86c163b6fcecf2e0d1ea436ab0209be6680de96c5cfe67be256f2a5258ffab70f26bc2,2025-08-10T06:28:00.000,20,TRAFFIC SIGNAL,FUNCTIONING PROPERLY,CLEAR,DAYLIGHT,PEDESTRIAN,FOUR WAY,STRAIGHT AND LEVEL,DRY,UNKNOWN,ON SCENE,INJURY AND / OR TOW DUE TO CRASH,Y,"OVER $1,500",2025-08-10T06:30:00.000,UNABLE TO DETERMINE,NOT APPLICABLE,7498,S,JEFFERY BLVD,333,2,"REPORTED, NOT EVIDENT",1,0,0,0,1,1,0,6,1,8,41.7588967476,-87.5762890326,"{'type': 'Point', 'coordinates': [-87.576289032556, 41.758896747619]}",,,Y,,,,,,,
07f3aaf929a760c3fb356ebef0777b2c006f7b5b2f64d21c98927dd9e16d856ea82501534c2c096945ac72b4710aab68c2c79e4ea8989f0f4c13545fc29efc9c,2025-08-10T06:21:00.000,30,NO CONTROLS,NO CONTROLS,CLEAR,DAYLIGHT,PARKED MOTOR VEHICLE,ONE-WAY,STRAIGHT AND LEVEL,DRY,NO DEFECTS,ON SCENE,NO INJURY / DRIVE AWAY,,"OVER $1,500",2025-08-10T06:21:00.000,NOT APPLICABLE,NOT APPLICABLE,251,S,CLINTON ST,121,2,NO INDICATION OF INJURY,0,0,0,0,0,1,0,6,1,8,41.8780633538,-87.6409256179,"{'type': 'Point', 'coordinates': [-87.640925617863, 41.878063353766]}",,,,,,,,,,
469a80adae928beaff8e1f536a20e190a72e88c4d64f5074f49ced98b677679a88f893b2caa8f55cc9ace87619b6c0cbbd025ca6a0eaf466f494f1208a93dfb7,2025-08-10T06:05:00.000,30,TRAFFIC SIGNAL,FUNCTIONING PROPERLY,CLEAR,DAYLIGHT,ANGLE,NOT DIVIDED,STRAIGHT AND LEVEL,DRY,NO DEFECTS,ON SCENE,INJURY AND / OR TOW DUE TO CRASH,,"OVER $1,500",2025-08-10T06:08:00.000,DISREGARDING TRAFFIC SIGNALS,NOT APPLICABLE,2404,E,87TH ST,423,2,NO INDICATION OF INJURY,0,0,0,0,0,4,0,6,1,8,41.7373081104,-87.5656585147,"{'type': 'Point', 'coordinates': [-87.56565851466, 41.73730811037]}",,,Y,,,,,,,
4dec0d566986196e79a142e030b9046c0236fd91f4faa586dd3554b7d1a318cd71f062ceaf07317cbcd7a5c0983aaf020d58276f8a2923b5d75944adf70e516b,2025-08-10T06:00:00.000,30,NO CONTROLS,NO CONTROLS,CLEAR,DAWN,PARKED MOTOR VEHICLE,NOT DIVIDED,STRAIGHT AND LEVEL,UNKNOWN,UNKNOWN,NOT ON SCENE (DESK REPORT),NO INJURY / DRIVE AWAY,,"OVER $1,500",2025-08-10T11:30:00.000,FAILING TO REDUCE SPEED TO AVOID CRASH,UNABLE TO DETERMINE,1646,N,MONITOR AVE,2531,2,NO INDICATION OF INJURY,0,0,0,0,0,1,0,6,1,8,41.9106944568,-87.7716549533,"{'type': 'Point', 'coordinates': [-87.771654953278, 41.910694456806]}",,,Y,,,,,,,
e467178e3c3b872e05eef8da96ac28348a1c9b7a28c3a8d2ea5ef998cde5078ace72b035a0964405f7ed0bf3c7816197dd78ce7c6ee1deb526cb58897e555739,2025-08-10T06:00:00.000,30,NO CONTROLS,NO CONTROLS,CLEAR,DAYLIGHT,REAR END,DIVIDED - W/MEDIAN (NOT RAISED),STRAIGHT AND LEVEL,DRY,NO DEFECTS,ON SCENE,INJURY AND / OR TOW DUE TO CRASH,,"OVER $1,500",2025-08-10T06:02:00.000,DISTRACTION - FROM INSIDE VEHICLE,NOT APPLICABLE,851,W,MONTROSE AVE,1915,2,NO INDICATION OF INJURY,0,0,0,0,0,2,0,6,1,8,41.9617038349,-87.6519516783,"{'type': 'Point', 'coordinates': [-87.651951678266, 41.961703834866]}",,,,,,,,,,
9f9b77ddeecc90d48f1d02ea3cca8ac1b1c8f2100ade3ef25e1175ba3de1881fdba346c1cb35449f6cde96e7b028ae6d53037d945e2ecfbe415540415e5284ee,2025-08-10T05:44:00.000,30,TRAFFIC SIGNAL,FUNCTIONING PROPERLY,CLEAR,DAYLIGHT,REAR END,NOT DIVIDED,STRAIGHT AND LEVEL,DRY,NO DEFECTS,NOT ON SCENE (DESK REPORT),INJURY AND / OR TOW DUE TO CRASH,Y,"OVER $1,500",2025-08-10T06:30:00.000,FOLLOWING TOO CLOSELY,NOT APPLICABLE,699,S,LARAMIE AVE,1533,3,NONINCAPACITATING INJURY,2,0,0,2,0,3,0,5,1,8,41.8720097612,-87.7546239377,"{'type': 'Point', 'coordinates': [-87.75462393769, 41.872009761189]}",,,N,,,,,,,
10a64b6a1810d5b12214bc3a33bc194f0035cecb224a97a1456097eb9d415654696b8672477f3e3c5b4aa8b545034383e06806a50626eba3cf65fc3ae13b2e82,2025-08-10T05:40:00.000,30,NO CONTROLS,NO CONTROLS,CLEAR,DAYLIGHT,PARKED MOTOR VEHICLE,NOT DIVIDED,STRAIGHT AND LEVEL,DRY,NO DEFECTS,ON SCENE,INJURY AND / OR TOW DUE TO CRASH,,"OVER $1,500",2025-08-10T05:45:00.000,UNABLE TO DETERMINE,NOT APPLICABLE,790,W,LAKE ST,1214,2,INCAPACITATING INJURY,1,0,1,0,0,0,0,5,1,8,41.8857752022,-87.6474237332,"{'type': 'Point', 'coordinates': [-87.647423733177, 41.885775202227]}",,,N,,,,,,,
76e5733fe584e011ad75a6a10678fbb88a90f1828368c00cb2abb21cf337f4823ead3ce9f92c13ab3164cd1c383fd2500ff8fd48f59d58e8722f4eb02511b6a6,2025-08-10T05:30:00.000,30,NO CONTROLS,NO CONTROLS,UNKNOWN,UNKNOWN,PARKED MOTOR VEHICLE,NOT DIVIDED,STRAIGHT AND LEVEL,DRY,NO DEFECTS,,INJURY AND / OR TOW DUE TO CRASH,,"OVER $1,500",2025-08-10T07:15:00.000,UNABLE TO DETERMINE,NOT APPLICABLE,2815,W,59TH ST,824,4,NO INDICATION OF INJURY,0,0,0,0,0,1,0,5,1,8,41.7862825501,-87.694292561,"{'type': 'Point', 'coordinates': [-87.694292561004, 41.7862825501]}",,,Y,,,,,,,
81b38d00c02892523aacbbb562f2303326b50945828b631811d3d1d7e08ae7028d6d49ab14711a6c100aa39783079ecb7310697aa63aa5f1664e08f51ee9ffa8,2025-08-10T05:15:00.000,30,STOP SIGN/FLASHER,FUNCTIONING PROPERLY,CLEAR,DAYLIGHT,REAR END,NOT DIVIDED,STRAIGHT AND LEVEL,DRY,NO DEFECTS,ON SCENE,INJURY AND / OR TOW DUE TO CRASH,,"OVER $1,500",2025-08-10T05:22:00.000,UNABLE TO DETERMINE,UNABLE TO DETERMINE,4131,S,LA SALLE ST,213,3,"REPORTED, NOT EVIDENT",1,0,0,0,1,2,0,5,1,8,41.8192019407,-87.6293433755,"{'type': 'Point', 'coordinates': [-87.629343375485, 41.81920194067]}",,,Y,,,,,,,
d564ff7e407b16875d6080172e988499e97a96599af6602b91247a1fa989137aea32fbbdf45e06c374761f2a1271594e571e058596f0dbf9a74be6b55939e42c,2025-08-10T05:10:00.000,30,NO CONTROLS,NO CONTROLS,CLEAR,"DARKNESS, LIGHTED ROAD",OTHER NONCOLLISION,NOT DIVIDED,STRAIGHT AND LEVEL,DRY,NO DEFECTS,ON SCENE,INJURY AND / OR TOW DUE TO CRASH,,$500 OR LESS,2025-08-10T05:10:00.000,"OPERATING VEHICLE IN ERRATIC, RECKLESS, CARELESS, NEGLIGENT OR AGGRESSIVE MANNER","OPERATING VEHICLE IN ERRATIC, RECKLESS, CARELESS, NEGLIGENT OR AGGRESSIVE MANNER",4848,W,WEST END AVE,1532,1,INCAPACITATING INJURY,1,0,1,0,0,3,0,5,1,8,41.8832174383,-87.7473047837,"{'type': 'Point', 'coordinates': [-87.747304783727, 41.883217438253]}",,,Y,,,,,,,
a95109e24462aa65451bd9ad80c21566ff9c926d5de6edd094af451b365a0bfee73f46767c41b7235b01742b9e6068397ccea294d2df1cd0a6d0ee1a771fb723,2025-08-10T05:00:00.000,10,NO CONTROLS,NO CONTROLS,CLEAR,"DARKNESS, LIGHTED ROAD",PARKED MOTOR VEHICLE,PARKING LOT,STRAIGHT AND LEVEL,DRY,NO DEFECTS,NOT ON SCENE (DESK REPORT),NO INJURY / DRIVE AWAY,,"$501 - $1,500",2025-08-10T14:33:00.000,UNABLE TO DETERMINE,UNABLE TO DETERMINE,301,E,NORTH WATER ST,1834,2,NO INDICATION OF INJURY,0,0,0,0,0,1,0,5,1,8,41.8894582801,-87.6203683764,"{'type': 'Point', 'coordinates': [-87.620368376429, 41.889458280109]}",,,N,,,,,,,
b8a68a889d2c16b3da978d4203f80bb290c55b54b5514121b9978768c37320e4a6ca38f7bebd146794fd01c4cfca22c5c246da1b0169a7375e2282d1be017882,2025-08-10T05:00:00.000,30,NO CONTROLS,NO CONTROLS,CLEAR,DAWN,SIDESWIPE SAME DIRECTION,OTHER,STRAIGHT AND LEVEL,DRY,NO DEFECTS,ON SCENE,NO INJURY / DRIVE AWAY,,"$501 - $1,500",2025-08-10T05:05:00.000,IMPROPER OVERTAKING/PASSING,UNABLE TO DETERMINE,2,W,TERMINAL ST,1652,2,NO INDICATION OF INJURY,0,0,0,0,0,2,0,5,1,8,,,,,,,,,,,,,
d31504c0645fef926b04284a9ff4a6ef2de7fc70987aa04c31e352c779866020b0504b513a8bf92acd147bbd37bf3ef31eb1e41050389f4fa31268ede3318120,2025-08-10T05:00:00.000,30,TRAFFIC SIGNAL,FUNCTIONING PROPERLY,UNKNOWN,UNKNOWN,PARKED MOTOR VEHICLE,NOT DIVIDED,STRAIGHT AND LEVEL,UNKNOWN,UNKNOWN,ON SCENE,NO INJURY / DRIVE AWAY,,"OVER $1,500",2025-08-10T06:49:00.000,UNABLE TO DETERMINE,UNABLE TO DETERMINE,1130,S,CANAL ST,124,2,NO INDICATION OF INJURY,0,0,0,0,0,1,0,5,1,8,41.868082661,-87.6393654159,"{'type': 'Point', 'coordinates': [-87.639365415895, 41.868082660987]}",,,Y,,Y,,,,,
d4d1cb30b48f4a244f6fb88ed8631e4cdf55038f1d7d2b6b02846309f0dc37507061db77a4ef5938631d397638226fe8d1003398e4999928ecef7fa18ebcb239,2025-08-10T05:00:00.000,30,TRAFFIC SIGNAL,FUNCTIONING PROPERLY,CLEAR,DAYLIGHT,REAR END,NOT DIVIDED,STRAIGHT AND LEVEL,DRY,NO DEFECTS,NOT ON SCENE (DESK REPORT),NO INJURY / DRIVE AWAY,,"OVER $1,500",2025-08-10T06:51:00.000,FOLLOWING TOO CLOSELY,FOLLOWING TOO CLOSELY,4208,W,63RD ST,813,2,NO INDICATION OF INJURY,0,0,0,0,0,2,0,5,1,8,41.7787034876,-87.7280733849,"{'type': 'Point', 'coordinates': [-87.728073384932, 41.7787034876]}",,,Y,,,,,,,