crash_record_id,crash_date,posted_speed_limit,traffic_control_device,device_condition,weather_condition,lighting_condition,first_crash_type,trafficway_type,alignment,roadway_surface_cond,road_defect,report_type,crash_type,intersection_related_i,damage,date_police_notified,prim_contributory_cause,sec_contributory_cause,street_no,street_direction,street_name,beat_of_occurrence,num_units,most_severe_injury,injuries_total,injuries_fatal,injuries_incapacitating,injuries_non_incapacitating,injuries_reported_not_evident,injuries_no_indication,injuries_unknown,crash_hour,crash_day_of_week,crash_month,latitude,longitude,location,private_property_i,photos_taken_i,hit_and_run_i,statements_taken_i,crash_date_est_i,work_zone_i,work_zone_type,dooring_i,lane_cnt,workers_present_i
f5875bbe96992efb0c66e97a0428742a487dddcc7caf5705d69871d373290d92165df2e3de65586e443b92608b26399d7987fad307af43e2c382e0e21351d6b1,2025-08-10T04:50:00.000,30,TRAFFIC SIGNAL,FUNCTIONING PROPERLY,CLEAR,DARKNESS,SIDESWIPE OPPOSITE DIRECTION,FOUR WAY,STRAIGHT AND LEVEL,DRY,NO DEFECTS,ON SCENE,NO INJURY / DRIVE AWAY,Y,"OVER $1,500",2025-08-10T07:15:00.000,DRIVING ON WRONG SIDE/WRONG WAY,"OPERATING VEHICLE IN ERRATIC, RECKLESS, CARELESS, NEGLIGENT OR AGGRESSIVE MANNER",2800,W,POPE JOHN PAUL II DR,921,2,NO INDICATION OF INJURY,0,0,0,0,0,2,0,4,1,8,41.8156527866,-87.6944904368,"{'type': 'Point', 'coordinates': [-87.694490436756, 41.815652786615]}",,,Y,,,,,,,
ebe697d795333a2ad03abd063a0f7298891f3f92cfea5040ba52aa1bcbe7e90128c3990eb7313904a593383c8a176e61741b82940b1c6e32ac8323f3d92b4325,2025-08-10T04:45:00.000,25,NO CONTROLS,NO CONTROLS,CLEAR,"DARKNESS, LIGHTED ROAD",PARKED MOTOR VEHICLE,NOT DIVIDED,STRAIGHT AND LEVEL,DRY,NO DEFECTS,NOT ON SCENE (DESK REPORT),NO INJURY / DRIVE AWAY,,"OVER $1,500",2025-08-10T05:30:00.000,UNABLE TO DETERMINE,NOT APPLICABLE,6455,N,KEDZIE AVE,2412,2,NO INDICATION OF INJURY,0,0,0,0,0,1,0,4,1,8,41.9990089103,-87.7092136786,"{'type': 'Point', 'coordinates': [-87.709213678607, 41.999008910346]}",,,Y,,,,,,,
e0db8281f7a184b80b25ecd1228ff0dce39e0b52218e2fc5de75aa2a172c29bf7768db18b67564a0c40ce716f55bd2106847193abbe41829877ca755b3d95dbc,2025-08-10T04:36:00.000,30,TRAFFIC SIGNAL,FUNCTIONING PROPERLY,CLEAR,DAWN,REAR END,DIVIDED - W/MEDIAN (NOT RAISED),STRAIGHT AND LEVEL,DRY,UNKNOWN,NOT ON SCENE (DESK REPORT),NO INJURY / DRIVE AWAY,Y,"OVER $1,500",2025-08-10T04:40:00.000,DISREGARDING TRAFFIC SIGNALS,NOT APPLICABLE,4748,W,NORTH AVE,2533,2,NO INDICATION OF INJURY,0,0,0,0,0,2,0,4,1,8,41.9097416713,-87.7456374811,"{'type': 'Point', 'coordinates': [-87.745637481111, 41.909741671332]}",,,Y,,,,,,,
a96f3a1234fdc1d7366d90f6187cf66b32aab73fa01311a4c09869faba8ae4cd294a399eac21de1ecd5b2562154386d469bbda0ce1832de17c5825308d2590d3,2025-08-10T04:34:00.000,30,UNKNOWN,UNKNOWN,CLEAR,DAWN,FIXED OBJECT,NOT DIVIDED,STRAIGHT AND LEVEL,DRY,NO DEFECTS,ON SCENE,INJURY AND / OR TOW DUE TO CRASH,,"OVER $1,500",2025-08-10T04:34:00.000,FAILING TO REDUCE SPEED TO AVOID CRASH,NOT APPLICABLE,6900,S,ASHLAND AVE,735,1,"REPORTED, NOT EVIDENT",1,0,0,0,1,0,0,4,1,8,41.7684549099,-87.664038433,"{'type': 'Point', 'coordinates': [-87.664038433009, 41.768454909931]}",Y,,,,,,,,,
c0823e059839dc897585bf95688eba8295e93c2b82bd6b1d1b1b6cb799d175dbceacbb35e6437f1c1e49864ed69e4b49ed2ddf63dd9d00d021d1d7814fa14f7a,2025-08-10T04:31:00.000,35,TRAFFIC SIGNAL,FUNCTIONING PROPERLY,CLEAR,DAYLIGHT,SIDESWIPE SAME DIRECTION,DIVIDED - W/MEDIAN (NOT RAISED),STRAIGHT AND LEVEL,DRY,NO DEFECTS,NOT ON SCENE (DESK REPORT),INJURY AND / OR TOW DUE TO CRASH,,"OVER $1,500",2025-08-10T10:45:00.000,NOT APPLICABLE,UNABLE TO DETERMINE,9101,S,STONY ISLAND AVE,413,2,NO INDICATION OF INJURY,0,0,0,0,0,3,0,4,1,8,41.7295896721,-87.5849004101,"{'type': 'Point', 'coordinates': [-87.58490041009, 41.729589672062]}",,,Y,,,,,,,
5fa61aefd49471d15cd5107bac54e918117f83d9e08939c3033800e455cb39dd0a530efc2ab7c5b3fc8a63efb6b6cad0e7baa57a6612ca6fb7d1d0dd7c15a132,2025-08-10T04:30:00.000,30,TRAFFIC SIGNAL,FUNCTIONING PROPERLY,CLEAR,DAWN,REAR END,DIVIDED - W/MEDIAN (NOT RAISED),STRAIGHT AND LEVEL,WET,NO DEFECTS,ON SCENE,NO INJURY / DRIVE AWAY,,"OVER $1,500",2025-08-10T04:35:00.000,FAILING TO REDUCE SPEED TO AVOID CRASH,FAILING TO REDUCE SPEED TO AVOID CRASH,540,S,LARAMIE AVE,1522,2,NO INDICATION OF INJURY,0,0,0,0,0,3,0,4,1,8,41.8729949931,-87.7549536398,"{'type': 'Point', 'coordinates': [-87.754953639803, 41.872994993053]}",,,,,,,,,,
96b5e42c7d7d12bca8e4d99326646bc7efc5b43d6c7860b31465e5be1e3e38f533c4a12b304b4d9af38341b43086bef74c2a1e29562936c952c0cbd0499cb2a1,2025-08-10T04:26:00.000,30,NO CONTROLS,NO CONTROLS,CLEAR,DARKNESS,PARKED MOTOR VEHICLE,NOT DIVIDED,STRAIGHT AND LEVEL,DRY,NO DEFECTS,NOT ON SCENE (DESK REPORT),NO INJURY / DRIVE AWAY,,"OVER $1,500",2025-08-10T11:45:00.000,FAILING TO REDUCE SPEED TO AVOID CRASH,UNABLE TO DETERMINE,5406,S,DAMEN AVE,932,3,NO INDICATION OF INJURY,0,0,0,0,0,1,0,4,1,8,41.795500327,-87.6744928659,"{'type': 'Point', 'coordinates': [-87.674492865882, 41.795500327045]}",,,,,,,,,,
8d2043e4bfb0e3f91556dc8554f8dcbc1864310bba8432b93f2345dc3ea4528e7763dc563f7aea1f9c5f06836e619912fbe5fb6e17f145d6143154a8825801a9,2025-08-10T04:15:00.000,30,TRAFFIC SIGNAL,FUNCTIONING PROPERLY,CLEAR,"DARKNESS, LIGHTED ROAD",TURNING,NOT DIVIDED,STRAIGHT AND LEVEL,DRY,NO DEFECTS,NOT ON SCENE (DESK REPORT),NO INJURY / DRIVE AWAY,Y,"OVER $1,500",2025-08-10T04:35:00.000,IMPROPER TURNING/NO SIGNAL,FAILING TO YIELD RIGHT-OF-WAY,2,S,LARAMIE AVE,1522,2,NO INDICATION OF INJURY,0,0,0,0,0,5,0,4,1,8,41.880319336,-87.7552120673,"{'type': 'Point', 'coordinates': [-87.755212067253, 41.880319335952]}",,,Y,,,,,,,
596a01ce690ac348642b1b4c5c65d95822e8303ff6ccb5131bd5c2f9965709a61895b5261ca0dd8e49a4b50c0a450cabf0d214c81f2924a3859e44d4d4a077a3,2025-08-10T04:06:00.000,30,NO CONTROLS,NO CONTROLS,CLEAR,DARKNESS,SIDESWIPE SAME DIRECTION,ONE-WAY,STRAIGHT AND LEVEL,DRY,UNKNOWN,NOT ON SCENE (DESK REPORT),NO INJURY / DRIVE AWAY,,"OVER $1,500",2025-08-11T18:05:00.000,IMPROPER OVERTAKING/PASSING,NOT APPLICABLE,3243,W,DOUGLAS BLVD,1022,2,NO INDICATION OF INJURY,0,0,0,0,0,3,0,4,1,8,41.8623796898,-87.7072728086,"{'type': 'Point', 'coordinates': [-87.707272808578, 41.862379689797]}",,,,,,,,,,
3783f15996072752c04b5516bbefee5336c86a3bd5bccfb994943c0f9a021daf9083d9d086272fb6842b47284786f0dd078d94b1a88576cbd38f2c64c55be560,2025-08-10T03:57:00.000,25,NO CONTROLS,NO CONTROLS,CLEAR,"DARKNESS, LIGHTED ROAD",OTHER NONCOLLISION,ONE-WAY,STRAIGHT AND LEVEL,DRY,UNKNOWN,ON SCENE,INJURY AND / OR TOW DUE TO CRASH,,"$501 - $1,500",2025-08-10T03:57:00.000,UNABLE TO DETERMINE,UNABLE TO DETERMINE,3,W,TERMINAL ST,1653,2,NO INDICATION OF INJURY,0,0,0,0,0,1,0,3,1,8,,,,,,,,,,,,,
d0f96284f959f37bb7bc0b55bd5ab2f80251705507d7b0d05b74a8ee10f37ffcee849650e67d69df624dfa6efff96c6edc82500f7d314247785857c9642083c4,2025-08-10T03:50:00.000,25,TRAFFIC SIGNAL,FUNCTIONING PROPERLY,CLEAR,"DARKNESS, LIGHTED ROAD",TURNING,NOT DIVIDED,STRAIGHT AND LEVEL,DRY,NO DEFECTS,NOT ON SCENE (DESK REPORT),NO INJURY / DRIVE AWAY,,"OVER $1,500",2025-08-10T08:30:00.000,DRIVING SKILLS/KNOWLEDGE/EXPERIENCE,FAILING TO YIELD RIGHT-OF-WAY,6350,N,NAGLE AVE,1611,2,NO INDICATION OF INJURY,0,0,0,0,0,2,0,3,1,8,41.9968504138,-87.7876128586,"{'type': 'Point', 'coordinates': [-87.787612858552, 41.996850413796]}",,,,,,,,,,
62d9f6160a074438a23d03d161a9f27096920175de1c7b64b8fb25bc62bc039b7162331d389eb70213f8f5eac78f1e6daec38ea0f1503c5cb068ad70067ae832,2025-08-10T03:46:00.000,30,NO CONTROLS,NO CONTROLS,CLEAR,"DARKNESS, LIGHTED ROAD",FIXED OBJECT,NOT DIVIDED,"CURVE, LEVEL",DRY,NO DEFECTS,ON SCENE,INJURY AND / OR TOW DUE TO CRASH,,"OVER $1,500",2025-08-10T03:46:00.000,IMPROPER LANE USAGE,IMPROPER TURNING/NO SIGNAL,1020,W,SHERIDAN RD,2432,1,NO INDICATION OF INJURY,0,0,0,0,0,1,0,3,1,8,41.9983353693,-87.6572101254,"{'type': 'Point', 'coordinates': [-87.657210125387, 41.998335369336]}",,,,N,,,,,,
1494a4a07e12e3d4aa5d0424dca28283232f086ec277a2b7928623f45186f6a968d47437389ed147b33b8884c73bcada621518854ce964b01f11d58273117934,2025-08-10T03:30:00.000,30,UNKNOWN,UNKNOWN,CLEAR,DAWN,PARKED MOTOR VEHICLE,NOT DIVIDED,STRAIGHT AND LEVEL,DRY,UNKNOWN,,INJURY AND / OR TOW DUE TO CRASH,,"OVER $1,500",2025-08-10T03:50:00.000,UNABLE TO DETERMINE,NOT APPLICABLE,3919,W,GRAND AVE,2535,4,NO INDICATION OF INJURY,0,0,0,0,0,1,0,3,1,8,41.9053722357,-87.7247318095,"{'type': 'Point', 'coordinates': [-87.724731809549, 41.905372235654]}",,,,,,,,,,
fe8a05a16a44fbfa3a7299d9cf5418347346bd233a20d7441344922dcd9e1aa1558ea3930e0e5fbcf4ccd7760be4959ccb2d76df8784e4d901a54b544c879651,2025-08-10T03:30:00.000,30,STOP SIGN/FLASHER,FUNCTIONING PROPERLY,UNKNOWN,"DARKNESS, LIGHTED ROAD",REAR END,NOT DIVIDED,STRAIGHT AND LEVEL,UNKNOWN,UNKNOWN,ON SCENE,INJURY AND / OR TOW DUE TO CRASH,,"OVER $1,500",2025-08-10T03:34:00.000,UNABLE TO DETERMINE,UNABLE TO DETERMINE,3113,N,OAK PARK AVE,2511,5,NONINCAPACITATING INJURY,2,0,0,2,0,3,0,3,1,8,41.9367788136,-87.7955073936,"{'type': 'Point', 'coordinates': [-87.795507393583, 41.936778813607]}",,,Y,N,,,,,,
96939f188c104c3c42e528e04333b3b3a88241f428fe9e9f4c3935be7f8da7bc636845560ec7ca7c9c98b357dbf3fde4b4aaa587ceffb2398af3ef8ab8d93c1a,2025-08-10T03:18:00.000,30,NO CONTROLS,NO CONTROLS,CLEAR,"DARKNESS, LIGHTED ROAD",ANGLE,NOT DIVIDED,STRAIGHT AND LEVEL,DRY,NO DEFECTS,NOT ON SCENE (DESK REPORT),NO INJURY / DRIVE AWAY,,$500 OR LESS,2025-08-10T04:00:00.000,FAILING TO YIELD RIGHT-OF-WAY,UNABLE TO DETERMINE,1744,N,CENTRAL AVE,2531,2,NO INDICATION OF INJURY,0,0,0,0,0,2,0,3,1,8,41.9125344881,-87.7657706415,"{'type': 'Point', 'coordinates': [-87.765770641466, 41.912534488097]}",,,Y,,,,,,,
0c203c4cc8cd510a1422c8436bf7cf12e98c6869cc52228a14263bcf53fa21076a964d731147c249db8f8e4fcde5e4c0b7c01da4a6a6d4fab1b64c1450ab130d,2025-08-10T03:15:00.000,30,TRAFFIC SIGNAL,FUNCTIONING PROPERLY,CLEAR,"DARKNESS, LIGHTED ROAD",TURNING,DIVIDED - W/MEDIAN (NOT RAISED),STRAIGHT AND LEVEL,DRY,NO DEFECTS,NOT ON SCENE (DESK REPORT),NO INJURY / DRIVE AWAY,Y,"OVER $1,500",2025-08-10T03:30:00.000,FAILING TO YIELD RIGHT-OF-WAY,UNABLE TO DETERMINE,300,E,WACKER DR,114,2,NO INDICATION OF INJURY,0,0,0,0,0,2,0,3,1,8,41.8880733316,-87.6205944613,"{'type': 'Point', 'coordinates': [-87.620594461337, 41.888073331609]}",,,,,,,,,,
508f16ff15f8ed8f0053b03c17232b9a087a37b314002666213e70e8973259308f047bd7ede6a13cbc853fdf5bcdbaa40480752acfa466488cb6cec21446943d,2025-08-10T03:04:00.000,30,TRAFFIC SIGNAL,FUNCTIONING PROPERLY,CLEAR,"DARKNESS, LIGHTED ROAD",TURNING,CENTER TURN LANE,STRAIGHT AND LEVEL,DRY,WORN SURFACE,ON SCENE,INJURY AND / OR TOW DUE TO CRASH,Y,"OVER $1,500",2025-08-10T03:20:00.000,DISREGARDING TRAFFIC SIGNALS,FAILING TO YIELD RIGHT-OF-WAY,3322,S,CALIFORNIA AVE,911,2,NO INDICATION OF INJURY,0,0,0,0,0,3,0,3,1,8,41.8328321147,-87.6950705374,"{'type': 'Point', 'coordinates': [-87.695070537398, 41.832832114698]}",,,,,,,,,,
11c7996dc5343d1854709da302876e925fd7cf802c8626141f92cddf3ff830a004fbf782c0e04bc7546dcaf0eb6e252f0a60b61b041ec7ab00d953bd5ad3d3c5,2025-08-10T03:00:00.000,30,NO CONTROLS,NO CONTROLS,CLEAR,"DARKNESS, LIGHTED ROAD",TURNING,NOT DIVIDED,STRAIGHT AND LEVEL,DRY,NO DEFECTS,NOT ON SCENE (DESK REPORT),NO INJURY / DRIVE AWAY,,"OVER $1,500",2025-08-10T05:45:00.000,UNABLE TO DETERMINE,NOT APPLICABLE,4700,W,LAKE ST,1113,2,NO INDICATION OF INJURY,0,0,0,0,0,3,0,3,1,8,41.8865747476,-87.7431421442,"{'type': 'Point', 'coordinates': [-87.743142144178, 41.886574747571]}",,,Y,,,,,,,
65d7b840576c0ac082e118841e352721d2d212d95c5d43f1bf88a7e8e42998b498326d76fe3cb4613f79f81fc6fd18f6efc71547fea88a796fe406512336d730,2025-08-10T03:00:00.000,30,NO CONTROLS,NO CONTROLS,CLEAR,DARKNESS,PARKED MOTOR VEHICLE,NOT DIVIDED,STRAIGHT AND LEVEL,DRY,NO DEFECTS,NOT ON SCENE (DESK REPORT),NO INJURY / DRIVE AWAY,,"$501 - $1,500",2025-08-10T08:30:00.000,UNABLE TO DETERMINE,NOT APPLICABLE,250,S,KILBOURN AVE,1113,2,NO INDICATION OF INJURY,0,0,0,0,0,1,0,3,1,8,41.8769788708,-87.7379456946,"{'type': 'Point', 'coordinates': [-87.737945694558, 41.876978870756]}",,,Y,,,,,,,
87cdb1b61aefeccfdb9bc13a8b4a191a2c2e694d70999d74e749dd0cb38e91d32ac83eaa78f2a332d516499e04b6cb246ed881513c2bc56a0886ad0d4c02873e,2025-08-10T03:00:00.000,25,STOP SIGN/FLASHER,FUNCTIONING PROPERLY,CLEAR,"DARKNESS, LIGHTED ROAD",PARKED MOTOR VEHICLE,NOT DIVIDED,STRAIGHT AND LEVEL,DRY,NO DEFECTS,ON SCENE,INJURY AND / OR TOW DUE TO CRASH,,"OVER $1,500",2025-08-10T09:30:00.000,UNABLE TO DETERMINE,NOT APPLICABLE,3828,W,25TH ST,1013,2,NO INDICATION OF INJURY,0,0,0,0,0,1,0,3,1,8,41.8462549436,-87.7208835516,"{'type': 'Point', 'coordinates': [-87.72088355159, 41.846254943565]}",,,Y,,Y,,,,,
c1789bfdbc6ac9fa88c587f855f3156c2ea416e4c3db2253ba89e3b5a5498ade0b310b7c7d4b51c3595679bf2ccf4f3d838e9ad60c4a4cd86a2291831c9afaba,2025-08-10T03:00:00.000,30,UNKNOWN,UNKNOWN,CLEAR,DUSK,PARKED MOTOR VEHICLE,OTHER,STRAIGHT AND LEVEL,DRY,UNKNOWN,NOT ON SCENE (DESK REPORT),NO INJURY / DRIVE AWAY,,"$501 - $1,500",2025-08-10T04:00:00.000,UNABLE TO DETERMINE,NOT APPLICABLE,1600,W,VAN BUREN ST,1231,2,NO INDICATION OF INJURY,0,0,0,0,0,1,0,3,1,8,41.8764609273,-87.6667076507,"{'type': 'Point', 'coordinates': [-87.666707650735, 41.876460927341]}",,,Y,,,,,,,
9bc926256236d1e5df8fec45e4df4649737a6928be48fe066b4e91f38d9dab35549b1f61321ab91bc2ed05c68a890d39f38e10d5a108a764fa7e5a4c81daaba7,2025-08-10T02:55:00.000,30,NO CONTROLS,NO CONTROLS,CLEAR,"DARKNESS, LIGHTED ROAD",FIXED OBJECT,DIVIDED - W/MEDIAN (NOT RAISED),STRAIGHT AND LEVEL,DRY,NO DEFECTS,ON SCENE,INJURY AND / OR TOW DUE TO CRASH,,"OVER $1,500",2025-08-10T03:30:00.000,DRIVING ON WRONG SIDE/WRONG WAY,NOT APPLICABLE,1654,W,119TH ST,2234,1,NO INDICATION OF INJURY,0,0,0,0,0,1,0,2,1,8,41.6776170559,-87.6631131459,"{'type': 'Point', 'coordinates': [-87.663113145868, 41.677617055887]}",,,,,,,,,,
9286cbce6e96720a1a4df6b6b2576a3b7cc79aed13bc1ea4015a944d5cf6e103f467897b42d17b750e1a2b5c2d3ddf881f8f80fff4ad7b79a00e708344a88d69,2025-08-10T02:44:00.000,30,TRAFFIC SIGNAL,FUNCTIONING PROPERLY,CLEAR,"DARKNESS, LIGHTED ROAD",ANGLE,FOUR WAY,STRAIGHT AND LEVEL,DRY,UNKNOWN,ON SCENE,INJURY AND / OR TOW DUE TO CRASH,Y,"OVER $1,500",2025-08-10T02:58:00.000,DISREGARDING TRAFFIC SIGNALS,FAILING TO YIELD RIGHT-OF-WAY,600,N,DEARBORN ST,1832,5,INCAPACITATING INJURY,2,0,1,1,0,3,0,2,1,8,41.8924854536,-87.6298244397,"{'type': 'Point', 'coordinates': [-87.62982443971, 41.892485453597]}",,,,,,,,,,
7bdcf684970cc3ebe196753e4b31910cf475ed8526e97ad12fdfa41bf32c9978ee39a5e1b7f17dc8bc4a2290b46d5f81931046273a2092e8b4556e0a5006a205,2025-08-10T02:33:00.000,30,STOP SIGN/FLASHER,FUNCTIONING PROPERLY,CLEAR,"DARKNESS, LIGHTED ROAD",REAR END,DIVIDED - W/MEDIAN (NOT RAISED),STRAIGHT AND LEVEL,DRY,NO DEFECTS,ON SCENE,INJURY AND / OR TOW DUE TO CRASH,,"OVER $1,500",2025-08-10T02:34:00.000,FOLLOWING TOO CLOSELY,FAILING TO REDUCE SPEED TO AVOID CRASH,9500,S,JEFFERY AVE,431,2,NONINCAPACITATING INJURY,2,0,0,2,0,3,0,2,1,8,41.722375907,-87.5754999033,"{'type': 'Point', 'coordinates': [-87.575499903328, 41.722375907041]}",,,Y,,,,,,,
09e9cd74bd381982fdb9744760d0353ec8592be4a68bc09f1224419cd1813856c36b2af924facce54e93118ba7d5eb59d8dc4c005ee63d3d32fd93895938829e,2025-08-10T02:32:00.000,30,TRAFFIC SIGNAL,FUNCTIONING PROPERLY,CLEAR,"DARKNESS, LIGHTED ROAD",FIXED OBJECT,DIVIDED - W/MEDIAN BARRIER,STRAIGHT AND LEVEL,DRY,NO DEFECTS,ON SCENE,INJURY AND / OR TOW DUE TO CRASH,Y,"OVER $1,500",2025-08-10T02:32:00.000,UNABLE TO DETERMINE,NOT APPLICABLE,15,W,95TH ST,511,1,NO INDICATION OF INJURY,0,0,0,0,0,1,0,2,1,8,41.7215149692,-87.6246101656,"{'type': 'Point', 'coordinates': [-87.624610165642, 41.721514969204]}",,,,,,,,,,
ac2b85e0b68d2b4d9551597a99a4b04bcdfa889d5db272dd1f7c5ccf11f618edf5ee36c4ba54649dfd76ae96805d37c155c665aac6dddc20128227cd9c838282,2025-08-10T02:32:00.000,30,TRAFFIC SIGNAL,UNKNOWN,CLEAR,"DARKNESS, LIGHTED ROAD",ANGLE,T-INTERSECTION,STRAIGHT AND LEVEL,DRY,UNKNOWN,ON SCENE,INJURY AND / OR TOW DUE TO CRASH,Y,"OVER $1,500",2025-08-10T02:32:00.000,FAILING TO REDUCE SPEED TO AVOID CRASH,DISREGARDING TRAFFIC SIGNALS,3200,W,PALMER ST,1413,2,NO INDICATION OF INJURY,0,0,0,0,0,2,0,2,1,8,41.9215608795,-87.7071345028,"{'type': 'Point', 'coordinates': [-87.707134502808, 41.921560879473]}",,,,,,,,,,
985516b3091e1ace5f56bf9d1ecaafc892ab04d128f4507b2b4e65218b90ec1daec645587ac24effef6f5aa33cfeb9a05169e8081726b5925282119b905d562c,2025-08-10T02:30:00.000,30,NO CONTROLS,NO CONTROLS,CLEAR,"DARKNESS, LIGHTED ROAD",PARKED MOTOR VEHICLE,NOT DIVIDED,STRAIGHT AND LEVEL,DRY,NO DEFECTS,NOT ON SCENE (DESK REPORT),INJURY AND / OR TOW DUE TO CRASH,,"OVER $1,500",2025-08-10T20:25:00.000,UNABLE TO DETERMINE,UNABLE TO DETERMINE,1309,N,CENTRAL AVE,2532,2,NONINCAPACITATING INJURY,1,0,0,1,0,3,0,2,1,8,41.9042707771,-87.7655835022,"{'type': 'Point', 'coordinates': [-87.765583502226, 41.904270777066]}",,,Y,,,,,,,
ee9c0f23cc8e7613a50814d4e19a3f141eb3bce638ecc3c20c23966dc98119f9073afc289252e03fb5cee2e50325328ecd04bf8ca11b446e73e3556821aa66ec,2025-08-10T02:30:00.000,30,NO CONTROLS,NO CONTROLS,CLEAR,"DARKNESS, LIGHTED ROAD",PARKED MOTOR VEHICLE,NOT DIVIDED,STRAIGHT AND LEVEL,DRY,NO DEFECTS,NOT ON SCENE (DESK REPORT),INJURY AND / OR TOW DUE TO CRASH,,"OVER $1,500",2025-08-10T18:33:00.000,UNABLE TO DETERMINE,UNABLE TO DETERMINE,4320,W,WEST END AVE,1114,2,NO INDICATION OF INJURY,0,0,0,0,0,1,0,2,1,8,41.8833732711,-87.7340906809,"{'type': 'Point', 'coordinates': [-87.734090680949, 41.88337327105]}",,,Y,,,,,,,
4c0edd6301e6e08f8ecccbfc945adbb32bf1c37bece377cbc2e9bb41057d484504246a3b8938aad1503256017e59124b26bf507ae0091959e953537d3087e584,2025-08-10T02:20:00.000,30,NO CONTROLS,NO CONTROLS,UNKNOWN,"DARKNESS, LIGHTED ROAD",OTHER NONCOLLISION,DIVIDED - W/MEDIAN (NOT RAISED),STRAIGHT AND LEVEL,UNKNOWN,NO DEFECTS,ON SCENE,NO INJURY / DRIVE AWAY,,"OVER $1,500",2025-08-10T02:20:00.000,EQUIPMENT - VEHICLE CONDITION,UNABLE TO DETERMINE,5098,S,CHAMPLAIN AVE,223,1,NO INDICATION OF INJURY,0,0,0,0,0,2,0,2,1,8,41.8022330515,-87.6101880086,"{'type': 'Point', 'coordinates': [-87.610188008646, 41.802233051549]}",,,,Y,,,,,,
a6ccae2871c1194ef25420f34278944e81416e12c2075a18accc7479bd009c4ab519aa8accc06a3ccef5b83a73df062c8e9ca2a49208e7f97dbc421365294696,2025-08-10T02:20:00.000,30,NO CONTROLS,NO CONTROLS,CLEAR,DARKNESS,PARKED MOTOR VEHICLE,NOT DIVIDED,STRAIGHT AND LEVEL,DRY,NO DEFECTS,ON SCENE,INJURY AND / OR TOW DUE TO CRASH,,"OVER $1,500",2025-08-10T02:22:00.000,UNABLE TO DETERMINE,UNABLE TO DETERMINE,2314,W,MONROE ST,1223,4,"REPORTED, NOT EVIDENT",1,0,0,0,1,0,0,2,1,8,41.8799896056,-87.6845432723,"{'type': 'Point', 'coordinates': [-87.684543272298, 41.879989605593]}",,Y,Y,,Y,,,,,
c805f7545c0a404e39a2252fbc10d96fdcae98cf057ab68d0e8d57903b3225408dec7723c2460ea83ceeb4cbabbebbb97a97e3d7b5f4ad13787b79dab89a13fe,2025-08-10T02:17:00.000,25,NO CONTROLS,NO CONTROLS,CLEAR,"DARKNESS, LIGHTED ROAD",PARKED MOTOR VEHICLE,ONE-WAY,STRAIGHT AND LEVEL,DRY,UNKNOWN,ON SCENE,NO INJURY / DRIVE AWAY,,"OVER $1,500",2025-08-10T02:52:00.000,UNABLE TO DETERMINE,NOT APPLICABLE,1910,W,65TH ST,726,2,NO INDICATION OF INJURY,0,0,0,0,0,1,0,2,1,8,41.7758414121,-87.671879427,"{'type': 'Point', 'coordinates': [-87.671879427014, 41.775841412083]}",,,Y,,,,,,,
3c595970b0fcb7e0c38f45b78c04cd4f3cfb50544d6469f30e3e5c5500107006dd5720461866dc14cad14644ee11ba2e1c6df7a7aed83ffa06128650927bdbfd,2025-08-10T02:15:00.000,30,STOP SIGN/FLASHER,NO CONTROLS,CLEAR,DAYLIGHT,PARKED MOTOR VEHICLE,NOT DIVIDED,STRAIGHT AND LEVEL,DRY,NO DEFECTS,NOT ON SCENE (DESK REPORT),NO INJURY / DRIVE AWAY,,"OVER $1,500",2025-08-10T17:30:00.000,UNABLE TO DETERMINE,UNABLE TO DETERMINE,4220,W,WEST END AVE,1114,2,NO INDICATION OF INJURY,0,0,0,0,0,1,0,2,1,8,41.8834037335,-87.7315399072,"{'type': 'Point', 'coordinates': [-87.731539907236, 41.883403733542]}",,,Y,,,,,,,
fcc6a04632b485b3e2731fcf6b1ce8fdc45368f073c0512442f8b6eb6e10010aad697c33f90413d76562afaeb957a76e332beefcefbe80f773874cb5ab05bf2b,2025-08-10T02:15:00.000,30,TRAFFIC SIGNAL,FUNCTIONING PROPERLY,CLEAR,"DARKNESS, LIGHTED ROAD",REAR END,FOUR WAY,STRAIGHT AND LEVEL,DRY,NO DEFECTS,,INJURY AND / OR TOW DUE TO CRASH,,"OVER $1,500",2025-08-10T15:03:00.000,FOLLOWING TOO CLOSELY,UNABLE TO DETERMINE,4758,W,WASHINGTON BLVD,1113,2,NONINCAPACITATING INJURY,3,0,0,1,2,1,0,2,1,8,41.8819261405,-87.7452173187,"{'type': 'Point', 'coordinates': [-87.745217318679, 41.881926140494]}",,,Y,,,,,,,
7766ca5b8d36187a1cbf99d117163eb8bd7a6896065351aad448a86cd5262edfd6c7ecc172b62fdcab84a615609cc6f0f1e5fccf72b384b6b635d68a192f7117,2025-08-10T02:10:00.000,30,NO CONTROLS,NO CONTROLS,CLEAR,"DARKNESS, LIGHTED ROAD",PARKED MOTOR VEHICLE,ONE-WAY,STRAIGHT AND LEVEL,DRY,UNKNOWN,NOT ON SCENE (DESK REPORT),NO INJURY / DRIVE AWAY,,"$501 - $1,500",2025-08-10T22:35:00.000,UNABLE TO DETERMINE,UNABLE TO DETERMINE,226,N,LA CROSSE AVE,1532,2,NO INDICATION OF INJURY,0,0,0,0,0,1,0,2,1,8,41.8853358478,-87.7468273676,"{'type': 'Point', 'coordinates': [-87.746827367616, 41.885335847832]}",,,Y,,,,,,,