crash_record_id,crash_date,posted_speed_limit,traffic_control_device,device_condition,weather_condition,lighting_condition,first_crash_type,trafficway_type,alignment,roadway_surface_cond,road_defect,report_type,crash_type,intersection_related_i,damage,date_police_notified,prim_contributory_cause,sec_contributory_cause,street_no,street_direction,street_name,beat_of_occurrence,num_units,most_severe_injury,injuries_total,injuries_fatal,injuries_incapacitating,injuries_non_incapacitating,injuries_reported_not_evident,injuries_no_indication,injuries_unknown,crash_hour,crash_day_of_week,crash_month,latitude,longitude,location,private_property_i,photos_taken_i,hit_and_run_i,statements_taken_i,crash_date_est_i,work_zone_i,work_zone_type,dooring_i,lane_cnt,workers_present_i
e4533b0540f57795e414f033a73924e0f6fce041c4f6c9021eef5ce6d074be283234c1f7ec9cf18cc2d03c2ce63c8beaab02986be3f9fd8252dfb38982678401,2025-08-09T23:49:00.000,30,TRAFFIC SIGNAL,FUNCTIONING PROPERLY,CLEAR,"DARKNESS, LIGHTED ROAD",FIXED OBJECT,FOUR WAY,STRAIGHT AND LEVEL,DRY,NO DEFECTS,ON SCENE,INJURY AND / OR TOW DUE TO CRASH,,"OVER $1,500",2025-08-09T23:49:00.000,FAILING TO YIELD RIGHT-OF-WAY,FAILING TO YIELD RIGHT-OF-WAY,1201,W,87TH ST,2222,1,INCAPACITATING INJURY,1,0,1,0,0,0,0,23,7,8,41.7358246069,-87.6533976493,"{'type': 'Point', 'coordinates': [-87.653397649296, 41.735824606928]}",,,,,,,,,,
769c4d5c97e645f576c366bd96f66031f72740a00c83811172a3fa7642a53c98084b59555aad6d0520b3962d52132a492677a4e1167dc19ec1d1537b39a4f624,2025-08-09T23:46:00.000,30,NO CONTROLS,NO CONTROLS,CLEAR,"DARKNESS, LIGHTED ROAD",REAR END,DIVIDED - W/MEDIAN BARRIER,STRAIGHT AND LEVEL,DRY,NO DEFECTS,ON SCENE,INJURY AND / OR TOW DUE TO CRASH,,"OVER $1,500",2025-08-09T23:47:00.000,UNABLE TO DETERMINE,NOT APPLICABLE,5719,N,CUMBERLAND AVE,1614,2,NO INDICATION OF INJURY,0,0,0,0,0,3,0,23,7,8,41.9831751728,-87.836434109,"{'type': 'Point', 'coordinates': [-87.836434108963, 41.98317517284]}",,,,,,,,,,
3ef69ca4ee4f56bf7206868bfae9bc6db0bdc008f21b1443d323731005915e5230f31a38c0bf963784a2a0ab718c350c22b3d86aa77c723df9fc2ef0f08481d9,2025-08-09T23:45:00.000,30,TRAFFIC SIGNAL,UNKNOWN,UNKNOWN,UNKNOWN,TURNING,FOUR WAY,STRAIGHT AND LEVEL,UNKNOWN,UNKNOWN,ON SCENE,INJURY AND / OR TOW DUE TO CRASH,N,"OVER $1,500",2025-08-09T23:48:00.000,UNABLE TO DETERMINE,NOT APPLICABLE,7059,S,JEFFERY BLVD,331,2,"REPORTED, NOT EVIDENT",1,0,0,0,1,1,0,23,7,8,41.7663328927,-87.576157996,"{'type': 'Point', 'coordinates': [-87.576157996013, 41.766332892662]}",,,Y,,,,,,,
090a21eba370a3966bbacb24c03ee6211dee775c81ddf2585705a4dcb709a55c3194fd0d664c87cb4a516b046c747d4807ae3a1f2fe39a36cfafcf530163dc73,2025-08-09T23:40:00.000,30,NO CONTROLS,NO CONTROLS,CLEAR,"DARKNESS, LIGHTED ROAD",PARKED MOTOR VEHICLE,NOT DIVIDED,STRAIGHT AND LEVEL,DRY,NO DEFECTS,ON SCENE,NO INJURY / DRIVE AWAY,,"OVER $1,500",2025-08-10T00:04:00.000,UNABLE TO DETERMINE,UNABLE TO DETERMINE,1614,N,LEAVITT ST,1434,2,NO INDICATION OF INJURY,0,0,0,0,0,1,0,23,7,8,41.9108236555,-87.6825052284,"{'type': 'Point', 'coordinates': [-87.682505228419, 41.910823655543]}",,,Y,,Y,,,,,
ffcd2424f53cb5b1a7b4906abc376d345a12b31634e38825dc3b62d4b81b3d4e759ea5deff2a1dd6e7244cc0baef97797dc341fce539d93e0817ed717c68db85,2025-08-09T23:40:00.000,30,TRAFFIC SIGNAL,FUNCTIONING PROPERLY,CLEAR,"DARKNESS, LIGHTED ROAD",SIDESWIPE SAME DIRECTION,FOUR WAY,STRAIGHT AND LEVEL,DRY,NO DEFECTS,ON SCENE,NO INJURY / DRIVE AWAY,Y,"OVER $1,500",2025-08-09T23:50:00.000,FAILING TO REDUCE SPEED TO AVOID CRASH,IMPROPER LANE USAGE,800,W,RANDOLPH ST,1224,2,NO INDICATION OF INJURY,0,0,0,0,0,3,0,23,7,8,41.8845154584,-87.6474973003,"{'type': 'Point', 'coordinates': [-87.647497300321, 41.884515458362]}",,,,,Y,,,,,
f7356e6cb5ca8ae33f370d93f27f86aac6367d8e9387b25c777d3333ebf37c3bd7ed28e2619ccb94be0610664560ce6deb28eb4d39dbeefdd1c7cc4bed67ae09,2025-08-09T23:38:00.000,35,TRAFFIC SIGNAL,FUNCTIONING PROPERLY,CLEAR,DUSK,SIDESWIPE SAME DIRECTION,NOT DIVIDED,STRAIGHT AND LEVEL,DRY,NO DEFECTS,ON SCENE,NO INJURY / DRIVE AWAY,,"OVER $1,500",2025-08-09T23:38:00.000,UNABLE TO DETERMINE,UNABLE TO DETERMINE,1800,S,CANAL ST,1235,2,NO INDICATION OF INJURY,0,0,0,0,0,4,0,23,7,8,41.8575640708,-87.6390789106,"{'type': 'Point', 'coordinates': [-87.639078910579, 41.857564070819]}",,,Y,,Y,,,,,
7b073b82b0a3fe3832b4ffe843a1902164505a79feeb0ef9891996fbd05c33d29f9658bf80be6250ed7093c77e97554412e3757e72185a1b5fc6c260c86115ff,2025-08-09T23:30:00.000,30,TRAFFIC SIGNAL,FUNCTIONING PROPERLY,CLEAR,DAYLIGHT,REAR END,DIVIDED - W/MEDIAN (NOT RAISED),STRAIGHT AND LEVEL,DRY,NO DEFECTS,NOT ON SCENE (DESK REPORT),NO INJURY / DRIVE AWAY,,"OVER $1,500",2025-08-11T14:00:00.000,FAILING TO REDUCE SPEED TO AVOID CRASH,UNABLE TO DETERMINE,3314,N,MILWAUKEE AVE,1731,2,NO INDICATION OF INJURY,0,0,0,0,0,2,0,23,7,8,41.9412575415,-87.7276279799,"{'type': 'Point', 'coordinates': [-87.727627979867, 41.941257541451]}",,,Y,,,,,,,
ddd6440566e2a9aa026107358bd6942c8d27baeada6326880c4cea29988601bc5ce476bd1a2ecccf8031a3018eb9734671245b63729dbcb4ef66420f086791b0,2025-08-09T23:30:00.000,30,NO CONTROLS,NO CONTROLS,CLEAR,"DARKNESS, LIGHTED ROAD",PARKED MOTOR VEHICLE,DIVIDED - W/MEDIAN (NOT RAISED),STRAIGHT AND LEVEL,DRY,NO DEFECTS,,INJURY AND / OR TOW DUE TO CRASH,,"OVER $1,500",2025-08-10T15:15:00.000,UNABLE TO DETERMINE,UNABLE TO DETERMINE,3441,W,GRAND AVE,1121,2,NO INDICATION OF INJURY,0,0,0,0,0,1,0,23,7,8,41.90052616,-87.712682588,"{'type': 'Point', 'coordinates': [-87.712682587959, 41.900526159988]}",,,Y,,,,,,,
a69320e50508d0f8cefdd83dc73150205bdb73aac50538946bc4c58520a3202dfe0c2a0f8b4ec5647184c88beac74b2813b289a1aa89a032ca43bc168073a9c5,2025-08-09T23:25:00.000,40,NO CONTROLS,NO CONTROLS,CLEAR,UNKNOWN,FIXED OBJECT,DIVIDED - W/MEDIAN BARRIER,STRAIGHT ON GRADE,UNKNOWN,UNKNOWN,ON SCENE,INJURY AND / OR TOW DUE TO CRASH,,"OVER $1,500",2025-08-09T23:37:00.000,UNABLE TO DETERMINE,UNABLE TO DETERMINE,2900,N,LAKE SHORE DR,1934,1,,,,,,,,,23,7,8,41.9344029871,-87.6368058371,"{'type': 'Point', 'coordinates': [-87.636805837083, 41.934402987078]}",,,,,,,,,,
a5b91fe841f55b21d1a45d49f5799c8debe919c76665029984e0df6cb981725054d65652e1ce8d38f5b5fa327fb3456abaaf1fdbd336fc5f014c2e00ba2e59a0,2025-08-09T23:20:00.000,30,NO CONTROLS,NO CONTROLS,CLEAR,"DARKNESS, LIGHTED ROAD",FIXED OBJECT,ONE-WAY,STRAIGHT AND LEVEL,UNKNOWN,UNKNOWN,NOT ON SCENE (DESK REPORT),NO INJURY / DRIVE AWAY,,"OVER $1,500",2025-08-10T02:00:00.000,FAILING TO REDUCE SPEED TO AVOID CRASH,NOT APPLICABLE,2054,N,KENNETH AVE,2522,1,NO INDICATION OF INJURY,0,0,0,0,0,1,0,23,7,8,41.9186516411,-87.7377552434,"{'type': 'Point', 'coordinates': [-87.737755243404, 41.918651641057]}",,,,,,,,,,
024ab019a97fa8eafbbd74d9f3dfa5b40de963ccee427e2e552bfbb5edbaac09814ba2ada118c08dfcdb83f5bb7d4091409a1525df7f3505471e5f8745bc3baa,2025-08-09T23:15:00.000,30,NO CONTROLS,NO CONTROLS,CLEAR,"DARKNESS, LIGHTED ROAD",PARKED MOTOR VEHICLE,NOT DIVIDED,STRAIGHT AND LEVEL,DRY,UNKNOWN,NOT ON SCENE (DESK REPORT),NO INJURY / DRIVE AWAY,,"OVER $1,500",2025-08-10T19:46:00.000,UNABLE TO DETERMINE,NOT APPLICABLE,822,S,KILBOURN AVE,1131,2,NO INDICATION OF INJURY,0,0,0,0,0,2,0,23,7,8,41.869988769,-87.7379161114,"{'type': 'Point', 'coordinates': [-87.737916111371, 41.869988768977]}",,,Y,,,,,,,
36cde5f4ec6e15754e0b2cbee73704df2da48974126926205039630c1799c75265592fccf6b4df81b9b39f002aff45936ce065736f5403218c5282d7e8729290,2025-08-09T23:10:00.000,30,TRAFFIC SIGNAL,FUNCTIONING PROPERLY,CLEAR,DARKNESS,REAR END,NOT DIVIDED,STRAIGHT AND LEVEL,DRY,NO DEFECTS,NOT ON SCENE (DESK REPORT),NO INJURY / DRIVE AWAY,,"OVER $1,500",2025-08-09T23:25:00.000,NOT APPLICABLE,NOT APPLICABLE,2100,S,CALIFORNIA AVE,1023,2,NO INDICATION OF INJURY,0,0,0,0,0,3,0,23,7,8,41.8536877072,-87.6956517488,"{'type': 'Point', 'coordinates': [-87.695651748828, 41.85368770724]}",,,,,,,,,,
37af715f719118643a6199de1e09c92bc209fd9e3927d57768c78ebe8aaa678f3bb0220d91e4fd6e93f9abc030c07b0a894149d726c398a1e7cdcf506d06f3c3,2025-08-09T23:10:00.000,45,NO CONTROLS,NO CONTROLS,CLEAR,"DARKNESS, LIGHTED ROAD",REAR END,DIVIDED - W/MEDIAN BARRIER,STRAIGHT AND LEVEL,DRY,NO DEFECTS,ON SCENE,INJURY AND / OR TOW DUE TO CRASH,,"OVER $1,500",2025-08-09T23:44:00.000,UNABLE TO DETERMINE,NOT APPLICABLE,4400,S,LAKE SHORE DR SB,222,3,NO INDICATION OF INJURY,0,0,0,0,0,4,0,23,7,8,41.8149976032,-87.5938821525,"{'type': 'Point', 'coordinates': [-87.593882152519, 41.814997603234]}",,,,,,,,,,
3ecd1249e8386b536cefe85b77f60a8dff4ac4957c21458761c22ba2ec0a225a6e8ca5d1d0fad2370d568451997e9b5aa650567ae8fc4aa4884479f96969b0fd,2025-08-09T23:10:00.000,30,TRAFFIC SIGNAL,FUNCTIONING PROPERLY,CLEAR,"DARKNESS, LIGHTED ROAD",HEAD ON,NOT DIVIDED,STRAIGHT AND LEVEL,DRY,NO DEFECTS,,NO INJURY / DRIVE AWAY,,"OVER $1,500",2025-08-10T00:25:00.000,UNABLE TO DETERMINE,NOT APPLICABLE,5500,S,MOZART ST,824,2,NO INDICATION OF INJURY,0,0,0,0,0,3,0,23,7,8,41.7935772136,-87.6951629802,"{'type': 'Point', 'coordinates': [-87.695162980165, 41.793577213605]}",,,Y,,,,,,,
69ba4d5157cb4567352c990443b5ba602662ecf3787da0b93e528c264b41509f5651ece3754641970b197aea1e00d3a661531528dd480b88928ae6e544d0d542,2025-08-09T23:03:00.000,25,STOP SIGN/FLASHER,FUNCTIONING PROPERLY,CLEAR,"DARKNESS, LIGHTED ROAD",ANGLE,FOUR WAY,STRAIGHT AND LEVEL,DRY,NO DEFECTS,ON SCENE,INJURY AND / OR TOW DUE TO CRASH,Y,"OVER $1,500",2025-08-09T23:47:00.000,DISREGARDING STOP SIGN,FAILING TO REDUCE SPEED TO AVOID CRASH,10800,S,AVENUE G,432,2,NO INDICATION OF INJURY,0,0,0,0,0,3,0,23,7,8,41.6989871421,-87.5318046033,"{'type': 'Point', 'coordinates': [-87.531804603344, 41.698987142108]}",,,,,,,,,,
0f973b4091b6e6dbcaa5b3760f6086ffe11d511a68940dffd5b2a59b4acf2f0c7bcd4e05095487d46aaaf356c2d0e433663280d335508350011a4d3d28cf30c3,2025-08-09T23:00:00.000,30,TRAFFIC SIGNAL,FUNCTIONING PROPERLY,CLEAR,"DARKNESS, LIGHTED ROAD",REAR END,NOT DIVIDED,STRAIGHT AND LEVEL,DRY,NO DEFECTS,ON SCENE,NO INJURY / DRIVE AWAY,,"OVER $1,500",2025-08-09T23:10:00.000,FOLLOWING TOO CLOSELY,FOLLOWING TOO CLOSELY,39,W,CHICAGO AVE,1832,2,NO INDICATION OF INJURY,0,0,0,0,0,3,0,23,7,8,41.8965468455,-87.6296932091,"{'type': 'Point', 'coordinates': [-87.629693209075, 41.896546845548]}",,,,,,,,,,
6c5e8cdd22ca169b99558761eea47edb4695891dafdcb9ccae2244879c1a1d59435241720340a50322b1901b4c9673b7edb1bbb887c15308e2044e17a3096a78,2025-08-09T23:00:00.000,30,TRAFFIC SIGNAL,FUNCTIONING PROPERLY,CLEAR,DARKNESS,SIDESWIPE SAME DIRECTION,NOT DIVIDED,STRAIGHT AND LEVEL,DRY,UNKNOWN,NOT ON SCENE (DESK REPORT),NO INJURY / DRIVE AWAY,,"OVER $1,500",2025-08-10T15:30:00.000,FOLLOWING TOO CLOSELY,DRIVING SKILLS/KNOWLEDGE/EXPERIENCE,5215,W,NORTH AVE,2532,2,NO INDICATION OF INJURY,0,0,0,0,0,2,0,23,7,8,41.9093873162,-87.7561406127,"{'type': 'Point', 'coordinates': [-87.756140612659, 41.909387316218]}",,,,,,,,,,
bbfb3a49ea075700a2bad6123396becc740e5011660b204743f0ea094492c2e3739862a46ec1db22ec7b209fcf8fc2816d668e3d9fe86d61ca9d1d3b76e83bb7,2025-08-09T23:00:00.000,25,UNKNOWN,UNKNOWN,CLEAR,"DARKNESS, LIGHTED ROAD",PARKED MOTOR VEHICLE,DIVIDED - W/MEDIAN (NOT RAISED),STRAIGHT AND LEVEL,DRY,NO DEFECTS,NOT ON SCENE (DESK REPORT),NO INJURY / DRIVE AWAY,,"OVER $1,500",2025-08-10T08:10:00.000,UNABLE TO DETERMINE,UNABLE TO DETERMINE,2949,W,BELDEN AVE,1414,2,NO INDICATION OF INJURY,0,0,0,0,0,1,0,23,7,8,41.9231511431,-87.7018102762,"{'type': 'Point', 'coordinates': [-87.701810276239, 41.923151143137]}",,,Y,,,,,,,
e88f846854d020bb89fc66b557206f1451974b78ae7b04b431c28f84fe8e7ceee54cdcadeacc85b4aa6677b66f8521ae8d1552b5b2b386f5d2026fa3039de89e,2025-08-09T23:00:00.000,30,NO CONTROLS,NO CONTROLS,CLEAR,"DARKNESS, LIGHTED ROAD",SIDESWIPE SAME DIRECTION,DIVIDED - W/MEDIAN BARRIER,STRAIGHT AND LEVEL,UNKNOWN,UNKNOWN,ON SCENE,INJURY AND / OR TOW DUE TO CRASH,,"$501 - $1,500",2025-08-09T23:08:00.000,UNABLE TO DETERMINE,UNABLE TO DETERMINE,631,N,OGDEN AVE,1214,2,NONINCAPACITATING INJURY,1,0,0,1,0,2,0,23,7,8,41.8932070073,-87.6570122495,"{'type': 'Point', 'coordinates': [-87.657012249461, 41.893207007278]}",,,Y,,,,,,,
b047153b12f4dea4f96ab749d165a5074204e01185c1a590bbca341481ed68abc494ae53fef7f00ee93da0159b1c2e354bbe284b13cd91f0bfe9fafe14698192,2025-08-09T22:48:00.000,40,NO CONTROLS,NO CONTROLS,CLEAR,"DARKNESS, LIGHTED ROAD",FIXED OBJECT,DIVIDED - W/MEDIAN BARRIER,STRAIGHT AND LEVEL,DRY,NO DEFECTS,ON SCENE,INJURY AND / OR TOW DUE TO CRASH,,"OVER $1,500",2025-08-09T22:49:00.000,IMPROPER LANE USAGE,IMPROPER LANE USAGE,2346,N,LAKE SHORE DR SB,1814,1,NO INDICATION OF INJURY,0,0,0,0,0,1,0,22,7,8,41.9255528397,-87.631320679,"{'type': 'Point', 'coordinates': [-87.631320678961, 41.925552839727]}",,,,,,,,,,
53a263de31c3aedda6c571b2cbf697162640fdb2cd97202862a8074ee1fb883e16c2ce008c5d6c231e0c7d8c55568570ba40cd0cb0d971a322d7148a6e354e4a,2025-08-09T22:42:00.000,30,TRAFFIC SIGNAL,FUNCTIONING PROPERLY,CLEAR,"DARKNESS, LIGHTED ROAD",REAR END,DIVIDED - W/MEDIAN BARRIER,STRAIGHT ON GRADE,DRY,NO DEFECTS,ON SCENE,NO INJURY / DRIVE AWAY,Y,"OVER $1,500",2025-08-09T22:43:00.000,NOT APPLICABLE,NOT APPLICABLE,5615,N,CUMBERLAND AVE,1614,3,NO INDICATION OF INJURY,0,0,0,0,0,5,0,22,7,8,41.9814281642,-87.8364343021,"{'type': 'Point', 'coordinates': [-87.836434302093, 41.981428164177]}",,,,,,,,,,
049a58e662078c0c9c19b08e1b14343a9f6546c526e0b201f5537469d692f5cde12faa6360e8f6705f34299a3b47c5523888bc2c8326794008299f5eb28615d0,2025-08-09T22:30:00.000,30,UNKNOWN,UNKNOWN,CLEAR,DUSK,TURNING,FOUR WAY,STRAIGHT AND LEVEL,DRY,UNKNOWN,NOT ON SCENE (DESK REPORT),NO INJURY / DRIVE AWAY,Y,"$501 - $1,500",2025-08-09T23:30:00.000,IMPROPER TURNING/NO SIGNAL,FAILING TO YIELD RIGHT-OF-WAY,1600,W,MADISON ST,1224,2,NO INDICATION OF INJURY,0,0,0,0,0,4,0,22,7,8,41.881564167,-87.6669294629,"{'type': 'Point', 'coordinates': [-87.666929462948, 41.88156416702]}",,,,,,,,,,
3b11da26c6764a301dc9ff2f7c4f88b9642eebaf9e7244c7941a55d1d8543faeeb6b85427cfc51f60903a061a85eb91f2dcc43f4b266e36f5203b1a299f253fe,2025-08-09T22:30:00.000,30,TRAFFIC SIGNAL,FUNCTIONING PROPERLY,CLEAR,"DARKNESS, LIGHTED ROAD",REAR END,NOT DIVIDED,STRAIGHT AND LEVEL,DRY,NO DEFECTS,NOT ON SCENE (DESK REPORT),NO INJURY / DRIVE AWAY,,"$501 - $1,500",2025-08-10T00:06:00.000,FOLLOWING TOO CLOSELY,UNABLE TO DETERMINE,4201,W,LAWRENCE AVE,1722,2,NO INDICATION OF INJURY,0,0,0,0,0,3,0,22,7,8,41.9680752559,-87.7330271463,"{'type': 'Point', 'coordinates': [-87.733027146301, 41.96807525591]}",,,Y,,,,,,,
672348872364eaad61b97a6a826b2dbc7ae07f78db5e99f6916b8d45907531ee159027fd0d56d9731e90f0e4fbaa3f1aaedd7a0ea8cfcddfbc5fd97da45da599,2025-08-09T22:30:00.000,30,TRAFFIC SIGNAL,FUNCTIONING PROPERLY,CLEAR,"DARKNESS, LIGHTED ROAD",REAR END,NOT DIVIDED,STRAIGHT AND LEVEL,DRY,UNKNOWN,NOT ON SCENE (DESK REPORT),INJURY AND / OR TOW DUE TO CRASH,,$500 OR LESS,2025-08-10T11:15:00.000,FOLLOWING TOO CLOSELY,UNABLE TO DETERMINE,2755,N,PULASKI RD,2524,2,"REPORTED, NOT EVIDENT",1,0,0,0,1,2,0,22,7,8,41.9316293909,-87.7268271743,"{'type': 'Point', 'coordinates': [-87.726827174322, 41.931629390871]}",,,Y,,,,,,,
83022d58e457a9095428d76465877487f4c241c418988acbfbde99081292fe734b17e1b5cb44deae3017f9e399dc2a49ebe19813ad27b7e6d445476ceeaf09e0,2025-08-09T22:30:00.000,30,TRAFFIC SIGNAL,FUNCTIONING PROPERLY,CLEAR,DAYLIGHT,REAR TO FRONT,NOT DIVIDED,STRAIGHT AND LEVEL,DRY,NO DEFECTS,NOT ON SCENE (DESK REPORT),NO INJURY / DRIVE AWAY,,"$501 - $1,500",2025-08-10T20:15:00.000,IMPROPER OVERTAKING/PASSING,NOT APPLICABLE,10300,S,VINCENNES AVE,2212,2,NO INDICATION OF INJURY,0,0,0,0,0,2,0,22,7,8,41.7067235779,-87.6561945409,"{'type': 'Point', 'coordinates': [-87.65619454086, 41.706723577926]}",,,,,,,,,,
9fcaeb1efa025ec5f3185c3ccefeac98b6f61296c7f3e6bd0f9aefee6b1ef4fa56ba22137c5ad6a0c41f15166a0ea3e5fee25377512e83e03cbddb35d76a79ae,2025-08-09T22:30:00.000,25,TRAFFIC SIGNAL,UNKNOWN,CLEAR,"DARKNESS, LIGHTED ROAD",PARKED MOTOR VEHICLE,NOT DIVIDED,STRAIGHT AND LEVEL,DRY,UNKNOWN,ON SCENE,NO INJURY / DRIVE AWAY,,"OVER $1,500",2025-08-09T22:45:00.000,NOT APPLICABLE,NOT APPLICABLE,1206,N,DEARBORN ST,1824,2,NO INDICATION OF INJURY,0,0,0,0,0,3,0,22,7,8,41.9041784732,-87.6301404818,"{'type': 'Point', 'coordinates': [-87.630140481845, 41.904178473162]}",,,,,,,,,,
90a7f59ef484bd9444494fca037a19d35589a471789eca3ae672a7872ec829ad19510ae89728937d79ad9a45de0a1665c59c792d24668e845a8f8f684612909d,2025-08-09T22:25:00.000,30,STOP SIGN/FLASHER,FUNCTIONING PROPERLY,CLEAR,DARKNESS,SIDESWIPE OPPOSITE DIRECTION,FOUR WAY,STRAIGHT AND LEVEL,DRY,NO DEFECTS,NOT ON SCENE (DESK REPORT),NO INJURY / DRIVE AWAY,,"OVER $1,500",2025-08-09T22:35:00.000,UNABLE TO DETERMINE,UNABLE TO DETERMINE,1098,E,111TH ST,513,2,NO INDICATION OF INJURY,0,0,0,0,0,3,0,22,7,8,41.6923007402,-87.5976823214,"{'type': 'Point', 'coordinates': [-87.597682321382, 41.692300740223]}",,,Y,,,,,,,
df51d5e2a643be704f691893d348005f6bf88ddcddaa45de767fdd86ce84c3ed412d36135bdfbcfd041802ebae170c885f7dd7e883ed35832562599bfd018e79,2025-08-09T22:25:00.000,30,NO CONTROLS,NO CONTROLS,CLEAR,"DARKNESS, LIGHTED ROAD",REAR END,NOT DIVIDED,STRAIGHT AND LEVEL,DRY,NO DEFECTS,NOT ON SCENE (DESK REPORT),NO INJURY / DRIVE AWAY,,"OVER $1,500",2025-08-09T23:55:00.000,FOLLOWING TOO CLOSELY,NOT APPLICABLE,5610,N,CUMBERLAND AVE,1614,2,NO INDICATION OF INJURY,0,0,0,0,0,2,0,22,7,8,41.9813606322,-87.8367285379,"{'type': 'Point', 'coordinates': [-87.836728537859, 41.981360632229]}",,,,,,,,,,
f10d2fecdff886dc1087db883c6a36c40ed8777c6a00a310504cd00b9e7aeba361d61b8963b1f759db8a5b7e4788ddbd6de5b2fbdb9748b6233e7e181747ad54,2025-08-09T22:05:00.000,30,NO CONTROLS,NO CONTROLS,CLEAR,"DARKNESS, LIGHTED ROAD",TURNING,NOT DIVIDED,STRAIGHT AND LEVEL,DRY,NO DEFECTS,NOT ON SCENE (DESK REPORT),NO INJURY / DRIVE AWAY,,"OVER $1,500",2025-08-09T22:40:00.000,UNABLE TO DETERMINE,NOT APPLICABLE,1362,S,LAKE SHORE DR NB,132,2,NO INDICATION OF INJURY,0,0,0,0,0,2,0,22,7,8,41.8641812268,-87.6193324126,"{'type': 'Point', 'coordinates': [-87.619332412582, 41.864181226829]}",,,,,,,,,,
01e0498b867408e5c4d0e5e828af87bf3ef2072442eb13450be7a14834afdf68b668937fd9f284d144fee120497b33abbad984f81713168b9c39af598e13aada,2025-08-09T22:00:00.000,30,UNKNOWN,UNKNOWN,UNKNOWN,UNKNOWN,PARKED MOTOR VEHICLE,ONE-WAY,STRAIGHT AND LEVEL,UNKNOWN,UNKNOWN,NOT ON SCENE (DESK REPORT),NO INJURY / DRIVE AWAY,,"$501 - $1,500",2025-08-12T11:00:00.000,UNABLE TO DETERMINE,UNABLE TO DETERMINE,6911,S,MAY ST,733,2,NO INDICATION OF INJURY,0,0,0,0,0,1,0,22,7,8,41.768341149,-87.6528429718,"{'type': 'Point', 'coordinates': [-87.652842971833, 41.768341148985]}",,,,,,,,,,
1a9824f2b3d2c21e39b259cc49db395c175cb49c5e0abd67ebd3d69e9d27c8858775dc8af6a5c010b0c94356e4cdd91953d924f918afec791e7d72813636f74f,2025-08-09T22:00:00.000,30,TRAFFIC SIGNAL,FUNCTIONING PROPERLY,CLEAR,"DARKNESS, LIGHTED ROAD",REAR END,DIVIDED - W/MEDIAN (NOT RAISED),STRAIGHT AND LEVEL,DRY,NO DEFECTS,NOT ON SCENE (DESK REPORT),INJURY AND / OR TOW DUE TO CRASH,,"OVER $1,500",2025-08-09T22:30:00.000,FAILING TO REDUCE SPEED TO AVOID CRASH,FAILING TO REDUCE SPEED TO AVOID CRASH,1500,W,DIVERSEY PKWY,1932,2,"REPORTED, NOT EVIDENT",1,0,0,0,1,1,0,22,7,8,41.9325502107,-87.66604833,"{'type': 'Point', 'coordinates': [-87.666048330014, 41.932550210671]}",,,,,,,,,,
257664dfa641c0345d81dd748514a152b2b125b295e3d8a8223fbb02200fbffc4a7b070b34e2af16da8d37195eb9b3a9f9c9f3d57e8b9f5a775855e5394f38c7,2025-08-09T22:00:00.000,30,TRAFFIC SIGNAL,FUNCTIONING PROPERLY,CLEAR,"DARKNESS, LIGHTED ROAD",SIDESWIPE OPPOSITE DIRECTION,NOT DIVIDED,STRAIGHT AND LEVEL,DRY,NO DEFECTS,NOT ON SCENE (DESK REPORT),NO INJURY / DRIVE AWAY,Y,"$501 - $1,500",2025-08-09T22:27:00.000,IMPROPER OVERTAKING/PASSING,NOT APPLICABLE,9,S,KEDZIE AVE,1124,2,NO INDICATION OF INJURY,0,0,0,0,0,4,0,22,7,8,41.8806584055,-87.7059663823,"{'type': 'Point', 'coordinates': [-87.705966382257, 41.880658405488]}",,,,,,,,,,
732467af60002dfe09e78b0d3d9711875306fb21042dee5c192158cd2bd9b4b049e524bc0b06b609c97ece1464cb05a46e3a3163f2218bd111dded076abdaafa,2025-08-09T22:00:00.000,35,NO CONTROLS,NO CONTROLS,CLEAR,"DARKNESS, LIGHTED ROAD",REAR END,NOT DIVIDED,STRAIGHT AND LEVEL,DRY,NO DEFECTS,NOT ON SCENE (DESK REPORT),NO INJURY / DRIVE AWAY,,"OVER $1,500",2025-08-09T22:00:00.000,UNABLE TO DETERMINE,UNABLE TO DETERMINE,2300,N,CANNON DR,1814,2,NO INDICATION OF INJURY,0,0,0,0,0,2,0,22,7,8,41.923863928,-87.6328679594,"{'type': 'Point', 'coordinates': [-87.632867959361, 41.92386392798]}",,Y,,,,,,,,
c36ad5f7f2326fecce5c058ef279d02654a6796c142a8f33d5b0b5076f74d8bd14cd582a7cf421b632fcf1e1e70695b2114658b5bdec39a2eb2cfda0d9a98a8d,2025-08-09T21:58:00.000,30,NO CONTROLS,NO CONTROLS,CLEAR,"DARKNESS, LIGHTED ROAD",REAR END,NOT DIVIDED,STRAIGHT AND LEVEL,DRY,NO DEFECTS,NOT ON SCENE (DESK REPORT),NO INJURY / DRIVE AWAY,,"$501 - $1,500",2025-08-09T22:45:00.000,UNABLE TO DETERMINE,UNABLE TO DETERMINE,2002,E,77TH ST,414,2,NO INDICATION OF INJURY,0,0,0,0,0,3,0,21,7,8,41.7553533564,-87.5759223364,"{'type': 'Point', 'coordinates': [-87.575922336366, 41.755353356401]}",,,Y,,,,,,,
2a64287999428f271c8fdd8d4767b74019c83b21b30f4bf24eb09e30c5b1bb07c4c672e04e491fd9e231f3a43a2306b3d279c8f68af379758fbedc2b77ee7bb1,2025-08-09T21:53:00.000,30,TRAFFIC SIGNAL,FUNCTIONING PROPERLY,CLEAR,"DARKNESS, LIGHTED ROAD",ANGLE,FOUR WAY,STRAIGHT AND LEVEL,DRY,NO DEFECTS,ON SCENE,INJURY AND / OR TOW DUE TO CRASH,Y,"OVER $1,500",2025-08-09T22:00:00.000,DISREGARDING TRAFFIC SIGNALS,DISREGARDING TRAFFIC SIGNALS,5700,S,CALIFORNIA AVE,824,2,INCAPACITATING INJURY,1,0,1,0,0,3,0,21,7,8,41.7899550138,-87.6938409939,"{'type': 'Point', 'coordinates': [-87.693840993851, 41.789955013776]}",,,,,,,,,,