crash_record_id,crash_date,posted_speed_limit,traffic_control_device,device_condition,weather_condition,lighting_condition,first_crash_type,trafficway_type,alignment,roadway_surface_cond,road_defect,report_type,crash_type,intersection_related_i,damage,date_police_notified,prim_contributory_cause,sec_contributory_cause,street_no,street_direction,street_name,beat_of_occurrence,num_units,most_severe_injury,injuries_total,injuries_fatal,injuries_incapacitating,injuries_non_incapacitating,injuries_reported_not_evident,injuries_no_indication,injuries_unknown,crash_hour,crash_day_of_week,crash_month,latitude,longitude,location,private_property_i,photos_taken_i,hit_and_run_i,statements_taken_i,crash_date_est_i,work_zone_i,work_zone_type,dooring_i,lane_cnt,workers_present_i
5d5caedda5b46fc73d27e4a40a5ce8b4076cd4131aa3d59ae4d52ae3487708eb6d48ec2040af6371d1d744b0376987b65cd9098c9f5aaf1eb7059c54a98890db,2025-08-09T21:45:00.000,20,STOP SIGN/FLASHER,FUNCTIONING PROPERLY,CLEAR,"DARKNESS, LIGHTED ROAD",REAR END,ONE-WAY,STRAIGHT AND LEVEL,DRY,NO DEFECTS,NOT ON SCENE (DESK REPORT),NO INJURY / DRIVE AWAY,,"OVER $1,500",2025-08-09T23:20:00.000,UNABLE TO DETERMINE,UNABLE TO DETERMINE,33,W,112TH ST,522,2,NO INDICATION OF INJURY,0,0,0,0,0,2,0,21,7,8,41.6906476599,-87.6243713316,"{'type': 'Point', 'coordinates': [-87.624371331583, 41.690647659877]}",,,Y,,,,,,,
85b9b99f687f96e58da951eb87f877dfa4dcb8a6a9bc2f92e98e01b33aa36a01640caf24fb621ee680f63a11ad0dae1935b17bf4d355eb0905756d4c1e84e4a6,2025-08-09T21:45:00.000,30,OTHER,OTHER,OTHER,UNKNOWN,PARKED MOTOR VEHICLE,OTHER,STRAIGHT AND LEVEL,UNKNOWN,UNKNOWN,NOT ON SCENE (DESK REPORT),NO INJURY / DRIVE AWAY,,"OVER $1,500",2025-08-09T22:30:00.000,UNABLE TO DETERMINE,UNABLE TO DETERMINE,3857,S,DR MARTIN LUTHER KING JR DR,212,2,NO INDICATION OF INJURY,0,0,0,0,0,1,0,21,7,8,41.8239832515,-87.6168538908,"{'type': 'Point', 'coordinates': [-87.616853890785, 41.823983251515]}",,,Y,,Y,,,,,
9b639e942060d83452d18d3acb2c0f3d6f97e7e2168520f8d5dfb1b03e367cd4d9a98b75b089b8a80e07229ac020d75ac8b87aec399a1bd935433b17b3fd2b3d,2025-08-09T21:40:00.000,30,TRAFFIC SIGNAL,FUNCTIONING PROPERLY,CLEAR,"DARKNESS, LIGHTED ROAD",REAR END,NOT DIVIDED,STRAIGHT AND LEVEL,DRY,UNKNOWN,ON SCENE,INJURY AND / OR TOW DUE TO CRASH,,"OVER $1,500",2025-08-09T21:45:00.000,UNABLE TO DETERMINE,UNABLE TO DETERMINE,2131,W,HOWARD ST,2424,2,"REPORTED, NOT EVIDENT",1,0,0,0,1,1,0,21,7,8,42.0193724835,-87.6843936164,"{'type': 'Point', 'coordinates': [-87.684393616366, 42.019372483522]}",,,Y,,,,,,,
8a0001932e9085365ab4b2f4a57e63d0e3f9292db0af1333347def7d3052b2a9b37f12ebed5e312a4f996b01555d7177c40fe95a33267fc2e6824fbcf83dba77,2025-08-09T21:34:00.000,30,STOP SIGN/FLASHER,FUNCTIONING PROPERLY,CLEAR,"DARKNESS, LIGHTED ROAD",ANGLE,NOT DIVIDED,STRAIGHT AND LEVEL,DRY,UNKNOWN,ON SCENE,INJURY AND / OR TOW DUE TO CRASH,Y,"OVER $1,500",2025-08-09T21:34:00.000,FAILING TO YIELD RIGHT-OF-WAY,FAILING TO YIELD RIGHT-OF-WAY,6600,S,LANGLEY AVE,321,2,INCAPACITATING INJURY,1,0,1,0,0,3,0,21,7,8,41.7748257518,-87.6084076707,"{'type': 'Point', 'coordinates': [-87.608407670709, 41.774825751766]}",,,,,,,,,,
4bfd87b26748a5362f331bf7efd0059ba3442561aa1a733b15a4d63b3d639ac1cb596c0f52e711fd42e04dfc0d73f76b12faeb3f8902989c109bc7f923cebeee,2025-08-09T21:25:00.000,30,UNKNOWN,UNKNOWN,CLEAR,DUSK,TURNING,NOT DIVIDED,STRAIGHT AND LEVEL,DRY,UNKNOWN,NOT ON SCENE (DESK REPORT),INJURY AND / OR TOW DUE TO CRASH,Y,"$501 - $1,500",2025-08-09T22:30:00.000,NOT APPLICABLE,UNABLE TO DETERMINE,205,S,DESPLAINES ST,121,2,"REPORTED, NOT EVIDENT",1,0,0,0,1,1,0,21,7,8,41.8791148833,-87.6438899663,"{'type': 'Point', 'coordinates': [-87.643889966297, 41.879114883321]}",,,,,,,,,,
2f9f91a6a40dd19c70ee28ae30203dad825862bb4f190b978f70af639dd6a46534419074519648372a2cd5ebc325deee990d0dab920ea576a8e7ff18e4e72957,2025-08-09T21:24:00.000,30,NO CONTROLS,NO CONTROLS,CLEAR,"DARKNESS, LIGHTED ROAD",TURNING,DIVIDED - W/MEDIAN (NOT RAISED),STRAIGHT AND LEVEL,DRY,NO DEFECTS,ON SCENE,INJURY AND / OR TOW DUE TO CRASH,Y,"OVER $1,500",2025-08-09T21:24:00.000,FAILING TO YIELD RIGHT-OF-WAY,NOT APPLICABLE,7433,W,IRVING PARK RD,1631,2,INCAPACITATING INJURY,3,0,1,2,0,0,0,21,7,8,41.9525124497,-87.8134877913,"{'type': 'Point', 'coordinates': [-87.813487791332, 41.952512449739]}",,,,Y,,,,,,
39f2f03aed5fea796a95ea36730f999ea0817409f8f1181a072d6d00d50a9229c1472645b4b0539538c3e6b58b26a28b33a85feaed1a3f478efa90dded533cd3,2025-08-09T21:20:00.000,30,TRAFFIC SIGNAL,FUNCTIONING PROPERLY,CLEAR,"DARKNESS, LIGHTED ROAD",ANGLE,FOUR WAY,STRAIGHT AND LEVEL,DRY,UNKNOWN,NOT ON SCENE (DESK REPORT),INJURY AND / OR TOW DUE TO CRASH,Y,"OVER $1,500",2025-08-09T22:42:00.000,DISREGARDING TRAFFIC SIGNALS,UNABLE TO DETERMINE,507,W,VAN BUREN ST,121,2,"REPORTED, NOT EVIDENT",1,0,0,0,1,1,0,21,7,8,41.8766577118,-87.6398871222,"{'type': 'Point', 'coordinates': [-87.639887122235, 41.876657711805]}",,,,,,,,,,
9b36c169dd416f0bef368ad22548bf3b69b309e19e237614658c7819081b28a43e8fa92ac9ed28adabc0708f77c70267268aa1e95a6a2f0642312f23d56044c0,2025-08-09T21:20:00.000,30,NO CONTROLS,NO CONTROLS,CLEAR,"DARKNESS, LIGHTED ROAD",SIDESWIPE SAME DIRECTION,NOT DIVIDED,STRAIGHT AND LEVEL,DRY,NO DEFECTS,NOT ON SCENE (DESK REPORT),NO INJURY / DRIVE AWAY,Y,"$501 - $1,500",2025-08-09T21:20:00.000,FAILING TO YIELD RIGHT-OF-WAY,FAILING TO YIELD RIGHT-OF-WAY,750,N,CLARK ST,1832,2,NO INDICATION OF INJURY,0,0,0,0,0,2,0,21,7,8,41.8963908508,-87.631388416,"{'type': 'Point', 'coordinates': [-87.631388416049, 41.896390850798]}",,,,,,,,,,
0cbf773b85e7ac3978e3ace2e5ba9625de6379abe751ea5f0021259e67c954af1d5e8cd0572bb153407599315cdc2e3c1b9c6bc330f480f3fad7a351c8bafe0e,2025-08-09T21:19:00.000,35,TRAFFIC SIGNAL,FUNCTIONING PROPERLY,CLEAR,"DARKNESS, LIGHTED ROAD",TURNING,FOUR WAY,STRAIGHT AND LEVEL,DRY,NO DEFECTS,ON SCENE,NO INJURY / DRIVE AWAY,,"OVER $1,500",2025-08-09T21:41:00.000,FAILING TO YIELD RIGHT-OF-WAY,UNABLE TO DETERMINE,8700,S,WOOD ST,2221,2,NO INDICATION OF INJURY,0,0,0,0,0,2,0,21,7,8,41.7356330207,-87.6680700927,"{'type': 'Point', 'coordinates': [-87.668070092662, 41.735633020702]}",,,,,,,,,,
1868c1c76e1a08623627f7430d7a756b9d43bb2b86ef7a20dda4ccbf132335fd1c32c828d85df811863809fc30fb00bd0f10476fe656fbb867ad1deba7ea88ca,2025-08-09T21:19:00.000,30,STOP SIGN/FLASHER,FUNCTIONING PROPERLY,CLEAR,"DARKNESS, LIGHTED ROAD",REAR END,DIVIDED - W/MEDIAN (NOT RAISED),STRAIGHT AND LEVEL,DRY,UNKNOWN,NOT ON SCENE (DESK REPORT),NO INJURY / DRIVE AWAY,Y,"OVER $1,500",2025-08-10T09:00:00.000,FAILING TO YIELD RIGHT-OF-WAY,FAILING TO REDUCE SPEED TO AVOID CRASH,2659,N,NARRAGANSETT AVE,2512,2,NO INDICATION OF INJURY,0,0,0,0,0,2,0,21,7,8,41.9290799144,-87.7854941911,"{'type': 'Point', 'coordinates': [-87.785494191067, 41.92907991437]}",,,Y,,,,,,,
846b444be4252f62964d3841064b98f9a87d2b4f30e1dc6bbaf2dd85aac799a591f44af3f87572a174a24fed95fb3cc4757cc075252af9a68f2102fc1eee0782,2025-08-09T21:05:00.000,30,UNKNOWN,UNKNOWN,UNKNOWN,UNKNOWN,ANGLE,NOT DIVIDED,STRAIGHT AND LEVEL,UNKNOWN,UNKNOWN,NOT ON SCENE (DESK REPORT),NO INJURY / DRIVE AWAY,,"OVER $1,500",2025-08-09T21:52:00.000,NOT APPLICABLE,NOT APPLICABLE,3718,N,RACINE AVE,1923,2,NO INDICATION OF INJURY,0,0,0,0,0,2,0,21,7,8,41.9495348081,-87.6593744251,"{'type': 'Point', 'coordinates': [-87.659374425148, 41.949534808063]}",,,,,,,,,,
11e8e9d1c54ee5f5d43bec225d0aa935dd6dd55ae8b9ab7e371dde003906b72ea3b3c372ec97daaeea290e1acd110fca8479d56b92e0b799a72edefc7dc1cf5c,2025-08-09T21:00:00.000,20,NO CONTROLS,NO CONTROLS,CLEAR,"DARKNESS, LIGHTED ROAD",PARKED MOTOR VEHICLE,ONE-WAY,STRAIGHT AND LEVEL,DRY,UNKNOWN,NOT ON SCENE (DESK REPORT),NO INJURY / DRIVE AWAY,,"OVER $1,500",2025-08-10T14:20:00.000,DRIVING SKILLS/KNOWLEDGE/EXPERIENCE,UNABLE TO DETERMINE,2713,N,RUTHERFORD AVE,2512,2,NO INDICATION OF INJURY,0,0,0,0,0,1,0,21,7,8,41.9295091374,-87.7940543297,"{'type': 'Point', 'coordinates': [-87.794054329732, 41.929509137369]}",,,Y,,,,,,,
6e93851dddca6bf72eff90b43519f691af01a8f78723f6f5fa520ba28c427e2cc81783d0d029bd79085ce1385d4a0f99d888a7f69b9ba5a621286e2130999406,2025-08-09T21:00:00.000,30,STOP SIGN/FLASHER,FUNCTIONING PROPERLY,CLEAR,"DARKNESS, LIGHTED ROAD",TURNING,NOT DIVIDED,STRAIGHT AND LEVEL,DRY,NO DEFECTS,NOT ON SCENE (DESK REPORT),NO INJURY / DRIVE AWAY,,"OVER $1,500",2025-08-10T12:30:00.000,IMPROPER TURNING/NO SIGNAL,IMPROPER TURNING/NO SIGNAL,1001,N,KEDVALE AVE,1111,2,NO INDICATION OF INJURY,0,0,0,0,0,3,0,21,7,8,41.8990515305,-87.7297399848,"{'type': 'Point', 'coordinates': [-87.729739984752, 41.899051530528]}",,,Y,,,,,,,
fb47227524a09b7971f9977e6a6893c9a818feb5c1426fc31a70b968a018783f9bbf5e3b5b9d97f0c4bcbd628a999af509070ab360bb562c835219c4fdfffbea,2025-08-09T20:55:00.000,30,TRAFFIC SIGNAL,FUNCTIONING PROPERLY,CLEAR,"DARKNESS, LIGHTED ROAD",REAR END,DIVIDED - W/MEDIAN (NOT RAISED),STRAIGHT AND LEVEL,DRY,NO DEFECTS,ON SCENE,INJURY AND / OR TOW DUE TO CRASH,,"OVER $1,500",2025-08-09T21:11:00.000,UNABLE TO DETERMINE,FAILING TO REDUCE SPEED TO AVOID CRASH,2419,S,MICHIGAN AVE,132,2,NO INDICATION OF INJURY,0,0,0,0,0,8,0,20,7,8,41.8486613273,-87.6235514551,"{'type': 'Point', 'coordinates': [-87.623551455076, 41.848661327273]}",,,,Y,,,,,,
d8a1bc960c84370ddd6b1b8b3facaff33bcfbdd212664022bbd666275597457a8496ac6ba61779dc279bc2412b7d36e3fcd44b1534341c0589cc7cc8fa2f830a,2025-08-09T20:50:00.000,30,NO CONTROLS,NO CONTROLS,UNKNOWN,DUSK,PARKED MOTOR VEHICLE,NOT DIVIDED,STRAIGHT AND LEVEL,UNKNOWN,NO DEFECTS,NOT ON SCENE (DESK REPORT),NO INJURY / DRIVE AWAY,,"OVER $1,500",2025-08-10T16:01:00.000,NOT APPLICABLE,NOT APPLICABLE,4472,S,ARCHER AVE,821,2,NO INDICATION OF INJURY,0,0,0,0,0,1,0,20,7,8,41.812095288,-87.7077249961,"{'type': 'Point', 'coordinates': [-87.707724996055, 41.812095287994]}",,,Y,,,,,,,
d7d4ac7023e2ace3dd3be67cb356f85de2e61cc601ee6c168d0ebab2c60a329e5030ebc690109a7ed5b8a9a73f4eb60549218552ecd4cc8ab8c2a9213baec281,2025-08-09T20:45:00.000,30,TRAFFIC SIGNAL,FUNCTIONING PROPERLY,CLEAR,"DARKNESS, LIGHTED ROAD",REAR END,NOT DIVIDED,STRAIGHT AND LEVEL,DRY,NO DEFECTS,NOT ON SCENE (DESK REPORT),NO INJURY / DRIVE AWAY,,"OVER $1,500",2025-08-09T21:55:00.000,UNABLE TO DETERMINE,NOT APPLICABLE,3651,W,51ST ST,822,2,NO INDICATION OF INJURY,0,0,0,0,0,3,0,20,7,8,41.8005508346,-87.7156063237,"{'type': 'Point', 'coordinates': [-87.715606323692, 41.800550834584]}",,,,,,,,,,
59fcfedcddc6a1667217f50a18d2903c560c480bdb16bf005458d7ce999275cd80dbb258479532e6ca276ed1fab385447407155eeaf41c8512d91dbe9d0abaef,2025-08-09T20:43:00.000,30,TRAFFIC SIGNAL,FUNCTIONING PROPERLY,CLEAR,"DARKNESS, LIGHTED ROAD",ANGLE,FOUR WAY,STRAIGHT AND LEVEL,DRY,NO DEFECTS,ON SCENE,INJURY AND / OR TOW DUE TO CRASH,Y,"OVER $1,500",2025-08-09T20:45:00.000,DISREGARDING TRAFFIC SIGNALS,UNABLE TO DETERMINE,3400,W,CONGRESS PKWY,1133,2,NO INDICATION OF INJURY,0,0,0,0,0,3,0,20,7,8,41.8746521772,-87.7109157372,"{'type': 'Point', 'coordinates': [-87.710915737246, 41.874652177201]}",,,Y,,,,,,,
b1e5844b754da8e606b59a02b1658da50dd5b3771356b0635a6f1f68851005d4804efa2cd60c795b1e51b99e26b77381479fff3b87d74a32658c5b38b864ff02,2025-08-09T20:41:00.000,30,NO CONTROLS,NO CONTROLS,CLEAR,"DARKNESS, LIGHTED ROAD",SIDESWIPE SAME DIRECTION,NOT DIVIDED,STRAIGHT AND LEVEL,DRY,NO DEFECTS,NOT ON SCENE (DESK REPORT),NO INJURY / DRIVE AWAY,,"OVER $1,500",2025-08-09T21:10:00.000,IMPROPER LANE USAGE,NOT APPLICABLE,10,W,RANDOLPH ST,111,2,NO INDICATION OF INJURY,0,0,0,0,0,2,0,20,7,8,41.8845986778,-87.6282821135,"{'type': 'Point', 'coordinates': [-87.628282113549, 41.884598677758]}",,,,,,,,,,
4608223f5bb7d76e24d3d33f2eda811819304f890576a404a6b70eb192a1ca38ce03d4303e373efccfa6922ad39c5fed1b3aff7887716618d88ae745ebb9f037,2025-08-09T20:40:00.000,30,UNKNOWN,UNKNOWN,CLEAR,"DARKNESS, LIGHTED ROAD",REAR END,NOT DIVIDED,STRAIGHT AND LEVEL,DRY,UNKNOWN,NOT ON SCENE (DESK REPORT),NO INJURY / DRIVE AWAY,,"OVER $1,500",2025-08-09T21:13:00.000,UNABLE TO DETERMINE,UNABLE TO DETERMINE,6700,S,JEFFERY BLVD,332,2,NO INDICATION OF INJURY,0,0,0,0,0,2,0,20,7,8,41.7733684085,-87.5766385522,"{'type': 'Point', 'coordinates': [-87.576638552177, 41.773368408547]}",,,,,,,,,,
877786ba8f0ba2055772c00963318fdd29bc54255d2d4d8b437562469ccf91619d124117e3cad9c16360586cb3c35df744a81bb6fb23503c1bd80bcb93789600,2025-08-09T20:39:00.000,30,TRAFFIC SIGNAL,UNKNOWN,CLEAR,"DARKNESS, LIGHTED ROAD",TURNING,DIVIDED - W/MEDIAN (NOT RAISED),STRAIGHT AND LEVEL,DRY,NO DEFECTS,ON SCENE,INJURY AND / OR TOW DUE TO CRASH,,"OVER $1,500",2025-08-09T20:40:00.000,UNABLE TO DETERMINE,NOT APPLICABLE,599,N,LA SALLE DR,1831,2,NO INDICATION OF INJURY,0,0,0,0,0,2,0,20,7,8,41.8923915864,-87.6324593308,"{'type': 'Point', 'coordinates': [-87.632459330772, 41.892391586446]}",,,,,,,,,,
36010e7ff966f3aa9515949ba63da910dfa0ffa27bda3a6ead27fd5992ce3bd6776df6bf2190e4fcd105614edd1c72773d9302dad6af1f50b809681b9e83d966,2025-08-09T20:31:00.000,30,NO CONTROLS,NO CONTROLS,CLEAR,"DARKNESS, LIGHTED ROAD",FIXED OBJECT,NOT DIVIDED,STRAIGHT AND LEVEL,DRY,NO DEFECTS,ON SCENE,INJURY AND / OR TOW DUE TO CRASH,,"OVER $1,500",2025-08-09T21:07:00.000,UNABLE TO DETERMINE,UNABLE TO DETERMINE,6334,S,HALSTED ST,723,1,INCAPACITATING INJURY,1,0,1,0,0,0,0,20,7,8,41.7786950655,-87.6449075056,"{'type': 'Point', 'coordinates': [-87.644907505613, 41.77869506549]}",Y,,,,,,,,,
306c4fcae8b40d75adb773ef572750f739b9c5a27e184edd066e57b77e3d6ba91653ad3c659d2632f5f4507450c1cafc9693d98ed6efc4f2f3410df7555f2cda,2025-08-09T20:30:00.000,20,NO CONTROLS,NO CONTROLS,CLEAR,"DARKNESS, LIGHTED ROAD",PARKED MOTOR VEHICLE,NOT DIVIDED,STRAIGHT AND LEVEL,DRY,UNKNOWN,ON SCENE,NO INJURY / DRIVE AWAY,,"$501 - $1,500",2025-08-09T20:46:00.000,FAILING TO REDUCE SPEED TO AVOID CRASH,UNABLE TO DETERMINE,8719,W,FOSTER AVE,1614,2,NO INDICATION OF INJURY,0,0,0,0,0,2,0,20,7,8,41.9736192211,-87.8447477738,"{'type': 'Point', 'coordinates': [-87.844747773759, 41.97361922114]}",,Y,,,,,,,,
8f8826971ae4078e6be0bb4f3aaf5b72594510aa6d98619c475dfb59eab5f610bd89484a6b05a635d32f619f930dd59007f4a8371c7ce47c3213da81f84cc58a,2025-08-09T20:30:00.000,30,TRAFFIC SIGNAL,FUNCTIONING PROPERLY,CLEAR,"DARKNESS, LIGHTED ROAD",PEDESTRIAN,DIVIDED - W/MEDIAN (NOT RAISED),STRAIGHT AND LEVEL,DRY,NO DEFECTS,NOT ON SCENE (DESK REPORT),INJURY AND / OR TOW DUE TO CRASH,Y,$500 OR LESS,2025-08-10T18:40:00.000,UNABLE TO DETERMINE,UNABLE TO DETERMINE,7900,S,ASHLAND AVE,611,2,"REPORTED, NOT EVIDENT",1,0,0,0,1,1,0,20,7,8,41.7502622404,-87.6635801171,"{'type': 'Point', 'coordinates': [-87.663580117092, 41.750262240415]}",,,Y,,,,,,,
9c2d27da4b26c0cb8fb24fd787a44af6bea0d4c04ff3297069aa77230df93e1250c89e01001c21f8950efe2f4ca8dfa4db0e19b497548e450ed542d75cdae88e,2025-08-09T20:30:00.000,30,TRAFFIC SIGNAL,FUNCTIONING PROPERLY,CLEAR,"DARKNESS, LIGHTED ROAD",REAR END,FOUR WAY,STRAIGHT AND LEVEL,DRY,NO DEFECTS,NOT ON SCENE (DESK REPORT),NO INJURY / DRIVE AWAY,Y,"OVER $1,500",2025-08-10T00:15:00.000,UNABLE TO DETERMINE,UNABLE TO DETERMINE,2002,N,CICERO AVE,2522,2,NO INDICATION OF INJURY,0,0,0,0,0,2,0,20,7,8,41.9170318244,-87.7462637183,"{'type': 'Point', 'coordinates': [-87.746263718306, 41.917031824409]}",,,,,,,,,,
e7d2a075a7d25ab004d14a11e3bbe05ea8d9be952b31d7f983c2082d35b373aeca18a9a33edeaf8e8c030e4a1a1a5c3567db325ac3dbac56b7afc189203dab5d,2025-08-09T20:26:00.000,30,NO CONTROLS,NO CONTROLS,CLEAR,DARKNESS,ANGLE,NOT DIVIDED,STRAIGHT AND LEVEL,DRY,NO DEFECTS,ON SCENE,INJURY AND / OR TOW DUE TO CRASH,Y,"OVER $1,500",2025-08-09T20:51:00.000,FAILING TO YIELD RIGHT-OF-WAY,UNABLE TO DETERMINE,13000,S,EVANS AVE,533,2,NONINCAPACITATING INJURY,4,0,0,4,0,0,0,20,7,8,41.6591296231,-87.6035523001,"{'type': 'Point', 'coordinates': [-87.603552300143, 41.659129623085]}",,,,,,,,,,
89785a32ea2c79734596002a3034bc08c6a692b703c854047e47b14124211b729cc441923e1f94cf29d70aedcd691488f694dc969f114a9ed5df69a19d1f51b9,2025-08-09T20:20:00.000,30,TRAFFIC SIGNAL,FUNCTIONING PROPERLY,CLEAR,"DARKNESS, LIGHTED ROAD",REAR END,DIVIDED - W/MEDIAN (NOT RAISED),STRAIGHT AND LEVEL,DRY,NO DEFECTS,NOT ON SCENE (DESK REPORT),NO INJURY / DRIVE AWAY,,"OVER $1,500",2025-08-09T21:20:00.000,UNABLE TO DETERMINE,NOT APPLICABLE,4385,S,ARCHER AVE,821,2,NO INDICATION OF INJURY,0,0,0,0,0,2,0,20,7,8,41.8136949509,-87.7046580154,"{'type': 'Point', 'coordinates': [-87.704658015436, 41.813694950921]}",,,,,,,,,,
dca659c9e472d77a326bd215aafd367073c51518cfa79f0110d446624da494d6bbcf647a53fbdd0e45a1dda1501ba3e7e2856487ef5297b6cd3e3001d2e8224b,2025-08-09T20:19:00.000,15,NO CONTROLS,NO CONTROLS,CLEAR,"DARKNESS, LIGHTED ROAD",PARKED MOTOR VEHICLE,ALLEY,STRAIGHT AND LEVEL,DRY,NO DEFECTS,ON SCENE,INJURY AND / OR TOW DUE TO CRASH,,"OVER $1,500",2025-08-09T20:19:00.000,PHYSICAL CONDITION OF DRIVER,FAILING TO REDUCE SPEED TO AVOID CRASH,5513,S,MASON AVE,811,2,NO INDICATION OF INJURY,0,0,0,0,0,1,0,20,7,8,41.7921362695,-87.7706835972,"{'type': 'Point', 'coordinates': [-87.770683597152, 41.792136269513]}",,,,,,,,,,
386051855cf825a35af8fd7423b4e8408d34c3bd5ea81137e3a2f34c10c4e95654f296f38e716fd6a3c78711ba21c18f4907badd828cbcc58d3d0549ee985746,2025-08-09T20:15:00.000,30,TRAFFIC SIGNAL,FUNCTIONING PROPERLY,CLEAR,"DARKNESS, LIGHTED ROAD",TURNING,CENTER TURN LANE,STRAIGHT AND LEVEL,UNKNOWN,UNKNOWN,NOT ON SCENE (DESK REPORT),NO INJURY / DRIVE AWAY,Y,"OVER $1,500",2025-08-09T23:00:00.000,IMPROPER TURNING/NO SIGNAL,NOT APPLICABLE,6460,W,FULLERTON AVE,2512,2,NO INDICATION OF INJURY,0,0,0,0,0,4,0,20,7,8,41.9237693534,-87.787626099,"{'type': 'Point', 'coordinates': [-87.787626098972, 41.923769353437]}",,,,,,,,,,
3001efd8f94f6db71f411e9fc41eb3982994dba8adf26a40197204c80252cf72055505365979d29929fa680653c8d420c5f2463e23fea92e49804dc77741cdd7,2025-08-09T20:10:00.000,30,NO CONTROLS,NO CONTROLS,CLEAR,DUSK,PARKED MOTOR VEHICLE,NOT DIVIDED,STRAIGHT AND LEVEL,DRY,NO DEFECTS,ON SCENE,INJURY AND / OR TOW DUE TO CRASH,,"OVER $1,500",2025-08-09T20:12:00.000,PHYSICAL CONDITION OF DRIVER,NOT APPLICABLE,4054,N,CENTRAL AVE,1624,2,NO INDICATION OF INJURY,0,0,0,0,0,1,0,20,7,8,41.9548023518,-87.7672002782,"{'type': 'Point', 'coordinates': [-87.767200278221, 41.954802351849]}",,,,,Y,,,,,
e3fd0753a0f32c28d8b8427e554362b1fbcd1ed809510ef7a4f17f470d1d5415fbdc15921a2ef68d846dcc264fcf560489da086d8bcdcfe439829095e86f5dc2,2025-08-09T20:03:00.000,20,NO CONTROLS,NO CONTROLS,CLEAR,DARKNESS,PARKED MOTOR VEHICLE,OTHER,STRAIGHT AND LEVEL,DRY,NO DEFECTS,,INJURY AND / OR TOW DUE TO CRASH,,"OVER $1,500",2025-08-09T20:09:00.000,FAILING TO REDUCE SPEED TO AVOID CRASH,NOT APPLICABLE,1736,N,KEELER AVE,2534,3,NONINCAPACITATING INJURY,1,0,0,1,0,0,0,20,7,8,41.9127218137,-87.7314526034,"{'type': 'Point', 'coordinates': [-87.73145260343, 41.912721813654]}",,,,,,,,,,
60d1ac386de504755cde61ac4a39c275b20d3a0c8c16dd2244f783aaa31025c4cc1a13b8636413676281202f5fd036dca0cfcda063395069bc180a5a9391922c,2025-08-09T20:01:00.000,30,TRAFFIC SIGNAL,FUNCTIONING PROPERLY,CLEAR,DAYLIGHT,REAR END,DIVIDED - W/MEDIAN BARRIER,STRAIGHT AND LEVEL,DRY,NO DEFECTS,NOT ON SCENE (DESK REPORT),NO INJURY / DRIVE AWAY,Y,"$501 - $1,500",2025-08-10T15:30:00.000,UNABLE TO DETERMINE,NOT APPLICABLE,333,S,LAKE SHORE DR NB,114,2,NO INDICATION OF INJURY,0,0,0,0,0,2,0,20,7,8,41.8775810408,-87.6170347982,"{'type': 'Point', 'coordinates': [-87.617034798154, 41.877581040782]}",,,,,,,,,,
379a5faafbc859eef0561de2e0170401372e16eda9f8f59f028499156026b076df199d99fde4c3ba4b391cc68dece390173124170891bb37f3ca8d368ac905d3,2025-08-09T20:00:00.000,25,NO CONTROLS,NO CONTROLS,CLEAR,"DARKNESS, LIGHTED ROAD",PARKED MOTOR VEHICLE,ONE-WAY,STRAIGHT AND LEVEL,DRY,NO DEFECTS,ON SCENE,NO INJURY / DRIVE AWAY,,"OVER $1,500",2025-08-10T12:11:00.000,UNABLE TO DETERMINE,UNABLE TO DETERMINE,4316,W,14TH ST,1011,2,NO INDICATION OF INJURY,0,0,0,0,0,1,0,20,7,8,41.8625148785,-87.7331989798,"{'type': 'Point', 'coordinates': [-87.733198979833, 41.862514878472]}",,,Y,,,,,,,
e312ee5afd57b8a0ebb79791308bc36d47de00eb59844ef70b5bcf8289633ce4595bb453e4c48b6c9ead977636fdae35265003f949e6a7d95122a251f60d2533,2025-08-09T20:00:00.000,30,NO CONTROLS,NO CONTROLS,CLEAR,DAYLIGHT,PARKED MOTOR VEHICLE,NOT DIVIDED,STRAIGHT AND LEVEL,DRY,NO DEFECTS,NOT ON SCENE (DESK REPORT),NO INJURY / DRIVE AWAY,,$500 OR LESS,2025-08-12T10:00:00.000,UNABLE TO DETERMINE,NOT APPLICABLE,1331,N,MONTICELLO AVE,2535,2,NO INDICATION OF INJURY,0,0,0,0,0,1,0,20,7,8,41.9055036541,-87.7177228218,"{'type': 'Point', 'coordinates': [-87.717722821819, 41.905503654148]}",,,,,Y,,,,,