crash_record_id,crash_date,posted_speed_limit,traffic_control_device,device_condition,weather_condition,lighting_condition,first_crash_type,trafficway_type,alignment,roadway_surface_cond,road_defect,report_type,crash_type,intersection_related_i,damage,date_police_notified,prim_contributory_cause,sec_contributory_cause,street_no,street_direction,street_name,beat_of_occurrence,num_units,most_severe_injury,injuries_total,injuries_fatal,injuries_incapacitating,injuries_non_incapacitating,injuries_reported_not_evident,injuries_no_indication,injuries_unknown,crash_hour,crash_day_of_week,crash_month,latitude,longitude,location,private_property_i,photos_taken_i,hit_and_run_i,statements_taken_i,crash_date_est_i,work_zone_i,work_zone_type,dooring_i,lane_cnt,workers_present_i
6ee5a162c8d080b87962f14b5c604ddb60229da31ca671c174b5cfaf04f01fc54b86e96fc399aaf36f2e4d3dd466b44e3c744bd433db4a93d73e712361c3f3e6,2025-08-09T19:59:00.000,30,STOP SIGN/FLASHER,FUNCTIONING PROPERLY,CLEAR,"DARKNESS, LIGHTED ROAD",TURNING,FOUR WAY,STRAIGHT AND LEVEL,DRY,NO DEFECTS,ON SCENE,INJURY AND / OR TOW DUE TO CRASH,Y,"OVER $1,500",2025-08-09T23:07:00.000,DISREGARDING STOP SIGN,IMPROPER TURNING/NO SIGNAL,1001,N,MASSASOIT AVE,1511,2,INCAPACITATING INJURY,2,0,2,0,0,0,0,19,7,8,41.8985391744,-87.7690248056,"{'type': 'Point', 'coordinates': [-87.769024805608, 41.898539174408]}",,,,,,,,,,
b64175172f0f403782faea6fb86e9c47e7e82332bfd3185ccc65d4709559b2d8bc9006cac0af8636f4be8fa2caf5ebc6a483c3ddad6d1fa1d43b3a066c564b9a,2025-08-09T19:44:00.000,30,NO CONTROLS,NO CONTROLS,CLEAR,DAYLIGHT,PARKED MOTOR VEHICLE,ONE-WAY,STRAIGHT AND LEVEL,DRY,NO DEFECTS,ON SCENE,NO INJURY / DRIVE AWAY,,$500 OR LESS,2025-08-09T19:46:00.000,FOLLOWING TOO CLOSELY,IMPROPER OVERTAKING/PASSING,6424,S,LOWE AVE,723,2,NO INDICATION OF INJURY,0,0,0,0,0,3,0,19,7,8,41.7772164398,-87.6409467696,"{'type': 'Point', 'coordinates': [-87.640946769615, 41.777216439777]}",,,,,,,,,,
a9c4dcbd9ac3420e6f8a94fd4ad86f7e38a7adb1ecdf5b7f47841748326368252562d87e533e05cac813b1e0fc180b3b237f31e1908d3503af05fb759f220bb4,2025-08-09T19:40:00.000,30,TRAFFIC SIGNAL,FUNCTIONING PROPERLY,CLEAR,DAYLIGHT,REAR END,NOT DIVIDED,STRAIGHT AND LEVEL,DRY,NO DEFECTS,NOT ON SCENE (DESK REPORT),NO INJURY / DRIVE AWAY,,"OVER $1,500",2025-08-09T20:32:00.000,UNABLE TO DETERMINE,UNABLE TO DETERMINE,457,N,DAMEN AVE,1221,2,NO INDICATION OF INJURY,0,0,0,0,0,2,0,19,7,8,41.890379269,-87.6767489318,"{'type': 'Point', 'coordinates': [-87.676748931808, 41.890379269014]}",,,Y,,,,,,,
b917ac42eba432ea811671f7b5cdbd80fd4ca9eb3c027a737e0aeb92607e9d618e5b0b2b107f8316a22200e723c20fcbc95ec72784fe8a51b2ee812f5d78af86,2025-08-09T19:40:00.000,30,STOP SIGN/FLASHER,OTHER,CLEAR,DUSK,TURNING,NOT DIVIDED,STRAIGHT AND LEVEL,DRY,NO DEFECTS,ON SCENE,INJURY AND / OR TOW DUE TO CRASH,Y,"OVER $1,500",2025-08-09T19:41:00.000,FAILING TO REDUCE SPEED TO AVOID CRASH,FAILING TO YIELD RIGHT-OF-WAY,200,W,HILL ST,1823,2,NONINCAPACITATING INJURY,1,0,0,1,0,2,0,19,7,8,41.9022129639,-87.6344885594,"{'type': 'Point', 'coordinates': [-87.634488559371, 41.902212963851]}",,,Y,,Y,,,,,
3ae99b6010de0572e8238b561000f6b51ba51807a270d073a969710fc5b1bfc7f7759bcb72d434c6dbc8fafa38ebcbf252d4d63d90aa356098fc999f227e1b1c,2025-08-09T19:30:00.000,30,TRAFFIC SIGNAL,FUNCTIONING PROPERLY,CLEAR,"DARKNESS, LIGHTED ROAD",TURNING,FOUR WAY,STRAIGHT AND LEVEL,DRY,UNKNOWN,NOT ON SCENE (DESK REPORT),NO INJURY / DRIVE AWAY,Y,"$501 - $1,500",2025-08-09T20:55:00.000,FOLLOWING TOO CLOSELY,FOLLOWING TOO CLOSELY,826,N,MICHIGAN AVE,1833,2,NO INDICATION OF INJURY,0,0,0,0,0,2,0,19,7,8,41.8975467251,-87.6242801868,"{'type': 'Point', 'coordinates': [-87.624280186844, 41.897546725131]}",,,,,,,,,,
e4231c6d06968cb64727b14862087c51239b6550c0958222a29dc78e3441eeded7548c41190e23c8a8eb617adf5b3495c8031b5bd10e93bf0a671241f61c9812,2025-08-09T19:25:00.000,30,TRAFFIC SIGNAL,FUNCTIONING PROPERLY,CLEAR,DUSK,PEDALCYCLIST,DIVIDED - W/MEDIAN (NOT RAISED),STRAIGHT AND LEVEL,DRY,NO DEFECTS,NOT ON SCENE (DESK REPORT),INJURY AND / OR TOW DUE TO CRASH,Y,"$501 - $1,500",2025-08-09T21:20:00.000,FAILING TO REDUCE SPEED TO AVOID CRASH,NOT APPLICABLE,2200,N,CICERO AVE,2522,2,NONINCAPACITATING INJURY,1,0,0,1,0,1,0,19,7,8,41.920673812,-87.7463594055,"{'type': 'Point', 'coordinates': [-87.746359405534, 41.920673812039]}",,,,,,,,,,
558f33ae36731846a88a6fe11d83a46747e0a6dbb9de1d69c68930658aa73f1b6d740b3479e909b4644c7087729c698e1648cb2c94ecb3d7292de94c4bbbd249,2025-08-09T19:20:00.000,30,NO CONTROLS,NO CONTROLS,CLEAR,"DARKNESS, LIGHTED ROAD",PARKED MOTOR VEHICLE,PARKING LOT,STRAIGHT AND LEVEL,DRY,NO DEFECTS,NOT ON SCENE (DESK REPORT),NO INJURY / DRIVE AWAY,,"OVER $1,500",2025-08-09T23:20:00.000,UNABLE TO DETERMINE,NOT APPLICABLE,1154,S,CLARK ST,123,2,NO INDICATION OF INJURY,0,0,0,0,0,1,0,19,7,8,41.8675710154,-87.6305864739,"{'type': 'Point', 'coordinates': [-87.630586473861, 41.867571015433]}",,,,,,,,,,
b204dee02559e39c17f55c88c86e72dece605e22a47822cb28990e448747aa21cd74944712ad974dba788d4cc8b56835c0fe3e7e5eb6c12b16c27e9906d98eea,2025-08-09T19:20:00.000,30,NO CONTROLS,NO CONTROLS,CLEAR,DAYLIGHT,PEDESTRIAN,DIVIDED - W/MEDIAN BARRIER,STRAIGHT AND LEVEL,DRY,NO DEFECTS,ON SCENE,INJURY AND / OR TOW DUE TO CRASH,,"OVER $1,500",2025-08-09T19:28:00.000,UNABLE TO DETERMINE,NOT APPLICABLE,13111,S,DANIEL DR,533,2,NONINCAPACITATING INJURY,1,0,0,1,0,1,0,19,7,8,41.6573968773,-87.6160354355,"{'type': 'Point', 'coordinates': [-87.616035435469, 41.657396877268]}",,,Y,,,,,,,
44759391231535f275cf6c2ae0cfca56f6d7fa64400cf083c5e8fb1b8d5d564807e223114955496ae8e6bfceef39d82c48ae29ffe5f9fcdd7d74af8e2e6e8164,2025-08-09T19:10:00.000,30,NO CONTROLS,NO CONTROLS,CLEAR,DAYLIGHT,REAR TO SIDE,DIVIDED - W/MEDIAN (NOT RAISED),STRAIGHT AND LEVEL,DRY,NO DEFECTS,ON SCENE,NO INJURY / DRIVE AWAY,,"OVER $1,500",2025-08-09T19:15:00.000,IMPROPER OVERTAKING/PASSING,NOT APPLICABLE,1903,W,47TH ST,931,2,NO INDICATION OF INJURY,0,0,0,0,0,2,0,19,7,8,41.8084181079,-87.6724061358,"{'type': 'Point', 'coordinates': [-87.672406135777, 41.808418107889]}",,,,,,,,,,
d7874664bd69fb8da2a28f1f5b427704fa6c3091bf91839e40285921d61ca24a0563d22c0f3aa688b9a8742c1e9443801b45db6da54deb891603d0c3d5071993,2025-08-09T19:10:00.000,30,UNKNOWN,UNKNOWN,UNKNOWN,UNKNOWN,SIDESWIPE SAME DIRECTION,NOT DIVIDED,STRAIGHT AND LEVEL,UNKNOWN,UNKNOWN,NOT ON SCENE (DESK REPORT),NO INJURY / DRIVE AWAY,,"OVER $1,500",2025-08-09T20:15:00.000,UNABLE TO DETERMINE,NOT APPLICABLE,6130,W,PALMER ST,2512,2,NO INDICATION OF INJURY,0,0,0,0,0,2,0,19,7,8,41.9202401667,-87.7793066495,"{'type': 'Point', 'coordinates': [-87.779306649479, 41.920240166695]}",,,Y,,,,,,,
069b174e397c3e0a11afd9aefe3affc0e5154894b0ab0571889edebe80e3171bcb2bf0b21437a2394867d3b683e015b868360ff767ca6fc7083fba93ff72037a,2025-08-09T19:00:00.000,5,NO CONTROLS,NO CONTROLS,CLEAR,DAYLIGHT,PARKED MOTOR VEHICLE,PARKING LOT,STRAIGHT AND LEVEL,DRY,NO DEFECTS,NOT ON SCENE (DESK REPORT),NO INJURY / DRIVE AWAY,,"OVER $1,500",2025-08-09T19:20:00.000,UNABLE TO DETERMINE,UNABLE TO DETERMINE,5058,S,HALSTED ST,933,2,NO INDICATION OF INJURY,0,0,0,0,0,1,0,19,7,8,41.8016284162,-87.6454920146,"{'type': 'Point', 'coordinates': [-87.645492014632, 41.80162841618]}",,,Y,,,,,,,
8190282ca96765a8ed68039b3c066350481ae1376f271c6b1b69a88cb9b6efca3d822ae36c2d590fa65a0b209c71ffd64afe920e4935ec421c93c13fc172b05c,2025-08-09T18:58:00.000,35,NO CONTROLS,NO CONTROLS,CLEAR,DAYLIGHT,REAR END,DIVIDED - W/MEDIAN BARRIER,STRAIGHT AND LEVEL,DRY,NO DEFECTS,ON SCENE,INJURY AND / OR TOW DUE TO CRASH,,"OVER $1,500",2025-08-09T19:17:00.000,FAILING TO REDUCE SPEED TO AVOID CRASH,UNABLE TO DETERMINE,837,W,GARFIELD BLVD,712,2,NONINCAPACITATING INJURY,1,0,0,1,0,1,0,18,7,8,41.7938048388,-87.6466100097,"{'type': 'Point', 'coordinates': [-87.646610009705, 41.793804838779]}",,,,,,,,,,
3193f725f962807d78d35a3fe909f8ac310886204cb2d2ed30ff5158385053639809b0794a971f478dd30e0d5114b875e4318b8208f42b550f4cf3d6e726bb9e,2025-08-09T18:49:00.000,15,NO CONTROLS,NO CONTROLS,CLEAR,DAYLIGHT,PARKED MOTOR VEHICLE,PARKING LOT,STRAIGHT AND LEVEL,DRY,UNKNOWN,ON SCENE,NO INJURY / DRIVE AWAY,,"OVER $1,500",2025-08-10T18:57:00.000,IMPROPER BACKING,NOT APPLICABLE,10255,W,ZEMKE RD,1654,2,NO INDICATION OF INJURY,0,0,0,0,0,1,0,18,7,8,41.9947933861,-87.8827076595,"{'type': 'Point', 'coordinates': [-87.882707659516, 41.994793386112]}",,,Y,,,,,,,
4bbc06a21d47ca0520313a7252aa5630a727068f94f929b1b41a6060f99e982fe03dc5792b374603cf707688efb4dbdd3b6b00433ea18f6add90fc94f597d837,2025-08-09T18:45:00.000,30,STOP SIGN/FLASHER,NO CONTROLS,CLEAR,DAYLIGHT,REAR END,ONE-WAY,STRAIGHT AND LEVEL,DRY,NO DEFECTS,NOT ON SCENE (DESK REPORT),NO INJURY / DRIVE AWAY,,"OVER $1,500",2025-08-09T19:15:00.000,IMPROPER BACKING,UNABLE TO DETERMINE,2801,W,SHAKESPEARE AVE,1414,2,NO INDICATION OF INJURY,0,0,0,0,0,2,0,18,7,8,41.9205329683,-87.6973593377,"{'type': 'Point', 'coordinates': [-87.697359337662, 41.920532968315]}",,,,,,,,,,
2f6d2225df58fd5ba9e89c4ac7d3088e2c9b8667f1d60868986968c9b9ad0a46e579ee1f590c33abdf3290e5780613d065aa37715484b94f730a1e8f93077175,2025-08-09T18:30:00.000,30,NO CONTROLS,NO CONTROLS,CLEAR,DAYLIGHT,PARKED MOTOR VEHICLE,NOT DIVIDED,STRAIGHT AND LEVEL,DRY,NO DEFECTS,NOT ON SCENE (DESK REPORT),NO INJURY / DRIVE AWAY,,"OVER $1,500",2025-08-09T19:20:00.000,IMPROPER OVERTAKING/PASSING,UNABLE TO DETERMINE,5364,N,MILWAUKEE AVE,1622,2,NO INDICATION OF INJURY,0,0,0,0,0,1,0,18,7,8,41.9782547991,-87.7702776519,"{'type': 'Point', 'coordinates': [-87.770277651877, 41.97825479907]}",,,Y,,,,,,,
786f3f71451533901ed20385a1e841e51815b2d228fccbe1f359fb8058bb84065011ae88cca51fcbab75920c1012334c0856a3fa3712c8422215b3c4d7d5ecc2,2025-08-09T18:29:00.000,30,UNKNOWN,UNKNOWN,UNKNOWN,UNKNOWN,REAR END,FOUR WAY,STRAIGHT AND LEVEL,UNKNOWN,UNKNOWN,NOT ON SCENE (DESK REPORT),NO INJURY / DRIVE AWAY,,"OVER $1,500",2025-08-09T18:29:00.000,UNABLE TO DETERMINE,NOT APPLICABLE,3158,N,CICERO AVE,2521,2,NO INDICATION OF INJURY,0,0,0,0,0,2,0,18,7,8,41.9387793535,-87.7470198347,"{'type': 'Point', 'coordinates': [-87.747019834651, 41.938779353481]}",,,,,,,,,,
0810fedf523465da14bcd754358508a7f19342da400a8464b9179f29b94f19c030ef8441268587c7cd268ca3cc98ea70b25c6043df195949447f60d4af66e31b,2025-08-09T18:25:00.000,30,TRAFFIC SIGNAL,FUNCTIONING PROPERLY,CLEAR,DAYLIGHT,TURNING,FOUR WAY,STRAIGHT AND LEVEL,DRY,UNKNOWN,NOT ON SCENE (DESK REPORT),NO INJURY / DRIVE AWAY,Y,"OVER $1,500",2025-08-09T19:00:00.000,UNABLE TO DETERMINE,UNABLE TO DETERMINE,9506,S,COTTAGE GROVE AVE,511,2,NO INDICATION OF INJURY,0,0,0,0,0,6,0,18,7,8,41.7218086738,-87.6033839222,"{'type': 'Point', 'coordinates': [-87.603383922247, 41.721808673771]}",,,,,,,,,,
b2c815d155a5538ef3a4f1fd56b7769055d9dc854fab63fac6385075861d8e926ac38fa0b0a9d5b6fab025285699f744facf35da44565f7ef8181090c06eaab1,2025-08-09T18:24:00.000,30,TRAFFIC SIGNAL,FUNCTIONING PROPERLY,CLEAR,DAYLIGHT,TURNING,FOUR WAY,STRAIGHT AND LEVEL,DRY,NO DEFECTS,NOT ON SCENE (DESK REPORT),NO INJURY / DRIVE AWAY,Y,"OVER $1,500",2025-08-09T18:50:00.000,UNABLE TO DETERMINE,NOT APPLICABLE,11898,S,MARSHFIELD AVE,2234,2,NO INDICATION OF INJURY,0,0,0,0,0,2,0,18,7,8,41.6776031411,-87.6626183739,"{'type': 'Point', 'coordinates': [-87.66261837386, 41.677603141088]}",,,Y,,,,,,,
7ca7c6768e8acbad6e7200d32b49e5dc7db7ba6eac4a0335880bae27a7c497c8976cab3e65d49b6431f2d16adc420c19c2ef81f67a34e1326b210f5d021bdf38,2025-08-09T18:20:00.000,30,UNKNOWN,UNKNOWN,CLEAR,DAYLIGHT,PARKED MOTOR VEHICLE,UNKNOWN,STRAIGHT AND LEVEL,UNKNOWN,UNKNOWN,NOT ON SCENE (DESK REPORT),NO INJURY / DRIVE AWAY,,"OVER $1,500",2025-08-09T19:25:00.000,UNABLE TO DETERMINE,UNABLE TO DETERMINE,505,N,MICHIGAN AVE,1834,2,NO INDICATION OF INJURY,0,0,0,0,0,2,0,18,7,8,41.891120593,-87.6239887043,"{'type': 'Point', 'coordinates': [-87.623988704323, 41.891120593049]}",,,,,,,,,,
7769e7e44dd8400fd90abdcf4a6dfadaadafe679547e644236c4f9eacff157bf0d802020d0ad58a9a6cbe3ff8decb76b926575db7ffa15553ba13e08adc12e67,2025-08-09T18:18:00.000,30,NO CONTROLS,NO CONTROLS,CLEAR,DAYLIGHT,PARKED MOTOR VEHICLE,ONE-WAY,STRAIGHT AND LEVEL,DRY,NO DEFECTS,ON SCENE,NO INJURY / DRIVE AWAY,,"OVER $1,500",2025-08-09T18:27:00.000,IMPROPER LANE USAGE,NOT APPLICABLE,3939,S,DR MARTIN LUTHER KING JR DR,214,2,NO INDICATION OF INJURY,0,0,0,0,0,1,0,18,7,8,41.8227108521,-87.6168203398,"{'type': 'Point', 'coordinates': [-87.616820339781, 41.8227108521]}",,,,,,,,,,
72e1c6bbf699f7d015b9be24c9af608373ee956fa4c5d2b29f5763d7a4080e1633242a1a4e4d7f37f920e56b407c764b7c14afa0e7f3c2aad6f487712e4ab725,2025-08-09T18:15:00.000,30,UNKNOWN,UNKNOWN,CLEAR,DAWN,ANGLE,FOUR WAY,STRAIGHT AND LEVEL,UNKNOWN,UNKNOWN,NOT ON SCENE (DESK REPORT),INJURY AND / OR TOW DUE TO CRASH,Y,"OVER $1,500",2025-08-09T19:15:00.000,FAILING TO YIELD RIGHT-OF-WAY,NOT APPLICABLE,5500,S,PRAIRIE AVE,231,2,NO INDICATION OF INJURY,0,0,0,0,0,3,0,18,7,8,41.7943920855,-87.6193626225,"{'type': 'Point', 'coordinates': [-87.619362622546, 41.794392085533]}",,,,Y,,,,,,
c1de1459a7bf1d9552d2cb50c9abf92084137b0ffd8f0da440a5ab90bea3e5aad6d1ce0a1e1e6ce4baac18f02cf3ce1cffcba3dde81ba1f42f3be241e5fdf070,2025-08-09T18:15:00.000,30,NO CONTROLS,NO CONTROLS,CLEAR,DAYLIGHT,SIDESWIPE SAME DIRECTION,DIVIDED - W/MEDIAN (NOT RAISED),STRAIGHT AND LEVEL,DRY,NO DEFECTS,NOT ON SCENE (DESK REPORT),NO INJURY / DRIVE AWAY,,"OVER $1,500",2025-08-09T18:40:00.000,UNABLE TO DETERMINE,UNABLE TO DETERMINE,2505,E,79TH ST,422,2,NO INDICATION OF INJURY,0,0,0,0,0,2,0,18,7,8,41.7516567149,-87.5635765338,"{'type': 'Point', 'coordinates': [-87.563576533769, 41.751656714902]}",,,,,,,,,,
d79f61ff477e252ce0951860387304622c11e36d4f0a10d8cf05a55f3be09e402f709fa8c332e47983a6be9725a3930a292975a375199bc848409ffa871d5544,2025-08-09T18:08:00.000,30,NO CONTROLS,UNKNOWN,CLEAR,DAYLIGHT,TURNING,NOT DIVIDED,STRAIGHT AND LEVEL,DRY,UNKNOWN,NOT ON SCENE (DESK REPORT),NO INJURY / DRIVE AWAY,,"OVER $1,500",2025-08-10T13:15:00.000,FAILING TO YIELD RIGHT-OF-WAY,DRIVING SKILLS/KNOWLEDGE/EXPERIENCE,3021,N,HALSTED ST,1934,2,NO INDICATION OF INJURY,0,0,0,0,0,2,0,18,7,8,41.9370197008,-87.6490174699,"{'type': 'Point', 'coordinates': [-87.64901746994, 41.937019700789]}",,,Y,Y,,,,,,
1bccd556e13e38127179a10eb5c389afae0ce3c3f1e244838754291dc5ba26b90d4ed38b55b292afef886dafe5026f67c99d8cf57ceb95aa54874affb8cd4690,2025-08-09T18:02:00.000,30,NO CONTROLS,NO CONTROLS,CLEAR,DAYLIGHT,TURNING,FOUR WAY,STRAIGHT AND LEVEL,DRY,NO DEFECTS,ON SCENE,INJURY AND / OR TOW DUE TO CRASH,,"OVER $1,500",2025-08-09T20:22:00.000,IMPROPER TURNING/NO SIGNAL,UNABLE TO DETERMINE,11138,S,HALSTED ST,2233,3,NONINCAPACITATING INJURY,1,0,0,1,0,3,0,18,7,8,41.6911897667,-87.6424937576,"{'type': 'Point', 'coordinates': [-87.642493757593, 41.691189766677]}",,N,,N,Y,,,,,
31e4fbbfbe369645ae52c9e4c66c66a006f407d53a39dcc69ee9c14ae6c4dc9bc6c95de0e1aabbb57d26ddbcd1e3d0497e1d4537eaf90e13f7c034b03a1097c6,2025-08-09T17:58:00.000,30,NO CONTROLS,NO CONTROLS,CLEAR,DAYLIGHT,PARKED MOTOR VEHICLE,NOT DIVIDED,STRAIGHT AND LEVEL,DRY,NO DEFECTS,NOT ON SCENE (DESK REPORT),NO INJURY / DRIVE AWAY,,"OVER $1,500",2025-08-09T18:35:00.000,UNABLE TO DETERMINE,NOT APPLICABLE,2317,N,MILWAUKEE AVE,1414,2,NO INDICATION OF INJURY,0,0,0,0,0,1,0,17,7,8,41.9234345838,-87.6979791452,"{'type': 'Point', 'coordinates': [-87.697979145178, 41.923434583824]}",,,Y,,,,,,,
7ab5bbdc366a9dfa9794c55d7453f1c1da74ffe6d222ccab51f8b5846a2737cc5677eb07301e8cf60a073f925d3231cf188c603432b118d127d35beed07c2b40,2025-08-09T17:54:00.000,30,TRAFFIC SIGNAL,FUNCTIONING PROPERLY,CLEAR,DAYLIGHT,REAR END,DIVIDED - W/MEDIAN BARRIER,STRAIGHT AND LEVEL,DRY,NO DEFECTS,NOT ON SCENE (DESK REPORT),INJURY AND / OR TOW DUE TO CRASH,,"OVER $1,500",2025-08-09T18:21:00.000,FOLLOWING TOO CLOSELY,NOT APPLICABLE,8300,S,WESTERN AVE,835,2,NONINCAPACITATING INJURY,1,0,0,1,0,1,0,17,7,8,41.7427279656,-87.6828247929,"{'type': 'Point', 'coordinates': [-87.68282479295, 41.742727965581]}",,,,,,,,,,
4c725b5132afef6fab0c16b0a6042b69ecec6206df2f6eb2fa14340a9eb321eb58f7e79429d154b3035f8d5310fc5d9cfec0c6eee20d5b90fa29ddc4723533e4,2025-08-09T17:53:00.000,30,STOP SIGN/FLASHER,FUNCTIONING PROPERLY,CLEAR,DAYLIGHT,REAR END,FOUR WAY,STRAIGHT AND LEVEL,DRY,NO DEFECTS,ON SCENE,NO INJURY / DRIVE AWAY,Y,"OVER $1,500",2025-08-09T17:55:00.000,FOLLOWING TOO CLOSELY,NOT APPLICABLE,4900,S,WOLCOTT AVE,931,2,NO INDICATION OF INJURY,0,0,0,0,0,2,0,17,7,8,41.8048830624,-87.6723112867,"{'type': 'Point', 'coordinates': [-87.672311286728, 41.804883062379]}",,,Y,,,,,,,
8161a1205ac19ad4f4fddf8ad427129576d3c8a47ffc20727d675ea9e0ba74ec7de9c66027d44fe8f6a556a6e1aac17db9dde2d16b977b05c761933bdbd51e87,2025-08-09T17:52:00.000,30,TRAFFIC SIGNAL,FUNCTIONING PROPERLY,CLEAR,DAYLIGHT,TURNING,"FIVE POINT, OR MORE",STRAIGHT AND LEVEL,DRY,NO DEFECTS,ON SCENE,INJURY AND / OR TOW DUE TO CRASH,Y,"$501 - $1,500",2025-08-09T18:00:00.000,FAILING TO YIELD RIGHT-OF-WAY,FAILING TO YIELD RIGHT-OF-WAY,799,W,GRAND AVE,1214,2,NO INDICATION OF INJURY,0,0,0,0,0,3,0,17,7,8,41.8910758893,-87.6475272401,"{'type': 'Point', 'coordinates': [-87.647527240137, 41.891075889311]}",,,,,,,,,,
320922854c2b011a7094f66f474e9e30f66aa6daae20b05847f952f04a5b09d5f0e85bc3e08dc771cf12eadc326b66093ed6c2aa545d6bfdb9f2d7cd3ded493c,2025-08-09T17:50:00.000,30,NO CONTROLS,NO CONTROLS,CLEAR,DAYLIGHT,REAR END,NOT DIVIDED,STRAIGHT AND LEVEL,UNKNOWN,UNKNOWN,NOT ON SCENE (DESK REPORT),NO INJURY / DRIVE AWAY,,"OVER $1,500",2025-08-09T18:19:00.000,UNABLE TO DETERMINE,UNABLE TO DETERMINE,3426,W,LAKE ST,1123,2,NO INDICATION OF INJURY,0,0,0,0,0,4,0,17,7,8,41.884809493,-87.7122146366,"{'type': 'Point', 'coordinates': [-87.712214636637, 41.884809492967]}",,,N,,,,,,,
fb670e5ed1e24bb56779896895070b77c3326d3219793da1e2b48359e0ecbf46387a915e0b8005da49f968c2095f30546366920dd4df785c306fc49e9ebe7970,2025-08-09T17:45:00.000,20,NO CONTROLS,NO CONTROLS,CLEAR,DAYLIGHT,PARKED MOTOR VEHICLE,ONE-WAY,STRAIGHT AND LEVEL,DRY,NO DEFECTS,ON SCENE,NO INJURY / DRIVE AWAY,,"OVER $1,500",2025-08-09T18:15:00.000,UNABLE TO DETERMINE,NOT APPLICABLE,826,W,ROSCOE ST,1924,2,NO INDICATION OF INJURY,0,0,0,0,0,1,0,17,7,8,41.9437123204,-87.6504431442,"{'type': 'Point', 'coordinates': [-87.650443144158, 41.943712320395]}",,,N,,,,,,,
172a108cccbcc0d0c2d13f5c5e10603f34c28a0f9df753ce484bcf33bdc109fc7d6c7cc1b257f15f0df82a403d854d0ef00901cb2772767ecc49e0ac522329f9,2025-08-09T17:30:00.000,25,NO CONTROLS,NO CONTROLS,CLEAR,DAYLIGHT,SIDESWIPE SAME DIRECTION,NOT DIVIDED,STRAIGHT AND LEVEL,DRY,NO DEFECTS,NOT ON SCENE (DESK REPORT),NO INJURY / DRIVE AWAY,,"OVER $1,500",2025-08-11T12:46:00.000,NOT APPLICABLE,NOT APPLICABLE,724,S,LARAMIE AVE,1522,2,NO INDICATION OF INJURY,0,0,0,0,0,4,0,17,7,8,41.8712988947,-87.754884807,"{'type': 'Point', 'coordinates': [-87.754884806992, 41.871298894715]}",,,,,Y,,,,,
44e96ceb29bd3bc70ee02fcc566be9383b6b974ec1942267d5359c48a6e500abc0629eebdd63fc0dc1544fee5117dcb65e505a3ebd630ca62bc1d0e69734f635,2025-08-09T17:30:00.000,25,TRAFFIC SIGNAL,FUNCTIONING PROPERLY,CLEAR,DAYLIGHT,REAR END,FOUR WAY,STRAIGHT AND LEVEL,DRY,NO DEFECTS,NOT ON SCENE (DESK REPORT),NO INJURY / DRIVE AWAY,,"$501 - $1,500",2025-08-09T17:50:00.000,FAILING TO REDUCE SPEED TO AVOID CRASH,FAILING TO REDUCE SPEED TO AVOID CRASH,8058,S,HALSTED ST,621,2,NO INDICATION OF INJURY,0,0,0,0,0,3,0,17,7,8,41.7470860989,-87.6440843829,"{'type': 'Point', 'coordinates': [-87.64408438293, 41.747086098941]}",,,Y,,,,,,,
eee3a4ed8353059178c8c1cc565c39c025c30e8a4a063d84fae637b1b4a4c402534905701b85b0725c32b9dfe1cd5295310a1ce603e6b2c8c0b352914c6a2698,2025-08-09T17:09:00.000,20,NO CONTROLS,NO CONTROLS,CLEAR,DAYLIGHT,OTHER NONCOLLISION,OTHER,STRAIGHT AND LEVEL,DRY,UNKNOWN,ON SCENE,INJURY AND / OR TOW DUE TO CRASH,,"OVER $1,500",2025-08-09T17:10:00.000,NOT APPLICABLE,NOT APPLICABLE,1830,S,KEELER AVE,1012,1,NONINCAPACITATING INJURY,1,0,0,1,0,0,0,17,7,8,41.8560931762,-87.7299064703,"{'type': 'Point', 'coordinates': [-87.729906470277, 41.856093176224]}",Y,,,,,,,,,
f1174509f65768ad27388e4b801b2dd0f8dcee9d8a17d109d5689abea92f6473c8839108b2e13fa689d05bad284ae05f576d66b4d69b8c40ff71816a55b41d50,2025-08-09T17:09:00.000,30,NO CONTROLS,NO CONTROLS,CLEAR,DAYLIGHT,TURNING,NOT DIVIDED,STRAIGHT AND LEVEL,DRY,UNKNOWN,ON SCENE,INJURY AND / OR TOW DUE TO CRASH,Y,"OVER $1,500",2025-08-09T17:11:00.000,IMPROPER TURNING/NO SIGNAL,IMPROPER TURNING/NO SIGNAL,1302,W,CHICAGO AVE,1213,2,"REPORTED, NOT EVIDENT",1,0,0,0,1,2,0,17,7,8,41.8962958238,-87.6600891379,"{'type': 'Point', 'coordinates': [-87.660089137904, 41.896295823774]}",,,,,,,,,,
b836e660316e46d94784cab0f9465cee72a9c1090303d0d517396ff1d69665f367d5de4e6e565b9d3e4cfcac675bdb1d040c015c297640ab4a8b5112bd64c553,2025-08-09T17:05:00.000,30,TRAFFIC SIGNAL,FUNCTIONING PROPERLY,CLEAR,DAYLIGHT,SIDESWIPE SAME DIRECTION,FOUR WAY,STRAIGHT ON GRADE,UNKNOWN,UNKNOWN,NOT ON SCENE (DESK REPORT),NO INJURY / DRIVE AWAY,Y,"OVER $1,500",2025-08-09T18:00:00.000,DRIVING SKILLS/KNOWLEDGE/EXPERIENCE,DRIVING SKILLS/KNOWLEDGE/EXPERIENCE,801,W,103RD ST,2232,2,NO INDICATION OF INJURY,0,0,0,0,0,3,0,17,7,8,41.7068067959,-87.6428925697,"{'type': 'Point', 'coordinates': [-87.642892569666, 41.706806795936]}",,,,,,,,,,