crash_record_id,crash_date,posted_speed_limit,traffic_control_device,device_condition,weather_condition,lighting_condition,first_crash_type,trafficway_type,alignment,roadway_surface_cond,road_defect,report_type,crash_type,intersection_related_i,damage,date_police_notified,prim_contributory_cause,sec_contributory_cause,street_no,street_direction,street_name,beat_of_occurrence,num_units,most_severe_injury,injuries_total,injuries_fatal,injuries_incapacitating,injuries_non_incapacitating,injuries_reported_not_evident,injuries_no_indication,injuries_unknown,crash_hour,crash_day_of_week,crash_month,latitude,longitude,location,private_property_i,photos_taken_i,hit_and_run_i,statements_taken_i,crash_date_est_i,work_zone_i,work_zone_type,dooring_i,lane_cnt,workers_present_i
06d4a193f16f01aabacbdea9bbc8ea3df05fc8e6f4864aade12764d740f04721655a146639c06df8d930dd6bbd3dcfcfe7aebabbda2199449c2eaf47fcf8299a,2025-08-09T17:00:00.000,30,NO CONTROLS,NO CONTROLS,CLEAR,DAYLIGHT,TURNING,NOT DIVIDED,STRAIGHT AND LEVEL,DRY,NO DEFECTS,NOT ON SCENE (DESK REPORT),NO INJURY / DRIVE AWAY,,"OVER $1,500",2025-08-09T19:00:00.000,IMPROPER TURNING/NO SIGNAL,UNABLE TO DETERMINE,540,N,FAIRBANKS CT,1834,2,NO INDICATION OF INJURY,0,0,0,0,0,2,0,17,7,8,41.8922703553,-87.6203925423,"{'type': 'Point', 'coordinates': [-87.620392542301, 41.892270355275]}",,,,,,,,,,
1c1689eb6aff519bb0987e5de2f4ba173130a55a8c6f022a2f80c2fcc82da11dc6f4e20821988d48b36953b52a72cb1396b831c7971cd9d0fa77e387d5768b9b,2025-08-09T17:00:00.000,15,STOP SIGN/FLASHER,FUNCTIONING PROPERLY,CLEAR,DAYLIGHT,ANGLE,FOUR WAY,STRAIGHT AND LEVEL,DRY,NO DEFECTS,ON SCENE,INJURY AND / OR TOW DUE TO CRASH,,"OVER $1,500",2025-08-09T17:00:00.000,FAILING TO YIELD RIGHT-OF-WAY,NOT APPLICABLE,8600,S,MUSKEGON AVE,423,2,"REPORTED, NOT EVIDENT",1,0,0,0,1,1,0,17,7,8,41.7390596369,-87.5552526276,"{'type': 'Point', 'coordinates': [-87.555252627639, 41.739059636916]}",,,Y,,,,,,,
a1c24f2e9028c744ef8ee048da1fbcb223a15e1780a73bd8d9df1df20a14741ece31a015d7932d2c44b351ce6bf5c25016b43ed75c0203bb0eb90cee35d4a168,2025-08-09T17:00:00.000,30,NO CONTROLS,NO CONTROLS,CLEAR,DAYLIGHT,PARKED MOTOR VEHICLE,DIVIDED - W/MEDIAN BARRIER,STRAIGHT AND LEVEL,DRY,NO DEFECTS,ON SCENE,INJURY AND / OR TOW DUE TO CRASH,,"OVER $1,500",2025-08-10T08:00:00.000,NOT APPLICABLE,NOT APPLICABLE,5532,W,FULLERTON AVE,2515,3,NO INDICATION OF INJURY,0,0,0,0,0,1,0,17,7,8,41.9241056243,-87.7649047888,"{'type': 'Point', 'coordinates': [-87.764904788841, 41.924105624267]}",,,,,,,,,,
b3d4f896c19b3233f952113440cec59955d5070e82195025f865035d2e8c563a64faaa51e0eba06b72aee56c7fb56bde23a1285ecf176962feacd7835311ee07,2025-08-09T17:00:00.000,30,NO CONTROLS,NO CONTROLS,CLEAR,DAYLIGHT,SIDESWIPE SAME DIRECTION,DIVIDED - W/MEDIAN (NOT RAISED),STRAIGHT AND LEVEL,DRY,NO DEFECTS,ON SCENE,NO INJURY / DRIVE AWAY,,"$501 - $1,500",2025-08-09T17:13:00.000,FAILING TO YIELD RIGHT-OF-WAY,UNABLE TO DETERMINE,2440,W,PETERSON AVE,2413,2,NO INDICATION OF INJURY,0,0,0,0,0,2,0,17,7,8,41.9906001815,-87.6913090158,"{'type': 'Point', 'coordinates': [-87.69130901584, 41.990600181468]}",,,,,,,,,,
df52f2319814d41a876619781727e03474b97db413c6adadd8316f6296365e554ea2eea25ff7d71c6e218807194671db448fddb3d4f8f2b99d1f0bfe274269b9,2025-08-09T17:00:00.000,30,NO CONTROLS,NO CONTROLS,CLEAR,DAYLIGHT,PEDESTRIAN,ONE-WAY,STRAIGHT AND LEVEL,DRY,NO DEFECTS,NOT ON SCENE (DESK REPORT),NO INJURY / DRIVE AWAY,,$500 OR LESS,2025-08-09T18:00:00.000,IMPROPER BACKING,IMPROPER BACKING,509,E,48TH ST,223,2,NO INDICATION OF INJURY,0,0,0,0,0,2,0,17,7,8,41.8075025356,-87.61347748,"{'type': 'Point', 'coordinates': [-87.613477480045, 41.807502535623]}",,,,,,,,,,
e93024f9f8e2debd9f6b746fd9014c9c10be16c8fd86481c7418d18ae1635b39fa05516a9f8e635f39008df26bf196c02d47ae1fdaa31874e8c23e5998534274,2025-08-09T17:00:00.000,15,NO CONTROLS,NO CONTROLS,CLEAR,DAYLIGHT,PARKED MOTOR VEHICLE,ONE-WAY,STRAIGHT AND LEVEL,DRY,NO DEFECTS,NOT ON SCENE (DESK REPORT),NO INJURY / DRIVE AWAY,,"OVER $1,500",2025-08-10T14:35:00.000,UNABLE TO DETERMINE,UNABLE TO DETERMINE,5040,S,PAULINA ST,931,2,NO INDICATION OF INJURY,0,0,0,0,0,1,0,17,7,8,41.8018931839,-87.6673742788,"{'type': 'Point', 'coordinates': [-87.667374278811, 41.80189318392]}",,,Y,,,,,,,
78921bc74e2030b3a241bdf220bd1731c64bc914349b4a66afa749fcbe011f9f961bd54e93c6a7c4ab2523b055ffcf50d7a19b59887b979dab6a5809e772c790,2025-08-09T16:57:00.000,30,NO CONTROLS,NO CONTROLS,CLEAR,DAYLIGHT,TURNING,DIVIDED - W/MEDIAN (NOT RAISED),STRAIGHT AND LEVEL,DRY,NO DEFECTS,ON SCENE,INJURY AND / OR TOW DUE TO CRASH,,"OVER $1,500",2025-08-09T17:17:00.000,FAILING TO YIELD RIGHT-OF-WAY,NOT APPLICABLE,2617,W,59TH ST,824,3,NONINCAPACITATING INJURY,2,0,0,1,1,1,0,16,7,8,41.7863650149,-87.6895073852,"{'type': 'Point', 'coordinates': [-87.68950738517, 41.786365014937]}",,,,,,,,,,
88e5cb9faedde6eb0eca18a1ce6a5d662ef13fce960bdd15467f24eaf6be749b7c18f6f457a5a886935db2417f0c4b79ea98153ad8b3c44cc0c51295db5f71b7,2025-08-09T16:50:00.000,10,NO CONTROLS,NO CONTROLS,CLEAR,DAYLIGHT,PARKED MOTOR VEHICLE,PARKING LOT,STRAIGHT AND LEVEL,DRY,NO DEFECTS,NOT ON SCENE (DESK REPORT),NO INJURY / DRIVE AWAY,,"$501 - $1,500",2025-08-10T15:50:00.000,NOT APPLICABLE,NOT APPLICABLE,7905,S,CICERO AVE,834,2,NO INDICATION OF INJURY,0,0,0,0,0,2,0,16,7,8,41.7489865729,-87.7411968744,"{'type': 'Point', 'coordinates': [-87.741196874415, 41.748986572901]}",,,Y,,,,,,,
27e8838fbd3861e97ff5cb43e3cbe6164f810871d9701b7b5dcd48029eeb1a0cbef4b8df689258883014fd35bdbdf4c64dbe866edb774c74b9b3e07e7b9ebc8b,2025-08-09T16:47:00.000,40,TRAFFIC SIGNAL,FUNCTIONING PROPERLY,CLEAR,DAYLIGHT,SIDESWIPE SAME DIRECTION,DIVIDED - W/MEDIAN BARRIER,STRAIGHT AND LEVEL,DRY,NO DEFECTS,ON SCENE,NO INJURY / DRIVE AWAY,,"$501 - $1,500",2025-08-09T16:47:00.000,IMPROPER LANE USAGE,FAILING TO REDUCE SPEED TO AVOID CRASH,821,N,LAKE SHORE DR NB,1833,2,NO INDICATION OF INJURY,0,0,0,0,0,5,0,16,7,8,41.8974592767,-87.6169380583,"{'type': 'Point', 'coordinates': [-87.616938058318, 41.897459276739]}",,,,,,,,,,
ff76a31fe79703d6508ecf6db9398f28721a0b717a40e5050de27142f2f59bd7c62fe18af71f9daa65b35d990eca162ebe67ba5f093d0414d99b359514fe9a6d,2025-08-09T16:47:00.000,20,NO CONTROLS,NO CONTROLS,CLEAR,DAYLIGHT,REAR END,ONE-WAY,STRAIGHT AND LEVEL,DRY,NO DEFECTS,ON SCENE,INJURY AND / OR TOW DUE TO CRASH,,"$501 - $1,500",2025-08-09T16:47:00.000,EQUIPMENT - VEHICLE CONDITION,UNABLE TO DETERMINE,3804,W,30TH ST,1031,2,NO INDICATION OF INJURY,0,0,0,0,0,2,0,16,7,8,41.8389112807,-87.719766462,"{'type': 'Point', 'coordinates': [-87.719766461985, 41.838911280703]}",,,,,,,,,,
c5dd004c34bfb951af7266ac9aab0d3e205f00ecd5393f491fe85d821a03f3622bbfc9c89e036980d80598b51585e313426ac8ba22a3e903c61b9963826fe6d2,2025-08-09T16:35:00.000,30,NO CONTROLS,NO CONTROLS,CLEAR,DAYLIGHT,ANGLE,OTHER,STRAIGHT AND LEVEL,DRY,UNKNOWN,ON SCENE,NO INJURY / DRIVE AWAY,Y,"OVER $1,500",2025-08-09T16:40:00.000,DRIVING SKILLS/KNOWLEDGE/EXPERIENCE,NOT APPLICABLE,4520,W,WASHINGTON BLVD,1113,2,NO INDICATION OF INJURY,0,0,0,0,0,2,0,16,7,8,41.8819991846,-87.7388649192,"{'type': 'Point', 'coordinates': [-87.738864919217, 41.881999184584]}",,,,,,,,,,
2ffcbe0fe97ad086b324b6a0c6b7a4f4737d02d58c100d3b8fe93991f9e317eb3e4ce6575dbd35c40c2b98775034cbedf68852e7c35be7914f9ba438aea495a9,2025-08-09T16:32:00.000,30,TRAFFIC SIGNAL,FUNCTIONING PROPERLY,CLEAR,DAYLIGHT,ANGLE,NOT DIVIDED,STRAIGHT AND LEVEL,DRY,NO DEFECTS,ON SCENE,NO INJURY / DRIVE AWAY,,"OVER $1,500",2025-08-09T16:53:00.000,FAILING TO YIELD RIGHT-OF-WAY,FAILING TO REDUCE SPEED TO AVOID CRASH,4500,W,MADISON ST,1113,2,NO INDICATION OF INJURY,0,0,0,0,0,2,0,16,7,8,41.8806910757,-87.7380381315,"{'type': 'Point', 'coordinates': [-87.738038131465, 41.880691075693]}",,,Y,,,,,,,
02f41875f9d134a2a0fda15b2faa7e5fda6a9ae836d74c51445debf6e30311aa1468b375c169e0b5bda1075f8517f46f262680d09005489092a1e7d9b239368f,2025-08-09T16:30:00.000,30,NO CONTROLS,NO CONTROLS,CLEAR,DAYLIGHT,SIDESWIPE SAME DIRECTION,DIVIDED - W/MEDIAN (NOT RAISED),STRAIGHT AND LEVEL,DRY,UNKNOWN,NOT ON SCENE (DESK REPORT),INJURY AND / OR TOW DUE TO CRASH,,"OVER $1,500",2025-08-09T16:38:00.000,UNABLE TO DETERMINE,NOT APPLICABLE,1922,N,CENTRAL AVE,2515,2,"REPORTED, NOT EVIDENT",1,0,0,0,1,1,0,16,7,8,41.9157004282,-87.7658573471,"{'type': 'Point', 'coordinates': [-87.765857347059, 41.915700428238]}",,,,,,,,,,
468d7541f935c57afede50a8452bbc1b01122631f38cfcf5f5e5b8bb4aeff9471ad47fc888e694cd7e62ac829469ebc1a88a1b9c4ca08249976406ff18ca120a,2025-08-09T16:30:00.000,30,TRAFFIC SIGNAL,FUNCTIONING PROPERLY,CLEAR,DAYLIGHT,SIDESWIPE SAME DIRECTION,"FIVE POINT, OR MORE",STRAIGHT AND LEVEL,DRY,NO DEFECTS,NOT ON SCENE (DESK REPORT),NO INJURY / DRIVE AWAY,Y,"OVER $1,500",2025-08-10T19:30:00.000,FOLLOWING TOO CLOSELY,FAILING TO YIELD RIGHT-OF-WAY,1329,W,DIVISION ST,1213,2,NO INDICATION OF INJURY,0,0,0,0,0,2,0,16,7,8,41.9033204328,-87.6617063677,"{'type': 'Point', 'coordinates': [-87.661706367706, 41.90332043282]}",,,Y,,,,,,,
607a84bf0cb8579329a8b1fcb51dbaa13f58b487a4cf1972a9b86ba8dd988b49189e62cf014b48d3c4b6c644376f49d5cf296ba7d4f998801725ba21fd50514c,2025-08-09T16:30:00.000,10,NO CONTROLS,NO CONTROLS,CLEAR,DAYLIGHT,PARKED MOTOR VEHICLE,PARKING LOT,STRAIGHT AND LEVEL,DRY,NO DEFECTS,ON SCENE,NO INJURY / DRIVE AWAY,,"$501 - $1,500",2025-08-09T16:35:00.000,UNABLE TO DETERMINE,UNABLE TO DETERMINE,2555,N,NORMANDY AVE,2512,2,NO INDICATION OF INJURY,0,0,0,0,0,1,0,16,7,8,41.9269248056,-87.7927510481,"{'type': 'Point', 'coordinates': [-87.792751048065, 41.926924805601]}",,,Y,,,,,,,
6d4623dad45f0984d9fd0bf82c5f01744cf0750d9bec843a5dcea278774169ebd01e5a0c0debfc763af4ef965af20a6eca61ae7d48f3947eda1546f05c592176,2025-08-09T16:30:00.000,25,STOP SIGN/FLASHER,FUNCTIONING PROPERLY,CLEAR,DAYLIGHT,SIDESWIPE SAME DIRECTION,NOT DIVIDED,STRAIGHT AND LEVEL,DRY,NO DEFECTS,ON SCENE,NO INJURY / DRIVE AWAY,,"OVER $1,500",2025-08-09T16:41:00.000,UNABLE TO DETERMINE,UNABLE TO DETERMINE,759,E,SOLIDARITY DR,132,2,NO INDICATION OF INJURY,0,0,0,0,0,3,0,16,7,8,41.8660493374,-87.6103014523,"{'type': 'Point', 'coordinates': [-87.610301452292, 41.866049337405]}",,,,,,,,,,
bfe2a5c323f0cedf5334c7c1cf258d5e1092dc098dfc272c797c955585735cbe3d9c57d519e9fd2bcc057b2830ac8d74c614ddf42b34bccf58483207ce942951,2025-08-09T16:30:00.000,30,TRAFFIC SIGNAL,FUNCTIONING PROPERLY,CLEAR,DAYLIGHT,SIDESWIPE SAME DIRECTION,FOUR WAY,STRAIGHT AND LEVEL,DRY,NO DEFECTS,NOT ON SCENE (DESK REPORT),INJURY AND / OR TOW DUE TO CRASH,Y,"OVER $1,500",2025-08-10T09:10:00.000,IMPROPER LANE USAGE,UNABLE TO DETERMINE,8700,S,VINCENNES AVE,2222,2,NO INDICATION OF INJURY,0,0,0,0,0,3,0,16,7,8,41.7360065646,-87.645341819,"{'type': 'Point', 'coordinates': [-87.64534181898, 41.736006564585]}",,,,,,,,,,
f922a23f3eeb332030ed5bc89ec0469b834b0c3f847df048430c6d21bec5aaef9024fffdcd5ba83f010557782e943f4c2c45954e58bd029bbbd43e92a72e0577,2025-08-09T16:28:00.000,25,UNKNOWN,UNKNOWN,UNKNOWN,UNKNOWN,PEDALCYCLIST,NOT DIVIDED,STRAIGHT AND LEVEL,UNKNOWN,UNKNOWN,,NO INJURY / DRIVE AWAY,,"OVER $1,500",2025-08-09T19:20:00.000,NOT APPLICABLE,NOT APPLICABLE,1001,W,CHICAGO AVE,1214,2,NO INDICATION OF INJURY,0,0,0,0,0,2,0,16,7,8,41.8961983286,-87.6526797277,"{'type': 'Point', 'coordinates': [-87.6526797277, 41.89619832858]}",,,,,,,,,,
f2935078dc5e2276f5bfa3d87470343e77b4776517934a4ffafc856baa84c75aa7327884f24c07670e0029ac2a9489a37bf507700b6b0eaa8dde3e74bf9b2d89,2025-08-09T16:25:00.000,30,NO CONTROLS,NO CONTROLS,CLEAR,DAYLIGHT,SIDESWIPE SAME DIRECTION,NOT DIVIDED,STRAIGHT AND LEVEL,DRY,NO DEFECTS,ON SCENE,NO INJURY / DRIVE AWAY,,"OVER $1,500",2025-08-09T16:25:00.000,IMPROPER LANE USAGE,IMPROPER OVERTAKING/PASSING,4711,S,CALUMET AVE,224,3,NO INDICATION OF INJURY,0,0,0,0,0,3,0,16,7,8,41.8089873717,-87.6179962188,"{'type': 'Point', 'coordinates': [-87.617996218755, 41.808987371651]}",,,Y,,,,,,,
68808f4bd037e58690892fd64ad452de8a2db8b501373707f58c7ee6f6e7e4dad72364d56b0d362f0a15fe8fdb5bee3e09df74920ec0613516586fe562c9b907,2025-08-09T16:24:00.000,30,TRAFFIC SIGNAL,FUNCTIONING PROPERLY,CLEAR,DAYLIGHT,TURNING,NOT DIVIDED,STRAIGHT AND LEVEL,DRY,UNKNOWN,NOT ON SCENE (DESK REPORT),NO INJURY / DRIVE AWAY,Y,"OVER $1,500",2025-08-09T17:00:00.000,FOLLOWING TOO CLOSELY,NOT APPLICABLE,1200,N,PULASKI RD,2534,2,NO INDICATION OF INJURY,0,0,0,0,0,3,0,16,7,8,41.9027139019,-87.7264514572,"{'type': 'Point', 'coordinates': [-87.726451457158, 41.902713901936]}",,,Y,,,,,,,
0c9feb4c58fffa015516e246175ccd75a2d7f7508b6bc37dccd540370c25ef67321fc2ee4ad6a24726e2ea469c3ae98859956f61d5290fa83477e3fbbf8d90ec,2025-08-09T16:20:00.000,30,TRAFFIC SIGNAL,FUNCTIONING PROPERLY,CLEAR,DAYLIGHT,ANGLE,FOUR WAY,STRAIGHT AND LEVEL,DRY,NO DEFECTS,ON SCENE,NO INJURY / DRIVE AWAY,Y,"OVER $1,500",2025-08-09T16:30:00.000,UNABLE TO DETERMINE,NOT APPLICABLE,5100,S,STATE ST,225,2,NO INDICATION OF INJURY,0,0,0,0,0,5,0,16,7,8,41.8018902979,-87.6260352641,"{'type': 'Point', 'coordinates': [-87.626035264137, 41.801890297885]}",,,,,,,,,,
b28782bc4f4d2f8dd444ba79e8a2ea902a9b627495d7416abd622d09bbbc3b8d2e01921d13b21e58ba0ca1b054804bedbaf39b5b8f8614d3031e5257018292b0,2025-08-09T16:20:00.000,30,NO CONTROLS,NO CONTROLS,CLEAR,DAYLIGHT,OTHER OBJECT,NOT DIVIDED,STRAIGHT AND LEVEL,DRY,NO DEFECTS,ON SCENE,INJURY AND / OR TOW DUE TO CRASH,,$500 OR LESS,2025-08-09T16:21:00.000,DRIVING ON WRONG SIDE/WRONG WAY,DRIVING SKILLS/KNOWLEDGE/EXPERIENCE,4543,N,CENTRAL AVE,1623,2,NONINCAPACITATING INJURY,1,0,0,1,0,1,0,16,7,8,41.9636092861,-87.7671967956,"{'type': 'Point', 'coordinates': [-87.767196795556, 41.963609286102]}",,,,,Y,,,,,
cb785340de7b1f39504337c391c100a6b124bfb4572d79e1b1371b3c1c672a996e5f87d7b6804ad739320a1d2468d013cf39087b09f0ded2dba08f7465783faa,2025-08-09T16:20:00.000,15,NO CONTROLS,NO CONTROLS,CLEAR,DAYLIGHT,PARKED MOTOR VEHICLE,PARKING LOT,STRAIGHT AND LEVEL,DRY,NO DEFECTS,NOT ON SCENE (DESK REPORT),NO INJURY / DRIVE AWAY,,"OVER $1,500",2025-08-09T16:35:00.000,UNABLE TO DETERMINE,UNABLE TO DETERMINE,2425,S,WALLACE ST,914,2,NO INDICATION OF INJURY,0,0,0,0,0,1,0,16,7,8,41.8485874803,-87.6417838044,"{'type': 'Point', 'coordinates': [-87.641783804448, 41.848587480306]}",,,,,,,,,,
80534f45f858170f5ebf5e14541a4d145aea9efe7b1e56aa8c060438637be2f46a4f27094d8550f0b8a74f7590780371ed86b0ff4cdd1919abb24767415142bc,2025-08-09T16:15:00.000,30,TRAFFIC SIGNAL,FUNCTIONING PROPERLY,CLEAR,DAYLIGHT,ANGLE,NOT DIVIDED,STRAIGHT AND LEVEL,DRY,NO DEFECTS,ON SCENE,INJURY AND / OR TOW DUE TO CRASH,Y,"$501 - $1,500",2025-08-09T16:20:00.000,DISREGARDING TRAFFIC SIGNALS,NOT APPLICABLE,5600,W,63RD ST,812,2,INCAPACITATING INJURY,1,0,1,0,0,1,0,16,7,8,41.7781618734,-87.7617802217,"{'type': 'Point', 'coordinates': [-87.76178022166, 41.778161873405]}",,,,,,,,,,
e83184947f1e648ee7e2fa03163efc004b70267e9056b069cf90024589e4bc9ff59be3a9466725db813595e9adb78a00796cadb225554cc680bcd03e6ef5f247,2025-08-09T16:13:00.000,30,NO CONTROLS,NO CONTROLS,CLEAR,DAYLIGHT,SIDESWIPE SAME DIRECTION,ONE-WAY,STRAIGHT AND LEVEL,DRY,NO DEFECTS,ON SCENE,NO INJURY / DRIVE AWAY,,"OVER $1,500",2025-08-09T16:23:00.000,FAILING TO YIELD RIGHT-OF-WAY,NOT APPLICABLE,2430,N,RUTHERFORD AVE,2512,3,NO INDICATION OF INJURY,0,0,0,0,0,3,0,16,7,8,41.9245453277,-87.7941948816,"{'type': 'Point', 'coordinates': [-87.794194881626, 41.924545327723]}",,,,,,,,,,
0bdc2151d272a201e71aaad22e9c7fa0ab3160fceedfa415104ed89489256e671a36cb95a610a3f5ef29cdb2b10b5e69b37249fb226913b693f41963270ce41a,2025-08-09T16:00:00.000,25,STOP SIGN/FLASHER,FUNCTIONING PROPERLY,CLEAR,DAYLIGHT,SIDESWIPE SAME DIRECTION,NOT DIVIDED,STRAIGHT AND LEVEL,DRY,NO DEFECTS,NOT ON SCENE (DESK REPORT),NO INJURY / DRIVE AWAY,Y,"OVER $1,500",2025-08-11T13:26:00.000,UNABLE TO DETERMINE,NOT APPLICABLE,2125,E,90TH ST,413,2,NO INDICATION OF INJURY,0,0,0,0,0,2,0,16,7,8,41.7315236427,-87.5719647941,"{'type': 'Point', 'coordinates': [-87.571964794065, 41.731523642667]}",,,,,,,,,,
37f5c98400381454b961e6f8cfcfba99ed3046c1d6a0227d94c9f01f2076564d617778feda2dc641150d2ab6a401546870b4d03efef468f8aec120444ed1d32a,2025-08-09T16:00:00.000,30,NO CONTROLS,NO CONTROLS,CLEAR,DAYLIGHT,SIDESWIPE SAME DIRECTION,NOT DIVIDED,STRAIGHT AND LEVEL,DRY,NO DEFECTS,,NO INJURY / DRIVE AWAY,,"OVER $1,500",2025-08-11T15:40:00.000,IMPROPER OVERTAKING/PASSING,UNABLE TO DETERMINE,4601,S,INDIANA AVE,215,2,NO INDICATION OF INJURY,0,0,0,0,0,2,0,16,7,8,41.8110365174,-87.6211112421,"{'type': 'Point', 'coordinates': [-87.621111242086, 41.811036517401]}",,,Y,,,,,,,
7e75c5940d7159bfa2bf2c84603e5230d2b34b15e84abaca78583234497aecef324395df3d46534643b0445244f7971a814b58901dd33c2cc7dcf69d53750888,2025-08-09T16:00:00.000,20,NO CONTROLS,NO CONTROLS,CLEAR,DAYLIGHT,SIDESWIPE SAME DIRECTION,NOT DIVIDED,STRAIGHT AND LEVEL,DRY,NO DEFECTS,ON SCENE,NO INJURY / DRIVE AWAY,,"OVER $1,500",2025-08-09T16:03:00.000,IMPROPER OVERTAKING/PASSING,FAILING TO YIELD RIGHT-OF-WAY,2230,S,PRINCETON AVE,914,2,NO INDICATION OF INJURY,0,0,0,0,0,2,0,16,7,8,41.8519674783,-87.6349279806,"{'type': 'Point', 'coordinates': [-87.634927980615, 41.851967478261]}",,,,,,,,,,
807139df5f7445e7b51445463d9c5b39559253621c1fd80483216fa94c94f19f33fd5cd04775a6791eb349ee5ab7fec10473908883508de84277cad6c51e1415,2025-08-09T16:00:00.000,15,NO CONTROLS,NO CONTROLS,CLEAR,DAYLIGHT,FIXED OBJECT,ALLEY,STRAIGHT AND LEVEL,DRY,NO DEFECTS,,NO INJURY / DRIVE AWAY,,$500 OR LESS,2025-08-10T08:00:00.000,UNABLE TO DETERMINE,UNABLE TO DETERMINE,6316,S,WESTERN AVE,825,1,NO INDICATION OF INJURY,0,0,0,0,0,1,0,16,7,8,41.7786618492,-87.6837720334,"{'type': 'Point', 'coordinates': [-87.683772033406, 41.77866184917]}",,,,,,,,,,
a4972f1f0d38e17e569c3ede50adc4e324708873962c8eceebd21676b199c993d21be7a87149861afc84a7f101619077a43cb18673624f196c27e524f62fa92c,2025-08-09T16:00:00.000,30,STOP SIGN/FLASHER,FUNCTIONING PROPERLY,CLEAR,DAYLIGHT,PARKED MOTOR VEHICLE,ONE-WAY,STRAIGHT AND LEVEL,DRY,NO DEFECTS,NOT ON SCENE (DESK REPORT),NO INJURY / DRIVE AWAY,Y,"OVER $1,500",2025-08-10T13:30:00.000,UNABLE TO DETERMINE,NOT APPLICABLE,1024,W,RANDOLPH ST,1224,2,NO INDICATION OF INJURY,0,0,0,0,0,1,0,16,7,8,41.8844161719,-87.6532148469,"{'type': 'Point', 'coordinates': [-87.653214846931, 41.884416171921]}",,,Y,,,,,,,
b51738ac3c50a604068b0bdc29561f2e59f3f4855e89eb1c114728c94d0471520a1c647fac13b708cae72d739fc5a1000ba73c99f11f654e27e24385ac28cef2,2025-08-09T16:00:00.000,30,TRAFFIC SIGNAL,FUNCTIONING PROPERLY,CLEAR,DAYLIGHT,TURNING,NOT DIVIDED,STRAIGHT AND LEVEL,DRY,UNKNOWN,NOT ON SCENE (DESK REPORT),NO INJURY / DRIVE AWAY,,"OVER $1,500",2025-08-09T16:30:00.000,IMPROPER OVERTAKING/PASSING,NOT APPLICABLE,3300,W,ADDISON ST,1733,2,NO INDICATION OF INJURY,0,0,0,0,0,3,0,16,7,8,41.9467043735,-87.7105010559,"{'type': 'Point', 'coordinates': [-87.710501055898, 41.946704373514]}",,,,,Y,,,,,
d3c4d032134f9a472ded92693374ee340742f7203c81b9b30345635e8f9049259e981cc20285374cae5ce558c0be92a498a761c04270ffdbe64e721df0fb60af,2025-08-09T16:00:00.000,30,NO CONTROLS,NO CONTROLS,CLEAR,DAYLIGHT,PARKED MOTOR VEHICLE,PARKING LOT,STRAIGHT AND LEVEL,UNKNOWN,UNKNOWN,NOT ON SCENE (DESK REPORT),NO INJURY / DRIVE AWAY,,"OVER $1,500",2025-08-09T16:10:00.000,UNABLE TO DETERMINE,UNABLE TO DETERMINE,4867,N,MILWAUKEE AVE,1623,2,NO INDICATION OF INJURY,0,0,0,0,0,2,0,16,7,8,41.969552871,-87.7620255743,"{'type': 'Point', 'coordinates': [-87.76202557425, 41.969552871031]}",,,Y,,,,,,,
f2bb6625b2716545b06aed81803c873d8a79ec566edbcc207489b340ef4e4c96b8313f7b810b03fcf1d23786c8beea561b7b5f15c84d86f7b5fab3c665b957e0,2025-08-09T16:00:00.000,45,NO CONTROLS,NO CONTROLS,CLEAR,DAYLIGHT,OTHER NONCOLLISION,DIVIDED - W/MEDIAN BARRIER,STRAIGHT AND LEVEL,DRY,UNKNOWN,,INJURY AND / OR TOW DUE TO CRASH,,"OVER $1,500",2025-08-09T16:20:00.000,FAILING TO REDUCE SPEED TO AVOID CRASH,UNABLE TO DETERMINE,9299,W,HIGGINS RD,1614,1,NONINCAPACITATING INJURY,1,0,0,1,0,0,0,16,7,8,,,,,,,,,,,,,
88e2a4422f77ea134fce0f51eb8a595b533e38a2040f90c75fe2209b679c7171eaaed861e0f62ed8bc8581c4a876acd4f668753c822aa5f87b12a6bb371f2e45,2025-08-09T15:59:00.000,30,NO CONTROLS,NO CONTROLS,CLEAR,DAYLIGHT,PEDESTRIAN,NOT DIVIDED,STRAIGHT AND LEVEL,DRY,NO DEFECTS,ON SCENE,INJURY AND / OR TOW DUE TO CRASH,,$500 OR LESS,2025-08-09T16:05:00.000,NOT APPLICABLE,NOT APPLICABLE,5324,S,COTTAGE GROVE AVE,233,3,INCAPACITATING INJURY,2,0,2,0,0,1,0,15,7,8,41.7978673955,-87.6064483137,"{'type': 'Point', 'coordinates': [-87.606448313738, 41.797867395455]}",,,,,,,,,,
97ffd9e2b90c3e0d39e571c190547cfbe4db12d6d25c31f3297f7e1fbd89ce3a2efc57c71d577010e47b91300416690593ac3cd49500075bc32309b47f1a8bd4,2025-08-09T15:57:00.000,15,NO CONTROLS,NO CONTROLS,CLEAR,DAYLIGHT,REAR TO REAR,PARKING LOT,STRAIGHT AND LEVEL,DRY,UNKNOWN,NOT ON SCENE (DESK REPORT),NO INJURY / DRIVE AWAY,,$500 OR LESS,2025-08-09T16:30:00.000,DRIVING SKILLS/KNOWLEDGE/EXPERIENCE,UNABLE TO DETERMINE,1,N,HALSTED ST,1224,2,NO INDICATION OF INJURY,0,0,0,0,0,2,0,15,7,8,41.8818156316,-87.647214717,"{'type': 'Point', 'coordinates': [-87.647214717041, 41.881815631642]}",,,Y,,,,,,,