crash_record_id,crash_date,posted_speed_limit,traffic_control_device,device_condition,weather_condition,lighting_condition,first_crash_type,trafficway_type,alignment,roadway_surface_cond,road_defect,report_type,crash_type,intersection_related_i,damage,date_police_notified,prim_contributory_cause,sec_contributory_cause,street_no,street_direction,street_name,beat_of_occurrence,num_units,most_severe_injury,injuries_total,injuries_fatal,injuries_incapacitating,injuries_non_incapacitating,injuries_reported_not_evident,injuries_no_indication,injuries_unknown,crash_hour,crash_day_of_week,crash_month,latitude,longitude,location,private_property_i,photos_taken_i,hit_and_run_i,statements_taken_i,crash_date_est_i,work_zone_i,work_zone_type,dooring_i,lane_cnt,workers_present_i
d8b9e616589d750c0a038b2d930f7f256713d874f08dbf1bdd9e86a01fd194e0e3d80f03cc213a12a3110991e5e61edac8c9819bc3e24f4fc627844fb2f11afe,2025-08-09T15:50:00.000,30,TRAFFIC SIGNAL,FUNCTIONING PROPERLY,CLEAR,DAYLIGHT,PEDESTRIAN,FOUR WAY,STRAIGHT AND LEVEL,DRY,UNKNOWN,ON SCENE,INJURY AND / OR TOW DUE TO CRASH,Y,"OVER $1,500",2025-08-09T15:50:00.000,UNABLE TO DETERMINE,NOT APPLICABLE,7300,S,DR MARTIN LUTHER KING JR DR,323,2,NONINCAPACITATING INJURY,1,0,0,1,0,1,0,15,7,8,41.7619666969,-87.6153505183,"{'type': 'Point', 'coordinates': [-87.615350518276, 41.761966696864]}",,,,,,,,,,
433c0841a67c0f28a01ba2008ebc608c9f5257f22bfc8dc0d49dfc993011d1f4520591ea42be6e62d2f58e8fdd06df36f6d6c39c1e915998217447774f7d5234,2025-08-09T15:46:00.000,30,NO CONTROLS,NO CONTROLS,CLEAR,DAYLIGHT,REAR END,NOT DIVIDED,STRAIGHT AND LEVEL,DRY,NO DEFECTS,ON SCENE,INJURY AND / OR TOW DUE TO CRASH,,"OVER $1,500",2025-08-09T15:46:00.000,UNABLE TO DETERMINE,NOT APPLICABLE,511,S,CENTRAL AVE,1522,2,NONINCAPACITATING INJURY,2,0,0,2,0,1,0,15,7,8,41.8734578609,-87.7644643554,"{'type': 'Point', 'coordinates': [-87.764464355398, 41.873457860934]}",,,,,,,,,,
b7b8952902e2eeb4bdb28707f3af647037a2ad8bf0939026e225550465a70081da0a4640b3119c3b07587f8f9affd6950c95dc0e346112656242e0f33a337bf8,2025-08-09T15:45:00.000,30,TRAFFIC SIGNAL,FUNCTIONING PROPERLY,CLEAR,DAYLIGHT,PARKED MOTOR VEHICLE,NOT DIVIDED,STRAIGHT AND LEVEL,DRY,NO DEFECTS,NOT ON SCENE (DESK REPORT),NO INJURY / DRIVE AWAY,,"OVER $1,500",2025-08-09T16:00:00.000,IMPROPER TURNING/NO SIGNAL,UNABLE TO DETERMINE,1958,N,CENTRAL PARK AVE,2535,2,NO INDICATION OF INJURY,0,0,0,0,0,3,0,15,7,8,41.9172560654,-87.7169182361,"{'type': 'Point', 'coordinates': [-87.716918236083, 41.917256065421]}",,,Y,,,,,,,
32ec10657d7b6242933473206a8631bbb755546f6f327ffb5efbc9545dba4f340da0800bb802d46e04913734e243ae31df40443c22adfd967613f640a99c799e,2025-08-09T15:44:00.000,30,NO CONTROLS,NO CONTROLS,CLEAR,DAYLIGHT,REAR TO FRONT,ALLEY,STRAIGHT AND LEVEL,DRY,NO DEFECTS,ON SCENE,NO INJURY / DRIVE AWAY,,"OVER $1,500",2025-08-09T16:03:00.000,IMPROPER BACKING,NOT APPLICABLE,1801,N,AUSTIN AVE,2531,2,NO INDICATION OF INJURY,0,0,0,0,0,2,0,15,7,8,41.9129734198,-87.7751992125,"{'type': 'Point', 'coordinates': [-87.775199212468, 41.912973419791]}",,,Y,,,,,,,
72c1ab020089202be4f52938c22509bba651530fbefc9d835dca3d91f1ee9c8b6048cdc33b004fbc33a949e8e5fb38424afcf69f10a47d36221bb11b1514c12e,2025-08-09T15:40:00.000,25,STOP SIGN/FLASHER,FUNCTIONING PROPERLY,CLEAR,DAYLIGHT,ANGLE,NOT DIVIDED,STRAIGHT AND LEVEL,DRY,UNKNOWN,NOT ON SCENE (DESK REPORT),NO INJURY / DRIVE AWAY,,"OVER $1,500",2025-08-09T16:20:00.000,UNABLE TO DETERMINE,NOT APPLICABLE,3001,S,ST LOUIS AVE,1032,2,NO INDICATION OF INJURY,0,0,0,0,0,2,0,15,7,8,41.8388405679,-87.7120507159,"{'type': 'Point', 'coordinates': [-87.712050715896, 41.838840567871]}",,,,,,,,,,
f5d4a142b840ff6cdc6a9c9e6a24bd5b6e6254048030312d1ae14046e652cd710f793299361aafe3a44bc44e586be54c228570077d19dde0df3d63d4e5c59bf9,2025-08-09T15:40:00.000,30,TRAFFIC SIGNAL,FUNCTIONING PROPERLY,CLEAR,DAYLIGHT,SIDESWIPE SAME DIRECTION,DIVIDED - W/MEDIAN (NOT RAISED),STRAIGHT AND LEVEL,DRY,NO DEFECTS,NOT ON SCENE (DESK REPORT),NO INJURY / DRIVE AWAY,Y,"OVER $1,500",2025-08-09T15:50:00.000,FAILING TO YIELD RIGHT-OF-WAY,UNABLE TO DETERMINE,8300,S,ASHLAND AVE,614,2,NO INDICATION OF INJURY,0,0,0,0,0,3,0,15,7,8,41.7429840898,-87.6633965553,"{'type': 'Point', 'coordinates': [-87.663396555268, 41.742984089771]}",,,,,,,,,,
32591da71520ccf5bd6efc11b24ded678e55a3613f45e7a26d01d810ad26b9be621c9d18b6c6ad79056ddfc485426face11c69324dbab692f919add2d68bc00e,2025-08-09T15:35:00.000,30,STOP SIGN/FLASHER,FUNCTIONING PROPERLY,CLEAR,DAYLIGHT,ANGLE,NOT DIVIDED,STRAIGHT AND LEVEL,DRY,NO DEFECTS,ON SCENE,INJURY AND / OR TOW DUE TO CRASH,Y,"OVER $1,500",2025-08-09T15:36:00.000,UNABLE TO DETERMINE,UNABLE TO DETERMINE,1500,S,ASHLAND AVE,1233,2,NO INDICATION OF INJURY,0,0,0,0,0,3,0,15,7,8,41.8614178574,-87.6663882562,"{'type': 'Point', 'coordinates': [-87.666388256198, 41.861417857387]}",,,Y,,,,,,,
7fc9fba4a23b9ba211626d9cb6619962f3b29c004615711f719c2e33477a98e05ddff27743c2f6e3abb1acba35ac62344c44284c90dcefb86105fa3188f3ecbd,2025-08-09T15:32:00.000,30,STOP SIGN/FLASHER,FUNCTIONING PROPERLY,CLEAR,DAYLIGHT,TURNING,NOT DIVIDED,STRAIGHT AND LEVEL,DRY,NO DEFECTS,,NO INJURY / DRIVE AWAY,,"OVER $1,500",2025-08-09T15:32:00.000,FAILING TO YIELD RIGHT-OF-WAY,NOT APPLICABLE,4800,N,DRAKE AVE,1712,2,NO INDICATION OF INJURY,0,0,0,0,0,2,0,15,7,8,41.9684523273,-87.7171821596,"{'type': 'Point', 'coordinates': [-87.717182159581, 41.968452327314]}",,,Y,,,,,,,
4d9d2e6b449756b6979bf3ce9fca416a2afcb9aac6c17e36c085b23e7751354121585191e7320045dd9e0ef0947f0803a8808eee9550db6744c2dcc72524e176,2025-08-09T15:30:00.000,30,TRAFFIC SIGNAL,UNKNOWN,CLEAR,DAYLIGHT,REAR END,DIVIDED - W/MEDIAN BARRIER,STRAIGHT AND LEVEL,DRY,NO DEFECTS,ON SCENE,NO INJURY / DRIVE AWAY,,"OVER $1,500",2025-08-09T15:31:00.000,UNABLE TO DETERMINE,NOT APPLICABLE,999,N,MICHIGAN AVE,1833,2,NO INDICATION OF INJURY,0,0,0,0,0,2,0,15,7,8,41.9007588511,-87.6239842545,"{'type': 'Point', 'coordinates': [-87.623984254519, 41.900758851116]}",,,Y,,,,,,,
86fb3edc05108fc696ba10faebb42c69364c04c3216129b8ce0f9b425792dbb3655c31ea5ec9deb6bfd2ebd10a3e14226b14c9cefb273b3acea18886a8e9a2bb,2025-08-09T15:30:00.000,30,TRAFFIC SIGNAL,FUNCTIONING PROPERLY,CLEAR,DAYLIGHT,TURNING,FOUR WAY,STRAIGHT AND LEVEL,DRY,NO DEFECTS,NOT ON SCENE (DESK REPORT),NO INJURY / DRIVE AWAY,Y,"OVER $1,500",2025-08-10T13:30:00.000,FAILING TO YIELD RIGHT-OF-WAY,UNABLE TO DETERMINE,4398,W,LAKE ST,1114,2,NO INDICATION OF INJURY,0,0,0,0,0,3,0,15,7,8,41.8861280938,-87.7355133659,"{'type': 'Point', 'coordinates': [-87.735513365888, 41.886128093818]}",,,,,,,,,,
89fca66a3e3f93c837110c3060eba5e6e1cd488ca834cbe1f7e288f996394b8d2e13ef3a9e6a31802e9d03a21a5f72108f84cccdd55131342a01ee610ae1b26a,2025-08-09T15:30:00.000,30,TRAFFIC SIGNAL,FUNCTIONING PROPERLY,CLEAR,DAYLIGHT,TURNING,T-INTERSECTION,STRAIGHT AND LEVEL,DRY,UNKNOWN,NOT ON SCENE (DESK REPORT),NO INJURY / DRIVE AWAY,,"OVER $1,500",2025-08-09T15:40:00.000,DISREGARDING TRAFFIC SIGNALS,NOT APPLICABLE,3400,W,ADDISON ST,1732,2,NO INDICATION OF INJURY,0,0,0,0,0,2,0,15,7,8,41.9466752452,-87.7127785774,"{'type': 'Point', 'coordinates': [-87.712778577395, 41.946675245157]}",,,,,Y,,,,,
a23d3914ab5735acb6ef2e6dc82a94c2e7a483cfbc78eca680cfd7d45caf7087eb0594d315708839180f575f1b1742e8b2e144a6c9b52760e74b51497265d512,2025-08-09T15:30:00.000,30,NO CONTROLS,NO CONTROLS,CLEAR,DAYLIGHT,TURNING,NOT DIVIDED,STRAIGHT AND LEVEL,UNKNOWN,UNKNOWN,NOT ON SCENE (DESK REPORT),NO INJURY / DRIVE AWAY,,"OVER $1,500",2025-08-09T17:15:00.000,FAILING TO YIELD RIGHT-OF-WAY,NOT APPLICABLE,268,E,CHICAGO AVE,1833,2,NO INDICATION OF INJURY,0,0,0,0,0,2,0,15,7,8,41.8968934133,-87.6204466528,"{'type': 'Point', 'coordinates': [-87.620446652757, 41.896893413326]}",,,,,Y,,,,,
f643ef763650b640ff497984e95d4bef23afd8529b5f28863b34e74501eb23b8d08c9db2187faf16f9eb335413e53b2de539a2e49b3b5737de42bd52e7a0d638,2025-08-09T15:30:00.000,15,NO CONTROLS,NO CONTROLS,UNKNOWN,UNKNOWN,REAR END,PARKING LOT,STRAIGHT AND LEVEL,UNKNOWN,UNKNOWN,NOT ON SCENE (DESK REPORT),NO INJURY / DRIVE AWAY,,"OVER $1,500",2025-08-11T17:14:00.000,UNABLE TO DETERMINE,UNABLE TO DETERMINE,8810,S,STONY ISLAND AVE,412,2,NO INDICATION OF INJURY,0,0,0,0,0,2,0,15,7,8,41.7347194927,-87.5857450346,"{'type': 'Point', 'coordinates': [-87.585745034611, 41.734719492693]}",Y,,,,,,,,,
60db87dd055d07a9c58b75abb48ec0db54510c21d9405b625fe9d3b866b9b59f6e9cbb706b2f1734ff1464ee074f4ae8c906efd8d661948512a5ae86b612a654,2025-08-09T15:25:00.000,35,STOP SIGN/FLASHER,FUNCTIONING PROPERLY,CLEAR,DAYLIGHT,ANGLE,FOUR WAY,STRAIGHT AND LEVEL,DRY,NO DEFECTS,ON SCENE,INJURY AND / OR TOW DUE TO CRASH,Y,"OVER $1,500",2025-08-09T15:25:00.000,FAILING TO YIELD RIGHT-OF-WAY,FAILING TO YIELD RIGHT-OF-WAY,5800,S,INDIANA AVE,232,2,NO INDICATION OF INJURY,0,0,0,0,0,5,0,15,7,8,41.7891755958,-87.6208490585,"{'type': 'Point', 'coordinates': [-87.620849058528, 41.789175595836]}",,,,,,,,,,
24d5fd2c9e459bd05dbb7f73592ed58f483f50e5d5b6f01fae291b77e79662529ca00348a73050efb0498116d78bab27942b11e164224aa3fd920f8af138503b,2025-08-09T15:23:00.000,30,TRAFFIC SIGNAL,FUNCTIONING PROPERLY,CLEAR,DAYLIGHT,ANGLE,DIVIDED - W/MEDIAN (NOT RAISED),STRAIGHT AND LEVEL,DRY,NO DEFECTS,NOT ON SCENE (DESK REPORT),NO INJURY / DRIVE AWAY,Y,"OVER $1,500",2025-08-09T16:40:00.000,UNABLE TO DETERMINE,NOT APPLICABLE,5452,S,HALSTED ST,934,2,NO INDICATION OF INJURY,0,0,0,0,0,3,0,15,7,8,41.7945591033,-87.6453134277,"{'type': 'Point', 'coordinates': [-87.645313427659, 41.794559103299]}",,,,,,,,,,
a1ffa83988247fcb52befa64498620a4a55981b5f049ecebc4e12f8e7c1bc877dcf94590c0e89401febe76735419a11938bd111710058a6e940e6f90ee385aa0,2025-08-09T15:22:00.000,30,TRAFFIC SIGNAL,FUNCTIONING PROPERLY,CLEAR,DAYLIGHT,REAR END,NOT DIVIDED,STRAIGHT AND LEVEL,DRY,NO DEFECTS,ON SCENE,INJURY AND / OR TOW DUE TO CRASH,,"OVER $1,500",2025-08-09T15:40:00.000,DRIVING SKILLS/KNOWLEDGE/EXPERIENCE,UNABLE TO DETERMINE,758,N,HAMLIN AVE,1112,2,"REPORTED, NOT EVIDENT",2,0,0,0,2,1,0,15,7,8,41.8953178517,-87.7213346914,"{'type': 'Point', 'coordinates': [-87.721334691396, 41.895317851704]}",,,,,,,,,,
b3ea35edda278e1d79aab6fac1581f284130de1a82d738b057b18ddad98b11c369f0bd4c02d91df1eda276baaf1dc627c0e0ba2acc73837c3f7463d9ba254d40,2025-08-09T15:22:00.000,20,NO CONTROLS,NO CONTROLS,CLEAR,DAYLIGHT,REAR END,ONE-WAY,STRAIGHT AND LEVEL,DRY,NO DEFECTS,NOT ON SCENE (DESK REPORT),NO INJURY / DRIVE AWAY,,"OVER $1,500",2025-08-09T16:20:00.000,UNABLE TO DETERMINE,UNABLE TO DETERMINE,949,N,KEYSTONE AVE,1111,2,NO INDICATION OF INJURY,0,0,0,0,0,2,0,15,7,8,41.898630091,-87.7272638389,"{'type': 'Point', 'coordinates': [-87.727263838933, 41.898630091029]}",,,Y,,,,,,,
3aeb0301701abfab087a2ee79e815e194b914ba56448df559474e82df325bcbf7f61db66812efe717a36b8cf5de10db8b5c9f4aa0597b8ad15950c7948893a56,2025-08-09T15:21:00.000,10,NO CONTROLS,NO CONTROLS,CLEAR,DAYLIGHT,REAR END,PARKING LOT,STRAIGHT AND LEVEL,DRY,NO DEFECTS,ON SCENE,INJURY AND / OR TOW DUE TO CRASH,,$500 OR LESS,2025-08-09T15:53:00.000,UNABLE TO DETERMINE,NOT APPLICABLE,5705,W,NORTH AVE,2531,2,"REPORTED, NOT EVIDENT",2,0,0,0,2,3,0,15,7,8,41.9092306114,-87.7685387972,"{'type': 'Point', 'coordinates': [-87.76853879723, 41.909230611374]}",,,,,,,,,,
565469562d391fba38f76432bd1a699c1a43a865e2d1341dd41d3cf3a5acfff7c4c8e45aa97eddd2aa9e9726191a8b635d2b477ae31acb3333e7e2a067d29b70,2025-08-09T15:20:00.000,30,NO CONTROLS,NO CONTROLS,CLEAR,DAYLIGHT,REAR END,DIVIDED - W/MEDIAN (NOT RAISED),STRAIGHT AND LEVEL,DRY,NO DEFECTS,ON SCENE,NO INJURY / DRIVE AWAY,,"OVER $1,500",2025-08-09T15:21:00.000,FAILING TO REDUCE SPEED TO AVOID CRASH,FAILING TO REDUCE SPEED TO AVOID CRASH,442,W,79TH ST,621,2,NO INDICATION OF INJURY,0,0,0,0,0,2,0,15,7,8,41.7508671173,-87.6360000104,"{'type': 'Point', 'coordinates': [-87.636000010442, 41.750867117349]}",,,,,Y,,,,,
227e55ef51cc1b2f1bcce997fd76066c4dd15108865c5bcef9c7a7c29b8fc6d5f1e41f7fd3d2d56d65b7f46b8f8c6fbeab2e883a4009f6aff6c2ddcaf0cc8a63,2025-08-09T15:15:00.000,30,TRAFFIC SIGNAL,FUNCTIONING PROPERLY,CLEAR,DAYLIGHT,SIDESWIPE SAME DIRECTION,NOT DIVIDED,STRAIGHT AND LEVEL,DRY,NO DEFECTS,NOT ON SCENE (DESK REPORT),NO INJURY / DRIVE AWAY,,"OVER $1,500",2025-08-09T21:00:00.000,UNABLE TO DETERMINE,NOT APPLICABLE,824,W,GRAND AVE,1214,2,NO INDICATION OF INJURY,0,0,0,0,0,2,0,15,7,8,41.8912795719,-87.6487336238,"{'type': 'Point', 'coordinates': [-87.64873362379, 41.8912795719]}",,,Y,,,,,,,
2e04357ac790d0f70580dafe6b784c6a58d3cf5c4d4e90d81f4a1e165c17652f9aee1411dece4c62eced6124c91819cd08e10c1388bfa2efb1c305faaee6152f,2025-08-09T15:15:00.000,30,TRAFFIC SIGNAL,FUNCTIONING PROPERLY,CLEAR,DAYLIGHT,PEDESTRIAN,ONE-WAY,STRAIGHT AND LEVEL,DRY,NO DEFECTS,ON SCENE,NO INJURY / DRIVE AWAY,,"$501 - $1,500",2025-08-09T15:46:00.000,FAILING TO YIELD RIGHT-OF-WAY,FAILING TO YIELD RIGHT-OF-WAY,525,E,ILLINOIS ST,1834,2,NO INDICATION OF INJURY,0,0,0,0,0,2,0,15,7,8,41.8909938691,-87.614049826,"{'type': 'Point', 'coordinates': [-87.614049826041, 41.890993869127]}",,,,,,,,,,
a76bfbfea39976c4ed1de8e18048df087277724f3d60503e4c8bba6882b09d4b27b8e1084ad5204ff5f255a118d82b3bc06f809d38b0d8eec812c1ee210081d1,2025-08-09T15:14:00.000,30,NO CONTROLS,NO CONTROLS,CLEAR,DAYLIGHT,SIDESWIPE SAME DIRECTION,DIVIDED - W/MEDIAN (NOT RAISED),STRAIGHT AND LEVEL,DRY,NO DEFECTS,NOT ON SCENE (DESK REPORT),NO INJURY / DRIVE AWAY,,"OVER $1,500",2025-08-10T12:15:00.000,UNABLE TO DETERMINE,NOT APPLICABLE,1005,N,LAKE SHORE DR,1824,2,NO INDICATION OF INJURY,0,0,0,0,0,2,0,15,7,8,41.9010522517,-87.6240752587,"{'type': 'Point', 'coordinates': [-87.624075258678, 41.901052251717]}",,,Y,,,,,,,
63c6b54ab00cc32e09c0fc738ebc097037dcfc365bcbc9d9b9848d7b395f6266dac0c60380f6e66236cafbe25773febbc3d6a83e90ac94c21d845d1deeea9c29,2025-08-09T15:11:00.000,15,NO CONTROLS,NO CONTROLS,CLEAR,DAYLIGHT,PARKED MOTOR VEHICLE,OTHER,STRAIGHT AND LEVEL,DRY,NO DEFECTS,ON SCENE,NO INJURY / DRIVE AWAY,,"$501 - $1,500",2025-08-09T15:13:00.000,FAILING TO REDUCE SPEED TO AVOID CRASH,NOT APPLICABLE,4641,N,SIMONDS DR,1914,2,NO INDICATION OF INJURY,0,0,0,0,0,1,0,15,7,8,41.967502221,-87.6437416911,"{'type': 'Point', 'coordinates': [-87.643741691065, 41.967502220958]}",,,,,,,,,,
1e2d69075b53f07075198968a354a1ac159588f4b35126975e04b636780df099c6cc8c5cfb2178f3aae6f6eb022cd7aa67565594d86a8c0365638b0b899bd675,2025-08-09T15:10:00.000,30,NO CONTROLS,NO CONTROLS,CLEAR,DAYLIGHT,REAR END,NOT DIVIDED,STRAIGHT AND LEVEL,UNKNOWN,UNKNOWN,NOT ON SCENE (DESK REPORT),NO INJURY / DRIVE AWAY,,$500 OR LESS,2025-08-10T03:20:00.000,UNABLE TO DETERMINE,NOT APPLICABLE,1429,W,44TH ST,924,2,NO INDICATION OF INJURY,0,0,0,0,0,2,0,15,7,8,41.8140125449,-87.6614351317,"{'type': 'Point', 'coordinates': [-87.661435131655, 41.814012544907]}",,,,,,,,,,
cf731b8db1766b8116daaf42b3bf8c5815dc2e9ec9ee4d53a02a3b54caabd27fbdd731dc9dc24109aa11a15e08500e1e4294be5dc216073a08822ae729bdd26e,2025-08-09T15:10:00.000,30,TRAFFIC SIGNAL,FUNCTIONING PROPERLY,CLEAR,DAYLIGHT,OTHER OBJECT,NOT DIVIDED,STRAIGHT AND LEVEL,DRY,NO DEFECTS,ON SCENE,NO INJURY / DRIVE AWAY,Y,"OVER $1,500",2025-08-09T15:11:00.000,IMPROPER TURNING/NO SIGNAL,FAILING TO REDUCE SPEED TO AVOID CRASH,5329,W,LAWRENCE AVE,1623,1,NO INDICATION OF INJURY,0,0,0,0,0,1,0,15,7,8,41.9677650446,-87.7606977613,"{'type': 'Point', 'coordinates': [-87.760697761296, 41.967765044573]}",,,Y,,N,,,,,
0dace82fd02166d6acea200b776a6809a2f3e47a9245836a8a97f7f592d8ae01213335c8dab775147f875529a6ac7636b80d23d0989ed2872a2eb599d3f9dd46,2025-08-09T15:05:00.000,30,TRAFFIC SIGNAL,FUNCTIONING PROPERLY,CLEAR,DAYLIGHT,SIDESWIPE SAME DIRECTION,NOT DIVIDED,STRAIGHT AND LEVEL,DRY,NO DEFECTS,ON SCENE,NO INJURY / DRIVE AWAY,Y,"OVER $1,500",2025-08-09T15:05:00.000,IMPROPER OVERTAKING/PASSING,FAILING TO YIELD RIGHT-OF-WAY,1404,W,71ST PL,734,2,NO INDICATION OF INJURY,0,0,0,0,0,3,0,15,7,8,41.7641792937,-87.6591864984,"{'type': 'Point', 'coordinates': [-87.659186498397, 41.764179293654]}",,,Y,,,,,,,
b861aaf35bd81bf844b24c102a5bcb0f0e3c3971a200b1f367891610abeff0b828694437bd057e6c4624d27d8055e7d8704104ad93202b637db32d8e2f58bed8,2025-08-09T15:05:00.000,30,TRAFFIC SIGNAL,FUNCTIONING PROPERLY,CLEAR,DAYLIGHT,TURNING,T-INTERSECTION,STRAIGHT AND LEVEL,DRY,NO DEFECTS,ON SCENE,NO INJURY / DRIVE AWAY,Y,"OVER $1,500",2025-08-09T15:10:00.000,IMPROPER TURNING/NO SIGNAL,UNABLE TO DETERMINE,3100,W,PETERSON AVE,2413,2,NO INDICATION OF INJURY,0,0,0,0,0,2,0,15,7,8,41.9905081606,-87.7067186782,"{'type': 'Point', 'coordinates': [-87.706718678176, 41.9905081606]}",,,,,,,,,,
28d54a04bf462dd53354ff9976c0fddbc54273868aab48f33c9889144930681759fb30ee67363592454982ee3f574bb2ad124ab1962871470f459fc4e436dd83,2025-08-09T15:00:00.000,30,NO CONTROLS,NO CONTROLS,CLEAR,DAYLIGHT,PARKED MOTOR VEHICLE,DIVIDED - W/MEDIAN (NOT RAISED),STRAIGHT AND LEVEL,DRY,NO DEFECTS,NOT ON SCENE (DESK REPORT),NO INJURY / DRIVE AWAY,,"OVER $1,500",2025-08-10T14:15:00.000,UNABLE TO DETERMINE,UNABLE TO DETERMINE,2250,W,DEVON AVE,2412,2,NO INDICATION OF INJURY,0,0,0,0,0,2,0,15,7,8,41.9978909314,-87.6869506002,"{'type': 'Point', 'coordinates': [-87.686950600182, 41.997890931358]}",,,Y,,,,,,,
89e5d4390d9db1bb8635f51f6409046b67000af59d977552d58e039a7e327454bd13466ab46a51b2163404899fb5df87ec0be55e8debec9aae0603aa1db988b1,2025-08-09T15:00:00.000,30,NO CONTROLS,NO CONTROLS,CLEAR,DAYLIGHT,SIDESWIPE SAME DIRECTION,NOT DIVIDED,STRAIGHT AND LEVEL,UNKNOWN,UNKNOWN,,INJURY AND / OR TOW DUE TO CRASH,,"OVER $1,500",2025-08-09T17:00:00.000,FAILING TO YIELD RIGHT-OF-WAY,UNABLE TO DETERMINE,6100,S,EVANS AVE,313,2,"REPORTED, NOT EVIDENT",1,0,0,0,1,2,0,15,7,8,41.783940297,-87.6074102018,"{'type': 'Point', 'coordinates': [-87.607410201814, 41.783940297003]}",,,,,,,,,,
bc1670fa03a7b8bc354f80d8824d52569b36efa1e4e0fcc1febef41de7d2412a043542b4fef7f4b8b9e4c100e4115869f481ccafca6d936ffc43b4d46510cba4,2025-08-09T15:00:00.000,30,NO CONTROLS,NO CONTROLS,UNKNOWN,DAYLIGHT,REAR END,ONE-WAY,STRAIGHT AND LEVEL,UNKNOWN,UNKNOWN,NOT ON SCENE (DESK REPORT),NO INJURY / DRIVE AWAY,,"OVER $1,500",2025-08-11T18:16:00.000,UNABLE TO DETERMINE,UNABLE TO DETERMINE,4600,S,INDIANA AVE,215,2,NO INDICATION OF INJURY,0,0,0,0,0,2,0,15,7,8,41.8110320839,-87.6214046233,"{'type': 'Point', 'coordinates': [-87.62140462327, 41.811032083875]}",,,Y,,,,,,,
cb689cf592269d0e381deae425b063457090ab92beba7211b97610fdc0541c256874ab830d62cd4b447e05298598130384047e2c668c6c968af74dceaa995d82,2025-08-09T15:00:00.000,30,UNKNOWN,UNKNOWN,UNKNOWN,UNKNOWN,REAR END,UNKNOWN,STRAIGHT AND LEVEL,UNKNOWN,UNKNOWN,NOT ON SCENE (DESK REPORT),NO INJURY / DRIVE AWAY,,"OVER $1,500",2025-08-09T16:45:00.000,UNABLE TO DETERMINE,UNABLE TO DETERMINE,4700,S,KEDVALE AVE,815,2,NO INDICATION OF INJURY,0,0,0,0,0,2,0,15,7,8,41.8077314235,-87.7273994436,"{'type': 'Point', 'coordinates': [-87.727399443553, 41.807731423513]}",,,,,,,,,,
cec0f524ffdbd00cc39df2aec8ad691493a8c300acb7fba4772e942bab0fb8ac05133f9f13c64e472ce7034ed7c597b7875ffa833e66441127565f9ff0e746a6,2025-08-09T15:00:00.000,30,TRAFFIC SIGNAL,FUNCTIONING PROPERLY,CLEAR,DAYLIGHT,SIDESWIPE SAME DIRECTION,NOT DIVIDED,STRAIGHT AND LEVEL,DRY,NO DEFECTS,NOT ON SCENE (DESK REPORT),NO INJURY / DRIVE AWAY,,"OVER $1,500",2025-08-09T16:00:00.000,IMPROPER OVERTAKING/PASSING,IMPROPER OVERTAKING/PASSING,8300,S,COTTAGE GROVE AVE,632,2,NO INDICATION OF INJURY,0,0,0,0,0,2,0,15,7,8,41.743873821,-87.6051761606,"{'type': 'Point', 'coordinates': [-87.605176160557, 41.743873821012]}",,,,,,,,,,
2fd6933bf59da010e76c48ea2292b05fe20c03fc9cbc73829e19270a78f74da8030c9686905f788e914bc64294c1bd3eed876fc400b1b04149a325f0175346b7,2025-08-09T14:51:00.000,30,STOP SIGN/FLASHER,FUNCTIONING PROPERLY,CLEAR,DAYLIGHT,TURNING,DIVIDED - W/MEDIAN (NOT RAISED),STRAIGHT AND LEVEL,DRY,NO DEFECTS,NOT ON SCENE (DESK REPORT),NO INJURY / DRIVE AWAY,,"OVER $1,500",2025-08-09T17:00:00.000,IMPROPER TURNING/NO SIGNAL,NOT APPLICABLE,4001,E,112TH ST,433,2,NO INDICATION OF INJURY,0,0,0,0,0,2,0,14,7,8,41.6917044857,-87.5269847039,"{'type': 'Point', 'coordinates': [-87.526984703862, 41.69170448571]}",,,,,,,,,,
aa192da8ffdbe8ad4b8e297a78d91c7b5b8dfd249707b697fbe6aca8a7a20d70eee868778dc064c3ee60ce2c334991af51fc071cd1b04fee00c5fe0d1ea6d2ae,2025-08-09T14:50:00.000,15,NO CONTROLS,NO CONTROLS,CLEAR,DAYLIGHT,PARKED MOTOR VEHICLE,NOT DIVIDED,STRAIGHT AND LEVEL,DRY,NO DEFECTS,NOT ON SCENE (DESK REPORT),NO INJURY / DRIVE AWAY,,$500 OR LESS,2025-08-09T15:00:00.000,"OPERATING VEHICLE IN ERRATIC, RECKLESS, CARELESS, NEGLIGENT OR AGGRESSIVE MANNER",UNABLE TO DETERMINE,4400,W,IRVING PARK RD,1722,2,NO INDICATION OF INJURY,0,0,0,0,0,2,0,14,7,8,41.9536379431,-87.7381286845,"{'type': 'Point', 'coordinates': [-87.738128684531, 41.953637943136]}",,,Y,,,,,,,
d770bd58485a875099e1b7e186a0094a8ffd50f089bb911d31fc72b8a1402e49a3e248354e3e8ed04b9fffd8e28a7ae7239b8c7701e8628ad96af2f9e0ad2ed4,2025-08-09T14:50:00.000,30,NO CONTROLS,NO CONTROLS,CLEAR,DAYLIGHT,SIDESWIPE SAME DIRECTION,ONE-WAY,STRAIGHT AND LEVEL,DRY,NO DEFECTS,NOT ON SCENE (DESK REPORT),NO INJURY / DRIVE AWAY,,"OVER $1,500",2025-08-11T19:30:00.000,IMPROPER LANE USAGE,NOT APPLICABLE,3624,S,INDIANA AVE,212,2,NO INDICATION OF INJURY,0,0,0,0,0,3,0,14,7,8,41.828865855,-87.6218621504,"{'type': 'Point', 'coordinates': [-87.621862150362, 41.828865855037]}",,,,,,,,,,