crash_record_id,crash_date,posted_speed_limit,traffic_control_device,device_condition,weather_condition,lighting_condition,first_crash_type,trafficway_type,alignment,roadway_surface_cond,road_defect,report_type,crash_type,intersection_related_i,damage,date_police_notified,prim_contributory_cause,sec_contributory_cause,street_no,street_direction,street_name,beat_of_occurrence,num_units,most_severe_injury,injuries_total,injuries_fatal,injuries_incapacitating,injuries_non_incapacitating,injuries_reported_not_evident,injuries_no_indication,injuries_unknown,crash_hour,crash_day_of_week,crash_month,latitude,longitude,location,private_property_i,photos_taken_i,hit_and_run_i,statements_taken_i,crash_date_est_i,work_zone_i,work_zone_type,dooring_i,lane_cnt,workers_present_i
da0733a9c03be042e75a78815432f5af0c2202774d799259d9ceecd254aebfa86f0a20f7b4b4ec41ee0fc508ff7c4a193f436e6234e97594e540ab59f425c534,2025-08-09T14:50:00.000,25,NO CONTROLS,NO CONTROLS,CLEAR,DAYLIGHT,PARKED MOTOR VEHICLE,OTHER,STRAIGHT AND LEVEL,DRY,NO DEFECTS,ON SCENE,INJURY AND / OR TOW DUE TO CRASH,Y,"OVER $1,500",2025-08-09T15:25:00.000,UNABLE TO DETERMINE,NOT APPLICABLE,4900,S,MICHIGAN AVE,224,3,NO INDICATION OF INJURY,0,0,0,0,0,1,0,14,7,8,41.8055521718,-87.622887298,"{'type': 'Point', 'coordinates': [-87.622887297982, 41.805552171805]}",,,N,,,,,,,
86d6bce672e31b409a6efa3d5a6466ba1276e8e3ad51b07c57e9e83f78850c5a54ed33a4f713ecd846917704d8866b0a6c7ba245aa029c375deb68fcfff93ca4,2025-08-09T14:49:00.000,30,NO CONTROLS,NO CONTROLS,CLEAR,DAYLIGHT,HEAD ON,NOT DIVIDED,STRAIGHT AND LEVEL,DRY,UNKNOWN,ON SCENE,NO INJURY / DRIVE AWAY,,"OVER $1,500",2025-08-09T14:49:00.000,PHYSICAL CONDITION OF DRIVER,PHYSICAL CONDITION OF DRIVER,1680,W,62ND ST,714,2,NO INDICATION OF INJURY,0,0,0,0,0,3,0,14,7,8,41.7813705234,-87.6666295708,"{'type': 'Point', 'coordinates': [-87.666629570777, 41.781370523416]}",,,,,,,,,,
2bbb980ac831827ded5a8541fc608389755c8bfa8e09019066b7a0a1d0e7cd919d46948c54d5f4b211d924b60c95a09794aa0a7a28712595795ea0ae71cde0d3,2025-08-09T14:45:00.000,30,TRAFFIC SIGNAL,FUNCTIONING PROPERLY,CLEAR,DAYLIGHT,REAR END,NOT DIVIDED,STRAIGHT AND LEVEL,DRY,NO DEFECTS,NOT ON SCENE (DESK REPORT),NO INJURY / DRIVE AWAY,Y,"OVER $1,500",2025-08-10T12:30:00.000,FOLLOWING TOO CLOSELY,NOT APPLICABLE,9300,S,STONY ISLAND AVE,413,4,NO INDICATION OF INJURY,0,0,0,0,0,4,0,14,7,8,41.7258881,-87.5855587858,"{'type': 'Point', 'coordinates': [-87.585558785787, 41.725888099989]}",,,,,,,,,,
4ff8fc5c2006e6ef96f06fedcf59ea2ec426fd59e0a0168a67f0dc73b43171e31f18caa660aeac247acceb60682cfd7e2a75d7440565831ce7e81101930a2cfd,2025-08-09T14:45:00.000,30,NO CONTROLS,NO CONTROLS,CLEAR,DAYLIGHT,REAR END,NOT DIVIDED,STRAIGHT AND LEVEL,DRY,NO DEFECTS,ON SCENE,NO INJURY / DRIVE AWAY,,$500 OR LESS,2025-08-09T15:00:00.000,FAILING TO REDUCE SPEED TO AVOID CRASH,NOT APPLICABLE,5432,W,55TH ST,814,2,NO INDICATION OF INJURY,0,0,0,0,0,2,0,14,7,8,41.7929021383,-87.7587032141,"{'type': 'Point', 'coordinates': [-87.75870321411, 41.792902138261]}",,,Y,,,,,,,
31ba89ba0b13f95a13ffd22b5b35a55f4f3f430894d1d4ff44f4771511ca56a24cef1b84ef6a2eb90b78d51783c9045e4392b662571282c8d55b9054310ef11f,2025-08-09T14:38:00.000,30,TRAFFIC SIGNAL,FUNCTIONING PROPERLY,CLEAR,DAYLIGHT,TURNING,FOUR WAY,STRAIGHT AND LEVEL,DRY,NO DEFECTS,ON SCENE,NO INJURY / DRIVE AWAY,Y,"$501 - $1,500",2025-08-09T14:38:00.000,IMPROPER TURNING/NO SIGNAL,FAILING TO REDUCE SPEED TO AVOID CRASH,526,E,ILLINOIS ST,1834,2,NO INDICATION OF INJURY,0,0,0,0,0,6,0,14,7,8,41.8912188779,-87.6139154963,"{'type': 'Point', 'coordinates': [-87.613915496298, 41.891218877927]}",,,,,,,,,,
340c72ade8038bece6a62084d6c48312a824672b28e558444982cc54a97c78a40d3e0574bb5693fa9ea0f81323e0cf26deb6015c806ff5ae3d97f8221e781fd2,2025-08-09T14:37:00.000,30,UNKNOWN,UNKNOWN,UNKNOWN,UNKNOWN,REAR END,NOT DIVIDED,STRAIGHT AND LEVEL,UNKNOWN,UNKNOWN,NOT ON SCENE (DESK REPORT),INJURY AND / OR TOW DUE TO CRASH,,"OVER $1,500",2025-08-09T15:40:00.000,UNABLE TO DETERMINE,NOT APPLICABLE,1500,S,HOMAN AVE,1021,2,"REPORTED, NOT EVIDENT",2,0,0,0,2,1,0,14,7,8,41.8607688343,-87.7105312468,"{'type': 'Point', 'coordinates': [-87.71053124677, 41.860768834263]}",,,Y,,,,,,,
4fc2b74adde63d59d8ca5fb31090d71bddeb30c5af28814d57932c92b5a040aec2e0355d57dc4f02a80500beab595097ffb1b27e5e72fba3ca4647018fc6f922,2025-08-09T14:30:00.000,30,TRAFFIC SIGNAL,FUNCTIONING PROPERLY,CLEAR,DAYLIGHT,REAR END,NOT DIVIDED,STRAIGHT AND LEVEL,DRY,NO DEFECTS,NOT ON SCENE (DESK REPORT),NO INJURY / DRIVE AWAY,,"OVER $1,500",2025-08-09T17:00:00.000,FAILING TO REDUCE SPEED TO AVOID CRASH,NOT APPLICABLE,1600,W,DIVERSEY PKWY,1931,2,NO INDICATION OF INJURY,0,0,0,0,0,2,0,14,7,8,41.9325125598,-87.668457304,"{'type': 'Point', 'coordinates': [-87.668457303952, 41.932512559833]}",,,,,,,,,,
5965d1ec6c248770545463d7f16c3a7dec93c7600cdb331f871c4c4adf4a950a7faba03f12f19722e865295c979c2d6748dc1f30639075a6cc54e3aeb36c5c5d,2025-08-09T14:30:00.000,30,NO CONTROLS,NO CONTROLS,CLEAR,DAYLIGHT,PARKED MOTOR VEHICLE,ONE-WAY,STRAIGHT AND LEVEL,WET,SHOULDER DEFECT,ON SCENE,NO INJURY / DRIVE AWAY,,"OVER $1,500",2025-08-09T14:36:00.000,UNABLE TO DETERMINE,NOT APPLICABLE,5,W,TERMINAL ST,1655,2,NO INDICATION OF INJURY,0,0,0,0,0,2,0,14,7,8,,,,,,,,,,,,,
753ba015b6b43ac678ec0779a62578a26cbaec3e01cd1f0b84837d87fb5ae30e33faadfaa13f4f46b8f7088e39e3fcf51f2513d551f97049e893778b9fc6c1b1,2025-08-09T14:30:00.000,30,TRAFFIC SIGNAL,FUNCTIONING PROPERLY,CLEAR,DAYLIGHT,TURNING,FOUR WAY,STRAIGHT AND LEVEL,DRY,NO DEFECTS,NOT ON SCENE (DESK REPORT),NO INJURY / DRIVE AWAY,Y,"OVER $1,500",2025-08-09T17:27:00.000,UNABLE TO DETERMINE,UNABLE TO DETERMINE,7600,S,DR MARTIN LUTHER KING JR DR,623,2,NO INDICATION OF INJURY,0,0,0,0,0,2,0,14,7,8,41.7564901494,-87.6152267936,"{'type': 'Point', 'coordinates': [-87.61522679361, 41.756490149368]}",,,,,,,,,,
764adc8d88b059c9ac845b893ede4da810394f641e423d4827449abb32ccaa0c57f03e18399e62a348a13194ad04cfc89212c2dd0ff5918a9710b34029573354,2025-08-09T14:30:00.000,30,NO CONTROLS,NO CONTROLS,CLEAR,DAYLIGHT,SIDESWIPE SAME DIRECTION,NOT DIVIDED,STRAIGHT AND LEVEL,UNKNOWN,UNKNOWN,NOT ON SCENE (DESK REPORT),NO INJURY / DRIVE AWAY,,$500 OR LESS,2025-08-09T15:30:00.000,FAILING TO YIELD RIGHT-OF-WAY,NOT APPLICABLE,2307,S,PRINCETON AVE,914,2,NO INDICATION OF INJURY,0,0,0,0,0,2,0,14,7,8,41.8506879015,-87.6346081864,"{'type': 'Point', 'coordinates': [-87.634608186409, 41.850687901467]}",,,,,,,,,,
8443b0608c0e196921dbfd6e67183803797411c68cd379088d2c2a0110957fa88a5494ada3c118d604fa435b3bad5faac0417bea35397a19e962a1f476587070,2025-08-09T14:30:00.000,30,TRAFFIC SIGNAL,FUNCTIONING PROPERLY,CLEAR,DAYLIGHT,REAR END,NOT DIVIDED,STRAIGHT AND LEVEL,DRY,NO DEFECTS,ON SCENE,INJURY AND / OR TOW DUE TO CRASH,Y,"$501 - $1,500",2025-08-09T17:10:00.000,NOT APPLICABLE,NOT APPLICABLE,4790,S,COTTAGE GROVE AVE,223,2,"REPORTED, NOT EVIDENT",1,0,0,0,1,1,0,14,7,8,41.8077594246,-87.6066737898,"{'type': 'Point', 'coordinates': [-87.606673789795, 41.807759424616]}",,,,,,,,,,
d58eb7515a2a964be5cdea9bca86d843a771c396bd8366b9ac120896294047e07926173f3b5bb1cbe537f3e9662dc0d3acf1871680d74bbfcf900c35aa8e117b,2025-08-09T14:30:00.000,30,UNKNOWN,UNKNOWN,CLEAR,DAYLIGHT,SIDESWIPE SAME DIRECTION,UNKNOWN,STRAIGHT AND LEVEL,DRY,UNKNOWN,NOT ON SCENE (DESK REPORT),NO INJURY / DRIVE AWAY,,"OVER $1,500",2025-08-09T17:00:00.000,UNABLE TO DETERMINE,UNABLE TO DETERMINE,5500,S,COTTAGE GROVE AVE,233,2,NO INDICATION OF INJURY,0,0,0,0,0,2,0,14,7,8,41.7948782216,-87.6063658143,"{'type': 'Point', 'coordinates': [-87.606365814304, 41.794878221574]}",,,,,,,,,,
9e64657f48a2b9621230ebdd43a44502f74183a958004232b3c95069aa9f6086faaadbc95284503f2e8cb9d623b757a9d18516debb0772b7a71cc6ddd3c7e2ff,2025-08-09T14:28:00.000,35,NO CONTROLS,NO CONTROLS,CLEAR,DAYLIGHT,PARKED MOTOR VEHICLE,NOT DIVIDED,STRAIGHT AND LEVEL,DRY,NO DEFECTS,ON SCENE,INJURY AND / OR TOW DUE TO CRASH,,"OVER $1,500",2025-08-09T14:32:00.000,DISREGARDING STOP SIGN,FAILING TO REDUCE SPEED TO AVOID CRASH,1506,N,MILWAUKEE AVE,1424,2,NONINCAPACITATING INJURY,3,0,0,3,0,3,0,14,7,8,41.9089602474,-87.6754763711,"{'type': 'Point', 'coordinates': [-87.675476371125, 41.908960247383]}",,,,,,,,,,
f7f4dc14fdb3cf34c4fb52da74730c18e4e9e4f07377f961c8e79f388f38f5e9f7028d3ed9a824b30ca7f911e4ddcba664a2740e0b9c2beeec57381e69b07802,2025-08-09T14:24:00.000,30,NO CONTROLS,NO CONTROLS,CLEAR,DAYLIGHT,TURNING,ALLEY,STRAIGHT AND LEVEL,DRY,UNKNOWN,NOT ON SCENE (DESK REPORT),NO INJURY / DRIVE AWAY,,"$501 - $1,500",2025-08-09T15:30:00.000,UNABLE TO DETERMINE,UNABLE TO DETERMINE,3044,S,KENNETH AVE,1031,2,NO INDICATION OF INJURY,0,0,0,0,0,3,0,14,7,8,41.8373372526,-87.7354432591,"{'type': 'Point', 'coordinates': [-87.735443259083, 41.837337252589]}",,,,,Y,,,,,
ac8101d96b94ca0010c9cf5f56fe74c00e32e48f030e37872d64bccff3572e1cf90bd08e16e2260389d7b67b0197057393567a1a2b92f6ae798eca9fb2c36e4b,2025-08-09T14:23:00.000,30,TRAFFIC SIGNAL,FUNCTIONING PROPERLY,CLEAR,DAYLIGHT,SIDESWIPE SAME DIRECTION,ONE-WAY,STRAIGHT AND LEVEL,DRY,NO DEFECTS,NOT ON SCENE (DESK REPORT),NO INJURY / DRIVE AWAY,,"OVER $1,500",2025-08-10T07:00:00.000,UNABLE TO DETERMINE,NOT APPLICABLE,5101,S,MICHIGAN AVE,231,2,NO INDICATION OF INJURY,0,0,0,0,0,2,0,14,7,8,41.8019009725,-87.6224999873,"{'type': 'Point', 'coordinates': [-87.622499987341, 41.801900972456]}",,,,,,,,,,
71b02b874f2d5eab65131ed8e662dfd7cadfb8535e3683b2264059f78d58b2bf5606a615a9ffcc7a051a4c67c4b9464223bc36bff7015270f9081f07b866a573,2025-08-09T14:22:00.000,35,NO CONTROLS,NO CONTROLS,CLEAR,DAYLIGHT,TURNING,DIVIDED - W/MEDIAN (NOT RAISED),STRAIGHT AND LEVEL,DRY,NO DEFECTS,NOT ON SCENE (DESK REPORT),NO INJURY / DRIVE AWAY,,"OVER $1,500",2025-08-09T14:44:00.000,FAILING TO YIELD RIGHT-OF-WAY,NOT APPLICABLE,3557,N,PULASKI RD,1732,2,NO INDICATION OF INJURY,0,0,0,0,0,3,0,14,7,8,41.9462756887,-87.7272509481,"{'type': 'Point', 'coordinates': [-87.727250948097, 41.946275688714]}",,,,,,,,,,
cbae2eafbe2ab25f1667df8f0349240f07f0afa28fd64ba0846ba514d48d43f83a73d1d1ddd5402e7fbd040fcfb7b82c2b41e05f750fb553fdf0b53740fecc4c,2025-08-09T14:20:00.000,30,STOP SIGN/FLASHER,FUNCTIONING PROPERLY,CLEAR,DAYLIGHT,ANGLE,NOT DIVIDED,STRAIGHT AND LEVEL,DRY,NO DEFECTS,ON SCENE,NO INJURY / DRIVE AWAY,Y,"OVER $1,500",2025-08-09T14:24:00.000,FAILING TO YIELD RIGHT-OF-WAY,UNABLE TO DETERMINE,4124,W,47TH ST,815,2,NO INDICATION OF INJURY,0,0,0,0,0,2,0,14,7,8,41.8079363184,-87.7271970583,"{'type': 'Point', 'coordinates': [-87.727197058302, 41.807936318412]}",,,,,,,,,,
990182eee230d5a498d3e869beab6bf8ef4d61a94e7ed066587ccb76ab00b899b95930110134d4795a1bb83b511fca54faf84c0c1c99d07e3822b77d7e89cea1,2025-08-09T14:06:00.000,30,NO CONTROLS,NO CONTROLS,CLEAR,DAYLIGHT,PARKED MOTOR VEHICLE,NOT DIVIDED,STRAIGHT AND LEVEL,DRY,NO DEFECTS,ON SCENE,NO INJURY / DRIVE AWAY,,"OVER $1,500",2025-08-09T14:16:00.000,FOLLOWING TOO CLOSELY,UNABLE TO DETERMINE,65,E,WACKER PL,111,2,NO INDICATION OF INJURY,0,0,0,0,0,1,0,14,7,8,41.8867042302,-87.6254963741,"{'type': 'Point', 'coordinates': [-87.625496374107, 41.886704230249]}",,,,,,,,,,
a69dd2771b1f94b730f4e2ce2fd91bc5972349aa927440f900931b83838099380338e1b0ae610f335aad37f8f975aac0c2240a06f9874ef8a3e851a0b583d5b4,2025-08-09T14:05:00.000,35,NO CONTROLS,NO CONTROLS,CLEAR,DAYLIGHT,TURNING,NOT DIVIDED,STRAIGHT AND LEVEL,DRY,UNKNOWN,NOT ON SCENE (DESK REPORT),INJURY AND / OR TOW DUE TO CRASH,,"OVER $1,500",2025-08-09T15:20:00.000,UNABLE TO DETERMINE,NOT APPLICABLE,4731,W,CHICAGO AVE,1111,2,NO INDICATION OF INJURY,0,0,0,0,0,2,0,14,7,8,41.8949134592,-87.7447752919,"{'type': 'Point', 'coordinates': [-87.744775291919, 41.894913459172]}",,,,,,,,,,
00adf7e0c94f3cc0d32c6162496cb77852457b219adb5022e6961f1887a2538a5a14678ec43427ecd4620f089cc11157b5f3b7edf6968c1ffcf67692ec7c01de,2025-08-09T14:00:00.000,30,STOP SIGN/FLASHER,UNKNOWN,CLEAR,DAYLIGHT,ANGLE,FOUR WAY,STRAIGHT AND LEVEL,DRY,UNKNOWN,NOT ON SCENE (DESK REPORT),NO INJURY / DRIVE AWAY,Y,"OVER $1,500",2025-08-10T16:00:00.000,UNABLE TO DETERMINE,NOT APPLICABLE,6125,S,AUSTIN AVE,812,2,NO INDICATION OF INJURY,0,0,0,0,0,4,0,14,7,8,41.7807611668,-87.7714585021,"{'type': 'Point', 'coordinates': [-87.771458502104, 41.780761166836]}",,,,,,,,,,
2f4110437fec894477940e1582d4fc0e04694267868e110112efd2d1384b500ff31c2ee712c6b05f8dc8dd4a2d52f55d96a5185fc5d823a774247d731c231db3,2025-08-09T14:00:00.000,30,TRAFFIC SIGNAL,FUNCTIONING PROPERLY,CLEAR,DAYLIGHT,REAR END,T-INTERSECTION,STRAIGHT AND LEVEL,DRY,NO DEFECTS,NOT ON SCENE (DESK REPORT),NO INJURY / DRIVE AWAY,Y,"OVER $1,500",2025-08-11T11:45:00.000,FOLLOWING TOO CLOSELY,NOT APPLICABLE,2001,W,PERSHING RD,924,2,NO INDICATION OF INJURY,0,0,0,0,0,4,0,14,7,8,41.823001323,-87.6751435913,"{'type': 'Point', 'coordinates': [-87.675143591289, 41.823001322966]}",,,,,,,,,,
362abad14dc8aba6cb87ae7db22ea1139bbec292daa5a8bcb4c0d9a2ddfc0feeb251fea0106c10c2a95bf9bfe72c1071c8bb97c50afbd156164c1659a49cf809,2025-08-09T14:00:00.000,30,NO CONTROLS,NO CONTROLS,CLEAR,DAYLIGHT,REAR END,DIVIDED - W/MEDIAN (NOT RAISED),STRAIGHT AND LEVEL,DRY,NO DEFECTS,NOT ON SCENE (DESK REPORT),NO INJURY / DRIVE AWAY,,"$501 - $1,500",2025-08-10T13:45:00.000,FAILING TO REDUCE SPEED TO AVOID CRASH,FOLLOWING TOO CLOSELY,1450,N,CICERO AVE,2533,2,NO INDICATION OF INJURY,0,0,0,0,0,3,0,14,7,8,41.9074881596,-87.7462048864,"{'type': 'Point', 'coordinates': [-87.746204886363, 41.907488159553]}",,,,,,,,,,
5c647f390259d50eed152e83e1963c6e6f56bc411fad78648214edfcf14fdcc947428563c740adfd78185433c45582e70e76f7062a15bf2bb9a7caaf42ad9849,2025-08-09T14:00:00.000,30,UNKNOWN,UNKNOWN,CLEAR,DAYLIGHT,REAR END,NOT DIVIDED,STRAIGHT AND LEVEL,UNKNOWN,UNKNOWN,NOT ON SCENE (DESK REPORT),NO INJURY / DRIVE AWAY,,"OVER $1,500",2025-08-09T14:30:00.000,UNABLE TO DETERMINE,UNABLE TO DETERMINE,200,W,CHICAGO AVE,1823,2,NO INDICATION OF INJURY,0,0,0,0,0,2,0,14,7,8,41.8967045494,-87.6342801275,"{'type': 'Point', 'coordinates': [-87.634280127527, 41.896704549412]}",,,,,,,,,,
8bb3db8701918bcaba6e8d8f4c5e4f47786435ff90a645ec312ec46a52597d157ac1605eebf090796313ed2f71c21974c5f9ce5f131fa8214fc04ddf2b34e234,2025-08-09T14:00:00.000,30,UNKNOWN,UNKNOWN,UNKNOWN,UNKNOWN,PARKED MOTOR VEHICLE,PARKING LOT,STRAIGHT AND LEVEL,UNKNOWN,UNKNOWN,NOT ON SCENE (DESK REPORT),NO INJURY / DRIVE AWAY,,$500 OR LESS,2025-08-09T14:38:00.000,UNABLE TO DETERMINE,UNABLE TO DETERMINE,1617,W,TOUHY AVE,2423,2,NO INDICATION OF INJURY,0,0,0,0,0,1,0,14,7,8,42.0125905706,-87.6709275251,"{'type': 'Point', 'coordinates': [-87.670927525113, 42.012590570644]}",Y,,,,,,,,,
ca9eae169718c6dd7f53b6e4fed89da2a68f47ebe73788c6acd311426d293193479a02f9ce99fb7d8e1ce153044be14f5ac37933016b46568cb575675c246834,2025-08-09T14:00:00.000,30,NO CONTROLS,NO CONTROLS,CLEAR,DAYLIGHT,SIDESWIPE SAME DIRECTION,NOT DIVIDED,STRAIGHT AND LEVEL,DRY,NO DEFECTS,NOT ON SCENE (DESK REPORT),NO INJURY / DRIVE AWAY,,"$501 - $1,500",2025-08-09T14:30:00.000,UNABLE TO DETERMINE,NOT APPLICABLE,3617,S,GILES AVE,212,2,NO INDICATION OF INJURY,0,0,0,0,0,2,0,14,7,8,41.8286820311,-87.6191345171,"{'type': 'Point', 'coordinates': [-87.619134517089, 41.828682031122]}",,,,,,,,,,
ce0fe3cb14cd49ee3c14e1cdfa3672077c564a5e8050bcb57f6ed7caba62f2da96bd7dda5d619f1ae6d8f4be9391d5c1838b2de2b9a5921385df95e75482d925,2025-08-09T14:00:00.000,20,NO CONTROLS,NO CONTROLS,CLEAR,DAYLIGHT,PARKED MOTOR VEHICLE,ONE-WAY,STRAIGHT AND LEVEL,DRY,UNKNOWN,NOT ON SCENE (DESK REPORT),NO INJURY / DRIVE AWAY,,"OVER $1,500",2025-08-09T14:20:00.000,UNABLE TO DETERMINE,NOT APPLICABLE,1138,N,MONTICELLO AVE,1112,2,NO INDICATION OF INJURY,0,0,0,0,0,2,0,14,7,8,41.9020840606,-87.7179041091,"{'type': 'Point', 'coordinates': [-87.717904109128, 41.902084060557]}",,,,,,,,,,
d055400eba848005c1699995ae68b1f690856612903a9f8fbe5460f196260e889bbdcfb34c6540724de384afc62f71c450e60976323750abc65a5510dde2c286,2025-08-09T14:00:00.000,30,NO CONTROLS,NO CONTROLS,CLEAR,DAYLIGHT,SIDESWIPE SAME DIRECTION,NOT DIVIDED,STRAIGHT AND LEVEL,DRY,UNKNOWN,NOT ON SCENE (DESK REPORT),NO INJURY / DRIVE AWAY,,"OVER $1,500",2025-08-10T13:05:00.000,IMPROPER OVERTAKING/PASSING,NOT APPLICABLE,50,E,63RD ST,311,2,NO INDICATION OF INJURY,0,0,0,0,0,2,0,14,7,8,41.7801227977,-87.6234004701,"{'type': 'Point', 'coordinates': [-87.623400470138, 41.780122797669]}",,,Y,,,,,,,
6e6f9fb448b19799e60cebd657f542b1d0df08fb380ba18b6243488f134f92167a2f0bfa5fc62f6d96fb1d0ffcba17a00402cd87bcb9bdf75b7d69ad7a96bfb6,2025-08-09T13:56:00.000,30,TRAFFIC SIGNAL,FUNCTIONING PROPERLY,CLEAR,DAYLIGHT,REAR END,NOT DIVIDED,STRAIGHT AND LEVEL,DRY,NO DEFECTS,ON SCENE,NO INJURY / DRIVE AWAY,,"OVER $1,500",2025-08-09T14:00:00.000,FOLLOWING TOO CLOSELY,NOT APPLICABLE,4400,N,MARINE DR,1914,2,NO INDICATION OF INJURY,0,0,0,0,0,2,0,13,7,8,41.9619278009,-87.6470088237,"{'type': 'Point', 'coordinates': [-87.647008823696, 41.961927800876]}",,,,,,,,,,
2931721338e17066c65ec37b48a0e81372c20eb11431b2186feed9d012fb14a3754a3de41fee2203a8ae40288f0ee7a5af686eac3d2d4ed43d8f810a5166a0a4,2025-08-09T13:55:00.000,25,STOP SIGN/FLASHER,FUNCTIONING PROPERLY,CLEAR,DAYLIGHT,REAR TO FRONT,NOT DIVIDED,STRAIGHT AND LEVEL,DRY,NO DEFECTS,,NO INJURY / DRIVE AWAY,N,"$501 - $1,500",2025-08-09T14:55:00.000,DISREGARDING STOP SIGN,DISREGARDING STOP SIGN,9100,S,MARSHFIELD AVE,2221,2,NO INDICATION OF INJURY,0,0,0,0,0,3,0,13,7,8,41.7283515338,-87.6642074076,"{'type': 'Point', 'coordinates': [-87.664207407636, 41.728351533829]}",,,Y,,,,,,,
4796e8c215bd350fdc3bb7c7cb2864372a11abf39bd053b156cc74047400a65fa1f9a505056fd6cb9657351a62c65c3b509049476691ed9aa4d1d3307e8af546,2025-08-09T13:55:00.000,30,TRAFFIC SIGNAL,FUNCTIONING PROPERLY,CLEAR,DAYLIGHT,ANGLE,DIVIDED - W/MEDIAN BARRIER,STRAIGHT AND LEVEL,DRY,NO DEFECTS,NOT ON SCENE (DESK REPORT),INJURY AND / OR TOW DUE TO CRASH,,"OVER $1,500",2025-08-09T15:00:00.000,DISREGARDING TRAFFIC SIGNALS,DISREGARDING TRAFFIC SIGNALS,1600,E,76TH ST,411,2,NONINCAPACITATING INJURY,1,0,0,1,0,1,0,13,7,8,41.7570593922,-87.5856350238,"{'type': 'Point', 'coordinates': [-87.585635023779, 41.757059392156]}",,,Y,,,,,,,
cf7ad8240cfc699bb41ffc93e664a8d88bb8e36f03d878235f55d3c089b459229fbd07627c654c32d65454337eae5665a53dcb327c9e6c0ae6a5ce09b7b7cbed,2025-08-09T13:55:00.000,30,UNKNOWN,UNKNOWN,CLEAR,DAYLIGHT,REAR END,UNKNOWN,STRAIGHT AND LEVEL,UNKNOWN,UNKNOWN,NOT ON SCENE (DESK REPORT),NO INJURY / DRIVE AWAY,,"OVER $1,500",2025-08-09T14:30:00.000,FOLLOWING TOO CLOSELY,UNABLE TO DETERMINE,6545,W,IRVING PARK RD,1632,2,NO INDICATION OF INJURY,0,0,0,0,0,2,0,13,7,8,41.9527336277,-87.7907945494,"{'type': 'Point', 'coordinates': [-87.790794549404, 41.952733627712]}",,,,,,,,,,
63096d1aeb8e0bb2c12756d8cc9368d24a90663caab6926e0cb04b1291709a9d1fe7412570207b6c5a9dbe681b153e830a30246ca3f62c75e341f04895c7f483,2025-08-09T13:50:00.000,30,UNKNOWN,UNKNOWN,UNKNOWN,UNKNOWN,REAR END,NOT DIVIDED,STRAIGHT AND LEVEL,UNKNOWN,UNKNOWN,NOT ON SCENE (DESK REPORT),NO INJURY / DRIVE AWAY,,$500 OR LESS,2025-08-09T15:47:00.000,UNABLE TO DETERMINE,UNABLE TO DETERMINE,4755,N,WESTERN AVE,1911,2,NO INDICATION OF INJURY,0,0,0,0,0,2,0,13,7,8,41.9683583215,-87.6887538542,"{'type': 'Point', 'coordinates': [-87.688753854196, 41.968358321492]}",,,,,,,,,,
6c1a6821ebf0545df596999de0cff9e7766895bfe3bd1bdfbade07815aba7f047841b540cbc656c04a3d78e6d09d3c3b41e661352b2d69f00595d681a35a9d4d,2025-08-09T13:50:00.000,30,NO CONTROLS,NO CONTROLS,CLEAR,DAYLIGHT,REAR END,DIVIDED - W/MEDIAN BARRIER,STRAIGHT AND LEVEL,DRY,NO DEFECTS,ON SCENE,INJURY AND / OR TOW DUE TO CRASH,,"$501 - $1,500",2025-08-09T13:55:00.000,NOT APPLICABLE,NOT APPLICABLE,3331,N,WESTERN AVE,1921,2,NONINCAPACITATING INJURY,1,0,0,1,0,4,0,13,7,8,41.942220431,-87.68784961,"{'type': 'Point', 'coordinates': [-87.687849610029, 41.942220431031]}",,,,,,,,,,
af0a62bd86eedd96e21bde75f19de3262683dc261cad11a08369110d8c04cece8dbfeb5e35def4062d7acd29e9ab325401b913fa88ddc91ed8730fbdaa2bab43,2025-08-09T13:50:00.000,25,NO CONTROLS,NO CONTROLS,CLEAR,DAYLIGHT,REAR END,PARKING LOT,STRAIGHT AND LEVEL,DRY,NO DEFECTS,NOT ON SCENE (DESK REPORT),NO INJURY / DRIVE AWAY,,$500 OR LESS,2025-08-09T14:10:00.000,FAILING TO REDUCE SPEED TO AVOID CRASH,UNABLE TO DETERMINE,6408,S,PULASKI RD,813,2,NO INDICATION OF INJURY,0,0,0,0,0,2,0,13,7,8,41.7765441443,-87.7228517101,"{'type': 'Point', 'coordinates': [-87.722851710082, 41.776544144328]}",Y,,,,,,,,,
29fa0622ef83070c8defb56983aff41f73f67efc39797f13dad269d5800516e6dd60a3bc40253058e5da0497b1756980a8ba895cdac50fb7e6e575c6af384c03,2025-08-09T13:45:00.000,30,NO CONTROLS,NO CONTROLS,CLEAR,DAYLIGHT,SIDESWIPE SAME DIRECTION,DIVIDED - W/MEDIAN BARRIER,STRAIGHT AND LEVEL,DRY,NO DEFECTS,NOT ON SCENE (DESK REPORT),NO INJURY / DRIVE AWAY,,"OVER $1,500",2025-08-09T14:45:00.000,IMPROPER TURNING/NO SIGNAL,IMPROPER OVERTAKING/PASSING,5500,S,INDIANA AVE,231,2,NO INDICATION OF INJURY,0,0,0,0,0,2,0,13,7,8,41.7943689623,-87.6209833126,"{'type': 'Point', 'coordinates': [-87.620983312554, 41.794368962316]}",,,,,,,,,,