crash_record_id,crash_date,posted_speed_limit,traffic_control_device,device_condition,weather_condition,lighting_condition,first_crash_type,trafficway_type,alignment,roadway_surface_cond,road_defect,report_type,crash_type,intersection_related_i,damage,date_police_notified,prim_contributory_cause,sec_contributory_cause,street_no,street_direction,street_name,beat_of_occurrence,num_units,most_severe_injury,injuries_total,injuries_fatal,injuries_incapacitating,injuries_non_incapacitating,injuries_reported_not_evident,injuries_no_indication,injuries_unknown,crash_hour,crash_day_of_week,crash_month,latitude,longitude,location,private_property_i,photos_taken_i,hit_and_run_i,statements_taken_i,crash_date_est_i,work_zone_i,work_zone_type,dooring_i,lane_cnt,workers_present_i
89eebd2b07ab6635793770d06b4d3f413f5e8831f1e507f13819021ee5cd2bae86647bd938f2ea0e388516b8fce651b53febef3e3cb4c8f48c52a17e83d252c5,2025-08-09T13:45:00.000,30,NO CONTROLS,NO CONTROLS,CLEAR,DAYLIGHT,REAR END,DIVIDED - W/MEDIAN BARRIER,STRAIGHT AND LEVEL,DRY,NO DEFECTS,ON SCENE,INJURY AND / OR TOW DUE TO CRASH,,"$501 - $1,500",2025-08-09T16:29:00.000,FOLLOWING TOO CLOSELY,UNABLE TO DETERMINE,1640,E,79TH ST,414,2,NONINCAPACITATING INJURY,1,0,0,1,0,1,0,13,7,8,41.7516129497,-87.5841744999,"{'type': 'Point', 'coordinates': [-87.584174499859, 41.751612949735]}",,,Y,,,,,,,
e40f74e207927e33ea28664c3880497f2938287cdc1b3305b1f64a569bcad542e9b3d43813dbf96c644dd37cd5191be77d3e107e70416f5646e127110b58ad6d,2025-08-09T13:45:00.000,30,NO CONTROLS,NO CONTROLS,CLEAR,DAYLIGHT,SIDESWIPE SAME DIRECTION,ONE-WAY,STRAIGHT AND LEVEL,DRY,NO DEFECTS,NOT ON SCENE (DESK REPORT),NO INJURY / DRIVE AWAY,,"$501 - $1,500",2025-08-09T14:00:00.000,UNABLE TO DETERMINE,NOT APPLICABLE,900,W,98TH PL,2223,2,NO INDICATION OF INJURY,0,0,0,0,0,2,0,13,7,8,41.7151967165,-87.6455373566,"{'type': 'Point', 'coordinates': [-87.645537356601, 41.715196716485]}",,,,,,,,,,
1d6c9b9b9fd7122acfe6018f88d3adb2fe2dc9790e232b380e0da07f040d4c5344ed3bf9d9bc15cccd53c4f6f0e22a4fa9a6f120a1690efcf753aab72d800b58,2025-08-09T13:40:00.000,10,NO CONTROLS,NO CONTROLS,CLEAR,DAYLIGHT,REAR TO REAR,PARKING LOT,STRAIGHT AND LEVEL,DRY,UNKNOWN,NOT ON SCENE (DESK REPORT),NO INJURY / DRIVE AWAY,,"OVER $1,500",2025-08-09T14:00:00.000,FAILING TO YIELD RIGHT-OF-WAY,NOT APPLICABLE,2746,N,CLYBOURN AVE,1931,2,NO INDICATION OF INJURY,0,0,0,0,0,4,0,13,7,8,41.9310210058,-87.6768640181,"{'type': 'Point', 'coordinates': [-87.676864018134, 41.931021005798]}",,,,,Y,,,,,
26c38d110e9ea476bc130bfaf6e1c8ab05a812720d5353bde973f30106e964e70a8faf17461b44098e5318dda4b689e60921b433923c61b084ccce40260eef0a,2025-08-09T13:40:00.000,30,STOP SIGN/FLASHER,NO CONTROLS,CLEAR,DAYLIGHT,ANGLE,FOUR WAY,STRAIGHT AND LEVEL,DRY,NO DEFECTS,ON SCENE,INJURY AND / OR TOW DUE TO CRASH,Y,"OVER $1,500",2025-08-09T13:50:00.000,FAILING TO YIELD RIGHT-OF-WAY,NOT APPLICABLE,7100,W,HIGGINS AVE,1613,2,NO INDICATION OF INJURY,0,0,0,0,0,2,0,13,7,8,41.9807307966,-87.8046773498,"{'type': 'Point', 'coordinates': [-87.804677349803, 41.980730796626]}",,,,,,,,,,
b88f0489aef1053ad97dcc690b23c462945f1ed5420314cf73740180e799aaf5329469114df0a835bdbdf62e2cd1822ff14314454ec18a9aa95105e7e9e7451d,2025-08-09T13:39:00.000,15,NO CONTROLS,NO CONTROLS,CLEAR,DAYLIGHT,PARKED MOTOR VEHICLE,PARKING LOT,STRAIGHT AND LEVEL,DRY,NO DEFECTS,ON SCENE,NO INJURY / DRIVE AWAY,,$500 OR LESS,2025-08-09T13:39:00.000,IMPROPER BACKING,IMPROPER BACKING,3053,W,26TH ST,1033,2,NO INDICATION OF INJURY,0,0,0,0,0,4,0,13,7,8,41.8444663893,-87.7022690254,"{'type': 'Point', 'coordinates': [-87.702269025368, 41.844466389333]}",,,,,,,,,,
3a809ce6d9e5721aa9f83d222b90305c3657700c2a45bce15200d04b1f450a2d6542d0f9eadeff94c8d4ff42a37fb6bd0c3b31698501ce5afadef31c728b56f2,2025-08-09T13:35:00.000,30,UNKNOWN,UNKNOWN,CLEAR,UNKNOWN,FIXED OBJECT,DIVIDED - W/MEDIAN (NOT RAISED),STRAIGHT AND LEVEL,UNKNOWN,UNKNOWN,NOT ON SCENE (DESK REPORT),NO INJURY / DRIVE AWAY,,"OVER $1,500",2025-08-09T15:30:00.000,"OPERATING VEHICLE IN ERRATIC, RECKLESS, CARELESS, NEGLIGENT OR AGGRESSIVE MANNER",NOT APPLICABLE,84,W,43RD ST,213,1,NO INDICATION OF INJURY,0,0,0,0,0,1,0,13,7,8,41.8165679157,-87.6285648842,"{'type': 'Point', 'coordinates': [-87.628564884216, 41.816567915659]}",,,,Y,,,,,,
24209f2bcb8b652565e2fd874131f3a58e2fce2cdc6a4557e41d6cac7adc26eb099d155af675b7748e3b88190f1c06c6e560686fec7b0e5a1c757b52bd70865e,2025-08-09T13:30:00.000,30,STOP SIGN/FLASHER,FUNCTIONING PROPERLY,CLEAR,DAYLIGHT,ANGLE,FOUR WAY,STRAIGHT AND LEVEL,DRY,NO DEFECTS,ON SCENE,INJURY AND / OR TOW DUE TO CRASH,Y,"OVER $1,500",2025-08-09T13:35:00.000,FAILING TO YIELD RIGHT-OF-WAY,UNABLE TO DETERMINE,6301,N,RIDGE AVE,2433,2,NONINCAPACITATING INJURY,2,0,0,1,1,1,0,13,7,8,41.9956493291,-87.6755980161,"{'type': 'Point', 'coordinates': [-87.675598016125, 41.995649329051]}",,,,,,,,,,
7b31302187f55e09b713212af37695d28c0935e6286558891c2b56281e0212e64c1666295ca8ee1da0faa5f9e1f81dc712465c8feca78a10b282c675598c2204,2025-08-09T13:30:00.000,30,STOP SIGN/FLASHER,FUNCTIONING PROPERLY,CLEAR,DAYLIGHT,TURNING,DIVIDED - W/MEDIAN BARRIER,STRAIGHT AND LEVEL,DRY,NO DEFECTS,NOT ON SCENE (DESK REPORT),NO INJURY / DRIVE AWAY,,"OVER $1,500",2025-08-11T10:10:00.000,FAILING TO YIELD RIGHT-OF-WAY,UNABLE TO DETERMINE,2931,N,ASHLAND AVE,1932,2,NO INDICATION OF INJURY,0,0,0,0,0,2,0,13,7,8,41.9350939575,-87.6683460247,"{'type': 'Point', 'coordinates': [-87.668346024673, 41.935093957538]}",,,,,,,,,,
84ad79fc451c35ecf2d57ab8f8198e6e7880b4989a352338f5187c99fd6f3baad35e0d98a9723beefd56f1dacb6d3b971ee6580eb8ae736b63ea3759672539ee,2025-08-09T13:30:00.000,30,UNKNOWN,UNKNOWN,CLEAR,DAYLIGHT,PEDALCYCLIST,NOT DIVIDED,STRAIGHT AND LEVEL,DRY,UNKNOWN,ON SCENE,INJURY AND / OR TOW DUE TO CRASH,,$500 OR LESS,2025-08-09T13:30:00.000,UNABLE TO DETERMINE,UNABLE TO DETERMINE,3052,N,SHEFFIELD AVE,1933,2,NONINCAPACITATING INJURY,1,0,0,1,0,1,0,13,7,8,41.9378656874,-87.6541849078,"{'type': 'Point', 'coordinates': [-87.654184907793, 41.93786568738]}",,,Y,,,,,Y,,
8aed23834a25faf8bdef80c8cd3fdfbcefa30bc1abec9fcc8e4cab6066f664ac15944ea12e8d047063d9d19df3e23160e12c929b0cabaa9c228b766748ab7929,2025-08-09T13:30:00.000,30,TRAFFIC SIGNAL,FUNCTIONING PROPERLY,CLEAR,DAYLIGHT,TURNING,FOUR WAY,STRAIGHT AND LEVEL,DRY,NO DEFECTS,NOT ON SCENE (DESK REPORT),NO INJURY / DRIVE AWAY,Y,"OVER $1,500",2025-08-11T09:30:00.000,IMPROPER TURNING/NO SIGNAL,NOT APPLICABLE,445,E,ILLINOIS ST,1834,2,NO INDICATION OF INJURY,0,0,0,0,0,2,0,13,7,8,41.8909722293,-87.6159968855,"{'type': 'Point', 'coordinates': [-87.615996885493, 41.890972229265]}",,,,,,,,,,
408840efef6ec8c8b7db99b29bc2461ebcc49b182ef811787cbc682dc4639091d43e8938c73892c0d537161bc25203e5e3549b60f380397dd354f8758da736a1,2025-08-09T13:27:00.000,30,TRAFFIC SIGNAL,FUNCTIONING PROPERLY,CLEAR,DAYLIGHT,REAR END,DIVIDED - W/MEDIAN BARRIER,STRAIGHT AND LEVEL,DRY,NO DEFECTS,ON SCENE,INJURY AND / OR TOW DUE TO CRASH,,"OVER $1,500",2025-08-09T13:27:00.000,DRIVING SKILLS/KNOWLEDGE/EXPERIENCE,NOT APPLICABLE,2002,W,GARFIELD BLVD,932,2,"REPORTED, NOT EVIDENT",1,0,0,0,1,4,0,13,7,8,41.7940245359,-87.6744549561,"{'type': 'Point', 'coordinates': [-87.674454956067, 41.79402453592]}",,,,,Y,,,,,
555c616bf8fd9395291a58e779369a666306d1529cb1ac326b104e59385ad98bfb4a3d5314f01241c128ed8ebe0ceb8b021ee523ea456d49c7a9d59c870f3cab,2025-08-09T13:24:00.000,30,TRAFFIC SIGNAL,FUNCTIONING PROPERLY,CLEAR,DAYLIGHT,SIDESWIPE SAME DIRECTION,RAMP,STRAIGHT AND LEVEL,DRY,SHOULDER DEFECT,ON SCENE,NO INJURY / DRIVE AWAY,,"OVER $1,500",2025-08-09T13:40:00.000,UNABLE TO DETERMINE,NOT APPLICABLE,173,N,BESSIE COLEMAN DR,1654,2,NO INDICATION OF INJURY,0,0,0,0,0,2,0,13,7,8,,,,,,,,,,,,,
29378fa6b81a2e10a1e0c343a0216646d84aa17cc56b7b4a19bbc60f4cda99e876655c5fdfcaf44a73abab028e7036bc250d34f355e5f8e65665b28691b086af,2025-08-09T13:19:00.000,30,NO CONTROLS,NO CONTROLS,CLEAR,DAYLIGHT,PEDALCYCLIST,DIVIDED - W/MEDIAN BARRIER,STRAIGHT AND LEVEL,DRY,NO DEFECTS,ON SCENE,INJURY AND / OR TOW DUE TO CRASH,,$500 OR LESS,2025-08-09T13:22:00.000,UNABLE TO DETERMINE,UNABLE TO DETERMINE,4801,N,FRANCISCO AVE,2031,2,NONINCAPACITATING INJURY,1,0,0,1,0,1,0,13,7,8,41.9686901267,-87.6996992856,"{'type': 'Point', 'coordinates': [-87.699699285622, 41.968690126739]}",,,,,,,,,,
526004ad4ab39d83c19ccc1c326e414530535b432cbeb21b4a67f03d30718deca9c1e846e6c997cdd9dd38cdc759723049f07c0f70497f06ae36221853930f2d,2025-08-09T13:15:00.000,30,TRAFFIC SIGNAL,FUNCTIONING PROPERLY,CLEAR,DAYLIGHT,ANGLE,ONE-WAY,STRAIGHT AND LEVEL,DRY,NO DEFECTS,ON SCENE,INJURY AND / OR TOW DUE TO CRASH,Y,"OVER $1,500",2025-08-09T13:20:00.000,DISREGARDING TRAFFIC SIGNALS,UNABLE TO DETERMINE,4900,S,MICHIGAN AVE,224,3,NONINCAPACITATING INJURY,1,0,0,1,0,1,0,13,7,8,41.8055521718,-87.622887298,"{'type': 'Point', 'coordinates': [-87.622887297982, 41.805552171805]}",,,,,,,,,,
be2468da94c78c0ac6b4874f177e879abad153342a5bc1f98dc521a30f277a84315e22feaac6d0d03c341a58f35285a542bb393f8d66c9ce63f6181b3dd53d72,2025-08-09T13:15:00.000,30,UNKNOWN,UNKNOWN,CLEAR,DAYLIGHT,REAR END,UNKNOWN,STRAIGHT AND LEVEL,UNKNOWN,UNKNOWN,NOT ON SCENE (DESK REPORT),NO INJURY / DRIVE AWAY,,"OVER $1,500",2025-08-09T15:30:00.000,UNABLE TO DETERMINE,UNABLE TO DETERMINE,1214,E,53RD ST,234,2,NO INDICATION OF INJURY,0,0,0,0,0,2,0,13,7,8,41.7995723295,-87.5959973319,"{'type': 'Point', 'coordinates': [-87.595997331925, 41.799572329461]}",,,,,,,,,,
de7d4475c6812fb60f8276b419a8790fa2ed7349e358d19db64758f40b29749c6145020eb73422f865065f3fa1491ac8c9df4683e900e3d4fd769fd51701b1a0,2025-08-09T13:15:00.000,30,NO CONTROLS,NO CONTROLS,CLEAR,DAYLIGHT,HEAD ON,ALLEY,STRAIGHT AND LEVEL,DRY,NO DEFECTS,NOT ON SCENE (DESK REPORT),NO INJURY / DRIVE AWAY,Y,"OVER $1,500",2025-08-09T21:15:00.000,FAILING TO YIELD RIGHT-OF-WAY,NOT APPLICABLE,4735,W,CHICAGO AVE,1111,2,NO INDICATION OF INJURY,0,0,0,0,0,2,0,13,7,8,41.8949097093,-87.7449271199,"{'type': 'Point', 'coordinates': [-87.744927119853, 41.894909709256]}",,,,,,,,,,
30df4afe38253e43ce55e77eabb62681ac73e2067d2c9e9c1e23aaf02ca60c8d5fe9327d411024aa853360887db6225597a659cba19deaeaef062a092c53b0af,2025-08-09T13:10:00.000,30,STOP SIGN/FLASHER,FUNCTIONING PROPERLY,CLEAR,DAYLIGHT,REAR END,NOT DIVIDED,STRAIGHT AND LEVEL,DRY,NO DEFECTS,ON SCENE,NO INJURY / DRIVE AWAY,,"OVER $1,500",2025-08-09T13:12:00.000,FOLLOWING TOO CLOSELY,UNABLE TO DETERMINE,1467,W,CHICAGO AVE,1215,2,NO INDICATION OF INJURY,0,0,0,0,0,2,0,13,7,8,41.8960017363,-87.6648587875,"{'type': 'Point', 'coordinates': [-87.664858787524, 41.896001736302]}",,,Y,,,,,,,
4ec7538f7628df76d58faa9b5c240d17934319afe07fa3e7ae15a9251103f9ecc841fa518efad5a509ab29c21eeafc1a39f9815e9b89c654dda46cf7d8c10e4e,2025-08-09T13:10:00.000,30,NO CONTROLS,NO CONTROLS,CLEAR,DAYLIGHT,TURNING,DIVIDED - W/MEDIAN (NOT RAISED),STRAIGHT AND LEVEL,DRY,NO DEFECTS,ON SCENE,NO INJURY / DRIVE AWAY,,"$501 - $1,500",2025-08-09T13:14:00.000,UNABLE TO DETERMINE,UNABLE TO DETERMINE,2458,W,COLUMBUS AVE,835,2,NO INDICATION OF INJURY,0,0,0,0,0,2,0,13,7,8,41.7582278485,-87.6853112305,"{'type': 'Point', 'coordinates': [-87.685311230539, 41.758227848532]}",,,,,,,,,,
d962f7920be030b33b466e66234a29f77e6da033ec4d5a4fa0ac1e658f44f90a22dd210f255b92bdabf0395a72a8ef6cbec6cae5dc93529a51e04fb435abfbf0,2025-08-09T13:08:00.000,30,NO CONTROLS,NO CONTROLS,CLEAR,DAYLIGHT,REAR END,DIVIDED - W/MEDIAN (NOT RAISED),STRAIGHT AND LEVEL,DRY,NO DEFECTS,NOT ON SCENE (DESK REPORT),NO INJURY / DRIVE AWAY,,"OVER $1,500",2025-08-09T14:45:00.000,FOLLOWING TOO CLOSELY,UNABLE TO DETERMINE,4850,S,COTTAGE GROVE AVE,223,2,NO INDICATION OF INJURY,0,0,0,0,0,2,0,13,7,8,41.8062097758,-87.6066411751,"{'type': 'Point', 'coordinates': [-87.606641175145, 41.806209775759]}",,,Y,,,,,,,
5aadcaf623de64d68b4923477dfda2000e7eab9a4048249ec0d560a990ef7dfcfbd1579afe410cbfd4901a0ffd6f1afedd15f188bb0c8285a4d4ca023168ac65,2025-08-09T13:01:00.000,30,STOP SIGN/FLASHER,FUNCTIONING PROPERLY,CLEAR,DAYLIGHT,ANGLE,FOUR WAY,STRAIGHT AND LEVEL,DRY,NO DEFECTS,NOT ON SCENE (DESK REPORT),NO INJURY / DRIVE AWAY,,"$501 - $1,500",2025-08-09T13:02:00.000,FAILING TO YIELD RIGHT-OF-WAY,UNABLE TO DETERMINE,6400,S,STEWART AVE,722,2,NO INDICATION OF INJURY,0,0,0,0,0,2,0,13,7,8,41.7779988663,-87.6351433981,"{'type': 'Point', 'coordinates': [-87.635143398111, 41.777998866289]}",,,,,,,,,,
18f01934e529f4f367308c185abb9942a076d0da985b9f2157141f3fe542b31b1c0443c41248baa5d4d982b2f35c4c5ab1df90dc45f8e3ab9350bfe0775db39c,2025-08-09T13:00:00.000,30,TRAFFIC SIGNAL,FUNCTIONING PROPERLY,CLEAR,DAYLIGHT,TURNING,NOT DIVIDED,STRAIGHT AND LEVEL,DRY,NO DEFECTS,ON SCENE,INJURY AND / OR TOW DUE TO CRASH,,"OVER $1,500",2025-08-09T13:05:00.000,UNABLE TO DETERMINE,UNABLE TO DETERMINE,6199,N,LINCOLN AVE,1711,2,NO INDICATION OF INJURY,0,0,0,0,0,3,0,13,7,8,41.9945423053,-87.7138967838,"{'type': 'Point', 'coordinates': [-87.713896783814, 41.994542305274]}",,,,,,,,,,
3fcdddafe5fd0163635082ff6c61a9add80d32ab2f12c7fc1d4ce20b232c5c1944e333307de1b69d688483d0bde9d64b1981131111e381be3d4b9aa2f6dc8d35,2025-08-09T13:00:00.000,30,TRAFFIC SIGNAL,FUNCTIONING PROPERLY,CLEAR,DAYLIGHT,SIDESWIPE SAME DIRECTION,DIVIDED - W/MEDIAN (NOT RAISED),STRAIGHT AND LEVEL,DRY,NO DEFECTS,NOT ON SCENE (DESK REPORT),NO INJURY / DRIVE AWAY,,"OVER $1,500",2025-08-09T13:15:00.000,FAILING TO YIELD RIGHT-OF-WAY,IMPROPER LANE USAGE,3718,N,ELSTON AVE,1733,2,NO INDICATION OF INJURY,0,0,0,0,0,4,0,13,7,8,41.948869047,-87.7123401222,"{'type': 'Point', 'coordinates': [-87.71234012218, 41.948869046966]}",,,Y,,,,,,,
61648c6694ee5f54238905f71fb2925e0f1d3df8626e650753340f0800d314221d670c461bffedd4442e9ad443ee31a9951b17d9a2a99f37f246e34b21f1eba3,2025-08-09T13:00:00.000,20,NO CONTROLS,NO CONTROLS,CLEAR,DAYLIGHT,SIDESWIPE SAME DIRECTION,ONE-WAY,STRAIGHT AND LEVEL,DRY,UNKNOWN,NOT ON SCENE (DESK REPORT),NO INJURY / DRIVE AWAY,,"OVER $1,500",2025-08-09T13:25:00.000,UNABLE TO DETERMINE,NOT APPLICABLE,2258,N,SAYRE AVE,2512,2,NO INDICATION OF INJURY,0,0,0,0,0,2,0,13,7,8,41.921057979,-87.8008083149,"{'type': 'Point', 'coordinates': [-87.800808314891, 41.921057979002]}",,,,,,,,,,
66cf5793d4bde1de664423207af7b5fa26fb57671d53dac4fd367cb7e99bd50b0774168883e8718b5a367712d5deb57e0e0208b2e1ed0f6759293f39fc753d70,2025-08-09T13:00:00.000,35,NO CONTROLS,NO CONTROLS,CLEAR,DAYLIGHT,REAR END,NOT DIVIDED,STRAIGHT AND LEVEL,UNKNOWN,UNKNOWN,NOT ON SCENE (DESK REPORT),NO INJURY / DRIVE AWAY,,$500 OR LESS,2025-08-10T12:11:00.000,FOLLOWING TOO CLOSELY,UNABLE TO DETERMINE,5033,N,ELSTON AVE,1712,2,NO INDICATION OF INJURY,0,0,0,0,0,2,0,13,7,8,41.9723492826,-87.7468250858,"{'type': 'Point', 'coordinates': [-87.746825085785, 41.97234928256]}",,,,,,,,,,
8d75c9e8e8cc8ad3a3946a5a99ad0a9e6d207d0df41b47652cd3efb127fda7683ce8b98bc29f3f17fe5c6aad6dd7931318e009e8f880b2e2ba1032da26f3abfe,2025-08-09T13:00:00.000,20,NO CONTROLS,NO CONTROLS,CLEAR,DAYLIGHT,PARKED MOTOR VEHICLE,DIVIDED - W/MEDIAN (NOT RAISED),STRAIGHT AND LEVEL,DRY,NO DEFECTS,ON SCENE,NO INJURY / DRIVE AWAY,,"OVER $1,500",2025-08-09T14:54:00.000,DRIVING SKILLS/KNOWLEDGE/EXPERIENCE,DRIVING SKILLS/KNOWLEDGE/EXPERIENCE,211,S,KARLOV AVE,1115,2,NO INDICATION OF INJURY,0,0,0,0,0,1,0,13,7,8,41.877572442,-87.7278673348,"{'type': 'Point', 'coordinates': [-87.727867334808, 41.877572442001]}",,,Y,,,,,,,
f18746b1977e71ebd77e6af596ec3fc1930d8bc43f0790a52ada4a0632b70b499d4eaee69c4624cd380f9109b879dad7f9c6d83b56069e25bff4092730f2225e,2025-08-09T13:00:00.000,5,NO CONTROLS,NO CONTROLS,CLEAR,DAYLIGHT,FIXED OBJECT,PARKING LOT,STRAIGHT AND LEVEL,DRY,NO DEFECTS,ON SCENE,NO INJURY / DRIVE AWAY,,$500 OR LESS,2025-08-09T14:12:00.000,DRIVING SKILLS/KNOWLEDGE/EXPERIENCE,UNABLE TO DETERMINE,3921,S,ARCHER AVE,921,1,NO INDICATION OF INJURY,0,0,0,0,0,1,0,13,7,8,41.8223222795,-87.6905898163,"{'type': 'Point', 'coordinates': [-87.690589816343, 41.822322279545]}",Y,,,,,,,,,
1d4b258e03f4e16709d77d0220a78ab1199a960943164c792a9650d796027495c49d3668f86c717eed0d245bcb57ae6e1e459a3a10739f0c41b6cdae8ab9a76d,2025-08-09T12:45:00.000,30,NO CONTROLS,NO CONTROLS,CLEAR,DAYLIGHT,ANGLE,NOT DIVIDED,STRAIGHT AND LEVEL,DRY,NO DEFECTS,NOT ON SCENE (DESK REPORT),NO INJURY / DRIVE AWAY,,"$501 - $1,500",2025-08-09T15:15:00.000,UNABLE TO DETERMINE,NOT APPLICABLE,5152,S,CALUMET AVE,231,2,NO INDICATION OF INJURY,0,0,0,0,0,2,0,12,7,8,41.8005650665,-87.6178589266,"{'type': 'Point', 'coordinates': [-87.617858926562, 41.800565066516]}",,,,,,,,,,
219d9a979f645002c747183e621084b3af64935bf0b03fdcba762b9a33041b3433d9df4500ae44294e770efcde387c957bec1bdb005c8f552c63cb76022486c3,2025-08-09T12:45:00.000,30,NO CONTROLS,NO CONTROLS,CLEAR,DAYLIGHT,SIDESWIPE SAME DIRECTION,NOT DIVIDED,STRAIGHT AND LEVEL,DRY,UNKNOWN,NOT ON SCENE (DESK REPORT),NO INJURY / DRIVE AWAY,,$500 OR LESS,2025-08-09T13:30:00.000,IMPROPER LANE USAGE,NOT APPLICABLE,4311,S,ARCHER AVE,922,2,NO INDICATION OF INJURY,0,0,0,0,0,2,0,12,7,8,41.8151237777,-87.7023307606,"{'type': 'Point', 'coordinates': [-87.702330760573, 41.8151237777]}",,,Y,,,,,,,
06133a7c1f72f0781ea38b8c5dd676921a85b1ca7d6368c62832b0b5b44b72376e27b81b5e4a46a538fed12629aaf37852f303f50a6b52298239a868cbab2e78,2025-08-09T12:40:00.000,30,TRAFFIC SIGNAL,FUNCTIONING PROPERLY,CLEAR,DAYLIGHT,ANGLE,NOT DIVIDED,STRAIGHT AND LEVEL,DRY,NO DEFECTS,ON SCENE,NO INJURY / DRIVE AWAY,,"OVER $1,500",2025-08-09T12:40:00.000,FAILING TO YIELD RIGHT-OF-WAY,DRIVING SKILLS/KNOWLEDGE/EXPERIENCE,8700,S,ASHLAND AVE,2221,2,NO INDICATION OF INJURY,0,0,0,0,0,2,0,12,7,8,41.7356969886,-87.6632095445,"{'type': 'Point', 'coordinates': [-87.663209544457, 41.735696988636]}",,,Y,,,,,,,
ac3dbcfa8a621c260eeb1ca1dd01a9805593b63c83c9b6f1ce02ae718bed2d720fa1b7fe55d912e62968e42b637214e771cc4898c09411a2fbe2f6f6fc4ba21b,2025-08-09T12:40:00.000,30,TRAFFIC SIGNAL,FUNCTIONING PROPERLY,CLEAR,DAYLIGHT,PARKED MOTOR VEHICLE,FOUR WAY,STRAIGHT AND LEVEL,DRY,NO DEFECTS,ON SCENE,NO INJURY / DRIVE AWAY,,"$501 - $1,500",2025-08-09T12:45:00.000,RELATED TO BUS STOP,UNABLE TO DETERMINE,4357,S,ARCHER AVE,922,2,NO INDICATION OF INJURY,0,0,0,0,0,2,0,12,7,8,41.8143290556,-87.703626593,"{'type': 'Point', 'coordinates': [-87.703626592992, 41.814329055564]}",,,,,,,,,,
d267570f18b2b6771d21a0c4171ca4bd62826623bf5f78774ba52ee032823b0cd174bfb5ef95e75e01e3cba559bf88aa5cf1c54666a5f35a7086d6bc8981d218,2025-08-09T12:36:00.000,30,NO CONTROLS,NO CONTROLS,CLEAR,DAYLIGHT,PEDESTRIAN,FOUR WAY,STRAIGHT AND LEVEL,DRY,NO DEFECTS,ON SCENE,INJURY AND / OR TOW DUE TO CRASH,Y,$500 OR LESS,2025-08-09T15:39:00.000,UNABLE TO DETERMINE,UNABLE TO DETERMINE,7000,S,DR MARTIN LUTHER KING JR DR,322,2,NONINCAPACITATING INJURY,1,0,0,1,0,1,0,12,7,8,41.7674771765,-87.6154518101,"{'type': 'Point', 'coordinates': [-87.615451810109, 41.767477176487]}",,,Y,,,,,,,
31f9f658d158216c217da7f595258a6280e4576ba5fd4810cbc772217a1901bf64c8d6adf83c8b0e5e52b6e231aad89bf151a5358525221979c3a5a067fcf7b9,2025-08-09T12:30:00.000,30,OTHER,FUNCTIONING PROPERLY,CLEAR,DAYLIGHT,SIDESWIPE SAME DIRECTION,NOT DIVIDED,STRAIGHT AND LEVEL,DRY,NO DEFECTS,NOT ON SCENE (DESK REPORT),NO INJURY / DRIVE AWAY,,$500 OR LESS,2025-08-09T13:45:00.000,IMPROPER LANE USAGE,NOT APPLICABLE,2458,W,MADISON ST,1222,2,NO INDICATION OF INJURY,0,0,0,0,0,3,0,12,7,8,41.8812472328,-87.6883909402,"{'type': 'Point', 'coordinates': [-87.688390940241, 41.881247232761]}",,,,,,,,,,
7c53f739ac4660dd15ab8d7e1205afafd9b49eb1d2261f765bfd2e507df49cd921cda5f6d5d2a9cd28e3e68ab4933e9114f8a6d77a5d1bb421f89500b3342b2d,2025-08-09T12:30:00.000,35,STOP SIGN/FLASHER,FUNCTIONING PROPERLY,CLEAR,DAYLIGHT,ANGLE,NOT DIVIDED,STRAIGHT AND LEVEL,DRY,NO DEFECTS,ON SCENE,INJURY AND / OR TOW DUE TO CRASH,Y,"OVER $1,500",2025-08-09T12:35:00.000,FAILING TO YIELD RIGHT-OF-WAY,NOT APPLICABLE,1800,W,107TH ST,2212,2,"REPORTED, NOT EVIDENT",1,0,0,0,1,1,0,12,7,8,41.6994135033,-87.6669991732,"{'type': 'Point', 'coordinates': [-87.666999173223, 41.699413503262]}",,,,,,,,,,
3cc6418384634aa4d5b5b131eefc03194e2e18167fb21ffd78421328176211a590005965380b24ebdc85ed0ab728131d25ec197cb282fda840b1807f447116b5,2025-08-09T12:25:00.000,30,TRAFFIC SIGNAL,FUNCTIONING PROPERLY,CLEAR,DAYLIGHT,REAR END,NOT DIVIDED,STRAIGHT AND LEVEL,DRY,NO DEFECTS,ON SCENE,NO INJURY / DRIVE AWAY,,"OVER $1,500",2025-08-09T15:29:00.000,FAILING TO REDUCE SPEED TO AVOID CRASH,NOT APPLICABLE,722,W,18TH ST,1235,3,NO INDICATION OF INJURY,0,0,0,0,0,9,0,12,7,8,41.8576670831,-87.645711382,"{'type': 'Point', 'coordinates': [-87.645711382012, 41.857667083082]}",,,Y,,,,,,,
0d84fe14322a036b671aa2e7a1384f7d1a1c1a2e86421b5373a92ba08a26597cc9ccc57cb8a9461a0611aa937c9993ed211eaed65f11f30462abf6641dd4614b,2025-08-09T12:20:00.000,30,UNKNOWN,UNKNOWN,CLEAR,DAYLIGHT,TURNING,NOT DIVIDED,STRAIGHT AND LEVEL,DRY,UNKNOWN,ON SCENE,INJURY AND / OR TOW DUE TO CRASH,Y,"OVER $1,500",2025-08-09T12:25:00.000,UNABLE TO DETERMINE,UNABLE TO DETERMINE,3401,W,PETERSON AVE,1711,2,NONINCAPACITATING INJURY,1,0,0,1,0,1,0,12,7,8,41.9902123256,-87.7140436153,"{'type': 'Point', 'coordinates': [-87.714043615307, 41.990212325566]}",,,,,,,,,,