crash_record_id,crash_date,posted_speed_limit,traffic_control_device,device_condition,weather_condition,lighting_condition,first_crash_type,trafficway_type,alignment,roadway_surface_cond,road_defect,report_type,crash_type,intersection_related_i,damage,date_police_notified,prim_contributory_cause,sec_contributory_cause,street_no,street_direction,street_name,beat_of_occurrence,num_units,most_severe_injury,injuries_total,injuries_fatal,injuries_incapacitating,injuries_non_incapacitating,injuries_reported_not_evident,injuries_no_indication,injuries_unknown,crash_hour,crash_day_of_week,crash_month,latitude,longitude,location,private_property_i,photos_taken_i,hit_and_run_i,statements_taken_i,crash_date_est_i,work_zone_i,work_zone_type,dooring_i,lane_cnt,workers_present_i
9a30a508337dd99a537c1a5b3b213254ebdedb23f7c112b0612530f7d873e8c6a8f1ff76189440594b78bf69cb67aaadb57da0749ece04499c73b9e063c112c0,2025-08-09T12:18:00.000,20,TRAFFIC SIGNAL,FUNCTIONING PROPERLY,CLEAR,DAYLIGHT,ANGLE,FOUR WAY,STRAIGHT AND LEVEL,DRY,UNKNOWN,ON SCENE,INJURY AND / OR TOW DUE TO CRASH,Y,"OVER $1,500",2025-08-09T12:18:00.000,UNABLE TO DETERMINE,UNABLE TO DETERMINE,7400,S,STONY ISLAND AVE,324,2,NO INDICATION OF INJURY,0,0,0,0,0,2,0,12,7,8,41.7605411501,-87.5863302784,"{'type': 'Point', 'coordinates': [-87.58633027841, 41.760541150061]}",,,,,,,,,,
d71d4f9e32828dff2143d0cf7b4c3bb2540c1fbae417d05234df6065042c314799d90530f01930c6ce20de8c1b9b1f94a712e348d2e9a0eeff47756261e85ffb,2025-08-09T12:15:00.000,10,NO CONTROLS,NO CONTROLS,CLEAR,DAYLIGHT,OTHER OBJECT,PARKING LOT,STRAIGHT AND LEVEL,UNKNOWN,UNKNOWN,NOT ON SCENE (DESK REPORT),NO INJURY / DRIVE AWAY,,"OVER $1,500",2025-08-09T13:22:00.000,UNABLE TO DETERMINE,UNABLE TO DETERMINE,3006,W,ROOSEVELT RD,1134,2,NO INDICATION OF INJURY,0,0,0,0,0,2,0,12,7,8,41.8665620266,-87.7011268337,"{'type': 'Point', 'coordinates': [-87.70112683375, 41.866562026556]}",,,,,,,,,,
6848f0eb000b88a3bd374bcbead39e7564055be3c288732d0dc67b8afcddfaae7edf0d0910736c754397104e2174488b65e84665258717953fa5b2aa52f2e872,2025-08-09T12:10:00.000,30,NO CONTROLS,NO CONTROLS,CLEAR,DAYLIGHT,TURNING,NOT DIVIDED,STRAIGHT AND LEVEL,UNKNOWN,UNKNOWN,NOT ON SCENE (DESK REPORT),NO INJURY / DRIVE AWAY,,"OVER $1,500",2025-08-09T12:10:00.000,FAILING TO YIELD RIGHT-OF-WAY,UNABLE TO DETERMINE,4946,N,MILWAUKEE AVE,1623,2,NO INDICATION OF INJURY,0,0,0,0,0,2,0,12,7,8,41.9706775856,-87.7634289442,"{'type': 'Point', 'coordinates': [-87.76342894418, 41.97067758561]}",,,,,,,,,,
fa04950666c55149eccd59c05fe3a673105ce17cb556e1d6fb4ac5c947493fea9456baa026b24ef6ea4897cfec757327b6afa7d34379c85fba30be19324271b8,2025-08-09T12:10:00.000,30,NO CONTROLS,NO CONTROLS,CLEAR,DAYLIGHT,ANGLE,T-INTERSECTION,STRAIGHT AND LEVEL,DRY,UNKNOWN,NOT ON SCENE (DESK REPORT),NO INJURY / DRIVE AWAY,,"OVER $1,500",2025-08-09T13:15:00.000,UNABLE TO DETERMINE,UNABLE TO DETERMINE,2410,N,BERNARD ST,1413,2,NO INDICATION OF INJURY,0,0,0,0,0,2,0,12,7,8,41.9250184891,-87.7134859936,"{'type': 'Point', 'coordinates': [-87.713485993553, 41.925018489119]}",,,,,,,,,,
ff1e5d6b1785fe30a6f33f747d31689958bfab143130875b2496cc0ce16b7c26b790e3b40bcf0a7a2a264bc8ced5c18ec73e9afd2706827edc245903856dcae4,2025-08-09T12:10:00.000,30,TRAFFIC SIGNAL,UNKNOWN,CLEAR,DAYLIGHT,ANGLE,NOT DIVIDED,STRAIGHT AND LEVEL,UNKNOWN,UNKNOWN,NOT ON SCENE (DESK REPORT),NO INJURY / DRIVE AWAY,,"OVER $1,500",2025-08-09T13:01:00.000,UNABLE TO DETERMINE,UNABLE TO DETERMINE,2410,N,AUSTIN AVE,2512,2,NO INDICATION OF INJURY,0,0,0,0,0,2,0,12,7,8,41.9241399468,-87.7758733398,"{'type': 'Point', 'coordinates': [-87.775873339815, 41.924139946811]}",,,,,,,,,,
4bb9b1102600161fe7a034a34945367d0145751f66c2f124d14583f855bdf404df263ae03db50b3e4f017989b0d6a9b58b41bb44a3f8b0c1904e8c97b6cb0ace,2025-08-09T12:06:00.000,25,OTHER,NO CONTROLS,CLEAR,DAYLIGHT,OTHER OBJECT,ONE-WAY,STRAIGHT AND LEVEL,DRY,NO DEFECTS,ON SCENE,INJURY AND / OR TOW DUE TO CRASH,,"OVER $1,500",2025-08-09T12:06:00.000,FAILING TO REDUCE SPEED TO AVOID CRASH,UNABLE TO DETERMINE,200,S,LAVERGNE AVE,1533,2,NONINCAPACITATING INJURY,1,0,0,1,0,1,0,12,7,8,41.8784959092,-87.7494937272,"{'type': 'Point', 'coordinates': [-87.749493727206, 41.87849590917]}",,,,,,,,,,
21db3c0dda804cac1676ed28ab8c8fb585eb4b50e92aa42afc938a6c020ba8d147725c4c7b687667ab68f0f2d42bb743168176ed1868392b71717b51d02b26f7,2025-08-09T12:05:00.000,30,TRAFFIC SIGNAL,FUNCTIONING PROPERLY,CLEAR,DAYLIGHT,REAR END,NOT DIVIDED,STRAIGHT AND LEVEL,DRY,NO DEFECTS,ON SCENE,INJURY AND / OR TOW DUE TO CRASH,,$500 OR LESS,2025-08-09T12:14:00.000,FOLLOWING TOO CLOSELY,UNABLE TO DETERMINE,5300,W,MADISON ST,1522,2,"REPORTED, NOT EVIDENT",1,0,0,0,1,2,0,12,7,8,41.8804471974,-87.7577550463,"{'type': 'Point', 'coordinates': [-87.757755046348, 41.880447197368]}",,,,,Y,,,,,
61f63b9dd7acca9d27208bbc676c0592e534a727311afb4457c514a9bad73e9bbc5a79bd6e99cfa4e03baeb80060f11c8629a01868e85218ad9f711ac6004b7f,2025-08-09T12:00:00.000,30,NO CONTROLS,NO CONTROLS,CLEAR,DAYLIGHT,SIDESWIPE SAME DIRECTION,ONE-WAY,STRAIGHT AND LEVEL,DRY,NO DEFECTS,NOT ON SCENE (DESK REPORT),NO INJURY / DRIVE AWAY,,"OVER $1,500",2025-08-09T13:35:00.000,FAILING TO YIELD RIGHT-OF-WAY,FAILING TO YIELD RIGHT-OF-WAY,5142,S,CALUMET AVE,231,2,NO INDICATION OF INJURY,0,0,0,0,0,2,0,12,7,8,41.8008379656,-87.6178649473,"{'type': 'Point', 'coordinates': [-87.617864947262, 41.800837965621]}",,,,,,,,,,
63ceedf39b240fbbaf2dbabf18ba378e3ed2cfd9f1ab836c1d3d83ef5749355bd4a79f850405f7a1a5a06c64df77916870e15a673ad88ada24979956e5ef4661,2025-08-09T12:00:00.000,10,NO CONTROLS,NO CONTROLS,UNKNOWN,UNKNOWN,PARKED MOTOR VEHICLE,PARKING LOT,STRAIGHT AND LEVEL,UNKNOWN,UNKNOWN,NOT ON SCENE (DESK REPORT),NO INJURY / DRIVE AWAY,,"$501 - $1,500",2025-08-09T14:25:00.000,"OPERATING VEHICLE IN ERRATIC, RECKLESS, CARELESS, NEGLIGENT OR AGGRESSIVE MANNER",NOT APPLICABLE,3637,S,STATE ST,213,2,NO INDICATION OF INJURY,0,0,0,0,0,1,0,12,7,8,41.8285333132,-87.6263556589,"{'type': 'Point', 'coordinates': [-87.626355658888, 41.828533313193]}",Y,,Y,Y,Y,,,,,
8c6b8f552e614b3ee5d31409612203f931e3422763d70e14c38afe6f37776f37197edb80ba1c9f2711d64b1bab4545429f32316aa32193a35d0ed6198d152df4,2025-08-09T12:00:00.000,30,TRAFFIC SIGNAL,UNKNOWN,CLEAR,DAYLIGHT,SIDESWIPE SAME DIRECTION,NOT DIVIDED,STRAIGHT AND LEVEL,DRY,UNKNOWN,NOT ON SCENE (DESK REPORT),NO INJURY / DRIVE AWAY,,"OVER $1,500",2025-08-10T11:23:00.000,UNABLE TO DETERMINE,UNABLE TO DETERMINE,432,W,83RD ST,622,2,NO INDICATION OF INJURY,0,0,0,0,0,2,0,12,7,8,41.744011704,-87.6352416324,"{'type': 'Point', 'coordinates': [-87.635241632437, 41.744011703955]}",,,,Y,,,,,,
9df88f83f129e7cd598b74026ff58f3bfb3e6e23476ed928b0b0f48d99f02c4ce3cb6e400dfd5014a4388a91003263d7c58fb83b95960410563e926c87597773,2025-08-09T12:00:00.000,30,TRAFFIC SIGNAL,FUNCTIONING PROPERLY,CLEAR,DAYLIGHT,TURNING,DIVIDED - W/MEDIAN (NOT RAISED),STRAIGHT AND LEVEL,DRY,NO DEFECTS,NOT ON SCENE (DESK REPORT),NO INJURY / DRIVE AWAY,Y,"OVER $1,500",2025-08-09T12:35:00.000,FAILING TO YIELD RIGHT-OF-WAY,FAILING TO YIELD RIGHT-OF-WAY,4800,N,KEDZIE AVE,1713,2,NO INDICATION OF INJURY,0,0,0,0,0,3,0,12,7,8,41.968539734,-87.7086221452,"{'type': 'Point', 'coordinates': [-87.708622145243, 41.968539734001]}",,,Y,,,,,,,
9e1090f763ea918eafea00dafae56016e44bc001a16d9083b261ea6ffaee8ae6f1882e4366c113e1f8645f4d282b81d3c8284deea410e1e8513fffd9b3807e10,2025-08-09T12:00:00.000,30,NO CONTROLS,NO CONTROLS,CLEAR,DAYLIGHT,PARKED MOTOR VEHICLE,NOT DIVIDED,STRAIGHT AND LEVEL,DRY,NO DEFECTS,NOT ON SCENE (DESK REPORT),NO INJURY / DRIVE AWAY,,"$501 - $1,500",2025-08-09T16:09:00.000,UNABLE TO DETERMINE,UNABLE TO DETERMINE,201,E,29TH ST,133,2,NO INDICATION OF INJURY,0,0,0,0,0,1,0,12,7,8,41.841883721,-87.6218964362,"{'type': 'Point', 'coordinates': [-87.621896436228, 41.841883721017]}",,,Y,,,,,,,
b6304ec8bfcc3e7ed1ca08eb54d6c27584f7be15221e8704963d06626713623b291f5898b862ffc00de6d495b8d451d14a88ec854a5ee681fda7e37a95165f34,2025-08-09T12:00:00.000,30,NO CONTROLS,NO CONTROLS,CLEAR,DAYLIGHT,ANGLE,T-INTERSECTION,STRAIGHT AND LEVEL,DRY,NO DEFECTS,ON SCENE,INJURY AND / OR TOW DUE TO CRASH,Y,"OVER $1,500",2025-08-09T12:18:00.000,DISREGARDING STOP SIGN,UNABLE TO DETERMINE,6600,S,DR MARTIN LUTHER KING JR DR,312,2,NONINCAPACITATING INJURY,1,0,0,1,0,3,0,12,7,8,41.7746934593,-87.6156368216,"{'type': 'Point', 'coordinates': [-87.615636821647, 41.774693459289]}",,,,,,,,,,
c58711bf3e594ab633761e574a8620f6148cc75a01a2df4bf968d500fc7d59327c8ab15d1cbfc90fec15e4920fc4b3fd3a064afaf6ce74f26b54b0861bf592aa,2025-08-09T12:00:00.000,10,NO CONTROLS,NO CONTROLS,CLEAR,UNKNOWN,PARKED MOTOR VEHICLE,PARKING LOT,STRAIGHT AND LEVEL,UNKNOWN,UNKNOWN,NOT ON SCENE (DESK REPORT),NO INJURY / DRIVE AWAY,,"OVER $1,500",2025-08-09T22:35:00.000,UNABLE TO DETERMINE,UNABLE TO DETERMINE,3600,N,RECREATION DR,1925,2,NO INDICATION OF INJURY,0,0,0,0,0,1,0,12,7,8,41.9488655712,-87.6430342452,"{'type': 'Point', 'coordinates': [-87.643034245157, 41.948865571246]}",,,Y,,,,,,,
d9fd6ecf669e2df518d3626407179fa7c636fe21056118709fa0e34f10ab97586ec9d704f382456df51aef4b3d474aec71debab25423a6a50920a21ffa93a9d4,2025-08-09T11:57:00.000,30,NO CONTROLS,NO CONTROLS,CLEAR,DAYLIGHT,PARKED MOTOR VEHICLE,ONE-WAY,STRAIGHT AND LEVEL,DRY,NO DEFECTS,ON SCENE,NO INJURY / DRIVE AWAY,,"$501 - $1,500",2025-08-09T11:58:00.000,FOLLOWING TOO CLOSELY,UNABLE TO DETERMINE,3301,W,ARDMORE AVE,1711,2,NO INDICATION OF INJURY,0,0,0,0,0,1,0,11,7,8,41.9865633279,-87.7114855823,"{'type': 'Point', 'coordinates': [-87.711485582298, 41.98656332789]}",,,Y,,,,,,,
bb0aed0555107b70fc415bb6077e52d6058eca3ba31b4af2110e6ac835fdbf5567382183ae3717904b60e702adec509b62744eabb0a829607ca1f4b4f498d0db,2025-08-09T11:50:00.000,30,NO CONTROLS,NO CONTROLS,CLEAR,DAYLIGHT,REAR END,DIVIDED - W/MEDIAN (NOT RAISED),STRAIGHT AND LEVEL,DRY,"RUT, HOLES",ON SCENE,INJURY AND / OR TOW DUE TO CRASH,,"OVER $1,500",2025-08-09T11:52:00.000,UNABLE TO DETERMINE,UNABLE TO DETERMINE,1034,W,GARFIELD BLVD,934,2,NONINCAPACITATING INJURY,3,0,0,1,2,2,0,11,7,8,41.7943362042,-87.6513016553,"{'type': 'Point', 'coordinates': [-87.651301655294, 41.79433620415]}",,,Y,,,,,,,
f05ed124df923f75d4c9ff5733a0ed8952dd9376132d2c7648d5327769630f6025dc8be7b2ff8dba4a147661647a66330544b08808bc78ec31156905c983babd,2025-08-09T11:50:00.000,30,STOP SIGN/FLASHER,FUNCTIONING PROPERLY,CLEAR,DAYLIGHT,TURNING,OTHER,STRAIGHT AND LEVEL,DRY,NO DEFECTS,NOT ON SCENE (DESK REPORT),NO INJURY / DRIVE AWAY,,"OVER $1,500",2025-08-09T12:10:00.000,FAILING TO YIELD RIGHT-OF-WAY,NOT APPLICABLE,4820,N,PULASKI RD,1712,2,NO INDICATION OF INJURY,0,0,0,0,0,2,0,11,7,8,41.9689253525,-87.7281959482,"{'type': 'Point', 'coordinates': [-87.728195948218, 41.968925352509]}",,,,,,,,,,
a99ce05799d2658d82859b58e60b95cde732b53dd9e8acd81c8ae8992b307835684d1c98ab5b9cc6dd9c5a99d62d3ba4bfc8c166aeedafcec2c43fb1b153d6be,2025-08-09T11:44:00.000,30,TRAFFIC SIGNAL,FUNCTIONING PROPERLY,CLEAR,DAYLIGHT,TURNING,NOT DIVIDED,STRAIGHT AND LEVEL,DRY,NO DEFECTS,NOT ON SCENE (DESK REPORT),NO INJURY / DRIVE AWAY,Y,"$501 - $1,500",2025-08-09T19:35:00.000,UNABLE TO DETERMINE,NOT APPLICABLE,3980,N,SOUTHPORT AVE,1922,2,NO INDICATION OF INJURY,0,0,0,0,0,3,0,11,7,8,41.9542624883,-87.6643608702,"{'type': 'Point', 'coordinates': [-87.664360870245, 41.954262488348]}",,,,,,,,,,
e55e4a3f4f0aa723d61acee9cc13df7ccc931a0e888d0f9a14434a8ca790d03f26e01b1add76584c74cd9eace17e30aea464a8dc2a6d06267bddf7cc8c142c5f,2025-08-09T11:42:00.000,30,NO CONTROLS,NO CONTROLS,CLEAR,DAYLIGHT,REAR END,DIVIDED - W/MEDIAN BARRIER,STRAIGHT AND LEVEL,DRY,NO DEFECTS,ON SCENE,NO INJURY / DRIVE AWAY,,"OVER $1,500",2025-08-09T11:42:00.000,FOLLOWING TOO CLOSELY,NOT APPLICABLE,1817,W,PETERSON AVE,2012,3,NO INDICATION OF INJURY,0,0,0,0,0,3,0,11,7,8,41.9906309903,-87.6759148172,"{'type': 'Point', 'coordinates': [-87.675914817206, 41.990630990268]}",,,Y,Y,,,,,,
14c3809d3bf03edbf1f7676db0600d6e897b26e2d95882588f8d06a363ce74b592f86786d0837133178e068c8bacd53cb99beab98693c136507356c2293b4385,2025-08-09T11:40:00.000,30,TRAFFIC SIGNAL,NO CONTROLS,CLEAR,DAYLIGHT,SIDESWIPE SAME DIRECTION,NOT DIVIDED,STRAIGHT AND LEVEL,DRY,NO DEFECTS,NOT ON SCENE (DESK REPORT),NO INJURY / DRIVE AWAY,,"OVER $1,500",2025-08-09T12:00:00.000,UNABLE TO DETERMINE,NOT APPLICABLE,600,W,IRVING PARK DR,1915,2,NO INDICATION OF INJURY,0,0,0,0,0,3,0,11,7,8,41.954745513,-87.6453293959,"{'type': 'Point', 'coordinates': [-87.645329395868, 41.954745512967]}",,,,,,,,,,
f41c9c284becb38f839dadff8d415319256cbcf31c5115bc232b22ec450b97b17dc55a4aaa3d23783e31e23c3a88ed896665c5d8d47a2d07859d9d4aaf3f6732,2025-08-09T11:39:00.000,30,TRAFFIC SIGNAL,FUNCTIONING PROPERLY,CLEAR,DAYLIGHT,ANGLE,NOT DIVIDED,STRAIGHT AND LEVEL,DRY,NO DEFECTS,ON SCENE,INJURY AND / OR TOW DUE TO CRASH,Y,"OVER $1,500",2025-08-09T11:41:00.000,DISREGARDING TRAFFIC SIGNALS,NOT APPLICABLE,5900,S,DAMEN AVE,714,2,NONINCAPACITATING INJURY,2,0,0,2,0,1,0,11,7,8,41.7865334538,-87.67424315,"{'type': 'Point', 'coordinates': [-87.674243150013, 41.786533453836]}",,,,,,,,,,
274cc8e5743a54b1308eb06ad9bb30304888800237295cf396d21313b12523b72bd52f316e3f64dcd4279bdb46c38a250fbb10fed29a9d2b7f8e4e9271c37e7c,2025-08-09T11:33:00.000,35,NO CONTROLS,NO CONTROLS,CLEAR,DAYLIGHT,TURNING,DIVIDED - W/MEDIAN (NOT RAISED),STRAIGHT AND LEVEL,DRY,NO DEFECTS,ON SCENE,INJURY AND / OR TOW DUE TO CRASH,,"OVER $1,500",2025-08-09T11:35:00.000,FAILING TO YIELD RIGHT-OF-WAY,UNABLE TO DETERMINE,7045,S,PULASKI RD,833,2,NO INDICATION OF INJURY,0,0,0,0,0,2,0,11,7,8,41.7645896091,-87.7222396043,"{'type': 'Point', 'coordinates': [-87.722239604294, 41.764589609122]}",,,,,,,,,,
7a60cedeca619aa6e29a6b586900c7c912aa5740e6dd33204c10f3f291e6dbdbc390eb27a6318711e43ef3d2c5c563c1332cb1195b02df2f1ef21cca8b381e18,2025-08-09T11:30:00.000,30,NO CONTROLS,NO CONTROLS,CLEAR,DAYLIGHT,SIDESWIPE SAME DIRECTION,DIVIDED - W/MEDIAN (NOT RAISED),STRAIGHT AND LEVEL,DRY,NO DEFECTS,NOT ON SCENE (DESK REPORT),NO INJURY / DRIVE AWAY,,"OVER $1,500",2025-08-09T13:30:00.000,IMPROPER LANE USAGE,UNABLE TO DETERMINE,6040,N,SHERIDAN RD,2433,2,NO INDICATION OF INJURY,0,0,0,0,0,3,0,11,7,8,41.9921323097,-87.6555980265,"{'type': 'Point', 'coordinates': [-87.655598026495, 41.99213230967]}",,,Y,,,,,,,
dfeaffa57569f316e1834e130b399bb962be112b518c4c6bb54147b309528569998a2965687de0d7df1435f45df1cfaa77c834bd29835cbbbf76c0e146a25f2f,2025-08-09T11:18:00.000,30,NO CONTROLS,NO CONTROLS,CLEAR,DAYLIGHT,SIDESWIPE SAME DIRECTION,DIVIDED - W/MEDIAN (NOT RAISED),STRAIGHT AND LEVEL,DRY,NO DEFECTS,NOT ON SCENE (DESK REPORT),NO INJURY / DRIVE AWAY,,"OVER $1,500",2025-08-09T12:00:00.000,IMPROPER LANE USAGE,UNABLE TO DETERMINE,3519,N,CICERO AVE,1731,2,NO INDICATION OF INJURY,0,0,0,0,0,3,0,11,7,8,41.9452385534,-87.7468918112,"{'type': 'Point', 'coordinates': [-87.746891811225, 41.945238553433]}",,,,,,,,,,
cc3a6adcdace005b5005c6fd25043cf2563210d5898b1f6ae9f67adcbe44dfcea089a4781cd45128fe9c25107d6b4da2d7871bf3434f4eb37522252f78e2b132,2025-08-09T11:17:00.000,30,NO CONTROLS,NO CONTROLS,CLEAR,DAYLIGHT,SIDESWIPE SAME DIRECTION,ONE-WAY,STRAIGHT AND LEVEL,DRY,NO DEFECTS,NOT ON SCENE (DESK REPORT),NO INJURY / DRIVE AWAY,,"$501 - $1,500",2025-08-09T17:38:00.000,IMPROPER OVERTAKING/PASSING,NOT APPLICABLE,5828,S,SAWYER AVE,822,2,NO INDICATION OF INJURY,0,0,0,0,0,2,0,11,7,8,41.7871618702,-87.7047455217,"{'type': 'Point', 'coordinates': [-87.704745521662, 41.787161870237]}",,,,,,,,,,
ddb13524bfa60e49c67835465412ad17a3ab6eb062d2e2ad8403a17b5785b074c469d38ef2589e23dbe9424379646deb57c0ddc3da0a5a165ef3c8cb210ac395,2025-08-09T11:15:00.000,40,NO CONTROLS,NO CONTROLS,CLEAR,DAYLIGHT,REAR END,OTHER,STRAIGHT AND LEVEL,DRY,UNKNOWN,ON SCENE,INJURY AND / OR TOW DUE TO CRASH,,"OVER $1,500",2025-08-09T11:17:00.000,IMPROPER LANE USAGE,NOT APPLICABLE,3930,N,LAKE SHORE DR SB,1925,2,NO INDICATION OF INJURY,0,0,0,0,0,3,0,11,7,8,41.9538617614,-87.6449135906,"{'type': 'Point', 'coordinates': [-87.644913590629, 41.953861761419]}",,,,,,,,,,
4d8e85f0c2b3c48bf377138e541fa27411c59489424f01da48e283efe2a8d285ed689e29d3eaa20a436e222a76182dedec33c0369513b49c56c4ffd160373dc8,2025-08-09T11:00:00.000,30,NO CONTROLS,NO CONTROLS,CLEAR,DAYLIGHT,ANGLE,NOT DIVIDED,STRAIGHT AND LEVEL,DRY,NO DEFECTS,NOT ON SCENE (DESK REPORT),INJURY AND / OR TOW DUE TO CRASH,,"OVER $1,500",2025-08-09T21:10:00.000,FAILING TO YIELD RIGHT-OF-WAY,UNABLE TO DETERMINE,2415,N,BERNARD ST,1413,2,"REPORTED, NOT EVIDENT",1,0,0,0,1,2,0,11,7,8,41.9251354247,-87.7131954817,"{'type': 'Point', 'coordinates': [-87.713195481676, 41.925135424678]}",,,,,,,,,,
751e2d89b55a253ba73b206bc6345e3adbe17ede0b74056a1d1f5deeb2d27b413f7b9820a085373141b8e4296e92201fa1b10f90bd8213c67957ba232f8ef3c0,2025-08-09T11:00:00.000,30,STOP SIGN/FLASHER,FUNCTIONING PROPERLY,CLEAR,DAYLIGHT,REAR END,NOT DIVIDED,STRAIGHT AND LEVEL,DRY,NO DEFECTS,NOT ON SCENE (DESK REPORT),NO INJURY / DRIVE AWAY,,"OVER $1,500",2025-08-09T13:00:00.000,FOLLOWING TOO CLOSELY,NOT APPLICABLE,3732,E,106TH ST,432,2,NO INDICATION OF INJURY,0,0,0,0,0,2,0,11,7,8,41.70283052,-87.5328059461,"{'type': 'Point', 'coordinates': [-87.532805946096, 41.702830520008]}",,,Y,,,,,,,
9eb5ee3668f58ab23878eee4bcd318cb8f3645cdee28d51ae8049ba6ba976964a26d98f12e575b0ba76ea0692e0c8011a543b53f892c67fa2b69654a1de118da,2025-08-09T11:00:00.000,30,NO CONTROLS,NO CONTROLS,CLEAR,DAYLIGHT,REAR TO SIDE,ONE-WAY,STRAIGHT AND LEVEL,DRY,UNKNOWN,,NO INJURY / DRIVE AWAY,,"$501 - $1,500",2025-08-09T16:30:00.000,UNABLE TO DETERMINE,NOT APPLICABLE,4000,S,INDIANA AVE,213,2,NO INDICATION OF INJURY,0,0,0,0,0,2,0,11,7,8,41.8219215388,-87.6217014813,"{'type': 'Point', 'coordinates': [-87.621701481275, 41.821921538799]}",,,,,,,,,,
cefd6b1fe02f100dc459850b2d971e53bb0d7612e63593745ac7db9855cd0cadd336e66d3a6d9fb08568ab2c5f2f44e8b740a6bb1f87b7915c5a41f408823bb8,2025-08-09T11:00:00.000,30,TRAFFIC SIGNAL,FUNCTIONING PROPERLY,CLEAR,DAYLIGHT,REAR END,FOUR WAY,STRAIGHT AND LEVEL,DRY,NO DEFECTS,NOT ON SCENE (DESK REPORT),NO INJURY / DRIVE AWAY,Y,"$501 - $1,500",2025-08-09T11:20:00.000,UNABLE TO DETERMINE,UNABLE TO DETERMINE,8701,S,HALSTED ST,2223,2,NO INDICATION OF INJURY,0,0,0,0,0,3,0,11,7,8,41.7357908524,-87.6434658255,"{'type': 'Point', 'coordinates': [-87.643465825495, 41.735790852391]}",,,,Y,,,,,,
135c0527427daecc5819362c8a920a1c11d4ca99c69887e135248062ef4b78fa7a7b81e8c479b021832fe8e42f27bef935a6c4893031f65059b6217f1f11d06f,2025-08-09T10:59:00.000,10,NO CONTROLS,NO CONTROLS,CLEAR,DAYLIGHT,PARKED MOTOR VEHICLE,PARKING LOT,STRAIGHT AND LEVEL,DRY,NO DEFECTS,ON SCENE,NO INJURY / DRIVE AWAY,,"$501 - $1,500",2025-08-09T11:04:00.000,UNABLE TO DETERMINE,UNABLE TO DETERMINE,2544,N,NARRAGANSETT AVE,2512,2,NO INDICATION OF INJURY,0,0,0,0,0,1,0,10,7,8,41.9269019903,-87.7857156981,"{'type': 'Point', 'coordinates': [-87.785715698062, 41.926901990254]}",Y,,,,,,,,,
222c0c2ec4d2c26edd4459a74a3d37f73a909bcd2f3974eeb5e33e6bc1953dcc708deb2f167f835ed7c92e24b83dd6ff7b1b013f6c5d261963ee08c48b802b18,2025-08-09T10:45:00.000,30,UNKNOWN,UNKNOWN,CLEAR,"DARKNESS, LIGHTED ROAD",REAR END,NOT DIVIDED,STRAIGHT AND LEVEL,DRY,NO DEFECTS,NOT ON SCENE (DESK REPORT),NO INJURY / DRIVE AWAY,,"OVER $1,500",2025-08-09T11:58:00.000,IMPROPER BACKING,IMPROPER BACKING,1143,W,WAVELAND AVE,1923,2,NO INDICATION OF INJURY,0,0,0,0,0,2,0,10,7,8,41.9488682344,-87.6585404629,"{'type': 'Point', 'coordinates': [-87.658540462925, 41.948868234355]}",,,,,,,,,,
d0143c2689648988240b40f3c469c0529047bd86866f340aacf70d21d19c9ea18599fcf97950e8d6c1cf4137639625a4668e6f2db0b2f8978541c7fc0a408045,2025-08-09T10:40:00.000,10,NO CONTROLS,NO CONTROLS,CLEAR,DAYLIGHT,PARKED MOTOR VEHICLE,NOT DIVIDED,STRAIGHT AND LEVEL,DRY,NO DEFECTS,NOT ON SCENE (DESK REPORT),NO INJURY / DRIVE AWAY,,"$501 - $1,500",2025-08-09T12:20:00.000,IMPROPER BACKING,NOT APPLICABLE,6110,W,63RD ST,812,2,NO INDICATION OF INJURY,0,0,0,0,0,2,0,10,7,8,41.7779153185,-87.7744623742,"{'type': 'Point', 'coordinates': [-87.774462374225, 41.777915318531]}",,,,,,,,,,
319cbededcf3bda3398d4259c0bbb9c2185c74da28846b2f5db0356c055cdc6796bb1ac3f362c136268e249cd09ffe08b0c7baf63a7a15f70e46dff71d64018d,2025-08-09T10:30:00.000,30,UNKNOWN,UNKNOWN,CLEAR,DAYLIGHT,SIDESWIPE SAME DIRECTION,NOT DIVIDED,STRAIGHT AND LEVEL,UNKNOWN,UNKNOWN,NOT ON SCENE (DESK REPORT),NO INJURY / DRIVE AWAY,,"OVER $1,500",2025-08-09T15:30:00.000,UNABLE TO DETERMINE,UNABLE TO DETERMINE,1419,N,SANDBURG TER,1821,2,NO INDICATION OF INJURY,0,0,0,0,0,2,0,10,7,8,41.9083323256,-87.6320493634,"{'type': 'Point', 'coordinates': [-87.632049363406, 41.90833232561]}",,,,,,,,,,
c11d7751747d6998a9caaec1d517e6797ac7b84e2d6be83de50289120ffb60b63e47130158c8b915725e608e4f6934274ede15c9a41eea0527a412c79c9bc4f6,2025-08-09T10:30:00.000,30,STOP SIGN/FLASHER,FUNCTIONING PROPERLY,CLEAR,DAYLIGHT,SIDESWIPE SAME DIRECTION,ONE-WAY,STRAIGHT AND LEVEL,DRY,NO DEFECTS,,NO INJURY / DRIVE AWAY,,"OVER $1,500",2025-08-09T12:00:00.000,UNABLE TO DETERMINE,NOT APPLICABLE,757,E,49TH ST,223,2,NO INDICATION OF INJURY,0,0,0,0,0,2,0,10,7,8,41.805782825,-87.606545328,"{'type': 'Point', 'coordinates': [-87.606545328006, 41.805782825022]}",,,,,,,,,,