crash_record_id,crash_date,posted_speed_limit,traffic_control_device,device_condition,weather_condition,lighting_condition,first_crash_type,trafficway_type,alignment,roadway_surface_cond,road_defect,report_type,crash_type,intersection_related_i,damage,date_police_notified,prim_contributory_cause,sec_contributory_cause,street_no,street_direction,street_name,beat_of_occurrence,num_units,most_severe_injury,injuries_total,injuries_fatal,injuries_incapacitating,injuries_non_incapacitating,injuries_reported_not_evident,injuries_no_indication,injuries_unknown,crash_hour,crash_day_of_week,crash_month,latitude,longitude,location,private_property_i,photos_taken_i,hit_and_run_i,statements_taken_i,crash_date_est_i,work_zone_i,work_zone_type,dooring_i,lane_cnt,workers_present_i
c8f31925df032594cdef8eb5de656acb0aca6adc74d921e3a11443b7434389b144ca39dc7261aeafd254ed550eabd735a8e8562e5053363af03b5b89732926e7,2025-08-09T10:30:00.000,25,NO CONTROLS,NO CONTROLS,CLEAR,DAYLIGHT,SIDESWIPE SAME DIRECTION,ONE-WAY,STRAIGHT AND LEVEL,DRY,NO DEFECTS,NOT ON SCENE (DESK REPORT),NO INJURY / DRIVE AWAY,,"OVER $1,500",2025-08-11T14:06:00.000,UNABLE TO DETERMINE,NOT APPLICABLE,8202,S,INDIANA AVE,631,2,NO INDICATION OF INJURY,0,0,0,0,0,2,0,10,7,8,41.7454071313,-87.6197616882,"{'type': 'Point', 'coordinates': [-87.619761688187, 41.745407131343]}",,,,,,,,,,
f5242081f5649c6a12207d29e69c861136a13ba4b2c6e8c3e15ccff8d5b9ec24b6c3a6341d526e3fbf6340f22c9c1171b2dfcae6c16dbdf0a8239ba5eb25bf62,2025-08-09T10:30:00.000,30,NO CONTROLS,NO CONTROLS,CLEAR,DAYLIGHT,REAR END,DIVIDED - W/MEDIAN (NOT RAISED),STRAIGHT AND LEVEL,DRY,UNKNOWN,NOT ON SCENE (DESK REPORT),NO INJURY / DRIVE AWAY,,"OVER $1,500",2025-08-09T11:00:00.000,FAILING TO REDUCE SPEED TO AVOID CRASH,UNABLE TO DETERMINE,4735,W,DIVERSEY AVE,2521,2,NO INDICATION OF INJURY,0,0,0,0,0,3,0,10,7,8,41.9314374586,-87.745554271,"{'type': 'Point', 'coordinates': [-87.745554270981, 41.931437458646]}",,,,,,,,,,
f820e6422049987372773d223e149901ebd00fec21ce5fc8f170eee0ee305f85d7d918930856f9981c5ecad84cd9677c1430d82aac1e3547cc27eadd1ef91e72,2025-08-09T10:30:00.000,30,NO CONTROLS,UNKNOWN,CLEAR,DAYLIGHT,SIDESWIPE SAME DIRECTION,NOT DIVIDED,STRAIGHT AND LEVEL,DRY,UNKNOWN,NOT ON SCENE (DESK REPORT),NO INJURY / DRIVE AWAY,,"OVER $1,500",2025-08-09T11:05:00.000,UNABLE TO DETERMINE,UNABLE TO DETERMINE,5714,S,CALUMET AVE,232,2,NO INDICATION OF INJURY,0,0,0,0,0,3,0,10,7,8,41.7906584128,-87.6176438585,"{'type': 'Point', 'coordinates': [-87.617643858465, 41.790658412848]}",,,Y,,,,,,,
3ee9f701717fcc0da0b4bf0efe556a94b29f2d25d6bfe7c4298c4fc2613077ae72ce1b2fe0d94e2ac272fc8521dd739353d93c581ccf21c3d7235cf540cd4058,2025-08-09T10:20:00.000,30,NO CONTROLS,NO CONTROLS,CLEAR,DAYLIGHT,PEDALCYCLIST,NOT DIVIDED,STRAIGHT AND LEVEL,DRY,UNKNOWN,,NO INJURY / DRIVE AWAY,,"OVER $1,500",2025-08-11T09:45:00.000,UNABLE TO DETERMINE,NOT APPLICABLE,1173,N,HAMLIN AVE,1112,2,NO INDICATION OF INJURY,0,0,0,0,0,2,0,10,7,8,41.9026234511,-87.721281877,"{'type': 'Point', 'coordinates': [-87.721281877032, 41.902623451117]}",,,Y,,,,,,,
20ab2ede6f1f71d4ddb49c28945a533f6f821214077104fd601b928df471699f46636fadfe50e82be2b87b9746cb1ba2c9a240c6a83fd2d8abd8d90f9e8be7e8,2025-08-09T10:15:00.000,30,TRAFFIC SIGNAL,FUNCTIONING PROPERLY,CLEAR,DAYLIGHT,REAR END,"FIVE POINT, OR MORE",STRAIGHT AND LEVEL,DRY,NO DEFECTS,ON SCENE,INJURY AND / OR TOW DUE TO CRASH,,"OVER $1,500",2025-08-09T10:31:00.000,FAILING TO REDUCE SPEED TO AVOID CRASH,FOLLOWING TOO CLOSELY,9450,S,SOUTH CHICAGO AVE,424,2,NONINCAPACITATING INJURY,2,0,0,2,0,1,0,10,7,8,41.7234807142,-87.5467628398,"{'type': 'Point', 'coordinates': [-87.546762839804, 41.723480714197]}",,,,,,,,,,
6bfa5abdaf30d95256fc1a8b4886a44102ce4a4a91883b8ef266ffc1d9b6f503ef33d645b592dc3eb820ae10bd2348d37dbf4b439b6108661fbea664cef30307,2025-08-09T10:15:00.000,30,TRAFFIC SIGNAL,FUNCTIONING PROPERLY,CLEAR,DAYLIGHT,REAR TO SIDE,DIVIDED - W/MEDIAN BARRIER,STRAIGHT AND LEVEL,DRY,NO DEFECTS,NOT ON SCENE (DESK REPORT),NO INJURY / DRIVE AWAY,,"OVER $1,500",2025-08-09T15:45:00.000,IMPROPER BACKING,IMPROPER LANE USAGE,111,E,WACKER DR,114,2,NO INDICATION OF INJURY,0,0,0,0,0,2,0,10,7,8,41.8880794261,-87.6240473698,"{'type': 'Point', 'coordinates': [-87.624047369764, 41.888079426105]}",,,,,,,,,,
735319549afe40b649d5948c7bfaba1353d44b0e6437a55d904c7f1376a2cab39497cca5a2cefe09773972e6f7f9a92183cc905ca5eb22ec0801fdd735ec344b,2025-08-09T10:15:00.000,30,TRAFFIC SIGNAL,FUNCTIONING PROPERLY,CLEAR,DAYLIGHT,REAR END,DIVIDED - W/MEDIAN (NOT RAISED),STRAIGHT AND LEVEL,DRY,NO DEFECTS,ON SCENE,INJURY AND / OR TOW DUE TO CRASH,,"OVER $1,500",2025-08-09T10:17:00.000,DISTRACTION - FROM INSIDE VEHICLE,UNABLE TO DETERMINE,7301,S,CICERO AVE,833,3,"REPORTED, NOT EVIDENT",1,0,0,0,1,3,0,10,7,8,41.7603882393,-87.7416271687,"{'type': 'Point', 'coordinates': [-87.741627168712, 41.76038823931]}",,,,,,,,,,
b359bb70df9e4a60c5fc81dbb684d8007c3efa08eb967ef546d43adaa695474fa06f816b3764b1deb5ca0758ddd2f5830af764e730ae7765ddd125e1f3a7ced1,2025-08-09T10:05:00.000,30,NO CONTROLS,NO CONTROLS,CLEAR,DAYLIGHT,SIDESWIPE SAME DIRECTION,DIVIDED - W/MEDIAN BARRIER,STRAIGHT AND LEVEL,DRY,UNKNOWN,ON SCENE,NO INJURY / DRIVE AWAY,,"$501 - $1,500",2025-08-09T10:12:00.000,IMPROPER OVERTAKING/PASSING,UNABLE TO DETERMINE,2607,N,MILWAUKEE AVE,1411,2,NO INDICATION OF INJURY,0,0,0,0,0,4,0,10,7,8,41.9291100093,-87.7072389973,"{'type': 'Point', 'coordinates': [-87.70723899729, 41.929110009263]}",,,,,,N,,,,
07fb161987f74ed15765e78886322b490ab12bd3b082df65457d91efcf3a6cbb1fb0b57166e4967f549dc1e028e11ca6f081dcb2973e453b6547eac33ed028cc,2025-08-09T10:03:00.000,30,NO CONTROLS,NO CONTROLS,CLEAR,DAYLIGHT,REAR TO REAR,PARKING LOT,STRAIGHT AND LEVEL,DRY,NO DEFECTS,ON SCENE,NO INJURY / DRIVE AWAY,,"OVER $1,500",2025-08-09T10:05:00.000,UNABLE TO DETERMINE,UNABLE TO DETERMINE,3800,N,RECREATION DR,1925,2,NO INDICATION OF INJURY,0,0,0,0,0,3,0,10,7,8,41.9523666637,-87.6443928893,"{'type': 'Point', 'coordinates': [-87.644392889299, 41.952366663728]}",,,,,,,,,,
423725520eca467d354945946bd2d31c7ec96f26d4430a3288c532ae9e7785d4bba86a65cd854fb027c7740567eb92e91f85b3bac5fae2a3607c53c525860517,2025-08-09T10:03:00.000,30,NO CONTROLS,NO CONTROLS,CLEAR,DAYLIGHT,SIDESWIPE SAME DIRECTION,DIVIDED - W/MEDIAN (NOT RAISED),STRAIGHT AND LEVEL,DRY,NO DEFECTS,ON SCENE,INJURY AND / OR TOW DUE TO CRASH,,"OVER $1,500",2025-08-09T10:07:00.000,FAILING TO YIELD RIGHT-OF-WAY,FAILING TO REDUCE SPEED TO AVOID CRASH,3436,S,WESTERN BLVD,911,2,NO INDICATION OF INJURY,0,0,0,0,0,3,0,10,7,8,41.8310537243,-87.6846561529,"{'type': 'Point', 'coordinates': [-87.684656152866, 41.831053724332]}",,,N,,,,,,,
05c878297a5b709e75ac15bc572bca69b166fea00aba3c4ab9bbd80e7e57282da4a7959d844611277fe559cf49e1cb922fc28a1ac30dd9333e553860a4b52b86,2025-08-09T10:00:00.000,20,NO CONTROLS,NO CONTROLS,CLEAR,DAYLIGHT,SIDESWIPE SAME DIRECTION,ONE-WAY,STRAIGHT AND LEVEL,DRY,NO DEFECTS,ON SCENE,NO INJURY / DRIVE AWAY,,"OVER $1,500",2025-08-09T10:30:00.000,IMPROPER OVERTAKING/PASSING,DRIVING SKILLS/KNOWLEDGE/EXPERIENCE,2701,W,HIRSCH ST,1423,2,NO INDICATION OF INJURY,0,0,0,0,0,2,0,10,7,8,41.9064904995,-87.6945394827,"{'type': 'Point', 'coordinates': [-87.69453948271, 41.906490499514]}",,,Y,,,,,,,
c26524020fcbefd4ba3c796863e7200d1a0699a23236666dfa0f09306e5146eb6739c5f1a6292504bf71cfeb1728dd6dacd4319e05f2cc7127466ce78e80d159,2025-08-09T10:00:00.000,30,TRAFFIC SIGNAL,FUNCTIONING PROPERLY,CLEAR,DAYLIGHT,OTHER OBJECT,DIVIDED - W/MEDIAN (NOT RAISED),STRAIGHT AND LEVEL,DRY,NO DEFECTS,ON SCENE,INJURY AND / OR TOW DUE TO CRASH,Y,"$501 - $1,500",2025-08-10T11:34:00.000,DRIVING SKILLS/KNOWLEDGE/EXPERIENCE,FOLLOWING TOO CLOSELY,959,N,HOMAN AVE,1121,2,"REPORTED, NOT EVIDENT",1,0,0,0,1,1,0,10,7,8,41.8991069485,-87.711407705,"{'type': 'Point', 'coordinates': [-87.711407704992, 41.899106948473]}",,,,,,,,,,
e40e4f4893960b4109029b687f425db8263e78f97942dcc0564be982e0de26b3ba152f0358f6c5ab10788918d4e9586646802a16705488a5cd126abecbde5ecc,2025-08-09T09:55:00.000,30,TRAFFIC SIGNAL,FUNCTIONING PROPERLY,CLEAR,DAYLIGHT,PARKED MOTOR VEHICLE,NOT DIVIDED,STRAIGHT AND LEVEL,DRY,NO DEFECTS,ON SCENE,INJURY AND / OR TOW DUE TO CRASH,,"OVER $1,500",2025-08-09T10:10:00.000,UNABLE TO DETERMINE,UNABLE TO DETERMINE,3936,W,63RD ST,823,2,NO INDICATION OF INJURY,0,0,0,0,0,1,0,9,7,8,41.7787803744,-87.7218034982,"{'type': 'Point', 'coordinates': [-87.721803498155, 41.778780374351]}",,,,,,,,,,
4e20b5beea67ea4e95de80d2b96a362d92fd177fdba2527c8f20424936482f4b9930a1b3dc0506b119a31eb4d7d5b6970ece366158195effb3aa559115027077,2025-08-09T09:53:00.000,30,STOP SIGN/FLASHER,NO CONTROLS,CLEAR,DAYLIGHT,TURNING,NOT DIVIDED,STRAIGHT AND LEVEL,DRY,NO DEFECTS,NOT ON SCENE (DESK REPORT),NO INJURY / DRIVE AWAY,Y,"OVER $1,500",2025-08-09T10:30:00.000,FAILING TO YIELD RIGHT-OF-WAY,NOT APPLICABLE,10700,S,MACKINAW AVE,432,2,NO INDICATION OF INJURY,0,0,0,0,0,2,0,9,7,8,41.7008598369,-87.5427096035,"{'type': 'Point', 'coordinates': [-87.54270960355, 41.700859836886]}",N,,,,,,,,,
af515bce249164f39bb22158dd71f05b1566b8bbdaa801afee664dee1921e546b4f74a20175bc9b53423488fff263971a051431d63484348f2d40ff246491fa5,2025-08-09T09:52:00.000,30,TRAFFIC SIGNAL,FUNCTIONING PROPERLY,CLEAR,DAYLIGHT,REAR END,NOT DIVIDED,STRAIGHT AND LEVEL,DRY,NO DEFECTS,NOT ON SCENE (DESK REPORT),INJURY AND / OR TOW DUE TO CRASH,,"$501 - $1,500",2025-08-09T14:49:00.000,FOLLOWING TOO CLOSELY,CELL PHONE USE OTHER THAN TEXTING,3200,W,63RD ST,823,2,NONINCAPACITATING INJURY,1,0,0,1,0,1,0,9,7,8,41.7790815049,-87.7032603654,"{'type': 'Point', 'coordinates': [-87.703260365447, 41.779081504883]}",,,Y,,,,,,,
1ae4bac5ffe88991550abaa1388bbb69bc1f557331161ae00721f92cb56f712c18c0aba3ad9293f7c82b8c486dc372c37be5604750d65509f4b6cf6ca1934f22,2025-08-09T09:40:00.000,30,UNKNOWN,UNKNOWN,CLEAR,DAYLIGHT,REAR END,NOT DIVIDED,STRAIGHT AND LEVEL,UNKNOWN,UNKNOWN,NOT ON SCENE (DESK REPORT),NO INJURY / DRIVE AWAY,,"OVER $1,500",2025-08-10T10:30:00.000,UNABLE TO DETERMINE,UNABLE TO DETERMINE,9500,S,LAFAYETTE AVE,511,2,NO INDICATION OF INJURY,0,0,0,0,0,2,0,9,7,8,41.7215662926,-87.6251695177,"{'type': 'Point', 'coordinates': [-87.625169517699, 41.721566292573]}",,,,,,,,,,
d41544fe16258148ca0fac9c336fb5f42e0b58aec141f11e4e60d852d7c235a1171ccf85bede86c704f3ee8c41a95fd09d4234f44b96820f9b8f65a820982b72,2025-08-09T09:40:00.000,10,NO CONTROLS,NO CONTROLS,CLEAR,DAYLIGHT,ANGLE,PARKING LOT,STRAIGHT AND LEVEL,DRY,NO DEFECTS,NOT ON SCENE (DESK REPORT),NO INJURY / DRIVE AWAY,,"$501 - $1,500",2025-08-09T13:51:00.000,IMPROPER BACKING,NOT APPLICABLE,4455,S,PULASKI RD,821,2,NO INDICATION OF INJURY,0,0,0,0,0,2,0,9,7,8,41.8117480489,-87.7235833181,"{'type': 'Point', 'coordinates': [-87.723583318072, 41.81174804888]}",Y,,,,,,,,,
8da312f5e0b44ef4442abcda737b8f0a555645919d6f6af8259643ba27e349b134321007f8012b6f3c6dc6a983f7674b19961365fa0a2124f394d6a4a1c6cc4a,2025-08-09T09:39:00.000,25,NO CONTROLS,NO CONTROLS,CLEAR,DAYLIGHT,SIDESWIPE SAME DIRECTION,ONE-WAY,STRAIGHT AND LEVEL,DRY,NO DEFECTS,NOT ON SCENE (DESK REPORT),NO INJURY / DRIVE AWAY,,"$501 - $1,500",2025-08-09T16:05:00.000,UNABLE TO DETERMINE,UNABLE TO DETERMINE,8730,S,HONORE ST,2221,2,NO INDICATION OF INJURY,0,0,0,0,0,2,0,9,7,8,41.7347380929,-87.6692626103,"{'type': 'Point', 'coordinates': [-87.669262610254, 41.734738092918]}",,,,,,,,,,
4b31160aded1b5302bb0b75aa5f8326a030d16669f25a1fae414a05e078e798380637cd7e3e60661b0961cfb98736b917a22abc6f6c7e904edc2893f7952f67f,2025-08-09T09:00:00.000,30,TRAFFIC SIGNAL,UNKNOWN,CLEAR,DAYLIGHT,REAR END,NOT DIVIDED,STRAIGHT AND LEVEL,UNKNOWN,UNKNOWN,NOT ON SCENE (DESK REPORT),NO INJURY / DRIVE AWAY,,"OVER $1,500",2025-08-09T09:50:00.000,UNABLE TO DETERMINE,UNABLE TO DETERMINE,7309,W,IRVING PARK RD,1631,2,NO INDICATION OF INJURY,0,0,0,0,0,2,0,9,7,8,41.952584173,-87.8102291008,"{'type': 'Point', 'coordinates': [-87.810229100755, 41.952584173003]}",,,,,,,,,,
bc8f5ff302ae4b3d11b69b05c607f1668006e956198a32c87cfeb32c5e2c391bab173f85ada73194d76467d1627b090de7f7e422232ec2020ad58a9eeda65aea,2025-08-09T09:00:00.000,30,STOP SIGN/FLASHER,FUNCTIONING PROPERLY,CLEAR,DAYLIGHT,REAR END,NOT DIVIDED,STRAIGHT AND LEVEL,DRY,UNKNOWN,NOT ON SCENE (DESK REPORT),NO INJURY / DRIVE AWAY,Y,"OVER $1,500",2025-08-09T09:45:00.000,FAILING TO REDUCE SPEED TO AVOID CRASH,UNABLE TO DETERMINE,7158,W,GEORGE ST,2511,2,NO INDICATION OF INJURY,0,0,0,0,0,2,0,9,7,8,41.9326737623,-87.8064967566,"{'type': 'Point', 'coordinates': [-87.806496756552, 41.932673762262]}",,,,,,,,,,
c430f42415bd00d9b0408ee0eaf707bd3b67eaf2dadcae70eacd6ad091e7f6b67d2e585e8fab5b6121dff5c803d0a1cb9e459cfaa13f0ffc01235a98f65ccd4b,2025-08-09T09:00:00.000,25,TRAFFIC SIGNAL,FUNCTIONING PROPERLY,CLEAR,DAYLIGHT,SIDESWIPE SAME DIRECTION,NOT DIVIDED,STRAIGHT AND LEVEL,DRY,NO DEFECTS,NOT ON SCENE (DESK REPORT),NO INJURY / DRIVE AWAY,,"OVER $1,500",2025-08-09T09:50:00.000,UNABLE TO DETERMINE,NOT APPLICABLE,6401,N,SHERIDAN RD,2432,2,NO INDICATION OF INJURY,0,0,0,0,0,2,0,9,7,8,41.9983088064,-87.6596963833,"{'type': 'Point', 'coordinates': [-87.659696383256, 41.99830880639]}",,,,,,,,,,
4388f723f23c20786b0fc40ba8a3dad4c4dba473c52c02cabe3a4fadeabd4ef070a691088bc8b681814cd92e3bde579f27aeea6e4fd3212a26bd4974601cb8b2,2025-08-09T08:53:00.000,15,NO CONTROLS,NO CONTROLS,CLEAR,DAYLIGHT,FIXED OBJECT,ALLEY,STRAIGHT AND LEVEL,DRY,NO DEFECTS,ON SCENE,NO INJURY / DRIVE AWAY,,"OVER $1,500",2025-08-09T09:00:00.000,UNABLE TO DETERMINE,UNABLE TO DETERMINE,11361,S,CALUMET AVE,531,2,NO INDICATION OF INJURY,0,0,0,0,0,1,0,8,7,8,41.6873939377,-87.6142857118,"{'type': 'Point', 'coordinates': [-87.614285711796, 41.687393937673]}",N,,Y,,,,,,,
0403682742c02a2ed3fcd71f474021a27b112351f91dc5511e0b7a8aa8ea44d67417163d85ea4edf0ef2ebf3f7247b82c1824bacf8f0d3bed540886710fa29a0,2025-08-09T08:45:00.000,30,TRAFFIC SIGNAL,FUNCTIONING PROPERLY,CLEAR,DAYLIGHT,REAR END,NOT DIVIDED,STRAIGHT AND LEVEL,DRY,NO DEFECTS,NOT ON SCENE (DESK REPORT),NO INJURY / DRIVE AWAY,,"OVER $1,500",2025-08-09T09:15:00.000,FOLLOWING TOO CLOSELY,NOT APPLICABLE,10500,S,INDIANAPOLIS AVE,432,2,NO INDICATION OF INJURY,0,0,0,0,0,2,0,8,7,8,41.7043832896,-87.5264885722,"{'type': 'Point', 'coordinates': [-87.526488572157, 41.704383289607]}",,,,,,,,,,
79230803384b92d7446862abcc7133efbd627d188b3afe76a60f3911624ba36f7d853e0387ee9ccd29ecf6160f75572e6c23618a8182a649f26d2c5c7633d5ec,2025-08-09T08:45:00.000,30,NO CONTROLS,NO CONTROLS,CLEAR,DAYLIGHT,PARKED MOTOR VEHICLE,NOT DIVIDED,STRAIGHT AND LEVEL,DRY,NO DEFECTS,NOT ON SCENE (DESK REPORT),NO INJURY / DRIVE AWAY,,"$501 - $1,500",2025-08-10T10:20:00.000,UNABLE TO DETERMINE,UNABLE TO DETERMINE,1758,E,67TH ST,331,2,NO INDICATION OF INJURY,0,0,0,0,0,1,0,8,7,8,41.7734995619,-87.5814784077,"{'type': 'Point', 'coordinates': [-87.581478407728, 41.773499561932]}",,,Y,,,,,,,
2f349af87b199d2bd8291c0817efb10febce6b30fc9e67bb9fcfbdc0848b2ca94c46915b5d4cd723d0dfb4315dc3649e8c62671cf92e703585e8638263e91685,2025-08-09T08:43:00.000,25,NO CONTROLS,NO CONTROLS,CLEAR,DAYLIGHT,TURNING,T-INTERSECTION,STRAIGHT AND LEVEL,DRY,NO DEFECTS,ON SCENE,NO INJURY / DRIVE AWAY,,"OVER $1,500",2025-08-09T08:53:00.000,"VISION OBSCURED (SIGNS, TREE LIMBS, BUILDINGS, ETC.)",UNABLE TO DETERMINE,3534,W,SUNNYSIDE AVE,1723,2,NO INDICATION OF INJURY,0,0,0,0,0,2,0,8,7,8,41.9630147331,-87.7170860838,"{'type': 'Point', 'coordinates': [-87.717086083793, 41.963014733134]}",,,,,,,,,,
38ca7388c48dbbfcdc703900f0c253f8155dd7f34fb6b6473a0c1a69b1f9271ecf603dc0175b4a5bd5c1ce013afe1014b00187ab70d991f09f1b531956dd1f80,2025-08-09T08:38:00.000,25,NO CONTROLS,NO CONTROLS,CLEAR,DAYLIGHT,TURNING,DIVIDED - W/MEDIAN (NOT RAISED),STRAIGHT AND LEVEL,DRY,NO DEFECTS,ON SCENE,INJURY AND / OR TOW DUE TO CRASH,,"OVER $1,500",2025-08-09T08:41:00.000,FAILING TO YIELD RIGHT-OF-WAY,IMPROPER TURNING/NO SIGNAL,1809,W,LAWRENCE AVE,1912,2,"REPORTED, NOT EVIDENT",1,0,0,0,1,1,0,8,7,8,41.9687002966,-87.6751090975,"{'type': 'Point', 'coordinates': [-87.675109097517, 41.968700296617]}",,,,,,,,,,
56259b3b143662ea4bf44f9ad94d3c524e357abd3eddad3018efd80a9ce1bba36e4c9228d84b36990e67ea78d93171d7a8efb4989d98d19f17f565a7930b6430,2025-08-09T08:10:00.000,30,NO CONTROLS,NO CONTROLS,CLEAR,DAYLIGHT,REAR TO FRONT,PARKING LOT,STRAIGHT AND LEVEL,DRY,NO DEFECTS,ON SCENE,NO INJURY / DRIVE AWAY,,"OVER $1,500",2025-08-09T08:26:00.000,IMPROPER BACKING,NOT APPLICABLE,5209,W,FULLERTON AVE,2515,2,NO INDICATION OF INJURY,0,0,0,0,0,2,0,8,7,8,41.9239908878,-87.7565191411,"{'type': 'Point', 'coordinates': [-87.756519141113, 41.923990887768]}",Y,,,,,,,,,
ce35c4abdc399ed3b9760ddddacf5a45c248a935cab0483b54e91856eb810d2d2302f58382820cfff970eae4720b678dea35ad9357ea332080f20b8e1cb4d8ae,2025-08-09T08:10:00.000,30,NO CONTROLS,NO CONTROLS,CLEAR,DAYLIGHT,REAR END,NOT DIVIDED,STRAIGHT AND LEVEL,DRY,UNKNOWN,ON SCENE,NO INJURY / DRIVE AWAY,,"OVER $1,500",2025-08-09T08:15:00.000,UNABLE TO DETERMINE,NOT APPLICABLE,6600,S,DR MARTIN LUTHER KING JR DR,312,2,NO INDICATION OF INJURY,0,0,0,0,0,4,0,8,7,8,41.7746934593,-87.6156368216,"{'type': 'Point', 'coordinates': [-87.615636821647, 41.774693459289]}",,,,,,,,,,
564d49e5f0aec0e27621b7f12f7d560fba3a4c0a8fb3733c914ff93af9b6100e65d433f44107d67d3de2b852abc737fbe481def86d7cf6125720c91fce70de35,2025-08-09T08:05:00.000,30,TRAFFIC SIGNAL,FUNCTIONING PROPERLY,CLEAR,DAYLIGHT,SIDESWIPE SAME DIRECTION,DIVIDED - W/MEDIAN BARRIER,STRAIGHT AND LEVEL,DRY,NO DEFECTS,ON SCENE,NO INJURY / DRIVE AWAY,,"OVER $1,500",2025-08-09T08:19:00.000,IMPROPER TURNING/NO SIGNAL,IMPROPER TURNING/NO SIGNAL,151,W,IDA B WELLS DR,123,2,NO INDICATION OF INJURY,0,0,0,0,0,4,0,8,7,8,41.8754793495,-87.6324367411,"{'type': 'Point', 'coordinates': [-87.632436741128, 41.875479349488]}",,,N,,,,,,,
a61c8aaf9442b146aba9687f371bf880129b518456156cd215facfad1a4975a953d21a7d3a874d4e7c3d832110edc82728846335c1c3d63a62ed912d9cb3bc5a,2025-08-09T07:55:00.000,10,NO CONTROLS,NO CONTROLS,UNKNOWN,DAYLIGHT,REAR TO SIDE,PARKING LOT,STRAIGHT AND LEVEL,DRY,NO DEFECTS,NOT ON SCENE (DESK REPORT),NO INJURY / DRIVE AWAY,,"OVER $1,500",2025-08-11T12:30:00.000,UNABLE TO DETERMINE,UNABLE TO DETERMINE,5836,N,PULASKI RD,1711,2,NO INDICATION OF INJURY,0,0,0,0,0,2,0,7,7,8,41.9872111982,-87.7286958136,"{'type': 'Point', 'coordinates': [-87.728695813612, 41.98721119819]}",Y,,,,,,,,,
235bed4175652eba4aee8f806f8090cfa19f85e31f9054402ad22fd693db522cad11539e716c81d17b33ccabc4c791d6e0facdb3b8e70f03d2032ddebb675652,2025-08-09T07:48:00.000,30,STOP SIGN/FLASHER,FUNCTIONING PROPERLY,CLEAR,DAYLIGHT,ANGLE,FOUR WAY,STRAIGHT AND LEVEL,DRY,NO DEFECTS,ON SCENE,INJURY AND / OR TOW DUE TO CRASH,Y,"OVER $1,500",2025-08-09T08:11:00.000,FAILING TO YIELD RIGHT-OF-WAY,FAILING TO REDUCE SPEED TO AVOID CRASH,8201,S,STONY ISLAND AVE,411,2,NO INDICATION OF INJURY,0,0,0,0,0,2,0,7,7,8,41.7459382967,-87.5852569707,"{'type': 'Point', 'coordinates': [-87.585256970683, 41.745938296685]}",,,,,,,,,,
ffc4ffe32d4c0647003823d809e6916561616a9397e9cc3d5b7dca2304f9fb47baa6a8ba1fc5b44fd6d69d165d426fc064eee56f9e6ec5bda2b3ca4cb5378174,2025-08-09T07:35:00.000,30,NO CONTROLS,NO CONTROLS,CLEAR,DAYLIGHT,ANGLE,NOT DIVIDED,STRAIGHT AND LEVEL,DRY,NO DEFECTS,NOT ON SCENE (DESK REPORT),NO INJURY / DRIVE AWAY,,"OVER $1,500",2025-08-09T08:00:00.000,DRIVING SKILLS/KNOWLEDGE/EXPERIENCE,DRIVING SKILLS/KNOWLEDGE/EXPERIENCE,3020,E,87TH ST,424,2,NO INDICATION OF INJURY,0,0,0,0,0,2,0,7,7,8,41.7375004178,-87.5505250722,"{'type': 'Point', 'coordinates': [-87.550525072238, 41.73750041784]}",,,Y,,,,,,,
0a5b90a237d71971479f97486b63e47ebadae467e8d61a2fb1da58df4ae94eab69f245dd17e8fc84ae31bea98506ed3136a3741f005f45edfe8ad8f96a9c44cb,2025-08-09T07:10:00.000,30,TRAFFIC SIGNAL,FUNCTIONING PROPERLY,CLEAR,DAYLIGHT,REAR END,Y-INTERSECTION,STRAIGHT AND LEVEL,DRY,NO DEFECTS,NOT ON SCENE (DESK REPORT),NO INJURY / DRIVE AWAY,Y,"OVER $1,500",2025-08-09T07:25:00.000,FAILING TO YIELD RIGHT-OF-WAY,UNABLE TO DETERMINE,5101,W,GRAND AVE,2533,2,NO INDICATION OF INJURY,0,0,0,0,0,2,0,7,7,8,41.9165679904,-87.7530079617,"{'type': 'Point', 'coordinates': [-87.753007961727, 41.916567990365]}",,,N,,,,,,,
15e7845a565906e598580b8c6d12389a50d8f4662f2a2e3346d25d9beceb59a05f472066bff241ccca928562b34d2530e10bcdba2487cb83d5bce0f5f303d471,2025-08-09T06:30:00.000,20,TRAFFIC SIGNAL,FUNCTIONING PROPERLY,CLEAR,DAYLIGHT,REAR END,FOUR WAY,STRAIGHT AND LEVEL,DRY,NO DEFECTS,NOT ON SCENE (DESK REPORT),NO INJURY / DRIVE AWAY,Y,"$501 - $1,500",2025-08-09T06:40:00.000,FOLLOWING TOO CLOSELY,FOLLOWING TOO CLOSELY,10000,W,OHARE ST,1651,2,NO INDICATION OF INJURY,0,0,0,0,0,2,0,6,7,8,41.976201139,-87.9053091251,"{'type': 'Point', 'coordinates': [-87.905309125103, 41.976201139024]}",,,,,,,,,,