crash_record_id,crash_date,posted_speed_limit,traffic_control_device,device_condition,weather_condition,lighting_condition,first_crash_type,trafficway_type,alignment,roadway_surface_cond,road_defect,report_type,crash_type,intersection_related_i,damage,date_police_notified,prim_contributory_cause,sec_contributory_cause,street_no,street_direction,street_name,beat_of_occurrence,num_units,most_severe_injury,injuries_total,injuries_fatal,injuries_incapacitating,injuries_non_incapacitating,injuries_reported_not_evident,injuries_no_indication,injuries_unknown,crash_hour,crash_day_of_week,crash_month,latitude,longitude,location,private_property_i,photos_taken_i,hit_and_run_i,statements_taken_i,crash_date_est_i,work_zone_i,work_zone_type,dooring_i,lane_cnt,workers_present_i
2d5e9a130e4a583ee0f80ab072391e6f28e4f3025ccee7de0521f4afb34649a840999439d276c75074434357d7eb72b8bf5e8138b57310cee0bed99f75c93495,2025-08-09T06:30:00.000,30,TRAFFIC SIGNAL,FUNCTIONING PROPERLY,CLEAR,DAYLIGHT,TURNING,NOT DIVIDED,STRAIGHT AND LEVEL,DRY,NO DEFECTS,NOT ON SCENE (DESK REPORT),NO INJURY / DRIVE AWAY,Y,"$501 - $1,500",2025-08-10T10:39:00.000,DRIVING SKILLS/KNOWLEDGE/EXPERIENCE,UNABLE TO DETERMINE,7100,S,STATE ST,323,2,NO INDICATION OF INJURY,0,0,0,0,0,2,0,6,7,8,41.7653936078,-87.625050475,"{'type': 'Point', 'coordinates': [-87.625050475006, 41.765393607783]}",,,,,,,,,,
2ec6abf8c008620fb12007b73ccc192cad7f1987d88b07c3575508bd63a73224991269d0c7ba628bf1b00361940ea30b8e056ab2ca29298c6b5832bf45291080,2025-08-09T06:30:00.000,30,NO CONTROLS,NO CONTROLS,CLEAR,DAWN,PARKED MOTOR VEHICLE,ONE-WAY,STRAIGHT AND LEVEL,DRY,NO DEFECTS,ON SCENE,INJURY AND / OR TOW DUE TO CRASH,,"OVER $1,500",2025-08-09T06:32:00.000,UNABLE TO DETERMINE,UNABLE TO DETERMINE,1511,S,SPAULDING AVE,1022,2,NO INDICATION OF INJURY,0,0,0,0,0,1,0,6,7,8,41.8605175612,-87.7077909455,"{'type': 'Point', 'coordinates': [-87.707790945492, 41.860517561194]}",,,Y,,,,,,,
00667bbeecec2aceae467ed8f80ddd2a4a53ee62da4732aafecc42b80559094c8154f13da56bc6d6cfe8837fe4b1cc46c6635edc664c1c674b97f26c38a6ab97,2025-08-09T06:00:00.000,30,NO CONTROLS,NO CONTROLS,CLEAR,DAYLIGHT,FIXED OBJECT,NOT DIVIDED,STRAIGHT AND LEVEL,DRY,NO DEFECTS,ON SCENE,INJURY AND / OR TOW DUE TO CRASH,,"$501 - $1,500",2025-08-09T06:02:00.000,DRIVING SKILLS/KNOWLEDGE/EXPERIENCE,UNABLE TO DETERMINE,3601,W,POTOMAC AVE,2535,1,NONINCAPACITATING INJURY,1,0,0,1,0,1,0,6,7,8,41.904451617,-87.7166820763,"{'type': 'Point', 'coordinates': [-87.716682076309, 41.904451616952]}",,,,,,,,,,
f346e0e1caf1e54561339c495b2ef64b5c767d9431f854b2a589a59d5f087ae910b8487e5390306dfdf89d927db5c902e951fa5f42748ef1beaa38a197e96d76,2025-08-09T06:00:00.000,30,NO CONTROLS,NO CONTROLS,CLEAR,DAWN,SIDESWIPE SAME DIRECTION,T-INTERSECTION,STRAIGHT AND LEVEL,DRY,NO DEFECTS,NOT ON SCENE (DESK REPORT),NO INJURY / DRIVE AWAY,Y,"OVER $1,500",2025-08-09T13:43:00.000,FAILING TO YIELD RIGHT-OF-WAY,UNABLE TO DETERMINE,4844,W,BLOOMINGDALE AVE,2533,3,NO INDICATION OF INJURY,0,0,0,0,0,2,0,6,7,8,41.913374378,-87.7477129688,"{'type': 'Point', 'coordinates': [-87.747712968813, 41.913374377983]}",,,Y,,,,,,,
363c709c2f7ee89eb2a5ca4177f6f985530ab9a07e542c6b53fa6aa94cb1b5b1b203e2cb8cfda880f35907a5b443da87f4f1da9197f3f0e017b0e702271e7542,2025-08-09T05:55:00.000,30,NO CONTROLS,NO CONTROLS,CLEAR,DAYLIGHT,REAR END,NOT DIVIDED,STRAIGHT AND LEVEL,DRY,NO DEFECTS,NOT ON SCENE (DESK REPORT),NO INJURY / DRIVE AWAY,,"OVER $1,500",2025-08-09T06:37:00.000,UNABLE TO DETERMINE,UNABLE TO DETERMINE,2759,W,47TH ST,922,2,NO INDICATION OF INJURY,0,0,0,0,0,2,0,5,7,8,41.8081720681,-87.6941406935,"{'type': 'Point', 'coordinates': [-87.694140693481, 41.808172068053]}",,,Y,,,,,,,
5d4fb23597b1fd882aaeb1f639a4d528aa76b81239f1b261542e0dcc3ec698156da523c8177c9e3fe4afc4553f23ea5349a1021eff555bdbf0403418de16c850,2025-08-09T05:40:00.000,30,TRAFFIC SIGNAL,FUNCTIONING PROPERLY,CLEAR,DAWN,ANGLE,FOUR WAY,STRAIGHT AND LEVEL,DRY,NO DEFECTS,ON SCENE,NO INJURY / DRIVE AWAY,Y,"OVER $1,500",2025-08-09T05:45:00.000,DISREGARDING TRAFFIC SIGNALS,NOT APPLICABLE,5455,S,WESTERN BLVD,932,2,NO INDICATION OF INJURY,0,0,0,0,0,2,0,5,7,8,41.794009072,-87.683327457,"{'type': 'Point', 'coordinates': [-87.683327456963, 41.794009072016]}",,,Y,,,,,,,
8049e45cbd5a3d32c6cb07e1ed768f671a558549267a8cc8c8f7a1961a479a51069bb27f3e3da438471f0acb7359240dcfd6bd432365950ccda87b3782941244,2025-08-09T04:59:00.000,30,TRAFFIC SIGNAL,FUNCTIONING PROPERLY,CLEAR,"DARKNESS, LIGHTED ROAD",REAR END,DIVIDED - W/MEDIAN (NOT RAISED),STRAIGHT AND LEVEL,DRY,UNKNOWN,NOT ON SCENE (DESK REPORT),NO INJURY / DRIVE AWAY,,"OVER $1,500",2025-08-09T13:26:00.000,FAILING TO REDUCE SPEED TO AVOID CRASH,NOT APPLICABLE,158,W,63RD ST,311,2,NO INDICATION OF INJURY,0,0,0,0,0,2,0,4,7,8,41.7800988563,-87.630005281,"{'type': 'Point', 'coordinates': [-87.630005280959, 41.780098856262]}",,,,,,,,,,
770d9123f41cbd41fd14eba1d846ff93c7a413f4f26debf6ce2a0861af28ede018b9573c364c3a72391c8d88cb2ac2b4bd5aac799b639edbae9505e435058c51,2025-08-09T04:52:00.000,30,TRAFFIC SIGNAL,FUNCTIONING PROPERLY,CLEAR,"DARKNESS, LIGHTED ROAD",SIDESWIPE SAME DIRECTION,DIVIDED - W/MEDIAN (NOT RAISED),STRAIGHT AND LEVEL,DRY,UNKNOWN,ON SCENE,NO INJURY / DRIVE AWAY,,"OVER $1,500",2025-08-09T04:52:00.000,IMPROPER OVERTAKING/PASSING,UNABLE TO DETERMINE,1200,W,87TH ST,613,2,NO INDICATION OF INJURY,0,0,0,0,0,5,0,4,7,8,41.7360440895,-87.6534042418,"{'type': 'Point', 'coordinates': [-87.653404241798, 41.736044089544]}",,,,,,,,,,
8777c0f3b6fe679ed856d3107b0aba4e6f80feeec8467c2fae26f19f5418cff986b71ca845855ede08f285765711ef82bd827fbf070a4996fdbe9b864bded327,2025-08-09T04:50:00.000,30,STOP SIGN/FLASHER,FUNCTIONING PROPERLY,CLEAR,"DARKNESS, LIGHTED ROAD",ANGLE,ONE-WAY,STRAIGHT AND LEVEL,DRY,UNKNOWN,NOT ON SCENE (DESK REPORT),NO INJURY / DRIVE AWAY,Y,"OVER $1,500",2025-08-09T18:44:00.000,FAILING TO YIELD RIGHT-OF-WAY,NOT APPLICABLE,133,N,KENTON AVE,1113,2,NO INDICATION OF INJURY,0,0,0,0,0,3,0,4,7,8,41.883056659,-87.7400290506,"{'type': 'Point', 'coordinates': [-87.740029050604, 41.883056659021]}",,,Y,,,,,,,
4d319dda89c6ee933a49a3dddd7b1b474c28b186cc2f5474d3cebdccce3830c35560cdf33afb439fb0d4ae56b4bdc71b6128af3f8851a53decdc2cb093511990,2025-08-09T04:35:00.000,10,NO CONTROLS,NO CONTROLS,UNKNOWN,UNKNOWN,FIXED OBJECT,PARKING LOT,STRAIGHT AND LEVEL,UNKNOWN,UNKNOWN,NOT ON SCENE (DESK REPORT),NO INJURY / DRIVE AWAY,,"OVER $1,500",2025-08-09T19:30:00.000,UNABLE TO DETERMINE,NOT APPLICABLE,2341,N,NARRAGANSETT AVE,2512,1,NO INDICATION OF INJURY,0,0,0,0,0,1,0,4,7,8,41.9230976782,-87.7852786594,"{'type': 'Point', 'coordinates': [-87.785278659431, 41.923097678208]}",Y,,Y,,,,,,,
4c3a8f5dcf5b884a5e2498886dc6bd3b07486695edbf8a5a848767ab9d89f01acfdd3cb7ed0a3ad6b1df79eaa5a696c21cce38b6dc5b9c671771ab50d758270c,2025-08-09T04:30:00.000,30,NO CONTROLS,NO CONTROLS,CLEAR,"DARKNESS, LIGHTED ROAD",FIXED OBJECT,NOT DIVIDED,STRAIGHT AND LEVEL,DRY,NO DEFECTS,ON SCENE,INJURY AND / OR TOW DUE TO CRASH,,"OVER $1,500",2025-08-09T04:37:00.000,UNABLE TO DETERMINE,UNABLE TO DETERMINE,2108,W,DIVISION ST,1424,1,NO INDICATION OF INJURY,0,0,0,0,0,1,0,4,7,8,41.9032495536,-87.6801280746,"{'type': 'Point', 'coordinates': [-87.680128074625, 41.90324955358]}",,,Y,,N,,,,,
677e8aebc317065795cadd19180ac5303686fc48fd3164860298ed3feda30ba6c36e1b4928cc989b1719d69f99195fb234000acc5cd5cdb85136d7020662d923,2025-08-09T04:17:00.000,30,UNKNOWN,UNKNOWN,CLEAR,"DARKNESS, LIGHTED ROAD",REAR END,DIVIDED - W/MEDIAN (NOT RAISED),STRAIGHT AND LEVEL,DRY,UNKNOWN,ON SCENE,INJURY AND / OR TOW DUE TO CRASH,,"OVER $1,500",2025-08-09T04:17:00.000,UNABLE TO DETERMINE,NOT APPLICABLE,2430,W,31ST ST,1034,2,NO INDICATION OF INJURY,0,0,0,0,0,6,0,4,7,8,41.8388055915,-87.6864531799,"{'type': 'Point', 'coordinates': [-87.686453179883, 41.838805591518]}",,,,,,,,,,
e1e1c78021ad1574dd42ae194e56706c7d9e013871bf42e94cb8f87929f1d2241d89effad5481364ad3ed693a7467d4f46d8272ec0cf526e445824ba6269a702,2025-08-09T04:15:00.000,30,TRAFFIC SIGNAL,FUNCTIONING PROPERLY,CLEAR,"DARKNESS, LIGHTED ROAD",REAR END,FOUR WAY,STRAIGHT AND LEVEL,DRY,NO DEFECTS,NOT ON SCENE (DESK REPORT),NO INJURY / DRIVE AWAY,Y,"OVER $1,500",2025-08-09T10:00:00.000,UNABLE TO DETERMINE,NOT APPLICABLE,289,N,SACRAMENTO BLVD,1222,2,NO INDICATION OF INJURY,0,0,0,0,0,3,0,4,7,8,41.886431603,-87.7012111225,"{'type': 'Point', 'coordinates': [-87.7012111225, 41.886431603013]}",,,Y,,,,,,,
ddae6b419a950578288811cf11c8947345286dc4d995a150103e628b61fb2e738c7d715a4dca3e8af7254762300abd6f6eb534fc9a4fef8f0403bcaab89b69fa,2025-08-09T04:10:00.000,30,NO CONTROLS,NO CONTROLS,CLEAR,"DARKNESS, LIGHTED ROAD",REAR END,DIVIDED - W/MEDIAN (NOT RAISED),STRAIGHT AND LEVEL,DRY,UNKNOWN,ON SCENE,INJURY AND / OR TOW DUE TO CRASH,,"OVER $1,500",2025-08-09T04:25:00.000,FOLLOWING TOO CLOSELY,NOT APPLICABLE,750,S,CICERO AVE,1533,3,"REPORTED, NOT EVIDENT",1,0,0,0,1,2,0,4,7,8,41.8706219377,-87.7450524607,"{'type': 'Point', 'coordinates': [-87.745052460733, 41.870621937712]}",,,Y,,,,,,,
68389d56a22b968835dbad57291f1874a4786f123ac31ad9f4891c8793a95dafa1ed617827e97d9c5dce6a68ea4530e3ff910ae1363f1dfe3dfd45036e5116c0,2025-08-09T04:00:00.000,30,NO CONTROLS,NO CONTROLS,CLEAR,DAWN,FIXED OBJECT,NOT DIVIDED,STRAIGHT AND LEVEL,DRY,NO DEFECTS,ON SCENE,NO INJURY / DRIVE AWAY,,"OVER $1,500",2025-08-09T06:45:00.000,UNABLE TO DETERMINE,NOT APPLICABLE,444,W,96TH PL,2223,1,NO INDICATION OF INJURY,0,0,0,0,0,1,0,4,7,8,41.7189419125,-87.6356991604,"{'type': 'Point', 'coordinates': [-87.635699160374, 41.71894191251]}",,,Y,,,,,,,
2216a495bbefce2e44ae13c54d8229b64cd8675298ffbb0457049afe1d4686d3a18662ea0b283908c10eb7a58c0c35070c446d799b8b855baedff6f68a0980d1,2025-08-09T03:50:00.000,30,NO CONTROLS,NO CONTROLS,CLEAR,"DARKNESS, LIGHTED ROAD",PARKED MOTOR VEHICLE,NOT DIVIDED,STRAIGHT AND LEVEL,DRY,NO DEFECTS,ON SCENE,INJURY AND / OR TOW DUE TO CRASH,,"OVER $1,500",2025-08-09T03:55:00.000,CELL PHONE USE OTHER THAN TEXTING,NOT APPLICABLE,2116,W,CERMAK RD,1234,2,NO INDICATION OF INJURY,0,0,0,0,0,1,0,3,7,8,41.8522362639,-87.679026504,"{'type': 'Point', 'coordinates': [-87.679026503985, 41.852236263915]}",,,,,,,,,,
57921a43af8f9c747d4c985bc6e7bd9c1ad29b5df295fa4eda90b63ec2f2d52ff28e042470228dfede43500e61bc91cb95fe3dc9fdb15ee9438fa3b1759b4be1,2025-08-09T03:50:00.000,30,UNKNOWN,UNKNOWN,CLEAR,"DARKNESS, LIGHTED ROAD",PEDESTRIAN,PARKING LOT,STRAIGHT AND LEVEL,DRY,UNKNOWN,ON SCENE,INJURY AND / OR TOW DUE TO CRASH,,$500 OR LESS,2025-08-09T04:20:00.000,PHYSICAL CONDITION OF DRIVER,NOT APPLICABLE,7100,S,INDIANA AVE,323,2,NONINCAPACITATING INJURY,1,0,0,1,0,1,0,3,7,8,41.7655190435,-87.6202278551,"{'type': 'Point', 'coordinates': [-87.620227855065, 41.765519043532]}",,,Y,,,,,,,
f2a3eb3048b8b48e82a9870b7450c5b829d95adae2146d5b32b269672981510375ca0e7abc7cf25af391b7342f89bdaed5a29d51654943dae80e6c42e2c41d75,2025-08-09T03:30:00.000,30,NO CONTROLS,NO CONTROLS,CLEAR,DARKNESS,PARKED MOTOR VEHICLE,ONE-WAY,STRAIGHT AND LEVEL,DRY,NO DEFECTS,ON SCENE,NO INJURY / DRIVE AWAY,,"$501 - $1,500",2025-08-09T07:01:00.000,UNABLE TO DETERMINE,UNABLE TO DETERMINE,5123,S,NATOMA AVE,811,3,NO INDICATION OF INJURY,0,0,0,0,0,1,0,3,7,8,41.798886421,-87.7879587791,"{'type': 'Point', 'coordinates': [-87.787958779143, 41.798886421026]}",,,Y,,Y,,,,,
fffaf1a5b94221367851f92f01044bf052113ecbfc1d8b233e6a53222d8c5f3b5f95adcbdc3554d48372c9a9658c3cfb2f85c57ea6d570efaf62a2fb77e6c134,2025-08-09T03:30:00.000,20,NO CONTROLS,NO CONTROLS,CLEAR,DAYLIGHT,SIDESWIPE SAME DIRECTION,OTHER,STRAIGHT AND LEVEL,DRY,NO DEFECTS,NOT ON SCENE (DESK REPORT),NO INJURY / DRIVE AWAY,,"OVER $1,500",2025-08-09T18:02:00.000,IMPROPER TURNING/NO SIGNAL,UNABLE TO DETERMINE,10,E,GRAND AVE,1834,2,NO INDICATION OF INJURY,0,0,0,0,0,2,0,3,7,8,41.8917914631,-87.6276577412,"{'type': 'Point', 'coordinates': [-87.6276577412, 41.891791463112]}",,,,,,,,,,
8e4208398f39f1c287e1c0cdbcea94b43d1782e7843eddf3ff29c9a3ef84ade2707c621dfa8cd3342560095a45b48c85c3f943bc83397b366508973530b4dc38,2025-08-09T03:23:00.000,30,TRAFFIC SIGNAL,FUNCTIONING PROPERLY,CLEAR,"DARKNESS, LIGHTED ROAD",PEDESTRIAN,FOUR WAY,STRAIGHT AND LEVEL,DRY,WORN SURFACE,ON SCENE,INJURY AND / OR TOW DUE TO CRASH,Y,"OVER $1,500",2025-08-09T03:26:00.000,DISREGARDING TRAFFIC SIGNALS,FAILING TO REDUCE SPEED TO AVOID CRASH,5454,S,KEDZIE AVE,822,2,FATAL,1,1,0,0,0,1,0,3,7,8,41.7936740976,-87.7037064629,"{'type': 'Point', 'coordinates': [-87.703706462929, 41.793674097645]}",,,Y,N,,,,,,
ebcc8c5f85cc0f043dd8b7ca36810b14d4cd9d5fbad64cb8310e8d8c931f287184f5218b1eacb6a0ab4100798f01cf141c1e315838c702175b0b528772f8a1ff,2025-08-09T03:16:00.000,30,TRAFFIC SIGNAL,FUNCTIONING PROPERLY,CLEAR,"DARKNESS, LIGHTED ROAD",ANGLE,FOUR WAY,STRAIGHT AND LEVEL,UNKNOWN,UNKNOWN,ON SCENE,INJURY AND / OR TOW DUE TO CRASH,Y,"OVER $1,500",2025-08-09T03:16:00.000,DISREGARDING TRAFFIC SIGNALS,NOT APPLICABLE,6900,S,WENTWORTH AVE,731,2,NONINCAPACITATING INJURY,1,0,0,1,0,1,0,3,7,8,41.7689916,-87.6300074056,"{'type': 'Point', 'coordinates': [-87.630007405551, 41.76899160004]}",,,Y,,,,,,,
a9974bc064322317d95673b50c732ea447374a079b9f82d83b51c54ebe2426bac07cff6c52d922dc6410e2a597ddcaa318b516386d8d5ea5bb7d7502e43648ca,2025-08-09T03:05:00.000,30,STOP SIGN/FLASHER,FUNCTIONING PROPERLY,CLEAR,"DARKNESS, LIGHTED ROAD",TURNING,FOUR WAY,STRAIGHT ON GRADE,DRY,NO DEFECTS,ON SCENE,INJURY AND / OR TOW DUE TO CRASH,Y,"OVER $1,500",2025-08-09T03:05:00.000,UNABLE TO DETERMINE,NOT APPLICABLE,10900,S,MICHIGAN AVE,513,2,NO INDICATION OF INJURY,0,0,0,0,0,2,0,3,7,8,41.6961630198,-87.6209481865,"{'type': 'Point', 'coordinates': [-87.620948186529, 41.696163019788]}",,,Y,,,,,,,
3638c2976d1f68501cc62c397070786e7a7f4e6ce4acb9901adfdcf32f5795149c64efaa03758eb46c7bcd68d0cf859ef4c26268e46602547f19e099ef631cc5,2025-08-09T03:00:00.000,30,STOP SIGN/FLASHER,FUNCTIONING PROPERLY,CLEAR,"DARKNESS, LIGHTED ROAD",PARKED MOTOR VEHICLE,ONE-WAY,STRAIGHT AND LEVEL,DRY,NO DEFECTS,ON SCENE,NO INJURY / DRIVE AWAY,Y,$500 OR LESS,2025-08-09T03:02:00.000,UNABLE TO DETERMINE,NOT APPLICABLE,8101,S,MARSHFIELD AVE,614,2,NO INDICATION OF INJURY,0,0,0,0,0,1,0,3,7,8,41.7466090289,-87.6644089873,"{'type': 'Point', 'coordinates': [-87.664408987251, 41.746609028852]}",,,,,Y,,,,,
c070845a50658ea65f4cf9d185c13542c8f7d3c46aca7cde06679ebcd340036f3aed0e87a6d0b45ecc75a460206efdfc693945b6c3e5c7921dee376418125ec2,2025-08-09T02:50:00.000,30,TRAFFIC SIGNAL,FUNCTIONING PROPERLY,CLEAR,"DARKNESS, LIGHTED ROAD",ANGLE,FOUR WAY,STRAIGHT AND LEVEL,DRY,NO DEFECTS,ON SCENE,INJURY AND / OR TOW DUE TO CRASH,Y,"OVER $1,500",2025-08-09T02:57:00.000,FAILING TO YIELD RIGHT-OF-WAY,NOT APPLICABLE,1600,S,KOSTNER AVE,1012,2,NO INDICATION OF INJURY,0,0,0,0,0,2,0,2,7,8,41.858681849,-87.7348806428,"{'type': 'Point', 'coordinates': [-87.734880642816, 41.858681848973]}",,,,,,,,,,
8d518010418b96c829102650999a26682830eaf258996a280312f023d1a4e78b0a66284aa085d4ffd9c39099b9f6563492546615cc35fe2ebff91a648a863b08,2025-08-09T02:36:00.000,30,NO CONTROLS,NO CONTROLS,CLEAR,"DARKNESS, LIGHTED ROAD",OTHER OBJECT,NOT DIVIDED,STRAIGHT AND LEVEL,DRY,NO DEFECTS,ON SCENE,INJURY AND / OR TOW DUE TO CRASH,,"OVER $1,500",2025-08-09T02:36:00.000,FAILING TO REDUCE SPEED TO AVOID CRASH,NOT APPLICABLE,1127,S,WELLS ST,123,1,NO INDICATION OF INJURY,0,0,0,0,0,1,0,2,7,8,,,,Y,,,,,,,,,
d50f1e7638be2f5cb28e2adaca6da0318a92b0f4a63c19545165fb330e3aeab27eedcd46d93619d12c088ae06d2477a2ea8c0192e76afecbfd76424f358a2ff4,2025-08-09T02:35:00.000,25,NO CONTROLS,UNKNOWN,CLEAR,DARKNESS,PARKED MOTOR VEHICLE,UNKNOWN,STRAIGHT AND LEVEL,DRY,UNKNOWN,ON SCENE,INJURY AND / OR TOW DUE TO CRASH,,"OVER $1,500",2025-08-09T02:36:00.000,UNABLE TO DETERMINE,NOT APPLICABLE,3700,W,DOUGLAS BLVD,1011,2,NO INDICATION OF INJURY,0,0,0,0,0,1,0,2,7,8,41.8629329579,-87.717822622,"{'type': 'Point', 'coordinates': [-87.717822621968, 41.862932957863]}",,,N,,Y,,,,,
be7b559231be632b4138e72548c82c669225eca72a0cd9474b61adb88be9c2200b806a94fbdecc6e170d57b36b065d12293b8959fcd485084ff2c86424c7ceec,2025-08-09T02:28:00.000,30,TRAFFIC SIGNAL,UNKNOWN,CLEAR,"DARKNESS, LIGHTED ROAD",SIDESWIPE SAME DIRECTION,DIVIDED - W/MEDIAN (NOT RAISED),STRAIGHT AND LEVEL,DRY,NO DEFECTS,ON SCENE,INJURY AND / OR TOW DUE TO CRASH,Y,"OVER $1,500",2025-08-09T02:30:00.000,EQUIPMENT - VEHICLE CONDITION,IMPROPER TURNING/NO SIGNAL,3718,S,WESTERN AVE,911,2,NO INDICATION OF INJURY,0,0,0,0,0,5,0,2,7,8,41.8259612944,-87.685050207,"{'type': 'Point', 'coordinates': [-87.685050206983, 41.825961294422]}",,,,,,,,,,
dc3f6b701311dbdd84da2639f399649c17cb2d6459bdcf77dad3f9ae3b091cffa2f2848b9ba637c8b74ae783d8d00c419c5372ce27afba10ed7fd0f2625bbb84,2025-08-09T02:26:00.000,30,TRAFFIC SIGNAL,UNKNOWN,CLEAR,"DARKNESS, LIGHTED ROAD",TURNING,T-INTERSECTION,STRAIGHT AND LEVEL,UNKNOWN,UNKNOWN,ON SCENE,INJURY AND / OR TOW DUE TO CRASH,Y,"OVER $1,500",2025-08-09T03:32:00.000,FAILING TO YIELD RIGHT-OF-WAY,NOT APPLICABLE,605,S,KOSTNER AVE,1131,2,"REPORTED, NOT EVIDENT",1,0,0,0,1,2,0,2,7,8,41.8733859978,-87.7350723227,"{'type': 'Point', 'coordinates': [-87.735072322729, 41.873385997812]}",,,Y,,,,,,,
2b1df9f677d4a68497ca994cfc9dca6e116ed8518bd3bce40fbfcfdfed178f8ba2b4510fbdaeeb3f6571799d7596b3004b75885bee6925dc01e59ee66c5f3270,2025-08-09T01:59:00.000,30,UNKNOWN,UNKNOWN,CLEAR,"DARKNESS, LIGHTED ROAD",REAR END,DIVIDED - W/MEDIAN (NOT RAISED),STRAIGHT AND LEVEL,DRY,NO DEFECTS,ON SCENE,NO INJURY / DRIVE AWAY,Y,"OVER $1,500",2025-08-09T02:15:00.000,UNABLE TO DETERMINE,UNABLE TO DETERMINE,2098,E,HAYES DR,331,2,NO INDICATION OF INJURY,0,0,0,0,0,3,0,1,7,8,41.7808248923,-87.5749002678,"{'type': 'Point', 'coordinates': [-87.574900267752, 41.780824892257]}",,,,,,,,,,
50e7cec926f7e89cb096b45fad9911bf4edc68a28aba6d18653a6abef550c61cae25d2a9e5c9e8e9dd8af60127c160fe7bf79c4d1f631fb302a644fbf83236d7,2025-08-09T01:53:00.000,30,UNKNOWN,UNKNOWN,CLEAR,"DARKNESS, LIGHTED ROAD",PARKED MOTOR VEHICLE,NOT DIVIDED,STRAIGHT AND LEVEL,UNKNOWN,UNKNOWN,ON SCENE,INJURY AND / OR TOW DUE TO CRASH,,"OVER $1,500",2025-08-09T01:55:00.000,UNABLE TO DETERMINE,UNABLE TO DETERMINE,2436,W,FULLERTON AVE,1431,3,NONINCAPACITATING INJURY,1,0,0,1,0,1,0,1,7,8,41.9249960992,-87.689133607,"{'type': 'Point', 'coordinates': [-87.68913360697, 41.924996099222]}",,,,,,,,,,
01592f02a8ea88406703e6c88b244e37d7163905ae1a76420eaa4ecd71ca4f2333d52de953f73555f250691b38b0e9e67e924d2a19480e13a375af34beb80e60,2025-08-09T01:30:00.000,30,NO CONTROLS,NO CONTROLS,CLEAR,"DARKNESS, LIGHTED ROAD",PARKED MOTOR VEHICLE,ONE-WAY,STRAIGHT AND LEVEL,DRY,NO DEFECTS,NOT ON SCENE (DESK REPORT),NO INJURY / DRIVE AWAY,,"OVER $1,500",2025-08-09T01:50:00.000,UNABLE TO DETERMINE,NOT APPLICABLE,4820,W,RACE AVE,1532,2,NO INDICATION OF INJURY,0,0,0,0,0,1,0,1,7,8,41.8905769617,-87.7466359905,"{'type': 'Point', 'coordinates': [-87.746635990515, 41.89057696174]}",,,Y,,Y,,,,,
189bfac687c2ae2ff3854fffb155121369df8a8cdb2dc1a7178deeac6f655a32d0ec387b34e3e7f42bc5bca7070fd83f8a7de4f1fa9e2d5bf92db9addcce152f,2025-08-09T01:30:00.000,30,NO CONTROLS,NO CONTROLS,CLEAR,"DARKNESS, LIGHTED ROAD",SIDESWIPE SAME DIRECTION,NOT DIVIDED,STRAIGHT AND LEVEL,DRY,NO DEFECTS,NOT ON SCENE (DESK REPORT),NO INJURY / DRIVE AWAY,,"$501 - $1,500",2025-08-09T17:00:00.000,FAILING TO YIELD RIGHT-OF-WAY,FAILING TO YIELD RIGHT-OF-WAY,5051,S,CICERO AVE,815,2,NO INDICATION OF INJURY,0,0,0,0,0,2,0,1,7,8,41.8006467532,-87.7428201253,"{'type': 'Point', 'coordinates': [-87.742820125318, 41.800646753154]}",,,,,,,,,,
1d4ec250102e98bafc8f52d6741ccc1b7eeb8c82c304347061d3d6e9bfe64dd1d7c7e5b09d3b4c4be773177c9198d41b13700ae78d5c42ae94f7a7a02ee7e327,2025-08-09T01:30:00.000,30,NO CONTROLS,NO CONTROLS,CLEAR,"DARKNESS, LIGHTED ROAD",SIDESWIPE SAME DIRECTION,NOT DIVIDED,STRAIGHT AND LEVEL,DRY,NO DEFECTS,NOT ON SCENE (DESK REPORT),NO INJURY / DRIVE AWAY,,"OVER $1,500",2025-08-10T14:49:00.000,UNABLE TO DETERMINE,UNABLE TO DETERMINE,3938,N,CLARENDON AVE,1923,2,NO INDICATION OF INJURY,0,0,0,0,0,3,0,1,7,8,41.9539935388,-87.6498296892,"{'type': 'Point', 'coordinates': [-87.649829689223, 41.953993538764]}",,,Y,,,,,Y,,
aaecb1c291bd3f269102fc5c05db57d3ef207e6ba16ed647f494b746eeebb5feb7a3bfa3a9a954c2808e5a79e7b698d68296983e529860978d7127bfe87bddb4,2025-08-09T01:25:00.000,30,NO CONTROLS,NO CONTROLS,CLEAR,"DARKNESS, LIGHTED ROAD",PEDALCYCLIST,DIVIDED - W/MEDIAN (NOT RAISED),STRAIGHT AND LEVEL,DRY,NO DEFECTS,ON SCENE,INJURY AND / OR TOW DUE TO CRASH,,"OVER $1,500",2025-08-09T01:41:00.000,NOT APPLICABLE,NOT APPLICABLE,730,N,PULASKI RD,1111,2,NONINCAPACITATING INJURY,1,0,0,1,0,2,0,1,7,8,41.8944482783,-87.7262030479,"{'type': 'Point', 'coordinates': [-87.726203047904, 41.894448278337]}",,,,,,,,,,
4fdce5f11122b67f905985fce5426b511454a1e30d1b6fac93e54c2c0c5f38f6b69736dc9acb57f25b21bd11b8d610ec3435a4fbd6acff72a0452e023bf191b8,2025-08-09T01:21:00.000,25,NO CONTROLS,NO CONTROLS,CLEAR,DAYLIGHT,REAR END,DIVIDED - W/MEDIAN (NOT RAISED),STRAIGHT AND LEVEL,DRY,NO DEFECTS,NOT ON SCENE (DESK REPORT),NO INJURY / DRIVE AWAY,,"$501 - $1,500",2025-08-11T13:32:00.000,FOLLOWING TOO CLOSELY,NOT APPLICABLE,2790,N,SHEFFIELD AVE,1935,2,NO INDICATION OF INJURY,0,0,0,0,0,2,0,1,7,8,41.9325439924,-87.6540017539,"{'type': 'Point', 'coordinates': [-87.654001753884, 41.932543992405]}",,,,,Y,,,,,