crash_record_id,crash_date,posted_speed_limit,traffic_control_device,device_condition,weather_condition,lighting_condition,first_crash_type,trafficway_type,alignment,roadway_surface_cond,road_defect,report_type,crash_type,intersection_related_i,damage,date_police_notified,prim_contributory_cause,sec_contributory_cause,street_no,street_direction,street_name,beat_of_occurrence,num_units,most_severe_injury,injuries_total,injuries_fatal,injuries_incapacitating,injuries_non_incapacitating,injuries_reported_not_evident,injuries_no_indication,injuries_unknown,crash_hour,crash_day_of_week,crash_month,latitude,longitude,location,private_property_i,photos_taken_i,hit_and_run_i,statements_taken_i,crash_date_est_i,work_zone_i,work_zone_type,dooring_i,lane_cnt,workers_present_i
fdf4d70585ff9562d24d816178d87271146bea88d8e89bca865603a59f8252ea249b52846807598a71dcef7898b00c675b05662d4d75a056835b0a32972375d2,2025-08-09T01:08:00.000,30,STOP SIGN/FLASHER,FUNCTIONING PROPERLY,CLEAR,"DARKNESS, LIGHTED ROAD",FIXED OBJECT,FOUR WAY,STRAIGHT AND LEVEL,DRY,UNKNOWN,NOT ON SCENE (DESK REPORT),NO INJURY / DRIVE AWAY,,"OVER $1,500",2025-08-09T03:45:00.000,UNABLE TO DETERMINE,NOT APPLICABLE,6100,S,PRINCETON AVE,711,2,NO INDICATION OF INJURY,0,0,0,0,0,2,0,1,7,8,41.7835362668,-87.632851943,"{'type': 'Point', 'coordinates': [-87.632851942994, 41.783536266771]}",,,,,,,,,,
0f8f86be51d0b0d202426b9a3aad9950332d05ec951bffbc01b50695f7bfdfa32f85cb19e22ef24a9cf52d935cb26a01854f93062b42b00023d1496348a147c9,2025-08-09T00:55:00.000,25,TRAFFIC SIGNAL,FUNCTIONING PROPERLY,CLEAR,"DARKNESS, LIGHTED ROAD",FIXED OBJECT,NOT DIVIDED,STRAIGHT AND LEVEL,DRY,NO DEFECTS,ON SCENE,INJURY AND / OR TOW DUE TO CRASH,,"OVER $1,500",2025-08-09T00:55:00.000,UNABLE TO DETERMINE,NOT APPLICABLE,5200,W,55TH ST,814,1,NONINCAPACITATING INJURY,2,0,0,2,0,0,0,0,7,8,41.792996747,-87.7525722899,"{'type': 'Point', 'coordinates': [-87.752572289898, 41.792996746987]}",,,,,,,,,,
14651785ff252ac688201e36e221666fe7326c18678a1ed3477a52395c92bbbd57280dba1b1752870454293e27242dd2cfbb1875b6c186fe701d82d9d662a774,2025-08-09T00:42:00.000,30,TRAFFIC SIGNAL,FUNCTIONING PROPERLY,CLEAR,DARKNESS,TURNING,FOUR WAY,STRAIGHT AND LEVEL,DRY,NO DEFECTS,ON SCENE,INJURY AND / OR TOW DUE TO CRASH,Y,"$501 - $1,500",2025-08-09T00:48:00.000,IMPROPER TURNING/NO SIGNAL,NOT APPLICABLE,9901,S,WESTERN AVE,2213,2,NONINCAPACITATING INJURY,2,0,0,1,1,0,0,0,7,8,41.7135743507,-87.6816927829,"{'type': 'Point', 'coordinates': [-87.681692782928, 41.713574350662]}",,,,,,,,,,
2e32168b1621d198242638f93e646caba7a34b98ef895ceeeff323316e4cafe4004c84e2505e502cdf6f7b287974b5c44c95af2ba3e5538e947fa7ed756eea3f,2025-08-09T00:30:00.000,35,TRAFFIC SIGNAL,FUNCTIONING PROPERLY,CLEAR,"DARKNESS, LIGHTED ROAD",TURNING,"FIVE POINT, OR MORE",STRAIGHT AND LEVEL,DRY,NO DEFECTS,ON SCENE,INJURY AND / OR TOW DUE TO CRASH,Y,"OVER $1,500",2025-08-09T02:47:00.000,UNABLE TO DETERMINE,UNABLE TO DETERMINE,801,W,119TH ST,524,2,NONINCAPACITATING INJURY,1,0,0,1,0,1,0,0,7,8,41.6777038827,-87.6419845177,"{'type': 'Point', 'coordinates': [-87.641984517713, 41.677703882725]}",,,Y,,,,,,,
0ddbe0595433bf473d4e8c0068eb82f17e679baab42beaaaf6bf9b41a74ae54eec04c180fa4aadb97c45f8136c74fe6c872cd2f4377a6e90751ed232173e6a19,2025-08-09T00:25:00.000,30,NO CONTROLS,NO CONTROLS,CLEAR,"DARKNESS, LIGHTED ROAD",REAR TO SIDE,NOT DIVIDED,STRAIGHT AND LEVEL,DRY,NO DEFECTS,NOT ON SCENE (DESK REPORT),NO INJURY / DRIVE AWAY,,"OVER $1,500",2025-08-09T00:50:00.000,FAILING TO YIELD RIGHT-OF-WAY,NOT APPLICABLE,4416,W,FIFTH AVE,1131,2,NO INDICATION OF INJURY,0,0,0,0,0,2,0,0,7,8,41.8701974394,-87.7359100444,"{'type': 'Point', 'coordinates': [-87.735910044382, 41.870197439412]}",,,Y,,,,,,,
86afeea80305e50de1992e2874183240509d0c241ce9d7ec4529bb90a469769326eebdafe556803596540e17f618d2e0669c8ab6d53c19674ecf624892755c7e,2025-08-09T00:20:00.000,10,NO CONTROLS,NO CONTROLS,CLEAR,DARKNESS,SIDESWIPE SAME DIRECTION,ALLEY,STRAIGHT AND LEVEL,DRY,UNKNOWN,ON SCENE,NO INJURY / DRIVE AWAY,,$500 OR LESS,2025-08-09T01:41:00.000,UNABLE TO DETERMINE,UNABLE TO DETERMINE,6141,S,CALUMET AVE,311,2,NO INDICATION OF INJURY,0,0,0,0,0,3,0,0,7,8,41.7826936688,-87.6170920595,"{'type': 'Point', 'coordinates': [-87.617092059534, 41.782693668821]}",,,Y,,,,,,,
89c88d739768107208c4ca7bbb920a2eb48979e4329e2e0d88cb64aacbc092ec0668c6580724f33e404b383fa31d169a178d8bce46d386a7b9f95743b6b483fb,2025-08-09T00:10:00.000,35,STOP SIGN/FLASHER,FUNCTIONING PROPERLY,CLEAR,"DARKNESS, LIGHTED ROAD",REAR END,DIVIDED - W/MEDIAN BARRIER,STRAIGHT AND LEVEL,DRY,NO DEFECTS,NOT ON SCENE (DESK REPORT),NO INJURY / DRIVE AWAY,,"$501 - $1,500",2025-08-09T00:30:00.000,FOLLOWING TOO CLOSELY,FAILING TO REDUCE SPEED TO AVOID CRASH,3641,W,IRVING PARK RD,1732,2,NO INDICATION OF INJURY,0,0,0,0,0,3,0,0,7,8,41.9536279228,-87.719473207,"{'type': 'Point', 'coordinates': [-87.719473207012, 41.953627922832]}",,,Y,,,,,,,
978fd48620559f5037a765f231f60a626900750f9b124094246da80b7213be25a66a891ccf54dfad2225196dba81fe5e0d8f520a017b1cf9de87f2d9edfc5519,2025-08-09T00:00:00.000,20,STOP SIGN/FLASHER,FUNCTIONING PROPERLY,CLEAR,DAYLIGHT,PARKED MOTOR VEHICLE,FOUR WAY,STRAIGHT AND LEVEL,DRY,NO DEFECTS,ON SCENE,NO INJURY / DRIVE AWAY,,"OVER $1,500",2025-08-09T09:21:00.000,UNABLE TO DETERMINE,UNABLE TO DETERMINE,600,E,72ND ST,323,2,NO INDICATION OF INJURY,0,0,0,0,0,1,0,0,7,8,41.7640795789,-87.6103290035,"{'type': 'Point', 'coordinates': [-87.610329003548, 41.764079578893]}",,,Y,,,,,,,
c88f1caa85d63bd1d759a44c11415cc744cf90dc6e098f48d3057a4adf7ef2d20a54c6c91220fa61933bf1ccea88abeea370facd63a6a91936ad07906953fb8d,2025-08-09T00:00:00.000,20,NO CONTROLS,NO CONTROLS,CLEAR,"DARKNESS, LIGHTED ROAD",PARKED MOTOR VEHICLE,ONE-WAY,STRAIGHT AND LEVEL,DRY,NO DEFECTS,ON SCENE,INJURY AND / OR TOW DUE TO CRASH,,"OVER $1,500",2025-08-09T09:23:00.000,UNABLE TO DETERMINE,NOT APPLICABLE,5222,W,WINDSOR AVE,1623,2,NO INDICATION OF INJURY,0,0,0,0,0,1,0,0,7,8,41.9631933537,-87.7576523872,"{'type': 'Point', 'coordinates': [-87.757652387235, 41.963193353725]}",,,Y,,,,,,,
4cf5262513db868c859f6d4435ede15493172a5dac5583d90bc921c7cd8bdff5ee97adf3075d149a8722e208220015bf52edfaebca17f899e311cd71a6b2c4b2,2025-08-08T23:50:00.000,30,NO CONTROLS,NO CONTROLS,CLEAR,"DARKNESS, LIGHTED ROAD",PARKED MOTOR VEHICLE,NOT DIVIDED,STRAIGHT AND LEVEL,DRY,NO DEFECTS,ON SCENE,INJURY AND / OR TOW DUE TO CRASH,,"OVER $1,500",2025-08-08T23:51:00.000,FAILING TO REDUCE SPEED TO AVOID CRASH,UNABLE TO DETERMINE,1134,W,ROOSEVELT RD,1232,2,NONINCAPACITATING INJURY,1,0,0,1,0,0,0,23,6,8,41.8671248579,-87.6555146943,"{'type': 'Point', 'coordinates': [-87.655514694257, 41.867124857949]}",,,,,Y,,,,,
1f9e24c2e14d97447268c5917f556ee772ea5d3f6ee81c25bcdce676a7fb06f7d4a5f3d7de842d608d806fde86a425a306520a76043699fd49694611070c8bf8,2025-08-08T23:45:00.000,30,TRAFFIC SIGNAL,UNKNOWN,CLEAR,"DARKNESS, LIGHTED ROAD",TURNING,FOUR WAY,STRAIGHT AND LEVEL,DRY,UNKNOWN,ON SCENE,INJURY AND / OR TOW DUE TO CRASH,Y,"$501 - $1,500",2025-08-08T23:57:00.000,IMPROPER TURNING/NO SIGNAL,NOT APPLICABLE,800,W,CERMAK RD,1235,2,"REPORTED, NOT EVIDENT",1,0,0,0,1,1,0,23,6,8,41.8527551845,-87.6465798588,"{'type': 'Point', 'coordinates': [-87.64657985879, 41.852755184496]}",,,,,,,,,,
f63693c97a320ace7da4aa4eff065b7e571bbb1266c648e933e9908f1008970e63432683c76841f722f3ae5806d0894a60a67f1b124b291ecc1246d88139fe3b,2025-08-08T23:41:00.000,30,STOP SIGN/FLASHER,FUNCTIONING PROPERLY,CLEAR,"DARKNESS, LIGHTED ROAD",TURNING,DIVIDED - W/MEDIAN (NOT RAISED),STRAIGHT AND LEVEL,DRY,NO DEFECTS,ON SCENE,INJURY AND / OR TOW DUE TO CRASH,Y,"OVER $1,500",2025-08-08T23:54:00.000,FAILING TO YIELD RIGHT-OF-WAY,FAILING TO YIELD RIGHT-OF-WAY,931,N,WESTERN AVE,1212,2,NONINCAPACITATING INJURY,2,0,0,2,0,4,0,23,6,8,41.8984270662,-87.686764428,"{'type': 'Point', 'coordinates': [-87.686764428018, 41.898427066223]}",,,,,Y,,,,,
114c3f48d25422159e78a2b9f690031697a7e93593b167ed3ed8662c192567cdf3f19ac94c42e3f3227da3902fcb74f9bb9b4494fa9a21655d8b86a118b5459f,2025-08-08T23:40:00.000,30,NO CONTROLS,NO CONTROLS,CLEAR,"DARKNESS, LIGHTED ROAD",ANGLE,NOT DIVIDED,STRAIGHT AND LEVEL,DRY,NO DEFECTS,ON SCENE,INJURY AND / OR TOW DUE TO CRASH,,"OVER $1,500",2025-08-09T00:01:00.000,UNABLE TO DETERMINE,UNABLE TO DETERMINE,2525,W,71ST ST,832,2,NO INDICATION OF INJURY,0,0,0,0,0,3,0,23,6,8,41.7645291317,-87.6868491848,"{'type': 'Point', 'coordinates': [-87.686849184792, 41.764529131744]}",Y,,Y,,,,,,,
b49fb1cd3bf018495c6c02bdc556dc21f77c36fe42f5f6c3765f30a4af0344ea47a852233201550a284e3159bd21dc336f289b562ed93b8263994e3031c0419f,2025-08-08T23:40:00.000,15,STOP SIGN/FLASHER,FUNCTIONING PROPERLY,CLEAR,"DARKNESS, LIGHTED ROAD",ANGLE,FOUR WAY,STRAIGHT AND LEVEL,DRY,UNKNOWN,ON SCENE,INJURY AND / OR TOW DUE TO CRASH,Y,"OVER $1,500",2025-08-08T23:40:00.000,DISREGARDING STOP SIGN,NOT APPLICABLE,4059,W,MELROSE ST,1731,2,NO INDICATION OF INJURY,0,0,0,0,0,3,0,23,6,8,41.9398634734,-87.729541864,"{'type': 'Point', 'coordinates': [-87.729541863963, 41.939863473411]}",,,,,,,,,,
08d81ba571e949e15eb98c43d7704a7189325f12f1279941fef5a26b08a68d915c4c8c82750c5b8f6eead49f502c8bc661a017946b4a8f49ebfedd0ef7854083,2025-08-08T23:30:00.000,30,TRAFFIC SIGNAL,FUNCTIONING PROPERLY,CLEAR,"DARKNESS, LIGHTED ROAD",TURNING,FOUR WAY,STRAIGHT AND LEVEL,DRY,NO DEFECTS,NOT ON SCENE (DESK REPORT),NO INJURY / DRIVE AWAY,Y,"OVER $1,500",2025-08-09T00:30:00.000,IMPROPER TURNING/NO SIGNAL,UNABLE TO DETERMINE,6300,S,STATE ST,312,2,NO INDICATION OF INJURY,0,0,0,0,0,6,0,23,6,8,41.7800082774,-87.6255225119,"{'type': 'Point', 'coordinates': [-87.625522511916, 41.780008277408]}",,,,,,,,,,
3382ad53a987869c4e455d2afd89258a1787d16d2dc263a2195bf3569292c4ad29edaeed533d5981e8a8aef10a4ca9ed1c15060ea8db042c4d97585aac557d99,2025-08-08T23:30:00.000,30,NO CONTROLS,NO CONTROLS,CLEAR,"DARKNESS, LIGHTED ROAD",TURNING,CENTER TURN LANE,STRAIGHT AND LEVEL,DRY,UNKNOWN,ON SCENE,INJURY AND / OR TOW DUE TO CRASH,Y,"OVER $1,500",2025-08-08T23:33:00.000,IMPROPER TURNING/NO SIGNAL,IMPROPER TURNING/NO SIGNAL,3538,W,NORTH AVE,1422,2,NO INDICATION OF INJURY,0,0,0,0,0,2,0,23,6,8,41.9101156683,-87.7156930426,"{'type': 'Point', 'coordinates': [-87.715693042627, 41.910115668259]}",,,,,,,,,,
0c52a5a9b573d4af63f71412204053db9a0d9259b0354246b025e2fcea1e1363016faa2cd0380fdb6f1965debf5790fd0b2227e907f597924f1e971e0eb581c0,2025-08-08T23:25:00.000,30,NO CONTROLS,NO CONTROLS,CLEAR,"DARKNESS, LIGHTED ROAD",PARKED MOTOR VEHICLE,NOT DIVIDED,STRAIGHT AND LEVEL,DRY,NO DEFECTS,ON SCENE,NO INJURY / DRIVE AWAY,,"OVER $1,500",2025-08-08T23:30:00.000,EQUIPMENT - VEHICLE CONDITION,NOT APPLICABLE,5928,W,BLOOMINGDALE AVE,2531,2,NO INDICATION OF INJURY,0,0,0,0,0,1,0,23,6,8,41.9130285908,-87.7740302334,"{'type': 'Point', 'coordinates': [-87.774030233421, 41.913028590787]}",,,,,,,,,,
d6b80bfc05804d80d0ce4c93df0725b89cbe02433a67ed518807a3d7ec7b03b8b88a29a4e6c16cbf79405f3d602cb0fc463a16a094db35b2783c5ef9ec8010f8,2025-08-08T23:21:00.000,20,NO CONTROLS,NO CONTROLS,CLEAR,"DARKNESS, LIGHTED ROAD",ANGLE,ALLEY,STRAIGHT AND LEVEL,DRY,NO DEFECTS,ON SCENE,NO INJURY / DRIVE AWAY,,"OVER $1,500",2025-08-08T23:28:00.000,FAILING TO REDUCE SPEED TO AVOID CRASH,DRIVING SKILLS/KNOWLEDGE/EXPERIENCE,4901,N,BELL AVE,2031,2,NO INDICATION OF INJURY,0,0,0,0,0,2,0,23,6,8,41.9705805672,-87.6851754283,"{'type': 'Point', 'coordinates': [-87.685175428271, 41.970580567174]}",,,,,,,,,,
0a1d712c7483b16a17de56e3cda26009a1af3ddf3221e859a3b62066eade7132783267dc8228eb8a97f833b6d693bc9b41b8baabc7d406ec69c83a6c4e83e744,2025-08-08T23:10:00.000,30,NO CONTROLS,UNKNOWN,CLEAR,"DARKNESS, LIGHTED ROAD",PARKED MOTOR VEHICLE,NOT DIVIDED,STRAIGHT AND LEVEL,DRY,NO DEFECTS,ON SCENE,INJURY AND / OR TOW DUE TO CRASH,,"OVER $1,500",2025-08-08T23:40:00.000,IMPROPER OVERTAKING/PASSING,UNABLE TO DETERMINE,105,E,CHICAGO AVE,1833,2,NO INDICATION OF INJURY,0,0,0,0,0,1,0,23,6,8,41.8966048453,-87.6252326505,"{'type': 'Point', 'coordinates': [-87.62523265055, 41.896604845251]}",,,,,,,,,,
28f57ecf774710d456fc6e4941a13f3cf53260ce301798d7844f3091981ea356a1724604a6b1cc30c0ca193459e5d320c2363f5e6ac627536af486acc3528132,2025-08-08T23:04:00.000,30,TRAFFIC SIGNAL,UNKNOWN,CLEAR,"DARKNESS, LIGHTED ROAD",PEDALCYCLIST,NOT DIVIDED,STRAIGHT AND LEVEL,DRY,UNKNOWN,ON SCENE,INJURY AND / OR TOW DUE TO CRASH,Y,"OVER $1,500",2025-08-08T23:10:00.000,FAILING TO REDUCE SPEED TO AVOID CRASH,UNABLE TO DETERMINE,1600,N,CALIFORNIA AVE,1421,2,NONINCAPACITATING INJURY,1,0,0,1,0,1,0,23,6,8,41.9103151463,-87.697174719,"{'type': 'Point', 'coordinates': [-87.697174719012, 41.910315146253]}",,,Y,,,,,,,
49274b7f5a53b2186c0f1960ddf97e3c680557846167f68975b621646bedcb0a729afbbc689897e84d84eab9de40501f9e5b67f2ca822c7a68a6340bd820332c,2025-08-08T23:02:00.000,35,TRAFFIC SIGNAL,FUNCTIONING PROPERLY,CLEAR,"DARKNESS, LIGHTED ROAD",PEDALCYCLIST,FOUR WAY,STRAIGHT AND LEVEL,DRY,NO DEFECTS,ON SCENE,NO INJURY / DRIVE AWAY,Y,"OVER $1,500",2025-08-08T23:02:00.000,DISREGARDING TRAFFIC SIGNALS,NOT APPLICABLE,1800,W,FOSTER AVE,2012,2,NO INDICATION OF INJURY,0,0,0,0,0,2,0,23,6,8,41.9762051282,-87.6747765499,"{'type': 'Point', 'coordinates': [-87.674776549853, 41.976205128208]}",,,,,,,,,,
288ae5568b10fbd82fce78fce08019295f959dc8255c9a7e87eceecb25486d150fb318fa2b593a19ddedab27d91394c1ca311873f7d5d1a48e970584a5e3700e,2025-08-08T22:59:00.000,30,NO CONTROLS,NO CONTROLS,CLEAR,"DARKNESS, LIGHTED ROAD",PARKED MOTOR VEHICLE,NOT DIVIDED,STRAIGHT AND LEVEL,DRY,NO DEFECTS,ON SCENE,INJURY AND / OR TOW DUE TO CRASH,,"OVER $1,500",2025-08-08T23:43:00.000,UNABLE TO DETERMINE,NOT APPLICABLE,449,E,83RD ST,632,2,NO INDICATION OF INJURY,0,0,0,0,0,1,0,22,6,8,41.7437303014,-87.6128446726,"{'type': 'Point', 'coordinates': [-87.612844672605, 41.743730301405]}",,,,,,,,,,
913a0b8f799296fc92db09dffcf5df07a2ed914adc6a5cd7b8cdac7507fca02bedbde740c92991d752f670f2c9889a33199526e31a61985e00941c694413a179,2025-08-08T22:57:00.000,30,TRAFFIC SIGNAL,FUNCTIONING PROPERLY,CLEAR,"DARKNESS, LIGHTED ROAD",PEDALCYCLIST,FOUR WAY,STRAIGHT AND LEVEL,DRY,UNKNOWN,NOT ON SCENE (DESK REPORT),NO INJURY / DRIVE AWAY,Y,$500 OR LESS,2025-08-08T23:00:00.000,FAILING TO REDUCE SPEED TO AVOID CRASH,NOT APPLICABLE,3600,N,SHEFFIELD AVE,1923,2,NO INDICATION OF INJURY,0,0,0,0,0,3,0,22,6,8,41.9473318268,-87.654480315,"{'type': 'Point', 'coordinates': [-87.654480314982, 41.947331826783]}",,,,,,,,,,
d46ea7b9b313e19b020f88aed7b6ae679d02a830629fa67734e51fae0f343d86bb8bfbd63719fee389d590c49439e94d937d611a9090f312e4ed429da24da47f,2025-08-08T22:54:00.000,25,UNKNOWN,UNKNOWN,CLEAR,UNKNOWN,PEDESTRIAN,UNKNOWN,STRAIGHT AND LEVEL,DRY,UNKNOWN,ON SCENE,INJURY AND / OR TOW DUE TO CRASH,,"OVER $1,500",2025-08-08T23:33:00.000,NOT APPLICABLE,UNABLE TO DETERMINE,3035,N,HOYNE AVE,1931,2,NONINCAPACITATING INJURY,1,0,0,1,0,1,0,22,6,8,41.9369573266,-87.6805582842,"{'type': 'Point', 'coordinates': [-87.680558284186, 41.936957326581]}",,,Y,,,,,,,
febe3d284ada557929d2e45803640453c0d78640824d61a7868a4580cfba956508490289000259e382eeec704195e7b71055c8bf00948ed5ca9b9629c642afeb,2025-08-08T22:53:00.000,30,TRAFFIC SIGNAL,FUNCTIONING PROPERLY,CLEAR,"DARKNESS, LIGHTED ROAD",ANGLE,FOUR WAY,STRAIGHT AND LEVEL,DRY,NO DEFECTS,ON SCENE,INJURY AND / OR TOW DUE TO CRASH,Y,"OVER $1,500",2025-08-08T23:00:00.000,DISREGARDING TRAFFIC SIGNALS,FAILING TO REDUCE SPEED TO AVOID CRASH,42,E,MONROE ST,112,2,NO INDICATION OF INJURY,0,0,0,0,0,2,0,22,6,8,41.8808978969,-87.6262518387,"{'type': 'Point', 'coordinates': [-87.626251838702, 41.880897896928]}",,,,Y,,,,,,
818f0b8fec9ef2fbc0a3f2580ef5bb763320c9da51d4c97e6d2d6dd1d996cac8b53e2df394d40eadd45048a17460de73d74a2ae55b764bd6ffd29b3f0f489152,2025-08-08T22:47:00.000,30,NO CONTROLS,NO CONTROLS,CLEAR,"DARKNESS, LIGHTED ROAD",SIDESWIPE OPPOSITE DIRECTION,ONE-WAY,STRAIGHT AND LEVEL,DRY,UNKNOWN,NOT ON SCENE (DESK REPORT),NO INJURY / DRIVE AWAY,,"OVER $1,500",2025-08-08T23:45:00.000,IMPROPER OVERTAKING/PASSING,IMPROPER OVERTAKING/PASSING,1250,W,73RD PL,734,2,NO INDICATION OF INJURY,0,0,0,0,0,3,0,22,6,8,41.7605879213,-87.6559812073,"{'type': 'Point', 'coordinates': [-87.655981207251, 41.760587921251]}",,,Y,,,,,,,
a4118ab9701a621cb0a8163e5a0fb8e446ec3e07226d70d4499cf493c3d9eb63115ef5dabe7f244340302a7188d55d518781a6f2a7ddccadc77fc7bdfc04469b,2025-08-08T22:40:00.000,20,NO CONTROLS,NO CONTROLS,CLEAR,"DARKNESS, LIGHTED ROAD",PARKED MOTOR VEHICLE,ONE-WAY,STRAIGHT AND LEVEL,DRY,NO DEFECTS,ON SCENE,INJURY AND / OR TOW DUE TO CRASH,,"OVER $1,500",2025-08-08T22:45:00.000,FOLLOWING TOO CLOSELY,NOT APPLICABLE,5938,W,DAKIN ST,1633,2,NO INDICATION OF INJURY,0,0,0,0,0,1,0,22,6,8,41.952230137,-87.7758622457,"{'type': 'Point', 'coordinates': [-87.775862245744, 41.952230136961]}",,N,,N,,,,,,
4f5c59ed4877b27b2127f49e272eb394f24588af91d49446af97efa40c28bab3d576c91a7e4d56879b91e19be820a50eb390a1380211d501f18cb8ff7bf538b3,2025-08-08T22:29:00.000,30,STOP SIGN/FLASHER,UNKNOWN,CLEAR,"DARKNESS, LIGHTED ROAD",REAR END,ONE-WAY,STRAIGHT AND LEVEL,UNKNOWN,UNKNOWN,NOT ON SCENE (DESK REPORT),NO INJURY / DRIVE AWAY,,"OVER $1,500",2025-08-08T23:18:00.000,UNABLE TO DETERMINE,UNABLE TO DETERMINE,6800,S,JEFFERY BLVD,332,2,NO INDICATION OF INJURY,0,0,0,0,0,4,0,22,6,8,41.7715353798,-87.5765919826,"{'type': 'Point', 'coordinates': [-87.576591982646, 41.77153537983]}",,,Y,,,,,,,
1ce0c58c45926aebf921d45ebdc71cc7e324b24cb576999733f6d71b1f14c4eb6404b31c348111c4d18fe0baf5af3474fa7b25c7de78bf3e123edb4cd36f0578,2025-08-08T22:17:00.000,30,NO CONTROLS,NO CONTROLS,CLEAR,"DARKNESS, LIGHTED ROAD",REAR END,NOT DIVIDED,STRAIGHT AND LEVEL,DRY,NO DEFECTS,ON SCENE,INJURY AND / OR TOW DUE TO CRASH,,"OVER $1,500",2025-08-08T22:17:00.000,FAILING TO REDUCE SPEED TO AVOID CRASH,UNDER THE INFLUENCE OF ALCOHOL/DRUGS (USE WHEN ARREST IS EFFECTED),3721,W,CHICAGO AVE,1112,5,NONINCAPACITATING INJURY,8,0,0,8,0,0,0,22,6,8,41.8953185329,-87.7197276791,"{'type': 'Point', 'coordinates': [-87.71972767905, 41.895318532876]}",,,,,,,,,,
c3e859b3cdc5cb7f6e3c11a35dff1e2bf6bc5e4164963c5dd41d71b6571e737b8c799723044c6aa819db75f24fc6d0e1a168ccff99bf9625d1680f917b15d9fb,2025-08-08T22:17:00.000,25,OTHER,OTHER,CLEAR,DARKNESS,PARKED MOTOR VEHICLE,ONE-WAY,STRAIGHT AND LEVEL,DRY,UNKNOWN,ON SCENE,NO INJURY / DRIVE AWAY,,"OVER $1,500",2025-08-08T22:17:00.000,DISTRACTION - FROM OUTSIDE VEHICLE,NOT APPLICABLE,6515,S,LOWE AVE,723,2,NO INDICATION OF INJURY,0,0,0,0,0,1,0,22,6,8,41.775692699,-87.6406149648,"{'type': 'Point', 'coordinates': [-87.640614964843, 41.775692698966]}",,,,,Y,,,,,
72dc592db270bb6f0da6149b5aabfa7b6fc2e9cc0d1fdf279ae8134ff7839c25bdb3a22c9205ce2227e37561bc55f91cf3916926f69ee4742161da76b33aae20,2025-08-08T22:10:00.000,30,TRAFFIC SIGNAL,FUNCTIONING PROPERLY,CLEAR,"DARKNESS, LIGHTED ROAD",TURNING,NOT DIVIDED,STRAIGHT AND LEVEL,DRY,UNKNOWN,NOT ON SCENE (DESK REPORT),NO INJURY / DRIVE AWAY,,"OVER $1,500",2025-08-09T00:05:00.000,UNABLE TO DETERMINE,UNABLE TO DETERMINE,6300,S,STATE ST,312,2,NO INDICATION OF INJURY,0,0,0,0,0,2,0,22,6,8,41.7800082774,-87.6255225119,"{'type': 'Point', 'coordinates': [-87.625522511916, 41.780008277408]}",,,,,,,,,,
7c1d28df70770aeda40d5baeca2c80d1f3dddc6dead917c2fb2e02b251b91afb8fb3f8a9526740034f7ade865ae0537d7f24d13c5506fbd4cd5a5006ac570138,2025-08-08T22:05:00.000,30,NO CONTROLS,NO CONTROLS,CLEAR,"DARKNESS, LIGHTED ROAD",ANGLE,PARKING LOT,STRAIGHT AND LEVEL,"SAND, MUD, DIRT",NO DEFECTS,NOT ON SCENE (DESK REPORT),NO INJURY / DRIVE AWAY,,"OVER $1,500",2025-08-09T12:30:00.000,FAILING TO YIELD RIGHT-OF-WAY,"OPERATING VEHICLE IN ERRATIC, RECKLESS, CARELESS, NEGLIGENT OR AGGRESSIVE MANNER",2800,S,PRINCETON AVE,914,2,NO INDICATION OF INJURY,0,0,0,0,0,3,0,22,6,8,41.8425111988,-87.6343588261,"{'type': 'Point', 'coordinates': [-87.634358826086, 41.842511198838]}",Y,,,,,,,,,
4c923b9e60c10476787e5a63465197f68219e9a6ef310fbfce970089862b7431caad1837cd41f92d3f3010a726770d5a686772debfe332eb7f3e020ea3968dc9,2025-08-08T22:00:00.000,30,TRAFFIC SIGNAL,FUNCTIONING PROPERLY,CLEAR,"DARKNESS, LIGHTED ROAD",REAR END,NOT DIVIDED,STRAIGHT AND LEVEL,DRY,NO DEFECTS,,INJURY AND / OR TOW DUE TO CRASH,,"OVER $1,500",2025-08-09T00:07:00.000,UNABLE TO DETERMINE,NOT APPLICABLE,5949,S,ARCHER AVE,811,2,"REPORTED, NOT EVIDENT",1,0,0,0,1,1,0,22,6,8,41.795249633,-87.7646694754,"{'type': 'Point', 'coordinates': [-87.764669475377, 41.795249632981]}",,,,,,,,,,
8e0cd74d7349be2bd4f94c92db221a33b964525a8d9af5a02e92496de6e335e5c9999045ece25d9b8a58479c049e89ce7a4d1b0b8071cc2f732277e83df456f4,2025-08-08T22:00:00.000,30,NO CONTROLS,NO CONTROLS,UNKNOWN,UNKNOWN,SIDESWIPE SAME DIRECTION,ONE-WAY,STRAIGHT AND LEVEL,UNKNOWN,UNKNOWN,NOT ON SCENE (DESK REPORT),NO INJURY / DRIVE AWAY,,"$501 - $1,500",2025-08-08T22:25:00.000,NOT APPLICABLE,NOT APPLICABLE,300,W,BRIAR PL,1934,2,NO INDICATION OF INJURY,0,0,0,0,0,3,0,22,6,8,,,,,,,,,,,,,