crash_record_id,crash_date,posted_speed_limit,traffic_control_device,device_condition,weather_condition,lighting_condition,first_crash_type,trafficway_type,alignment,roadway_surface_cond,road_defect,report_type,crash_type,intersection_related_i,damage,date_police_notified,prim_contributory_cause,sec_contributory_cause,street_no,street_direction,street_name,beat_of_occurrence,num_units,most_severe_injury,injuries_total,injuries_fatal,injuries_incapacitating,injuries_non_incapacitating,injuries_reported_not_evident,injuries_no_indication,injuries_unknown,crash_hour,crash_day_of_week,crash_month,latitude,longitude,location,private_property_i,photos_taken_i,hit_and_run_i,statements_taken_i,crash_date_est_i,work_zone_i,work_zone_type,dooring_i,lane_cnt,workers_present_i
922513c211c2e200a699446397c869586c6ca75925902741d76dcd755a274f28366e58093cf5eec34fdfd84c9425655fd162c9f9f5335a14b583395d9b66b38f,2025-08-08T21:57:00.000,30,NO CONTROLS,NO CONTROLS,CLEAR,"DARKNESS, LIGHTED ROAD",ANGLE,OTHER,STRAIGHT AND LEVEL,UNKNOWN,NO DEFECTS,ON SCENE,INJURY AND / OR TOW DUE TO CRASH,,"OVER $1,500",2025-08-08T22:02:00.000,FAILING TO YIELD RIGHT-OF-WAY,NOT APPLICABLE,6407,N,CALIFORNIA AVE,2412,2,NONINCAPACITATING INJURY,1,0,0,1,0,1,0,21,6,8,41.9978262292,-87.6995039619,"{'type': 'Point', 'coordinates': [-87.699503961889, 41.997826229249]}",,,,,,,,,,
1e7b225acf2d250771385bc60c28e3a2197b78fdc80cc3279a15135f351278f7ebbbf70c0b4d06a13637add362d60e0c2378ed6b3b5406b6ef3e5feaab47dc98,2025-08-08T21:51:00.000,40,NO CONTROLS,NO CONTROLS,CLEAR,"DARKNESS, LIGHTED ROAD",REAR END,DIVIDED - W/MEDIAN BARRIER,STRAIGHT ON HILLCREST,DRY,UNKNOWN,ON SCENE,INJURY AND / OR TOW DUE TO CRASH,,"OVER $1,500",2025-08-08T22:14:00.000,FAILING TO REDUCE SPEED TO AVOID CRASH,NOT APPLICABLE,1600,N,LAKE SHORE DR SB,1814,4,INCAPACITATING INJURY,6,0,1,5,0,4,0,21,6,8,41.9118569525,-87.6261695233,"{'type': 'Point', 'coordinates': [-87.626169523312, 41.911856952541]}",,,,Y,,,,,,
9d9f4c5afeae0da89bf98489a4005519b80ca944ff6e904fa7ac3029a5160a80e3599c1161edba1852972131b7d1b869eb92db137ad766da2817265bfaf4f21d,2025-08-08T21:49:00.000,25,NO CONTROLS,NO CONTROLS,CLEAR,"DARKNESS, LIGHTED ROAD",PARKED MOTOR VEHICLE,ONE-WAY,STRAIGHT AND LEVEL,DRY,NO DEFECTS,NOT ON SCENE (DESK REPORT),NO INJURY / DRIVE AWAY,,"OVER $1,500",2025-08-10T10:45:00.000,UNABLE TO DETERMINE,UNABLE TO DETERMINE,2258,N,MANGO AVE,2515,2,NO INDICATION OF INJURY,0,0,0,0,0,1,0,21,6,8,41.9220054485,-87.7697148238,"{'type': 'Point', 'coordinates': [-87.769714823787, 41.92200544853]}",,,Y,,,,,,,
7bf6ee70665c24d030ea448b8be15444abcdf603865b15dcaa0c4af965e8daa48b1e07cb75e09a7df34ebe6717f0abd61fc0a3e985cd02cfc524c0a2edafd1fe,2025-08-08T21:48:00.000,30,TRAFFIC SIGNAL,FUNCTIONING PROPERLY,CLEAR,"DARKNESS, LIGHTED ROAD",SIDESWIPE SAME DIRECTION,ONE-WAY,STRAIGHT ON GRADE,DRY,NO DEFECTS,ON SCENE,NO INJURY / DRIVE AWAY,,"OVER $1,500",2025-08-08T21:48:00.000,FAILING TO YIELD RIGHT-OF-WAY,NOT APPLICABLE,1557,W,VAN BUREN ST,1231,2,NO INDICATION OF INJURY,0,0,0,0,0,2,0,21,6,8,41.8762410991,-87.6666234458,"{'type': 'Point', 'coordinates': [-87.666623445803, 41.876241099101]}",,,,,,,,,,
a64096c0525789faffc45c41aad0edaec8daefb2db983e51c0abcdeab8f72a99d6d00931831401e503f594d9090feebe6bfa0a66a518918e4fe31113121748b0,2025-08-08T21:44:00.000,30,NO CONTROLS,NO CONTROLS,CLEAR,"DARKNESS, LIGHTED ROAD",REAR END,NOT DIVIDED,STRAIGHT AND LEVEL,DRY,NO DEFECTS,NOT ON SCENE (DESK REPORT),NO INJURY / DRIVE AWAY,,"$501 - $1,500",2025-08-08T22:00:00.000,IMPROPER BACKING,NOT APPLICABLE,156,W,POLK ST,123,2,NO INDICATION OF INJURY,0,0,0,0,0,3,0,21,6,8,41.872277593,-87.6325818544,"{'type': 'Point', 'coordinates': [-87.632581854399, 41.872277593001]}",,,,,,,,,,
552203613742b18c703b0b156363bc5047c603113217a799376cb046ad01f9a68cc3cdeb22576aeda3fb526793078703730ab6b49658f0b738b051a9087f25e6,2025-08-08T21:40:00.000,30,NO CONTROLS,NO CONTROLS,CLEAR,DAYLIGHT,REAR END,NOT DIVIDED,STRAIGHT AND LEVEL,DRY,NO DEFECTS,NOT ON SCENE (DESK REPORT),NO INJURY / DRIVE AWAY,,"OVER $1,500",2025-08-09T14:02:00.000,FOLLOWING TOO CLOSELY,NOT APPLICABLE,8800,S,STONY ISLAND AVE,412,2,NO INDICATION OF INJURY,0,0,0,0,0,2,0,21,6,8,41.7350005836,-87.5857478277,"{'type': 'Point', 'coordinates': [-87.585747827667, 41.735000583551]}",,,,,,,,,,
8f3f9726c4fa6df4386cea5fcf91c2c95a31fbd032ea702d9a49250e9fc98efdf4fd82896747ed9b230873c647ee4d3cc1901d15c1789ed44c265dd48b974c41,2025-08-08T21:32:00.000,10,NO CONTROLS,NO CONTROLS,CLEAR,"DARKNESS, LIGHTED ROAD",PARKED MOTOR VEHICLE,ONE-WAY,STRAIGHT AND LEVEL,DRY,NO DEFECTS,ON SCENE,NO INJURY / DRIVE AWAY,,"OVER $1,500",2025-08-08T21:32:00.000,IMPROPER BACKING,UNABLE TO DETERMINE,405,W,OHARE ST,1654,2,NO INDICATION OF INJURY,0,0,0,0,0,2,0,21,6,8,,,,,,,,,,,,,
39804400da887b7046f0a17e0ea0082186fc6cf96314fe20c6b3cee6cbb0799d8150b8a13ef29377ce12f9f3c126ae574031a385a48d78cb8e7a2820c6c45c45,2025-08-08T21:30:00.000,30,STOP SIGN/FLASHER,FUNCTIONING PROPERLY,CLEAR,"DARKNESS, LIGHTED ROAD",REAR END,NOT DIVIDED,STRAIGHT AND LEVEL,DRY,NO DEFECTS,NOT ON SCENE (DESK REPORT),NO INJURY / DRIVE AWAY,,"$501 - $1,500",2025-08-09T18:15:00.000,FOLLOWING TOO CLOSELY,FOLLOWING TOO CLOSELY,1359,E,76TH ST,411,2,NO INDICATION OF INJURY,0,0,0,0,0,2,0,21,6,8,41.756792338,-87.5908133525,"{'type': 'Point', 'coordinates': [-87.590813352546, 41.756792337997]}",,,Y,,,,,,,
593c20171b3075f05dc01ce2c36431b0fdd4b3a6f64927a5c9e6a3e781dfb53d15f8252cca5cec444259ac57cdd19c6d400edb830657c31fea9a22b744208599,2025-08-08T21:30:00.000,30,NO CONTROLS,NO CONTROLS,CLEAR,"DARKNESS, LIGHTED ROAD",SIDESWIPE SAME DIRECTION,DIVIDED - W/MEDIAN BARRIER,STRAIGHT AND LEVEL,DRY,UNKNOWN,NOT ON SCENE (DESK REPORT),NO INJURY / DRIVE AWAY,,"OVER $1,500",2025-08-08T22:30:00.000,UNABLE TO DETERMINE,UNABLE TO DETERMINE,6235,S,LAKE SHORE DR,331,2,NO INDICATION OF INJURY,0,0,0,0,0,2,0,21,6,8,41.7813293568,-87.574759574,"{'type': 'Point', 'coordinates': [-87.574759574041, 41.781329356814]}",,,,,,,,,,
8aae2f9dd02a6e81130a624f6b7b33ec36769fe2374a24f78123c1a63438ae0aba50a8884125fdd2fea012928cb56c702d8e30463ec9e6ed98628250d376eed2,2025-08-08T21:30:00.000,30,TRAFFIC SIGNAL,FUNCTIONING PROPERLY,CLEAR,"DARKNESS, LIGHTED ROAD",SIDESWIPE SAME DIRECTION,DIVIDED - W/MEDIAN (NOT RAISED),STRAIGHT AND LEVEL,DRY,NO DEFECTS,NOT ON SCENE (DESK REPORT),NO INJURY / DRIVE AWAY,,"OVER $1,500",2025-08-11T13:00:00.000,DISTRACTION - FROM INSIDE VEHICLE,UNABLE TO DETERMINE,4856,W,NORTH AVE,2533,2,NO INDICATION OF INJURY,0,0,0,0,0,4,0,21,6,8,41.9097095537,-87.7480881772,"{'type': 'Point', 'coordinates': [-87.748088177215, 41.909709553661]}",,,,,,,,,,
9402e8905fc268c3090cd6466da67d5bcbaff67c821076187c63b7fe66d2e835ebf77e8b14520cf919b8c4e7b79341448701a7fccc08b116f334d28b2a9a1f81,2025-08-08T21:30:00.000,30,UNKNOWN,UNKNOWN,CLEAR,"DARKNESS, LIGHTED ROAD",PARKED MOTOR VEHICLE,NOT DIVIDED,STRAIGHT AND LEVEL,DRY,UNKNOWN,ON SCENE,INJURY AND / OR TOW DUE TO CRASH,,"OVER $1,500",2025-08-08T23:45:00.000,NOT APPLICABLE,NOT APPLICABLE,4185,N,AUSTIN AVE,1624,2,NO INDICATION OF INJURY,0,0,0,0,0,1,0,21,6,8,41.9566136033,-87.7767501958,"{'type': 'Point', 'coordinates': [-87.776750195849, 41.956613603337]}",,,Y,,,,,,,
c9b57ba7ac62cdfdce2157640a2a4854279839c60e7bba6e9332f9d2189506a8657cc26a61ef7491053b766a71db0bdb2df06ff2cb96d95eaaeea388481fb4f2,2025-08-08T21:30:00.000,10,NO CONTROLS,NO CONTROLS,CLEAR,DARKNESS,PARKED MOTOR VEHICLE,PARKING LOT,STRAIGHT AND LEVEL,DRY,NO DEFECTS,ON SCENE,INJURY AND / OR TOW DUE TO CRASH,,"OVER $1,500",2025-08-08T21:33:00.000,IMPROPER BACKING,NOT APPLICABLE,8999,S,ASHLAND AVE,2221,2,"REPORTED, NOT EVIDENT",1,0,0,0,1,1,0,21,6,8,41.7303856521,-87.6627586441,"{'type': 'Point', 'coordinates': [-87.662758644146, 41.730385652092]}",,,,,,,,,,
d2f40b21253340de39886f07101cd0c397b3a9d68f984e91ee84869f9ef5a735f0388190215864c32ada9946beadb1ee2f7f3d9416b663e179f856b7e08577e5,2025-08-08T21:30:00.000,15,NO CONTROLS,NO CONTROLS,CLEAR,"DARKNESS, LIGHTED ROAD",PARKED MOTOR VEHICLE,NOT DIVIDED,STRAIGHT AND LEVEL,UNKNOWN,UNKNOWN,NOT ON SCENE (DESK REPORT),INJURY AND / OR TOW DUE TO CRASH,,"OVER $1,500",2025-08-08T23:50:00.000,UNABLE TO DETERMINE,NOT APPLICABLE,311,N,LOCKWOOD AVE,1523,4,NO INDICATION OF INJURY,0,0,0,0,0,3,0,21,6,8,41.8859856922,-87.7575731378,"{'type': 'Point', 'coordinates': [-87.757573137842, 41.885985692169]}",,,,,,,,,,
6b33cf04e6c90edd7bbbab6b1e58647564e163cc36f7cf890a355cf077037b33b681cfde2b5a58db6a8b0080c79490b18665b3366124247f79bfc4b30a75c5f3,2025-08-08T21:26:00.000,30,UNKNOWN,UNKNOWN,CLEAR,"DARKNESS, LIGHTED ROAD",SIDESWIPE SAME DIRECTION,DIVIDED - W/MEDIAN (NOT RAISED),STRAIGHT AND LEVEL,UNKNOWN,UNKNOWN,ON SCENE,NO INJURY / DRIVE AWAY,,$500 OR LESS,2025-08-08T23:23:00.000,UNABLE TO DETERMINE,UNABLE TO DETERMINE,9500,S,PEORIA ST,2223,2,NO INDICATION OF INJURY,0,0,0,0,0,5,0,21,6,8,41.721318728,-87.6457845083,"{'type': 'Point', 'coordinates': [-87.645784508324, 41.721318727957]}",,,Y,,,,,,,
3f5f19890c89b7cc34117712603ed625135d6c0775cb2c27633454dc1f6f092d66954e8e34b8352b9b9d38bef89bca5a67284db8ab0beea7e48bb794c1abf485,2025-08-08T21:17:00.000,30,TRAFFIC SIGNAL,FUNCTIONING PROPERLY,CLEAR,"DARKNESS, LIGHTED ROAD",SIDESWIPE OPPOSITE DIRECTION,DIVIDED - W/MEDIAN (NOT RAISED),STRAIGHT AND LEVEL,DRY,NO DEFECTS,ON SCENE,NO INJURY / DRIVE AWAY,Y,"OVER $1,500",2025-08-08T21:35:00.000,UNABLE TO DETERMINE,UNABLE TO DETERMINE,2897,S,ARCHER AVE,913,2,NO INDICATION OF INJURY,0,0,0,0,0,2,0,21,6,8,41.8417445364,-87.6574837434,"{'type': 'Point', 'coordinates': [-87.657483743378, 41.841744536394]}",,,Y,,,,,,,
08eeea358f3907fb9a188b8c6df113ed33a2f7454da34cae7f4812f891df0d3e97be641358b5aa48c193ab6f239ae12f4106a0ecc285cc5f3993c3ab56448e99,2025-08-08T21:00:00.000,30,NO CONTROLS,NO CONTROLS,CLEAR,"DARKNESS, LIGHTED ROAD",SIDESWIPE SAME DIRECTION,ONE-WAY,STRAIGHT AND LEVEL,DRY,NO DEFECTS,NOT ON SCENE (DESK REPORT),INJURY AND / OR TOW DUE TO CRASH,,"OVER $1,500",2025-08-08T22:00:00.000,FAILING TO YIELD RIGHT-OF-WAY,NOT APPLICABLE,2954,W,LYNDALE ST,1414,2,NO INDICATION OF INJURY,0,0,0,0,0,3,0,21,6,8,41.9224981083,-87.7019875452,"{'type': 'Point', 'coordinates': [-87.701987545198, 41.922498108259]}",,,,,,,,,,
7d5f39ce521bef8d5cf31e3f69c312649cc946f1ceda82cb73ccf68008d62832218f486486b5faa24c25f955dda6a7a82ce0f31f459fec9b5e4bdb9349b51108,2025-08-08T21:00:00.000,25,STOP SIGN/FLASHER,FUNCTIONING PROPERLY,CLEAR,DAYLIGHT,ANGLE,FOUR WAY,STRAIGHT AND LEVEL,DRY,NO DEFECTS,ON SCENE,INJURY AND / OR TOW DUE TO CRASH,Y,"OVER $1,500",2025-08-08T21:20:00.000,UNABLE TO DETERMINE,NOT APPLICABLE,10800,S,EWING AVE,432,2,NO INDICATION OF INJURY,0,0,0,0,0,2,0,21,6,8,41.6990125228,-87.5354279136,"{'type': 'Point', 'coordinates': [-87.53542791363, 41.699012522767]}",,,,,,,,,,
c710caad021e02718ee503152057bf2c43bcd18f78c9d53b5bce0d02ff9328012b3a8f46d3e7a992c41344eb5863414e6d285fa3738720bdd34fbf98da5ddc7c,2025-08-08T20:57:00.000,30,OTHER,OTHER,OTHER,UNKNOWN,SIDESWIPE SAME DIRECTION,OTHER,STRAIGHT AND LEVEL,OTHER,UNKNOWN,NOT ON SCENE (DESK REPORT),NO INJURY / DRIVE AWAY,,"OVER $1,500",2025-08-08T21:00:00.000,UNABLE TO DETERMINE,UNABLE TO DETERMINE,7900,S,RACINE AVE,612,2,NO INDICATION OF INJURY,0,0,0,0,0,4,0,20,6,8,41.7504749298,-87.6538833344,"{'type': 'Point', 'coordinates': [-87.653883334391, 41.750474929778]}",,,Y,,,,,,,
a5d6373dd0bab831687b8a5bc53db6dbd21ae7d86d5ed4a87e7588faa8ec94540288045abe220839881da8c336289d6aa412951fab0ccfce26eacbfe38115c0c,2025-08-08T20:53:00.000,30,NO CONTROLS,NO CONTROLS,CLEAR,"DARKNESS, LIGHTED ROAD",PARKED MOTOR VEHICLE,NOT DIVIDED,STRAIGHT AND LEVEL,DRY,NO DEFECTS,ON SCENE,INJURY AND / OR TOW DUE TO CRASH,,"OVER $1,500",2025-08-08T20:53:00.000,FAILING TO REDUCE SPEED TO AVOID CRASH,DRIVING SKILLS/KNOWLEDGE/EXPERIENCE,1119,W,69TH ST,733,2,NONINCAPACITATING INJURY,1,0,0,1,0,0,0,20,6,8,41.7686085052,-87.6525995213,"{'type': 'Point', 'coordinates': [-87.652599521327, 41.768608505223]}",,,,,,,,,,
5174d1830fdd21500c02d1f6f273a89c4ade431a2f573279317ec923245fe6aa86edb09acd2004227a662850d875de1874bc60e259d9167cb6e1c2960a72217f,2025-08-08T20:52:00.000,30,UNKNOWN,UNKNOWN,UNKNOWN,UNKNOWN,ANGLE,ONE-WAY,STRAIGHT AND LEVEL,UNKNOWN,UNKNOWN,NOT ON SCENE (DESK REPORT),NO INJURY / DRIVE AWAY,Y,"OVER $1,500",2025-08-09T13:50:00.000,DRIVING SKILLS/KNOWLEDGE/EXPERIENCE,UNABLE TO DETERMINE,600,N,ORLEANS ST,1831,2,NO INDICATION OF INJURY,0,0,0,0,0,2,0,20,6,8,41.8924106658,-87.63720268,"{'type': 'Point', 'coordinates': [-87.637202679986, 41.892410665824]}",,,,,,,,,,
a68c11ec4f6ab4230658f1fe26698d54c5341d52d9e25d4c39b76de8fd7c9a0deaad48ecc5e2ebbb015d6025da17e18c09edad7580a1e0e7ee00492e320f9ded,2025-08-08T20:50:00.000,30,NO CONTROLS,FUNCTIONING PROPERLY,CLEAR,"DARKNESS, LIGHTED ROAD",REAR END,NOT DIVIDED,STRAIGHT AND LEVEL,DRY,NO DEFECTS,ON SCENE,INJURY AND / OR TOW DUE TO CRASH,,"OVER $1,500",2025-08-08T21:01:00.000,FOLLOWING TOO CLOSELY,UNABLE TO DETERMINE,3632,W,26TH ST,1013,3,NO INDICATION OF INJURY,0,0,0,0,0,5,0,20,6,8,41.8444781398,-87.715952126,"{'type': 'Point', 'coordinates': [-87.715952126007, 41.844478139765]}",,,Y,,,,,,,
d2c8eb7454ad125eb1a0d9b222a2e16b065f24b2187a498d4e5f2560c4d57c36408e1613089882b6c4a22e125c247986e97bd3eee85e96a80c6a1ef705945dba,2025-08-08T20:48:00.000,30,TRAFFIC SIGNAL,FUNCTIONING PROPERLY,CLEAR,"DARKNESS, LIGHTED ROAD",SIDESWIPE SAME DIRECTION,NOT DIVIDED,STRAIGHT AND LEVEL,DRY,UNKNOWN,ON SCENE,INJURY AND / OR TOW DUE TO CRASH,Y,"OVER $1,500",2025-08-08T20:53:00.000,UNABLE TO DETERMINE,NOT APPLICABLE,3400,W,ROOSEVELT RD,1133,2,NO INDICATION OF INJURY,0,0,0,0,0,2,0,20,6,8,41.8664572689,-87.7106673317,"{'type': 'Point', 'coordinates': [-87.710667331739, 41.866457268922]}",,,Y,,,,,,,
f06547742bd5a21bcca63c2166bffb10a751a970a9c369c198129547f192fbb27af7384e30cf9c9cc4f8badadae05f3e5375739fc621b165ebbfcccc5cd95864,2025-08-08T20:46:00.000,30,UNKNOWN,UNKNOWN,UNKNOWN,UNKNOWN,REAR END,FOUR WAY,STRAIGHT AND LEVEL,UNKNOWN,UNKNOWN,NOT ON SCENE (DESK REPORT),NO INJURY / DRIVE AWAY,,"OVER $1,500",2025-08-08T21:40:00.000,UNABLE TO DETERMINE,NOT APPLICABLE,3637,W,26TH ST,1032,3,NO INDICATION OF INJURY,0,0,0,0,0,3,0,20,6,8,41.8442552308,-87.7161598073,"{'type': 'Point', 'coordinates': [-87.71615980729, 41.844255230847]}",,,Y,,,,,,,
553eea1d17fc2189702e23304b852eda3d2ca20b61cff6252c54797e8fb34365a4f69e4803373f3f3eb8de8d69fb6f78ef13b00e0661304ee21636483f403acd,2025-08-08T20:43:00.000,15,NO CONTROLS,NO CONTROLS,CLEAR,"DARKNESS, LIGHTED ROAD",PARKED MOTOR VEHICLE,NOT DIVIDED,STRAIGHT AND LEVEL,UNKNOWN,UNKNOWN,NOT ON SCENE (DESK REPORT),NO INJURY / DRIVE AWAY,,"$501 - $1,500",2025-08-08T21:10:00.000,UNABLE TO DETERMINE,NOT APPLICABLE,311,N,LOCKWOOD AVE,1523,2,NO INDICATION OF INJURY,0,0,0,0,0,1,0,20,6,8,41.8859856922,-87.7575731378,"{'type': 'Point', 'coordinates': [-87.757573137842, 41.885985692169]}",,,,,,,,,,
6d51f9526ad514e8864663f25b56a7ba8b504e6c0b04cfebb5c34752f2fb60e021d7a416dd0679b0860c8a03fddda70fc52bb325cb3f9b00299b79f8bd1b695c,2025-08-08T20:39:00.000,55,UNKNOWN,UNKNOWN,CLEAR,"DARKNESS, LIGHTED ROAD",SIDESWIPE SAME DIRECTION,DIVIDED - W/MEDIAN BARRIER,STRAIGHT AND LEVEL,DRY,NO DEFECTS,ON SCENE,INJURY AND / OR TOW DUE TO CRASH,,"OVER $1,500",2025-08-08T20:40:00.000,UNABLE TO DETERMINE,UNABLE TO DETERMINE,1400,N,LAKE SHORE DR,1824,2,NONINCAPACITATING INJURY,1,0,0,1,0,2,0,20,6,8,41.9079094667,-87.6259457782,"{'type': 'Point', 'coordinates': [-87.625945778203, 41.907909466737]}",,,Y,,,,,,,
1963a8cb29bb17ef42c198a4f2287eaec2c5901f1eba41e195400b01677393405d8019f79b9958b29ece4140a2da4f8cee6d2bb767972b2648e80d3f4665b8f5,2025-08-08T20:38:00.000,30,NO CONTROLS,NO CONTROLS,CLEAR,"DARKNESS, LIGHTED ROAD",SIDESWIPE SAME DIRECTION,NOT DIVIDED,STRAIGHT AND LEVEL,DRY,UNKNOWN,ON SCENE,NO INJURY / DRIVE AWAY,,"$501 - $1,500",2025-08-08T20:44:00.000,UNABLE TO DETERMINE,NOT APPLICABLE,6409,W,DEVON AVE,1611,2,NO INDICATION OF INJURY,0,0,0,0,0,2,0,20,6,8,41.9972418991,-87.7878541532,"{'type': 'Point', 'coordinates': [-87.787854153156, 41.997241899113]}",,,,,,,,,,
7a2711bdf96d96eacb7338f69681b975b7ebd7f4cc5e59909a0e72cd579931ce7aab342252db770683b843423d1b96327efcefc4699b6523a56b79253f39e115,2025-08-08T20:38:00.000,30,TRAFFIC SIGNAL,UNKNOWN,CLEAR,"DARKNESS, LIGHTED ROAD",REAR END,NOT DIVIDED,STRAIGHT AND LEVEL,UNKNOWN,UNKNOWN,NOT ON SCENE (DESK REPORT),NO INJURY / DRIVE AWAY,,"OVER $1,500",2025-08-08T21:02:00.000,UNABLE TO DETERMINE,UNABLE TO DETERMINE,616,E,76TH ST,624,2,NO INDICATION OF INJURY,0,0,0,0,0,3,0,20,6,8,41.7567913948,-87.6094868384,"{'type': 'Point', 'coordinates': [-87.609486838372, 41.756791394802]}",,,Y,,,,,,,
e440d975c60f660363d064861220924470b450cb81c8e909b54eabb12e07e2f70a670bcc2b1870454728784ce1b68afb87f2cee37820ff3931b8af1e2d78d103,2025-08-08T20:30:00.000,15,NO CONTROLS,NO CONTROLS,CLEAR,DUSK,PARKED MOTOR VEHICLE,PARKING LOT,STRAIGHT AND LEVEL,DRY,NO DEFECTS,NOT ON SCENE (DESK REPORT),NO INJURY / DRIVE AWAY,,"OVER $1,500",2025-08-09T12:00:00.000,UNABLE TO DETERMINE,NOT APPLICABLE,2939,W,ADDISON ST,1733,2,NO INDICATION OF INJURY,0,0,0,0,0,1,0,20,6,8,41.946538983,-87.7020848861,"{'type': 'Point', 'coordinates': [-87.702084886142, 41.946538982968]}",,,Y,,,,,,,
f193991b8a6f5eb1c05d14869a0b63e2ec213a4b77d985047a4d7190c7326f6a29999dd3158badaa15d77274d4e61bb19edb81d59ffc834b6daa41b728688a54,2025-08-08T20:30:00.000,30,NO CONTROLS,NO CONTROLS,CLEAR,DUSK,PARKED MOTOR VEHICLE,NOT DIVIDED,STRAIGHT AND LEVEL,DRY,NO DEFECTS,NOT ON SCENE (DESK REPORT),NO INJURY / DRIVE AWAY,,"$501 - $1,500",2025-08-09T20:00:00.000,DRIVING SKILLS/KNOWLEDGE/EXPERIENCE,NOT APPLICABLE,1244,W,18TH ST,1233,2,NO INDICATION OF INJURY,0,0,0,0,0,1,0,20,6,8,41.8580314213,-87.6582243375,"{'type': 'Point', 'coordinates': [-87.658224337524, 41.858031421252]}",,,Y,,,,,,,
d5bd445474f94384c1e7d99085c15bd8c44125555305335a7c464c407f5dd69cd0ac74a31fb2e7465d9e7dd40bcdc82967359f672509180a10ffb476e9dac782,2025-08-08T20:15:00.000,30,TRAFFIC SIGNAL,FUNCTIONING PROPERLY,CLEAR,"DARKNESS, LIGHTED ROAD",TURNING,FOUR WAY,STRAIGHT AND LEVEL,DRY,UNKNOWN,NOT ON SCENE (DESK REPORT),NO INJURY / DRIVE AWAY,Y,"OVER $1,500",2025-08-08T22:00:00.000,IMPROPER TURNING/NO SIGNAL,IMPROPER TURNING/NO SIGNAL,4851,N,HARLEM AVE,1613,2,NO INDICATION OF INJURY,0,0,0,0,0,2,0,20,6,8,41.9697892985,-87.8069726563,"{'type': 'Point', 'coordinates': [-87.80697265634, 41.969789298455]}",,,,,,,,,,
dfca9c6b9e9ad76e7b68e114b5b99a72384ee18cf7b0f03ea4fcbe4e31f4aac691fcc1f4f817724ca81e41c3e1c0d85ec6d8bd0c3184739ab079aa54b876a9c0,2025-08-08T20:15:00.000,30,STOP SIGN/FLASHER,UNKNOWN,CLEAR,"DARKNESS, LIGHTED ROAD",REAR TO FRONT,FOUR WAY,STRAIGHT AND LEVEL,DRY,UNKNOWN,ON SCENE,NO INJURY / DRIVE AWAY,,"OVER $1,500",2025-08-08T20:16:00.000,IMPROPER BACKING,NOT APPLICABLE,5501,W,ADAMS ST,1522,2,NO INDICATION OF INJURY,0,0,0,0,0,2,0,20,6,8,41.8782732075,-87.7618784378,"{'type': 'Point', 'coordinates': [-87.761878437806, 41.878273207474]}",,,,,,,,,,
23145655170f40c58c057f2b7f2b3528c35a3d9362c5fe00b9d91fa849c29fb356a02d781fbb027229ae5afaa3288b59a448f643ffc818096ec0d4a1cbcb069f,2025-08-08T20:00:00.000,30,NO CONTROLS,NO CONTROLS,CLEAR,UNKNOWN,PARKED MOTOR VEHICLE,ONE-WAY,STRAIGHT AND LEVEL,DRY,NO DEFECTS,NOT ON SCENE (DESK REPORT),INJURY AND / OR TOW DUE TO CRASH,,"OVER $1,500",2025-08-09T15:40:00.000,UNABLE TO DETERMINE,NOT APPLICABLE,2525,N,ORCHARD ST,1935,2,NO INDICATION OF INJURY,0,0,0,0,0,1,0,20,6,8,41.9285982257,-87.6462900227,"{'type': 'Point', 'coordinates': [-87.646290022692, 41.928598225703]}",,,Y,,Y,,,,,
f337d550dfe065c7fc9221ba574b2b3018002f48492aa7d7bef2e3df4460c7543bc867b8a94740791e644df8929044b2c73fb2c7e232bd00cbad5875d2a51980,2025-08-08T20:00:00.000,20,UNKNOWN,UNKNOWN,UNKNOWN,UNKNOWN,PARKED MOTOR VEHICLE,PARKING LOT,STRAIGHT AND LEVEL,UNKNOWN,UNKNOWN,NOT ON SCENE (DESK REPORT),NO INJURY / DRIVE AWAY,,"OVER $1,500",2025-08-11T18:20:00.000,NOT APPLICABLE,NOT APPLICABLE,2746,N,CLYBOURN AVE,1931,2,NO INDICATION OF INJURY,0,0,0,0,0,1,0,20,6,8,41.9310210058,-87.6768640181,"{'type': 'Point', 'coordinates': [-87.676864018134, 41.931021005798]}",,,Y,,,,,,,
5e9806dd12fa98fc4b2f972abfa2326f4a249a71b681d95e90df5669aaf25aaadd63338ec3b0016cbf4728365d1966b6b8404984f9f3c8798e8b4fee650b1a33,2025-08-08T19:45:00.000,30,NO CONTROLS,NO CONTROLS,OTHER,DAYLIGHT,TURNING,PARKING LOT,STRAIGHT AND LEVEL,DRY,OTHER,ON SCENE,INJURY AND / OR TOW DUE TO CRASH,,"OVER $1,500",2025-08-08T19:45:00.000,UNABLE TO DETERMINE,NOT APPLICABLE,1954,E,HAYES DR,331,2,NO INDICATION OF INJURY,0,0,0,0,0,2,0,19,6,8,41.7804110639,-87.5778380867,"{'type': 'Point', 'coordinates': [-87.577838086685, 41.780411063928]}",,,,,,,,,,
f5ff94a7b7768d790038f11a5bb90d6fecf7831efe1d6e7dec777eee9a07332da4001c27e70fdd826f8480aa5d77ba0b827bebbb32f3ed9e14a2cfef1cdea5f5,2025-08-08T19:45:00.000,30,NO CONTROLS,NO CONTROLS,CLEAR,DUSK,REAR END,DIVIDED - W/MEDIAN (NOT RAISED),STRAIGHT AND LEVEL,DRY,NO DEFECTS,NOT ON SCENE (DESK REPORT),NO INJURY / DRIVE AWAY,,"OVER $1,500",2025-08-08T21:15:00.000,FOLLOWING TOO CLOSELY,UNABLE TO DETERMINE,1523,N,WESTERN AVE,1424,3,NO INDICATION OF INJURY,0,0,0,0,0,3,0,19,6,8,41.9092095596,-87.6870441821,"{'type': 'Point', 'coordinates': [-87.687044182089, 41.909209559589]}",,,,,,,,,,