crash_record_id,crash_date,posted_speed_limit,traffic_control_device,device_condition,weather_condition,lighting_condition,first_crash_type,trafficway_type,alignment,roadway_surface_cond,road_defect,report_type,crash_type,intersection_related_i,damage,date_police_notified,prim_contributory_cause,sec_contributory_cause,street_no,street_direction,street_name,beat_of_occurrence,num_units,most_severe_injury,injuries_total,injuries_fatal,injuries_incapacitating,injuries_non_incapacitating,injuries_reported_not_evident,injuries_no_indication,injuries_unknown,crash_hour,crash_day_of_week,crash_month,latitude,longitude,location,private_property_i,photos_taken_i,hit_and_run_i,statements_taken_i,crash_date_est_i,work_zone_i,work_zone_type,dooring_i,lane_cnt,workers_present_i
146841a19da0b6429e84d336063f2bbacffef2758da55e24d53a51cf60484bf593530fc474a5a1ea992c43ef9d1b1fd7680528329c7b3b407b89891282d7618a,2025-08-08T19:30:00.000,30,TRAFFIC SIGNAL,FUNCTIONING PROPERLY,CLEAR,DAYLIGHT,REAR END,DIVIDED - W/MEDIAN (NOT RAISED),STRAIGHT AND LEVEL,DRY,NO DEFECTS,NOT ON SCENE (DESK REPORT),NO INJURY / DRIVE AWAY,,"$501 - $1,500",2025-08-08T20:15:00.000,FOLLOWING TOO CLOSELY,NOT APPLICABLE,2799,N,KIMBALL AVE,1412,2,NO INDICATION OF INJURY,0,0,0,0,0,2,0,19,6,8,41.9319080934,-87.7121292292,"{'type': 'Point', 'coordinates': [-87.712129229243, 41.931908093366]}",,,,,,,,,,
6833a0f06fe5e06b5f5043a2cebe5010767316d0f4199c54497f93277b8b44bc6dcbed0d27475a3d67c49fd478364f14957925bdb77a413f5d95146e91143fd4,2025-08-08T19:30:00.000,25,NO CONTROLS,NO CONTROLS,CLEAR,DAWN,PARKED MOTOR VEHICLE,ONE-WAY,STRAIGHT AND LEVEL,DRY,NO DEFECTS,NOT ON SCENE (DESK REPORT),NO INJURY / DRIVE AWAY,,$500 OR LESS,2025-08-12T10:15:00.000,UNABLE TO DETERMINE,UNABLE TO DETERMINE,3235,N,NEENAH AVE,1632,2,NO INDICATION OF INJURY,0,0,0,0,0,1,0,19,6,8,41.9393139985,-87.7895986584,"{'type': 'Point', 'coordinates': [-87.789598658369, 41.93931399848]}",,,,,,,,,,
ee6d8ec7bdd471848dac9b931585e28ecb4244c3d6194a234e970cbc110b0396bea2dff19012550f122f64f70bb76e96ff2162e26b7d0def214efefdb1dc174e,2025-08-08T19:30:00.000,30,STOP SIGN/FLASHER,NO CONTROLS,CLEAR,DARKNESS,TURNING,NOT DIVIDED,STRAIGHT AND LEVEL,DRY,NO DEFECTS,ON SCENE,INJURY AND / OR TOW DUE TO CRASH,,"OVER $1,500",2025-08-08T20:40:00.000,FAILING TO YIELD RIGHT-OF-WAY,UNABLE TO DETERMINE,801,N,MIES VAN DER ROHE WAY,1833,2,NO INDICATION OF INJURY,0,0,0,0,0,2,0,19,6,8,41.8968102884,-87.6216838047,"{'type': 'Point', 'coordinates': [-87.621683804698, 41.896810288375]}",,,Y,,Y,,,,,
f38c3c4ad2e12c5dbfefbe6547cad90eddcdcab39f6ef863d707e6d7b54078c217a7c7afd9d191b2e0f4ddbd2abd871a0c7425befeaa7d67a0e46502c7847ae4,2025-08-08T19:30:00.000,30,TRAFFIC SIGNAL,FUNCTIONING PROPERLY,CLEAR,DAYLIGHT,REAR END,NOT DIVIDED,STRAIGHT AND LEVEL,DRY,UNKNOWN,NOT ON SCENE (DESK REPORT),NO INJURY / DRIVE AWAY,,"OVER $1,500",2025-08-12T21:20:00.000,FAILING TO REDUCE SPEED TO AVOID CRASH,UNABLE TO DETERMINE,800,S,CLARK ST,123,2,NO INDICATION OF INJURY,0,0,0,0,0,2,0,19,6,8,41.8721643961,-87.6307557769,"{'type': 'Point', 'coordinates': [-87.630755776917, 41.872164396052]}",,,,,,,,,,
fec27214e1443df605f2ceefd8fd89e9f17e2da420332770574e47a752a8b4074656cdf069daa9bc224fae9760e7ba3c5c337a04cc0b1b34d23641ab4f49b03f,2025-08-08T19:29:00.000,30,TRAFFIC SIGNAL,FUNCTIONING PROPERLY,CLEAR,DAYLIGHT,REAR END,NOT DIVIDED,STRAIGHT AND LEVEL,DRY,NO DEFECTS,ON SCENE,NO INJURY / DRIVE AWAY,,"OVER $1,500",2025-08-08T19:29:00.000,FAILING TO REDUCE SPEED TO AVOID CRASH,FOLLOWING TOO CLOSELY,1308,W,71ST ST,734,3,NO INDICATION OF INJURY,0,0,0,0,0,4,0,19,6,8,41.765119237,-87.6569484974,"{'type': 'Point', 'coordinates': [-87.65694849739, 41.76511923697]}",,,,,,,,,,
319945d4c7eb1751e0f4d695c4202091e53d03722743622e04aa43560d7dcc37bc2e0fe6aaa5b64509a116447cb20da2dccdcfc4e32c723af5a96a641cde7773,2025-08-08T19:24:00.000,30,TRAFFIC SIGNAL,FUNCTIONING PROPERLY,CLEAR,DAYLIGHT,REAR END,DIVIDED - W/MEDIAN (NOT RAISED),STRAIGHT AND LEVEL,DRY,NO DEFECTS,NOT ON SCENE (DESK REPORT),NO INJURY / DRIVE AWAY,Y,"OVER $1,500",2025-08-08T19:50:00.000,FOLLOWING TOO CLOSELY,UNABLE TO DETERMINE,2759,N,KIMBALL AVE,1412,2,NO INDICATION OF INJURY,0,0,0,0,0,2,0,19,6,8,41.9319080934,-87.7121292292,"{'type': 'Point', 'coordinates': [-87.712129229243, 41.931908093366]}",,,,,,,,,,
4a4be0295501cae035a937842c51d678eda7d8bbe883bb3ca8e63e1e426c1e86707720c4d52dafe4e2a6c62f098bcf1979272b8f1b606a44cda67eea8536df11,2025-08-08T19:22:00.000,20,NO CONTROLS,NO CONTROLS,CLEAR,DUSK,REAR END,ONE-WAY,STRAIGHT AND LEVEL,DRY,NO DEFECTS,NOT ON SCENE (DESK REPORT),NO INJURY / DRIVE AWAY,,$500 OR LESS,2025-08-08T19:45:00.000,FOLLOWING TOO CLOSELY,NOT APPLICABLE,5169,W,FLOURNOY ST,1533,2,NO INDICATION OF INJURY,0,0,0,0,0,5,0,19,6,8,41.8718489531,-87.7546873045,"{'type': 'Point', 'coordinates': [-87.754687304491, 41.871848953125]}",,,,,,,,,,
76febe371461de8fc2ad17bd7b2d09dbb97b0ee41525a703fdb5cbdaa462d8d6a26fbd0caf3ce1855734874c66311ef0c0c8e85e5dcf377111b9cf907281227e,2025-08-08T19:15:00.000,30,NO CONTROLS,NO CONTROLS,CLEAR,DAYLIGHT,PARKED MOTOR VEHICLE,NOT DIVIDED,STRAIGHT AND LEVEL,DRY,NO DEFECTS,ON SCENE,NO INJURY / DRIVE AWAY,,"OVER $1,500",2025-08-08T19:17:00.000,"EVASIVE ACTION DUE TO ANIMAL, OBJECT, NONMOTORIST",NOT APPLICABLE,4133,N,BROADWAY,1915,2,NO INDICATION OF INJURY,0,0,0,0,0,4,0,19,6,8,41.9578610388,-87.6524895461,"{'type': 'Point', 'coordinates': [-87.652489546139, 41.95786103879]}",,,,,,,,,,
7cffea858cd2759fe89feb130e4aa7a6dec47f80fc6390992c0996823105f4886d5f97460c5907aaaa1d12715fb537d446ddc5459967ba1480dc02b125717187,2025-08-08T19:09:00.000,30,NO CONTROLS,NO CONTROLS,CLEAR,DAYLIGHT,REAR END,DIVIDED - W/MEDIAN BARRIER,STRAIGHT AND LEVEL,DRY,NO DEFECTS,ON SCENE,INJURY AND / OR TOW DUE TO CRASH,,"OVER $1,500",2025-08-08T19:10:00.000,"OPERATING VEHICLE IN ERRATIC, RECKLESS, CARELESS, NEGLIGENT OR AGGRESSIVE MANNER",NOT APPLICABLE,8100,S,STONY ISLAND AVE,411,3,NO INDICATION OF INJURY,0,0,0,0,0,4,0,19,6,8,41.7477492117,-87.5860374164,"{'type': 'Point', 'coordinates': [-87.586037416392, 41.74774921172]}",,,Y,,,,,,,
13f6bf3e15af81cf15c84e3eca737d05291e568785c0e1837d5a14e8977db2f2a6204a7ba1d3499af3e972753e76b12cfeda60be89f7b7dd8526f8edb14f142c,2025-08-08T19:00:00.000,30,NO CONTROLS,NO CONTROLS,CLEAR,DAYLIGHT,REAR END,DIVIDED - W/MEDIAN BARRIER,STRAIGHT AND LEVEL,DRY,NO DEFECTS,NOT ON SCENE (DESK REPORT),NO INJURY / DRIVE AWAY,,"OVER $1,500",2025-08-08T19:45:00.000,UNABLE TO DETERMINE,UNABLE TO DETERMINE,1900,S,LAKE SHORE DR SB,132,2,NO INDICATION OF INJURY,0,0,0,0,0,3,0,19,6,8,41.8566269176,-87.6162852833,"{'type': 'Point', 'coordinates': [-87.616285283296, 41.856626917647]}",,,,,,,,,,
7b47ca5665f87a67588355312018ce396d25ed77efc33c87c4eb87674acdb158c7463a83ffc2d08929bee6d803c33c21ea25e376dd0559c66531c900c22cec20,2025-08-08T19:00:00.000,30,NO CONTROLS,NO CONTROLS,CLEAR,DAYLIGHT,REAR END,UNKNOWN,STRAIGHT AND LEVEL,DRY,UNKNOWN,NOT ON SCENE (DESK REPORT),NO INJURY / DRIVE AWAY,,"OVER $1,500",2025-08-09T09:25:00.000,UNABLE TO DETERMINE,UNABLE TO DETERMINE,49,E,ONTARIO ST,1834,2,NO INDICATION OF INJURY,0,0,0,0,0,2,0,19,6,8,41.8931925597,-87.626172814,"{'type': 'Point', 'coordinates': [-87.626172814003, 41.893192559651]}",,,,,,,,,,
8650b886d1a96e9b4b4caaa818bdd9066aeb733faded35803e690cf04aa6a8064e2cda9edb623c8c8c5b69ce11072bc2fd0f4d138cfb34a33171dc37ec49b8dd,2025-08-08T19:00:00.000,15,NO CONTROLS,NO CONTROLS,OTHER,UNKNOWN,ANGLE,PARKING LOT,STRAIGHT AND LEVEL,DRY,UNKNOWN,NOT ON SCENE (DESK REPORT),INJURY AND / OR TOW DUE TO CRASH,,"OVER $1,500",2025-08-08T19:35:00.000,FAILING TO YIELD RIGHT-OF-WAY,UNABLE TO DETERMINE,40,S,HALSTED ST,1232,2,NONINCAPACITATING INJURY,1,0,0,1,0,1,0,19,6,8,41.8805542454,-87.6474704057,"{'type': 'Point', 'coordinates': [-87.647470405718, 41.880554245414]}",,,,,,,,,,
e41590b51b6c42551b1c4ed8bdcdc3331ac1697d7fac9cf4416e6110de15280ae61c1fd9325745824ff0e8235d7ab084fc6ff0157ea068b91ab3cdb4089fda6f,2025-08-08T19:00:00.000,25,TRAFFIC SIGNAL,FUNCTIONING PROPERLY,CLEAR,DUSK,SIDESWIPE SAME DIRECTION,DIVIDED - W/MEDIAN (NOT RAISED),STRAIGHT AND LEVEL,DRY,NO DEFECTS,NOT ON SCENE (DESK REPORT),NO INJURY / DRIVE AWAY,,"OVER $1,500",2025-08-08T19:00:00.000,IMPROPER OVERTAKING/PASSING,IMPROPER OVERTAKING/PASSING,530,N,LA SALLE DR,1831,2,NO INDICATION OF INJURY,0,0,0,0,0,2,0,19,6,8,41.891682324,-87.6327307134,"{'type': 'Point', 'coordinates': [-87.632730713447, 41.891682323987]}",,,,,,,,,,
fdb3ef9402f4a7f3983ecb4ccedd121a222e11eb345372a35e620a40b90940be47055b4e69a87981eda312a2e2eeaa4ddf1bb1a1074aeb470b635d79c72548c2,2025-08-08T18:50:00.000,30,NO CONTROLS,NO CONTROLS,CLEAR,DAYLIGHT,TURNING,RAMP,STRAIGHT AND LEVEL,DRY,NO DEFECTS,ON SCENE,NO INJURY / DRIVE AWAY,,"$501 - $1,500",2025-08-08T19:20:00.000,FAILING TO YIELD RIGHT-OF-WAY,IMPROPER OVERTAKING/PASSING,1340,E,47TH ST,222,2,NO INDICATION OF INJURY,0,0,0,0,0,2,0,18,6,8,41.8097887305,-87.5934643371,"{'type': 'Point', 'coordinates': [-87.593464337106, 41.809788730504]}",,,Y,Y,,,,,,
80013e8cde55921c2920d53e258248fd0f632e3df1498bf40efdd9f759586402320c69ab9c302cdffdadad4079dfd5b308f8949485c71516f1759ee60ce92f04,2025-08-08T18:42:00.000,30,NO CONTROLS,NO CONTROLS,CLEAR,DAYLIGHT,ANGLE,FOUR WAY,STRAIGHT AND LEVEL,DRY,NO DEFECTS,ON SCENE,INJURY AND / OR TOW DUE TO CRASH,Y,"OVER $1,500",2025-08-08T18:45:00.000,IMPROPER LANE USAGE,NOT APPLICABLE,5898,W,DIVISION ST,2531,2,NONINCAPACITATING INJURY,1,0,0,1,0,1,0,18,6,8,41.9021450562,-87.7728809265,"{'type': 'Point', 'coordinates': [-87.772880926521, 41.902145056177]}",,,,,,,,,,
3f756e7f5fa9194078828b3987fe6c8143ae4fcfdb19e4ad11f291fcedc3ebdcf5f7c020630ae1db658fe00adc2c53f28b3911ff061f6fe6f8066d5c5cba6d02,2025-08-08T18:40:00.000,30,NO CONTROLS,NO CONTROLS,CLEAR,"DARKNESS, LIGHTED ROAD",SIDESWIPE SAME DIRECTION,NOT DIVIDED,STRAIGHT AND LEVEL,DRY,NO DEFECTS,ON SCENE,NO INJURY / DRIVE AWAY,,"OVER $1,500",2025-08-08T18:55:00.000,IMPROPER OVERTAKING/PASSING,NOT APPLICABLE,2335,W,IRVING PARK RD,1921,2,NO INDICATION OF INJURY,0,0,0,0,0,2,0,18,6,8,41.9539189027,-87.6873921046,"{'type': 'Point', 'coordinates': [-87.687392104595, 41.953918902697]}",,,,,,,,,,
ce52d5d34e2b3ba9154f709789a5a79cad0051005b8b63389b661f7f318edb97c9920b8c39db550fc0eaaec2e9033ab0a9eaee754b7b54e69247e4c710d8bf40,2025-08-08T18:35:00.000,15,NO CONTROLS,NO CONTROLS,CLEAR,DAYLIGHT,FIXED OBJECT,DRIVEWAY,STRAIGHT AND LEVEL,DRY,NO DEFECTS,ON SCENE,NO INJURY / DRIVE AWAY,,"OVER $1,500",2025-08-08T18:58:00.000,UNABLE TO DETERMINE,UNABLE TO DETERMINE,6030,N,AVONDALE AVE,1612,1,NO INDICATION OF INJURY,0,0,0,0,0,1,0,18,6,8,41.9909109106,-87.7984132769,"{'type': 'Point', 'coordinates': [-87.798413276943, 41.990910910614]}",,,,,,,,,,
79fdbc907f9175c51d621c429af507a8ad6a98df3259fa1aa3610259501225eb15a070105cf00bf1ba4b9cada254074857cc93b565a911e82b719c5812374524,2025-08-08T18:30:00.000,30,TRAFFIC SIGNAL,FUNCTIONING PROPERLY,CLEAR,DAYLIGHT,REAR END,DIVIDED - W/MEDIAN (NOT RAISED),STRAIGHT AND LEVEL,DRY,NO DEFECTS,ON SCENE,INJURY AND / OR TOW DUE TO CRASH,,"OVER $1,500",2025-08-08T18:40:00.000,FOLLOWING TOO CLOSELY,NOT APPLICABLE,4422,N,MILWAUKEE AVE,1623,2,NONINCAPACITATING INJURY,1,0,0,1,0,3,0,18,6,8,41.9612166826,-87.7551567873,"{'type': 'Point', 'coordinates': [-87.755156787261, 41.961216682581]}",,,,,,,,,,
827087bccb68e19228a859bb314e38f514d762d994c474b5c8be1df539e6a43b2bdbab3120bec93a93c179a23a0d13c0f496735f2604bf05431ba7b145a82516,2025-08-08T18:30:00.000,30,NO CONTROLS,NO CONTROLS,CLEAR,DAYLIGHT,ANIMAL,NOT DIVIDED,STRAIGHT AND LEVEL,DRY,NO DEFECTS,NOT ON SCENE (DESK REPORT),NO INJURY / DRIVE AWAY,,"OVER $1,500",2025-08-09T14:30:00.000,ANIMAL,NOT APPLICABLE,8600,W,FOREST PRESERVE AVE,1631,1,NO INDICATION OF INJURY,0,0,0,0,0,1,0,18,6,8,41.9395277997,-87.8400399547,"{'type': 'Point', 'coordinates': [-87.840039954651, 41.939527799733]}",,,,,,,,,,
a1f01faf26997ae1d1f64b598a0d08414218eae9b740cab956c4efc17fe04b3a22f5e4cffc33d63fa87241b12f3f03a5cdf73565e3603ab88a55da5498a43e29,2025-08-08T18:30:00.000,30,NO CONTROLS,NO CONTROLS,CLEAR,DAYLIGHT,PARKED MOTOR VEHICLE,PARKING LOT,STRAIGHT AND LEVEL,DRY,NO DEFECTS,NOT ON SCENE (DESK REPORT),NO INJURY / DRIVE AWAY,,"$501 - $1,500",2025-08-09T15:42:00.000,UNABLE TO DETERMINE,UNABLE TO DETERMINE,7445,S,STONY ISLAND AVE,324,2,NO INDICATION OF INJURY,0,0,0,0,0,1,0,18,6,8,41.7592577374,-87.5856021373,"{'type': 'Point', 'coordinates': [-87.585602137273, 41.759257737436]}",,,Y,,,,,,,
baa528e9b37a81e439c96848a067c4a2a09ad38073ab25d30d1f497ce76822c995edc00f8c491365424b3187c15d370a20c88d113ec870d17cf09c1e7c7c58bb,2025-08-08T18:30:00.000,30,TRAFFIC SIGNAL,FUNCTIONING PROPERLY,CLEAR,DAYLIGHT,TURNING,DIVIDED - W/MEDIAN (NOT RAISED),STRAIGHT AND LEVEL,DRY,NO DEFECTS,NOT ON SCENE (DESK REPORT),NO INJURY / DRIVE AWAY,Y,"OVER $1,500",2025-08-08T19:30:00.000,DISREGARDING TRAFFIC SIGNALS,DISREGARDING TRAFFIC SIGNALS,5701,S,HARLEM AVE,811,2,NO INDICATION OF INJURY,0,0,0,0,0,2,0,18,6,8,41.7882604361,-87.8012241186,"{'type': 'Point', 'coordinates': [-87.801224118635, 41.78826043611]}",,,Y,,,,,,,
59ef784a223a538d768498c392b06feb72ad3c2b00390f71bb4ae4ba4e0ed314572b7f71bad51966cb4a28718d3fa8f273890368a7fc83f605ef87afe48a42fd,2025-08-08T18:25:00.000,10,NO CONTROLS,NO CONTROLS,CLEAR,DAYLIGHT,PARKED MOTOR VEHICLE,PARKING LOT,STRAIGHT AND LEVEL,DRY,NO DEFECTS,NOT ON SCENE (DESK REPORT),NO INJURY / DRIVE AWAY,,"$501 - $1,500",2025-08-08T20:20:00.000,DRIVING SKILLS/KNOWLEDGE/EXPERIENCE,DRIVING SKILLS/KNOWLEDGE/EXPERIENCE,6315,S,KEDZIE AVE,823,2,NO INDICATION OF INJURY,0,0,0,0,0,2,0,18,6,8,41.7784213364,-87.7029760581,"{'type': 'Point', 'coordinates': [-87.702976058137, 41.77842133639]}",,,,,,,,,,
9ffaac659d8a67a4cb0a3fbe2c76113bb69d6b6a40b820708f300cf8407252c22ea0a3613168327861a696fe39a6493f8cef7740e7dcaed30457f2c874cbac65,2025-08-08T18:25:00.000,30,NO CONTROLS,NO CONTROLS,CLEAR,DAYLIGHT,SIDESWIPE SAME DIRECTION,ONE-WAY,STRAIGHT AND LEVEL,DRY,NO DEFECTS,NOT ON SCENE (DESK REPORT),NO INJURY / DRIVE AWAY,,"OVER $1,500",2025-08-08T23:00:00.000,"OPERATING VEHICLE IN ERRATIC, RECKLESS, CARELESS, NEGLIGENT OR AGGRESSIVE MANNER","OPERATING VEHICLE IN ERRATIC, RECKLESS, CARELESS, NEGLIGENT OR AGGRESSIVE MANNER",643,N,FRANKLIN ST,1831,2,NO INDICATION OF INJURY,0,0,0,0,0,1,0,18,6,8,41.8936433835,-87.6354811906,"{'type': 'Point', 'coordinates': [-87.635481190634, 41.893643383534]}",,,,,,,,,,
8ea76809caa4202b0939d750543d2f0c5c7deed0ed72de16849a9250d234491e5e9aaaf89302b44fa3468e7748c89b411999264353450f592ba9429971a4df01,2025-08-08T18:20:00.000,10,NO CONTROLS,NO CONTROLS,CLEAR,DUSK,REAR TO FRONT,OTHER,STRAIGHT AND LEVEL,WET,NO DEFECTS,NOT ON SCENE (DESK REPORT),NO INJURY / DRIVE AWAY,,"OVER $1,500",2025-08-08T21:20:00.000,UNABLE TO DETERMINE,NOT APPLICABLE,7150,W,54TH ST,811,2,NO INDICATION OF INJURY,0,0,0,0,0,2,0,18,6,8,41.7940645429,-87.8010907721,"{'type': 'Point', 'coordinates': [-87.801090772082, 41.794064542872]}",,,,,,,,,,
aae2ca6f4d01e92f6a84b3bf898f74680b8c195ce5cb709d7aaec5b3a1b3cfd391d3c7406ca51736e90417fdebe8848ed2ee7bd02617c8428036c2a1c5805292,2025-08-08T18:20:00.000,30,NO CONTROLS,NO CONTROLS,CLEAR,DAYLIGHT,SIDESWIPE SAME DIRECTION,NOT DIVIDED,STRAIGHT AND LEVEL,DRY,NO DEFECTS,NOT ON SCENE (DESK REPORT),NO INJURY / DRIVE AWAY,,"OVER $1,500",2025-08-08T18:51:00.000,IMPROPER OVERTAKING/PASSING,IMPROPER OVERTAKING/PASSING,4621,S,ASHLAND AVE,924,2,NO INDICATION OF INJURY,0,0,0,0,0,2,0,18,6,8,41.8098200754,-87.6648588561,"{'type': 'Point', 'coordinates': [-87.664858856071, 41.80982007543]}",,,,,,,,,,
0f9af0e1b882f20896797479ad043790d7bc107f7f42d0e59a959ac0afb78a3b0393df689de8403489ccb6afc0b59ca1e1a69ace960978ed712f738e44fca488,2025-08-08T18:07:00.000,30,NO CONTROLS,NO CONTROLS,CLEAR,DAYLIGHT,SIDESWIPE SAME DIRECTION,DIVIDED - W/MEDIAN (NOT RAISED),STRAIGHT AND LEVEL,DRY,NO DEFECTS,NOT ON SCENE (DESK REPORT),NO INJURY / DRIVE AWAY,,"OVER $1,500",2025-08-08T18:45:00.000,UNABLE TO DETERMINE,UNABLE TO DETERMINE,4900,N,KIMBALL AVE,1712,2,NO INDICATION OF INJURY,0,0,0,0,0,4,0,18,6,8,41.9703037223,-87.7135631189,"{'type': 'Point', 'coordinates': [-87.71356311888, 41.970303722277]}",,,Y,,,,,,,
47b8851fdc411a5a2ca60e06dd87e83d2304d054084ce8e762682a6cebb1cf71605c213d8e8e9166aefd2513ba02abf38a8e49de739f3e0ab91cfa28ba47cfb5,2025-08-08T18:04:00.000,30,NO CONTROLS,NO CONTROLS,CLEAR,DAYLIGHT,TURNING,DIVIDED - W/MEDIAN (NOT RAISED),STRAIGHT AND LEVEL,DRY,UNKNOWN,NOT ON SCENE (DESK REPORT),NO INJURY / DRIVE AWAY,,$500 OR LESS,2025-08-08T18:35:00.000,UNABLE TO DETERMINE,NOT APPLICABLE,3958,W,NORTH AVE,2535,3,NO INDICATION OF INJURY,0,0,0,0,0,3,0,18,6,8,41.9099971575,-87.7262819556,"{'type': 'Point', 'coordinates': [-87.726281955572, 41.909997157489]}",,,,,,,,,,
3ff5f01665964981ab18b80a4dee8e860e0b7d48ed85b0b11f121804166e34610d26a4e48505cf9935823774ca72e8f5ceae598a939d739be9ac7a41912af166,2025-08-08T18:00:00.000,35,NO CONTROLS,NO CONTROLS,CLEAR,DAYLIGHT,SIDESWIPE SAME DIRECTION,DIVIDED - W/MEDIAN (NOT RAISED),STRAIGHT AND LEVEL,DRY,NO DEFECTS,NOT ON SCENE (DESK REPORT),NO INJURY / DRIVE AWAY,,"$501 - $1,500",2025-08-08T19:00:00.000,UNABLE TO DETERMINE,UNABLE TO DETERMINE,1538,E,95TH ST,413,2,NO INDICATION OF INJURY,0,0,0,0,0,2,0,18,6,8,41.7224394759,-87.5861858365,"{'type': 'Point', 'coordinates': [-87.586185836462, 41.722439475881]}",,,Y,,,,,,,
4a55229f913807aa2d84e04acc8be67b644bcfae47e73962b4056dd417bd4811a5912c39b329fb4ce96c6beb1003c60f2d42cb91501f166a6ba17f32b2f5b443,2025-08-08T18:00:00.000,30,NO CONTROLS,NO CONTROLS,UNKNOWN,UNKNOWN,PARKED MOTOR VEHICLE,ONE-WAY,STRAIGHT AND LEVEL,UNKNOWN,UNKNOWN,NOT ON SCENE (DESK REPORT),NO INJURY / DRIVE AWAY,,"OVER $1,500",2025-08-11T16:40:00.000,UNABLE TO DETERMINE,NOT APPLICABLE,2449,N,RIDGEWAY AVE,2524,2,NO INDICATION OF INJURY,0,0,0,0,0,1,0,18,6,8,41.9260003712,-87.7205491166,"{'type': 'Point', 'coordinates': [-87.720549116586, 41.926000371223]}",,,Y,,Y,,,,,
9a6641c6594810261bf27c5c89e6a1b4fa34a4b11987ac63d4b69b8c7d19b93299ab59241ba7d5d00fc39c5e63c4790689ff38c29b47cd8d1aea7600da0e12a6,2025-08-08T18:00:00.000,30,NO CONTROLS,UNKNOWN,UNKNOWN,DAYLIGHT,SIDESWIPE SAME DIRECTION,ONE-WAY,STRAIGHT AND LEVEL,UNKNOWN,UNKNOWN,NOT ON SCENE (DESK REPORT),NO INJURY / DRIVE AWAY,,"$501 - $1,500",2025-08-08T18:45:00.000,UNABLE TO DETERMINE,NOT APPLICABLE,1533,W,CATALPA AVE,2012,2,NO INDICATION OF INJURY,0,0,0,0,0,3,0,18,6,8,41.9815405062,-87.6696975365,"{'type': 'Point', 'coordinates': [-87.669697536503, 41.981540506155]}",,,Y,,,,,,,
b8d16aedfd3db860b8010fcf5a7969e3b184fffdbae82cd220f6249e08bf635b708be33ce30453ff29b7bd797110d2297e0dde3be02ac1e832207e37cb97cc5f,2025-08-08T18:00:00.000,10,NO CONTROLS,NO CONTROLS,CLEAR,DAWN,PARKED MOTOR VEHICLE,ALLEY,STRAIGHT AND LEVEL,DRY,NO DEFECTS,NOT ON SCENE (DESK REPORT),NO INJURY / DRIVE AWAY,,"OVER $1,500",2025-08-08T19:00:00.000,IMPROPER OVERTAKING/PASSING,IMPROPER OVERTAKING/PASSING,60,E,68TH ST,322,2,NO INDICATION OF INJURY,0,0,0,0,0,1,0,18,6,8,41.7711267802,-87.6227265566,"{'type': 'Point', 'coordinates': [-87.622726556565, 41.771126780221]}",,,Y,,,,,,,
fd798844f6a801d4f2873512cb3948ae6fb2799b4cee99c8a4118bf216878b3fdfdd1374bbe80c2341e7169b879a0af0eef3381b8d41918ea7f5342b74926616,2025-08-08T17:56:00.000,30,NO CONTROLS,NO CONTROLS,CLEAR,DAYLIGHT,REAR TO SIDE,NOT DIVIDED,STRAIGHT AND LEVEL,DRY,NO DEFECTS,ON SCENE,NO INJURY / DRIVE AWAY,,"OVER $1,500",2025-08-08T18:02:00.000,IMPROPER BACKING,NOT APPLICABLE,2252,W,HIRSCH ST,1424,2,NO INDICATION OF INJURY,0,0,0,0,0,2,0,17,6,8,41.9068198099,-87.6843759216,"{'type': 'Point', 'coordinates': [-87.684375921557, 41.906819809903]}",,,,,,,,,,
5ab6c0d6c209928c2601acf34af7872cbd022c109158d66cea05bf921547fb1088b2c01ddd84578c2fb9e826236182545a358d9743eede0c026fad1c691d8933,2025-08-08T17:55:00.000,30,NO CONTROLS,NO CONTROLS,CLEAR,DAYLIGHT,REAR END,NOT DIVIDED,STRAIGHT AND LEVEL,DRY,NO DEFECTS,ON SCENE,INJURY AND / OR TOW DUE TO CRASH,,"OVER $1,500",2025-08-08T17:55:00.000,PHYSICAL CONDITION OF DRIVER,NOT APPLICABLE,5420,N,CICERO AVE,1621,3,"REPORTED, NOT EVIDENT",1,0,0,0,1,2,0,17,6,8,41.9805512755,-87.7483202884,"{'type': 'Point', 'coordinates': [-87.748320288434, 41.980551275545]}",,,,,,,,,,
28a70a91c8b016d77e1562f0f46117ad936c168f915518178c605973c1be0a757e5e95e72c2ec3c8ca83c730433528c76a72bfc8152343404070b6ccbb583887,2025-08-08T17:50:00.000,30,TRAFFIC SIGNAL,FUNCTIONING PROPERLY,CLEAR,DAYLIGHT,TURNING,DIVIDED - W/MEDIAN (NOT RAISED),STRAIGHT AND LEVEL,DRY,NO DEFECTS,NOT ON SCENE (DESK REPORT),NO INJURY / DRIVE AWAY,,"OVER $1,500",2025-08-08T19:20:00.000,"VISION OBSCURED (SIGNS, TREE LIMBS, BUILDINGS, ETC.)",FAILING TO YIELD RIGHT-OF-WAY,6258,S,NARRAGANSETT AVE,812,2,NO INDICATION OF INJURY,0,0,0,0,0,2,0,17,6,8,41.777764765,-87.7814150439,"{'type': 'Point', 'coordinates': [-87.781415043898, 41.777764764972]}",,,,,,,,,,