crash_record_id,crash_date,posted_speed_limit,traffic_control_device,device_condition,weather_condition,lighting_condition,first_crash_type,trafficway_type,alignment,roadway_surface_cond,road_defect,report_type,crash_type,intersection_related_i,damage,date_police_notified,prim_contributory_cause,sec_contributory_cause,street_no,street_direction,street_name,beat_of_occurrence,num_units,most_severe_injury,injuries_total,injuries_fatal,injuries_incapacitating,injuries_non_incapacitating,injuries_reported_not_evident,injuries_no_indication,injuries_unknown,crash_hour,crash_day_of_week,crash_month,latitude,longitude,location,private_property_i,photos_taken_i,hit_and_run_i,statements_taken_i,crash_date_est_i,work_zone_i,work_zone_type,dooring_i,lane_cnt,workers_present_i
53595213ddaed0b89fac4ecf518e4331fe29fdb7a14bc18c8ac48961a25ee6b4a9a64fdb53194fae1bd4c28eb0f11b3dd759b8e75b690992f664319dd7b08af6,2025-08-08T17:50:00.000,45,NO CONTROLS,NO CONTROLS,CLEAR,DAYLIGHT,SIDESWIPE SAME DIRECTION,DIVIDED - W/MEDIAN BARRIER,STRAIGHT AND LEVEL,DRY,NO DEFECTS,ON SCENE,INJURY AND / OR TOW DUE TO CRASH,,"OVER $1,500",2025-08-08T17:50:00.000,IMPROPER OVERTAKING/PASSING,UNABLE TO DETERMINE,5100,S,LAKE SHORE DR SB,234,2,NO INDICATION OF INJURY,0,0,0,0,0,2,0,17,6,8,41.8024704203,-87.5817779276,"{'type': 'Point', 'coordinates': [-87.581777927646, 41.802470420281]}",,,,,,,,,,
6f9dd13853fd611980fb291e30c7bc037a94c28dc9fdb88fb4bf394daf999eadf6c845c800a875af74d895b86e2e36c656b0245a8667b45dd975846e48fef064,2025-08-08T17:47:00.000,30,NO CONTROLS,NO CONTROLS,CLEAR,DAYLIGHT,SIDESWIPE SAME DIRECTION,NOT DIVIDED,STRAIGHT AND LEVEL,DRY,NO DEFECTS,NOT ON SCENE (DESK REPORT),NO INJURY / DRIVE AWAY,,"$501 - $1,500",2025-08-08T18:54:00.000,IMPROPER OVERTAKING/PASSING,NOT APPLICABLE,3130,W,55TH ST,923,2,NO INDICATION OF INJURY,0,0,0,0,0,2,0,17,6,8,41.7936451667,-87.7024746401,"{'type': 'Point', 'coordinates': [-87.702474640148, 41.793645166675]}",,,Y,,,,,,,
1852980fa25c88b805bde540284c16204741797300b85a271188d869b8b6ead75122491a75f522783e2f0248fb0abc49aa2392b0824fc6ca58cb4cea7fb77f38,2025-08-08T17:45:00.000,30,UNKNOWN,UNKNOWN,UNKNOWN,UNKNOWN,REAR END,NOT DIVIDED,STRAIGHT AND LEVEL,UNKNOWN,UNKNOWN,NOT ON SCENE (DESK REPORT),NO INJURY / DRIVE AWAY,,"OVER $1,500",2025-08-09T11:00:00.000,UNABLE TO DETERMINE,UNABLE TO DETERMINE,559,E,51ST ST,233,2,NO INDICATION OF INJURY,0,0,0,0,0,2,0,17,6,8,41.8020520286,-87.6117823442,"{'type': 'Point', 'coordinates': [-87.61178234421, 41.802052028619]}",,,,,,,,,,
c35c507a8b968025ef98ea633f87b656da41d1bfebfbc0765a0a65e16fdea49206a509c4dab8fdbd04dc2ee0286a15b631e07561ff509c54124c443956d9c15b,2025-08-08T17:41:00.000,30,NO CONTROLS,NO CONTROLS,CLEAR,DAYLIGHT,REAR END,NOT DIVIDED,STRAIGHT AND LEVEL,DRY,NO DEFECTS,NOT ON SCENE (DESK REPORT),NO INJURY / DRIVE AWAY,,"$501 - $1,500",2025-08-08T18:05:00.000,FOLLOWING TOO CLOSELY,FOLLOWING TOO CLOSELY,5901,N,NAGLE AVE,1622,2,NO INDICATION OF INJURY,0,0,0,0,0,2,0,17,6,8,41.9884174362,-87.7874850188,"{'type': 'Point', 'coordinates': [-87.787485018781, 41.988417436227]}",,,Y,,,,,,,
cae1c7c0f8185e33dfe8e6a2540d07194b8e707ae1b2c3508bf4b1501b0751fa6c8d88a4f572e2230b30142816e77a02aa663d38c05f3bb01b77f85ac1b95f5f,2025-08-08T17:40:00.000,30,NO CONTROLS,NO CONTROLS,CLEAR,DAYLIGHT,REAR END,NOT DIVIDED,STRAIGHT AND LEVEL,DRY,UNKNOWN,ON SCENE,NO INJURY / DRIVE AWAY,,"OVER $1,500",2025-08-08T18:20:00.000,FOLLOWING TOO CLOSELY,EQUIPMENT - VEHICLE CONDITION,3425,N,PULASKI RD,1732,2,NO INDICATION OF INJURY,0,0,0,0,0,3,0,17,6,8,41.9435266156,-87.7271695151,"{'type': 'Point', 'coordinates': [-87.727169515099, 41.943526615561]}",,,,,,,,,,
f9918604649b72c375f87c6772784079d56be61704bdb0419df93dfc9c0b7c0243dc30673650b693079bfaa4b3f70211f937ac1566bebcc8d68e30014a7022c9,2025-08-08T17:35:00.000,35,TRAFFIC SIGNAL,FUNCTIONING PROPERLY,CLEAR,DAYLIGHT,TURNING,ONE-WAY,STRAIGHT AND LEVEL,DRY,NO DEFECTS,ON SCENE,NO INJURY / DRIVE AWAY,Y,"OVER $1,500",2025-08-08T17:39:00.000,UNABLE TO DETERMINE,UNABLE TO DETERMINE,5558,S,WELLS ST,711,2,NO INDICATION OF INJURY,0,0,0,0,0,3,0,17,6,8,41.7926463279,-87.6319355381,"{'type': 'Point', 'coordinates': [-87.631935538081, 41.792646327872]}",,,,,,,,,,
ddf6cf3edddb4e0e2d67f106f8de3d493c2a314d761a46507cbffd46d5bad26a421c5e41b41b878ad94aa4463e507705c511f7c8ecaed9bf128863881a050a58,2025-08-08T17:32:00.000,30,UNKNOWN,UNKNOWN,CLEAR,DAYLIGHT,ANGLE,FOUR WAY,STRAIGHT AND LEVEL,DRY,UNKNOWN,ON SCENE,INJURY AND / OR TOW DUE TO CRASH,Y,"OVER $1,500",2025-08-08T17:44:00.000,FAILING TO YIELD RIGHT-OF-WAY,PHYSICAL CONDITION OF DRIVER,3400,W,BRYN MAWR AVE,1711,3,NO INDICATION OF INJURY,0,0,0,0,0,4,0,17,6,8,41.9831171844,-87.7138049058,"{'type': 'Point', 'coordinates': [-87.713804905825, 41.983117184394]}",,,,,,,,,,
4d5f075aa842d69453d00d856afc98266e80deb586f3858f3162618d7ceb15bc09e0be1c916f5b7a5730ac7f39e4a856f1ca84c2ab3858f472e5993faf6c165f,2025-08-08T17:30:00.000,10,UNKNOWN,UNKNOWN,CLEAR,DAYLIGHT,PARKED MOTOR VEHICLE,PARKING LOT,STRAIGHT AND LEVEL,DRY,NO DEFECTS,,NO INJURY / DRIVE AWAY,,"OVER $1,500",2025-08-08T19:30:00.000,FAILING TO REDUCE SPEED TO AVOID CRASH,UNABLE TO DETERMINE,9401,S,STONY ISLAND AVE,413,2,NO INDICATION OF INJURY,0,0,0,0,0,1,0,17,6,8,41.7240787911,-87.5850102376,"{'type': 'Point', 'coordinates': [-87.585010237628, 41.724078791077]}",Y,,,,,,,,,
6b963dd76b0400c72ab1c839f8a8685feb30295214133b5067cfbaa66dbbbd49e6574e360e968d26d8b594e93ffa937df2f63cbba3a751d694b28197c697223d,2025-08-08T17:30:00.000,30,NO CONTROLS,NO CONTROLS,CLEAR,DAYLIGHT,PARKED MOTOR VEHICLE,NOT DIVIDED,STRAIGHT AND LEVEL,DRY,NO DEFECTS,ON SCENE,NO INJURY / DRIVE AWAY,,$500 OR LESS,2025-08-08T17:36:00.000,NOT APPLICABLE,NOT APPLICABLE,5601,N,HERMITAGE AVE,2012,2,NO INDICATION OF INJURY,0,0,0,0,0,1,0,17,6,8,41.9834671529,-87.6728700685,"{'type': 'Point', 'coordinates': [-87.672870068504, 41.983467152858]}",,,,,N,,,,,
80b13e6e247548372abad755c4c040104585dbc8307c66a174893e0311e66d22526a01e69dcd3d6b081a3db69fc78a29995978f8329aed0d8af6a5da5657e5ba,2025-08-08T17:24:00.000,30,TRAFFIC SIGNAL,FUNCTIONING PROPERLY,CLEAR,DAYLIGHT,TURNING,NOT DIVIDED,STRAIGHT AND LEVEL,DRY,UNKNOWN,ON SCENE,NO INJURY / DRIVE AWAY,,"OVER $1,500",2025-08-08T17:32:00.000,UNABLE TO DETERMINE,UNABLE TO DETERMINE,1601,E,86TH ST,412,2,NO INDICATION OF INJURY,0,0,0,0,0,2,0,17,6,8,41.7386296899,-87.5851224476,"{'type': 'Point', 'coordinates': [-87.585122447604, 41.738629689876]}",,,Y,,,,,,,
343312c2a4cebd434460f1460e26826be76d226d272019e9a3212ef15d724d12d743f417c5a0b4dcebe687c50be8f56d98d5136db954199333a619d4aac89c25,2025-08-08T17:20:00.000,30,NO CONTROLS,NO CONTROLS,CLEAR,DAYLIGHT,TURNING,NOT DIVIDED,STRAIGHT AND LEVEL,DRY,NO DEFECTS,ON SCENE,INJURY AND / OR TOW DUE TO CRASH,,"OVER $1,500",2025-08-08T17:22:00.000,FAILING TO YIELD RIGHT-OF-WAY,DRIVING SKILLS/KNOWLEDGE/EXPERIENCE,7138,N,SHERIDAN RD,2423,2,NO INDICATION OF INJURY,0,0,0,0,0,2,0,17,6,8,42.012356581,-87.6633812953,"{'type': 'Point', 'coordinates': [-87.663381295283, 42.012356581038]}",,,,,,,,,,
d9a0210b8c1b51826ea2eba3e5a982349c59dc3db0e346767cf53388f62f8b9ddf72331574c11a1cfdde7ada0f316917044e4f40afe31b5f4e773cbd2f846c05,2025-08-08T17:20:00.000,30,NO CONTROLS,NO CONTROLS,CLEAR,DAYLIGHT,REAR TO SIDE,NOT DIVIDED,STRAIGHT AND LEVEL,DRY,NO DEFECTS,NOT ON SCENE (DESK REPORT),NO INJURY / DRIVE AWAY,,"OVER $1,500",2025-08-10T14:30:00.000,UNABLE TO DETERMINE,NOT APPLICABLE,1769,W,SUNNYSIDE AVE,1912,2,NO INDICATION OF INJURY,0,0,0,0,0,2,0,17,6,8,41.9632452667,-87.6736141878,"{'type': 'Point', 'coordinates': [-87.673614187782, 41.963245266688]}",,,,,,,,,,
99e302e394feb6b36c68fca3c5216ce143ce13d8843381a3600c559f50e238d7d45317d1ee7b3e9eca689ac49c257c2d16582eb803520ba8617a6bc2faf03057,2025-08-08T17:19:00.000,30,TRAFFIC SIGNAL,FUNCTIONING PROPERLY,CLEAR,DAYLIGHT,SIDESWIPE SAME DIRECTION,NOT DIVIDED,STRAIGHT AND LEVEL,DRY,NO DEFECTS,NOT ON SCENE (DESK REPORT),NO INJURY / DRIVE AWAY,,"$501 - $1,500",2025-08-08T18:42:00.000,UNABLE TO DETERMINE,UNABLE TO DETERMINE,412,S,WELLS ST,122,2,NO INDICATION OF INJURY,0,0,0,0,0,2,0,17,6,8,41.8765126041,-87.6338323141,"{'type': 'Point', 'coordinates': [-87.63383231411, 41.8765126041]}",,,,,,,,,,
500e5daf4e78c2d713b063da33e7aa2f1679adbef18b54cb297e3cfe7aa7940bcfb7716387079783fb47ec4ac4fdf3c2c76bc10ca9ab9553e3e00c0368a952ae,2025-08-08T17:12:00.000,25,PEDESTRIAN CROSSING SIGN,FUNCTIONING PROPERLY,CLEAR,DAYLIGHT,PEDALCYCLIST,DIVIDED - W/MEDIAN (NOT RAISED),"CURVE, LEVEL",DRY,NO DEFECTS,ON SCENE,NO INJURY / DRIVE AWAY,,$500 OR LESS,2025-08-08T17:32:00.000,UNABLE TO DETERMINE,UNABLE TO DETERMINE,2084,N,MILWAUKEE AVE,1431,2,NO INDICATION OF INJURY,0,0,0,0,0,1,0,17,6,8,41.919047395,-87.6912677744,"{'type': 'Point', 'coordinates': [-87.691267774432, 41.919047395028]}",,,Y,,,,,,,
44acfed3a5c5fdefd650e9550573059f55cffc3247f808d55d6c3e5c4e1972fbbcb04b02df55edaba91b14e458dbd6f014a328c91ea0411dacc01cc754230aef,2025-08-08T17:11:00.000,30,TRAFFIC SIGNAL,UNKNOWN,CLEAR,DAYLIGHT,REAR END,DIVIDED - W/MEDIAN BARRIER,STRAIGHT AND LEVEL,DRY,UNKNOWN,NOT ON SCENE (DESK REPORT),NO INJURY / DRIVE AWAY,,"$501 - $1,500",2025-08-08T18:00:00.000,UNABLE TO DETERMINE,UNABLE TO DETERMINE,2100,W,PETERSON AVE,2413,2,NO INDICATION OF INJURY,0,0,0,0,0,2,0,17,6,8,41.9907363402,-87.6825907885,"{'type': 'Point', 'coordinates': [-87.682590788528, 41.99073634023]}",,,,,,,,,,
def6b668a9f332e578265c159491f0384b83f09bb93bfe2629b8b87df3b2836f27c4165cb4b8ebbb0c3d9b2a5cedb02418b30c439181ab4e826448bb4b4152d9,2025-08-08T17:10:00.000,30,UNKNOWN,UNKNOWN,CLEAR,DAYLIGHT,REAR END,UNKNOWN,STRAIGHT AND LEVEL,UNKNOWN,UNKNOWN,NOT ON SCENE (DESK REPORT),NO INJURY / DRIVE AWAY,,"OVER $1,500",2025-08-08T17:10:00.000,UNABLE TO DETERMINE,UNABLE TO DETERMINE,5598,N,CENTRAL AVE,1622,2,NO INDICATION OF INJURY,0,0,0,0,0,2,0,17,6,8,41.9828499788,-87.7684931528,"{'type': 'Point', 'coordinates': [-87.768493152846, 41.982849978838]}",,,,,,,,,,
4de00ceb99282cf50b3612166903e1a830b6f18ee435ce24856d6b6229f6d8e8e30bb147fc711db505714e1162464ff3f19407cdfce954745f762f03fc75f3cc,2025-08-08T17:04:00.000,30,NO CONTROLS,NO CONTROLS,CLEAR,DAYLIGHT,OTHER NONCOLLISION,NOT DIVIDED,STRAIGHT AND LEVEL,DRY,NO DEFECTS,ON SCENE,INJURY AND / OR TOW DUE TO CRASH,,"OVER $1,500",2025-08-08T17:47:00.000,UNABLE TO DETERMINE,UNABLE TO DETERMINE,1199,S,CENTRAL AVE,1522,1,NO INDICATION OF INJURY,0,0,0,0,0,2,0,17,6,8,41.8656390541,-87.7641645811,"{'type': 'Point', 'coordinates': [-87.764164581141, 41.865639054076]}",,,,,,,,,,
3433829cd9fb0d6c8836abd830ae5e7175ec55a98f849fc86c473b4a724970245de6c6aa9b7eba4870eca3ddc9ff98f271303dc8d85649a119dad27bb8073895,2025-08-08T17:00:00.000,30,UNKNOWN,UNKNOWN,CLEAR,DAYLIGHT,SIDESWIPE SAME DIRECTION,TRAFFIC ROUTE,STRAIGHT AND LEVEL,DRY,UNKNOWN,NOT ON SCENE (DESK REPORT),NO INJURY / DRIVE AWAY,,"OVER $1,500",2025-08-08T17:35:00.000,IMPROPER LANE USAGE,IMPROPER OVERTAKING/PASSING,343,E,JACKSON DR,114,2,NO INDICATION OF INJURY,0,0,0,0,0,2,0,17,6,8,41.8782444381,-87.6191178082,"{'type': 'Point', 'coordinates': [-87.619117808178, 41.878244438088]}",,,,,,,,,,
b9dea5a3d927f5ceedfaf4439beb4cc3f2e9135e245898f299122773b0c256494631fd66bf627b3d5a9ab17e93278fe8841369da103ab469cb54c5f1a2c84473,2025-08-08T17:00:00.000,30,STOP SIGN/FLASHER,FUNCTIONING PROPERLY,CLEAR,DAYLIGHT,REAR END,NOT DIVIDED,STRAIGHT AND LEVEL,UNKNOWN,UNKNOWN,NOT ON SCENE (DESK REPORT),NO INJURY / DRIVE AWAY,,"$501 - $1,500",2025-08-09T09:25:00.000,FOLLOWING TOO CLOSELY,UNABLE TO DETERMINE,4259,N,KEDZIE AVE,1724,2,NO INDICATION OF INJURY,0,0,0,0,0,2,0,17,6,8,41.9592767503,-87.7080389751,"{'type': 'Point', 'coordinates': [-87.708038975069, 41.959276750279]}",,,Y,,,,,,,
04d6087b6e20ff3b76073067383b338acc0bc1cd47e7c15b08e1dfbbe160ab073f347559ebfb64371e44d324197f326144886f48b9c5385cd1555dfa89f9d2b1,2025-08-08T16:53:00.000,30,NO CONTROLS,NO CONTROLS,CLEAR,DAYLIGHT,HEAD ON,PARKING LOT,STRAIGHT AND LEVEL,DRY,NO DEFECTS,NOT ON SCENE (DESK REPORT),NO INJURY / DRIVE AWAY,,"$501 - $1,500",2025-08-08T17:10:00.000,UNABLE TO DETERMINE,NOT APPLICABLE,1711,W,CERMAK RD,1034,2,NO INDICATION OF INJURY,0,0,0,0,0,5,0,16,6,8,41.8521678636,-87.6689750407,"{'type': 'Point', 'coordinates': [-87.668975040664, 41.852167863628]}",,,Y,,,,,,,
825d47f36fdcdae6fa9d298e5fc7274b64237c109afca114107c04015f5d5366ccae65c1876b5c3f6d6c99133167839bbfeb1f1bb816b75596bae919b1309d65,2025-08-08T16:50:00.000,30,NO CONTROLS,NO CONTROLS,CLEAR,DAYLIGHT,ANGLE,NOT DIVIDED,STRAIGHT AND LEVEL,DRY,NO DEFECTS,NOT ON SCENE (DESK REPORT),NO INJURY / DRIVE AWAY,,"$501 - $1,500",2025-08-08T17:45:00.000,FAILING TO YIELD RIGHT-OF-WAY,FAILING TO YIELD RIGHT-OF-WAY,5555,N,CUMBERLAND AVE,1614,2,NO INDICATION OF INJURY,0,0,0,0,0,2,0,16,6,8,41.9809425122,-87.8364343551,"{'type': 'Point', 'coordinates': [-87.836434355127, 41.980942512151]}",,,,,,,,,,
b476db76545c595b8764c035ad6e09779079a91be987a0c44a67b1335091affd28c91babac60f8c84747af7c4e6fd7bb450789f7a6c5fc36c963455d057c85f2,2025-08-08T16:50:00.000,30,UNKNOWN,UNKNOWN,CLEAR,DAYLIGHT,SIDESWIPE SAME DIRECTION,NOT DIVIDED,STRAIGHT AND LEVEL,UNKNOWN,UNKNOWN,NOT ON SCENE (DESK REPORT),NO INJURY / DRIVE AWAY,,"OVER $1,500",2025-08-08T19:30:00.000,UNABLE TO DETERMINE,UNABLE TO DETERMINE,350,W,ONTARIO ST,1831,2,NO INDICATION OF INJURY,0,0,0,0,0,2,0,16,6,8,41.8932507701,-87.6375556861,"{'type': 'Point', 'coordinates': [-87.637555686078, 41.89325077006]}",,,,,,,,,,
fd6653a17611b692a56be10c7fc8a9e6642ba1c37e7441b88f66b19b605d568e9a3f7fb0e8a3efdb81db2ef3d6fb972a826cedf9ee72ec38ad7b1774c96a7d3d,2025-08-08T16:50:00.000,30,UNKNOWN,UNKNOWN,CLEAR,DAYLIGHT,HEAD ON,NOT DIVIDED,STRAIGHT AND LEVEL,UNKNOWN,UNKNOWN,ON SCENE,INJURY AND / OR TOW DUE TO CRASH,,"OVER $1,500",2025-08-08T16:55:00.000,NOT APPLICABLE,UNABLE TO DETERMINE,5711,S,WESTERN AVE,824,2,NONINCAPACITATING INJURY,1,0,0,1,0,1,0,16,6,8,41.7898349863,-87.6837804805,"{'type': 'Point', 'coordinates': [-87.683780480476, 41.789834986348]}",,,N,,,,,,,
30b863c2916e3965966f8e0c9aa2cd3d4696ed1023fceb622202a349e6660ab1205e785537f6dd95840aa028d4c1bc551daef737f83ee9f5cfff4c4e96fde923,2025-08-08T16:45:00.000,30,TRAFFIC SIGNAL,FUNCTIONING PROPERLY,CLEAR,DAYLIGHT,REAR END,DIVIDED - W/MEDIAN (NOT RAISED),STRAIGHT AND LEVEL,DRY,NO DEFECTS,ON SCENE,INJURY AND / OR TOW DUE TO CRASH,,"OVER $1,500",2025-08-08T16:58:00.000,FOLLOWING TOO CLOSELY,FOLLOWING TOO CLOSELY,2652,S,WESTERN AVE,1034,3,"REPORTED, NOT EVIDENT",1,0,0,0,1,3,0,16,6,8,41.8434751,-87.685511894,"{'type': 'Point', 'coordinates': [-87.685511894034, 41.843475099982]}",,,,,,,,,,
715479b0083130a9762d44f709a0ef2ff5e0fcdfa66247e16f153e4a640bc69c75ae5d38b16d77c28897d2216f4c97dc19b34dcf0d9992d074cc781dfe82088f,2025-08-08T16:41:00.000,20,NO CONTROLS,NO CONTROLS,CLEAR,DAYLIGHT,PARKED MOTOR VEHICLE,NOT DIVIDED,STRAIGHT AND LEVEL,DRY,NO DEFECTS,ON SCENE,INJURY AND / OR TOW DUE TO CRASH,,"OVER $1,500",2025-08-08T17:15:00.000,IMPROPER LANE USAGE,IMPROPER OVERTAKING/PASSING,9172,S,DR MARTIN LUTHER KING JR DR,633,2,NO INDICATION OF INJURY,0,0,0,0,0,1,0,16,6,8,41.727083174,-87.6144228458,"{'type': 'Point', 'coordinates': [-87.614422845812, 41.727083173955]}",,,Y,,,,,,,
178100b1ce625dc58649660f58fe2f3759c9495730bea0af6619d959ab634fa296eca786d7c4e180269e8b412a12aeea60cde616dcc598876fc62c493cf26d15,2025-08-08T16:40:00.000,30,TRAFFIC SIGNAL,FUNCTIONING PROPERLY,CLEAR,DAYLIGHT,SIDESWIPE SAME DIRECTION,DIVIDED - W/MEDIAN (NOT RAISED),STRAIGHT AND LEVEL,DRY,UNKNOWN,NOT ON SCENE (DESK REPORT),NO INJURY / DRIVE AWAY,,"OVER $1,500",2025-08-08T17:30:00.000,UNABLE TO DETERMINE,UNABLE TO DETERMINE,135,S,DAMEN AVE,1223,2,NO INDICATION OF INJURY,0,0,0,0,0,2,0,16,6,8,41.8789308674,-87.6764368872,"{'type': 'Point', 'coordinates': [-87.676436887236, 41.878930867402]}",,,,,,,,,,
63f6ec219464fba2246a3363c0e0b5b6b83cbb9fb57bb48641d659d5cbb19c54595fca0d73e39113ad42babad0b94e39b957ff7f4e0c7dfb0bf96e5a6bbd2c61,2025-08-08T16:40:00.000,30,NO CONTROLS,NO CONTROLS,CLEAR,DAYLIGHT,REAR END,NOT DIVIDED,STRAIGHT AND LEVEL,DRY,UNKNOWN,ON SCENE,NO INJURY / DRIVE AWAY,,"OVER $1,500",2025-08-08T16:41:00.000,FOLLOWING TOO CLOSELY,FOLLOWING TOO CLOSELY,1118,N,PULASKI RD,1111,2,NO INDICATION OF INJURY,0,0,0,0,0,2,0,16,6,8,41.901428187,-87.7264133697,"{'type': 'Point', 'coordinates': [-87.726413369667, 41.90142818697]}",,,,,,,,,,
02fd6c238d87ca8ad8c8f7f36cba688081c95f317bb1e21ab80bd217582b81ce714c2d4c6e600504bc0f3740230c38ed6b306c3a2eac58abd8b012ae18e35fc2,2025-08-08T16:37:00.000,30,TRAFFIC SIGNAL,FUNCTIONING PROPERLY,CLEAR,DAYLIGHT,TURNING,NOT DIVIDED,STRAIGHT AND LEVEL,DRY,NO DEFECTS,ON SCENE,INJURY AND / OR TOW DUE TO CRASH,,"OVER $1,500",2025-08-08T17:03:00.000,IMPROPER TURNING/NO SIGNAL,IMPROPER TURNING/NO SIGNAL,7721,S,SOUTH CHICAGO AVE,411,2,NO INDICATION OF INJURY,0,0,0,0,0,3,0,16,6,8,41.754315881,-87.5892790281,"{'type': 'Point', 'coordinates': [-87.589279028136, 41.754315881032]}",,,,,,,,,,
95e4860ce33809f0e4584cb7b29e72f1f84225895b93e8ffe67283c42bdcc3f084710eec8d366f07c84afbe022b7a15114108a001d20d23dc51610339c3591ef,2025-08-08T16:35:00.000,30,NO CONTROLS,NO CONTROLS,CLEAR,DAYLIGHT,PARKED MOTOR VEHICLE,NOT DIVIDED,STRAIGHT AND LEVEL,DRY,UNKNOWN,ON SCENE,NO INJURY / DRIVE AWAY,,"OVER $1,500",2025-08-08T16:52:00.000,UNABLE TO DETERMINE,NOT APPLICABLE,5341,S,ELLIS AVE,233,2,NO INDICATION OF INJURY,0,0,0,0,0,1,0,16,6,8,41.7981820794,-87.6011281429,"{'type': 'Point', 'coordinates': [-87.601128142896, 41.798182079385]}",,,Y,,,,,,,
d8c4da86994c8a5ad988f097e739b6693cb5729c12de02502d7179d5496cc422526644c7c273dca693df2091d7504a492413ce0ff08047ac2bc318f1583e2eb9,2025-08-08T16:32:00.000,30,NO CONTROLS,NO CONTROLS,CLEAR,DAYLIGHT,REAR END,DIVIDED - W/MEDIAN (NOT RAISED),STRAIGHT AND LEVEL,DRY,NO DEFECTS,NOT ON SCENE (DESK REPORT),NO INJURY / DRIVE AWAY,,"OVER $1,500",2025-08-08T17:55:00.000,FOLLOWING TOO CLOSELY,UNABLE TO DETERMINE,3729,N,PULASKI RD,1732,3,NO INDICATION OF INJURY,0,0,0,0,0,3,0,16,6,8,41.949061173,-87.7273306449,"{'type': 'Point', 'coordinates': [-87.727330644922, 41.949061172955]}",,,,,,,,,,
92d4bc5c122db4cb938d144a15b2cc6bf6c1d1f5eb1c2f525c1eb8593d7f084217a228f8f818a32bf417f6438a6d84d3f0f837fad797000cdd80d6a11e295c49,2025-08-08T16:30:00.000,30,NO CONTROLS,NO CONTROLS,CLEAR,DAYLIGHT,TURNING,T-INTERSECTION,STRAIGHT AND LEVEL,DRY,NO DEFECTS,ON SCENE,NO INJURY / DRIVE AWAY,Y,"$501 - $1,500",2025-08-08T16:30:00.000,FAILING TO YIELD RIGHT-OF-WAY,FAILING TO YIELD RIGHT-OF-WAY,98,E,46TH ST,215,2,NO INDICATION OF INJURY,0,0,0,0,0,2,0,16,6,8,41.8112078316,-87.622969683,"{'type': 'Point', 'coordinates': [-87.622969682993, 41.811207831645]}",,,Y,Y,,,,,,
cae936076b5e8c9d6b7584b620e9a4d74f4e6f2ae2e8f80854e5d45d1bc733fb213d9d093c95c66f1138f3cb7767781b3b04c1dc5b6ff9d007d5aa449a1fe58a,2025-08-08T16:28:00.000,30,NO CONTROLS,NO CONTROLS,CLEAR,DAYLIGHT,PARKED MOTOR VEHICLE,DIVIDED - W/MEDIAN BARRIER,STRAIGHT AND LEVEL,DRY,NO DEFECTS,ON SCENE,INJURY AND / OR TOW DUE TO CRASH,,"OVER $1,500",2025-08-08T16:30:00.000,FAILING TO REDUCE SPEED TO AVOID CRASH,NOT APPLICABLE,4865,N,ASHLAND AVE,2032,2,NO INDICATION OF INJURY,0,0,0,0,0,1,0,16,6,8,41.970777334,-87.6693432152,"{'type': 'Point', 'coordinates': [-87.669343215212, 41.970777333985]}",,,,,,,,,,
617f0cf151055c741bb5c1f2d535a6a5277a5d313dd60b8687364a3d642a19d1412b0d135fbd2e7f09c617e2c6e8425b76dcd947673d237e1a3ad212c2c3e04f,2025-08-08T16:25:00.000,30,NO CONTROLS,NO CONTROLS,CLEAR,DAYLIGHT,ANGLE,PARKING LOT,STRAIGHT AND LEVEL,DRY,NO DEFECTS,NOT ON SCENE (DESK REPORT),NO INJURY / DRIVE AWAY,,"$501 - $1,500",2025-08-08T17:15:00.000,IMPROPER BACKING,NOT APPLICABLE,5949,N,RIDGE AVE,2012,2,NO INDICATION OF INJURY,0,0,0,0,0,2,0,16,6,8,41.989900565,-87.6701266047,"{'type': 'Point', 'coordinates': [-87.670126604708, 41.989900564957]}",,,,,,,,,,
eaa3e23813e7598426261b7fa04654e694d54abf79529b56b1da3ec524f70ca743413faef59b831fa3d7c813c2f1a3b26f7e91012be3f750e06fe30763c38b91,2025-08-08T16:20:00.000,35,TRAFFIC SIGNAL,FUNCTIONING PROPERLY,CLEAR,DAYLIGHT,REAR END,FOUR WAY,STRAIGHT AND LEVEL,DRY,NO DEFECTS,ON SCENE,NO INJURY / DRIVE AWAY,,"OVER $1,500",2025-08-08T16:30:00.000,UNABLE TO DETERMINE,UNABLE TO DETERMINE,327,W,87TH ST,634,2,NO INDICATION OF INJURY,0,0,0,0,0,4,0,16,6,8,41.7358633345,-87.6326776307,"{'type': 'Point', 'coordinates': [-87.632677630684, 41.735863334466]}",,,,,,,,,,
d8f93111da4b5fd4784573417a91bd791d6319a0d59393fd0879a700eb4108b5883d3a5f9a68e61f403f3007f6f723f389de195ac8e50dc35ecfa2c9955a711d,2025-08-08T16:17:00.000,30,TRAFFIC SIGNAL,FUNCTIONING PROPERLY,CLEAR,DAYLIGHT,PEDESTRIAN,FOUR WAY,STRAIGHT AND LEVEL,UNKNOWN,UNKNOWN,ON SCENE,INJURY AND / OR TOW DUE TO CRASH,Y,"OVER $1,500",2025-08-08T16:17:00.000,FAILING TO YIELD RIGHT-OF-WAY,FAILING TO YIELD RIGHT-OF-WAY,399,W,FULLERTON PKWY,1814,2,INCAPACITATING INJURY,1,0,1,0,0,1,0,16,6,8,41.9255037067,-87.639060351,"{'type': 'Point', 'coordinates': [-87.639060350971, 41.925503706708]}",,,,,,,,,,