crash_record_id,crash_date,posted_speed_limit,traffic_control_device,device_condition,weather_condition,lighting_condition,first_crash_type,trafficway_type,alignment,roadway_surface_cond,road_defect,report_type,crash_type,intersection_related_i,damage,date_police_notified,prim_contributory_cause,sec_contributory_cause,street_no,street_direction,street_name,beat_of_occurrence,num_units,most_severe_injury,injuries_total,injuries_fatal,injuries_incapacitating,injuries_non_incapacitating,injuries_reported_not_evident,injuries_no_indication,injuries_unknown,crash_hour,crash_day_of_week,crash_month,latitude,longitude,location,private_property_i,photos_taken_i,hit_and_run_i,statements_taken_i,crash_date_est_i,work_zone_i,work_zone_type,dooring_i,lane_cnt,workers_present_i
a4f179d34c9f6e961cc6aa5775c19e9a309632a66a821bc9d6c36f718c724c3488280112ef6210e2c14bc7d95bb466c0a21f7d49b194c28bdd4c37253aa2e011,2025-08-08T16:13:00.000,30,NO CONTROLS,NO CONTROLS,CLEAR,DAYLIGHT,SIDESWIPE SAME DIRECTION,NOT DIVIDED,STRAIGHT AND LEVEL,DRY,NO DEFECTS,ON SCENE,INJURY AND / OR TOW DUE TO CRASH,,"OVER $1,500",2025-08-08T16:15:00.000,EQUIPMENT - VEHICLE CONDITION,EQUIPMENT - VEHICLE CONDITION,6898,N,RIDGE BLVD,2411,4,NO INDICATION OF INJURY,0,0,0,0,0,2,0,16,6,8,42.0063382505,-87.6808484063,"{'type': 'Point', 'coordinates': [-87.68084840633, 42.006338250519]}",,,,,,,,,,
079b727dba8d9dc14cd8c87466cc18b67b8860c1e72fefa591c7fffd1660d568136376a9c6ea9be044e2ae17292fdbe10f1ebd90cde35bf5eb3ca48128af9f40,2025-08-08T16:08:00.000,30,UNKNOWN,UNKNOWN,CLEAR,DAYLIGHT,SIDESWIPE SAME DIRECTION,DIVIDED - W/MEDIAN BARRIER,STRAIGHT AND LEVEL,UNKNOWN,UNKNOWN,NOT ON SCENE (DESK REPORT),NO INJURY / DRIVE AWAY,,"OVER $1,500",2025-08-08T17:00:00.000,UNABLE TO DETERMINE,UNABLE TO DETERMINE,600,N,LAKE SHORE DR NB,1834,2,NO INDICATION OF INJURY,0,0,0,0,0,2,0,16,6,8,41.8926672756,-87.6143625489,"{'type': 'Point', 'coordinates': [-87.614362548909, 41.89266727562]}",,,,,,,,,,
30917e90b9e3219379d2b83b8867b972eaf27949e882b97ddd6a7d5ca63820579a4b8990e11752f1d5c398f187af193a9a3691e5aedc757ae651b6a6c396d020,2025-08-08T16:07:00.000,30,NO CONTROLS,NO CONTROLS,CLEAR,DAYLIGHT,OTHER OBJECT,DIVIDED - W/MEDIAN (NOT RAISED),STRAIGHT AND LEVEL,DRY,NO DEFECTS,ON SCENE,INJURY AND / OR TOW DUE TO CRASH,,"OVER $1,500",2025-08-08T16:07:00.000,DISTRACTION - FROM INSIDE VEHICLE,FAILING TO REDUCE SPEED TO AVOID CRASH,1427,W,MONTROSE AVE,1912,1,NO INDICATION OF INJURY,0,0,0,0,0,1,0,16,6,8,41.9615238247,-87.6660398556,"{'type': 'Point', 'coordinates': [-87.666039855558, 41.961523824746]}",,,,,,,,,,
c52cf5ab6b4a570d0d2d552fe778bd6bc5106650059860bada65c39c4d987c596c6d8d801b43ff124ee5fa3bfef9fab8a1659a42bd827abd743b3c05b47bb1bb,2025-08-08T16:07:00.000,25,NO CONTROLS,NO CONTROLS,CLEAR,DAYLIGHT,PARKED MOTOR VEHICLE,ONE-WAY,STRAIGHT AND LEVEL,DRY,UNKNOWN,ON SCENE,NO INJURY / DRIVE AWAY,,"OVER $1,500",2025-08-08T16:07:00.000,UNABLE TO DETERMINE,UNABLE TO DETERMINE,4416,N,KOSTNER AVE,1722,2,NO INDICATION OF INJURY,0,0,0,0,0,1,0,16,6,8,41.9613689249,-87.7385920187,"{'type': 'Point', 'coordinates': [-87.738592018699, 41.96136892492]}",,,Y,,Y,,,,,
6f3c712cfc0bb9db0dedc8b55f8f0ea6106f5bc14994f4b33b9f8fffdfe6c03616c58c824517bdaa03682a65361fa17829534d51904f738c304a2a1ac249e295,2025-08-08T16:06:00.000,30,NO CONTROLS,NO CONTROLS,CLEAR,DAYLIGHT,PARKED MOTOR VEHICLE,NOT DIVIDED,STRAIGHT AND LEVEL,DRY,UNKNOWN,NOT ON SCENE (DESK REPORT),NO INJURY / DRIVE AWAY,,"OVER $1,500",2025-08-08T17:00:00.000,UNABLE TO DETERMINE,UNABLE TO DETERMINE,2224,S,STATE ST,131,2,NO INDICATION OF INJURY,0,0,0,0,0,1,0,16,6,8,41.8521059063,-87.6272191062,"{'type': 'Point', 'coordinates': [-87.627219106183, 41.852105906291]}",,,Y,,,,,,,
927f16272b04cb449d35ccc24949bd60d6a59d9f509cd364d54e013bb251f962ec3839f19b4452531cbce94b74bf163dfdca0ef0a1e3ac3305366fc29ddd18a3,2025-08-08T16:00:00.000,30,STOP SIGN/FLASHER,FUNCTIONING PROPERLY,CLEAR,DAYLIGHT,ANGLE,DIVIDED - W/MEDIAN (NOT RAISED),STRAIGHT AND LEVEL,DRY,NO DEFECTS,ON SCENE,INJURY AND / OR TOW DUE TO CRASH,Y,"OVER $1,500",2025-08-08T16:04:00.000,IMPROPER OVERTAKING/PASSING,NOT APPLICABLE,2701,W,111TH ST,2212,3,NONINCAPACITATING INJURY,2,0,0,2,0,1,0,16,6,8,41.691604493,-87.6885931516,"{'type': 'Point', 'coordinates': [-87.688593151612, 41.691604492993]}",,,,,,,,,,
e21391dbd4f5e9af0ddc2968f77817a61a09eaac2aafef3c1c3c3a952c0ec4b2e49c2f63c8b0054775a979c82a5fe4cbcff9fe3c51a7481ed4b17d463e21d7aa,2025-08-08T16:00:00.000,25,TRAFFIC SIGNAL,FUNCTIONING PROPERLY,CLEAR,DAYLIGHT,REAR TO FRONT,NOT DIVIDED,STRAIGHT AND LEVEL,DRY,NO DEFECTS,ON SCENE,NO INJURY / DRIVE AWAY,,$500 OR LESS,2025-08-08T16:15:00.000,IMPROPER BACKING,IMPROPER BACKING,10532,S,INDIANAPOLIS AVE,432,2,NO INDICATION OF INJURY,0,0,0,0,0,2,0,16,6,8,41.7036623609,-87.5257124268,"{'type': 'Point', 'coordinates': [-87.52571242676, 41.703662360894]}",,,Y,,,,,,,
f02587d29b8c08f34f497d747e2e1c8c87447c556539a07787be1c78828478f2533e49cf0470841c6b1eae7bce8265b50ee65548542f1a3e1a9b958985211e85,2025-08-08T16:00:00.000,55,NO CONTROLS,NO CONTROLS,CLEAR,DAYLIGHT,REAR END,NOT DIVIDED,STRAIGHT AND LEVEL,DRY,NO DEFECTS,NOT ON SCENE (DESK REPORT),NO INJURY / DRIVE AWAY,,"OVER $1,500",2025-08-09T12:30:00.000,UNABLE TO DETERMINE,NOT APPLICABLE,332,S,LAKE SHORE DR NB,114,2,NO INDICATION OF INJURY,0,0,0,0,0,2,0,16,6,8,41.8775769268,-87.6175587855,"{'type': 'Point', 'coordinates': [-87.617558785532, 41.87757692682]}",,,,,,,,,,
a7aed186c6ca3aeb6ada233dd113f6d3c31c2902e9bcd7b9726fc96f1d15f76dbbf1fdab246a6db7ee44a617cb94660efa146a8e4706355200cf997ffc8469b9,2025-08-08T15:55:00.000,30,UNKNOWN,UNKNOWN,CLEAR,DAYLIGHT,SIDESWIPE SAME DIRECTION,FOUR WAY,STRAIGHT AND LEVEL,UNKNOWN,UNKNOWN,NOT ON SCENE (DESK REPORT),NO INJURY / DRIVE AWAY,,"OVER $1,500",2025-08-08T20:10:00.000,UNABLE TO DETERMINE,UNABLE TO DETERMINE,121,W,ONTARIO ST,1832,2,NO INDICATION OF INJURY,0,0,0,0,0,2,0,15,6,8,41.8931064036,-87.6321210537,"{'type': 'Point', 'coordinates': [-87.632121053674, 41.893106403566]}",,,,,,,,,,
c1ed24a2366ee2e885dc7ecb9b94dfeb26eb1ea8a616c4113f73d8c100dfb590260c4ee1fadcb04304ea8536c214269f11c86e7101cc6fbecf39bc0a5c9270ff,2025-08-08T15:39:00.000,30,UNKNOWN,UNKNOWN,CLEAR,DAYLIGHT,REAR END,NOT DIVIDED,STRAIGHT AND LEVEL,UNKNOWN,UNKNOWN,NOT ON SCENE (DESK REPORT),NO INJURY / DRIVE AWAY,,"OVER $1,500",2025-08-08T18:00:00.000,UNABLE TO DETERMINE,UNABLE TO DETERMINE,928,W,GRAND AVE,1214,2,NO INDICATION OF INJURY,0,0,0,0,0,2,0,15,6,8,41.8912578838,-87.6506767339,"{'type': 'Point', 'coordinates': [-87.650676733926, 41.891257883839]}",,,,,,,,,,
1de1bd3f4431554d487423f9d5548fb64d6ba6f7a171a38e6f4238a831fd3562452d7435284079c73078edb6c8551a820ccd9ca50a6747d7a0c6e9872d6334cd,2025-08-08T15:37:00.000,20,UNKNOWN,UNKNOWN,CLEAR,DAYLIGHT,REAR END,NOT DIVIDED,STRAIGHT AND LEVEL,DRY,UNKNOWN,ON SCENE,NO INJURY / DRIVE AWAY,,"OVER $1,500",2025-08-08T15:37:00.000,UNABLE TO DETERMINE,UNABLE TO DETERMINE,3033,N,KIMBALL AVE,1412,2,NO INDICATION OF INJURY,0,0,0,0,0,2,0,15,6,8,41.9367772916,-87.7122629368,"{'type': 'Point', 'coordinates': [-87.712262936792, 41.93677729165]}",,,,,,,,,,
a918a321cdfa3dbe1be69cdafdca0637c0c4fc2cf8c0b95aacd93c7e15640fe52cb22690f86bb9ce3d42713b5748024aef4141e667a5a23daad26923a52eeda2,2025-08-08T15:32:00.000,30,TRAFFIC SIGNAL,FUNCTIONING PROPERLY,CLEAR,DAYLIGHT,TURNING,DIVIDED - W/MEDIAN (NOT RAISED),STRAIGHT AND LEVEL,DRY,NO DEFECTS,NOT ON SCENE (DESK REPORT),NO INJURY / DRIVE AWAY,,"$501 - $1,500",2025-08-08T17:30:00.000,UNABLE TO DETERMINE,NOT APPLICABLE,2956,N,MILWAUKEE AVE,2523,2,NO INDICATION OF INJURY,0,0,0,0,0,3,0,15,6,8,41.9349739441,-87.7173185257,"{'type': 'Point', 'coordinates': [-87.717318525716, 41.934973944052]}",,,Y,,,,,,,
864bfe47c226bd9c5596bfe027157c25d883bf68f775e234ce2708dbf25a5e37e0647d83967c290f822bd306a0e9e8509b1f1e02cec417eaff7083d7eb24fd1c,2025-08-08T15:30:00.000,30,NO CONTROLS,NO CONTROLS,CLEAR,DAYLIGHT,REAR END,NOT DIVIDED,STRAIGHT AND LEVEL,DRY,NO DEFECTS,NOT ON SCENE (DESK REPORT),NO INJURY / DRIVE AWAY,,"OVER $1,500",2025-08-08T16:00:00.000,FOLLOWING TOO CLOSELY,UNABLE TO DETERMINE,9310,S,JEFFERY AVE,413,2,NO INDICATION OF INJURY,0,0,0,0,0,2,0,15,6,8,41.7257405601,-87.5755829947,"{'type': 'Point', 'coordinates': [-87.575582994663, 41.725740560078]}",,,,,,,,,,
88674eb80fd66892ad88ecf60d29717a8ca3c6a4bf02a0f2b1ef1b48998d0c1c8d9ca9639c4b823cdeadd30202c4a70ce343183c6d4dcf9a6e9d8e0bf5280858,2025-08-08T15:30:00.000,40,TRAFFIC SIGNAL,FUNCTIONING PROPERLY,CLEAR,DAYLIGHT,REAR END,DIVIDED - W/MEDIAN BARRIER,STRAIGHT AND LEVEL,DRY,NO DEFECTS,NOT ON SCENE (DESK REPORT),NO INJURY / DRIVE AWAY,,"OVER $1,500",2025-08-11T10:45:00.000,UNABLE TO DETERMINE,NOT APPLICABLE,800,N,LAKE SHORE DR SB,1833,2,NO INDICATION OF INJURY,0,0,0,0,0,3,0,15,6,8,41.8968049724,-87.6170274232,"{'type': 'Point', 'coordinates': [-87.617027423234, 41.896804972416]}",,,Y,,,,,,,
c7afc77f5dd90d8418da92d60b1c5b228955738cb99da3540daf56e740818e1189d2550460ad7fcfba2fd3d522ecbfe005b7352ffcffb200d25cce9faa17e20f,2025-08-08T15:30:00.000,30,UNKNOWN,UNKNOWN,CLEAR,DAYLIGHT,REAR END,DIVIDED - W/MEDIAN (NOT RAISED),STRAIGHT AND LEVEL,DRY,UNKNOWN,NOT ON SCENE (DESK REPORT),NO INJURY / DRIVE AWAY,Y,"$501 - $1,500",2025-08-08T16:30:00.000,UNABLE TO DETERMINE,UNABLE TO DETERMINE,6500,N,SHERIDAN RD,2432,2,NO INDICATION OF INJURY,0,0,0,0,0,2,0,15,6,8,42.0004434961,-87.6608593509,"{'type': 'Point', 'coordinates': [-87.660859350903, 42.000443496129]}",,,,,,,,,,
4b66e1678ee3faff8f70071fa93861cee0ba1fa394c412710b0ae85d6b84f1b3b6b83393d624f82fa2297c1b500e90363180524ef92e69aefe8b92e2867b9867,2025-08-08T15:26:00.000,30,NO CONTROLS,NO CONTROLS,CLEAR,DAYLIGHT,TURNING,DIVIDED - W/MEDIAN BARRIER,STRAIGHT AND LEVEL,DRY,NO DEFECTS,ON SCENE,INJURY AND / OR TOW DUE TO CRASH,,"OVER $1,500",2025-08-08T17:00:00.000,FAILING TO YIELD RIGHT-OF-WAY,NOT APPLICABLE,3798,W,79TH ST,833,2,NO INDICATION OF INJURY,0,0,0,0,0,2,0,15,6,8,41.7497367902,-87.7181779425,"{'type': 'Point', 'coordinates': [-87.718177942528, 41.749736790178]}",,,Y,,,,,,,
23676539896bdf17cda6751805f91a474636a32c11dc16e40c60c2376f8b0da741710dcc587808fa603f171d2a7ab2f067ffc0578e4027692beea4b12256a851,2025-08-08T15:12:00.000,30,NO CONTROLS,NO CONTROLS,CLEAR,DAYLIGHT,SIDESWIPE SAME DIRECTION,DIVIDED - W/MEDIAN (NOT RAISED),STRAIGHT AND LEVEL,DRY,NO DEFECTS,ON SCENE,NO INJURY / DRIVE AWAY,,"$501 - $1,500",2025-08-08T15:40:00.000,IMPROPER OVERTAKING/PASSING,IMPROPER OVERTAKING/PASSING,4728,W,ROOSEVELT RD,1131,2,NO INDICATION OF INJURY,0,0,0,0,0,2,0,15,6,8,41.8660200083,-87.7434940274,"{'type': 'Point', 'coordinates': [-87.743494027399, 41.866020008338]}",,,,,,,,,,
64be559eb6eb9df72d4f0ae70f94a1bab06dfdabf90c949ee151ba81c80569b82347a8a992d3b4ab7e27dab312cef090eb78bdf8713068938a3e47b09e841896,2025-08-08T15:10:00.000,30,TRAFFIC SIGNAL,FUNCTIONING PROPERLY,CLEAR,DAYLIGHT,REAR END,DIVIDED - W/MEDIAN (NOT RAISED),STRAIGHT AND LEVEL,DRY,NO DEFECTS,NOT ON SCENE (DESK REPORT),NO INJURY / DRIVE AWAY,Y,"OVER $1,500",2025-08-08T15:40:00.000,DISREGARDING TRAFFIC SIGNALS,NOT APPLICABLE,7800,S,DAMEN AVE,611,2,NO INDICATION OF INJURY,0,0,0,0,0,2,0,15,6,8,41.7519620931,-87.6733279918,"{'type': 'Point', 'coordinates': [-87.673327991846, 41.751962093076]}",,,,,,,,,,
cd6505a666b0bb30c45481f47195fbb45269ac922e91b6094427648bd6e6cb95d89fb15f77491901c6ad27c78203a9d28b4b33095c56869f594a4358e670bff7,2025-08-08T15:10:00.000,30,TRAFFIC SIGNAL,NO CONTROLS,CLEAR,DAYLIGHT,SIDESWIPE SAME DIRECTION,NOT DIVIDED,STRAIGHT AND LEVEL,DRY,NO DEFECTS,ON SCENE,NO INJURY / DRIVE AWAY,,$500 OR LESS,2025-08-08T15:23:00.000,IMPROPER OVERTAKING/PASSING,NOT APPLICABLE,1401,S,ASHLAND AVE,1233,2,NO INDICATION OF INJURY,0,0,0,0,0,2,0,15,6,8,41.8632243602,-87.6661479405,"{'type': 'Point', 'coordinates': [-87.666147940483, 41.863224360224]}",,,Y,,,,,,,
b51354b6ed9fc315ec318a247c427062700b74273a00e9cf205f49e145737bae50a0610fd17e7f1d720be36a834ec14526e5ef22dce2697d2f6b5888f6cba22b,2025-08-08T15:05:00.000,30,TRAFFIC SIGNAL,FUNCTIONING PROPERLY,CLEAR,DAYLIGHT,TURNING,"FIVE POINT, OR MORE",STRAIGHT AND LEVEL,DRY,NO DEFECTS,ON SCENE,NO INJURY / DRIVE AWAY,Y,"OVER $1,500",2025-08-08T15:05:00.000,DISREGARDING TRAFFIC SIGNALS,NOT APPLICABLE,4003,N,ELSTON AVE,1723,3,NO INDICATION OF INJURY,0,0,0,0,0,2,0,15,6,8,41.9539083977,-87.7192315742,"{'type': 'Point', 'coordinates': [-87.719231574183, 41.953908397703]}",,,,,,,,,,
fcb14c69cff66e465652602f6a5013750bf42c9cff1beab42447f2c0b2c60c32ed3e0e6b5b1d3d353668a988f7c0e1c68c1036890c54b30d2665ffc62f48d353,2025-08-08T15:05:00.000,30,NO CONTROLS,NO CONTROLS,CLEAR,DAYLIGHT,REAR TO FRONT,PARKING LOT,STRAIGHT AND LEVEL,DRY,NO DEFECTS,NOT ON SCENE (DESK REPORT),NO INJURY / DRIVE AWAY,,"OVER $1,500",2025-08-08T16:40:00.000,UNABLE TO DETERMINE,NOT APPLICABLE,1205,N,NOBLE ST,1433,2,NO INDICATION OF INJURY,0,0,0,0,0,3,0,15,6,8,41.903589783,-87.662476865,"{'type': 'Point', 'coordinates': [-87.662476864997, 41.90358978296]}",,,Y,,,,,,,
64a6cdcd027234f4ef3363a58dbaeb167b118de9805d8094c8c4e9e34675d73abff70c059ad1bd51eb1a3969d3ac97909cc2bbfdbfe73c79ec5a57e13e260081,2025-08-08T15:00:00.000,20,NO CONTROLS,NO CONTROLS,CLEAR,DAYLIGHT,REAR TO FRONT,NOT DIVIDED,STRAIGHT ON GRADE,DRY,NO DEFECTS,ON SCENE,INJURY AND / OR TOW DUE TO CRASH,,"$501 - $1,500",2025-08-08T15:00:00.000,UNDER THE INFLUENCE OF ALCOHOL/DRUGS (USE WHEN ARREST IS EFFECTED),IMPROPER LANE USAGE,5324,S,MC VICKER AVE,811,2,NO INDICATION OF INJURY,0,0,0,0,0,3,0,15,6,8,41.7954300348,-87.7735148721,"{'type': 'Point', 'coordinates': [-87.773514872051, 41.795430034802]}",,,,,,,,,,
a07f7bb9c09cc3bb1c7048ee89dc57cfbbcad7cc110263ad577a6942f8844673bf7099ff72735bc6828995c137bb42cb06b498d1e6267d7cf38ccd47c2941e12,2025-08-08T15:00:00.000,30,NO CONTROLS,NO CONTROLS,CLEAR,DAYLIGHT,SIDESWIPE SAME DIRECTION,ONE-WAY,STRAIGHT AND LEVEL,DRY,NO DEFECTS,NOT ON SCENE (DESK REPORT),NO INJURY / DRIVE AWAY,,"$501 - $1,500",2025-08-10T12:05:00.000,FAILING TO YIELD RIGHT-OF-WAY,FAILING TO YIELD RIGHT-OF-WAY,130,S,FRANKLIN ST,122,2,NO INDICATION OF INJURY,0,0,0,0,0,2,0,15,6,8,41.8798870231,-87.6354008346,"{'type': 'Point', 'coordinates': [-87.635400834618, 41.879887023079]}",,,,,,,,,,
e9c69b66791cadbc3b5b1fc1c3fff121399b2c05ee8b9c672f45e553267fc694b9ae8a53d8656a663164e8c38b94ec40f94dc22f8cbc93cba8ecabe6759b79ef,2025-08-08T15:00:00.000,30,TRAFFIC SIGNAL,UNKNOWN,CLEAR,DAYLIGHT,SIDESWIPE SAME DIRECTION,NOT DIVIDED,STRAIGHT AND LEVEL,UNKNOWN,UNKNOWN,NOT ON SCENE (DESK REPORT),NO INJURY / DRIVE AWAY,,"OVER $1,500",2025-08-08T16:10:00.000,IMPROPER OVERTAKING/PASSING,UNABLE TO DETERMINE,6208,W,MONTROSE AVE,1622,2,NO INDICATION OF INJURY,0,0,0,0,0,2,0,15,6,8,41.9603885481,-87.782339382,"{'type': 'Point', 'coordinates': [-87.782339381995, 41.960388548138]}",,,,,,,,,,
faef01c7b5c7cfd18ee461b8855c1c74b07889d28bec1b7f53c7daf63129f4bf9713cf3ca72c7d638418d6ab4d86a89a8dfc7ed3fc2f50bda6a52d79d18abeac,2025-08-08T15:00:00.000,30,NO CONTROLS,NO CONTROLS,UNKNOWN,DAYLIGHT,SIDESWIPE SAME DIRECTION,DIVIDED - W/MEDIAN BARRIER,STRAIGHT AND LEVEL,UNKNOWN,UNKNOWN,NOT ON SCENE (DESK REPORT),NO INJURY / DRIVE AWAY,,"OVER $1,500",2025-08-11T16:24:00.000,UNABLE TO DETERMINE,UNABLE TO DETERMINE,2800,N,LAKE SHORE DR SB,1934,2,NO INDICATION OF INJURY,0,0,0,0,0,2,0,15,6,8,41.9326770087,-87.6322477083,"{'type': 'Point', 'coordinates': [-87.632247708301, 41.932677008738]}",,,,,,,,,,
871cef666af417022c74034c2412df3f3741ae89fe83533a21d250cc0b884f586ac317d46ba4f7705eb4016db07b49f7021820bd88792910690ed749b1052bb5,2025-08-08T14:55:00.000,30,TRAFFIC SIGNAL,FUNCTIONING PROPERLY,CLEAR,DAYLIGHT,REAR END,NOT DIVIDED,STRAIGHT AND LEVEL,DRY,NO DEFECTS,NOT ON SCENE (DESK REPORT),NO INJURY / DRIVE AWAY,,$500 OR LESS,2025-08-08T17:05:00.000,UNABLE TO DETERMINE,NOT APPLICABLE,1958,W,35TH ST,912,2,NO INDICATION OF INJURY,0,0,0,0,0,4,0,14,6,8,41.830500418,-87.6752214047,"{'type': 'Point', 'coordinates': [-87.67522140471, 41.830500417951]}",,,,,,,,,,
abcc1f0e8922b85c84fdfe58c01a2c576e72c971641d58c5d4bc892867c59c0e55a35750a8674558d8037a1537288e87d144139433dab1ee0acf40d01633386b,2025-08-08T14:55:00.000,35,NO CONTROLS,NO CONTROLS,CLEAR,DAYLIGHT,PARKED MOTOR VEHICLE,NOT DIVIDED,STRAIGHT AND LEVEL,DRY,NO DEFECTS,NOT ON SCENE (DESK REPORT),NO INJURY / DRIVE AWAY,,"OVER $1,500",2025-08-08T15:30:00.000,UNABLE TO DETERMINE,NOT APPLICABLE,6030,W,53RD ST,811,2,NO INDICATION OF INJURY,0,0,0,0,0,1,0,14,6,8,41.796326866,-87.773334684,"{'type': 'Point', 'coordinates': [-87.773334683957, 41.796326865961]}",,,Y,,,,,,,
d7a93ddcbebae33f03693e952026c468bb461d726409575d36103b95b6b74693a1036888deddae2a717cae93fd18c55a2507706fc4f72ed4119626f834aaf633,2025-08-08T14:55:00.000,30,TRAFFIC SIGNAL,FUNCTIONING PROPERLY,CLEAR,DAYLIGHT,SIDESWIPE SAME DIRECTION,CENTER TURN LANE,STRAIGHT AND LEVEL,DRY,NO DEFECTS,NOT ON SCENE (DESK REPORT),NO INJURY / DRIVE AWAY,,"OVER $1,500",2025-08-08T15:30:00.000,UNABLE TO DETERMINE,NOT APPLICABLE,3400,W,BELMONT AVE,1732,2,NO INDICATION OF INJURY,0,0,0,0,0,2,0,14,6,8,41.9393871569,-87.7125588108,"{'type': 'Point', 'coordinates': [-87.712558810816, 41.939387156854]}",,,,,Y,,,,,
4813bfc2f7ce8f39785aa0dc852aaf2d61e91ff3a58394f10f5a2477e41a7ad68f899cec4a85d85b3fd213dfcdb36a6aa3eda3ee061d0cf2e7bcc157dd80d618,2025-08-08T14:50:00.000,30,NO CONTROLS,NO CONTROLS,CLEAR,DAYLIGHT,SIDESWIPE SAME DIRECTION,NOT DIVIDED,STRAIGHT AND LEVEL,DRY,NO DEFECTS,NOT ON SCENE (DESK REPORT),NO INJURY / DRIVE AWAY,,"$501 - $1,500",2025-08-12T15:20:00.000,NOT APPLICABLE,NOT APPLICABLE,6200,W,MONTROSE AVE,1622,2,NO INDICATION OF INJURY,0,0,0,0,0,2,0,14,6,8,41.9603936095,-87.7819700746,"{'type': 'Point', 'coordinates': [-87.781970074638, 41.960393609526]}",,,,,,,,,,
8ecf36555295a87e260149d5716e98ac5a783e3c95049bf6cd95067bf0ef6d2362f86ba9201dde563ff43e2249e8e23ae15f10d4d16bad6c00762d1a1c2b5863,2025-08-08T14:50:00.000,30,NO CONTROLS,NO CONTROLS,CLEAR,DAYLIGHT,SIDESWIPE SAME DIRECTION,NOT DIVIDED,STRAIGHT AND LEVEL,DRY,NO DEFECTS,NOT ON SCENE (DESK REPORT),NO INJURY / DRIVE AWAY,,"OVER $1,500",2025-08-08T17:50:00.000,FAILING TO YIELD RIGHT-OF-WAY,FAILING TO YIELD RIGHT-OF-WAY,600,W,DIVERSEY PKWY,1934,2,NO INDICATION OF INJURY,0,0,0,0,0,2,0,14,6,8,41.9329214521,-87.6443485441,"{'type': 'Point', 'coordinates': [-87.644348544147, 41.932921452053]}",,,,,,,,,,
c4ff1f0f21cef90f530e563addd333a532a2130671b1bf59d43e179a41b66383edc8816d3b2a951171985316de14eec6d254d5a7348df368fba4733d8cdfadab,2025-08-08T14:50:00.000,30,NO CONTROLS,NO CONTROLS,CLEAR,DAYLIGHT,REAR TO FRONT,DIVIDED - W/MEDIAN (NOT RAISED),STRAIGHT AND LEVEL,DRY,NO DEFECTS,,NO INJURY / DRIVE AWAY,,"OVER $1,500",2025-08-08T15:45:00.000,UNABLE TO DETERMINE,NOT APPLICABLE,39,E,89TH ST,634,2,NO INDICATION OF INJURY,0,0,0,0,0,3,0,14,6,8,41.7326001497,-87.6225788238,"{'type': 'Point', 'coordinates': [-87.622578823805, 41.732600149693]}",,,,,,,,,,
dd8ec0a5f5c94dc1c2e214b122f9020f846515501f8e432c85029bb810e60067c8b00b8b98f0df579048fac675e525a3938639e54eb95b512fcea4f586915147,2025-08-08T14:46:00.000,30,NO CONTROLS,NO CONTROLS,CLEAR,DAYLIGHT,REAR END,NOT DIVIDED,STRAIGHT AND LEVEL,DRY,NO DEFECTS,NOT ON SCENE (DESK REPORT),NO INJURY / DRIVE AWAY,,"$501 - $1,500",2025-08-08T15:35:00.000,UNABLE TO DETERMINE,UNABLE TO DETERMINE,1930,W,ADDISON ST,1922,2,NO INDICATION OF INJURY,0,0,0,0,0,2,0,14,6,8,41.9469891461,-87.6773809513,"{'type': 'Point', 'coordinates': [-87.677380951309, 41.946989146134]}",,,,,,,,,,
b67850b66930e3651ed19ff54fc0cb2f00f80c67b80798c7ba36d272b1da562c93a684021c958a8910c2afbb68b341c1a1d1efc1bf46c188d33b32ec64a5505d,2025-08-08T14:45:00.000,30,TRAFFIC SIGNAL,FUNCTIONING PROPERLY,CLEAR,DAYLIGHT,REAR END,NOT DIVIDED,STRAIGHT AND LEVEL,DRY,NO DEFECTS,NOT ON SCENE (DESK REPORT),NO INJURY / DRIVE AWAY,,"$501 - $1,500",2025-08-08T15:20:00.000,FOLLOWING TOO CLOSELY,NOT APPLICABLE,5142,W,CHICAGO AVE,1531,2,NO INDICATION OF INJURY,0,0,0,0,0,3,0,14,6,8,41.895056247,-87.7549118974,"{'type': 'Point', 'coordinates': [-87.754911897386, 41.89505624703]}",,,,,,,,,,
e14bc72b983bd91d692fb9c75d963539f7dd0794b203564b7d2e65e7c046eecf8f8905e3f6d77d9e59b846cc98b64ece79b0ea00d1e399010b7be44f091aec6a,2025-08-08T14:40:00.000,30,NO CONTROLS,NO CONTROLS,CLEAR,DAYLIGHT,PEDALCYCLIST,NOT DIVIDED,STRAIGHT AND LEVEL,DRY,NO DEFECTS,NOT ON SCENE (DESK REPORT),NO INJURY / DRIVE AWAY,,"$501 - $1,500",2025-08-09T12:40:00.000,UNABLE TO DETERMINE,NOT APPLICABLE,2533,W,CHICAGO AVE,1221,2,NO INDICATION OF INJURY,0,0,0,0,0,2,0,14,6,8,41.8955940725,-87.690680698,"{'type': 'Point', 'coordinates': [-87.690680698025, 41.895594072505]}",,,Y,,,,,,,
068b3e6e338754b90110fc6e7fb83913f5959cbdc03ad43a31db1a2fb75be6c665a5623c215dc32c946b7b4c77c6e7f75df49db30d1d777808d646195514026f,2025-08-08T14:35:00.000,30,NO CONTROLS,NO CONTROLS,CLEAR,DAYLIGHT,TURNING,DIVIDED - W/MEDIAN (NOT RAISED),STRAIGHT AND LEVEL,DRY,UNKNOWN,NOT ON SCENE (DESK REPORT),NO INJURY / DRIVE AWAY,,"OVER $1,500",2025-08-09T08:45:00.000,IMPROPER TURNING/NO SIGNAL,FAILING TO REDUCE SPEED TO AVOID CRASH,1000,N,MILWAUKEE AVE,1213,2,NO INDICATION OF INJURY,0,0,0,0,0,2,0,14,6,8,41.8997594972,-87.6610780614,"{'type': 'Point', 'coordinates': [-87.661078061362, 41.899759497226]}",,,,,,,,,,