crash_record_id,crash_date,posted_speed_limit,traffic_control_device,device_condition,weather_condition,lighting_condition,first_crash_type,trafficway_type,alignment,roadway_surface_cond,road_defect,report_type,crash_type,intersection_related_i,damage,date_police_notified,prim_contributory_cause,sec_contributory_cause,street_no,street_direction,street_name,beat_of_occurrence,num_units,most_severe_injury,injuries_total,injuries_fatal,injuries_incapacitating,injuries_non_incapacitating,injuries_reported_not_evident,injuries_no_indication,injuries_unknown,crash_hour,crash_day_of_week,crash_month,latitude,longitude,location,private_property_i,photos_taken_i,hit_and_run_i,statements_taken_i,crash_date_est_i,work_zone_i,work_zone_type,dooring_i,lane_cnt,workers_present_i
8b91863ddb85e27ce305d51cfbf49905420d1e3642136ef6d901ab60c232bc61b29cc8b5e59d4b88b49139144d529280e21c4d5a33363e5cabc09519f9b7be7e,2025-08-08T13:05:00.000,20,NO CONTROLS,NO CONTROLS,CLEAR,DAYLIGHT,PARKED MOTOR VEHICLE,ONE-WAY,STRAIGHT AND LEVEL,DRY,NO DEFECTS,ON SCENE,NO INJURY / DRIVE AWAY,,"OVER $1,500",2025-08-08T13:35:00.000,UNABLE TO DETERMINE,NOT APPLICABLE,5908,N,ARTESIAN AVE,2011,2,NO INDICATION OF INJURY,0,0,0,0,0,2,0,13,6,8,41.9889469888,-87.6909837321,"{'type': 'Point', 'coordinates': [-87.690983732131, 41.9889469888]}",,,Y,,,,,,,
9eb2197e8e2400e1a8e63250302a82ea388519daa8ace317482e85b656b9eb98d217bb39c57c8e96cb452a4a8835f7fceaa4a2074bd88bad1320e20fcb7a05f3,2025-08-08T13:03:00.000,30,NO CONTROLS,NO CONTROLS,CLEAR,DAYLIGHT,SIDESWIPE SAME DIRECTION,NOT DIVIDED,STRAIGHT AND LEVEL,DRY,NO DEFECTS,ON SCENE,NO INJURY / DRIVE AWAY,,"OVER $1,500",2025-08-08T13:04:00.000,UNDER THE INFLUENCE OF ALCOHOL/DRUGS (USE WHEN ARREST IS EFFECTED),UNABLE TO DETERMINE,6122,N,CALIFORNIA AVE,2413,2,NO INDICATION OF INJURY,0,0,0,0,0,7,0,13,6,8,41.9928860461,-87.6996271493,"{'type': 'Point', 'coordinates': [-87.699627149264, 41.992886046146]}",,,,,,,,,,
5c8cb6f7a93c24b55504950caf770595071e5baeffa7d3a3e7ff402c24a512e8ebbaa7063291b6744033beaf6e69d81f92b1b26c908ca892191e7b739c7ea1d1,2025-08-08T13:00:00.000,30,TRAFFIC SIGNAL,FUNCTIONING PROPERLY,CLEAR,DAYLIGHT,REAR END,NOT DIVIDED,STRAIGHT AND LEVEL,DRY,SHOULDER DEFECT,NOT ON SCENE (DESK REPORT),NO INJURY / DRIVE AWAY,,"OVER $1,500",2025-08-09T11:00:00.000,FAILING TO REDUCE SPEED TO AVOID CRASH,UNABLE TO DETERMINE,11500,S,COTTAGE GROVE AVE,532,2,NO INDICATION OF INJURY,0,0,0,0,0,3,0,13,6,8,41.6853992105,-87.6112474733,"{'type': 'Point', 'coordinates': [-87.611247473326, 41.685399210486]}",,,,,,,,,,
7229c3ff8ab974dcbe0b4a6a7e0cc24997c779cf3aef087ef9be3626d90b751518ecf2f9637ee4a0a39751c6d08fa61dc1c45528fe06271b30e3f3ae303faee0,2025-08-08T13:00:00.000,30,NO CONTROLS,NO CONTROLS,CLEAR,DAYLIGHT,SIDESWIPE SAME DIRECTION,NOT DIVIDED,STRAIGHT AND LEVEL,DRY,NO DEFECTS,NOT ON SCENE (DESK REPORT),NO INJURY / DRIVE AWAY,,"$501 - $1,500",2025-08-08T13:20:00.000,UNABLE TO DETERMINE,NOT APPLICABLE,4100,N,LAKE SHORE DR NB,1915,2,NO INDICATION OF INJURY,0,0,0,0,0,2,0,13,6,8,41.9557611999,-87.6452228348,"{'type': 'Point', 'coordinates': [-87.645222834844, 41.955761199898]}",,,,,,,,,,
aeac067f6c65fb88182625ceaa80d4dddfe180bc1356e608530d8936f1673c169137bdbde2d7552c43786791157533b52cbd4a429b23da335f7e006ef1c63d1b,2025-08-08T13:00:00.000,30,TRAFFIC SIGNAL,FUNCTIONING PROPERLY,CLEAR,DAYLIGHT,TURNING,NOT DIVIDED,STRAIGHT AND LEVEL,DRY,NO DEFECTS,ON SCENE,NO INJURY / DRIVE AWAY,Y,"$501 - $1,500",2025-08-08T13:11:00.000,IMPROPER TURNING/NO SIGNAL,UNABLE TO DETERMINE,12700,S,HALSTED ST,523,2,NO INDICATION OF INJURY,0,0,0,0,0,4,0,13,6,8,41.6631821012,-87.6415652652,"{'type': 'Point', 'coordinates': [-87.641565265157, 41.663182101231]}",,,,,,,,,,
2373181d1085a6a421c5163a0b34d4a008fcc9b634cb7c3edf011b50f7e255a5f428dd1574df1299346078223f6181f1237e2f09b9efe8495dc8e7e0942f0cf4,2025-08-08T12:57:00.000,35,NO CONTROLS,NO CONTROLS,CLEAR,DAYLIGHT,PARKED MOTOR VEHICLE,NOT DIVIDED,STRAIGHT AND LEVEL,DRY,UNKNOWN,ON SCENE,INJURY AND / OR TOW DUE TO CRASH,,"$501 - $1,500",2025-08-08T12:58:00.000,EQUIPMENT - VEHICLE CONDITION,EQUIPMENT - VEHICLE CONDITION,2816,E,95TH ST,423,2,NO INDICATION OF INJURY,0,0,0,0,0,1,0,12,6,8,41.7228180631,-87.5558752494,"{'type': 'Point', 'coordinates': [-87.555875249362, 41.72281806314]}",,,,,,,,,,
5c60741dc7e21cbb6431314f79bbd64cbae4a94c6ccc817a285dba8b93c4949e3447704f7cf861569ff249824e477f0fc6331d0128a6ccd2b562def5a6948b01,2025-08-08T12:51:00.000,30,STOP SIGN/FLASHER,FUNCTIONING PROPERLY,CLEAR,DAYLIGHT,PEDALCYCLIST,ONE-WAY,STRAIGHT AND LEVEL,DRY,NO DEFECTS,ON SCENE,NO INJURY / DRIVE AWAY,,"OVER $1,500",2025-08-08T12:54:00.000,NOT APPLICABLE,NOT APPLICABLE,5200,S,FRANCISCO AVE,923,2,NO INDICATION OF INJURY,0,0,0,0,0,2,0,12,6,8,41.7990263502,-87.696535858,"{'type': 'Point', 'coordinates': [-87.696535858034, 41.799026350194]}",,,Y,,,,,,,
b144bb823b1317e86f929639516c9a4ac08e194e5260bca983d57d0c641323f990625e533a08a08f5b6fb8d62174d55ef867fecabf3d6a1528f1df8e5f94108a,2025-08-08T12:50:00.000,30,NO CONTROLS,NO CONTROLS,CLEAR,DAYLIGHT,PEDALCYCLIST,DIVIDED - W/MEDIAN (NOT RAISED),STRAIGHT AND LEVEL,DRY,NO DEFECTS,ON SCENE,INJURY AND / OR TOW DUE TO CRASH,,"$501 - $1,500",2025-08-08T12:52:00.000,FAILING TO YIELD RIGHT-OF-WAY,IMPROPER TURNING/NO SIGNAL,4801,N,CICERO AVE,1712,2,NONINCAPACITATING INJURY,1,0,0,1,0,1,0,12,6,8,41.9680071842,-87.7475633138,"{'type': 'Point', 'coordinates': [-87.747563313757, 41.968007184196]}",,,,,,,,,,
f09327cf8b13c4c8509d913725f862ff65f0ff2cbec7eb8aaac719610dcf7d2dddee12a9dca781bce567116ee6c19a6ffd80a9973f6eba7604b258cfcdd44299,2025-08-08T12:48:00.000,30,TRAFFIC SIGNAL,FUNCTIONING PROPERLY,CLEAR,DAYLIGHT,SIDESWIPE SAME DIRECTION,FOUR WAY,STRAIGHT AND LEVEL,UNKNOWN,UNKNOWN,NOT ON SCENE (DESK REPORT),NO INJURY / DRIVE AWAY,Y,"OVER $1,500",2025-08-08T13:50:00.000,UNABLE TO DETERMINE,UNABLE TO DETERMINE,34,N,HOMAN BLVD,1123,2,NO INDICATION OF INJURY,0,0,0,0,0,2,0,12,6,8,41.8819277715,-87.7111841661,"{'type': 'Point', 'coordinates': [-87.711184166102, 41.881927771508]}",,,,,,,,,,
ff266705eef641bf24be2c8f2b2e5db0df7d715527455e1bc3432016dcf4c09827f32b96f500338f8d2045dbe0d3a499de4b39f972b9281bc4bb8249dcc96689,2025-08-08T12:43:00.000,30,TRAFFIC SIGNAL,FUNCTIONING PROPERLY,CLEAR,DAYLIGHT,TURNING,T-INTERSECTION,STRAIGHT AND LEVEL,DRY,NO DEFECTS,NOT ON SCENE (DESK REPORT),NO INJURY / DRIVE AWAY,Y,"OVER $1,500",2025-08-08T13:30:00.000,IMPROPER LANE USAGE,IMPROPER TURNING/NO SIGNAL,111,W,CERMAK RD,131,2,NO INDICATION OF INJURY,0,0,0,0,0,2,0,12,6,8,41.8527683835,-87.6298418422,"{'type': 'Point', 'coordinates': [-87.629841842191, 41.852768383549]}",,,Y,,,,,,,
aa712b076feacd7613919e77dd51a8b3c5358c781ac8b54dce2e18de38f8bbfcf01f7a40628aaa5669664c3788ea1684e1cb07b8629dd3ef85fc43d9281725c3,2025-08-08T12:35:00.000,35,NO CONTROLS,NO CONTROLS,CLEAR,DAYLIGHT,SIDESWIPE SAME DIRECTION,NOT DIVIDED,STRAIGHT AND LEVEL,DRY,NO DEFECTS,NOT ON SCENE (DESK REPORT),NO INJURY / DRIVE AWAY,,"OVER $1,500",2025-08-08T13:20:00.000,IMPROPER OVERTAKING/PASSING,NOT APPLICABLE,4828,W,MONTROSE AVE,1623,2,NO INDICATION OF INJURY,0,0,0,0,0,2,0,12,6,8,41.9608158301,-87.7486965183,"{'type': 'Point', 'coordinates': [-87.748696518325, 41.96081583011]}",,,Y,,,,,,,
4e6e6fb4f1ddf90973bb5ba95821e48856f7d3213ac34382a9fabdf96f80a11ec8595234cfe4ad5df41236e16bf7b36814fdb2e2b3e30167b795ef68945ebf09,2025-08-08T12:30:00.000,30,NO CONTROLS,NO CONTROLS,CLEAR,DAYLIGHT,PARKED MOTOR VEHICLE,NOT DIVIDED,STRAIGHT AND LEVEL,DRY,NO DEFECTS,NOT ON SCENE (DESK REPORT),NO INJURY / DRIVE AWAY,N,"OVER $1,500",2025-08-08T13:42:00.000,UNABLE TO DETERMINE,NOT APPLICABLE,407,E,106TH ST,512,2,NO INDICATION OF INJURY,0,0,0,0,0,2,0,12,6,8,41.7017331964,-87.6132812195,"{'type': 'Point', 'coordinates': [-87.613281219467, 41.701733196376]}",,,,,,,,,,
8e8cffff8b7e44774d133098e92b59b7c00ddd93d857627d40d373b08920d0f56958064b5d83d3c42f787fbb2add0c9aa51c1af920fea8b2ea7900a48690f115,2025-08-08T12:30:00.000,30,NO CONTROLS,NO CONTROLS,CLEAR,DAYLIGHT,FIXED OBJECT,NOT DIVIDED,STRAIGHT AND LEVEL,DRY,NO DEFECTS,NOT ON SCENE (DESK REPORT),NO INJURY / DRIVE AWAY,,"OVER $1,500",2025-08-08T13:47:00.000,NOT APPLICABLE,NOT APPLICABLE,4900,S,HALSTED ST,933,1,NO INDICATION OF INJURY,0,0,0,0,0,1,0,12,6,8,41.8049852883,-87.6455798026,"{'type': 'Point', 'coordinates': [-87.645579802563, 41.804985288338]}",,,,,,,,,,
8ee409cb55da6a1eae5c86dbf49fbc0b32eca013f31d196dc6aa461ce5e379ec6ad987cd594102b3665ab949fece581484921cb7158172d434a21676aa0cef80,2025-08-08T12:30:00.000,30,NO CONTROLS,NO CONTROLS,CLEAR,DAYLIGHT,PARKED MOTOR VEHICLE,PARKING LOT,STRAIGHT AND LEVEL,DRY,NO DEFECTS,NOT ON SCENE (DESK REPORT),NO INJURY / DRIVE AWAY,,$500 OR LESS,2025-08-10T19:30:00.000,UNABLE TO DETERMINE,UNABLE TO DETERMINE,6221,S,EMERALD DR,711,2,NO INDICATION OF INJURY,0,0,0,0,0,1,0,12,6,8,41.7810072067,-87.6435387534,"{'type': 'Point', 'coordinates': [-87.643538753407, 41.781007206656]}",,,Y,,,,,,,
ce87730c4b00501eab90ca7fa8a193f9c1a67aee684bb30f3c698f70c8ac11ca64560b3e9ea2e7870f6e100bbedacdc877b8ac1200f588431d85009c5d023a57,2025-08-08T12:28:00.000,30,NO CONTROLS,NO CONTROLS,CLEAR,DAYLIGHT,PEDALCYCLIST,FOUR WAY,STRAIGHT AND LEVEL,DRY,NO DEFECTS,ON SCENE,INJURY AND / OR TOW DUE TO CRASH,Y,"OVER $1,500",2025-08-08T12:40:00.000,FAILING TO YIELD RIGHT-OF-WAY,NOT APPLICABLE,178,N,STATE ST,111,2,NONINCAPACITATING INJURY,1,0,0,1,0,1,0,12,6,8,41.8853142132,-87.6280775039,"{'type': 'Point', 'coordinates': [-87.62807750386, 41.885314213209]}",,,,Y,,,,,,
8d789f6e880522fde90b07218b26e91d0978ee0243c9654fac6c9191478a11d0077f04f009ed94d1e0b1cc8f3eb47a2aaf3c12052cde4586ca1920ced697a65d,2025-08-08T12:25:00.000,30,NO CONTROLS,NO CONTROLS,CLEAR,DAYLIGHT,REAR END,DIVIDED - W/MEDIAN (NOT RAISED),STRAIGHT AND LEVEL,DRY,NO DEFECTS,ON SCENE,NO INJURY / DRIVE AWAY,,$500 OR LESS,2025-08-08T12:53:00.000,FOLLOWING TOO CLOSELY,FOLLOWING TOO CLOSELY,6242,W,GRAND AVE,2512,2,NO INDICATION OF INJURY,0,0,0,0,0,2,0,12,6,8,41.9218759868,-87.7821477586,"{'type': 'Point', 'coordinates': [-87.782147758646, 41.921875986789]}",,,,,,,,,,
434d3efcc2073e9aeb0e074fcdc93b1b790a83e9f9a9ffc44972cb39a45b167036dfc9e898d12a81be7a845005776753838afc0ce570be31839d13ed2bd3e66f,2025-08-08T12:21:00.000,30,TRAFFIC SIGNAL,FUNCTIONING PROPERLY,CLEAR,DAYLIGHT,TURNING,FOUR WAY,STRAIGHT AND LEVEL,DRY,NO DEFECTS,NOT ON SCENE (DESK REPORT),NO INJURY / DRIVE AWAY,Y,"OVER $1,500",2025-08-08T13:23:00.000,IMPROPER OVERTAKING/PASSING,IMPROPER OVERTAKING/PASSING,5858,S,ARCHER AVE,814,2,NO INDICATION OF INJURY,0,0,0,0,0,4,0,12,6,8,41.7960280645,-87.7610615686,"{'type': 'Point', 'coordinates': [-87.761061568599, 41.796028064467]}",,,,,,,,,,
b5575618ce6da5330230ded52a13049f7db55e08658f0e0e9e42176d752d2a462297e9471d894ae76d055f2089387b734b7e186ae6eeb34f10d36ccb7ea25c33,2025-08-08T12:20:00.000,30,NO CONTROLS,NO CONTROLS,CLEAR,DAYLIGHT,SIDESWIPE SAME DIRECTION,NOT DIVIDED,STRAIGHT AND LEVEL,DRY,NO DEFECTS,ON SCENE,INJURY AND / OR TOW DUE TO CRASH,,"OVER $1,500",2025-08-08T12:25:00.000,FAILING TO YIELD RIGHT-OF-WAY,NOT APPLICABLE,1013,W,DIVISION ST,1822,2,NONINCAPACITATING INJURY,1,0,0,1,0,1,0,12,6,8,41.903458261,-87.6531179772,"{'type': 'Point', 'coordinates': [-87.653117977214, 41.903458260983]}",,,,,,,,,,
503e65d640f596de5e70466019f5997cdcd374be8ce00c04ed5e1d5d930f2b9b9e1e7c8c727a3f0e3269bfb7d5b3f5064f4063d3414d32894810b2bfbb0364fb,2025-08-08T12:15:00.000,30,NO CONTROLS,NO CONTROLS,CLEAR,DAYLIGHT,PARKED MOTOR VEHICLE,NOT DIVIDED,STRAIGHT AND LEVEL,DRY,NO DEFECTS,ON SCENE,NO INJURY / DRIVE AWAY,,"OVER $1,500",2025-08-08T13:37:00.000,UNABLE TO DETERMINE,NOT APPLICABLE,921,N,HONORE ST,1212,2,NO INDICATION OF INJURY,0,0,0,0,0,2,0,12,6,8,41.8984478927,-87.6733110878,"{'type': 'Point', 'coordinates': [-87.673311087837, 41.89844789275]}",,,,,,,,,,
8fc24666e132b249ab56564f65c09cdc8f09a74f7a94e28c2ed237c537bed133e6259f14ccd9ac9bfacacf5aada88aea3a495ec60acb1020599ae3b4ae6b1ec3,2025-08-08T12:15:00.000,30,TRAFFIC SIGNAL,UNKNOWN,UNKNOWN,UNKNOWN,TURNING,NOT DIVIDED,STRAIGHT AND LEVEL,UNKNOWN,UNKNOWN,NOT ON SCENE (DESK REPORT),NO INJURY / DRIVE AWAY,,"OVER $1,500",2025-08-09T16:37:00.000,UNABLE TO DETERMINE,UNABLE TO DETERMINE,3201,W,LAWRENCE AVE,1713,2,NO INDICATION OF INJURY,0,0,0,0,0,3,0,12,6,8,41.9683411012,-87.7085288823,"{'type': 'Point', 'coordinates': [-87.708528882333, 41.96834110122]}",,,,,,,,,,
2248258cdc41a1c29debd1eee642f58af15350a59db2510a622b6e71448355345d6f83253b45cf258c9dee816d84a4c8664beba394c55b6547b7235290e5ce4a,2025-08-08T12:12:00.000,30,TRAFFIC SIGNAL,FUNCTIONING PROPERLY,CLEAR,DAYLIGHT,REAR END,NOT DIVIDED,STRAIGHT AND LEVEL,DRY,NO DEFECTS,ON SCENE,NO INJURY / DRIVE AWAY,Y,"OVER $1,500",2025-08-08T12:15:00.000,FOLLOWING TOO CLOSELY,UNABLE TO DETERMINE,2353,W,PERSHING RD,921,2,NO INDICATION OF INJURY,0,0,0,0,0,2,0,12,6,8,41.8228842695,-87.6849001462,"{'type': 'Point', 'coordinates': [-87.684900146152, 41.822884269504]}",,,,Y,Y,,,,,
f648fc8e04d1e381f11ec8812b88684bae10c77acf2d2218190b6e4fd47b3772a6de58efb2f1c5ce252d76f523c3f0dc6df07e355f5413aeb7cbe0362fc27c15,2025-08-08T12:10:00.000,30,NO CONTROLS,NO CONTROLS,CLEAR,DAYLIGHT,PARKED MOTOR VEHICLE,NOT DIVIDED,STRAIGHT AND LEVEL,DRY,NO DEFECTS,NOT ON SCENE (DESK REPORT),NO INJURY / DRIVE AWAY,,"OVER $1,500",2025-08-11T10:58:00.000,IMPROPER OVERTAKING/PASSING,NOT APPLICABLE,1716,E,72ND ST,324,2,NO INDICATION OF INJURY,0,0,0,0,0,2,0,12,6,8,41.7643752697,-87.5828881283,"{'type': 'Point', 'coordinates': [-87.582888128295, 41.764375269726]}",,,,,,,,,,
777c5b0c15a627e10c88755738e5e9494ce689072ae08b3150c9b920af105ea2cf21846f9ec8010db317a26ace80e3ef3a91fc549476b8822ceb32a99adf039d,2025-08-08T12:09:00.000,20,NO CONTROLS,NO CONTROLS,CLEAR,DAYLIGHT,SIDESWIPE SAME DIRECTION,ONE-WAY,STRAIGHT AND LEVEL,DRY,NO DEFECTS,ON SCENE,INJURY AND / OR TOW DUE TO CRASH,,"OVER $1,500",2025-08-08T12:20:00.000,NOT APPLICABLE,NOT APPLICABLE,4411,W,CARROLL AVE,1113,2,"REPORTED, NOT EVIDENT",2,0,0,0,2,0,0,12,6,8,41.8867611934,-87.7361747176,"{'type': 'Point', 'coordinates': [-87.736174717618, 41.886761193381]}",,,,,,,,,,
7978ecb850fc7a14c2c55b1875f979dedff0c93796545cf15f3c74177c16e9d454a4645bc2d833957bcbcb9bd850a17fe3793bc00d900e198a7a2fb1bef9db8f,2025-08-08T12:06:00.000,30,UNKNOWN,UNKNOWN,UNKNOWN,UNKNOWN,TURNING,NOT DIVIDED,STRAIGHT AND LEVEL,UNKNOWN,UNKNOWN,NOT ON SCENE (DESK REPORT),NO INJURY / DRIVE AWAY,,"OVER $1,500",2025-08-08T12:50:00.000,UNABLE TO DETERMINE,NOT APPLICABLE,1611,N,WESTERN AVE,1434,2,NO INDICATION OF INJURY,0,0,0,0,0,2,0,12,6,8,41.9106765061,-87.6870834658,"{'type': 'Point', 'coordinates': [-87.687083465849, 41.910676506084]}",,,,,,,,,,
84c3259ab40299025880849b96cf45ce667ddae3b9cbe6037343bed26c2c0e66a9f447d744d1a93107cee7436b033f2b51f2bebf9bfc192d0ee4d33968b491fd,2025-08-08T12:05:00.000,30,TRAFFIC SIGNAL,FUNCTIONING PROPERLY,CLEAR,DAYLIGHT,SIDESWIPE SAME DIRECTION,T-INTERSECTION,STRAIGHT AND LEVEL,DRY,NO DEFECTS,ON SCENE,NO INJURY / DRIVE AWAY,Y,"$501 - $1,500",2025-08-08T12:10:00.000,UNABLE TO DETERMINE,DRIVING SKILLS/KNOWLEDGE/EXPERIENCE,4007,E,106TH ST,432,2,NO INDICATION OF INJURY,0,0,0,0,0,2,0,12,6,8,41.7025805667,-87.5266479287,"{'type': 'Point', 'coordinates': [-87.526647928718, 41.702580566733]}",,,,,,,,,,
b1c6e98e6a99bb9c4910ac48b2e17ab7c4e0ba91a7283a52cfb599d2426bfb14dd2f7395cca9fa9cec49be55c11ea1195b25be047bd73ebabde507926b4e9fff,2025-08-08T12:05:00.000,30,NO CONTROLS,NO CONTROLS,CLEAR,DAYLIGHT,REAR END,NOT DIVIDED,STRAIGHT AND LEVEL,DRY,NO DEFECTS,NOT ON SCENE (DESK REPORT),NO INJURY / DRIVE AWAY,,"$501 - $1,500",2025-08-08T17:30:00.000,FOLLOWING TOO CLOSELY,NOT APPLICABLE,301,S,LAKE SHORE DR NB,114,2,NO INDICATION OF INJURY,0,0,0,0,0,2,0,12,6,8,41.8783170107,-87.6170521254,"{'type': 'Point', 'coordinates': [-87.617052125371, 41.878317010667]}",,,,,,,,,,
195487b95a55a63ea0a207a3aac9dd8c35e96c6bdc4d699d214380e54dec2d856f7a114458433f9ff8482aa6bf2bb18cc59f8d6f5dd2bb1157142c5bdd98fe69,2025-08-08T12:00:00.000,30,NO CONTROLS,NO CONTROLS,CLEAR,DAYLIGHT,REAR TO REAR,UNKNOWN,STRAIGHT AND LEVEL,UNKNOWN,UNKNOWN,NOT ON SCENE (DESK REPORT),NO INJURY / DRIVE AWAY,,"OVER $1,500",2025-08-08T13:25:00.000,IMPROPER BACKING,UNABLE TO DETERMINE,11000,W,MONTROSE AVE,1654,2,NO INDICATION OF INJURY,0,0,0,0,0,2,0,12,6,8,,,,,,,,,,,,,
6eeaacb96c0259b8a5465bce26714102f923c32f125f4ffd8b057083b20b90d149d7f73a6983330bd5a17f98d02d6abf918023d753e5e28706a00be1f5ed2b4e,2025-08-08T12:00:00.000,30,NO CONTROLS,NO CONTROLS,CLEAR,DAYLIGHT,TURNING,ALLEY,STRAIGHT AND LEVEL,DRY,NO DEFECTS,NOT ON SCENE (DESK REPORT),NO INJURY / DRIVE AWAY,,"$501 - $1,500",2025-08-08T14:00:00.000,UNABLE TO DETERMINE,NOT APPLICABLE,2341,N,NARRAGANSETT AVE,2512,2,NO INDICATION OF INJURY,0,0,0,0,0,2,0,12,6,8,41.9230976782,-87.7852786594,"{'type': 'Point', 'coordinates': [-87.785278659431, 41.923097678208]}",,,,,,,,,,
8dfe1fe18a755605fdc79932e741ec346bef5eabdc81fb060bf8944e85ac03c33de462400cec5ebaf48bdc5ca2a783afd89471f7e0c0a11f32697cb13abd6699,2025-08-08T12:00:00.000,25,NO CONTROLS,NO CONTROLS,CLEAR,DAYLIGHT,PARKED MOTOR VEHICLE,NOT DIVIDED,STRAIGHT AND LEVEL,DRY,NO DEFECTS,NOT ON SCENE (DESK REPORT),NO INJURY / DRIVE AWAY,,"$501 - $1,500",2025-08-08T12:35:00.000,FOLLOWING TOO CLOSELY,NOT APPLICABLE,5038,N,RUTHERFORD AVE,1613,2,NO INDICATION OF INJURY,0,0,0,0,0,1,0,12,6,8,41.9731287647,-87.7953398464,"{'type': 'Point', 'coordinates': [-87.795339846439, 41.973128764701]}",,,,,,,,,,
9074954a59407c6902b197b6e2dbbd9a1001fc69917b34d892b9e9117a7212877365097d9475db7c37d452b5185c8731b282735f2585ec67b857b6fe3a752803,2025-08-08T12:00:00.000,30,NO CONTROLS,NO CONTROLS,CLEAR,DAYLIGHT,PARKED MOTOR VEHICLE,PARKING LOT,STRAIGHT AND LEVEL,DRY,NO DEFECTS,NOT ON SCENE (DESK REPORT),NO INJURY / DRIVE AWAY,,"$501 - $1,500",2025-08-08T14:00:00.000,UNABLE TO DETERMINE,UNABLE TO DETERMINE,4770,S,KEDZIE AVE,821,2,NO INDICATION OF INJURY,0,0,0,0,0,1,0,12,6,8,41.8062406588,-87.70406794,"{'type': 'Point', 'coordinates': [-87.70406794002, 41.806240658754]}",,,Y,,,,,,,
a1899f6f2ddc9b732026ea2200c4569d0f1a8943dc6a516ef274945ce9ea34f9b68edfb3e48aa38d8c50059bee3dbf43607eaee00dd4de06db9c6c8d30dc483e,2025-08-08T12:00:00.000,30,NO CONTROLS,NO CONTROLS,CLEAR,DAYLIGHT,ANGLE,ONE-WAY,STRAIGHT AND LEVEL,DRY,NO DEFECTS,NOT ON SCENE (DESK REPORT),INJURY AND / OR TOW DUE TO CRASH,,"OVER $1,500",2025-08-10T09:30:00.000,FAILING TO YIELD RIGHT-OF-WAY,NOT APPLICABLE,7345,S,STATE ST,323,2,NO INDICATION OF INJURY,0,0,0,0,0,3,0,12,6,8,41.7605419656,-87.6246590645,"{'type': 'Point', 'coordinates': [-87.6246590645, 41.760541965645]}",,,,,,,,,,
e61b895cbf4e67c63be647fae8b8ec30b27e16f652b3b07f8d1939566c2a44001d219121d359e5c186adbb03e3af3f92efad3f1c8f19cb3491ebc6695e81d318,2025-08-08T11:53:00.000,30,STOP SIGN/FLASHER,FUNCTIONING PROPERLY,CLEAR,DAYLIGHT,REAR END,FOUR WAY,STRAIGHT AND LEVEL,DRY,NO DEFECTS,ON SCENE,NO INJURY / DRIVE AWAY,Y,"OVER $1,500",2025-08-08T11:53:00.000,DISTRACTION - FROM INSIDE VEHICLE,UNABLE TO DETERMINE,1900,N,CENTRAL PARK AVE,2535,2,NO INDICATION OF INJURY,0,0,0,0,0,3,0,11,6,8,41.9155290251,-87.7168646642,"{'type': 'Point', 'coordinates': [-87.716864664219, 41.915529025112]}",,,,,,,,,,
07eb01f8a983aeaae380da33a49bc8fdba10efd56bdcc96c3557b09e2043c5f50ea016948a8c0715be850430143d67a10933c60dd3390a6f9ce9e7c6ee7bae4c,2025-08-08T11:45:00.000,30,TRAFFIC SIGNAL,FUNCTIONING PROPERLY,CLEAR,DAYLIGHT,TURNING,FOUR WAY,STRAIGHT AND LEVEL,DRY,NO DEFECTS,ON SCENE,INJURY AND / OR TOW DUE TO CRASH,Y,"OVER $1,500",2025-08-08T11:48:00.000,UNABLE TO DETERMINE,NOT APPLICABLE,4000,W,MADISON ST,1115,2,NONINCAPACITATING INJURY,1,0,0,1,0,1,0,11,6,8,41.8808342998,-87.7257965972,"{'type': 'Point', 'coordinates': [-87.725796597174, 41.880834299772]}",,,,,,,,,,
163b51ffda483a048be448a40925c0b0e6c2b754385b75348b57da5a7ffe936d6163a71d4a81392cf2615604ef9ca2dd57669231790c1275b533d84ce29d3215,2025-08-08T11:45:00.000,10,NO CONTROLS,NO CONTROLS,CLEAR,DAYLIGHT,PARKED MOTOR VEHICLE,PARKING LOT,STRAIGHT AND LEVEL,UNKNOWN,UNKNOWN,NOT ON SCENE (DESK REPORT),NO INJURY / DRIVE AWAY,,$500 OR LESS,2025-08-08T12:19:00.000,UNABLE TO DETERMINE,UNABLE TO DETERMINE,3804,W,111TH ST,2211,2,NO INDICATION OF INJURY,0,0,0,0,0,1,0,11,6,8,41.6914459103,-87.7156731039,"{'type': 'Point', 'coordinates': [-87.715673103885, 41.691445910286]}",Y,,,,,,,,,
2768cec4a71d034c3dc95af89eb88670e1f5666bc4f2b7cc901f74b7d0943007f84ce426ec14e9a53302db999a8d140aec7ba15779b4ad19bfe565a416c6f3a4,2025-08-08T11:40:00.000,30,NO CONTROLS,NO CONTROLS,CLEAR,DAYLIGHT,SIDESWIPE SAME DIRECTION,T-INTERSECTION,STRAIGHT AND LEVEL,DRY,NO DEFECTS,NOT ON SCENE (DESK REPORT),INJURY AND / OR TOW DUE TO CRASH,Y,"OVER $1,500",2025-08-08T12:25:00.000,FAILING TO YIELD RIGHT-OF-WAY,UNABLE TO DETERMINE,3038,N,CENTRAL AVE,2514,3,NO INDICATION OF INJURY,0,0,0,0,0,2,0,11,6,8,41.9360232892,-87.7665559984,"{'type': 'Point', 'coordinates': [-87.766555998427, 41.936023289159]}",,,,,,,,,,