crash_record_id,crash_date,posted_speed_limit,traffic_control_device,device_condition,weather_condition,lighting_condition,first_crash_type,trafficway_type,alignment,roadway_surface_cond,road_defect,report_type,crash_type,intersection_related_i,damage,date_police_notified,prim_contributory_cause,sec_contributory_cause,street_no,street_direction,street_name,beat_of_occurrence,num_units,most_severe_injury,injuries_total,injuries_fatal,injuries_incapacitating,injuries_non_incapacitating,injuries_reported_not_evident,injuries_no_indication,injuries_unknown,crash_hour,crash_day_of_week,crash_month,latitude,longitude,location,private_property_i,photos_taken_i,hit_and_run_i,statements_taken_i,crash_date_est_i,work_zone_i,work_zone_type,dooring_i,lane_cnt,workers_present_i
a1f99b89d7ce24be5ccca66549c94f20139c3e9c21cf0ef21950c7194f481d3d5e10f2f10981d1f69fbb0b7e291f6e4c49adcd10e82d5a4d2638f9bf5eda2939,2025-08-08T09:20:00.000,30,NO CONTROLS,NO CONTROLS,CLEAR,DAYLIGHT,PEDALCYCLIST,NOT DIVIDED,STRAIGHT AND LEVEL,DRY,NO DEFECTS,ON SCENE,INJURY AND / OR TOW DUE TO CRASH,,"OVER $1,500",2025-08-08T09:23:00.000,FAILING TO YIELD RIGHT-OF-WAY,NOT APPLICABLE,2640,N,CLARK ST,1935,2,NONINCAPACITATING INJURY,1,0,0,1,0,1,0,9,6,8,41.9306231082,-87.6440113349,"{'type': 'Point', 'coordinates': [-87.64401133488, 41.93062310818]}",,,,,,,,,,
84dcdf9c1d66f46c582a134c068e94d18d498db6fb4c5a3832bc11d894801616a8e2bbc6329e652090ac11a4a3e2c57625abc6ac324654dd1be86204c3bf4264,2025-08-08T09:15:00.000,30,TRAFFIC SIGNAL,FUNCTIONING PROPERLY,CLEAR,DAYLIGHT,PARKED MOTOR VEHICLE,NOT DIVIDED,STRAIGHT AND LEVEL,DRY,NO DEFECTS,ON SCENE,INJURY AND / OR TOW DUE TO CRASH,,"OVER $1,500",2025-08-08T09:23:00.000,DRIVING SKILLS/KNOWLEDGE/EXPERIENCE,UNABLE TO DETERMINE,1458,W,BELMONT AVE,1922,2,NO INDICATION OF INJURY,0,0,0,0,0,1,0,9,6,8,41.9398416522,-87.666124186,"{'type': 'Point', 'coordinates': [-87.666124186025, 41.939841652186]}",,,,Y,,,,,,
b0e422e6ecabf0e4c944872b003ae664066d20428143015bd0e1fe9b253150b3383e75fc90ba06a0df12c85bf5396d14432be094a676399b2301c297e6c6d110,2025-08-08T09:14:00.000,30,TRAFFIC SIGNAL,FUNCTIONING PROPERLY,CLEAR,DAYLIGHT,TURNING,NOT DIVIDED,STRAIGHT AND LEVEL,DRY,NO DEFECTS,NOT ON SCENE (DESK REPORT),NO INJURY / DRIVE AWAY,Y,"OVER $1,500",2025-08-08T09:43:00.000,IMPROPER TURNING/NO SIGNAL,NOT APPLICABLE,116,W,CERMAK RD,131,2,NO INDICATION OF INJURY,0,0,0,0,0,2,0,9,6,8,41.8529870791,-87.6300266133,"{'type': 'Point', 'coordinates': [-87.630026613318, 41.85298707906]}",,,,,,,,,,
9d1f63b12255d051cd57da811978b235a3298caf3740d578750b6d13caf9f359f0824e8aba6e60a068332a00ff7f554a45d37b56e010dcf5c7591b6171787925,2025-08-08T09:13:00.000,35,STOP SIGN/FLASHER,UNKNOWN,CLEAR,DAYLIGHT,TURNING,NOT DIVIDED,STRAIGHT AND LEVEL,DRY,UNKNOWN,ON SCENE,INJURY AND / OR TOW DUE TO CRASH,,"OVER $1,500",2025-08-08T09:28:00.000,FAILING TO YIELD RIGHT-OF-WAY,IMPROPER TURNING/NO SIGNAL,2050,W,OGDEN AVE,1225,2,NONINCAPACITATING INJURY,2,0,0,2,0,0,0,9,6,8,41.8717937039,-87.677765702,"{'type': 'Point', 'coordinates': [-87.677765701959, 41.871793703921]}",,,,,,,,,,
b2b88d2aa3551001494f5e8b25b90156b25812092e4849380aa6d931acae76fc6f62b57770b5f7c899ae917fa9d2ccf21c3979d3e655b08cab5197d5980e044e,2025-08-08T09:08:00.000,20,NO CONTROLS,NO CONTROLS,CLEAR,DAYLIGHT,REAR END,NOT DIVIDED,STRAIGHT AND LEVEL,DRY,NO DEFECTS,NOT ON SCENE (DESK REPORT),NO INJURY / DRIVE AWAY,,$500 OR LESS,2025-08-08T10:00:00.000,FAILING TO REDUCE SPEED TO AVOID CRASH,FAILING TO REDUCE SPEED TO AVOID CRASH,190,S,LA SALLE ST,122,2,NO INDICATION OF INJURY,0,0,0,0,0,3,0,9,6,8,41.8794307562,-87.6324393694,"{'type': 'Point', 'coordinates': [-87.63243936944, 41.879430756163]}",,,Y,,,,,,,
1f210df939a944f02412078d4083b12d6911daf0559ee2849c5b6f361a15ef8fa1ecad4a85bb578cd17da700fe681fc241f572e4b0aed920a49980dc90d6377d,2025-08-08T09:00:00.000,20,NO CONTROLS,FUNCTIONING PROPERLY,CLEAR,DAYLIGHT,SIDESWIPE SAME DIRECTION,NOT DIVIDED,STRAIGHT AND LEVEL,DRY,NO DEFECTS,ON SCENE,NO INJURY / DRIVE AWAY,Y,$500 OR LESS,2025-08-08T09:00:00.000,DISTRACTION - FROM INSIDE VEHICLE,DISTRACTION - FROM OUTSIDE VEHICLE,331,S,PLYMOUTH CT,113,2,NO INDICATION OF INJURY,0,0,0,0,0,2,0,9,6,8,41.8773338991,-87.6285791936,"{'type': 'Point', 'coordinates': [-87.628579193608, 41.877333899142]}",,,N,,Y,,,,,
480c1762a314e2818308e71bb2760aaa686c7d2b8c338cfd420e7ce3ed4d75da1dee475884ae6a4550710db1c45f3f21fab2bf665b7a53386779a433ca871248,2025-08-08T09:00:00.000,25,NO CONTROLS,NO CONTROLS,CLEAR,DAYLIGHT,REAR END,NOT DIVIDED,STRAIGHT AND LEVEL,DRY,NO DEFECTS,NOT ON SCENE (DESK REPORT),NO INJURY / DRIVE AWAY,,$500 OR LESS,2025-08-11T10:30:00.000,UNABLE TO DETERMINE,UNABLE TO DETERMINE,6189,N,CANFIELD AVE,1612,2,NO INDICATION OF INJURY,0,0,0,0,0,2,0,9,6,8,41.9928864377,-87.8220468727,"{'type': 'Point', 'coordinates': [-87.822046872667, 41.992886437656]}",,,,,,,,,,
b2fc87516e1bf8b2e3a7a6d217adb66da31d12a2725b83aac0510b49f94d0d3885aee3146d77302da7eb9cc18e80b37f0331371ef84612c47e888b1008cd5e72,2025-08-08T09:00:00.000,30,NO CONTROLS,NO CONTROLS,CLEAR,DAYLIGHT,ANGLE,NOT DIVIDED,STRAIGHT AND LEVEL,DRY,NO DEFECTS,ON SCENE,NO INJURY / DRIVE AWAY,,"OVER $1,500",2025-08-08T09:01:00.000,FAILING TO YIELD RIGHT-OF-WAY,FAILING TO YIELD RIGHT-OF-WAY,346,W,60TH ST,711,2,NO INDICATION OF INJURY,0,0,0,0,0,2,0,9,6,8,41.7854955618,-87.6345664144,"{'type': 'Point', 'coordinates': [-87.634566414432, 41.78549556183]}",,,,,,,,,,
b08adf8172fc095e738935e359f2ed14fd05e3634235ec439913da17e5ef54d0b24b45b04f0c4ed2caf14c47783ca90687295bd5bb821647e62a7961f8b2885b,2025-08-08T08:52:00.000,30,TRAFFIC SIGNAL,FUNCTIONING PROPERLY,CLEAR,DAYLIGHT,TURNING,T-INTERSECTION,STRAIGHT AND LEVEL,DRY,NO DEFECTS,NOT ON SCENE (DESK REPORT),NO INJURY / DRIVE AWAY,Y,"OVER $1,500",2025-08-08T08:52:00.000,IMPROPER TURNING/NO SIGNAL,IMPROPER LANE USAGE,400,N,CENTRAL AVE,1512,2,NO INDICATION OF INJURY,0,0,0,0,0,2,0,8,6,8,41.8878046205,-87.7652684981,"{'type': 'Point', 'coordinates': [-87.765268498104, 41.887804620535]}",,,,,,,,,,
1f3f85adb423ac2e9ddf7c7ea0b7ef24dbe601e51bd04a2b25dbf2fe99be67f29c028b86493dee041ef51e23d5ab607dc3d52dca3a85b1d95c1c265b912681f0,2025-08-08T08:30:00.000,25,NO CONTROLS,NO CONTROLS,CLEAR,DAYLIGHT,PARKED MOTOR VEHICLE,ONE-WAY,STRAIGHT AND LEVEL,DRY,NO DEFECTS,NOT ON SCENE (DESK REPORT),NO INJURY / DRIVE AWAY,,"OVER $1,500",2025-08-11T17:25:00.000,UNABLE TO DETERMINE,UNABLE TO DETERMINE,1401,N,MONITOR AVE,2531,2,NO INDICATION OF INJURY,0,0,0,0,0,1,0,8,6,8,41.9057671834,-87.7717011182,"{'type': 'Point', 'coordinates': [-87.771701118154, 41.905767183388]}",,,Y,,,,,,,
72d1fed981094442e4e509605b254064e7a6287420b198a47f06a6cd0629065fc2e6e5163f5e31b8516eae7e20ddd5b232f1cdb32d91a7dd0eaddd902a783f6a,2025-08-08T08:30:00.000,15,NO CONTROLS,NO CONTROLS,CLEAR,DAYLIGHT,PARKED MOTOR VEHICLE,ONE-WAY,STRAIGHT AND LEVEL,DRY,NO DEFECTS,ON SCENE,NO INJURY / DRIVE AWAY,,$500 OR LESS,2025-08-08T08:32:00.000,UNABLE TO DETERMINE,NOT APPLICABLE,4114,N,SPAULDING AVE,1724,2,NO INDICATION OF INJURY,0,0,0,0,0,1,0,8,6,8,41.9562078971,-87.7106827311,"{'type': 'Point', 'coordinates': [-87.710682731053, 41.956207897109]}",,,,,,,,,,
9178c4250decd2159f34f72473cb8293d574e6bd2e0a5d6490972e2c694b88a6dc54e1def8f43e787482c186c2dd0800788b8ef3f420a34a52f3db465973e0be,2025-08-08T08:20:00.000,20,UNKNOWN,OTHER,UNKNOWN,UNKNOWN,PARKED MOTOR VEHICLE,UNKNOWN,STRAIGHT AND LEVEL,UNKNOWN,UNKNOWN,NOT ON SCENE (DESK REPORT),NO INJURY / DRIVE AWAY,,"OVER $1,500",2025-08-08T09:55:00.000,UNABLE TO DETERMINE,NOT APPLICABLE,11008,S,STATE LINE RD,433,2,NO INDICATION OF INJURY,0,0,0,0,0,1,0,8,6,8,41.6951072136,-87.5247835405,"{'type': 'Point', 'coordinates': [-87.5247835405, 41.695107213624]}",,,Y,,Y,,,,,
1265929e8b3fea61ddc723187bc9859f22c1f6d6d2d27c1f7b1d6ac40e1985e45f89fe375c8e9a7a21f27a443e0fc95293b71c2da1e9c786bcf5789ae219bd82,2025-08-08T08:02:00.000,30,TRAFFIC SIGNAL,FUNCTIONING PROPERLY,CLEAR,DAYLIGHT,SIDESWIPE SAME DIRECTION,NOT DIVIDED,STRAIGHT AND LEVEL,DRY,NO DEFECTS,ON SCENE,NO INJURY / DRIVE AWAY,,"OVER $1,500",2025-08-08T08:33:00.000,IMPROPER OVERTAKING/PASSING,UNABLE TO DETERMINE,5103,W,LAWRENCE AVE,1623,2,NO INDICATION OF INJURY,0,0,0,0,0,2,0,8,6,8,41.9678251873,-87.7551411793,"{'type': 'Point', 'coordinates': [-87.755141179254, 41.967825187256]}",,,Y,,,,,,,
3f3a18b740d056d8b5804d0720e395a25f009ce31556c2644a8942a403a096cf6b376044223fa146fd1cf8d8a15a8e8b15683e21b8178184e8a9760144dc1478,2025-08-08T08:00:00.000,30,NO CONTROLS,NO CONTROLS,CLEAR,DAYLIGHT,PARKED MOTOR VEHICLE,NOT DIVIDED,STRAIGHT AND LEVEL,DRY,UNKNOWN,NOT ON SCENE (DESK REPORT),NO INJURY / DRIVE AWAY,,"OVER $1,500",2025-08-08T09:35:00.000,UNABLE TO DETERMINE,NOT APPLICABLE,4388,N,CLAREMONT AVE,1911,2,NO INDICATION OF INJURY,0,0,0,0,0,1,0,8,6,8,41.9612359239,-87.6876137545,"{'type': 'Point', 'coordinates': [-87.687613754487, 41.961235923872]}",,,Y,,,,,,,
9b195250cedb91cd9a4e83c5291b97baa9dd2d4e6b5fa32fa00abd9ac1c1c075f11c5e5a64178541f339072fa9df16e4e38f6b4346eee45149f9a213d5b5b567,2025-08-08T08:00:00.000,30,STOP SIGN/FLASHER,FUNCTIONING PROPERLY,CLEAR,DAYLIGHT,TURNING,NOT DIVIDED,STRAIGHT AND LEVEL,DRY,NO DEFECTS,NOT ON SCENE (DESK REPORT),NO INJURY / DRIVE AWAY,,"OVER $1,500",2025-08-08T17:30:00.000,DISREGARDING STOP SIGN,UNABLE TO DETERMINE,901,N,LARAMIE AVE,1531,2,NO INDICATION OF INJURY,0,0,0,0,0,2,0,8,6,8,41.8968460839,-87.7555003423,"{'type': 'Point', 'coordinates': [-87.755500342307, 41.896846083883]}",,,Y,,,,,,,
2b2fb06839b677029c27c4b30d9b021ad4e555d33097fbe7e6a0ab52feaf7a0073f09a8ce715b6879bbb7c81c9fdfc058e22f453687f0f7d7350d5191b79f042,2025-08-08T07:57:00.000,30,NO CONTROLS,NO CONTROLS,CLEAR,DAYLIGHT,TURNING,NOT DIVIDED,STRAIGHT AND LEVEL,DRY,NO DEFECTS,ON SCENE,INJURY AND / OR TOW DUE TO CRASH,N,"OVER $1,500",2025-08-08T07:57:00.000,FAILING TO YIELD RIGHT-OF-WAY,NOT APPLICABLE,5701,N,MILWAUKEE AVE,1622,2,INCAPACITATING INJURY,2,0,1,1,0,0,0,7,6,8,41.9851062278,-87.7761738613,"{'type': 'Point', 'coordinates': [-87.776173861309, 41.985106227793]}",,,,,,,,,,
61dc22791f58ddf89df97ab64687aed64f628b583862b77ac614a709565985751d9c764043fa49940cc8f565cfb3b5dffce5d94d3e263d7392401dbe6640606c,2025-08-08T07:50:00.000,30,STOP SIGN/FLASHER,FUNCTIONING PROPERLY,CLEAR,DAYLIGHT,ANGLE,UNKNOWN INTERSECTION TYPE,STRAIGHT AND LEVEL,DRY,NO DEFECTS,,NO INJURY / DRIVE AWAY,Y,"OVER $1,500",2025-08-08T07:56:00.000,DISREGARDING STOP SIGN,UNABLE TO DETERMINE,100,N,PEORIA ST,1224,2,NO INDICATION OF INJURY,0,0,0,0,0,2,0,7,6,8,41.8831600281,-87.649884217,"{'type': 'Point', 'coordinates': [-87.649884217, 41.883160028063]}",,,Y,,,,,,,
6341b38c30ba59fecbde68437467effbb53e72f98761b98fcae94274a737888ae68a1f9aaaecba25155bae1445e18de4a9d36f0f4a51af3c674a46cc2f28d035,2025-08-08T07:50:00.000,30,NO CONTROLS,NO CONTROLS,CLEAR,DAYLIGHT,SIDESWIPE SAME DIRECTION,OTHER,STRAIGHT AND LEVEL,DRY,NO DEFECTS,ON SCENE,NO INJURY / DRIVE AWAY,,$500 OR LESS,2025-08-08T07:55:00.000,UNABLE TO DETERMINE,UNABLE TO DETERMINE,3858,W,BELMONT AVE,1732,2,NO INDICATION OF INJURY,0,0,0,0,0,2,0,7,6,8,41.939242842,-87.7239012614,"{'type': 'Point', 'coordinates': [-87.72390126142, 41.939242841962]}",,,Y,,,,,,,
bb4dd68629670953c4b50c4bb4ded6af72bcdea2f98d2aad1f26c8d9617a716034beaf7818a72fd6ff60e9e551fd07e6172d1e5adfd4372466fd54661f70330f,2025-08-08T07:40:00.000,30,NO CONTROLS,NO CONTROLS,CLEAR,DAYLIGHT,PEDALCYCLIST,DIVIDED - W/MEDIAN (NOT RAISED),STRAIGHT AND LEVEL,DRY,UNKNOWN,NOT ON SCENE (DESK REPORT),NO INJURY / DRIVE AWAY,,$500 OR LESS,2025-08-08T08:40:00.000,UNABLE TO DETERMINE,UNABLE TO DETERMINE,3526,W,BELMONT AVE,1732,2,NO INDICATION OF INJURY,0,0,0,0,0,2,0,7,6,8,41.9393413877,-87.7161284025,"{'type': 'Point', 'coordinates': [-87.716128402526, 41.939341387678]}",,,,,Y,,,,,
980f9ae1a6465e3c5cf5a94dd2649604455897c4db951aa5ec2e5269fd28672f440ceefc2754fbc254f60ba5507b347d9003c6d1ad765d91f2f9b78f4210a46b,2025-08-08T07:38:00.000,30,NO CONTROLS,NO CONTROLS,CLEAR,DAWN,FIXED OBJECT,DIVIDED - W/MEDIAN (NOT RAISED),STRAIGHT AND LEVEL,DRY,NO DEFECTS,ON SCENE,INJURY AND / OR TOW DUE TO CRASH,,"OVER $1,500",2025-08-08T08:00:00.000,UNABLE TO DETERMINE,UNABLE TO DETERMINE,25,E,63RD ST,312,1,NO INDICATION OF INJURY,0,0,0,0,0,1,0,7,6,8,41.7799202914,-87.6243963215,"{'type': 'Point', 'coordinates': [-87.624396321466, 41.779920291418]}",,,,,,,,,,
6994958a9ae4b69f5cff384f4556af9efb3e23ed36c86d7d6a4e78e9c49919f66eebc276ea039e4cd4cfea8a78983f17f49f745767cd12904de1887a41cb5cbb,2025-08-08T07:37:00.000,30,NO CONTROLS,NO CONTROLS,UNKNOWN,UNKNOWN,PARKED MOTOR VEHICLE,ONE-WAY,STRAIGHT AND LEVEL,UNKNOWN,NO DEFECTS,ON SCENE,INJURY AND / OR TOW DUE TO CRASH,,"OVER $1,500",2025-08-08T07:40:00.000,UNABLE TO DETERMINE,NOT APPLICABLE,1903,W,GARFIELD BLVD,715,2,NO INDICATION OF INJURY,0,0,0,0,0,1,0,7,6,8,41.7934656995,-87.6720020651,"{'type': 'Point', 'coordinates': [-87.672002065083, 41.793465699491]}",,,Y,,Y,,,,,
88e22b63371fb2486391f8b14955d5689464157f5f92c64a7c8ea3fde34c940aa3301874888540ca19f4c02ed62477d56429feb73c4dd73e99dfed799ff74b44,2025-08-08T07:20:00.000,10,NO CONTROLS,NO CONTROLS,CLEAR,DAYLIGHT,PARKED MOTOR VEHICLE,PARKING LOT,STRAIGHT AND LEVEL,DRY,NO DEFECTS,ON SCENE,NO INJURY / DRIVE AWAY,,"OVER $1,500",2025-08-08T07:26:00.000,IMPROPER BACKING,IMPROPER BACKING,2055,W,43RD ST,924,2,NO INDICATION OF INJURY,0,0,0,0,0,1,0,7,6,8,41.8156604178,-87.676797429,"{'type': 'Point', 'coordinates': [-87.676797429004, 41.81566041777]}",,,,Y,Y,,,,,
56b2c1fde7218f344055aa832c80d6de4b7f625b85489df3ffe9ea91f1b86ebfabdb04e0b26fb0831f5146624ff78dd532e20f43546bb289ccf958d59acd6054,2025-08-08T07:10:00.000,30,NO CONTROLS,NO CONTROLS,CLEAR,DAYLIGHT,REAR END,ONE-WAY,STRAIGHT AND LEVEL,DRY,NO DEFECTS,NOT ON SCENE (DESK REPORT),NO INJURY / DRIVE AWAY,,"$501 - $1,500",2025-08-08T09:10:00.000,FOLLOWING TOO CLOSELY,UNABLE TO DETERMINE,10000,W,OHARE ST,1651,2,NO INDICATION OF INJURY,0,0,0,0,0,2,0,7,6,8,41.976201139,-87.9053091251,"{'type': 'Point', 'coordinates': [-87.905309125103, 41.976201139024]}",,,,,,,,,,
d49f0039fd75d5bb1d6783d7776ea37fddb394b2028e01faaabcd6859866253abf1f7c5aef224b90358262fe532c5111468bc22f09c9415402e49e38e3dd5e9a,2025-08-08T07:07:00.000,25,TRAFFIC SIGNAL,FUNCTIONING PROPERLY,CLEAR,DAYLIGHT,REAR END,DIVIDED - W/MEDIAN (NOT RAISED),STRAIGHT AND LEVEL,DRY,NO DEFECTS,ON SCENE,NO INJURY / DRIVE AWAY,Y,"OVER $1,500",2025-08-08T07:07:00.000,FAILING TO YIELD RIGHT-OF-WAY,FOLLOWING TOO CLOSELY,5101,S,DR MARTIN LUTHER KING JR DR,233,2,NO INDICATION OF INJURY,0,0,0,0,0,2,0,7,6,8,41.8019959333,-87.6159807039,"{'type': 'Point', 'coordinates': [-87.615980703942, 41.801995933295]}",,,,,,,,,,
2e73fad8e3249546e940c3bda28132a06f31075d3e36d40dcf5d15ca5b3d6365e1909add8770ff9b4e8167348e12e4ff6f808dfd19e14858e8c14bf5d186751a,2025-08-08T06:54:00.000,30,TRAFFIC SIGNAL,UNKNOWN,CLEAR,DAYLIGHT,SIDESWIPE SAME DIRECTION,NOT DIVIDED,STRAIGHT AND LEVEL,DRY,UNKNOWN,NOT ON SCENE (DESK REPORT),NO INJURY / DRIVE AWAY,,"OVER $1,500",2025-08-08T17:00:00.000,FAILING TO YIELD RIGHT-OF-WAY,NOT APPLICABLE,480,S,ASHLAND AVE,1231,2,NO INDICATION OF INJURY,0,0,0,0,0,2,0,6,6,8,41.8751901408,-87.6667737338,"{'type': 'Point', 'coordinates': [-87.666773733757, 41.875190140846]}",,,Y,,,Y,CONSTRUCTION,,,
37652285d0d5ab1770898d4c36d5114f21f342f302e931a63d21f43f6aaf46347383c59b06d6c40ad4203cec9afd784f4e9b025b290d27ffff80e58116ffbb26,2025-08-08T06:30:00.000,25,NO CONTROLS,NO CONTROLS,CLEAR,DAYLIGHT,FIXED OBJECT,ALLEY,STRAIGHT AND LEVEL,DRY,NO DEFECTS,ON SCENE,INJURY AND / OR TOW DUE TO CRASH,,"OVER $1,500",2025-08-08T06:40:00.000,UNABLE TO DETERMINE,NOT APPLICABLE,11039,S,PARNELL AVE,2233,1,NO INDICATION OF INJURY,0,0,0,0,0,1,0,6,6,8,41.693087268,-87.6362124924,"{'type': 'Point', 'coordinates': [-87.636212492445, 41.693087268032]}",,,Y,,,,,,,
9328d63b8bd26cc54e50def08c441455692c830eb38bb95edd0ea45a9555e9bdc9a15ec3c14754d152faff75b815c9f4374085683a29c00f46d115be139e423e,2025-08-08T06:10:00.000,30,NO CONTROLS,NO CONTROLS,CLEAR,UNKNOWN,PARKED MOTOR VEHICLE,ONE-WAY,STRAIGHT AND LEVEL,DRY,UNKNOWN,NOT ON SCENE (DESK REPORT),NO INJURY / DRIVE AWAY,,$500 OR LESS,2025-08-08T20:27:00.000,NOT APPLICABLE,UNABLE TO DETERMINE,4938,W,SUPERIOR ST,1531,2,NO INDICATION OF INJURY,0,0,0,0,0,1,0,6,6,8,41.8941322124,-87.7497913083,"{'type': 'Point', 'coordinates': [-87.749791308328, 41.894132212367]}",,,Y,,,,,,,
afbd2e34953229e7f941bc073eb874d5472188e3d836a981af4ba1749ea2dfaffa1cbc55e2d0ae84850d0f6ed9036ef161ea67c7d5f92dd1c0d190d76ca9daae,2025-08-08T05:44:00.000,45,NO CONTROLS,NO CONTROLS,CLEAR,DAYLIGHT,REAR END,DIVIDED - W/MEDIAN (NOT RAISED),STRAIGHT AND LEVEL,DRY,NO DEFECTS,ON SCENE,NO INJURY / DRIVE AWAY,,$500 OR LESS,2025-08-08T05:52:00.000,FOLLOWING TOO CLOSELY,NOT APPLICABLE,10265,W,ZEMKE RD,1654,2,NO INDICATION OF INJURY,0,0,0,0,0,2,0,5,6,8,41.9947905715,-87.8828428434,"{'type': 'Point', 'coordinates': [-87.882842843397, 41.994790571501]}",,,,,,,,,,
28c578cd26070b96995c574ae50ce739b89e7c8a2c40258f39ea360cf4a58651099f3a1345a8ed749fdf479fae76d8a7b72e7e161e1c97e807ec85869335b4ba,2025-08-08T05:40:00.000,30,TRAFFIC SIGNAL,FUNCTIONING PROPERLY,CLEAR,DAYLIGHT,TURNING,FOUR WAY,STRAIGHT AND LEVEL,DRY,NO DEFECTS,NOT ON SCENE (DESK REPORT),NO INJURY / DRIVE AWAY,,"OVER $1,500",2025-08-08T10:15:00.000,UNABLE TO DETERMINE,NOT APPLICABLE,2400,N,CENTRAL AVE,2515,2,NO INDICATION OF INJURY,0,0,0,0,0,2,0,5,6,8,41.9240689223,-87.7661412141,"{'type': 'Point', 'coordinates': [-87.766141214132, 41.924068922276]}",,,,,,,,,,
461333f295684a6bcffb67821a142b293c085469128dd1077d22ea3a0595324c28793879c5b42eca2733243d5ec035fe50fc4c5bda2258893f847465ae2fbb6e,2025-08-08T05:40:00.000,10,NO CONTROLS,NO CONTROLS,RAIN,DAYLIGHT,PARKED MOTOR VEHICLE,PARKING LOT,STRAIGHT AND LEVEL,WET,NO DEFECTS,ON SCENE,NO INJURY / DRIVE AWAY,,"$501 - $1,500",2025-08-09T19:10:00.000,UNABLE TO DETERMINE,NOT APPLICABLE,1,W,PARKING LOT A ST,1654,2,NO INDICATION OF INJURY,0,0,0,0,0,1,0,5,6,8,,,,,,,,,,,,,
b9f8c5767d215d056ab80fe01a7d7967936c1cfeaaead1f794de7e3a8ba5ee046ee4062d160ea74e1d6fc6dba98e2f2843a6e7d2a6e41058af164ad512a8a217,2025-08-08T05:37:00.000,30,UNKNOWN,UNKNOWN,CLEAR,DAYLIGHT,ANGLE,NOT DIVIDED,STRAIGHT AND LEVEL,DRY,UNKNOWN,ON SCENE,INJURY AND / OR TOW DUE TO CRASH,Y,"OVER $1,500",2025-08-08T05:39:00.000,FAILING TO REDUCE SPEED TO AVOID CRASH,UNABLE TO DETERMINE,5300,W,JACKSON BLVD,1522,4,"REPORTED, NOT EVIDENT",1,0,0,0,1,1,0,5,6,8,41.8767347174,-87.7576594874,"{'type': 'Point', 'coordinates': [-87.757659487444, 41.876734717409]}",,,,,,,,,,
68ecbe654f0c53daba64ec6c8f896695e47b03db7e57d2d4e658de68dec083093589c05e6c6b4eed37354dd63d190d4f7ca5fbb4beb95508c7f4132f9844f36b,2025-08-08T04:45:00.000,30,TRAFFIC SIGNAL,FUNCTIONING PROPERLY,CLEAR,DAYLIGHT,TURNING,DIVIDED - W/MEDIAN (NOT RAISED),STRAIGHT AND LEVEL,DRY,NO DEFECTS,ON SCENE,INJURY AND / OR TOW DUE TO CRASH,Y,"OVER $1,500",2025-08-08T04:59:00.000,FAILING TO YIELD RIGHT-OF-WAY,NOT APPLICABLE,3958,W,63RD ST,823,2,NO INDICATION OF INJURY,0,0,0,0,0,3,0,4,6,8,41.7787692117,-87.7226393972,"{'type': 'Point', 'coordinates': [-87.722639397243, 41.778769211741]}",,,,,,,,,,
8ff8d86d9b23579aa4f9094176f19eebf0ec302b80ce0aae64ae1973682f6ac856f9c25bd7452f364ceb4d1b23b941c78fa16796303efdc6a35b27e8342a47d4,2025-08-08T04:40:00.000,30,NO CONTROLS,NO CONTROLS,CLEAR,"DARKNESS, LIGHTED ROAD",FIXED OBJECT,NOT DIVIDED,STRAIGHT AND LEVEL,DRY,NO DEFECTS,ON SCENE,INJURY AND / OR TOW DUE TO CRASH,,"OVER $1,500",2025-08-08T05:32:00.000,FAILING TO REDUCE SPEED TO AVOID CRASH,UNABLE TO DETERMINE,6426,S,DR MARTIN LUTHER KING JR DR,312,1,NONINCAPACITATING INJURY,1,0,0,1,0,0,0,4,6,8,41.7775960255,-87.6157065077,"{'type': 'Point', 'coordinates': [-87.615706507675, 41.777596025544]}",,,,Y,,,,,,
527a23cb5393751d9f15da598a2f0cf4b16318fe6a8b19ea1b3591b1adc5f16e838ed692aa48e3b2653d0173f415d3e2105679fed2a80b5c9b905a22bf62ccd7,2025-08-08T04:00:00.000,25,NO CONTROLS,NO CONTROLS,CLEAR,"DARKNESS, LIGHTED ROAD",PARKED MOTOR VEHICLE,DIVIDED - W/MEDIAN (NOT RAISED),STRAIGHT AND LEVEL,DRY,NO DEFECTS,NOT ON SCENE (DESK REPORT),NO INJURY / DRIVE AWAY,,"OVER $1,500",2025-08-09T07:50:00.000,UNABLE TO DETERMINE,UNABLE TO DETERMINE,845,W,BARRY AVE,1933,2,NO INDICATION OF INJURY,0,0,0,0,0,1,0,4,6,8,41.9380331587,-87.65091835,"{'type': 'Point', 'coordinates': [-87.650918350011, 41.938033158652]}",,,Y,,,,,,,
b5ff957598de967fd224762d5fe102db7e2f099a5718847c8049e6924cb3ecb9c37c12f374557219610256407a213a90fa26d16fa6257460148b50acef9d51aa,2025-08-08T03:32:00.000,30,TRAFFIC SIGNAL,FUNCTIONING PROPERLY,CLEAR,"DARKNESS, LIGHTED ROAD",ANGLE,DIVIDED - W/MEDIAN (NOT RAISED),STRAIGHT AND LEVEL,DRY,NO DEFECTS,ON SCENE,INJURY AND / OR TOW DUE TO CRASH,Y,"OVER $1,500",2025-08-08T03:32:00.000,"OPERATING VEHICLE IN ERRATIC, RECKLESS, CARELESS, NEGLIGENT OR AGGRESSIVE MANNER",DRIVING ON WRONG SIDE/WRONG WAY,4701,S,WESTERN AVE,922,2,NONINCAPACITATING INJURY,1,0,0,1,0,1,0,3,6,8,41.8083832288,-87.6842773566,"{'type': 'Point', 'coordinates': [-87.684277356591, 41.808383228838]}",,,Y,,,,,,,