crash_record_id,crash_date,posted_speed_limit,traffic_control_device,device_condition,weather_condition,lighting_condition,first_crash_type,trafficway_type,alignment,roadway_surface_cond,road_defect,report_type,crash_type,intersection_related_i,damage,date_police_notified,prim_contributory_cause,sec_contributory_cause,street_no,street_direction,street_name,beat_of_occurrence,num_units,most_severe_injury,injuries_total,injuries_fatal,injuries_incapacitating,injuries_non_incapacitating,injuries_reported_not_evident,injuries_no_indication,injuries_unknown,crash_hour,crash_day_of_week,crash_month,latitude,longitude,location,private_property_i,photos_taken_i,hit_and_run_i,statements_taken_i,crash_date_est_i,work_zone_i,work_zone_type,dooring_i,lane_cnt,workers_present_i
a48a4db0558468e222725de1be89ab11a90a0f556d502435e12370e00b77a5ac6a16bdd09fdb0c11b43c906913b428ca188c3933bb7ea396ae5d9049bfbeece2,2025-08-07T18:40:00.000,25,NO CONTROLS,NO CONTROLS,CLEAR,DAYLIGHT,PEDALCYCLIST,ONE-WAY,STRAIGHT AND LEVEL,DRY,NO DEFECTS,ON SCENE,NO INJURY / DRIVE AWAY,,$500 OR LESS,2025-08-07T18:43:00.000,FAILING TO YIELD RIGHT-OF-WAY,NOT APPLICABLE,1101,W,THORNDALE AVE,2022,2,NO INDICATION OF INJURY,0,0,0,0,0,2,0,18,5,8,41.9899464074,-87.6583148831,"{'type': 'Point', 'coordinates': [-87.658314883118, 41.989946407385]}",,,Y,,,,,,,
b33ae44acf0baa9dcd28ce360cef7640a0565004faa3da55191208f59317289e7876d5e26ab732ddfb896f88549c8ca762c73d6a540b86ab62d95e1064f7a67f,2025-08-07T18:40:00.000,30,TRAFFIC SIGNAL,NO CONTROLS,CLEAR,DUSK,PEDALCYCLIST,DIVIDED - W/MEDIAN (NOT RAISED),STRAIGHT AND LEVEL,DRY,NO DEFECTS,NOT ON SCENE (DESK REPORT),NO INJURY / DRIVE AWAY,,"OVER $1,500",2025-08-07T20:01:00.000,IMPROPER OVERTAKING/PASSING,NOT APPLICABLE,3200,W,COLUMBUS AVE,835,2,NO INDICATION OF INJURY,0,0,0,0,0,2,0,18,5,8,41.7505319204,-87.702568133,"{'type': 'Point', 'coordinates': [-87.702568133027, 41.750531920353]}",,,N,,,,,,,
a7a0e85de72dc847176a9176061dd3b633bfe1ca258c622e148c8656fffd82088bcc9010db3a4bd9edb735af79be7f67baabb14ee018bd2e587b073ddc618cdc,2025-08-07T18:34:00.000,30,NO CONTROLS,NO CONTROLS,CLEAR,DAYLIGHT,PEDESTRIAN,DIVIDED - W/MEDIAN (NOT RAISED),STRAIGHT AND LEVEL,DRY,NO DEFECTS,ON SCENE,INJURY AND / OR TOW DUE TO CRASH,,"OVER $1,500",2025-08-07T18:39:00.000,NOT APPLICABLE,NOT APPLICABLE,4345,W,DIVERSEY AVE,2524,2,NONINCAPACITATING INJURY,1,0,0,1,0,1,0,18,5,8,41.9315594562,-87.7361921959,"{'type': 'Point', 'coordinates': [-87.73619219594, 41.931559456165]}",,,,,,,,,,
171d5ff1e23d8192ff51350549d9d6e2fb076a2500770051f265234162991d339f318de39cb83ece219afb56ed54c212ad0f2979b603062deb94b1446fb072a5,2025-08-07T18:32:00.000,30,STOP SIGN/FLASHER,FUNCTIONING PROPERLY,CLEAR,DAYLIGHT,PARKED MOTOR VEHICLE,FOUR WAY,STRAIGHT AND LEVEL,DRY,NO DEFECTS,ON SCENE,INJURY AND / OR TOW DUE TO CRASH,Y,"OVER $1,500",2025-08-07T18:33:00.000,"EVASIVE ACTION DUE TO ANIMAL, OBJECT, NONMOTORIST",FAILING TO REDUCE SPEED TO AVOID CRASH,1902,W,21ST ST,1234,2,NO INDICATION OF INJURY,0,0,0,0,0,1,0,18,5,8,41.854154348,-87.6736428682,"{'type': 'Point', 'coordinates': [-87.673642868209, 41.854154348007]}",,,,,,,,,,
b075c2aa4304ceac37ba9e8ea8349ea719c3cb7f535010749fca48951e174338da6c5b1e2dc5a2d6524f448606c9ae1f15d6a8e88a15f3cffb14100f1d7884e4,2025-08-07T18:31:00.000,20,TRAFFIC SIGNAL,FUNCTIONING PROPERLY,CLEAR,DAYLIGHT,PEDESTRIAN,NOT DIVIDED,STRAIGHT AND LEVEL,DRY,NO DEFECTS,ON SCENE,INJURY AND / OR TOW DUE TO CRASH,,$500 OR LESS,2025-08-07T18:33:00.000,FAILING TO YIELD RIGHT-OF-WAY,UNABLE TO DETERMINE,2008,W,CHICAGO AVE,1212,2,NONINCAPACITATING INJURY,1,0,0,1,0,1,0,18,5,8,41.8960129772,-87.6774824667,"{'type': 'Point', 'coordinates': [-87.67748246665, 41.896012977202]}",,,,,,,,,,
04bc05bc7a04f6ef51c0b12b15815a2cbde8d5c422f4ae86027345da1b48068b0ae62fd3447eae795ec6fbc8f065a26767a12da89418e1f67865097ebf316aff,2025-08-07T18:30:00.000,30,NO CONTROLS,NO CONTROLS,UNKNOWN,UNKNOWN,PARKED MOTOR VEHICLE,ONE-WAY,STRAIGHT AND LEVEL,UNKNOWN,UNKNOWN,NOT ON SCENE (DESK REPORT),NO INJURY / DRIVE AWAY,,"$501 - $1,500",2025-08-07T19:45:00.000,UNABLE TO DETERMINE,NOT APPLICABLE,6344,N,CLAREMONT AVE,2413,2,NO INDICATION OF INJURY,0,0,0,0,0,1,0,18,5,8,41.9972618222,-87.6887948366,"{'type': 'Point', 'coordinates': [-87.68879483657, 41.997261822161]}",,,Y,,,,,,,
07a0df4771dc2d80fa3b3df7ca879743889e1d2c512918786cb294b5df0b27e6deec8037a2e43f8677daded5c846639e1f3af8f4cfbebbbc831ff0cbca36c0e6,2025-08-07T18:30:00.000,30,NO CONTROLS,NO CONTROLS,CLEAR,DAYLIGHT,TURNING,ONE-WAY,STRAIGHT AND LEVEL,DRY,UNKNOWN,ON SCENE,NO INJURY / DRIVE AWAY,,"OVER $1,500",2025-08-07T18:30:00.000,UNABLE TO DETERMINE,UNABLE TO DETERMINE,6948,W,GRAND AVE,2512,2,NO INDICATION OF INJURY,0,0,0,0,0,3,0,18,5,8,41.9236732565,-87.7996266459,"{'type': 'Point', 'coordinates': [-87.799626645945, 41.923673256513]}",,,,,,,,,,
0d998933f75245b2dcc625dff885759d138a4595d51a0b7e3d343d38a2361002ec1cc654ce26ed84cdec79239b0238f45ffb445cc473c62cd74924e80002d630,2025-08-07T18:30:00.000,30,NO CONTROLS,NO CONTROLS,CLEAR,DAYLIGHT,SIDESWIPE SAME DIRECTION,NOT DIVIDED,STRAIGHT AND LEVEL,DRY,NO DEFECTS,NOT ON SCENE (DESK REPORT),NO INJURY / DRIVE AWAY,,"$501 - $1,500",2025-08-07T19:30:00.000,FOLLOWING TOO CLOSELY,NOT APPLICABLE,3857,S,DR MARTIN LUTHER KING JR DR,212,2,NO INDICATION OF INJURY,0,0,0,0,0,2,0,18,5,8,41.8239832515,-87.6168538908,"{'type': 'Point', 'coordinates': [-87.616853890785, 41.823983251515]}",,,Y,,,,,,,
2ed81f2d0e2de96d4342e206bf7c0fad0d61f751517810c5e11331353b56e4a7361dccde5ef9f93f03b379b5cd7ed7a68de13064f07c02d6046f4a036f0997ef,2025-08-07T18:30:00.000,30,UNKNOWN,UNKNOWN,CLEAR,DAYLIGHT,SIDESWIPE SAME DIRECTION,NOT DIVIDED,STRAIGHT AND LEVEL,UNKNOWN,UNKNOWN,NOT ON SCENE (DESK REPORT),NO INJURY / DRIVE AWAY,,"OVER $1,500",2025-08-07T20:20:00.000,UNABLE TO DETERMINE,UNABLE TO DETERMINE,1600,N,DAMEN AVE,1434,2,NO INDICATION OF INJURY,0,0,0,0,0,2,0,18,5,8,41.9105884215,-87.6776438203,"{'type': 'Point', 'coordinates': [-87.677643820277, 41.91058842145]}",,,,,,,,,,
b60f02de000a3e5e18d7bee69ae97973f109bfb68ead13de1ccf83247f240dc80d5e1cdac835852adcfa6d14cbe0aaf2077fe780a0e0a5fb8e35d8cbcae166c7,2025-08-07T18:25:00.000,30,TRAFFIC SIGNAL,FUNCTIONING PROPERLY,CLEAR,DUSK,TURNING,CENTER TURN LANE,STRAIGHT AND LEVEL,DRY,NO DEFECTS,NOT ON SCENE (DESK REPORT),NO INJURY / DRIVE AWAY,Y,"OVER $1,500",2025-08-07T19:00:00.000,UNABLE TO DETERMINE,NOT APPLICABLE,1600,N,DAMEN AVE,1434,2,NO INDICATION OF INJURY,0,0,0,0,0,2,0,18,5,8,41.9105884215,-87.6776438203,"{'type': 'Point', 'coordinates': [-87.677643820277, 41.91058842145]}",,,,,Y,,,,,
f515bc599b6f45713fd72ebf16b0949357dd7af1cdcb31b913d52491de7257a55df10b4abf3ca4784b77853b967b076e507f21bbc75451c8512dd63854b77104,2025-08-07T18:23:00.000,30,STOP SIGN/FLASHER,FUNCTIONING PROPERLY,CLEAR,DAYLIGHT,TURNING,NOT DIVIDED,STRAIGHT AND LEVEL,UNKNOWN,UNKNOWN,ON SCENE,INJURY AND / OR TOW DUE TO CRASH,Y,"OVER $1,500",2025-08-07T18:23:00.000,IMPROPER TURNING/NO SIGNAL,IMPROPER TURNING/NO SIGNAL,6301,N,KEDZIE AVE,2413,2,NONINCAPACITATING INJURY,1,0,0,1,0,1,0,18,5,8,41.9957156046,-87.7091534327,"{'type': 'Point', 'coordinates': [-87.709153432722, 41.995715604596]}",,,,,,,,,,
a16e8be9b86a8950442aafe022efa384b5a0ee279f590bd4d7e477da94f36af1e41a4ca4d9279b5b162606e91ac8e3ec234ba897248d837592c024f063e262e0,2025-08-07T18:22:00.000,35,NO CONTROLS,NO CONTROLS,CLEAR,DAYLIGHT,TURNING,NOT DIVIDED,STRAIGHT AND LEVEL,DRY,UNKNOWN,ON SCENE,NO INJURY / DRIVE AWAY,,"OVER $1,500",2025-08-07T18:29:00.000,IMPROPER TURNING/NO SIGNAL,NOT APPLICABLE,3030,S,KEDZIE AVE,1032,2,NO INDICATION OF INJURY,0,0,0,0,0,4,0,18,5,8,41.8381141517,-87.7049944648,"{'type': 'Point', 'coordinates': [-87.704994464765, 41.838114151734]}",,,,,,,,,,
cf02c683057b62db247dcb4d9b23cb0a49c4b15b5557d4bd5ea0950e018082e00b04ddac171c23634d044c1aaf326e46a30ef5e61dd57cfc6c76b3fdb2e89c83,2025-08-07T18:22:00.000,30,TRAFFIC SIGNAL,FUNCTIONING PROPERLY,CLEAR,DAYLIGHT,SIDESWIPE SAME DIRECTION,DIVIDED - W/MEDIAN (NOT RAISED),STRAIGHT AND LEVEL,DRY,NO DEFECTS,NOT ON SCENE (DESK REPORT),NO INJURY / DRIVE AWAY,,"OVER $1,500",2025-08-07T20:20:00.000,FOLLOWING TOO CLOSELY,UNABLE TO DETERMINE,808,E,79TH ST,624,2,NO INDICATION OF INJURY,0,0,0,0,0,3,0,18,5,8,41.7514007943,-87.604833809,"{'type': 'Point', 'coordinates': [-87.604833809025, 41.751400794283]}",,,Y,,,,,,,
856088cfa0b86e5e24ce1b871412e9d581bb0c03cb252084eaa6ae446cd6ad5562557d164ecf1fa0c908616f68c7af1e2acde37ac7171f54c347c9c3c09177df,2025-08-07T18:20:00.000,40,NO CONTROLS,NO CONTROLS,CLEAR,DAYLIGHT,SIDESWIPE SAME DIRECTION,ONE-WAY,STRAIGHT AND LEVEL,DRY,NO DEFECTS,NOT ON SCENE (DESK REPORT),NO INJURY / DRIVE AWAY,,"OVER $1,500",2025-08-07T20:00:00.000,FAILING TO YIELD RIGHT-OF-WAY,NOT APPLICABLE,152,N,LAKE SHORE DR NB,114,2,NO INDICATION OF INJURY,0,0,0,0,0,3,0,18,5,8,41.8843487635,-87.6145497781,"{'type': 'Point', 'coordinates': [-87.614549778133, 41.884348763505]}",,,,,,,,,,
2756a957c7381ea69a4965cb2155582a3715bda0652f7d54bc50021831116f9a4e7dac797e7c13a5fdc012785faeebfef52ce33c71a71c941fc5c040586fb98e,2025-08-07T18:15:00.000,30,UNKNOWN,UNKNOWN,UNKNOWN,UNKNOWN,SIDESWIPE SAME DIRECTION,DIVIDED - W/MEDIAN (NOT RAISED),STRAIGHT AND LEVEL,UNKNOWN,UNKNOWN,NOT ON SCENE (DESK REPORT),INJURY AND / OR TOW DUE TO CRASH,,"OVER $1,500",2025-08-07T19:50:00.000,DISREGARDING ROAD MARKINGS,IMPROPER LANE USAGE,11700,S,HALSTED ST,524,2,"REPORTED, NOT EVIDENT",2,0,0,0,2,2,0,18,5,8,41.6814045658,-87.6421754579,"{'type': 'Point', 'coordinates': [-87.642175457921, 41.681404565804]}",,,,,,,,,,
2d95febbdad3b0f68f7ed4ba3b44d5a5c985dcf02ae44f9129af98b592b6c01f2b4842a7b02e9d3955cf5af5305b1ad39e089b98ff958d4ed6985d7519fa765e,2025-08-07T18:00:00.000,30,NO CONTROLS,NO CONTROLS,CLEAR,DAYLIGHT,PARKED MOTOR VEHICLE,ONE-WAY,STRAIGHT AND LEVEL,DRY,NO DEFECTS,NOT ON SCENE (DESK REPORT),NO INJURY / DRIVE AWAY,,"OVER $1,500",2025-08-07T19:45:00.000,UNABLE TO DETERMINE,UNABLE TO DETERMINE,2848,N,SAWYER AVE,1412,2,NO INDICATION OF INJURY,0,0,0,0,0,1,0,18,5,8,41.9334955768,-87.7088288517,"{'type': 'Point', 'coordinates': [-87.708828851671, 41.93349557683]}",,,,,,,,,,
39e2da4353e35747a694eb013e1d6bf0af7d38444ef0c0c0d8c3953d0522988e17fd95d84914e645490de02547456243371438cce6870c82f9e6437005b7ea17,2025-08-07T18:00:00.000,25,NO CONTROLS,NO CONTROLS,CLEAR,DAYLIGHT,REAR TO FRONT,NOT DIVIDED,STRAIGHT AND LEVEL,DRY,NO DEFECTS,ON SCENE,NO INJURY / DRIVE AWAY,,$500 OR LESS,2025-08-07T18:30:00.000,IMPROPER BACKING,DRIVING SKILLS/KNOWLEDGE/EXPERIENCE,10027,S,BENSLEY AVE,431,2,NO INDICATION OF INJURY,0,0,0,0,0,2,0,18,5,8,41.712721588,-87.5632204186,"{'type': 'Point', 'coordinates': [-87.563220418552, 41.712721588006]}",,,,,,,,,,
d3023f52e861be050c41403f97daa3c39ed2984986d0bf9951d090859c9c6cd2034e0ec6ba530068e9b41419f2d2488735aa81cd5f1b6540b68d7777b39cd2ba,2025-08-07T18:00:00.000,10,NO CONTROLS,NO CONTROLS,CLEAR,DAYLIGHT,PARKED MOTOR VEHICLE,PARKING LOT,STRAIGHT AND LEVEL,DRY,NO DEFECTS,NOT ON SCENE (DESK REPORT),NO INJURY / DRIVE AWAY,,$500 OR LESS,2025-08-07T19:45:00.000,UNABLE TO DETERMINE,UNABLE TO DETERMINE,5442,S,DAMEN AVE,932,2,NO INDICATION OF INJURY,0,0,0,0,0,2,0,18,5,8,41.7944662056,-87.6744651201,"{'type': 'Point', 'coordinates': [-87.674465120101, 41.794466205565]}",,,,,,,,,,
8785b64791e09c77f1c8681a6262f240980eb7d727db492d959627125f4a927e9e987520ed44dfc0c17a61020653c265ee11eae19ee754d80fde5cbfc442f573,2025-08-07T17:55:00.000,30,NO CONTROLS,UNKNOWN,CLEAR,DAYLIGHT,FIXED OBJECT,ALLEY,STRAIGHT AND LEVEL,DRY,UNKNOWN,ON SCENE,INJURY AND / OR TOW DUE TO CRASH,,"OVER $1,500",2025-08-07T18:03:00.000,FAILING TO REDUCE SPEED TO AVOID CRASH,NOT APPLICABLE,3540,N,PULASKI RD,1731,1,NONINCAPACITATING INJURY,1,0,0,1,0,0,0,17,5,8,41.9457741696,-87.7275284732,"{'type': 'Point', 'coordinates': [-87.72752847324, 41.945774169615]}",Y,,,,Y,,,,,
ab11f4f0c12b2cfbecedd6310b757608587fe3023a390483ff268d35917226ef048cca9c94b44e9be6e17cc417f5e1a185394ea8e7ed1910df6cd62b2d5d61c5,2025-08-07T17:55:00.000,30,STOP SIGN/FLASHER,FUNCTIONING PROPERLY,CLEAR,DAYLIGHT,ANGLE,FOUR WAY,STRAIGHT AND LEVEL,DRY,NO DEFECTS,NOT ON SCENE (DESK REPORT),NO INJURY / DRIVE AWAY,Y,"OVER $1,500",2025-08-07T18:20:00.000,UNABLE TO DETERMINE,UNABLE TO DETERMINE,4700,S,PRAIRIE AVE,224,2,NO INDICATION OF INJURY,0,0,0,0,0,2,0,17,5,8,41.8092424965,-87.6197368017,"{'type': 'Point', 'coordinates': [-87.619736801734, 41.809242496495]}",,,,,Y,,,,,
04cf3d5a9727d83364e6386c5f3b7ab2931dd0af9795e82f5b7a975d27a8cefc8ab05a1d773bd26dbac3abbb53a4f4911bf3aa22e7612f51fce388c6d6fb388e,2025-08-07T17:47:00.000,30,TRAFFIC SIGNAL,FUNCTIONING PROPERLY,CLEAR,DAYLIGHT,TURNING,DIVIDED - W/MEDIAN (NOT RAISED),STRAIGHT AND LEVEL,DRY,NO DEFECTS,NOT ON SCENE (DESK REPORT),NO INJURY / DRIVE AWAY,Y,"OVER $1,500",2025-08-07T18:15:00.000,FAILING TO YIELD RIGHT-OF-WAY,IMPROPER LANE USAGE,7600,S,VINCENNES AVE,623,2,NO INDICATION OF INJURY,0,0,0,0,0,3,0,17,5,8,41.7562857008,-87.6324066628,"{'type': 'Point', 'coordinates': [-87.632406662789, 41.756285700818]}",,,,,,,,,,
20612b814ee1be175d96455968b46d8cf839fc9b6c342b4f9fe91737438403f9e22798bc6765405eeb09267b32780d1f171caeb79e71ba74539f00cd1ff39f08,2025-08-07T17:46:00.000,30,NO CONTROLS,NO CONTROLS,CLEAR,DAYLIGHT,PEDESTRIAN,FOUR WAY,STRAIGHT AND LEVEL,DRY,NO DEFECTS,ON SCENE,INJURY AND / OR TOW DUE TO CRASH,,$500 OR LESS,2025-08-07T18:01:00.000,FAILING TO YIELD RIGHT-OF-WAY,FAILING TO YIELD RIGHT-OF-WAY,100,S,ABERDEEN ST,1232,2,INCAPACITATING INJURY,1,0,1,0,0,1,0,17,5,8,41.8803002765,-87.6548028062,"{'type': 'Point', 'coordinates': [-87.654802806208, 41.880300276505]}",,,,,,,,,,
15d3f120991d8fa7e425281057a24503b25246c26605c0e6c840c56ebe301db4a76e8ad0bb9bcb9c72b68384bf6b679a0934c9485436fef322af8fdbf07576f4,2025-08-07T17:45:00.000,30,TRAFFIC SIGNAL,FUNCTIONING PROPERLY,CLEAR,DAYLIGHT,REAR END,NOT DIVIDED,STRAIGHT AND LEVEL,DRY,NO DEFECTS,ON SCENE,NO INJURY / DRIVE AWAY,N,"OVER $1,500",2025-08-07T17:47:00.000,FOLLOWING TOO CLOSELY,FOLLOWING TOO CLOSELY,3502,W,MARQUETTE RD,831,2,NO INDICATION OF INJURY,0,0,0,0,0,2,0,17,5,8,41.7716648389,-87.7104311511,"{'type': 'Point', 'coordinates': [-87.710431151112, 41.771664838921]}",,,,,,,,,,
547f2ae9feeeb3bee04f397a7f66bd9514b223d555888ce512b4c2037ab5bb916985a3429a3bf9954fdad3e052f2a84bb3bc32c02a5abf848cabeaa29fd7d72a,2025-08-07T17:45:00.000,30,STOP SIGN/FLASHER,FUNCTIONING PROPERLY,CLEAR,DAYLIGHT,TURNING,T-INTERSECTION,STRAIGHT AND LEVEL,DRY,NO DEFECTS,ON SCENE,INJURY AND / OR TOW DUE TO CRASH,Y,"OVER $1,500",2025-08-07T17:45:00.000,DISREGARDING STOP SIGN,FAILING TO YIELD RIGHT-OF-WAY,9700,S,HALSTED ST,2223,2,NO INDICATION OF INJURY,0,0,0,0,0,3,0,17,5,8,41.7175374349,-87.64325162,"{'type': 'Point', 'coordinates': [-87.643251620045, 41.717537434869]}",,,Y,,,,,,,
a19a435a2f8b4fc21470947f19e96f49da4163249a91c250b6d5833710d74d4f1ea7cccc12cd4da5d4afe508911dfaea44678aa3645d1e5bb37ae4a5f832a73e,2025-08-07T17:38:00.000,30,UNKNOWN,UNKNOWN,CLEAR,DAYLIGHT,SIDESWIPE SAME DIRECTION,NOT DIVIDED,STRAIGHT AND LEVEL,DRY,UNKNOWN,ON SCENE,INJURY AND / OR TOW DUE TO CRASH,,"OVER $1,500",2025-08-07T17:41:00.000,"OPERATING VEHICLE IN ERRATIC, RECKLESS, CARELESS, NEGLIGENT OR AGGRESSIVE MANNER","OPERATING VEHICLE IN ERRATIC, RECKLESS, CARELESS, NEGLIGENT OR AGGRESSIVE MANNER",4134,W,GRAND AVE,2534,2,NO INDICATION OF INJURY,0,0,0,0,0,2,0,17,5,8,41.907712871,-87.7299908115,"{'type': 'Point', 'coordinates': [-87.729990811455, 41.907712871019]}",,,Y,,,,,,,
86695857596c312860ae71a8ae3abf6a303370e91d29dd9cd6f4727ee972ee83c59f25983d30549ac0d3255f045825b9cab32118e60bb8b638496e1140b31bf3,2025-08-07T17:35:00.000,30,NO CONTROLS,NO CONTROLS,CLEAR,DAYLIGHT,SIDESWIPE SAME DIRECTION,DIVIDED - W/MEDIAN (NOT RAISED),STRAIGHT AND LEVEL,DRY,NO DEFECTS,NOT ON SCENE (DESK REPORT),NO INJURY / DRIVE AWAY,,$500 OR LESS,2025-08-07T17:35:00.000,FAILING TO YIELD RIGHT-OF-WAY,NOT APPLICABLE,2100,S,ASHLAND AVE,1234,2,NO INDICATION OF INJURY,0,0,0,0,0,5,0,17,5,8,41.8541165001,-87.6661959393,"{'type': 'Point', 'coordinates': [-87.666195939254, 41.854116500052]}",,,,,,,,,,
ecbffc01b78f3c254d6b909bc7edae16735331d38199c4185c917e2b1075097054fb5c6e3bd4875adc51e8efdc88cf4d43fa71caea2755eb49745c33b6ece7c7,2025-08-07T17:32:00.000,30,TRAFFIC SIGNAL,UNKNOWN,CLEAR,DAYLIGHT,TURNING,FOUR WAY,STRAIGHT AND LEVEL,DRY,UNKNOWN,ON SCENE,INJURY AND / OR TOW DUE TO CRASH,Y,"OVER $1,500",2025-08-07T17:32:00.000,FAILING TO YIELD RIGHT-OF-WAY,UNABLE TO DETERMINE,2800,W,TOUHY AVE,2411,2,NONINCAPACITATING INJURY,2,0,0,2,0,1,0,17,5,8,42.0121731777,-87.6998439783,"{'type': 'Point', 'coordinates': [-87.699843978265, 42.012173177712]}",,,,,N,,,,,
a1d892cc6871f6852f7d161f6c9355431a048596812e78a57230af7f260569c2625871c2a155ced38fd8bde223e85a52396e802a453a55ff3082fb261c77de7b,2025-08-07T17:30:00.000,30,NO CONTROLS,NO CONTROLS,CLEAR,DAYLIGHT,REAR END,NOT DIVIDED,STRAIGHT AND LEVEL,DRY,UNKNOWN,NOT ON SCENE (DESK REPORT),NO INJURY / DRIVE AWAY,,"OVER $1,500",2025-08-08T14:15:00.000,FOLLOWING TOO CLOSELY,UNABLE TO DETERMINE,110,S,RACINE AVE,1224,2,NO INDICATION OF INJURY,0,0,0,0,0,2,0,17,5,8,41.8799621922,-87.6572352481,"{'type': 'Point', 'coordinates': [-87.657235248079, 41.879962192205]}",,,,,,,,,,
fc0dc92744a6029af160daaffb46c3778f8cfcdc74b755147cee6ed17f40e0366db44697d6a0145d3dd04c2f740f4030a23d25c13188513009bf22e579d8deb7,2025-08-07T17:30:00.000,30,STOP SIGN/FLASHER,FUNCTIONING PROPERLY,CLEAR,DAYLIGHT,REAR END,FOUR WAY,STRAIGHT AND LEVEL,DRY,NO DEFECTS,NOT ON SCENE (DESK REPORT),NO INJURY / DRIVE AWAY,,"OVER $1,500",2025-08-07T17:41:00.000,FOLLOWING TOO CLOSELY,NOT APPLICABLE,5700,S,KEELER AVE,813,2,NO INDICATION OF INJURY,0,0,0,0,0,3,0,17,5,8,41.7894809024,-87.728104411,"{'type': 'Point', 'coordinates': [-87.728104410957, 41.789480902367]}",,,,,,,,,,
e17323e94058b341e2bc6f21f6d329d190f2171f7e9ae519f577ce3265b78b1eaf3f3fb0e463dffb2cef1ecf8304ced948ae395e30ab063471f494267f64d0e0,2025-08-07T17:28:00.000,30,UNKNOWN,UNKNOWN,UNKNOWN,UNKNOWN,REAR END,FOUR WAY,STRAIGHT AND LEVEL,UNKNOWN,UNKNOWN,NOT ON SCENE (DESK REPORT),NO INJURY / DRIVE AWAY,,$500 OR LESS,2025-08-07T17:50:00.000,UNABLE TO DETERMINE,UNABLE TO DETERMINE,9500,S,STONY ISLAND AVE,511,2,NO INDICATION OF INJURY,0,0,0,0,0,2,0,17,5,8,41.722257273,-87.5852755651,"{'type': 'Point', 'coordinates': [-87.585275565077, 41.722257273006]}",,,,,,,,,,
d3a05e5aa62172385422fa1be9ebd009964bc1f50623db8b48e3232b9ef81a489a72056efc3cec715404f3c150514da78d5d7b1133fbf1690f6ef19457047212,2025-08-07T17:20:00.000,20,NO CONTROLS,NO CONTROLS,CLEAR,DAYLIGHT,PARKED MOTOR VEHICLE,PARKING LOT,STRAIGHT AND LEVEL,DRY,NO DEFECTS,NOT ON SCENE (DESK REPORT),NO INJURY / DRIVE AWAY,,"OVER $1,500",2025-08-07T17:50:00.000,DRIVING ON WRONG SIDE/WRONG WAY,NOT APPLICABLE,4660,W,IRVING PARK RD,1722,2,NO INDICATION OF INJURY,0,0,0,0,0,2,0,17,5,8,41.9535544384,-87.7450553112,"{'type': 'Point', 'coordinates': [-87.745055311195, 41.953554438404]}",Y,,,,,,,,,
48d580c999946bb017ce81763253f2d0b9cb70b6b9e2a94bdedc15e1f5b251f6a90c894d816b2c0aa3c9c76f4e0a5a1073d6481bdd4592a43a6900ca7a091092,2025-08-07T17:15:00.000,35,TRAFFIC SIGNAL,FUNCTIONING PROPERLY,CLEAR,DAYLIGHT,SIDESWIPE SAME DIRECTION,OTHER,STRAIGHT AND LEVEL,DRY,NO DEFECTS,NOT ON SCENE (DESK REPORT),NO INJURY / DRIVE AWAY,,"OVER $1,500",2025-08-07T18:45:00.000,IMPROPER OVERTAKING/PASSING,NOT APPLICABLE,7900,S,STATE ST,623,2,NO INDICATION OF INJURY,0,0,0,0,0,2,0,17,5,8,41.7509181383,-87.6246901225,"{'type': 'Point', 'coordinates': [-87.624690122516, 41.750918138315]}",,,,,,,,,,
a9422796756682315a7f4e3933550719e0fa002b6677f246fdfe392a9f62030a02fbfd76896d4281c0d33d40db7e1f04e040e598a4555de91a0ee6b0b83a92d0,2025-08-07T17:15:00.000,30,TRAFFIC SIGNAL,FUNCTIONING PROPERLY,CLEAR,DAYLIGHT,SIDESWIPE SAME DIRECTION,ONE-WAY,STRAIGHT AND LEVEL,DRY,UNKNOWN,NOT ON SCENE (DESK REPORT),NO INJURY / DRIVE AWAY,,"OVER $1,500",2025-08-07T18:30:00.000,UNABLE TO DETERMINE,DRIVING SKILLS/KNOWLEDGE/EXPERIENCE,100,W,RANDOLPH ST,122,2,NO INDICATION OF INJURY,0,0,0,0,0,2,0,17,5,8,41.8845862672,-87.6310104459,"{'type': 'Point', 'coordinates': [-87.631010445886, 41.884586267155]}",,,Y,,,,,,,
bec42caf4950c7d649462e3ca595a3f3c1d621e0bb69b0895236f893c227aad98c450b00d175480d2e970e13cfe06483f1d1b897b2dda44e1ebebf664db201a7,2025-08-07T17:15:00.000,30,UNKNOWN,UNKNOWN,CLEAR,DAYLIGHT,REAR TO FRONT,PARKING LOT,STRAIGHT AND LEVEL,UNKNOWN,UNKNOWN,NOT ON SCENE (DESK REPORT),NO INJURY / DRIVE AWAY,,"OVER $1,500",2025-08-07T18:00:00.000,UNABLE TO DETERMINE,UNABLE TO DETERMINE,4650,W,IRVING PARK RD,1722,2,NO INDICATION OF INJURY,0,0,0,0,0,2,0,17,5,8,41.9535565614,-87.744665176,"{'type': 'Point', 'coordinates': [-87.744665176047, 41.95355656139]}",,,,,,,,,,
e8b7b460fcc9afca3a6ebf93bf03efeb079f36b762ccba4bee6d37b792da8ef32a27d1cd0c3707133388ba4eb41e51e97c3c08178146acb7ef91b5d433110abf,2025-08-07T17:15:00.000,30,NO CONTROLS,NO CONTROLS,CLEAR,DAYLIGHT,TURNING,NOT DIVIDED,STRAIGHT AND LEVEL,DRY,NO DEFECTS,NOT ON SCENE (DESK REPORT),NO INJURY / DRIVE AWAY,,"OVER $1,500",2025-08-07T17:29:00.000,UNABLE TO DETERMINE,UNABLE TO DETERMINE,3330,S,CALIFORNIA AVE,911,2,NO INDICATION OF INJURY,0,0,0,0,0,2,0,17,5,8,41.8328321147,-87.6950705374,"{'type': 'Point', 'coordinates': [-87.695070537398, 41.832832114698]}",,,,,,,,,,