crash_record_id,crash_date,posted_speed_limit,traffic_control_device,device_condition,weather_condition,lighting_condition,first_crash_type,trafficway_type,alignment,roadway_surface_cond,road_defect,report_type,crash_type,intersection_related_i,damage,date_police_notified,prim_contributory_cause,sec_contributory_cause,street_no,street_direction,street_name,beat_of_occurrence,num_units,most_severe_injury,injuries_total,injuries_fatal,injuries_incapacitating,injuries_non_incapacitating,injuries_reported_not_evident,injuries_no_indication,injuries_unknown,crash_hour,crash_day_of_week,crash_month,latitude,longitude,location,private_property_i,photos_taken_i,hit_and_run_i,statements_taken_i,crash_date_est_i,work_zone_i,work_zone_type,dooring_i,lane_cnt,workers_present_i
76a29d10b0342f1a62fbb9ad16b4221eae369edfe8ebb4eb39a7bdbbfc022d0418dd1d1c56c7bc53ebe189f77822949962e0408486e0c5fccac2ddb11cab1258,2025-08-07T16:00:00.000,15,NO CONTROLS,NO CONTROLS,CLEAR,DAYLIGHT,TURNING,PARKING LOT,STRAIGHT AND LEVEL,DRY,NO DEFECTS,NOT ON SCENE (DESK REPORT),NO INJURY / DRIVE AWAY,,"OVER $1,500",2025-08-08T12:00:00.000,IMPROPER OVERTAKING/PASSING,NOT APPLICABLE,3003,W,TOUHY AVE,2411,2,NO INDICATION OF INJURY,0,0,0,0,0,2,0,16,5,8,42.0118502765,-87.7046400854,"{'type': 'Point', 'coordinates': [-87.704640085447, 42.011850276505]}",,,,,,,,,,
9808f1db2214f655cddf4b5e9f6f192b8d9605864be127b040004ff14d5a98c5e810c29e963267b3281df49a91ecd2586624bcd038da69cd6daca1ea3104fc41,2025-08-07T15:51:00.000,30,NO CONTROLS,NO CONTROLS,CLEAR,DAYLIGHT,REAR END,ONE-WAY,STRAIGHT AND LEVEL,DRY,UNKNOWN,NOT ON SCENE (DESK REPORT),NO INJURY / DRIVE AWAY,,"OVER $1,500",2025-08-08T11:03:00.000,UNABLE TO DETERMINE,UNABLE TO DETERMINE,167,N,DESPLAINES ST,121,2,NO INDICATION OF INJURY,0,0,0,0,0,2,0,15,5,8,41.8850833736,-87.6440788717,"{'type': 'Point', 'coordinates': [-87.644078871666, 41.88508337356]}",,,,,,,,,,
af4a4d1a5149457af7663391006b63edb3f169692a957efe155fa7f5908dc57a8debd603fc5fd2acfd37cfcab7b900ba2e1728f229b14c35dd7276551176b8db,2025-08-07T15:50:00.000,30,TRAFFIC SIGNAL,UNKNOWN,CLEAR,DAYLIGHT,REAR END,NOT DIVIDED,STRAIGHT AND LEVEL,UNKNOWN,UNKNOWN,NOT ON SCENE (DESK REPORT),NO INJURY / DRIVE AWAY,,"OVER $1,500",2025-08-07T19:40:00.000,UNABLE TO DETERMINE,UNABLE TO DETERMINE,2199,N,AUSTIN AVE,2515,2,NO INDICATION OF INJURY,0,0,0,0,0,2,0,15,5,8,41.9205367298,-87.7754563107,"{'type': 'Point', 'coordinates': [-87.775456310656, 41.920536729807]}",,,,,,,,,,
a00393931b6dd464ec55b70db0dc3728a6ebb589efb49bb94347875e4cec39cd8faa0856c4594ac3fa2b2f979fdb5dc2679a99a41fe49c5f19f9ffbb66589aed,2025-08-07T15:45:00.000,10,NO CONTROLS,NO CONTROLS,CLEAR,DAYLIGHT,FIXED OBJECT,PARKING LOT,STRAIGHT AND LEVEL,DRY,NO DEFECTS,NOT ON SCENE (DESK REPORT),NO INJURY / DRIVE AWAY,,"$501 - $1,500",2025-08-08T07:45:00.000,UNABLE TO DETERMINE,NOT APPLICABLE,3145,S,ASHLAND AVE,912,1,NO INDICATION OF INJURY,0,0,0,0,0,1,0,15,5,8,41.8364683477,-87.6655669021,"{'type': 'Point', 'coordinates': [-87.665566902132, 41.836468347729]}",,,,,,,,,,
1dbf324f0ee7edebdc091920290eaed7246bf71a9c4c1a683c55f4d0bc6075a334a8192ca3fa68504220e6b66c0a8acb34058a3171a0899c0f98c5fee4289c7f,2025-08-07T15:40:00.000,30,NO CONTROLS,NO CONTROLS,CLEAR,DAYLIGHT,REAR END,DIVIDED - W/MEDIAN (NOT RAISED),STRAIGHT AND LEVEL,DRY,NO DEFECTS,NOT ON SCENE (DESK REPORT),NO INJURY / DRIVE AWAY,,"$501 - $1,500",2025-08-07T16:10:00.000,FAILING TO REDUCE SPEED TO AVOID CRASH,UNABLE TO DETERMINE,3345,N,LINCOLN AVE,1922,3,NO INDICATION OF INJURY,0,0,0,0,0,3,0,15,5,8,41.9426902383,-87.6705953117,"{'type': 'Point', 'coordinates': [-87.670595311683, 41.942690238266]}",,,,,,,,,,
bd221c87f0d903d7f937e59cbd542589fd33e30c0f9ca6e756bde9548a1296fa65567ceed843670df66528aaff8ea1a96584f4f39728cd046d4b53b18c764987,2025-08-07T15:40:00.000,30,UNKNOWN,UNKNOWN,CLEAR,DAYLIGHT,SIDESWIPE SAME DIRECTION,UNKNOWN,STRAIGHT AND LEVEL,DRY,UNKNOWN,NOT ON SCENE (DESK REPORT),NO INJURY / DRIVE AWAY,,"OVER $1,500",2025-08-07T16:15:00.000,UNABLE TO DETERMINE,UNABLE TO DETERMINE,251,W,63RD ST,722,2,NO INDICATION OF INJURY,0,0,0,0,0,2,0,15,5,8,41.7798491708,-87.6321374877,"{'type': 'Point', 'coordinates': [-87.632137487679, 41.779849170803]}",,,Y,,,,,,,
ca234b32f60e37b44aab311d989e73befd97317c45ee7039c51289b0157fa8a54d60c2c0986b2a239b04e0d922f821c1f8a2809898582adb121c6456628f8448,2025-08-07T15:40:00.000,30,UNKNOWN,UNKNOWN,CLEAR,DAYLIGHT,TURNING,NOT DIVIDED,STRAIGHT AND LEVEL,UNKNOWN,UNKNOWN,NOT ON SCENE (DESK REPORT),NO INJURY / DRIVE AWAY,,"OVER $1,500",2025-08-07T16:10:00.000,UNABLE TO DETERMINE,UNABLE TO DETERMINE,6933,W,HIGGINS AVE,1613,2,NO INDICATION OF INJURY,0,0,0,0,0,2,0,15,5,8,41.9797072199,-87.800991761,"{'type': 'Point', 'coordinates': [-87.80099176104, 41.97970721995]}",,,,,,,,,,
375e3d662d2d76b8798a55bc6c049ddc822411b5e2efac7d0b7a66c4c84878a831c708b140a1ec79cd0f9b114559a35fe897dd23067511143d093b458b81209d,2025-08-07T15:36:00.000,20,NO CONTROLS,NO CONTROLS,CLEAR,DAYLIGHT,PARKED MOTOR VEHICLE,NOT DIVIDED,STRAIGHT AND LEVEL,UNKNOWN,UNKNOWN,,NO INJURY / DRIVE AWAY,,"OVER $1,500",2025-08-08T09:20:00.000,UNABLE TO DETERMINE,UNABLE TO DETERMINE,5830,N,OCONTO AVE,1612,2,NO INDICATION OF INJURY,0,0,0,0,0,1,0,15,5,8,41.9873584164,-87.8084858248,"{'type': 'Point', 'coordinates': [-87.808485824765, 41.987358416378]}",,,Y,,,,,,,
f05e083f8ca387993f015ebbec732e10feb0cdcb6ce51210225feda10c3dc3f10a1e5458e4e89c91bf773ba0841beb140c8368e9df186687e25f9387abac84f6,2025-08-07T15:29:00.000,30,NO CONTROLS,NO CONTROLS,CLEAR,DAYLIGHT,PEDALCYCLIST,NOT DIVIDED,STRAIGHT AND LEVEL,DRY,NO DEFECTS,ON SCENE,INJURY AND / OR TOW DUE TO CRASH,Y,"$501 - $1,500",2025-08-07T15:32:00.000,IMPROPER OVERTAKING/PASSING,NOT APPLICABLE,341,W,79TH ST,623,2,NONINCAPACITATING INJURY,1,0,0,1,0,4,0,15,5,8,41.7506862056,-87.633459774,"{'type': 'Point', 'coordinates': [-87.633459774004, 41.750686205563]}",,,,,,,,,,
b234dd0aee9615bc566b2c4ae25db3eca9bc5f27ac30dc2c99d6c45659d3df5124a8a084641e1c1eb0a157e77d978c3417a14f95ebd4c18c08f887fc37eb4a82,2025-08-07T15:22:00.000,30,NO CONTROLS,NO CONTROLS,CLEAR,DAYLIGHT,FIXED OBJECT,DIVIDED - W/MEDIAN (NOT RAISED),STRAIGHT AND LEVEL,DRY,UNKNOWN,ON SCENE,INJURY AND / OR TOW DUE TO CRASH,,"OVER $1,500",2025-08-07T15:22:00.000,FAILING TO REDUCE SPEED TO AVOID CRASH,NOT APPLICABLE,7443,W,TALCOTT AVE,1612,1,NONINCAPACITATING INJURY,1,0,0,1,0,0,0,15,5,8,41.9886861022,-87.8131986714,"{'type': 'Point', 'coordinates': [-87.813198671448, 41.988686102185]}",,,,,,,,,,
268b76e68537f1230afd0332f6e216919abc152338032827b73062242600df4ec644deb41a1f619eadf6e55a7a132a8c7285b5820150e7cf4206e060c309c01d,2025-08-07T15:21:00.000,30,TRAFFIC SIGNAL,FUNCTIONING PROPERLY,CLEAR,DAYLIGHT,TURNING,FOUR WAY,STRAIGHT AND LEVEL,DRY,NO DEFECTS,ON SCENE,INJURY AND / OR TOW DUE TO CRASH,,"OVER $1,500",2025-08-07T16:39:00.000,IMPROPER TURNING/NO SIGNAL,NOT APPLICABLE,2929,E,83RD ST,423,2,NO INDICATION OF INJURY,0,0,0,0,0,2,0,15,5,8,41.7445293469,-87.5528188451,"{'type': 'Point', 'coordinates': [-87.552818845146, 41.744529346873]}",,,,,,,,,,
1bcd59aed27733679386ea8276bffc3f5dcc47fa35a85a7c0b37aa74a57a8a321c48f2c262ebe8f46933395e18398aeafd44a6ceefc6fcc73ae655d31a8d9c26,2025-08-07T15:20:00.000,30,NO CONTROLS,NO CONTROLS,CLEAR,DAYLIGHT,REAR END,NOT DIVIDED,STRAIGHT AND LEVEL,DRY,NO DEFECTS,ON SCENE,INJURY AND / OR TOW DUE TO CRASH,,"OVER $1,500",2025-08-07T15:23:00.000,UNABLE TO DETERMINE,NOT APPLICABLE,3844,W,55TH ST,822,3,NONINCAPACITATING INJURY,1,0,0,1,0,6,0,15,5,8,41.7933584941,-87.7200571386,"{'type': 'Point', 'coordinates': [-87.720057138587, 41.793358494089]}",,,Y,,,,,,,
95e36c69af7474a56cb99b11008b5d04b1de66055ea622d1b2b36c6afe277393ef564be8d22ba6db068dcc31e0ce56b57b435086ed21225195371ad9e2d42451,2025-08-07T15:20:00.000,30,TRAFFIC SIGNAL,FUNCTIONING PROPERLY,CLEAR,DAYLIGHT,TURNING,CENTER TURN LANE,STRAIGHT AND LEVEL,DRY,NO DEFECTS,NOT ON SCENE (DESK REPORT),NO INJURY / DRIVE AWAY,,"OVER $1,500",2025-08-07T15:40:00.000,UNABLE TO DETERMINE,NOT APPLICABLE,2366,N,DAMEN AVE,1432,2,NO INDICATION OF INJURY,0,0,0,0,0,3,0,15,5,8,41.9247378064,-87.6780291477,"{'type': 'Point', 'coordinates': [-87.678029147735, 41.924737806379]}",,,,,Y,,,,,
c5d1d7a8b86d51342765989857371f07b609a08296a3ace788d431c69de7ffceeef96150eaf5dd001346ebcadb23d962222c278ae94551ae77f03ead81e91110,2025-08-07T15:20:00.000,30,NO CONTROLS,NO CONTROLS,CLEAR,DAYLIGHT,SIDESWIPE SAME DIRECTION,ONE-WAY,STRAIGHT AND LEVEL,DRY,NO DEFECTS,NOT ON SCENE (DESK REPORT),NO INJURY / DRIVE AWAY,,$500 OR LESS,2025-08-07T15:20:00.000,UNABLE TO DETERMINE,NOT APPLICABLE,4736,N,MONTICELLO AVE,1723,2,NO INDICATION OF INJURY,0,0,0,0,0,2,0,15,5,8,41.9676200917,-87.7196005399,"{'type': 'Point', 'coordinates': [-87.719600539922, 41.967620091656]}",,,,,,,,,,
07abd7e39ab427677b2c27148aa0b0cb79ed46b4ebd7d9d8b5f8e792b9c126188a4efb8181e213abe574b1af9659319235b10dc02ff8158b9d8bd2e4f27edfc3,2025-08-07T15:17:00.000,30,NO CONTROLS,NO CONTROLS,CLEAR,DAYLIGHT,REAR END,DIVIDED - W/MEDIAN (NOT RAISED),STRAIGHT AND LEVEL,DRY,NO DEFECTS,NOT ON SCENE (DESK REPORT),INJURY AND / OR TOW DUE TO CRASH,,"OVER $1,500",2025-08-07T16:45:00.000,DISTRACTION - FROM INSIDE VEHICLE,UNABLE TO DETERMINE,813,W,76TH ST,621,2,"REPORTED, NOT EVIDENT",1,0,0,0,1,1,0,15,5,8,41.7559836921,-87.6447438207,"{'type': 'Point', 'coordinates': [-87.644743820728, 41.7559836921]}",,,,,,,,,,
ec31322d913b7876a9c0fc3634f409b1f04ba4a88392c48a19f80a42caaec591297cc4b077b71e73989a861dc7924e2cd11ea076980b5a65719d3d99fed252dc,2025-08-07T15:17:00.000,25,NO CONTROLS,NO CONTROLS,CLEAR,DAYLIGHT,PARKED MOTOR VEHICLE,ONE-WAY,STRAIGHT AND LEVEL,DRY,NO DEFECTS,NOT ON SCENE (DESK REPORT),NO INJURY / DRIVE AWAY,,"OVER $1,500",2025-08-07T15:50:00.000,UNABLE TO DETERMINE,UNABLE TO DETERMINE,1759,W,ADAMS ST,1225,2,NO INDICATION OF INJURY,0,0,0,0,0,1,0,15,5,8,41.8787094855,-87.6716007632,"{'type': 'Point', 'coordinates': [-87.67160076323, 41.878709485547]}",,,Y,,,,,,,
7dfe811b7ac5671923652e4351b4b63d0749c1ca064ce6f2a8cebfd8b9f9f3b58fcbad3d040508d23a05d02e70075e034f4b4abe36a5862d8aebefd9aff34e95,2025-08-07T15:15:00.000,30,TRAFFIC SIGNAL,FUNCTIONING PROPERLY,CLEAR,DAYLIGHT,TURNING,NOT DIVIDED,STRAIGHT AND LEVEL,DRY,UNKNOWN,NOT ON SCENE (DESK REPORT),NO INJURY / DRIVE AWAY,Y,"OVER $1,500",2025-08-07T18:00:00.000,IMPROPER LANE USAGE,DRIVING SKILLS/KNOWLEDGE/EXPERIENCE,1229,W,CORTLAND ST,1811,2,NO INDICATION OF INJURY,0,0,0,0,0,2,0,15,5,8,41.917001699,-87.6593945037,"{'type': 'Point', 'coordinates': [-87.659394503682, 41.917001698965]}",,,,,,,,,,
d8bf3d3378e7e827195400da24b62c1750d9589d6b91803c49f4705bf2c1046fe1d7be5697d832a159ac0beb7bf5ce3823132b20792c536831a24cac8417f2e7,2025-08-07T15:15:00.000,30,TRAFFIC SIGNAL,FUNCTIONING PROPERLY,CLEAR,DAYLIGHT,TURNING,FOUR WAY,STRAIGHT AND LEVEL,DRY,UNKNOWN,,INJURY AND / OR TOW DUE TO CRASH,Y,"OVER $1,500",2025-08-07T16:40:00.000,UNABLE TO DETERMINE,NOT APPLICABLE,6400,W,DIVERSEY AVE,2511,2,NO INDICATION OF INJURY,0,0,0,0,0,2,0,15,5,8,41.9311105226,-87.7857531685,"{'type': 'Point', 'coordinates': [-87.785753168537, 41.931110522613]}",,,,,,,,,,
29d0df6aa0c59730c9c9d04abdfce801bde17996368cf2f1eb87aad35d26cf13e33a29e14953eb5cd36131b60ce6ceb76c465b9132b2cc6db64954805d312f30,2025-08-07T15:11:00.000,30,STOP SIGN/FLASHER,NO CONTROLS,CLEAR,DAYLIGHT,ANGLE,FOUR WAY,STRAIGHT AND LEVEL,DRY,NO DEFECTS,ON SCENE,INJURY AND / OR TOW DUE TO CRASH,Y,"OVER $1,500",2025-08-07T15:11:00.000,FAILING TO YIELD RIGHT-OF-WAY,FAILING TO YIELD RIGHT-OF-WAY,801,W,HUBBARD ST,1214,2,NO INDICATION OF INJURY,0,0,0,0,0,4,0,15,5,8,41.8899753705,-87.6476647371,"{'type': 'Point', 'coordinates': [-87.647664737105, 41.889975370484]}",,,,,,,,,,
597017f027ea639fc1cb0f3182bb09a96d4cc8327fa49338eac1655416d2c370ff9b3d53cd5dc65d67bab5b7c78f8a2efd0bc0bb26e84e8274e5d47dcf95f73e,2025-08-07T15:11:00.000,30,NO CONTROLS,NO CONTROLS,CLEAR,DAYLIGHT,REAR END,NOT DIVIDED,STRAIGHT AND LEVEL,DRY,NO DEFECTS,ON SCENE,NO INJURY / DRIVE AWAY,,"OVER $1,500",2025-08-07T15:11:00.000,PHYSICAL CONDITION OF DRIVER,PHYSICAL CONDITION OF DRIVER,3759,N,PULASKI RD,1732,2,NO INDICATION OF INJURY,0,0,0,0,0,3,0,15,5,8,41.9498027781,-87.7273539261,"{'type': 'Point', 'coordinates': [-87.72735392605, 41.949802778063]}",N,,,,,,,,,
f1efe33ea4337f7b40af39efcf1700fc8cf0d934e1db16cf9982160584ed525e1e8a37fdf3a5cddf533d96d21a6fe7569426611c4b161c7c408074c24a542807,2025-08-07T15:07:00.000,30,STOP SIGN/FLASHER,FUNCTIONING PROPERLY,CLEAR,DAYLIGHT,TURNING,FOUR WAY,STRAIGHT AND LEVEL,DRY,UNKNOWN,NOT ON SCENE (DESK REPORT),NO INJURY / DRIVE AWAY,Y,"OVER $1,500",2025-08-07T17:00:00.000,IMPROPER TURNING/NO SIGNAL,NOT APPLICABLE,9200,S,STONY ISLAND AVE,413,2,NO INDICATION OF INJURY,0,0,0,0,0,2,0,15,5,8,41.7277274384,-87.5855943093,"{'type': 'Point', 'coordinates': [-87.585594309293, 41.727727438391]}",,,,,,,,,,
10202492138470451d62b29b656d6d7b2f0fe0b9b89f642cce7685f59ee0a3e77ea1a3f1a4be8c661d0f0fdc9e03e39128bf7e19801c218c3a5bc7b859d37b80,2025-08-07T15:06:00.000,30,NO CONTROLS,NO CONTROLS,CLEAR,DAYLIGHT,SIDESWIPE SAME DIRECTION,DIVIDED - W/MEDIAN (NOT RAISED),STRAIGHT AND LEVEL,DRY,NO DEFECTS,ON SCENE,NO INJURY / DRIVE AWAY,,"$501 - $1,500",2025-08-07T16:10:00.000,FAILING TO YIELD RIGHT-OF-WAY,UNABLE TO DETERMINE,898,N,MICHIGAN AVE,1833,2,NO INDICATION OF INJURY,0,0,0,0,0,2,0,15,5,8,41.8991675625,-87.6242736573,"{'type': 'Point', 'coordinates': [-87.624273657334, 41.899167562535]}",,,Y,,,,,,,
559d533b27c61148629ed31ad12e4f9161c9f8b245026d7b02fcfaed57bdf1e686b3f7855acc60d2011e59ef5bfd12cf513916099ef906437498edd5fd27c6d2,2025-08-07T15:00:00.000,30,STOP SIGN/FLASHER,NO CONTROLS,CLEAR,DAYLIGHT,TURNING,FOUR WAY,STRAIGHT ON GRADE,DRY,NO DEFECTS,,NO INJURY / DRIVE AWAY,Y,"OVER $1,500",2025-08-07T17:30:00.000,IMPROPER TURNING/NO SIGNAL,DRIVING SKILLS/KNOWLEDGE/EXPERIENCE,9900,S,PROSPECT AVE,2213,2,NO INDICATION OF INJURY,0,0,0,0,0,3,0,15,5,8,41.7138784509,-87.6634539866,"{'type': 'Point', 'coordinates': [-87.663453986593, 41.713878450892]}",,,,,,,,,,
6ecc8bc89d167a29707bc6080b7290222a036e0fd53d79f3175f4cefecffc6f4d9eeb03f11b1d59e8e20e4604b6ec178f1406687ac4e257c579f7cad7b0e4186,2025-08-07T15:00:00.000,30,UNKNOWN,UNKNOWN,UNKNOWN,UNKNOWN,PEDESTRIAN,UNKNOWN,STRAIGHT AND LEVEL,UNKNOWN,UNKNOWN,NOT ON SCENE (DESK REPORT),INJURY AND / OR TOW DUE TO CRASH,,"OVER $1,500",2025-08-09T17:15:00.000,UNABLE TO DETERMINE,UNABLE TO DETERMINE,413,N,CLARK ST,1831,2,NONINCAPACITATING INJURY,1,0,0,1,0,1,0,15,5,8,41.8895904692,-87.6309228883,"{'type': 'Point', 'coordinates': [-87.630922888307, 41.889590469223]}",,,,,,,,,,
990892a10733fce52aba78517c4a3163b653266c8b01f89e00f239150d7709f02bb96a8ba6eadcbf7e3ee7427884ed8d4245438f9c7cb4ca507eacf226981522,2025-08-07T15:00:00.000,30,STOP SIGN/FLASHER,FUNCTIONING PROPERLY,CLEAR,DAYLIGHT,TURNING,DIVIDED - W/MEDIAN BARRIER,STRAIGHT AND LEVEL,DRY,NO DEFECTS,NOT ON SCENE (DESK REPORT),NO INJURY / DRIVE AWAY,Y,"OVER $1,500",2025-08-07T16:00:00.000,FAILING TO YIELD RIGHT-OF-WAY,NOT APPLICABLE,9200,S,STONY ISLAND AVE,413,2,NO INDICATION OF INJURY,0,0,0,0,0,2,0,15,5,8,41.7277274384,-87.5855943093,"{'type': 'Point', 'coordinates': [-87.585594309293, 41.727727438391]}",,,,,,,,,,
dd21c372c45fb1cd5df2fd1651ab31f54f80ddc19039ff647436d88b48f0bdd8e7a85728cfc694b2c93549676dc054f31f10b91215a626f8f15709fe970043c0,2025-08-07T15:00:00.000,25,NO CONTROLS,NO CONTROLS,CLEAR,DAYLIGHT,PARKED MOTOR VEHICLE,NOT DIVIDED,STRAIGHT AND LEVEL,DRY,NO DEFECTS,ON SCENE,INJURY AND / OR TOW DUE TO CRASH,,"OVER $1,500",2025-08-08T08:20:00.000,UNABLE TO DETERMINE,UNABLE TO DETERMINE,6808,N,WAYNE AVE,2431,2,NO INDICATION OF INJURY,0,0,0,0,0,1,0,15,5,8,42.0057709728,-87.6651110904,"{'type': 'Point', 'coordinates': [-87.665111090379, 42.005770972847]}",,,Y,,Y,,,,,
fc66de7f0bc7620f609b42dd4a5420fc39b8db6bd196b7747c5f6499939eaef6b0c4082ff09e332d7dc76cbdbf60333f9e070bb8886cacd67094293c58b1289a,2025-08-07T15:00:00.000,30,NO CONTROLS,NO CONTROLS,CLEAR,DAYLIGHT,TURNING,DIVIDED - W/MEDIAN (NOT RAISED),STRAIGHT AND LEVEL,DRY,NO DEFECTS,NOT ON SCENE (DESK REPORT),NO INJURY / DRIVE AWAY,,"OVER $1,500",2025-08-07T16:00:00.000,DRIVING SKILLS/KNOWLEDGE/EXPERIENCE,UNABLE TO DETERMINE,3300,W,ADDISON ST,1733,2,NO INDICATION OF INJURY,0,0,0,0,0,2,0,15,5,8,41.9467043735,-87.7105010559,"{'type': 'Point', 'coordinates': [-87.710501055898, 41.946704373514]}",,,,,,,,,,
bb5272f98d25b1dcd3467cece74f822f56f6f665f40de7d5db7b501f767054ef3b23067a97646947beec75c3eec9543b3e6984db5b366c359bfaa274c0e87042,2025-08-07T14:57:00.000,30,TRAFFIC SIGNAL,FUNCTIONING PROPERLY,CLEAR,DAYLIGHT,TURNING,NOT DIVIDED,STRAIGHT AND LEVEL,DRY,NO DEFECTS,ON SCENE,NO INJURY / DRIVE AWAY,Y,"$501 - $1,500",2025-08-07T15:02:00.000,FAILING TO YIELD RIGHT-OF-WAY,NOT APPLICABLE,5463,S,ASHLAND AVE,934,2,NO INDICATION OF INJURY,0,0,0,0,0,6,0,14,5,8,41.7941186462,-87.6644384439,"{'type': 'Point', 'coordinates': [-87.664438443865, 41.794118646229]}",,,,,,,,,,
07da35f7ade23039f7f770e5bb3e8cf47cc7f9006659400d1cb9e07d808a1b27ca9560426e07c8d692955d4e4ac6859627b0eae5872e72a4b21ffd5f77837356,2025-08-07T14:55:00.000,25,NO CONTROLS,NO CONTROLS,CLEAR,DAYLIGHT,SIDESWIPE SAME DIRECTION,ONE-WAY,STRAIGHT AND LEVEL,DRY,NO DEFECTS,NOT ON SCENE (DESK REPORT),NO INJURY / DRIVE AWAY,,"OVER $1,500",2025-08-07T15:32:00.000,FAILING TO YIELD RIGHT-OF-WAY,NOT APPLICABLE,5038,N,AVERS AVE,1712,2,NO INDICATION OF INJURY,0,0,0,0,0,4,0,14,5,8,41.973087902,-87.7246717796,"{'type': 'Point', 'coordinates': [-87.724671779552, 41.973087902002]}",,,,,,,,,,
1f4a8571aa3be0bb3a4be7b9163ea49809e3809cba3615c3ba998a1faec3768b5bbd7524bd4d816b9c5bebc4b53f51f93ff2473bda7d04d65e63358b0e9950b5,2025-08-07T14:55:00.000,20,STOP SIGN/FLASHER,FUNCTIONING PROPERLY,CLEAR,DAYLIGHT,PEDESTRIAN,UNKNOWN INTERSECTION TYPE,STRAIGHT AND LEVEL,DRY,NO DEFECTS,ON SCENE,INJURY AND / OR TOW DUE TO CRASH,Y,$500 OR LESS,2025-08-07T14:55:00.000,UNABLE TO DETERMINE,UNABLE TO DETERMINE,6900,W,BARRY AVE,2511,2,INCAPACITATING INJURY,1,0,1,0,0,2,0,14,5,8,41.9364195158,-87.7981576934,"{'type': 'Point', 'coordinates': [-87.798157693381, 41.93641951578]}",,,N,,Y,,,,,
ae8123fdcdb23e204c819abc1b960cdef7488572e6d5dc7d25aacd13eba43f81bbb2b9addb323591b1e5177ca3bcc7861fa88b7b388dc2ef60ca5b9711793aac,2025-08-07T14:50:00.000,30,NO CONTROLS,NO CONTROLS,CLEAR,DAYLIGHT,TURNING,DIVIDED - W/MEDIAN (NOT RAISED),STRAIGHT AND LEVEL,DRY,NO DEFECTS,NOT ON SCENE (DESK REPORT),NO INJURY / DRIVE AWAY,,"$501 - $1,500",2025-08-07T15:45:00.000,IMPROPER OVERTAKING/PASSING,IMPROPER OVERTAKING/PASSING,4724,W,63RD ST,813,2,NO INDICATION OF INJURY,0,0,0,0,0,2,0,14,5,8,41.7785564793,-87.7407906468,"{'type': 'Point', 'coordinates': [-87.740790646842, 41.778556479294]}",,,,,,,,,,
da8ee2174b6deb7d7dc2fc9648add9042a10de5e46501a3d6249e4accb8d314217ee4d9c6c7cc33080caef72350eb6b8268429950c29a0a933c4cecf3406a27c,2025-08-07T14:45:00.000,30,STOP SIGN/FLASHER,FUNCTIONING PROPERLY,CLEAR,DAYLIGHT,ANGLE,FOUR WAY,STRAIGHT AND LEVEL,DRY,UNKNOWN,ON SCENE,INJURY AND / OR TOW DUE TO CRASH,Y,"OVER $1,500",2025-08-07T14:47:00.000,IMPROPER OVERTAKING/PASSING,NOT APPLICABLE,8500,S,RACINE AVE,613,2,NO INDICATION OF INJURY,0,0,0,0,0,3,0,14,5,8,41.7394839524,-87.6535841038,"{'type': 'Point', 'coordinates': [-87.653584103794, 41.73948395236]}",,,,,,,,,,
db29a47d3cb2d76238b4483cee2086bc71e662c081a217cfd27bb20ee080dd42f8bc4642a9277a30839375e4a611b39111718cfcced75638c67312c757058a72,2025-08-07T14:45:00.000,30,TRAFFIC SIGNAL,FUNCTIONING PROPERLY,CLEAR,DAYLIGHT,SIDESWIPE SAME DIRECTION,DIVIDED - W/MEDIAN (NOT RAISED),STRAIGHT AND LEVEL,DRY,NO DEFECTS,NOT ON SCENE (DESK REPORT),NO INJURY / DRIVE AWAY,Y,"OVER $1,500",2025-08-12T12:30:00.000,IMPROPER LANE USAGE,IMPROPER OVERTAKING/PASSING,3001,W,TOUHY AVE,2411,2,NO INDICATION OF INJURY,0,0,0,0,0,2,0,14,5,8,42.0118519859,-87.7045666631,"{'type': 'Point', 'coordinates': [-87.704566663059, 42.011851985938]}",,,,,,,,,,
ddbdda22ea5c8569ea3b0f97b1c2bd7b7b3a08cc5824ccaef278a455bd2ec22d3c19205e8b34d7cfcf7e1898875c61553f70cfbe79db390f95ec1e323d90514a,2025-08-07T14:45:00.000,30,TRAFFIC SIGNAL,FUNCTIONING PROPERLY,CLEAR,DAYLIGHT,SIDESWIPE SAME DIRECTION,FOUR WAY,STRAIGHT AND LEVEL,DRY,NO DEFECTS,NOT ON SCENE (DESK REPORT),INJURY AND / OR TOW DUE TO CRASH,Y,"$501 - $1,500",2025-08-07T16:21:00.000,IMPROPER OVERTAKING/PASSING,IMPROPER LANE USAGE,805,W,WASHINGTON BLVD,1224,2,"REPORTED, NOT EVIDENT",2,0,0,0,2,1,0,14,5,8,41.883033348,-87.6476380599,"{'type': 'Point', 'coordinates': [-87.647638059931, 41.883033348044]}",,,,,,,,,,
5b5b0a01251a156d8a5ca80bb7ca30e5b8e18bbacbc43ad4dcc99ea84a7f684447c02d57d75ad53e73b0abd68c4341ca810c19cbe7004377db3a8e01f873403d,2025-08-07T14:43:00.000,30,NO CONTROLS,NO CONTROLS,CLEAR,DAYLIGHT,PARKED MOTOR VEHICLE,NOT DIVIDED,STRAIGHT AND LEVEL,DRY,NO DEFECTS,ON SCENE,NO INJURY / DRIVE AWAY,,"OVER $1,500",2025-08-08T11:28:00.000,IMPROPER BACKING,IMPROPER BACKING,4548,S,WOLCOTT AVE,924,2,NO INDICATION OF INJURY,0,0,0,0,0,1,0,14,5,8,41.8107272194,-87.6724592897,"{'type': 'Point', 'coordinates': [-87.672459289671, 41.810727219399]}",,,Y,Y,,,,,,