crash_record_id,crash_date,posted_speed_limit,traffic_control_device,device_condition,weather_condition,lighting_condition,first_crash_type,trafficway_type,alignment,roadway_surface_cond,road_defect,report_type,crash_type,intersection_related_i,damage,date_police_notified,prim_contributory_cause,sec_contributory_cause,street_no,street_direction,street_name,beat_of_occurrence,num_units,most_severe_injury,injuries_total,injuries_fatal,injuries_incapacitating,injuries_non_incapacitating,injuries_reported_not_evident,injuries_no_indication,injuries_unknown,crash_hour,crash_day_of_week,crash_month,latitude,longitude,location,private_property_i,photos_taken_i,hit_and_run_i,statements_taken_i,crash_date_est_i,work_zone_i,work_zone_type,dooring_i,lane_cnt,workers_present_i
cee4538360f09ec000f98fcb1416f5420e57b11f8fbaff544b980ea3f04841a3a7f659de610e5d4782ef3f22b92d1e6b3f488725f3f30c25bbca85a8eb1a3d3a,2025-08-07T14:40:00.000,30,NO CONTROLS,NO CONTROLS,CLEAR,DAYLIGHT,PARKED MOTOR VEHICLE,NOT DIVIDED,STRAIGHT AND LEVEL,DRY,NO DEFECTS,NOT ON SCENE (DESK REPORT),NO INJURY / DRIVE AWAY,,"OVER $1,500",2025-08-07T16:40:00.000,UNABLE TO DETERMINE,NOT APPLICABLE,5744,W,CHICAGO AVE,1511,2,NO INDICATION OF INJURY,0,0,0,0,0,1,0,14,5,8,41.8949026967,-87.769513994,"{'type': 'Point', 'coordinates': [-87.769513994022, 41.894902696708]}",,,,,,,,,,
0482c61f298539c531b5009d8c0b5f03c1575661f25ba1ccd7ee667562b40045dd7876c43b8b608e21061a70aca06e28f3a715fe894845f79d7b0814e23d1759,2025-08-07T14:30:00.000,30,TRAFFIC SIGNAL,FUNCTIONING PROPERLY,CLEAR,DAYLIGHT,SIDESWIPE SAME DIRECTION,ONE-WAY,STRAIGHT AND LEVEL,DRY,UNKNOWN,NOT ON SCENE (DESK REPORT),NO INJURY / DRIVE AWAY,,"OVER $1,500",2025-08-08T15:30:00.000,UNABLE TO DETERMINE,UNABLE TO DETERMINE,1598,W,VAN BUREN ST,1231,2,NO INDICATION OF INJURY,0,0,0,0,0,2,0,14,5,8,41.8764606299,-87.6666220791,"{'type': 'Point', 'coordinates': [-87.666622079113, 41.876460629864]}",,,Y,,,,,,,
76860d7aeeccc90e9cb8d84d4addb20b06acdab2563460449f3e448b8959ffdb7546512c9a585cef5cca72fa154e408475600ea4d69454920c6e1cfc49f8982c,2025-08-07T14:30:00.000,30,TRAFFIC SIGNAL,FUNCTIONING PROPERLY,CLEAR,DAYLIGHT,SIDESWIPE SAME DIRECTION,ONE-WAY,STRAIGHT AND LEVEL,DRY,UNKNOWN,ON SCENE,NO INJURY / DRIVE AWAY,,"OVER $1,500",2025-08-07T15:39:00.000,UNABLE TO DETERMINE,NOT APPLICABLE,801,N,CLARK ST,1832,2,NO INDICATION OF INJURY,0,0,0,0,0,2,0,14,5,8,41.8967036455,-87.6310993464,"{'type': 'Point', 'coordinates': [-87.631099346405, 41.896703645475]}",,,Y,,,,,,,
82f13343595de8ba65a157427d64ecf0a5a35fcda1b1c8687fe1a75f21d538e3bea14f5f440d3d0487baef2b0cd2aa7ada3d115ba3ee8b4c5f3fab3cb4373a15,2025-08-07T14:30:00.000,30,TRAFFIC SIGNAL,FUNCTIONING PROPERLY,CLEAR,DAYLIGHT,REAR END,NOT DIVIDED,STRAIGHT AND LEVEL,DRY,NO DEFECTS,NOT ON SCENE (DESK REPORT),NO INJURY / DRIVE AWAY,,"OVER $1,500",2025-08-08T09:40:00.000,FAILING TO REDUCE SPEED TO AVOID CRASH,"OPERATING VEHICLE IN ERRATIC, RECKLESS, CARELESS, NEGLIGENT OR AGGRESSIVE MANNER",641,E,31ST DR,211,2,NO INDICATION OF INJURY,0,0,0,0,0,2,0,14,5,8,41.838429079,-87.6095882577,"{'type': 'Point', 'coordinates': [-87.609588257656, 41.83842907902]}",,,,,,,,,,
8b0cae8a7024033d0ab36cc83a91fc3c0632b5d360b3a661b9dad3deb0e60cce5d209f3f695adfcc287c9b45d9e07771de0b0871cf38b98bed471c15b3d3c029,2025-08-07T14:30:00.000,20,NO CONTROLS,NO CONTROLS,CLEAR,DAYLIGHT,SIDESWIPE OPPOSITE DIRECTION,PARKING LOT,STRAIGHT AND LEVEL,DRY,NO DEFECTS,NOT ON SCENE (DESK REPORT),NO INJURY / DRIVE AWAY,,"OVER $1,500",2025-08-08T11:45:00.000,IMPROPER BACKING,UNABLE TO DETERMINE,4555,W,NORTH AVE,2533,2,NO INDICATION OF INJURY,0,0,0,0,0,2,0,14,5,8,41.9095830105,-87.7407354901,"{'type': 'Point', 'coordinates': [-87.740735490088, 41.909583010456]}",Y,,,,,,,,,
8e168de4abc8ff17ea0691bcb3f138994d979e7585604fae24142ce74156aa6b4b88e38e66528a09c70cf7dbb6ac01a76f83c505691d54c5f222c416bd4e1806,2025-08-07T14:30:00.000,15,NO CONTROLS,NO CONTROLS,CLEAR,"DARKNESS, LIGHTED ROAD",PEDESTRIAN,UNKNOWN,STRAIGHT AND LEVEL,DRY,NO DEFECTS,ON SCENE,INJURY AND / OR TOW DUE TO CRASH,,"OVER $1,500",2025-08-07T15:00:00.000,DRIVING SKILLS/KNOWLEDGE/EXPERIENCE,NOT APPLICABLE,172,W,MADISON ST,122,2,"REPORTED, NOT EVIDENT",1,0,0,0,1,1,0,14,5,8,41.8820621828,-87.6330391152,"{'type': 'Point', 'coordinates': [-87.633039115193, 41.882062182826]}",Y,,Y,,,,,,,
ea7b96e9d37be6b49245f39f5b9656fd70f85ac1633413fcca1c7ec718d7c4b6389e92e3e565c38afdb2894e8c16e03b0935f4bc67f1c9094c1916ada189524c,2025-08-07T14:30:00.000,30,TRAFFIC SIGNAL,FUNCTIONING PROPERLY,CLEAR,DAYLIGHT,REAR END,NOT DIVIDED,STRAIGHT AND LEVEL,DRY,NO DEFECTS,NOT ON SCENE (DESK REPORT),NO INJURY / DRIVE AWAY,,"OVER $1,500",2025-08-07T15:30:00.000,FOLLOWING TOO CLOSELY,UNABLE TO DETERMINE,6600,S,DAMEN AVE,726,2,NO INDICATION OF INJURY,0,0,0,0,0,2,0,14,5,8,41.7737987995,-87.6739011736,"{'type': 'Point', 'coordinates': [-87.67390117362, 41.773798799455]}",,,,,,,,,,
9efb7e08071c89297881c38e3ef9d5301ad9c88bae23ec5f31c31376cc919c8105f10165aca5e3a08546ed21aa1adaf6b7dd6d32b410475cf1a96e7c6833a0e1,2025-08-07T14:25:00.000,30,NO CONTROLS,NO CONTROLS,CLEAR,DAYLIGHT,REAR END,NOT DIVIDED,STRAIGHT AND LEVEL,DRY,NO DEFECTS,NOT ON SCENE (DESK REPORT),NO INJURY / DRIVE AWAY,,"$501 - $1,500",2025-08-07T15:52:00.000,FOLLOWING TOO CLOSELY,FOLLOWING TOO CLOSELY,6252,N,MILWAUKEE AVE,1611,2,NO INDICATION OF INJURY,0,0,0,0,0,2,0,14,5,8,41.9949790502,-87.7858084888,"{'type': 'Point', 'coordinates': [-87.785808488834, 41.994979050227]}",,,Y,,,,,,,
32b2c1529490b3f264c0b5a04048563b1ceba00c340a7cf1424f97c3ac91b353c67b1d7d55fd76b395baacc25aaecb601da95f8aca58f8743f16ab41ea581a99,2025-08-07T14:21:00.000,30,NO CONTROLS,NO CONTROLS,CLEAR,DAYLIGHT,SIDESWIPE SAME DIRECTION,NOT DIVIDED,STRAIGHT AND LEVEL,DRY,UNKNOWN,,NO INJURY / DRIVE AWAY,,"OVER $1,500",2025-08-07T14:37:00.000,UNABLE TO DETERMINE,NOT APPLICABLE,3200,S,CALIFORNIA AVE,1033,2,NO INDICATION OF INJURY,0,0,0,0,0,2,0,14,5,8,41.8347137781,-87.6951018053,"{'type': 'Point', 'coordinates': [-87.695101805277, 41.834713778115]}",,,,,,,,,,
63232db2cc6c5a5f22318444d896d783110edb8fb6c8b4cd3578d58ca9c0cc4392592b00dfce53e5ab82cbe72fd96dcdc53a6d02381b056393b2169e637a8ad9,2025-08-07T14:20:00.000,30,NO CONTROLS,NO CONTROLS,CLEAR,DAYLIGHT,REAR END,NOT DIVIDED,STRAIGHT AND LEVEL,DRY,NO DEFECTS,,INJURY AND / OR TOW DUE TO CRASH,,"OVER $1,500",2025-08-07T14:45:00.000,FOLLOWING TOO CLOSELY,NOT APPLICABLE,3321,W,BELMONT AVE,1412,2,"REPORTED, NOT EVIDENT",1,0,0,0,1,1,0,14,5,8,41.9391856866,-87.7108956874,"{'type': 'Point', 'coordinates': [-87.710895687378, 41.939185686629]}",,,,,Y,,,,,
a3ea5b89f34c94e7c5d06f9546d6ac7c5cdfb19f9df2d0e0b7147c4a5c8cbfa4f98fa72dec425fd1b7a1b60b9661099018829e0c763daad130d55a21e2428c1e,2025-08-07T14:20:00.000,30,TRAFFIC SIGNAL,UNKNOWN,UNKNOWN,DAYLIGHT,REAR END,DIVIDED - W/MEDIAN (NOT RAISED),STRAIGHT AND LEVEL,UNKNOWN,UNKNOWN,NOT ON SCENE (DESK REPORT),NO INJURY / DRIVE AWAY,,"$501 - $1,500",2025-08-07T18:00:00.000,UNABLE TO DETERMINE,NOT APPLICABLE,2815,W,HOWARD ST,2411,2,NO INDICATION OF INJURY,0,0,0,0,0,2,0,14,5,8,42.0191994134,-87.7002152066,"{'type': 'Point', 'coordinates': [-87.700215206567, 42.019199413364]}",,,,,,,,,,
b2cc70b87d28d3e7906619303a52ef29fb5fc14f5c2bea30999d12d233ba429382dd9f05b85c92507cc165cb32fb5eebaea2794d0f31f918fefd23e6ba949158,2025-08-07T14:20:00.000,30,TRAFFIC SIGNAL,FUNCTIONING PROPERLY,CLEAR,DAYLIGHT,TURNING,NOT DIVIDED,STRAIGHT AND LEVEL,DRY,NO DEFECTS,ON SCENE,NO INJURY / DRIVE AWAY,Y,"$501 - $1,500",2025-08-07T14:25:00.000,DRIVING SKILLS/KNOWLEDGE/EXPERIENCE,UNABLE TO DETERMINE,1958,W,NORTH AVE,1434,2,NO INDICATION OF INJURY,0,0,0,0,0,2,0,14,5,8,41.9105851266,-87.6775327648,"{'type': 'Point', 'coordinates': [-87.67753276477, 41.910585126556]}",,,,,,,,,,
e2a2ff458ef2984e5fdf94ce05cdc01555c66144d65f5358e0d42d0a85bb3bb9dbcae111d0c08f304fb89218dfebc9126d693f871d31f749b02a20d04936c012,2025-08-07T14:20:00.000,30,NO CONTROLS,NO CONTROLS,CLEAR,DAYLIGHT,REAR END,DIVIDED - W/MEDIAN BARRIER,STRAIGHT AND LEVEL,DRY,UNKNOWN,NOT ON SCENE (DESK REPORT),NO INJURY / DRIVE AWAY,,"OVER $1,500",2025-08-07T14:30:00.000,FOLLOWING TOO CLOSELY,DRIVING SKILLS/KNOWLEDGE/EXPERIENCE,600,S,LAKE SHORE DR NB,114,2,NO INDICATION OF INJURY,0,0,0,0,0,2,0,14,5,8,41.8744704338,-87.6174861959,"{'type': 'Point', 'coordinates': [-87.617486195888, 41.874470433803]}",,,,,,,,,,
8c92bd063413b10d5e8102e4b71b3e7c5bc7976e56b76dc219f06ca2028793b21b4bf7e6ed9e0e59c3c2b653a98e043282b6d618a2ffdae23455caf3f04e3c9e,2025-08-07T14:16:00.000,25,NO CONTROLS,NO CONTROLS,CLEAR,DAYLIGHT,ANGLE,NOT DIVIDED,STRAIGHT AND LEVEL,DRY,UNKNOWN,NOT ON SCENE (DESK REPORT),NO INJURY / DRIVE AWAY,,"OVER $1,500",2025-08-07T16:15:00.000,UNABLE TO DETERMINE,NOT APPLICABLE,2548,S,HOMAN AVE,1024,2,NO INDICATION OF INJURY,0,0,0,0,0,2,0,14,5,8,41.8448198464,-87.7100607983,"{'type': 'Point', 'coordinates': [-87.710060798308, 41.844819846441]}",,,,,,,,,,
3e3e28fe1fca14f458bf95f2f74b87cac00ceca28dc9c9957a85e078416cab0870d20f043308ae8c9d5475c1782a1fecd161a07cfb6f14bd823df354cbeb8a92,2025-08-07T14:15:00.000,30,NO CONTROLS,NO CONTROLS,CLEAR,DAYLIGHT,REAR END,DIVIDED - W/MEDIAN (NOT RAISED),STRAIGHT AND LEVEL,UNKNOWN,UNKNOWN,NOT ON SCENE (DESK REPORT),NO INJURY / DRIVE AWAY,Y,"OVER $1,500",2025-08-07T15:01:00.000,UNABLE TO DETERMINE,NOT APPLICABLE,2800,N,CICERO AVE,2521,2,NO INDICATION OF INJURY,0,0,0,0,0,3,0,14,5,8,41.9315756084,-87.7467433011,"{'type': 'Point', 'coordinates': [-87.746743301136, 41.931575608446]}",,,Y,,,,,,,
40dde85e407c725aa922b5288aae3255ca544b814de3e65993f09901fa3a1b702c6dfe47d9af8a01f863cfa715f574216e62bbafcd03569f7cc60760d9afcb39,2025-08-07T14:15:00.000,25,UNKNOWN,UNKNOWN,CLEAR,DAYLIGHT,PARKED MOTOR VEHICLE,DIVIDED - W/MEDIAN (NOT RAISED),STRAIGHT AND LEVEL,DRY,NO DEFECTS,NOT ON SCENE (DESK REPORT),NO INJURY / DRIVE AWAY,,"OVER $1,500",2025-08-08T10:30:00.000,UNABLE TO DETERMINE,UNABLE TO DETERMINE,1448,E,75TH ST,324,2,NO INDICATION OF INJURY,0,0,0,0,0,1,0,14,5,8,41.758851593,-87.588851537,"{'type': 'Point', 'coordinates': [-87.588851536986, 41.758851592962]}",,,Y,,,,,,,
dc061297e0034a0a24cc5d76000c6049c0a375bd0ed484bf56cd33763ddc83814fef93bf6d9dcb2f2a0187d24912bff8b16f47a1f2607028ef43fbc6579e052e,2025-08-07T14:10:00.000,35,NO CONTROLS,NO CONTROLS,CLEAR,DAYLIGHT,SIDESWIPE SAME DIRECTION,NOT DIVIDED,STRAIGHT AND LEVEL,DRY,NO DEFECTS,NOT ON SCENE (DESK REPORT),NO INJURY / DRIVE AWAY,,"$501 - $1,500",2025-08-07T14:50:00.000,UNABLE TO DETERMINE,NOT APPLICABLE,5326,W,LAWRENCE AVE,1623,2,NO INDICATION OF INJURY,0,0,0,0,0,3,0,14,5,8,41.9679788384,-87.7605462619,"{'type': 'Point', 'coordinates': [-87.760546261892, 41.967978838386]}",,,Y,,,,,,,
7e12cbe965ac891fb5d59e46e771ecc2fe9a814077b1fe037d7b3386ac80680efc3062d6de5674a9291924bd082eab783c0f475b46afd41bf97ad0c436c6a06f,2025-08-07T14:08:00.000,30,NO CONTROLS,NO CONTROLS,CLEAR,DAYLIGHT,PARKED MOTOR VEHICLE,DIVIDED - W/MEDIAN (NOT RAISED),STRAIGHT AND LEVEL,DRY,NO DEFECTS,ON SCENE,INJURY AND / OR TOW DUE TO CRASH,,"OVER $1,500",2025-08-07T15:01:00.000,UNABLE TO DETERMINE,UNABLE TO DETERMINE,5510,W,LAKE ST,1523,3,NO INDICATION OF INJURY,0,0,0,0,0,1,0,14,5,8,41.8878480153,-87.7637935034,"{'type': 'Point', 'coordinates': [-87.763793503407, 41.88784801532]}",,,Y,,,,,,,
2d45a2272045b5a3f62f6dec01469f3c267cb6d4a24cf7c6967122831d03299d058e1ae2a262ca8a9a1c49e83c2f819b26e81006d9e1267f7abd2f1f674db18a,2025-08-07T14:07:00.000,30,TRAFFIC SIGNAL,FUNCTIONING PROPERLY,CLEAR,DAYLIGHT,ANGLE,NOT DIVIDED,STRAIGHT AND LEVEL,DRY,NO DEFECTS,ON SCENE,INJURY AND / OR TOW DUE TO CRASH,Y,"OVER $1,500",2025-08-07T14:07:00.000,FAILING TO YIELD RIGHT-OF-WAY,UNABLE TO DETERMINE,9900,S,MICHIGAN AVE,511,2,NO INDICATION OF INJURY,0,0,0,0,0,2,0,14,5,8,41.7146496793,-87.6205480055,"{'type': 'Point', 'coordinates': [-87.620548005498, 41.714649679334]}",,,,,,,,,,
a2ab61060ddfe9d2a17122209c144bd7b3b4e5caa75454cba9c3614a9e25875accc31cec0fc9f243c12a19219acc57b8b1d859ef7e2333d3811288abdd1d16a7,2025-08-07T14:05:00.000,45,NO CONTROLS,NO CONTROLS,CLEAR,DAYLIGHT,SIDESWIPE SAME DIRECTION,DIVIDED - W/MEDIAN BARRIER,STRAIGHT AND LEVEL,DRY,NO DEFECTS,ON SCENE,INJURY AND / OR TOW DUE TO CRASH,,"OVER $1,500",2025-08-07T14:09:00.000,UNABLE TO DETERMINE,UNABLE TO DETERMINE,3420,S,LAKE SHORE DR SB,211,3,"REPORTED, NOT EVIDENT",3,0,0,0,3,0,0,14,5,8,41.8322551015,-87.6071377919,"{'type': 'Point', 'coordinates': [-87.607137791923, 41.832255101478]}",,,,,,,,,,
384e93953bae3f56f45fef9e377e494c1f20d0f51b51d746bed334fa41a8969f6788da5499bd7fe9dcaf9a79ab7f25fb89c8bb535b1ad05b6eb07bfdb037e5c4,2025-08-07T14:00:00.000,30,NO CONTROLS,NO CONTROLS,CLEAR,DAYLIGHT,SIDESWIPE SAME DIRECTION,DIVIDED - W/MEDIAN (NOT RAISED),STRAIGHT AND LEVEL,DRY,NO DEFECTS,ON SCENE,NO INJURY / DRIVE AWAY,,"OVER $1,500",2025-08-07T14:11:00.000,UNABLE TO DETERMINE,NOT APPLICABLE,10000,W,OHARE ST,1651,2,NO INDICATION OF INJURY,0,0,0,0,0,2,0,14,5,8,41.976201139,-87.9053091251,"{'type': 'Point', 'coordinates': [-87.905309125103, 41.976201139024]}",,,,,,,,,,
951f8d13da866522524581c9b888294f19d7714f9163fb913e2db7972a7b16adc56ffcf036acdf288209b4dc053c83297031528d17e488a0adc52007e8823f2f,2025-08-07T14:00:00.000,30,NO CONTROLS,NO CONTROLS,CLEAR,DAYLIGHT,PARKED MOTOR VEHICLE,PARKING LOT,STRAIGHT AND LEVEL,DRY,NO DEFECTS,NOT ON SCENE (DESK REPORT),NO INJURY / DRIVE AWAY,,"$501 - $1,500",2025-08-07T15:19:00.000,FOLLOWING TOO CLOSELY,NOT APPLICABLE,6140,N,WESTERN AVE,2413,2,NO INDICATION OF INJURY,0,0,0,0,0,4,0,14,5,8,41.9934910289,-87.689891672,"{'type': 'Point', 'coordinates': [-87.689891671999, 41.993491028891]}",,,Y,,,,,,,
ee571c521e24feb1feefa49d3be4c7e34f34b12b591442479b16cdb34b943a421d6f6dbee3a7eb86b3c1b64f1231754db174f4bb985665409d006f8c6311d0bd,2025-08-07T14:00:00.000,30,NO CONTROLS,NO CONTROLS,CLEAR,DAYLIGHT,SIDESWIPE SAME DIRECTION,PARKING LOT,STRAIGHT AND LEVEL,DRY,NO DEFECTS,ON SCENE,NO INJURY / DRIVE AWAY,,"OVER $1,500",2025-08-07T15:25:00.000,UNABLE TO DETERMINE,NOT APPLICABLE,70,E,GARFIELD BLVD,225,2,NO INDICATION OF INJURY,0,0,0,0,0,5,0,14,5,8,41.7947940243,-87.6229151036,"{'type': 'Point', 'coordinates': [-87.62291510355, 41.794794024265]}",,,,,,,,,,
f22b60df94271aa58cc06b369b7582bc032914364b829b050940ba732ecf3b4dc5402a281284e9240b2f848de30f03aec934d04ac9629cc0f584142e3e106890,2025-08-07T14:00:00.000,30,TRAFFIC SIGNAL,FUNCTIONING PROPERLY,CLEAR,DAYLIGHT,REAR END,NOT DIVIDED,STRAIGHT AND LEVEL,DRY,NO DEFECTS,NOT ON SCENE (DESK REPORT),NO INJURY / DRIVE AWAY,,"OVER $1,500",2025-08-07T15:00:00.000,UNABLE TO DETERMINE,UNABLE TO DETERMINE,3409,S,DAMEN AVE,912,2,NO INDICATION OF INJURY,0,0,0,0,0,2,0,14,5,8,41.8318416138,-87.675168404,"{'type': 'Point', 'coordinates': [-87.675168403983, 41.831841613756]}",,,,,,,,,,
f8faf23eb7a041b5d192e0d1f1c9f58c800b7a993abbb81269a23f86982573c2fda763f96c17c74775de3a8400376b3063bacf63e6b31738805452122d27c15b,2025-08-07T13:57:00.000,30,STOP SIGN/FLASHER,FUNCTIONING PROPERLY,CLEAR,DAYLIGHT,TURNING,T-INTERSECTION,STRAIGHT AND LEVEL,DRY,NO DEFECTS,NOT ON SCENE (DESK REPORT),NO INJURY / DRIVE AWAY,Y,"OVER $1,500",2025-08-07T14:30:00.000,UNABLE TO DETERMINE,NOT APPLICABLE,4900,N,CICERO AVE,1623,2,NO INDICATION OF INJURY,0,0,0,0,0,2,0,13,5,8,41.969891699,-87.7480074302,"{'type': 'Point', 'coordinates': [-87.748007430224, 41.969891699049]}",,,,,,,,,,
48e76b8d087aca8976928af64bdc70d5136cdee1ff24da2371b9cec3b7173fc9aadb255fda3ab1868321b430439c56ed5893c6d82851e58887a85d8a17d08fad,2025-08-07T13:55:00.000,30,TRAFFIC SIGNAL,FUNCTIONING PROPERLY,CLEAR,DAYLIGHT,TURNING,DIVIDED - W/MEDIAN (NOT RAISED),STRAIGHT AND LEVEL,DRY,NO DEFECTS,NOT ON SCENE (DESK REPORT),NO INJURY / DRIVE AWAY,,"OVER $1,500",2025-08-07T15:00:00.000,UNABLE TO DETERMINE,NOT APPLICABLE,5701,N,BROADWAY,2022,2,NO INDICATION OF INJURY,0,0,0,0,0,2,0,13,5,8,41.9854791879,-87.6599788425,"{'type': 'Point', 'coordinates': [-87.659978842493, 41.985479187915]}",,,,,,Y,CONSTRUCTION,,,
e55b5bb09a378c1d99bdb9f919c441eab35db5ff6d8d7798660803bfaa781c5f83f50c59418f06f86bc56653c722c33777ca82492ef8e451d1cffaf5ff0ccdc3,2025-08-07T13:50:00.000,30,NO CONTROLS,NO CONTROLS,CLEAR,DAYLIGHT,PARKED MOTOR VEHICLE,DIVIDED - W/MEDIAN BARRIER,STRAIGHT AND LEVEL,DRY,NO DEFECTS,NOT ON SCENE (DESK REPORT),NO INJURY / DRIVE AWAY,,"OVER $1,500",2025-08-08T07:10:00.000,DRIVING SKILLS/KNOWLEDGE/EXPERIENCE,NOT APPLICABLE,71,S,LOWER WACKER DR,122,2,NO INDICATION OF INJURY,0,0,0,0,0,2,0,13,5,8,41.8807837324,-87.6365542558,"{'type': 'Point', 'coordinates': [-87.636554255761, 41.880783732367]}",,,,,,,,,,
5e2bacdb6e9e0d8ddfc3645d897ee99e503eabd1099e9276c2f29b3bd09d79019382e1ca4d5b39be91263a1c051bc4eda744cc41b2bd23422f778ca9a9e25bc1,2025-08-07T13:47:00.000,30,NO CONTROLS,NO CONTROLS,CLEAR,DAYLIGHT,PARKED MOTOR VEHICLE,NOT DIVIDED,STRAIGHT AND LEVEL,DRY,NO DEFECTS,ON SCENE,NO INJURY / DRIVE AWAY,,"$501 - $1,500",2025-08-07T13:54:00.000,UNABLE TO DETERMINE,NOT APPLICABLE,4616,N,KENMORE AVE,1914,2,NO INDICATION OF INJURY,0,0,0,0,0,1,0,13,5,8,41.9659932245,-87.6563419671,"{'type': 'Point', 'coordinates': [-87.656341967082, 41.965993224527]}",,,N,,,,,,,
960c8e7bbf47a51ffcd21ee28b9e7946dba6f6f39192db5b75b2518a9f880f9768d99c70fb17373067f4bf18592946b46da4691d5a8b72fc77b294b62e37e56f,2025-08-07T13:45:00.000,20,NO CONTROLS,NO CONTROLS,CLEAR,DAYLIGHT,REAR END,OTHER,STRAIGHT AND LEVEL,UNKNOWN,UNKNOWN,NOT ON SCENE (DESK REPORT),NO INJURY / DRIVE AWAY,,"OVER $1,500",2025-08-07T14:05:00.000,IMPROPER BACKING,IMPROPER BACKING,9802,S,HALSTED ST,2223,2,NO INDICATION OF INJURY,0,0,0,0,0,2,0,13,5,8,41.7158047701,-87.6432082532,"{'type': 'Point', 'coordinates': [-87.643208253244, 41.715804770128]}",,,,,,,,,,
be058ec911a159789ca0a973911e5d932c8c90066aca1fde3c3b8fda75db15b243c818c6df11ad709cb7a1f6372498df98d916b75a09ce4f531058927eeee091,2025-08-07T13:45:00.000,30,NO CONTROLS,NO CONTROLS,CLEAR,DAYLIGHT,PARKED MOTOR VEHICLE,DIVIDED - W/MEDIAN BARRIER,STRAIGHT AND LEVEL,DRY,NO DEFECTS,NOT ON SCENE (DESK REPORT),NO INJURY / DRIVE AWAY,,"OVER $1,500",2025-08-10T12:15:00.000,UNABLE TO DETERMINE,UNABLE TO DETERMINE,233,S,LOWER WACKER DR,122,2,NO INDICATION OF INJURY,0,0,0,0,0,2,0,13,5,8,41.8785600753,-87.6364871464,"{'type': 'Point', 'coordinates': [-87.636487146353, 41.878560075262]}",,,,,,,,,,
b343a20981a8908827ace178cfbd421640e4b1e5f02bb80c9b371a3943e7214321e1eda15ebbc3c2101043bc6187d6b318434d8dea040c45bc7bd63b56e9b605,2025-08-07T13:40:00.000,15,NO CONTROLS,NO CONTROLS,CLEAR,DAYLIGHT,TURNING,ONE-WAY,STRAIGHT AND LEVEL,DRY,UNKNOWN,NOT ON SCENE (DESK REPORT),NO INJURY / DRIVE AWAY,,"OVER $1,500",2025-08-07T14:30:00.000,DRIVING SKILLS/KNOWLEDGE/EXPERIENCE,DRIVING SKILLS/KNOWLEDGE/EXPERIENCE,1399,S,WASHTENAW AVE,1023,2,NO INDICATION OF INJURY,0,0,0,0,0,2,0,13,5,8,41.862831836,-87.6931593709,"{'type': 'Point', 'coordinates': [-87.693159370946, 41.862831835972]}",,,,,,,,,,
b6adcae0b822af71a1f3debaf67ebe0e202022b9d5289b3260bd76f839b27ccecf27805cb2af8e1b9839dbaf779f2ff810e43c89156976b1e19493118905bd2a,2025-08-07T13:40:00.000,30,NO CONTROLS,FUNCTIONING PROPERLY,CLEAR,DAYLIGHT,SIDESWIPE SAME DIRECTION,NOT DIVIDED,STRAIGHT AND LEVEL,DRY,NO DEFECTS,NOT ON SCENE (DESK REPORT),NO INJURY / DRIVE AWAY,,"$501 - $1,500",2025-08-07T15:51:00.000,UNABLE TO DETERMINE,NOT APPLICABLE,1765,W,LAWRENCE AVE,1912,2,NO INDICATION OF INJURY,0,0,0,0,0,2,0,13,5,8,41.9687189527,-87.6735918844,"{'type': 'Point', 'coordinates': [-87.673591884352, 41.968718952658]}",,,,,,,,,,
1d1c76c3b261e13018a54ee612dc3d867ddffb58061fb964ffd6306ec233f057e2516ad9037b6576b4e3cbdd89efee3b06665d989f760001a602d761c5fcddc0,2025-08-07T13:30:00.000,30,OTHER WARNING SIGN,NO CONTROLS,CLEAR,DAYLIGHT,SIDESWIPE SAME DIRECTION,NOT DIVIDED,STRAIGHT AND LEVEL,DRY,NO DEFECTS,NOT ON SCENE (DESK REPORT),NO INJURY / DRIVE AWAY,,"OVER $1,500",2025-08-07T16:51:00.000,FOLLOWING TOO CLOSELY,NOT APPLICABLE,600,S,ASHLAND AVE,1231,2,NO INDICATION OF INJURY,0,0,0,0,0,2,0,13,5,8,41.8741332734,-87.6667440829,"{'type': 'Point', 'coordinates': [-87.66674408286, 41.874133273384]}",,,Y,,,,,,,
43eb7895123af4e326ecb65e72fc9cc8df957c4683e61cc3350517ca90e60900c3bad424b88c520e6958825dd3e01e3c5725839038f8421874635fad009ae902,2025-08-07T13:30:00.000,30,NO CONTROLS,NO CONTROLS,CLEAR,DAYLIGHT,PARKED MOTOR VEHICLE,ONE-WAY,STRAIGHT AND LEVEL,DRY,NO DEFECTS,NOT ON SCENE (DESK REPORT),NO INJURY / DRIVE AWAY,,"$501 - $1,500",2025-08-07T18:15:00.000,UNABLE TO DETERMINE,UNABLE TO DETERMINE,5517,N,KENMORE AVE,2023,2,NO INDICATION OF INJURY,0,0,0,0,0,1,0,13,5,8,41.9824031856,-87.6564346399,"{'type': 'Point', 'coordinates': [-87.656434639879, 41.982403185612]}",,,Y,,,,,,,
4c3815487f72b874590fb04150534a8efd0b1e3d9d3f1d83ffd0675727f684015afc4cce0484c3b86236e28141eb6532cdc5069d2dba534fceb7a4fa6307d90e,2025-08-07T13:30:00.000,30,TRAFFIC SIGNAL,NOT FUNCTIONING,CLEAR,DAYLIGHT,ANGLE,DIVIDED - W/MEDIAN (NOT RAISED),STRAIGHT AND LEVEL,DRY,NO DEFECTS,NOT ON SCENE (DESK REPORT),INJURY AND / OR TOW DUE TO CRASH,,"OVER $1,500",2025-08-07T14:10:00.000,FAILING TO YIELD RIGHT-OF-WAY,NOT APPLICABLE,2200,N,KIMBALL AVE,1413,2,NO INDICATION OF INJURY,0,0,0,0,0,3,0,13,5,8,41.9210450517,-87.7121415249,"{'type': 'Point', 'coordinates': [-87.712141524909, 41.921045051664]}",,,,,,,,,,