crash_record_id,crash_date,posted_speed_limit,traffic_control_device,device_condition,weather_condition,lighting_condition,first_crash_type,trafficway_type,alignment,roadway_surface_cond,road_defect,report_type,crash_type,intersection_related_i,damage,date_police_notified,prim_contributory_cause,sec_contributory_cause,street_no,street_direction,street_name,beat_of_occurrence,num_units,most_severe_injury,injuries_total,injuries_fatal,injuries_incapacitating,injuries_non_incapacitating,injuries_reported_not_evident,injuries_no_indication,injuries_unknown,crash_hour,crash_day_of_week,crash_month,latitude,longitude,location,private_property_i,photos_taken_i,hit_and_run_i,statements_taken_i,crash_date_est_i,work_zone_i,work_zone_type,dooring_i,lane_cnt,workers_present_i
80a755bf3495efa04ab67f732484b55a21beecbd5e7a27102bee33b6f16aeb5adcdc190abfce65d254401efad7c6dd622fb881135242a93fed6ec17af83ff66d,2025-08-07T13:30:00.000,30,NO CONTROLS,NO CONTROLS,CLEAR,DAYLIGHT,SIDESWIPE SAME DIRECTION,NOT DIVIDED,STRAIGHT AND LEVEL,DRY,UNKNOWN,NOT ON SCENE (DESK REPORT),NO INJURY / DRIVE AWAY,,"OVER $1,500",2025-08-07T15:40:00.000,FAILING TO YIELD RIGHT-OF-WAY,NOT APPLICABLE,554,W,ROOSEVELT RD,124,2,NO INDICATION OF INJURY,0,0,0,0,0,2,0,13,5,8,41.8673414957,-87.6414141413,"{'type': 'Point', 'coordinates': [-87.641414141304, 41.86734149568]}",,,,,,,,,,
e94f82b2e704f9a7bbbf85d84c242c3a0a47a33c531094f9ade1ca3766a2e3736b84422a7ab03834edab6e30cb2303b5ad8cef527151d76dffc7968a6920116f,2025-08-07T13:30:00.000,30,UNKNOWN,UNKNOWN,CLEAR,DAYLIGHT,SIDESWIPE SAME DIRECTION,DIVIDED - W/MEDIAN BARRIER,STRAIGHT AND LEVEL,UNKNOWN,UNKNOWN,NOT ON SCENE (DESK REPORT),NO INJURY / DRIVE AWAY,,"OVER $1,500",2025-08-07T14:50:00.000,UNABLE TO DETERMINE,UNABLE TO DETERMINE,1200,S,LAKE SHORE DR NB,132,2,NO INDICATION OF INJURY,0,0,0,0,0,2,0,13,5,8,41.8674842272,-87.6191503834,"{'type': 'Point', 'coordinates': [-87.619150383382, 41.867484227164]}",,,Y,,,,,,,
5ee5b4bc58b93d14f71d4f788cd32da0d5b76180bdd2082880664317b5b300de059ddfb91e1790426661865ce8fe2591bc1491eeb532287209f7c0e6b5ab7e19,2025-08-07T13:28:00.000,15,NO CONTROLS,NO CONTROLS,CLEAR,DAYLIGHT,PARKED MOTOR VEHICLE,PARKING LOT,STRAIGHT AND LEVEL,DRY,NO DEFECTS,NOT ON SCENE (DESK REPORT),NO INJURY / DRIVE AWAY,,"OVER $1,500",2025-08-08T11:30:00.000,UNABLE TO DETERMINE,NOT APPLICABLE,623,W,MONROE ST,121,2,NO INDICATION OF INJURY,0,0,0,0,0,1,0,13,5,8,41.8804249815,-87.6436547658,"{'type': 'Point', 'coordinates': [-87.643654765764, 41.880424981529]}",,,Y,,,,,,,
d8fea711fb84f9dd2026b0bdae16c20c5bf219913c5239fda061da432b31e34a34a0ee500c1a1c35fbf02577a3344f51ffd6ec239d54d5fc2709966438e83e13,2025-08-07T13:28:00.000,35,NO CONTROLS,NO CONTROLS,CLEAR,DAYLIGHT,REAR END,DIVIDED - W/MEDIAN BARRIER,STRAIGHT ON GRADE,DRY,NO DEFECTS,NOT ON SCENE (DESK REPORT),NO INJURY / DRIVE AWAY,,"OVER $1,500",2025-08-07T14:35:00.000,UNABLE TO DETERMINE,NOT APPLICABLE,6200,S,LAKE SHORE DR,331,2,NO INDICATION OF INJURY,0,0,0,0,0,2,0,13,5,8,41.7824286294,-87.5758922137,"{'type': 'Point', 'coordinates': [-87.575892213744, 41.782428629351]}",,,,,,,,,,
719d4352f3fde8dfc8ebe2b79ce1e099cb63b84a8b72148f026345a4238a6f4275347633b79b2f74c61c1e2846c1f7f605d907a02a3ecbf340808bf792f3d7ea,2025-08-07T13:25:00.000,10,NO CONTROLS,NO CONTROLS,CLEAR,DAYLIGHT,SIDESWIPE SAME DIRECTION,ONE-WAY,STRAIGHT AND LEVEL,DRY,UNKNOWN,NOT ON SCENE (DESK REPORT),NO INJURY / DRIVE AWAY,,"OVER $1,500",2025-08-08T15:40:00.000,FAILING TO YIELD RIGHT-OF-WAY,UNABLE TO DETERMINE,7723,S,MERRILL AVE,414,2,NO INDICATION OF INJURY,0,0,0,0,0,2,0,13,5,8,41.7545761978,-87.572238477,"{'type': 'Point', 'coordinates': [-87.572238477001, 41.754576197838]}",,,,,,,,,,
d39cbfa06fac3c1d01e5f9cfea0b3aae3f2856eefe583834a239bbb55dd484191e352c193365b85e126f3a2a3a56e62d10744b93c2da2051e439c904469348df,2025-08-07T13:25:00.000,30,TRAFFIC SIGNAL,FUNCTIONING PROPERLY,CLEAR,DAYLIGHT,SIDESWIPE SAME DIRECTION,NOT DIVIDED,STRAIGHT AND LEVEL,DRY,NO DEFECTS,ON SCENE,NO INJURY / DRIVE AWAY,Y,"$501 - $1,500",2025-08-07T13:52:00.000,UNABLE TO DETERMINE,UNABLE TO DETERMINE,2200,S,WESTERN AVE,1034,2,NO INDICATION OF INJURY,0,0,0,0,0,3,0,13,5,8,41.8519838396,-87.6857857042,"{'type': 'Point', 'coordinates': [-87.685785704205, 41.851983839573]}",,,,,,,,,,
a13f7314843be04879ad65f2570334bb182362e4d570d41ff682b2d5fbf01c40cb7b507640bb2d2014190a64cfa143cda4ae2e7d82ca9c258bb7e7f0b2f40afa,2025-08-07T13:22:00.000,30,TRAFFIC SIGNAL,FUNCTIONING PROPERLY,CLEAR,DAYLIGHT,PARKED MOTOR VEHICLE,NOT DIVIDED,STRAIGHT AND LEVEL,DRY,UNKNOWN,ON SCENE,INJURY AND / OR TOW DUE TO CRASH,,"OVER $1,500",2025-08-07T13:24:00.000,UNABLE TO DETERMINE,UNABLE TO DETERMINE,3757,W,DIVISION ST,1112,2,NO INDICATION OF INJURY,0,0,0,0,0,1,0,13,5,8,41.9026043029,-87.7212772887,"{'type': 'Point', 'coordinates': [-87.721277288717, 41.902604302941]}",,,Y,,,,,,,
e2345be60b0698fc1850ebfc376c8dc8aac3539c461ae0131d7c2a881e7a4e393fe062156a6a3a1c6ab9aa8e657d923255385de26fac1f78f86beb59f08cad2f,2025-08-07T13:20:00.000,30,UNKNOWN,UNKNOWN,CLEAR,DAYLIGHT,REAR END,NOT DIVIDED,STRAIGHT AND LEVEL,UNKNOWN,UNKNOWN,NOT ON SCENE (DESK REPORT),NO INJURY / DRIVE AWAY,,"OVER $1,500",2025-08-07T15:15:00.000,UNABLE TO DETERMINE,UNABLE TO DETERMINE,400,N,LAKE SHORE DR,1834,2,NO INDICATION OF INJURY,0,0,0,0,0,2,0,13,5,8,41.8894184002,-87.6142701882,"{'type': 'Point', 'coordinates': [-87.614270188222, 41.889418400236]}",,,,,,,,,,
2f47393d12220d6695cca26db57abc1d81e7be19df0feacfffec8fc04e056a6bfda778c3c5c95eb2d597a29a7d9287e3a81b97d9adab6d6fb99e079c1bacab3c,2025-08-07T13:15:00.000,30,NO CONTROLS,NO CONTROLS,CLEAR,DAYLIGHT,ANGLE,NOT DIVIDED,STRAIGHT AND LEVEL,DRY,NO DEFECTS,NOT ON SCENE (DESK REPORT),NO INJURY / DRIVE AWAY,,"OVER $1,500",2025-08-07T15:35:00.000,FAILING TO YIELD RIGHT-OF-WAY,NOT APPLICABLE,2856,W,GRAND AVE,1221,2,NO INDICATION OF INJURY,0,0,0,0,0,2,0,13,5,8,41.8953538452,-87.6989125103,"{'type': 'Point', 'coordinates': [-87.698912510256, 41.895353845168]}",,,,,,,,,,
63c0b7eabd47b95cd99dc2f92de287984d23589a78c3d5ff8d1968c376bd631b547e418dedddca04c35788e935b137d8777665741f94b76139ee448a6392236e,2025-08-07T13:15:00.000,30,NO CONTROLS,NO CONTROLS,CLEAR,DAYLIGHT,PEDALCYCLIST,NOT DIVIDED,STRAIGHT AND LEVEL,DRY,NO DEFECTS,ON SCENE,INJURY AND / OR TOW DUE TO CRASH,,"OVER $1,500",2025-08-07T13:30:00.000,FAILING TO REDUCE SPEED TO AVOID CRASH,UNABLE TO DETERMINE,737,N,LARAMIE AVE,1531,2,NONINCAPACITATING INJURY,1,0,0,1,0,2,0,13,5,8,41.8941115899,-87.7554231431,"{'type': 'Point', 'coordinates': [-87.755423143134, 41.894111589872]}",,,,,,,,,,
a3096d2ec517ad48da443edf5c567a98e7e89dca7b1a7bb5cee89ce5b8613204417aa1bc563f9c777d63d5ce40ae2babf3d491ded4ad9bc70c0c36c260c06ef3,2025-08-07T13:14:00.000,30,NO CONTROLS,NO CONTROLS,CLEAR,DAYLIGHT,TURNING,NOT DIVIDED,STRAIGHT AND LEVEL,DRY,NO DEFECTS,ON SCENE,NO INJURY / DRIVE AWAY,,$500 OR LESS,2025-08-07T14:52:00.000,UNABLE TO DETERMINE,NOT APPLICABLE,4359,S,ARCHER AVE,922,2,NO INDICATION OF INJURY,0,0,0,0,0,2,0,13,5,8,41.8142899587,-87.7036910477,"{'type': 'Point', 'coordinates': [-87.703691047733, 41.814289958734]}",,,,,,,,,,
7047f40f8bb3a2ff839550185fcdb1e4c9853c8121ee5d7d0c3480276ae6a2718dd63a4e5eb05332bae0fd811962eaae12af47a9c7602453498ed47a15be1676,2025-08-07T13:07:00.000,30,NO CONTROLS,NO CONTROLS,CLEAR,DAYLIGHT,REAR END,DIVIDED - W/MEDIAN (NOT RAISED),STRAIGHT AND LEVEL,DRY,NO DEFECTS,NOT ON SCENE (DESK REPORT),INJURY AND / OR TOW DUE TO CRASH,,"$501 - $1,500",2025-08-07T13:50:00.000,FAILING TO REDUCE SPEED TO AVOID CRASH,UNABLE TO DETERMINE,2600,N,WESTERN AVE,1411,3,NONINCAPACITATING INJURY,1,0,0,1,0,3,0,13,5,8,41.9286697899,-87.6879222355,"{'type': 'Point', 'coordinates': [-87.687922235539, 41.92866978991]}",,,,,,,,,,
ca779db478546983108b11ee49724b307a537f438b685c680d7a54d6f407b3a64260bac9979c184c587b2da60d3cba0409a415ad392991290c668cbe1fa01d9b,2025-08-07T13:07:00.000,20,NO CONTROLS,NO CONTROLS,CLEAR,DAYLIGHT,PARKED MOTOR VEHICLE,PARKING LOT,STRAIGHT AND LEVEL,DRY,NO DEFECTS,NOT ON SCENE (DESK REPORT),NO INJURY / DRIVE AWAY,,"$501 - $1,500",2025-08-07T13:12:00.000,IMPROPER BACKING,NOT APPLICABLE,3500,N,KIMBALL AVE,1732,2,NO INDICATION OF INJURY,0,0,0,0,0,1,0,13,5,8,41.9448810738,-87.7128050888,"{'type': 'Point', 'coordinates': [-87.712805088759, 41.944881073845]}",Y,,Y,,,,,,,
3f71be6d2c73595f5981878cb23be0829f90c2b9bb5b4f3e211f422ddbb8df3a539a94d11f02665af0ec9bde69747f0f4d831b81357de851ab935b46ad0e1bdd,2025-08-07T13:04:00.000,30,TRAFFIC SIGNAL,FUNCTIONING PROPERLY,CLEAR,DAYLIGHT,REAR END,DIVIDED - W/MEDIAN (NOT RAISED),STRAIGHT AND LEVEL,DRY,NO DEFECTS,NOT ON SCENE (DESK REPORT),NO INJURY / DRIVE AWAY,,"OVER $1,500",2025-08-07T13:45:00.000,FOLLOWING TOO CLOSELY,UNABLE TO DETERMINE,7050,S,WESTERN AVE,832,2,NO INDICATION OF INJURY,0,0,0,0,0,2,0,13,5,8,41.765015802,-87.6833973199,"{'type': 'Point', 'coordinates': [-87.683397319934, 41.765015801988]}",,,,,,,,,,
5fe17223aaa0f00cd0b2e192debaab0cc87d407d22886bd9ef5be67b3650877f1bda7d866772b10b62c99d1689c7791fa6574ffef9852a04ee016c8a65dba995,2025-08-07T13:00:00.000,30,NO CONTROLS,NO CONTROLS,CLEAR,DAYLIGHT,PARKED MOTOR VEHICLE,DIVIDED - W/MEDIAN (NOT RAISED),STRAIGHT AND LEVEL,DRY,NO DEFECTS,,NO INJURY / DRIVE AWAY,,"OVER $1,500",2025-08-07T14:08:00.000,UNABLE TO DETERMINE,NOT APPLICABLE,2111,W,ROSCOE ST,1921,2,NO INDICATION OF INJURY,0,0,0,0,0,1,0,13,5,8,41.9430710505,-87.6813552236,"{'type': 'Point', 'coordinates': [-87.681355223575, 41.943071050461]}",,,,,,,,,,
6836214a02991b114ed564d5d79c1d4a0d3f8f41f6ab882195c861b3f05e7db7b8036b0c23897476db086d2927bc42e6836fd763d3596f82780f1d33338c66ce,2025-08-07T13:00:00.000,30,TRAFFIC SIGNAL,FUNCTIONING PROPERLY,CLEAR,DAYLIGHT,PEDALCYCLIST,DIVIDED - W/MEDIAN (NOT RAISED),STRAIGHT AND LEVEL,DRY,NO DEFECTS,ON SCENE,INJURY AND / OR TOW DUE TO CRASH,Y,"OVER $1,500",2025-08-07T13:05:00.000,DISREGARDING TRAFFIC SIGNALS,FAILING TO YIELD RIGHT-OF-WAY,2400,S,STATE ST,131,2,NONINCAPACITATING INJURY,1,0,0,1,0,1,0,13,5,8,41.8491604027,-87.6271478543,"{'type': 'Point', 'coordinates': [-87.627147854276, 41.849160402672]}",,,,,,,,,,
cab3993d9ae09c72b5ce63f0f5c2eb1a32ab7aa3852bb4dbc4242af1a64dd61dbb8d214e57d740ce5e0b30134b7e69e05ad0edeee63d39a11aaa87c9bb0e98b0,2025-08-07T13:00:00.000,30,NO CONTROLS,NO CONTROLS,CLEAR,DAYLIGHT,REAR END,NOT DIVIDED,STRAIGHT AND LEVEL,DRY,NO DEFECTS,,NO INJURY / DRIVE AWAY,,"$501 - $1,500",2025-08-07T14:06:00.000,NOT APPLICABLE,NOT APPLICABLE,183,E,IDA B WELLS DR,114,2,NO INDICATION OF INJURY,0,0,0,0,0,3,0,13,5,8,41.8756397168,-87.622403746,"{'type': 'Point', 'coordinates': [-87.622403745982, 41.875639716826]}",,,,,,,,,,
7829820f7059b40e05489de3324dab764ee7e1b43d00850fc51931fca035c5dac7a7238b24ccb7445f0822ab132d7ee62a3a909511d397b6fbbfcbbd1e699e02,2025-08-07T12:50:00.000,35,NO CONTROLS,NO CONTROLS,CLEAR,DAYLIGHT,PARKED MOTOR VEHICLE,DIVIDED - W/MEDIAN (NOT RAISED),STRAIGHT AND LEVEL,DRY,NO DEFECTS,ON SCENE,INJURY AND / OR TOW DUE TO CRASH,,"OVER $1,500",2025-08-07T12:55:00.000,"EVASIVE ACTION DUE TO ANIMAL, OBJECT, NONMOTORIST",DRIVING SKILLS/KNOWLEDGE/EXPERIENCE,4122,S,VINCENNES AVE,214,4,NO INDICATION OF INJURY,0,0,0,0,0,1,0,12,5,8,41.8195139621,-87.6137140697,"{'type': 'Point', 'coordinates': [-87.613714069744, 41.819513962054]}",,,,,,,,,,
9c0855c445368f8a8cdc1002964ea2d6e4c03b0078668ddd35f7cfb617c55907e2fe775c3d83734faad52929649b0412bb793cf655c5160eb3a1f7412c8dead3,2025-08-07T12:45:00.000,30,NO CONTROLS,NO CONTROLS,CLEAR,DAYLIGHT,TURNING,NOT DIVIDED,STRAIGHT AND LEVEL,DRY,NO DEFECTS,NOT ON SCENE (DESK REPORT),NO INJURY / DRIVE AWAY,,"OVER $1,500",2025-08-07T14:00:00.000,FAILING TO YIELD RIGHT-OF-WAY,NOT APPLICABLE,2345,W,CHICAGO AVE,1221,2,NO INDICATION OF INJURY,0,0,0,0,0,2,0,12,5,8,41.8956438326,-87.6861858013,"{'type': 'Point', 'coordinates': [-87.686185801252, 41.895643832625]}",,,,,,,,,,
7595c5d1e5ed2fb492c0eb28cab5e01c654ae5d151efbc1c8e2a0467163fffdba402eacefeb74e40455985036cd8460bc3e8e359bc501cb501e430fe3743957b,2025-08-07T12:44:00.000,15,OTHER,OTHER,CLEAR,DAYLIGHT,PARKED MOTOR VEHICLE,PARKING LOT,STRAIGHT AND LEVEL,DRY,NO DEFECTS,ON SCENE,NO INJURY / DRIVE AWAY,,"$501 - $1,500",2025-08-07T12:44:00.000,UNABLE TO DETERMINE,UNABLE TO DETERMINE,2112,N,ASHLAND AVE,1432,2,NO INDICATION OF INJURY,0,0,0,0,0,1,0,12,5,8,41.9202454905,-87.6685729626,"{'type': 'Point', 'coordinates': [-87.668572962613, 41.920245490489]}",Y,,Y,,,,,,,
7fc7c7fd7090e5eb252c41e99db19db5493af4e224ef69ea3d0ffeed0a28fa82463d5a8ae2f341e89a08bd005f187bf739934feb7a0d2a6cbaae2d64430666c4,2025-08-07T12:43:00.000,30,NO CONTROLS,NO CONTROLS,CLEAR,DAYLIGHT,ANGLE,NOT DIVIDED,STRAIGHT AND LEVEL,DRY,NO DEFECTS,ON SCENE,INJURY AND / OR TOW DUE TO CRASH,,"OVER $1,500",2025-08-07T13:45:00.000,FAILING TO YIELD RIGHT-OF-WAY,NOT APPLICABLE,1034,N,WELLS ST,1823,2,"REPORTED, NOT EVIDENT",2,0,0,0,2,1,0,12,5,8,41.9015515657,-87.6345374449,"{'type': 'Point', 'coordinates': [-87.634537444911, 41.901551565679]}",,,,,Y,,,,,
d111517db5630747142dd43e6522113ad2bf510b6233f23c24c3df71ad8e7c7921a8a05e1b917958383659039e20e5a2fd47aa1073ab54d0d9b6b8968aa177db,2025-08-07T12:42:00.000,25,NO CONTROLS,NO CONTROLS,CLEAR,DAYLIGHT,PARKED MOTOR VEHICLE,PARKING LOT,STRAIGHT AND LEVEL,DRY,NO DEFECTS,ON SCENE,NO INJURY / DRIVE AWAY,,"$501 - $1,500",2025-08-07T12:44:00.000,UNABLE TO DETERMINE,UNABLE TO DETERMINE,5670,W,LAKE ST,1512,2,NO INDICATION OF INJURY,0,0,0,0,0,1,0,12,5,8,41.8879138965,-87.7676300463,"{'type': 'Point', 'coordinates': [-87.767630046327, 41.887913896473]}",,,Y,,,,,,,
ec0019ba2220f18b172fd10a4ba3ecf8c3709e61b019059d87f4d37dcdd9d65922bfde66cc0832ae5d4d9f4bfe52bff90d2f2d8f394834301067a332aa95daad,2025-08-07T12:40:00.000,30,TRAFFIC SIGNAL,FUNCTIONING PROPERLY,CLEAR,DAYLIGHT,REAR END,NOT DIVIDED,STRAIGHT AND LEVEL,DRY,NO DEFECTS,ON SCENE,INJURY AND / OR TOW DUE TO CRASH,,"OVER $1,500",2025-08-07T12:45:00.000,UNABLE TO DETERMINE,UNABLE TO DETERMINE,3757,N,CICERO AVE,1731,3,NO INDICATION OF INJURY,0,0,0,0,0,6,0,12,5,8,41.9496769901,-87.7470397464,"{'type': 'Point', 'coordinates': [-87.74703974644, 41.949676990093]}",,,,,,,,,,
3e7b4d86f0fbb045e5930fac000b6942265db9a36bb6c82e2d2be7eb5389033d302abc86ea9acddb858e1c27324399e48e4432a7bb7e0fac842ed399301f632c,2025-08-07T12:30:00.000,30,NO CONTROLS,NO CONTROLS,CLEAR,DAYLIGHT,SIDESWIPE SAME DIRECTION,NOT DIVIDED,STRAIGHT AND LEVEL,DRY,NO DEFECTS,NOT ON SCENE (DESK REPORT),NO INJURY / DRIVE AWAY,,$500 OR LESS,2025-08-07T13:07:00.000,IMPROPER OVERTAKING/PASSING,NOT APPLICABLE,2641,W,71ST ST,831,2,NO INDICATION OF INJURY,0,0,0,0,0,2,0,12,5,8,41.7644811203,-87.6897564444,"{'type': 'Point', 'coordinates': [-87.689756444414, 41.764481120282]}",,,,,,,,,,
c6794b6edc0bebea183f514a2e0b5edc989ee75c8b5464c836f07cfa2021c169549b14d53130bc4d8bee8a6f26f0ab0436fba2b601faa43291f39542fa3651fb,2025-08-07T12:30:00.000,0,NO CONTROLS,NO CONTROLS,CLEAR,DAYLIGHT,TURNING,PARKING LOT,STRAIGHT AND LEVEL,DRY,NO DEFECTS,ON SCENE,NO INJURY / DRIVE AWAY,,$500 OR LESS,2025-08-07T12:42:00.000,DISTRACTION - FROM OUTSIDE VEHICLE,UNABLE TO DETERMINE,4445,N,PULASKI RD,1723,2,NO INDICATION OF INJURY,0,0,0,0,0,3,0,12,5,8,41.9622348116,-87.7277137182,"{'type': 'Point', 'coordinates': [-87.727713718165, 41.962234811627]}",,,,,Y,,,,,
04e9bfd98454defabcaf9243de4da0b83d970721ab86cd8f0b78bf42b4e09226c0ee6ff53dabaf83cf2042db27b4e801270cc897d826ced75fdff0b97b01d63b,2025-08-07T12:25:00.000,35,NO CONTROLS,NO CONTROLS,CLEAR,DAYLIGHT,FIXED OBJECT,NOT DIVIDED,STRAIGHT AND LEVEL,DRY,NO DEFECTS,ON SCENE,NO INJURY / DRIVE AWAY,,"OVER $1,500",2025-08-07T12:25:00.000,IMPROPER TURNING/NO SIGNAL,DRIVING SKILLS/KNOWLEDGE/EXPERIENCE,3210,N,CAMPBELL AVE,1921,1,NO INDICATION OF INJURY,0,0,0,0,0,1,0,12,5,8,41.93978807,-87.6907532429,"{'type': 'Point', 'coordinates': [-87.690753242895, 41.939788069989]}",,,,,,,,,,
748d22f3cf83c88112bb1e81832941af3897e9b8c369b824019f113f8b9a2334443ff0e301c57b508c92ebdad93597da1d26ac070f1972edbe7bf6b55776fc69,2025-08-07T12:25:00.000,30,NO CONTROLS,NO CONTROLS,CLEAR,DAYLIGHT,TURNING,NOT DIVIDED,STRAIGHT AND LEVEL,DRY,NO DEFECTS,NOT ON SCENE (DESK REPORT),NO INJURY / DRIVE AWAY,Y,"$501 - $1,500",2025-08-07T13:15:00.000,FAILING TO YIELD RIGHT-OF-WAY,NOT APPLICABLE,2815,W,JARVIS AVE,2411,2,NO INDICATION OF INJURY,0,0,0,0,0,3,0,12,5,8,42.0155768809,-87.7002751044,"{'type': 'Point', 'coordinates': [-87.700275104385, 42.015576880925]}",,,,,,,,,,
a483b575dd8d41a5441fdaf0f3dfd43d4c0b2837ff4ed76b523f20ba6b1cafbf5a28a892e392197384f18583dfbf1dab6d35a425f5aa6f2c781dedfe4fc1c1c2,2025-08-07T12:25:00.000,30,NO CONTROLS,NO CONTROLS,UNKNOWN,UNKNOWN,ANGLE,DIVIDED - W/MEDIAN (NOT RAISED),STRAIGHT AND LEVEL,UNKNOWN,UNKNOWN,NOT ON SCENE (DESK REPORT),NO INJURY / DRIVE AWAY,,"OVER $1,500",2025-08-12T18:44:00.000,DRIVING SKILLS/KNOWLEDGE/EXPERIENCE,FAILING TO REDUCE SPEED TO AVOID CRASH,841,W,IRVING PARK RD,1923,2,NO INDICATION OF INJURY,0,0,0,0,0,2,0,12,5,8,41.9544250186,-87.6513240171,"{'type': 'Point', 'coordinates': [-87.65132401707, 41.954425018612]}",,,Y,,,,,,,
b489a819f20be5ac0197748781cdf8abeb7d9ce55761066226f984aa81bae2c92e7c919c6cf309ee79d485b42af1c95afd015e05cc40793ad2250e662d08de19,2025-08-07T12:22:00.000,30,STOP SIGN/FLASHER,FUNCTIONING PROPERLY,CLEAR,DAYLIGHT,ANGLE,NOT DIVIDED,STRAIGHT AND LEVEL,DRY,NO DEFECTS,ON SCENE,INJURY AND / OR TOW DUE TO CRASH,Y,"OVER $1,500",2025-08-07T12:28:00.000,"VISION OBSCURED (SIGNS, TREE LIMBS, BUILDINGS, ETC.)",NOT APPLICABLE,2098,W,ADDISON ST,1921,2,NO INDICATION OF INJURY,0,0,0,0,0,2,0,12,5,8,41.9469420402,-87.6809231429,"{'type': 'Point', 'coordinates': [-87.680923142898, 41.946942040174]}",,,,,,,,,,
a12bc757ded2495ef57b5ac8715de7ffc5d4d6ae55bb15dd32481883815ba47f6f60f3174ae06a251d1fbbe2dd3431db05e4f9388bc0d766aa84c2eb07690b82,2025-08-07T12:20:00.000,30,TRAFFIC SIGNAL,FUNCTIONING PROPERLY,CLEAR,DAYLIGHT,REAR END,NOT DIVIDED,STRAIGHT AND LEVEL,UNKNOWN,UNKNOWN,NOT ON SCENE (DESK REPORT),NO INJURY / DRIVE AWAY,,"$501 - $1,500",2025-08-07T12:45:00.000,UNABLE TO DETERMINE,NOT APPLICABLE,5900,S,PULASKI RD,813,2,NO INDICATION OF INJURY,0,0,0,0,0,4,0,12,5,8,41.7858884944,-87.7231065914,"{'type': 'Point', 'coordinates': [-87.72310659145, 41.785888494434]}",,,Y,,,,,,,
8219a55c8270547957bf1e05401c5ce72b816d0bead336ab423f4cb8c9971725949b7198565c4753a93706e11becca811e1ec64be97a43c31ef20d45564ec61c,2025-08-07T12:10:00.000,30,NO CONTROLS,NO CONTROLS,CLEAR,DAYLIGHT,SIDESWIPE SAME DIRECTION,NOT DIVIDED,STRAIGHT AND LEVEL,DRY,NO DEFECTS,NOT ON SCENE (DESK REPORT),NO INJURY / DRIVE AWAY,,"OVER $1,500",2025-08-07T16:30:00.000,UNABLE TO DETERMINE,NOT APPLICABLE,6917,N,SHERIDAN RD,2431,2,NO INDICATION OF INJURY,0,0,0,0,0,2,0,12,5,8,42.0073384156,-87.661330562,"{'type': 'Point', 'coordinates': [-87.661330561959, 42.007338415569]}",,,,,,,,,,
1b025c402d6d0256f16713e609c70fbc3d304f53ebbebf9c22f99a43fa3dd1f5b7df33114d58b92e98d8d250a0170be85467736853ffc5204fdb873f3be1e8d6,2025-08-07T12:00:00.000,30,NO CONTROLS,NO CONTROLS,UNKNOWN,UNKNOWN,PARKED MOTOR VEHICLE,UNKNOWN,STRAIGHT AND LEVEL,UNKNOWN,UNKNOWN,NOT ON SCENE (DESK REPORT),NO INJURY / DRIVE AWAY,,"OVER $1,500",2025-08-07T16:20:00.000,UNABLE TO DETERMINE,NOT APPLICABLE,3055,N,LINCOLN AVE,1933,2,NO INDICATION OF INJURY,0,0,0,0,0,1,0,12,5,8,41.9373900744,-87.6652641957,"{'type': 'Point', 'coordinates': [-87.665264195701, 41.937390074443]}",,,,,,,,,,
324c97eccb30fb84d1e430bbda835c9f699736199d5f9c5b864e4796b301b098ab48b4bc37c780e3616601b98c49e95a22671a0e9ec802fe7d992c848abcc5f5,2025-08-07T12:00:00.000,15,NO CONTROLS,NO CONTROLS,CLEAR,DAYLIGHT,PARKED MOTOR VEHICLE,PARKING LOT,STRAIGHT AND LEVEL,DRY,NO DEFECTS,NOT ON SCENE (DESK REPORT),NO INJURY / DRIVE AWAY,,"OVER $1,500",2025-08-07T15:00:00.000,UNABLE TO DETERMINE,UNABLE TO DETERMINE,6420,W,FULLERTON AVE,2512,2,NO INDICATION OF INJURY,0,0,0,0,0,2,0,12,5,8,41.9237817967,-87.7862536744,"{'type': 'Point', 'coordinates': [-87.786253674433, 41.92378179667]}",N,,,,,,,,,
444188a27be175ef05b348ad4074f4df709839e2d393ec788741ee8f3b00a0c60dcf274c88dbc641cce7682a42d86e14af0e52b431469143f31aa7f002ec0a77,2025-08-07T12:00:00.000,30,NO CONTROLS,UNKNOWN,CLEAR,UNKNOWN,PARKED MOTOR VEHICLE,UNKNOWN,STRAIGHT AND LEVEL,DRY,UNKNOWN,NOT ON SCENE (DESK REPORT),NO INJURY / DRIVE AWAY,,"$501 - $1,500",2025-08-07T17:50:00.000,NOT APPLICABLE,NOT APPLICABLE,9700,S,HALSTED ST,2223,2,NO INDICATION OF INJURY,0,0,0,0,0,1,0,12,5,8,41.7175374349,-87.64325162,"{'type': 'Point', 'coordinates': [-87.643251620045, 41.717537434869]}",,,Y,,Y,,,,,
4b2b47e4e6d093cec85e7757d747a1d43452853366638a243f87be4cd4e2a3517219f7fde9fa6e6df8c9a561a2dd175591a68ea7c88b79d526ff7a43c28973e3,2025-08-07T12:00:00.000,30,NO CONTROLS,NO CONTROLS,CLEAR,DAYLIGHT,PARKED MOTOR VEHICLE,PARKING LOT,STRAIGHT AND LEVEL,DRY,NO DEFECTS,ON SCENE,NO INJURY / DRIVE AWAY,,"OVER $1,500",2025-08-07T12:07:00.000,UNABLE TO DETERMINE,UNABLE TO DETERMINE,8500,S,HOLLAND RD,622,2,NO INDICATION OF INJURY,0,0,0,0,0,1,0,12,5,8,41.7398967056,-87.6320890652,"{'type': 'Point', 'coordinates': [-87.632089065232, 41.739896705621]}",,,Y,,,,,,,