crash_record_id,crash_date,posted_speed_limit,traffic_control_device,device_condition,weather_condition,lighting_condition,first_crash_type,trafficway_type,alignment,roadway_surface_cond,road_defect,report_type,crash_type,intersection_related_i,damage,date_police_notified,prim_contributory_cause,sec_contributory_cause,street_no,street_direction,street_name,beat_of_occurrence,num_units,most_severe_injury,injuries_total,injuries_fatal,injuries_incapacitating,injuries_non_incapacitating,injuries_reported_not_evident,injuries_no_indication,injuries_unknown,crash_hour,crash_day_of_week,crash_month,latitude,longitude,location,private_property_i,photos_taken_i,hit_and_run_i,statements_taken_i,crash_date_est_i,work_zone_i,work_zone_type,dooring_i,lane_cnt,workers_present_i
4cec4923186754308c593be7362194799bdb8fb6032da8e1d7b2246bdc833afd6f62f3c9c40f976352f6e902f40494f3d243dad9aef036f000e06f5064654796,2025-08-07T12:00:00.000,30,TRAFFIC SIGNAL,FUNCTIONING PROPERLY,CLEAR,DAYLIGHT,REAR END,NOT DIVIDED,STRAIGHT AND LEVEL,DRY,NO DEFECTS,ON SCENE,INJURY AND / OR TOW DUE TO CRASH,,"OVER $1,500",2025-08-07T12:01:00.000,IMPROPER LANE USAGE,NOT APPLICABLE,5502,S,ASHLAND AVE,715,2,NO INDICATION OF INJURY,0,0,0,0,0,2,0,12,5,8,41.7935288617,-87.6647196847,"{'type': 'Point', 'coordinates': [-87.664719684652, 41.79352886171]}",,,,,,,,,,
615b3e1cb4725ce018c10e5f9058182de018f45f904d69a27d42c3abafcb07673309f0759c1008099007a9e248e85fdd17376c3941dd3f7b65b585ad6c4dc2cc,2025-08-07T12:00:00.000,30,NO CONTROLS,NO CONTROLS,CLEAR,DAYLIGHT,PARKED MOTOR VEHICLE,NOT DIVIDED,STRAIGHT AND LEVEL,DRY,NO DEFECTS,NOT ON SCENE (DESK REPORT),NO INJURY / DRIVE AWAY,,"OVER $1,500",2025-08-08T10:00:00.000,UNABLE TO DETERMINE,NOT APPLICABLE,1055,W,COLUMBIA AVE,2432,2,NO INDICATION OF INJURY,0,0,0,0,0,1,0,12,5,8,42.0045425547,-87.6583786535,"{'type': 'Point', 'coordinates': [-87.65837865352, 42.004542554692]}",,,Y,,Y,,,,,
81cab55a886cf5639bef3de3779c02074c4125f9157282f7fb47fe70f44181e834a5c6236556b9b279afc656cddbe96b2e1793188f43589dda538d225b2e8c69,2025-08-07T12:00:00.000,30,NO CONTROLS,NO CONTROLS,CLEAR,DAYLIGHT,PARKED MOTOR VEHICLE,DIVIDED - W/MEDIAN (NOT RAISED),STRAIGHT AND LEVEL,DRY,NO DEFECTS,NOT ON SCENE (DESK REPORT),NO INJURY / DRIVE AWAY,,"OVER $1,500",2025-08-07T13:40:00.000,UNABLE TO DETERMINE,UNABLE TO DETERMINE,8517,S,COTTAGE GROVE AVE,632,2,NO INDICATION OF INJURY,0,0,0,0,0,1,0,12,5,8,41.739733476,-87.6047632647,"{'type': 'Point', 'coordinates': [-87.60476326468, 41.739733475996]}",,,Y,,,,,,,
f13ced7b685f7a04d8224b6db1953842f5f04812e6afaf3ac3e04582da9d2b5f586d3eda998006aec5c79ceda0874ab97a4ddafd82a4f1d67a3feee69b1d3d96,2025-08-07T11:30:00.000,30,NO CONTROLS,NO CONTROLS,CLEAR,DAYLIGHT,FIXED OBJECT,OTHER,STRAIGHT AND LEVEL,DRY,NO DEFECTS,NOT ON SCENE (DESK REPORT),NO INJURY / DRIVE AWAY,,"$501 - $1,500",2025-08-11T16:00:00.000,IMPROPER TURNING/NO SIGNAL,TURNING RIGHT ON RED,7453,S,STATE ST,323,1,NO INDICATION OF INJURY,0,0,0,0,0,1,0,11,5,8,41.7584326728,-87.6246179957,"{'type': 'Point', 'coordinates': [-87.624617995736, 41.758432672754]}",,,,,,,,,,
300959264563c619a7283d16243a15fa2e67ba5fd22537d106726facac78b779cf3e1f250ff862c399faf54444b4189f63230dd3b6e8f2a09071e8751500ee5d,2025-08-07T11:16:00.000,35,NO CONTROLS,NO CONTROLS,CLEAR,DAYLIGHT,ANGLE,NOT DIVIDED,STRAIGHT AND LEVEL,DRY,NO DEFECTS,ON SCENE,NO INJURY / DRIVE AWAY,,"OVER $1,500",2025-08-07T11:16:00.000,FAILING TO YIELD RIGHT-OF-WAY,NOT APPLICABLE,2601,N,CLYBOURN AVE,1931,2,NO INDICATION OF INJURY,0,0,0,0,0,2,0,11,5,8,41.9288373849,-87.67397132,"{'type': 'Point', 'coordinates': [-87.673971319994, 41.928837384913]}",,,,,,,,,,
80a662ce3c6505f5b3ffee72b527f61b512d69d49af8bdbc72aa79a2e9f7863823bd4555b5520101500699351c4ad62249502d6d32cc9b8f6f1f3972af150922,2025-08-07T11:16:00.000,20,NO CONTROLS,NO CONTROLS,CLEAR,DAYLIGHT,TURNING,NOT DIVIDED,STRAIGHT AND LEVEL,DRY,NO DEFECTS,ON SCENE,NO INJURY / DRIVE AWAY,,"$501 - $1,500",2025-08-07T11:17:00.000,FAILING TO YIELD RIGHT-OF-WAY,UNABLE TO DETERMINE,341,N,CENTRAL PARK AVE,1123,2,NO INDICATION OF INJURY,0,0,0,0,0,2,0,11,5,8,41.8874353413,-87.715940453,"{'type': 'Point', 'coordinates': [-87.71594045298, 41.887435341317]}",,,,,,,,,,
efa41270d287e75ed8779ecf6a3eaa0a5c82f7f148cde8ec9d4663bb20b5644d4ab5c66140715e68707d07a0463064b6d4e6cfd70bc13d377e0503bd2ad70043,2025-08-07T11:15:00.000,35,NO CONTROLS,NO CONTROLS,CLEAR,DAYLIGHT,TURNING,DIVIDED - W/MEDIAN (NOT RAISED),STRAIGHT AND LEVEL,DRY,NO DEFECTS,NOT ON SCENE (DESK REPORT),NO INJURY / DRIVE AWAY,,"OVER $1,500",2025-08-07T13:30:00.000,IMPROPER OVERTAKING/PASSING,NOT APPLICABLE,150,N,MICHIGAN AVE,111,2,NO INDICATION OF INJURY,0,0,0,0,0,5,0,11,5,8,41.8845309638,-87.6246020446,"{'type': 'Point', 'coordinates': [-87.624602044601, 41.884530963783]}",,,Y,,,,,,,
c9ff27a0734a30e69aff595666660d10f3e0f34d44b08189fe6b98026a59c9ce64c24567200bef33bdf36f56e7e2ef4208439c7deb6c8f8da2b62e97c74aceda,2025-08-07T11:05:00.000,30,NO CONTROLS,NO CONTROLS,CLEAR,DAYLIGHT,PARKED MOTOR VEHICLE,T-INTERSECTION,STRAIGHT AND LEVEL,DRY,NO DEFECTS,ON SCENE,NO INJURY / DRIVE AWAY,Y,"OVER $1,500",2025-08-07T12:23:00.000,DISTRACTION - FROM OUTSIDE VEHICLE,NOT APPLICABLE,25,N,LA SALLE ST,122,2,NO INDICATION OF INJURY,0,0,0,0,0,1,0,11,5,8,41.8826062273,-87.6322335585,"{'type': 'Point', 'coordinates': [-87.6322335585, 41.88260622727]}",,,,Y,,,,,,
1b0269187d87a43f30b5ec1eee9b3fac84c96278e8fb2e25c009e67acc044b9604d7170c7c17f27bf6fed4d997167364b4440b747d9629f8617ad4ce04f8bc63,2025-08-07T11:00:00.000,30,TRAFFIC SIGNAL,FUNCTIONING PROPERLY,CLEAR,DAYLIGHT,TURNING,FOUR WAY,STRAIGHT AND LEVEL,DRY,UNKNOWN,ON SCENE,NO INJURY / DRIVE AWAY,Y,$500 OR LESS,2025-08-07T11:30:00.000,UNABLE TO DETERMINE,NOT APPLICABLE,9300,S,COTTAGE GROVE AVE,633,2,NO INDICATION OF INJURY,0,0,0,0,0,2,0,11,5,8,41.7256204851,-87.6047100142,"{'type': 'Point', 'coordinates': [-87.604710014159, 41.725620485092]}",,,,,,,,,,
ccce9734b73ad953dfe60addd6630855d1373d92050f17a2039826efa9a931af3937c19b41ad12c4a3df55d740a5a44c6555032ef36cc22d86c0e172f7b41f17,2025-08-07T11:00:00.000,30,TRAFFIC SIGNAL,FUNCTIONING PROPERLY,CLEAR,DAYLIGHT,OTHER OBJECT,ONE-WAY,STRAIGHT AND LEVEL,DRY,UNKNOWN,NOT ON SCENE (DESK REPORT),NO INJURY / DRIVE AWAY,,"OVER $1,500",2025-08-10T12:30:00.000,UNABLE TO DETERMINE,NOT APPLICABLE,737,W,RANDOLPH ST,1224,1,NO INDICATION OF INJURY,0,0,0,0,0,1,0,11,5,8,41.8842995167,-87.6472133228,"{'type': 'Point', 'coordinates': [-87.647213322762, 41.88429951671]}",,,,,,,,,,
d8b33e79d14c80e518da87773de17a5442094ab1a20d093ae8e7f99f80a7f0e75204c82c07792a6ff7c74e0107a2563e14c0d0eefc23562e1346152530dea613,2025-08-07T11:00:00.000,30,NO CONTROLS,NO CONTROLS,CLEAR,DAYLIGHT,SIDESWIPE SAME DIRECTION,ONE-WAY,STRAIGHT AND LEVEL,DRY,NO DEFECTS,NOT ON SCENE (DESK REPORT),NO INJURY / DRIVE AWAY,,"OVER $1,500",2025-08-07T14:45:00.000,UNABLE TO DETERMINE,UNABLE TO DETERMINE,1800,S,RUBLE ST,1235,2,NO INDICATION OF INJURY,0,0,0,0,0,2,0,11,5,8,41.8575477459,-87.6439260927,"{'type': 'Point', 'coordinates': [-87.643926092669, 41.857547745949]}",,,,,,,,,,
df61736366bb9ab9e1da42f953dadd41c27ece0ab71158f452eb80872f16019a8b96036ba449794a3354bfbcd8a41455fd81c6f9eb55724d7b7e570709301495,2025-08-07T11:00:00.000,30,NO CONTROLS,NO CONTROLS,CLEAR,DAYLIGHT,PARKED MOTOR VEHICLE,NOT DIVIDED,STRAIGHT AND LEVEL,DRY,NO DEFECTS,NOT ON SCENE (DESK REPORT),NO INJURY / DRIVE AWAY,,"OVER $1,500",2025-08-07T12:10:00.000,UNABLE TO DETERMINE,NOT APPLICABLE,811,W,15TH PL,1232,2,NO INDICATION OF INJURY,0,0,0,0,0,1,0,11,5,8,41.8609082552,-87.6471789552,"{'type': 'Point', 'coordinates': [-87.647178955189, 41.860908255197]}",,,,,,,,,,
c206e3a186ca7ccab900ce2a3fab371b25813e39605973543e68d953b690fd94ee5b6ae0c7cda3438327684805f4980ffc1701ba2b01a2bd47cea3e2958c7181,2025-08-07T10:45:00.000,25,NO CONTROLS,NO CONTROLS,CLEAR,DAYLIGHT,REAR END,NOT DIVIDED,STRAIGHT AND LEVEL,DRY,NO DEFECTS,ON SCENE,NO INJURY / DRIVE AWAY,,"OVER $1,500",2025-08-07T11:59:00.000,IMPROPER LANE USAGE,EQUIPMENT - VEHICLE CONDITION,2130,W,BELMONT AVE,1921,3,NO INDICATION OF INJURY,0,0,0,0,0,3,0,10,5,8,41.9396380663,-87.6820306042,"{'type': 'Point', 'coordinates': [-87.682030604178, 41.939638066343]}",,,,,,,,,,
3e68b54cbeb326935ec3e5fe34bf186fc0413d6b3cc1fb546ddc4faae89bab188dc5fd6d17079193c1e62a2916ec071bf476a60c484d2cd2d4019f7895eec23b,2025-08-07T10:35:00.000,10,NO CONTROLS,NO CONTROLS,CLEAR,DAYLIGHT,ANGLE,PARKING LOT,STRAIGHT AND LEVEL,DRY,NO DEFECTS,NOT ON SCENE (DESK REPORT),NO INJURY / DRIVE AWAY,,"OVER $1,500",2025-08-07T12:30:00.000,UNABLE TO DETERMINE,NOT APPLICABLE,1430,S,ASHLAND AVE,1233,2,NO INDICATION OF INJURY,0,0,0,0,0,2,0,10,5,8,41.8624024249,-87.6664189682,"{'type': 'Point', 'coordinates': [-87.666418968157, 41.862402424927]}",,,,,,,,,,
8ff6ee1250adc65b6f96835fae4906b6a8c984538dd3bdb3bc249896a0ba9911b398a49dfe3b975957a38f6dc8ef142f84b52fe2086450683d1657647209e2fa,2025-08-07T10:30:00.000,30,NO CONTROLS,FUNCTIONING PROPERLY,CLEAR,DAYLIGHT,REAR END,NOT DIVIDED,STRAIGHT AND LEVEL,DRY,NO DEFECTS,ON SCENE,NO INJURY / DRIVE AWAY,,"$501 - $1,500",2025-08-07T10:38:00.000,UNABLE TO DETERMINE,NOT APPLICABLE,3006,W,111TH ST,2211,2,NO INDICATION OF INJURY,0,0,0,0,0,2,0,10,5,8,41.6917288244,-87.6964604978,"{'type': 'Point', 'coordinates': [-87.696460497795, 41.691728824381]}",,,Y,,,,,,,
a0bfe09c0e5bffd5da3cb18e7668eb92a77dcfe8987f87491a780b63cbb9a066c4cd56d712b965f47596829d6a5236160c0a9aba8751b75d5c7c502ef9a7fb41,2025-08-07T10:30:00.000,20,NO CONTROLS,NO CONTROLS,CLEAR,DAYLIGHT,PARKED MOTOR VEHICLE,NOT DIVIDED,STRAIGHT AND LEVEL,DRY,NO DEFECTS,ON SCENE,NO INJURY / DRIVE AWAY,,"$501 - $1,500",2025-08-07T12:00:00.000,NOT APPLICABLE,NOT APPLICABLE,7212,N,OSCEOLA AVE,1611,2,NO INDICATION OF INJURY,0,0,0,0,0,1,0,10,5,8,42.0119838452,-87.8128745697,"{'type': 'Point', 'coordinates': [-87.812874569689, 42.011983845237]}",,,Y,,,,,,,
b10da7ed6d6d894ebe83010eb7ef3279cc2e87362251f045317307d1377530c0f5867f9c1019dd8c7061f4eae36545dbb945b9a71c1ca631a84a51a6681e3053,2025-08-07T10:30:00.000,30,TRAFFIC SIGNAL,FUNCTIONING PROPERLY,CLEAR,DAYLIGHT,SIDESWIPE SAME DIRECTION,DIVIDED - W/MEDIAN (NOT RAISED),STRAIGHT AND LEVEL,DRY,NO DEFECTS,ON SCENE,NO INJURY / DRIVE AWAY,,"OVER $1,500",2025-08-07T11:00:00.000,UNABLE TO DETERMINE,UNABLE TO DETERMINE,2402,N,ELSTON AVE,1432,2,NO INDICATION OF INJURY,0,0,0,0,0,2,0,10,5,8,41.9250275196,-87.6776514175,"{'type': 'Point', 'coordinates': [-87.677651417516, 41.92502751956]}",,,,,,,,,,
c9b11129bdc28e19afe25a1d6950f1585b6b22d01b5bfb4bf99542e2281d4b55fd4b32b2684bd8b8538e078bcb8291b7c10e6c02adb7fd8cf78b2a6e34d57cc8,2025-08-07T10:23:00.000,20,NO CONTROLS,NO CONTROLS,CLEAR,DAYLIGHT,TURNING,NOT DIVIDED,STRAIGHT AND LEVEL,DRY,NO DEFECTS,ON SCENE,NO INJURY / DRIVE AWAY,,"OVER $1,500",2025-08-07T10:34:00.000,UNABLE TO DETERMINE,UNABLE TO DETERMINE,6004,N,NEOLA AVE,1611,2,NO INDICATION OF INJURY,0,0,0,0,0,2,0,10,5,8,41.9903929398,-87.7952264772,"{'type': 'Point', 'coordinates': [-87.795226477236, 41.990392939845]}",,,,,,,,,,
2997ab6bd9b39999e8eea0d1da6e890aeeb62b858a44756846bd0fca300426e792623436aa1013c75f08bdff05d727a6648042f8d31a9f8c157045948bb04bd2,2025-08-07T10:05:00.000,30,TRAFFIC SIGNAL,FUNCTIONING PROPERLY,CLEAR,DAYLIGHT,SIDESWIPE SAME DIRECTION,NOT DIVIDED,STRAIGHT AND LEVEL,DRY,NO DEFECTS,NOT ON SCENE (DESK REPORT),NO INJURY / DRIVE AWAY,,"OVER $1,500",2025-08-08T10:00:00.000,IMPROPER OVERTAKING/PASSING,UNABLE TO DETERMINE,5156,N,BROADWAY,2033,2,NO INDICATION OF INJURY,0,0,0,0,0,2,0,10,5,8,41.9762763893,-87.6600122932,"{'type': 'Point', 'coordinates': [-87.660012293217, 41.97627638926]}",,,,,,,,,,
63c8e668413876bd6ff024a3784aa872ae02d36546344b972bb33cc5c82a5e7694154dd93815fbf0579f01b9457dfcc99bb366c94f87ff2f2f8ceaed23258ff6,2025-08-07T10:05:00.000,30,NO CONTROLS,NO CONTROLS,CLEAR,DAYLIGHT,TURNING,NOT DIVIDED,STRAIGHT AND LEVEL,DRY,NO DEFECTS,NOT ON SCENE (DESK REPORT),NO INJURY / DRIVE AWAY,,"OVER $1,500",2025-08-07T11:25:00.000,UNABLE TO DETERMINE,NOT APPLICABLE,3200,W,WASHINGTON BLVD,1123,2,NO INDICATION OF INJURY,0,0,0,0,0,2,0,10,5,8,41.8829022397,-87.7063028812,"{'type': 'Point', 'coordinates': [-87.706302881219, 41.882902239693]}",,,,,,,,,,
2a7a74e693023c608adad448c1faff9ef370cbf2efcb86371ff8a46854fd5260df9024d395eddbea2e9c54f7057ea2e3507e768e101cda1f20d97b7d82f3a68b,2025-08-07T10:03:00.000,25,NO CONTROLS,UNKNOWN,CLEAR,DAYLIGHT,PARKED MOTOR VEHICLE,PARKING LOT,STRAIGHT AND LEVEL,DRY,UNKNOWN,ON SCENE,NO INJURY / DRIVE AWAY,,"OVER $1,500",2025-08-07T10:05:00.000,DRIVING SKILLS/KNOWLEDGE/EXPERIENCE,DRIVING SKILLS/KNOWLEDGE/EXPERIENCE,5600,N,CLARK ST,2012,3,NO INDICATION OF INJURY,0,0,0,0,0,1,0,10,5,8,41.9835201434,-87.6689130232,"{'type': 'Point', 'coordinates': [-87.66891302317, 41.983520143422]}",Y,,,,,,,,,
cc4b5ec39ca8ee0a330d398b5b481ccb486f3dd221cada58c3deb66794fd1e3431b881f9638333dd26b8612beeab0c95e3918f4b2919aa265bb3448316e8fd8a,2025-08-07T10:00:00.000,10,NO CONTROLS,NO CONTROLS,CLEAR,DAYLIGHT,PARKED MOTOR VEHICLE,OTHER,STRAIGHT AND LEVEL,UNKNOWN,UNKNOWN,ON SCENE,NO INJURY / DRIVE AWAY,,"OVER $1,500",2025-08-07T16:06:00.000,IMPROPER BACKING,NOT APPLICABLE,10801,S,WESTERN AVE,2212,2,NO INDICATION OF INJURY,0,0,0,0,0,1,0,10,5,8,41.6972424761,-87.6811819343,"{'type': 'Point', 'coordinates': [-87.681181934334, 41.697242476116]}",N,,Y,,,,,,,
fb2594768a85861cf00adcaca7cc00a761284266c074159114e6307cb7d63d11b71b6649de4fd4b999ddc8b80bb91fed768f15fa9bb81847d778649b74cb5e11,2025-08-07T10:00:00.000,25,OTHER,OTHER,CLEAR,DAYLIGHT,ANGLE,NOT DIVIDED,STRAIGHT AND LEVEL,DRY,SHOULDER DEFECT,NOT ON SCENE (DESK REPORT),NO INJURY / DRIVE AWAY,,"OVER $1,500",2025-08-07T12:55:00.000,NOT APPLICABLE,NOT APPLICABLE,2700,N,CLARK ST,1935,2,NO INDICATION OF INJURY,0,0,0,0,0,2,0,10,5,8,41.9313182786,-87.6444237581,"{'type': 'Point', 'coordinates': [-87.644423758138, 41.931318278588]}",,,,,,,,,,
0d60fab413db79808b7a366bb9112f023d52e0287a7c82f79128934d3dcc512aea80c4a128c1ef7bb01c0bafb656e2cb53c687333d6108fa4377c2ee0ac4c8ed,2025-08-07T09:52:00.000,30,NO CONTROLS,NO CONTROLS,CLEAR,DAYLIGHT,ANGLE,NOT DIVIDED,STRAIGHT AND LEVEL,DRY,NO DEFECTS,ON SCENE,INJURY AND / OR TOW DUE TO CRASH,Y,"OVER $1,500",2025-08-07T09:55:00.000,DISREGARDING STOP SIGN,NOT APPLICABLE,5900,S,LAFLIN ST,713,3,NONINCAPACITATING INJURY,5,0,0,5,0,0,0,9,5,8,41.786689666,-87.6621094352,"{'type': 'Point', 'coordinates': [-87.662109435166, 41.786689666016]}",,,,,,,,,,
ad4ebf495baa686e7958fa64d1cb6321c06502493959725e46850291e23445fe064de0a01da89510b3094b85b69d644e6d7defb70d3a65a060e03c891926581d,2025-08-07T09:45:00.000,30,TRAFFIC SIGNAL,FUNCTIONING PROPERLY,CLEAR,DAYLIGHT,REAR END,NOT DIVIDED,STRAIGHT AND LEVEL,DRY,NO DEFECTS,NOT ON SCENE (DESK REPORT),NO INJURY / DRIVE AWAY,,"OVER $1,500",2025-08-07T10:50:00.000,FOLLOWING TOO CLOSELY,UNABLE TO DETERMINE,3900,W,47TH ST,821,2,NO INDICATION OF INJURY,0,0,0,0,0,2,0,9,5,8,41.8080118095,-87.7211873553,"{'type': 'Point', 'coordinates': [-87.721187355318, 41.808011809509]}",,,,,,,,,,
6c265062f1fb8437f576717258a12e11cf389fd95c2176617cc9dd6da27a5eb3f6e2d738e072d36eadefd67c975e9891f62ae6346e3fb574c571c8e2bc2e74c6,2025-08-07T09:30:00.000,30,NO CONTROLS,NO CONTROLS,CLEAR,DAYLIGHT,FIXED OBJECT,NOT DIVIDED,STRAIGHT AND LEVEL,DRY,NO DEFECTS,ON SCENE,NO INJURY / DRIVE AWAY,,"OVER $1,500",2025-08-07T09:30:00.000,PHYSICAL CONDITION OF DRIVER,FAILING TO REDUCE SPEED TO AVOID CRASH,11030,S,LONGWOOD DR,2212,1,NO INDICATION OF INJURY,0,0,0,0,0,1,0,9,5,8,41.6934232591,-87.6716924714,"{'type': 'Point', 'coordinates': [-87.671692471416, 41.693423259077]}",,,,,,,,,,
83ed879a0051fb2ea386f87f5781682e6dd87cd86323d024a1efb8e8e49cb2e4381924fed7f69ac6b5ec9dc4906df22a61e2561d3fd0f2e68282a9d9faf6a765,2025-08-07T09:30:00.000,30,NO CONTROLS,NO CONTROLS,CLEAR,DAYLIGHT,FIXED OBJECT,DIVIDED - W/MEDIAN BARRIER,STRAIGHT AND LEVEL,DRY,NO DEFECTS,ON SCENE,NO INJURY / DRIVE AWAY,,"OVER $1,500",2025-08-07T09:45:00.000,DRIVING SKILLS/KNOWLEDGE/EXPERIENCE,NOT APPLICABLE,4401,N,CICERO AVE,1722,1,NO INDICATION OF INJURY,0,0,0,0,0,1,0,9,5,8,41.9608058935,-87.7473959971,"{'type': 'Point', 'coordinates': [-87.747395997129, 41.960805893505]}",Y,,,,,,,,,
8b6a418a93e91c611d910e6fbff2d18c781ff1ca586a3353f7914f76ee0a09f2304ae2736234abf580e880faa366ce14787b64a415d2810b58bf07442f193356,2025-08-07T09:30:00.000,30,TRAFFIC SIGNAL,UNKNOWN,CLEAR,DAYLIGHT,REAR END,DIVIDED - W/MEDIAN (NOT RAISED),STRAIGHT AND LEVEL,UNKNOWN,UNKNOWN,NOT ON SCENE (DESK REPORT),NO INJURY / DRIVE AWAY,,"OVER $1,500",2025-08-07T10:05:00.000,FOLLOWING TOO CLOSELY,UNABLE TO DETERMINE,2357,W,FULLERTON AVE,1432,2,NO INDICATION OF INJURY,0,0,0,0,0,2,0,9,5,8,41.9247919066,-87.6875217952,"{'type': 'Point', 'coordinates': [-87.687521795166, 41.924791906639]}",,,,,,,,,,
e4da3162a5cc44a4178e040d363697ea5e89afbc2337e9a5ac3233b74961cc500694ef8d771abbb4c4ebccb20e4ddbef43ea6baf7b525b978889faac3417ff18,2025-08-07T09:21:00.000,30,NO CONTROLS,NO CONTROLS,UNKNOWN,DAYLIGHT,TURNING,NOT DIVIDED,STRAIGHT AND LEVEL,UNKNOWN,UNKNOWN,NOT ON SCENE (DESK REPORT),NO INJURY / DRIVE AWAY,,"$501 - $1,500",2025-08-07T11:15:00.000,UNABLE TO DETERMINE,NOT APPLICABLE,4771,S,KEDZIE AVE,922,2,NO INDICATION OF INJURY,0,0,0,0,0,5,0,9,5,8,41.8062458324,-87.7037745996,"{'type': 'Point', 'coordinates': [-87.703774599581, 41.806245832385]}",,,Y,,,,,,,
750af921c9d724dfb7016e97d14ba49eaeb3eb6bda8dc73287b98c9e9ed7488e98ab26142ed15e02cc72ca4f2f48f6bb2a063f3b5657ed6684723bba06b33685,2025-08-07T09:15:00.000,30,STOP SIGN/FLASHER,OTHER,CLEAR,DAYLIGHT,SIDESWIPE SAME DIRECTION,DIVIDED - W/MEDIAN (NOT RAISED),STRAIGHT AND LEVEL,DRY,UNKNOWN,ON SCENE,NO INJURY / DRIVE AWAY,Y,"OVER $1,500",2025-08-07T09:29:00.000,IMPROPER LANE USAGE,UNABLE TO DETERMINE,1659,N,KIMBALL AVE,1422,2,NO INDICATION OF INJURY,0,0,0,0,0,3,0,9,5,8,41.9117875362,-87.7115900573,"{'type': 'Point', 'coordinates': [-87.711590057258, 41.911787536219]}",,,,,,,,,,
bafa775a8fc7e1deb6e9d3e4b610986306be1c33a5afd94791c19862bdfc6592657931bf179c866932db2ad28b0de68dea91771b5da2bf2c00cd485c266c17a4,2025-08-07T09:15:00.000,30,TRAFFIC SIGNAL,FUNCTIONING PROPERLY,CLEAR,DAYLIGHT,TURNING,NOT DIVIDED,STRAIGHT ON GRADE,DRY,NO DEFECTS,NOT ON SCENE (DESK REPORT),NO INJURY / DRIVE AWAY,Y,"OVER $1,500",2025-08-07T09:35:00.000,IMPROPER LANE USAGE,NOT APPLICABLE,3200,N,HALSTED ST,1924,2,NO INDICATION OF INJURY,0,0,0,0,0,2,0,9,5,8,41.9400327811,-87.6494152111,"{'type': 'Point', 'coordinates': [-87.649415211125, 41.94003278106]}",,,,,,,,,,
6297731b42594f090218524ae6d29bfc42f93c3c31367f404480bfcc58eb1bbd2bed065b414409f66c851c60f8feb1310571aa96bbcee048d4ff415a2e5b8e92,2025-08-07T09:12:00.000,25,NO CONTROLS,NO CONTROLS,CLEAR,DAYLIGHT,ANGLE,NOT DIVIDED,STRAIGHT AND LEVEL,DRY,NO DEFECTS,NOT ON SCENE (DESK REPORT),NO INJURY / DRIVE AWAY,,"OVER $1,500",2025-08-08T12:05:00.000,FAILING TO YIELD RIGHT-OF-WAY,NOT APPLICABLE,1524,W,BRYN MAWR AVE,2013,2,NO INDICATION OF INJURY,0,0,0,0,0,2,0,9,5,8,41.9836007996,-87.6685358723,"{'type': 'Point', 'coordinates': [-87.668535872275, 41.983600799623]}",,,,,,,,,,
651f10e107992c5a5d6e0cd3b067d9f8319714f68300104e044e1a779fb640cd28038508a3d12ddb1a9f7b264599484bc520f8b87b0673f41ea366c0e0f56ee6,2025-08-07T09:00:00.000,30,NO CONTROLS,NO CONTROLS,CLEAR,DAYLIGHT,PARKED MOTOR VEHICLE,NOT DIVIDED,STRAIGHT AND LEVEL,DRY,UNKNOWN,ON SCENE,NO INJURY / DRIVE AWAY,,"OVER $1,500",2025-08-07T09:01:00.000,UNABLE TO DETERMINE,UNABLE TO DETERMINE,2701,S,ARCHER AVE,913,2,NO INDICATION OF INJURY,0,0,0,0,0,1,0,9,5,8,41.8444859444,-87.6518470631,"{'type': 'Point', 'coordinates': [-87.651847063139, 41.8444859444]}",,,N,,,,,,,
f2ccd3cd21433f7c3415fb9d136fd3ab37eb3492c7c20ef3e968a97c3eb86ae6397e8b5381d0ea572c97fa3ae891b2b97ee56a2fe4bce7808a77271f8e46da60,2025-08-07T09:00:00.000,30,TRAFFIC SIGNAL,FUNCTIONING PROPERLY,CLEAR,DAYLIGHT,SIDESWIPE SAME DIRECTION,T-INTERSECTION,STRAIGHT AND LEVEL,DRY,NO DEFECTS,NOT ON SCENE (DESK REPORT),NO INJURY / DRIVE AWAY,Y,"OVER $1,500",2025-08-07T11:05:00.000,UNABLE TO DETERMINE,UNABLE TO DETERMINE,1345,N,PULASKI RD,2535,2,NO INDICATION OF INJURY,0,0,0,0,0,2,0,9,5,8,41.9057938403,-87.7262511371,"{'type': 'Point', 'coordinates': [-87.726251137072, 41.905793840339]}",,,,,,,,,,
0c7f48dd87b65a193f7938afa5422a27aca46ecdff91afb8b54ff44e46a828bfa6cb8117fa9d17d71db8a2751a878d8481c031515d74598bce0270e25c8adfc8,2025-08-07T08:55:00.000,30,NO CONTROLS,NO CONTROLS,CLEAR,DAYLIGHT,PARKED MOTOR VEHICLE,NOT DIVIDED,STRAIGHT AND LEVEL,DRY,UNKNOWN,ON SCENE,NO INJURY / DRIVE AWAY,,"OVER $1,500",2025-08-07T08:55:00.000,UNABLE TO DETERMINE,UNABLE TO DETERMINE,2701,S,ARCHER AVE,913,2,NO INDICATION OF INJURY,0,0,0,0,0,1,0,8,5,8,41.8444859444,-87.6518470631,"{'type': 'Point', 'coordinates': [-87.651847063139, 41.8444859444]}",,,,,,,,,,