crash_record_id,crash_date,posted_speed_limit,traffic_control_device,device_condition,weather_condition,lighting_condition,first_crash_type,trafficway_type,alignment,roadway_surface_cond,road_defect,report_type,crash_type,intersection_related_i,damage,date_police_notified,prim_contributory_cause,sec_contributory_cause,street_no,street_direction,street_name,beat_of_occurrence,num_units,most_severe_injury,injuries_total,injuries_fatal,injuries_incapacitating,injuries_non_incapacitating,injuries_reported_not_evident,injuries_no_indication,injuries_unknown,crash_hour,crash_day_of_week,crash_month,latitude,longitude,location,private_property_i,photos_taken_i,hit_and_run_i,statements_taken_i,crash_date_est_i,work_zone_i,work_zone_type,dooring_i,lane_cnt,workers_present_i
5b0dbade4d864668e9f0be72c37db9c50a6f144a9522b37e9c63cb2b631c564172b2d8802285c3c5ef6d00205fd7db28dc72193dafa772b297cadc4be42d19f4,2025-08-07T08:50:00.000,30,NO CONTROLS,NO CONTROLS,CLEAR,DAYLIGHT,PARKED MOTOR VEHICLE,NOT DIVIDED,STRAIGHT AND LEVEL,DRY,NO DEFECTS,NOT ON SCENE (DESK REPORT),NO INJURY / DRIVE AWAY,,"OVER $1,500",2025-08-09T14:12:00.000,IMPROPER OVERTAKING/PASSING,FAILING TO YIELD RIGHT-OF-WAY,3361,S,LOWE AVE,915,2,NO INDICATION OF INJURY,0,0,0,0,0,1,0,8,5,8,41.8327426865,-87.6423501395,"{'type': 'Point', 'coordinates': [-87.642350139522, 41.832742686543]}",,,Y,,,,,,,
d0b0a725be54c47e1d860045bc70c134de8e01370251796a7558fa4f11a660b0c403fea041af6987d1e77667544c919d83d3065d90c78129a565d1c18aaf6b6f,2025-08-07T08:45:00.000,30,TRAFFIC SIGNAL,UNKNOWN,CLEAR,DAYLIGHT,PEDALCYCLIST,NOT DIVIDED,STRAIGHT AND LEVEL,DRY,UNKNOWN,ON SCENE,INJURY AND / OR TOW DUE TO CRASH,Y,"OVER $1,500",2025-08-07T10:02:00.000,UNABLE TO DETERMINE,NOT APPLICABLE,2148,N,MILWAUKEE AVE,1431,2,NONINCAPACITATING INJURY,1,0,0,1,0,1,0,8,5,8,41.9201828384,-87.6931390405,"{'type': 'Point', 'coordinates': [-87.693139040538, 41.920182838435]}",,,,,,,,,,
22fb6dca38b11046ba75a9e2aaaf5396942cc459d4a70c044c5ae4b270fd668266a7134f56fed597791fb19a2a86d3bc2ecace90ab8ff3747da7b72d8456174e,2025-08-07T08:40:00.000,30,TRAFFIC SIGNAL,FUNCTIONING PROPERLY,CLEAR,"DARKNESS, LIGHTED ROAD",TURNING,ALLEY,STRAIGHT AND LEVEL,DRY,NO DEFECTS,ON SCENE,NO INJURY / DRIVE AWAY,,"OVER $1,500",2025-08-07T21:30:00.000,FAILING TO REDUCE SPEED TO AVOID CRASH,NOT APPLICABLE,2014,N,PULASKI RD,2525,2,NO INDICATION OF INJURY,0,0,0,0,0,3,0,8,5,8,41.917620259,-87.7267229199,"{'type': 'Point', 'coordinates': [-87.726722919892, 41.917620258991]}",,,,,,,,,,
d7b7be28f0db150b5e29f3e6864c04380525b02d9dd22594a0bc05ba229445a7ad776e79c520f8e5f194e21340e898b0670ad91bda5482ef4b1a7fb043957fa7,2025-08-07T08:40:00.000,30,PEDESTRIAN CROSSING SIGN,NO CONTROLS,CLEAR,DAYLIGHT,TURNING,NOT DIVIDED,STRAIGHT AND LEVEL,UNKNOWN,UNKNOWN,NOT ON SCENE (DESK REPORT),INJURY AND / OR TOW DUE TO CRASH,Y,"OVER $1,500",2025-08-07T09:30:00.000,UNABLE TO DETERMINE,UNABLE TO DETERMINE,5232,N,WESTERN AVE,2011,2,NO INDICATION OF INJURY,0,0,0,0,0,2,0,8,5,8,41.9768380035,-87.689334621,"{'type': 'Point', 'coordinates': [-87.68933462104, 41.976838003475]}",,,,,,,,,,
f9e9cb5c6358c964f4beecb838bfc0f27449f7ead53a039fc391ddf1ff4af3b595e2d5af81b705020cc18f3f177e61b9c39a61fb05a5cb7ebb3c877e0b13c87e,2025-08-07T08:40:00.000,30,UNKNOWN,UNKNOWN,UNKNOWN,UNKNOWN,REAR END,NOT DIVIDED,STRAIGHT AND LEVEL,UNKNOWN,UNKNOWN,NOT ON SCENE (DESK REPORT),NO INJURY / DRIVE AWAY,,"$501 - $1,500",2025-08-08T11:25:00.000,UNABLE TO DETERMINE,NOT APPLICABLE,6478,W,NORTH AVE,2513,2,NO INDICATION OF INJURY,0,0,0,0,0,2,0,8,5,8,41.90921819,-87.7882196355,"{'type': 'Point', 'coordinates': [-87.788219635458, 41.909218189953]}",,,,,,,,,,
e1a21f89f4ee344a2c6904eb3756b1d6dabfaa639f140d65531a19d0ca6c256983f9c7298005b5333a66ff909e1741bd2477bef4199aa7f4cc684582d16d584b,2025-08-07T08:30:00.000,30,NO CONTROLS,NO CONTROLS,CLEAR,DAYLIGHT,TURNING,DIVIDED - W/MEDIAN (NOT RAISED),STRAIGHT AND LEVEL,DRY,NO DEFECTS,ON SCENE,NO INJURY / DRIVE AWAY,,"OVER $1,500",2025-08-07T08:32:00.000,IMPROPER OVERTAKING/PASSING,IMPROPER TURNING/NO SIGNAL,338,E,63RD ST,311,2,NO INDICATION OF INJURY,0,0,0,0,0,4,0,8,5,8,41.7803198844,-87.6172265634,"{'type': 'Point', 'coordinates': [-87.617226563408, 41.780319884421]}",,,,,,,,,,
00dd5c4961191b00a73b869dc8d550cee963513002e973b967edaf7ac42fcf9af99a6ba16578285a826a4fbb05e222e02f0282706d033cec601d282ae7edff21,2025-08-07T08:25:00.000,30,NO CONTROLS,NO CONTROLS,CLEAR,DAYLIGHT,SIDESWIPE SAME DIRECTION,NOT DIVIDED,STRAIGHT AND LEVEL,DRY,NO DEFECTS,ON SCENE,NO INJURY / DRIVE AWAY,,"OVER $1,500",2025-08-07T08:28:00.000,FAILING TO YIELD RIGHT-OF-WAY,NOT APPLICABLE,659,W,IRVING PARK RD,1925,2,NO INDICATION OF INJURY,0,0,0,0,0,2,0,8,5,8,41.9544909427,-87.6474226832,"{'type': 'Point', 'coordinates': [-87.647422683181, 41.954490942672]}",,,Y,,,,,,,
23904a633063798c56d90e10da39a429c1a87fd7c0626c17bf7971957fc6522cab1cbbd055304ae2c3031040510e26e1ca11088973d8dcb0b4b062d64d64e121,2025-08-07T08:16:00.000,10,NO CONTROLS,NO CONTROLS,CLEAR,DAYLIGHT,PARKED MOTOR VEHICLE,ONE-WAY,STRAIGHT AND LEVEL,DRY,NO DEFECTS,ON SCENE,NO INJURY / DRIVE AWAY,,"OVER $1,500",2025-08-07T08:23:00.000,DRIVING SKILLS/KNOWLEDGE/EXPERIENCE,UNABLE TO DETERMINE,2620,N,SPRINGFIELD AVE,2524,2,NO INDICATION OF INJURY,0,0,0,0,0,1,0,8,5,8,41.928842854,-87.7245973432,"{'type': 'Point', 'coordinates': [-87.724597343222, 41.928842853965]}",,,Y,,,,,,,
2081a5388277ed0e0a1d8fd458fef7fff228d3e4dfbfb143505bbb5c3f9b27a18ea63627b200b26ecf547d2013fdcedde60f35013250a45eb529ce2fdf4255e0,2025-08-07T08:05:00.000,35,NO CONTROLS,NO CONTROLS,CLEAR,DAYLIGHT,SIDESWIPE SAME DIRECTION,NOT DIVIDED,STRAIGHT AND LEVEL,DRY,NO DEFECTS,ON SCENE,INJURY AND / OR TOW DUE TO CRASH,,"OVER $1,500",2025-08-07T08:10:00.000,UNABLE TO DETERMINE,DRIVING SKILLS/KNOWLEDGE/EXPERIENCE,4411,S,PULASKI RD,821,2,NO INDICATION OF INJURY,0,0,0,0,0,2,0,8,5,8,41.8129954227,-87.7236297868,"{'type': 'Point', 'coordinates': [-87.72362978682, 41.812995422725]}",,,,,,,,,,
d61c333ea7c04c4cbb23ca670d93ffc47a7513d66cc7fc6c201ea1ec6e5f24e459ff9abb957b6a6263f2f2fd505a0de0b15aecbe9939a5a604aff4a81cea965d,2025-08-07T08:05:00.000,30,TRAFFIC SIGNAL,FUNCTIONING PROPERLY,CLEAR,DAYLIGHT,SIDESWIPE SAME DIRECTION,NOT DIVIDED,STRAIGHT ON GRADE,DRY,NO DEFECTS,NOT ON SCENE (DESK REPORT),NO INJURY / DRIVE AWAY,,"$501 - $1,500",2025-08-07T08:20:00.000,IMPROPER LANE USAGE,NOT APPLICABLE,5700,N,SHERIDAN RD,2022,2,NO INDICATION OF INJURY,0,0,0,0,0,3,0,8,5,8,41.9856410954,-87.6553885441,"{'type': 'Point', 'coordinates': [-87.655388544127, 41.985641095429]}",,,Y,,,,,,,
3fdfdcbf2116a6726d804fba2c4f1a085773afcab07641c77ff5f0cab81568fad7536bd97a0581d7bef4d7963601f2597ab5408c1cc7fbbd6c1783f785a484ae,2025-08-07T08:00:00.000,30,NO CONTROLS,NO CONTROLS,CLEAR,DAYLIGHT,REAR END,ONE-WAY,STRAIGHT AND LEVEL,DRY,NO DEFECTS,NOT ON SCENE (DESK REPORT),NO INJURY / DRIVE AWAY,,"OVER $1,500",2025-08-07T08:50:00.000,IMPROPER BACKING,IMPROPER BACKING,4757,W,OHIO ST,1111,2,NO INDICATION OF INJURY,0,0,0,0,0,2,0,8,5,8,41.8912725124,-87.7454932122,"{'type': 'Point', 'coordinates': [-87.745493212243, 41.891272512383]}",,,,,,,,,,
ff6788420208b0b3472eb0ad914a5a80b7a861630a5a2f2fea192e1e2b61abb64f16720538d8bfe742382cf0971548ac9bbec65bc6c197331aed4c35b46d3432,2025-08-07T07:55:00.000,30,TRAFFIC SIGNAL,FUNCTIONING PROPERLY,CLEAR,DAYLIGHT,REAR END,NOT DIVIDED,STRAIGHT AND LEVEL,DRY,NO DEFECTS,NOT ON SCENE (DESK REPORT),NO INJURY / DRIVE AWAY,,"OVER $1,500",2025-08-07T08:40:00.000,FOLLOWING TOO CLOSELY,FOLLOWING TOO CLOSELY,5501,S,CICERO AVE,813,2,NO INDICATION OF INJURY,0,0,0,0,0,2,0,7,5,8,41.7929943849,-87.7418060289,"{'type': 'Point', 'coordinates': [-87.741806028879, 41.792994384855]}",,,,,,,,,,
1846cbdb476087c223adaeedfa20e2129e5f53b94a55929be31bf82538c7b5b5c71c386f490a2fef6997e656b4de2317c5f56c1af4fd0e3505a476a937fa94fe,2025-08-07T07:50:00.000,30,UNKNOWN,UNKNOWN,CLEAR,DAYLIGHT,SIDESWIPE SAME DIRECTION,NOT DIVIDED,STRAIGHT AND LEVEL,UNKNOWN,UNKNOWN,NOT ON SCENE (DESK REPORT),NO INJURY / DRIVE AWAY,,"$501 - $1,500",2025-08-07T08:30:00.000,UNABLE TO DETERMINE,NOT APPLICABLE,7700,S,KEDZIE AVE,835,2,NO INDICATION OF INJURY,0,0,0,0,0,2,0,7,5,8,41.75335698,-87.7026425505,"{'type': 'Point', 'coordinates': [-87.70264255049, 41.753356980012]}",,,,,,,,,,
38c9b28d268929fb3e1ac923493cbcd373026409427b0e8d3587b2badd0cdf67a5d5f4cd3d5486d0b1ae3416d864d3262a615836e99c97fe0c2ad9b050175119,2025-08-07T07:50:00.000,35,NO CONTROLS,NO CONTROLS,CLEAR,DAYLIGHT,REAR END,NOT DIVIDED,STRAIGHT AND LEVEL,DRY,UNKNOWN,NOT ON SCENE (DESK REPORT),NO INJURY / DRIVE AWAY,,"OVER $1,500",2025-08-07T08:25:00.000,NOT APPLICABLE,NOT APPLICABLE,2004,S,KOSTNER AVE,1012,2,NO INDICATION OF INJURY,0,0,0,0,0,2,0,7,5,8,41.85410293,-87.7347339515,"{'type': 'Point', 'coordinates': [-87.73473395148, 41.85410292997]}",,,,,,,,,,
8d40da0172f042d1103b73500c6c7fc3875a07769c0c2acdb6e8460e24e3c2948549ac9690a462f6b91846e111a9e2166a4a1d912f334c2335a11a059be5617e,2025-08-07T07:47:00.000,30,TRAFFIC SIGNAL,FUNCTIONING PROPERLY,CLEAR,DAYLIGHT,SIDESWIPE SAME DIRECTION,DIVIDED - W/MEDIAN (NOT RAISED),STRAIGHT AND LEVEL,DRY,NO DEFECTS,,NO INJURY / DRIVE AWAY,,"OVER $1,500",2025-08-07T08:20:00.000,UNABLE TO DETERMINE,NOT APPLICABLE,414,S,KOSTNER AVE,1131,2,NO INDICATION OF INJURY,0,0,0,0,0,2,0,7,5,8,41.8746146053,-87.735407855,"{'type': 'Point', 'coordinates': [-87.735407854998, 41.874614605274]}",,,Y,,,,,,,
7d6a0dccdede7a6ae77c81d1ba6a9f33e53e0ad7301bd3d1e5f1982568f8f5912d24a84ffd75a418f9768559c0a8e4eeb8f08cfdc036e8956a5607cf75e0688d,2025-08-07T07:43:00.000,30,STOP SIGN/FLASHER,FUNCTIONING PROPERLY,CLEAR,DAYLIGHT,TURNING,NOT DIVIDED,STRAIGHT AND LEVEL,DRY,NO DEFECTS,NOT ON SCENE (DESK REPORT),NO INJURY / DRIVE AWAY,,"OVER $1,500",2025-08-07T14:00:00.000,FAILING TO YIELD RIGHT-OF-WAY,NOT APPLICABLE,3028,N,CICERO AVE,2521,2,NO INDICATION OF INJURY,0,0,0,0,0,3,0,7,5,8,41.9360437372,-87.7469227426,"{'type': 'Point', 'coordinates': [-87.74692274258, 41.936043737167]}",,,,,Y,,,,,
8f72392a6d73ef0bbd7ba75c072a3d4c57798c4917b27c586b092be49230708df9ee207005de5af8131a3291c8616b01ff28ac9f9393f9c75417674f14c17e1d,2025-08-07T07:33:00.000,30,TRAFFIC SIGNAL,UNKNOWN,CLEAR,DAYLIGHT,SIDESWIPE SAME DIRECTION,NOT DIVIDED,STRAIGHT AND LEVEL,DRY,NO DEFECTS,ON SCENE,INJURY AND / OR TOW DUE TO CRASH,,"OVER $1,500",2025-08-07T07:38:00.000,UNABLE TO DETERMINE,UNABLE TO DETERMINE,1355,N,CENTRAL AVE,2532,3,NONINCAPACITATING INJURY,1,0,0,1,0,2,0,7,5,8,41.9055809595,-87.7656308941,"{'type': 'Point', 'coordinates': [-87.765630894082, 41.905580959522]}",,,Y,,,,,,,
05cd3554e3bd2162411d58f36a165568e4df53eda642db89ac8b69e35f1fa031ab85ce31baa10e1c278630f35fe535cf8d8e46835baa1ce3790194c4ab32ddf5,2025-08-07T07:30:00.000,30,NO CONTROLS,NO CONTROLS,CLEAR,DAYLIGHT,SIDESWIPE SAME DIRECTION,DIVIDED - W/MEDIAN (NOT RAISED),STRAIGHT AND LEVEL,DRY,NO DEFECTS,NOT ON SCENE (DESK REPORT),NO INJURY / DRIVE AWAY,,$500 OR LESS,2025-08-07T14:30:00.000,IMPROPER LANE USAGE,NOT APPLICABLE,550,W,CONGRESS PKWY,124,2,NO INDICATION OF INJURY,0,0,0,0,0,7,0,7,5,8,41.8754021727,-87.6414992426,"{'type': 'Point', 'coordinates': [-87.641499242596, 41.875402172722]}",,,,,,,,,,
064d131d9a08e3a6732c47881df0b34cb6dab6b0db7ebf25b63f519e3ab945352dc229add6dec5db80cc8e5dcf55aea1aeddd62a9c4336a790f79c43bff14d13,2025-08-07T07:30:00.000,30,TRAFFIC SIGNAL,UNKNOWN,CLEAR,DAYLIGHT,SIDESWIPE SAME DIRECTION,FOUR WAY,STRAIGHT AND LEVEL,UNKNOWN,UNKNOWN,NOT ON SCENE (DESK REPORT),NO INJURY / DRIVE AWAY,,"OVER $1,500",2025-08-07T08:00:00.000,IMPROPER LANE USAGE,IMPROPER LANE USAGE,757,N,MICHIGAN AVE,1833,2,NO INDICATION OF INJURY,0,0,0,0,0,2,0,7,5,8,41.8964106756,-87.6241332966,"{'type': 'Point', 'coordinates': [-87.624133296552, 41.896410675642]}",,,Y,,,,,,,
993c8252921a986646fd808e0a9d7f18ec95d1096465166bf59bf9b8d54e7cd0904f90e762653237c3a64ffeccf89afb3188f0e715bba5167296f5eb051d9167,2025-08-07T07:30:00.000,30,TRAFFIC SIGNAL,UNKNOWN,CLEAR,DAYLIGHT,TURNING,FOUR WAY,STRAIGHT AND LEVEL,DRY,UNKNOWN,ON SCENE,INJURY AND / OR TOW DUE TO CRASH,Y,"OVER $1,500",2025-08-07T07:41:00.000,IMPROPER TURNING/NO SIGNAL,IMPROPER OVERTAKING/PASSING,5900,S,ASHLAND AVE,714,2,NONINCAPACITATING INJURY,1,0,0,1,0,3,0,7,5,8,41.7866541783,-87.6645391577,"{'type': 'Point', 'coordinates': [-87.664539157743, 41.786654178265]}",,,,,,,,,,
ace54ac2dd032fac821a1e30a67bb6812de19923fb5220640a57a7fed6e34239b6f140f958b32789c6ab443a592fb25f21b6d13aae193b5480ade9261ee76af4,2025-08-07T07:27:00.000,30,NO CONTROLS,NO CONTROLS,CLEAR,DAYLIGHT,SIDESWIPE SAME DIRECTION,NOT DIVIDED,STRAIGHT AND LEVEL,DRY,UNKNOWN,ON SCENE,NO INJURY / DRIVE AWAY,,"OVER $1,500",2025-08-07T07:27:00.000,UNABLE TO DETERMINE,UNABLE TO DETERMINE,2701,S,ARCHER AVE,913,2,NO INDICATION OF INJURY,0,0,0,0,0,2,0,7,5,8,41.8444859444,-87.6518470631,"{'type': 'Point', 'coordinates': [-87.651847063139, 41.8444859444]}",,,,,,,,,,
d1b70cf1c08136d8431687527eef4695abe92184f8e2c1282391ea63b0802a9b1141707a0de828d2a6dbcbf29893074dc00b4cddad5c9f647a62a4fd420d4439,2025-08-07T07:05:00.000,5,NO CONTROLS,NO CONTROLS,CLEAR,UNKNOWN,PARKED MOTOR VEHICLE,PARKING LOT,STRAIGHT AND LEVEL,DRY,NO DEFECTS,ON SCENE,NO INJURY / DRIVE AWAY,,"OVER $1,500",2025-08-08T10:01:00.000,UNABLE TO DETERMINE,NOT APPLICABLE,365,N,JEFFERSON ST,1214,2,NO INDICATION OF INJURY,0,0,0,0,0,1,0,7,5,8,41.8884778776,-87.6427227369,"{'type': 'Point', 'coordinates': [-87.642722736941, 41.888477877571]}",,,Y,,Y,,,,,
b8f2c8939e76a8a7155678094e8fac0cb430a94ec19c28271a5ed3681d7e12a001c8aae66fae22c2b6be88a264f76756e0a7f3fbd428210ed5ae885fdd93810b,2025-08-07T07:00:00.000,30,NO CONTROLS,NO CONTROLS,CLEAR,DAYLIGHT,PEDALCYCLIST,NOT DIVIDED,STRAIGHT AND LEVEL,DRY,NO DEFECTS,ON SCENE,INJURY AND / OR TOW DUE TO CRASH,,"OVER $1,500",2025-08-07T07:10:00.000,FAILING TO YIELD RIGHT-OF-WAY,DRIVING SKILLS/KNOWLEDGE/EXPERIENCE,1348,N,MILWAUKEE AVE,1424,2,NONINCAPACITATING INJURY,1,0,0,1,0,1,0,7,5,8,41.906236605,-87.6712133484,"{'type': 'Point', 'coordinates': [-87.671213348395, 41.906236605013]}",,,,,,,,Y,,
1f30420a6e62b89a60dafdb6843d71297992b825e6841b8ed975a804df6107bde63c934388bb65967cbb3ac8a92f9090d40828cb8d5fa80cf9ec6269485e00c5,2025-08-07T06:25:00.000,30,TRAFFIC SIGNAL,FUNCTIONING PROPERLY,CLEAR,DAYLIGHT,REAR END,DIVIDED - W/MEDIAN (NOT RAISED),STRAIGHT AND LEVEL,DRY,NO DEFECTS,ON SCENE,NO INJURY / DRIVE AWAY,,$500 OR LESS,2025-08-07T06:41:00.000,FOLLOWING TOO CLOSELY,NOT APPLICABLE,3608,N,CICERO AVE,1634,2,NO INDICATION OF INJURY,0,0,0,0,0,2,0,6,5,8,41.9464178302,-87.7472327813,"{'type': 'Point', 'coordinates': [-87.747232781266, 41.946417830199]}",,,,,,,,,,
6779ad9c9f07d41e92d326e5d178fd9982986564f0b30c11a82a8bc73e8901e196895a318b8ce57634904cd4f8082e32f23bd6db8d0eab491f3840f7d5d11c62,2025-08-07T05:25:00.000,20,NO CONTROLS,NO CONTROLS,CLEAR,"DARKNESS, LIGHTED ROAD",REAR TO SIDE,NOT DIVIDED,STRAIGHT AND LEVEL,DRY,NO DEFECTS,NOT ON SCENE (DESK REPORT),NO INJURY / DRIVE AWAY,,"OVER $1,500",2025-08-07T05:30:00.000,"VISION OBSCURED (SIGNS, TREE LIMBS, BUILDINGS, ETC.)",UNABLE TO DETERMINE,3215,W,62ND ST,823,2,NO INDICATION OF INJURY,0,0,0,0,0,2,0,5,5,8,41.7806809623,-87.7038332494,"{'type': 'Point', 'coordinates': [-87.703833249409, 41.780680962264]}",,,,,,,,,,
c0a125cb4597ffd7c7802b42be6374eff39ab6de0c7a7947182ac39f40abc8db5bdf9dbc3b02e237f6ff6fdcdf4700750a0063de1ab77216e1e1f60c276cb1b1,2025-08-07T05:12:00.000,30,UNKNOWN,UNKNOWN,CLEAR,DAYLIGHT,REAR TO FRONT,NOT DIVIDED,STRAIGHT AND LEVEL,DRY,NO DEFECTS,ON SCENE,NO INJURY / DRIVE AWAY,,"$501 - $1,500",2025-08-07T05:53:00.000,"VISION OBSCURED (SIGNS, TREE LIMBS, BUILDINGS, ETC.)",DRIVING SKILLS/KNOWLEDGE/EXPERIENCE,5240,W,LAWRENCE AVE,1623,2,NO INDICATION OF INJURY,0,0,0,0,0,2,0,5,5,8,41.9679985169,-87.7591971379,"{'type': 'Point', 'coordinates': [-87.759197137941, 41.967998516856]}",,,,,,,,,,
79dac266040ad1b5625c1e8eb77d93c5d127f1c3f702fd44937f8a4d173c1d2ce02e25db8013a2f3b3f6f391c5051975bcc6078d82ce54f71f72a190787320dc,2025-08-07T05:00:00.000,30,TRAFFIC SIGNAL,FUNCTIONING PROPERLY,CLEAR,"DARKNESS, LIGHTED ROAD",TURNING,DIVIDED - W/MEDIAN (NOT RAISED),STRAIGHT AND LEVEL,DRY,UNKNOWN,ON SCENE,INJURY AND / OR TOW DUE TO CRASH,Y,"OVER $1,500",2025-08-07T05:03:00.000,FAILING TO REDUCE SPEED TO AVOID CRASH,NOT APPLICABLE,1001,W,VAN BUREN ST,1232,2,NO INDICATION OF INJURY,0,0,0,0,0,2,0,5,5,8,41.8764905542,-87.6519193185,"{'type': 'Point', 'coordinates': [-87.651919318526, 41.876490554192]}",,,,,,,,,,
301790f9de3a736a64d6c2f2c9259b7b5722845ab609621d4eee54179548d860521b576508728df6280464a0eecb401b62b37a248aacbd3b58f22fce53bb762b,2025-08-07T04:30:00.000,30,NO CONTROLS,NO CONTROLS,CLEAR,"DARKNESS, LIGHTED ROAD",PARKED MOTOR VEHICLE,ONE-WAY,STRAIGHT AND LEVEL,DRY,UNKNOWN,NOT ON SCENE (DESK REPORT),NO INJURY / DRIVE AWAY,,"OVER $1,500",2025-08-07T06:00:00.000,NOT APPLICABLE,NOT APPLICABLE,2200,S,KILDARE AVE,1013,2,NO INDICATION OF INJURY,0,0,0,0,0,1,0,4,5,8,41.8513567408,-87.7313875533,"{'type': 'Point', 'coordinates': [-87.731387553288, 41.851356740798]}",,,Y,,Y,,,,,
da11302c5211c7affee2e6e222e3c1262c9e1fa5e3ac17da5f014971727c3a4c139b7217b933810a911c202006af8069b9c13e8569388d88695b619abf6896f7,2025-08-07T04:30:00.000,30,STOP SIGN/FLASHER,FUNCTIONING PROPERLY,CLEAR,"DARKNESS, LIGHTED ROAD",ANGLE,FOUR WAY,STRAIGHT AND LEVEL,DRY,NO DEFECTS,ON SCENE,NO INJURY / DRIVE AWAY,Y,"OVER $1,500",2025-08-07T04:35:00.000,UNABLE TO DETERMINE,NOT APPLICABLE,430,N,ASHLAND AVE,1215,3,NO INDICATION OF INJURY,0,0,0,0,0,4,0,4,5,8,41.8897743412,-87.6672551611,"{'type': 'Point', 'coordinates': [-87.667255161117, 41.889774341205]}",,,,Y,,,,,,
b99aab624b820d343ee3367d73a82d17b766346ed00e2220e79d4b2cb6eb31189f73e8ea0b6bd1d21221e5ae7404fa5ac2488142f1c76572784a79ae0b4679bb,2025-08-07T04:00:00.000,25,NO CONTROLS,NO CONTROLS,CLEAR,"DARKNESS, LIGHTED ROAD",PARKED MOTOR VEHICLE,ONE-WAY,STRAIGHT AND LEVEL,DRY,NO DEFECTS,NOT ON SCENE (DESK REPORT),NO INJURY / DRIVE AWAY,,"OVER $1,500",2025-08-07T09:52:00.000,UNABLE TO DETERMINE,UNABLE TO DETERMINE,2850,W,WELLINGTON AVE,1411,2,NO INDICATION OF INJURY,0,0,0,0,0,1,0,4,5,8,41.9358427515,-87.6997757803,"{'type': 'Point', 'coordinates': [-87.699775780313, 41.935842751505]}",,,Y,,,,,,,
35eadc9abcfa9e4234b75c2a47c51da7aa7a359d4c3f0dbb2682fd4400a4379931630deed080bdbf45fc6af0110281a8d6afcd3a8675d399ff5f9b2d59d26162,2025-08-07T03:35:00.000,30,NO CONTROLS,NO CONTROLS,CLEAR,DARKNESS,PARKED MOTOR VEHICLE,NOT DIVIDED,STRAIGHT AND LEVEL,DRY,UNKNOWN,NOT ON SCENE (DESK REPORT),NO INJURY / DRIVE AWAY,,"OVER $1,500",2025-08-07T10:30:00.000,UNABLE TO DETERMINE,NOT APPLICABLE,5720,W,LAKE ST,1512,2,NO INDICATION OF INJURY,0,0,0,0,0,1,0,3,5,8,41.8879347827,-87.7684499996,"{'type': 'Point', 'coordinates': [-87.768449999594, 41.887934782683]}",,,Y,,Y,,,,,
b8776c334ad72da2cd0fa8a3a4ac8cea57a9cccf28ed8b00953384b6e3189d2b2952c0022605aef87a670d5f9f4e120bfbd50e3f22a86d8be322814586f7c2b7,2025-08-07T03:17:00.000,30,UNKNOWN,UNKNOWN,CLEAR,"DARKNESS, LIGHTED ROAD",FIXED OBJECT,DIVIDED - W/MEDIAN BARRIER,STRAIGHT AND LEVEL,DRY,UNKNOWN,ON SCENE,INJURY AND / OR TOW DUE TO CRASH,,"OVER $1,500",2025-08-07T03:18:00.000,FAILING TO REDUCE SPEED TO AVOID CRASH,UNABLE TO DETERMINE,8929,S,HALSTED ST,2223,1,INCAPACITATING INJURY,3,0,3,0,0,0,0,3,5,8,41.7316732571,-87.6433424385,"{'type': 'Point', 'coordinates': [-87.64334243849, 41.731673257131]}",,,,,,,,,,
064384617818bbaab57fd4e888fca5fdfe0a74dff906eac0cc608ebc77f5f900e5f2cf575ca0c15031c410444e5b033eecac5d6350f4c07a9ded02f525efeaf9,2025-08-07T02:30:00.000,30,NO CONTROLS,NO CONTROLS,CLEAR,DARKNESS,PARKED MOTOR VEHICLE,ONE-WAY,STRAIGHT AND LEVEL,DRY,NO DEFECTS,ON SCENE,INJURY AND / OR TOW DUE TO CRASH,,"OVER $1,500",2025-08-07T02:33:00.000,UNABLE TO DETERMINE,UNABLE TO DETERMINE,10854,S,EMERALD AVE,2233,2,NO INDICATION OF INJURY,0,0,0,0,0,2,0,2,5,8,41.69621274,-87.6414341145,"{'type': 'Point', 'coordinates': [-87.64143411455, 41.696212739972]}",,,Y,,,,,,,
b06afcbd5c69ea9ad614e5294fd129ddbc21b501fa1980f150a7ed30b80aef5aa63891b2bd3b06c15422567a570d8bbb14532a8a74804b72f0d16cdc3344d702,2025-08-07T01:20:00.000,25,UNKNOWN,UNKNOWN,CLEAR,"DARKNESS, LIGHTED ROAD",PARKED MOTOR VEHICLE,NOT DIVIDED,STRAIGHT AND LEVEL,DRY,NO DEFECTS,ON SCENE,INJURY AND / OR TOW DUE TO CRASH,,"$501 - $1,500",2025-08-07T01:21:00.000,DISTRACTION - FROM INSIDE VEHICLE,ANIMAL,2000,W,77TH ST,611,3,NONINCAPACITATING INJURY,1,0,0,1,0,0,0,1,5,8,41.7539846982,-87.673300789,"{'type': 'Point', 'coordinates': [-87.673300788985, 41.753984698185]}",,,,,,,,,,
fa5e203dbb4a13973fad2c50b80ab39b0c7a0ea787c5508d666c727f3b9a6c79ae3cd3d6bf70d840de3704648903b6130d677a220d9c6b08437583d45a1dc95a,2025-08-07T00:30:00.000,30,NO CONTROLS,NO CONTROLS,CLEAR,"DARKNESS, LIGHTED ROAD",PARKED MOTOR VEHICLE,ONE-WAY,STRAIGHT ON GRADE,DRY,NO DEFECTS,ON SCENE,NO INJURY / DRIVE AWAY,,"OVER $1,500",2025-08-07T02:52:00.000,UNABLE TO DETERMINE,UNABLE TO DETERMINE,8435,S,DORCHESTER AVE,412,2,NO INDICATION OF INJURY,0,0,0,0,0,1,0,0,5,8,41.7412676344,-87.590235835,"{'type': 'Point', 'coordinates': [-87.590235834968, 41.741267634392]}",,,Y,,,,,,,