crash_record_id,crash_date,posted_speed_limit,traffic_control_device,device_condition,weather_condition,lighting_condition,first_crash_type,trafficway_type,alignment,roadway_surface_cond,road_defect,report_type,crash_type,intersection_related_i,damage,date_police_notified,prim_contributory_cause,sec_contributory_cause,street_no,street_direction,street_name,beat_of_occurrence,num_units,most_severe_injury,injuries_total,injuries_fatal,injuries_incapacitating,injuries_non_incapacitating,injuries_reported_not_evident,injuries_no_indication,injuries_unknown,crash_hour,crash_day_of_week,crash_month,latitude,longitude,location,private_property_i,photos_taken_i,hit_and_run_i,statements_taken_i,crash_date_est_i,work_zone_i,work_zone_type,dooring_i,lane_cnt,workers_present_i
49d34754b734d203549b861d63951d5a234e0c33bc92e4ea867492571adfbbd471a1020679edfd9a074ba6ff2e3dcbea6aa4515ea31d13ad0c006b95a0cfad08,2025-08-07T00:24:00.000,30,OTHER,NO CONTROLS,CLEAR,"DARKNESS, LIGHTED ROAD",PARKED MOTOR VEHICLE,ONE-WAY,STRAIGHT AND LEVEL,DRY,NO DEFECTS,,NO INJURY / DRIVE AWAY,,"OVER $1,500",2025-08-07T00:26:00.000,"OPERATING VEHICLE IN ERRATIC, RECKLESS, CARELESS, NEGLIGENT OR AGGRESSIVE MANNER","OPERATING VEHICLE IN ERRATIC, RECKLESS, CARELESS, NEGLIGENT OR AGGRESSIVE MANNER",6601,S,ELLIS AVE,321,2,NO INDICATION OF INJURY,0,0,0,0,0,1,0,0,5,8,41.7749225748,-87.6007914969,"{'type': 'Point', 'coordinates': [-87.600791496874, 41.774922574757]}",,,Y,,,,,,,
8874ac8edcf59711dc4af0148a1f70fff8a287eb0698128dba8e60c5864087db020e970280012d9d2ce3556e2890ab2e8c7a7a1f00bfa6ea6b953c0e4164b6d1,2025-08-07T00:00:00.000,30,NO CONTROLS,OTHER,CLEAR,DARKNESS,PARKED MOTOR VEHICLE,NOT DIVIDED,STRAIGHT AND LEVEL,DRY,NO DEFECTS,ON SCENE,INJURY AND / OR TOW DUE TO CRASH,,"OVER $1,500",2025-08-07T00:22:00.000,IMPROPER OVERTAKING/PASSING,IMPROPER LANE USAGE,5234,W,MONTROSE AVE,1623,3,NO INDICATION OF INJURY,0,0,0,0,0,1,0,0,5,8,41.9606932086,-87.7588126791,"{'type': 'Point', 'coordinates': [-87.758812679064, 41.960693208582]}",,,Y,,,,,,,
4fbf4a8ec0009f4aac610e16a45247c49a5c8315ebb80623eb517b68931b8c381d760bd9cfddda46d1fed8e370a839e6d9ade3c6853f5b9cd995867da5819f7d,2025-08-06T23:48:00.000,30,NO CONTROLS,NO CONTROLS,CLEAR,"DARKNESS, LIGHTED ROAD",PEDALCYCLIST,NOT DIVIDED,STRAIGHT AND LEVEL,DRY,NO DEFECTS,ON SCENE,INJURY AND / OR TOW DUE TO CRASH,,$500 OR LESS,2025-08-06T23:50:00.000,"OPERATING VEHICLE IN ERRATIC, RECKLESS, CARELESS, NEGLIGENT OR AGGRESSIVE MANNER",FOLLOWING TOO CLOSELY,5637,N,HARLEM AVE,1612,2,NONINCAPACITATING INJURY,1,0,0,1,0,1,0,23,4,8,41.9838099495,-87.8067848215,"{'type': 'Point', 'coordinates': [-87.806784821548, 41.983809949547]}",,,Y,,,,,,,
11cf8d62735135fb5ee05d39643693610ecc3d6e65e4798f0c04f30705115a60aa65e9e5656488f8fa329de072624b852e69a925c00569f8797496bd097f0ec2,2025-08-06T23:45:00.000,30,NO CONTROLS,NO CONTROLS,CLEAR,"DARKNESS, LIGHTED ROAD",PARKED MOTOR VEHICLE,NOT DIVIDED,STRAIGHT AND LEVEL,DRY,NO DEFECTS,ON SCENE,NO INJURY / DRIVE AWAY,,"OVER $1,500",2025-08-06T23:45:00.000,EQUIPMENT - VEHICLE CONDITION,IMPROPER BACKING,1056,W,WINONA ST,2024,2,NO INDICATION OF INJURY,0,0,0,0,0,1,0,23,4,8,41.9753578693,-87.6572474556,"{'type': 'Point', 'coordinates': [-87.65724745559, 41.975357869285]}",,,,,,,,,,
a5a606fc1b4e6af08648efc07f16ba24d58d93321af5b84426878ca1668f5df713f76dad8baf9ae6bc706a4091b7087123ed1a13a0f6562563a0b609259e8671,2025-08-06T23:45:00.000,25,STOP SIGN/FLASHER,FUNCTIONING PROPERLY,CLEAR,"DARKNESS, LIGHTED ROAD",ANGLE,NOT DIVIDED,STRAIGHT AND LEVEL,DRY,UNKNOWN,ON SCENE,INJURY AND / OR TOW DUE TO CRASH,Y,"OVER $1,500",2025-08-06T23:59:00.000,UNABLE TO DETERMINE,UNABLE TO DETERMINE,2700,S,SPAULDING AVE,1032,2,NO INDICATION OF INJURY,0,0,0,0,0,2,0,23,4,8,41.8425648372,-87.7075670951,"{'type': 'Point', 'coordinates': [-87.707567095122, 41.842564837181]}",,,,,,,,,,
20c43c94b5676c16edf2f6945bf57dd79a297f0478c893f3b144f245e85313780b415664e554254f55e32a01e022628321b8233ab304bc784f332560907bcc53,2025-08-06T23:24:00.000,30,STOP SIGN/FLASHER,FUNCTIONING PROPERLY,CLEAR,"DARKNESS, LIGHTED ROAD",TURNING,FOUR WAY,STRAIGHT AND LEVEL,DRY,NO DEFECTS,ON SCENE,INJURY AND / OR TOW DUE TO CRASH,Y,"OVER $1,500",2025-08-06T23:24:00.000,FAILING TO YIELD RIGHT-OF-WAY,"OPERATING VEHICLE IN ERRATIC, RECKLESS, CARELESS, NEGLIGENT OR AGGRESSIVE MANNER",8700,S,ELIZABETH ST,2222,2,"REPORTED, NOT EVIDENT",1,0,0,0,1,3,0,23,4,8,41.735822319,-87.6546999686,"{'type': 'Point', 'coordinates': [-87.654699968553, 41.73582231901]}",,,,Y,,,,,,
9b7d98910c747e44d51d029e0fb6fba41c4290933c59b633887882372bf66baa1cf0a50947e945d061462ec6693dd1afe8639b6aa0236c7a54a2f63938ddf203,2025-08-06T23:14:00.000,30,STOP SIGN/FLASHER,FUNCTIONING PROPERLY,CLEAR,"DARKNESS, LIGHTED ROAD",ANGLE,T-INTERSECTION,STRAIGHT AND LEVEL,DRY,NO DEFECTS,ON SCENE,INJURY AND / OR TOW DUE TO CRASH,Y,"OVER $1,500",2025-08-06T23:37:00.000,UNABLE TO DETERMINE,NOT APPLICABLE,5898,W,EDDY ST,1633,3,"REPORTED, NOT EVIDENT",2,0,0,0,2,0,0,23,4,8,41.9449940957,-87.7739119347,"{'type': 'Point', 'coordinates': [-87.773911934713, 41.944994095656]}",,,,,,,,,,
5e24b996f4f515a527c420f7e338d7885a1a566a9d33f555bd36ba27a5c1f9335bd76c52eb7fa87a6b767c2a7f4ea2cdfcf6332d71e19d41715e9b4696200a20,2025-08-06T23:13:00.000,30,NO CONTROLS,NO CONTROLS,CLEAR,"DARKNESS, LIGHTED ROAD",TURNING,DIVIDED - W/MEDIAN (NOT RAISED),STRAIGHT AND LEVEL,DRY,NO DEFECTS,NOT ON SCENE (DESK REPORT),NO INJURY / DRIVE AWAY,Y,"OVER $1,500",2025-08-06T23:30:00.000,FAILING TO YIELD RIGHT-OF-WAY,NOT APPLICABLE,832,E,87TH ST,632,2,NO INDICATION OF INJURY,0,0,0,0,0,3,0,23,4,8,41.7367755669,-87.6035480293,"{'type': 'Point', 'coordinates': [-87.603548029256, 41.736775566889]}",,,,,,,,,,
cbd018f0e40263e911af61c0a39eca1525e93bb6e81303d0c7cc0e1d4feff286545bf1e776cd527d3cfbf00aec612b1a21758958629a23a260a2c0f7759511ff,2025-08-06T22:55:00.000,35,UNKNOWN,UNKNOWN,CLEAR,"DARKNESS, LIGHTED ROAD",REAR END,FOUR WAY,STRAIGHT AND LEVEL,DRY,UNKNOWN,NOT ON SCENE (DESK REPORT),NO INJURY / DRIVE AWAY,,"OVER $1,500",2025-08-06T23:52:00.000,FOLLOWING TOO CLOSELY,FOLLOWING TOO CLOSELY,6020,W,FOSTER AVE,1622,2,NO INDICATION OF INJURY,0,0,0,0,0,2,0,22,4,8,41.9757751962,-87.7790200677,"{'type': 'Point', 'coordinates': [-87.779020067697, 41.975775196154]}",,,,,,,,,,
49ac68768918167117d3ab21d0262333445e14f595184638312e440d030aa026d677ca78066bf3dc62d714b9db02157876692334ed4a7a59001835a627aacc12,2025-08-06T22:43:00.000,30,TRAFFIC SIGNAL,FUNCTIONING PROPERLY,CLEAR,"DARKNESS, LIGHTED ROAD",PEDALCYCLIST,TRAFFIC ROUTE,STRAIGHT AND LEVEL,DRY,NO DEFECTS,ON SCENE,INJURY AND / OR TOW DUE TO CRASH,Y,"$501 - $1,500",2025-08-06T22:44:00.000,FAILING TO YIELD RIGHT-OF-WAY,FAILING TO REDUCE SPEED TO AVOID CRASH,1901,N,PULASKI RD,2535,2,NONINCAPACITATING INJURY,1,0,0,1,0,1,0,22,4,8,41.9154407553,-87.7263701278,"{'type': 'Point', 'coordinates': [-87.726370127781, 41.915440755252]}",,,,,,,,,,
5ba6dcdbbf936d5450a9e91c9e4a9c25fc9d84c41c60860a216a803071694e7e24e014514024a56bdf883789a4060bf1502d0b38cb34ff94613b5a9c52cbc710,2025-08-06T22:40:00.000,20,NO CONTROLS,NO CONTROLS,CLEAR,"DARKNESS, LIGHTED ROAD",PARKED MOTOR VEHICLE,ONE-WAY,STRAIGHT AND LEVEL,DRY,NO DEFECTS,ON SCENE,INJURY AND / OR TOW DUE TO CRASH,,"OVER $1,500",2025-08-06T22:41:00.000,DISTRACTION - FROM INSIDE VEHICLE,NOT APPLICABLE,3901,W,SCHOOL ST,1732,2,NONINCAPACITATING INJURY,2,0,0,2,0,0,0,22,4,8,41.9408355086,-87.7248520407,"{'type': 'Point', 'coordinates': [-87.724852040694, 41.940835508566]}",,,,,,,,,,
26d1b5c5bd4a4e336dc6a2f42075e2108acec9a20bb9632bc53f5dd745114c2fbafa3fac47ea82cd080bd7ebde8db743d35614a0d55c3a24b00803d8fe8b616b,2025-08-06T22:35:00.000,45,NO CONTROLS,NO CONTROLS,CLEAR,"DARKNESS, LIGHTED ROAD",REAR END,ONE-WAY,STRAIGHT AND LEVEL,DRY,UNKNOWN,ON SCENE,INJURY AND / OR TOW DUE TO CRASH,,"OVER $1,500",2025-08-06T22:41:00.000,UNABLE TO DETERMINE,UNABLE TO DETERMINE,1606,S,LAKE SHORE DR SB,132,4,NO INDICATION OF INJURY,0,0,0,0,0,9,0,22,4,8,41.8600630356,-87.6178758855,"{'type': 'Point', 'coordinates': [-87.617875885549, 41.860063035583]}",,,,,,,,,,
af24c9e27c32e16f368a861fd279ca0d2b8b8075a5ab33d974c10512179980842ae6285cb96e3f8f2e11f1ca3968203326560cd6c2f1a40777bc438cc79f5625,2025-08-06T22:30:00.000,35,STOP SIGN/FLASHER,FUNCTIONING PROPERLY,CLEAR,"DARKNESS, LIGHTED ROAD",TURNING,T-INTERSECTION,STRAIGHT AND LEVEL,DRY,UNKNOWN,ON SCENE,INJURY AND / OR TOW DUE TO CRASH,Y,"OVER $1,500",2025-08-06T22:32:00.000,FAILING TO YIELD RIGHT-OF-WAY,NOT APPLICABLE,7718,W,ADDISON ST,1631,2,NO INDICATION OF INJURY,0,0,0,0,0,3,0,22,4,8,41.9453094647,-87.8204271938,"{'type': 'Point', 'coordinates': [-87.820427193801, 41.945309464691]}",,,,,,,,,,
6aff7f39581c8a0b85d94fce025a3ce92c24b7187fea8bf0d38291f4adbf15c70d506287fd0b077c6bb5ab963326a09490a336f7a42bf0713550b0a377eebcc9,2025-08-06T22:25:00.000,30,NO CONTROLS,NO CONTROLS,CLEAR,"DARKNESS, LIGHTED ROAD",TURNING,NOT DIVIDED,STRAIGHT AND LEVEL,DRY,UNKNOWN,NOT ON SCENE (DESK REPORT),NO INJURY / DRIVE AWAY,,"OVER $1,500",2025-08-06T22:50:00.000,UNABLE TO DETERMINE,UNABLE TO DETERMINE,3941,W,LAWRENCE AVE,1723,2,NO INDICATION OF INJURY,0,0,0,0,0,3,0,22,4,8,41.968140028,-87.7272630023,"{'type': 'Point', 'coordinates': [-87.727263002251, 41.968140027975]}",,,,,,,,,,
6293b8acc3c80f126408ef9e89c14b8f9c08ba571f020f1b7686a9dcaf4e92b47685fbdcca31d53a4ccb4bac505c431ea6ff76a36e5a002dcfa720bd5d1546e3,2025-08-06T22:21:00.000,30,TRAFFIC SIGNAL,FUNCTIONING PROPERLY,CLEAR,"DARKNESS, LIGHTED ROAD",SIDESWIPE SAME DIRECTION,ONE-WAY,STRAIGHT AND LEVEL,DRY,NO DEFECTS,,NO INJURY / DRIVE AWAY,,"OVER $1,500",2025-08-06T23:30:00.000,FAILING TO REDUCE SPEED TO AVOID CRASH,IMPROPER OVERTAKING/PASSING,300,W,WASHINGTON ST,122,2,NO INDICATION OF INJURY,0,0,0,0,0,3,0,22,4,8,41.8833149123,-87.6354160364,"{'type': 'Point', 'coordinates': [-87.635416036381, 41.883314912259]}",,,,,,,,,,
25d9a02eabb62940bc3582f694bd61cbca220e9d9cb57ee545969c045d6924407f5d3b1ad1346726834b8743c5648f85f5b008f4b1395878886091cf7a8c6807,2025-08-06T22:19:00.000,25,NO CONTROLS,NO CONTROLS,CLEAR,"DARKNESS, LIGHTED ROAD",PARKED MOTOR VEHICLE,NOT DIVIDED,STRAIGHT AND LEVEL,DRY,NO DEFECTS,ON SCENE,INJURY AND / OR TOW DUE TO CRASH,,"OVER $1,500",2025-08-06T23:42:00.000,UNABLE TO DETERMINE,UNABLE TO DETERMINE,1925,W,51ST ST,932,3,NO INDICATION OF INJURY,0,0,0,0,0,1,0,22,4,8,41.8011353806,-87.6732621754,"{'type': 'Point', 'coordinates': [-87.673262175355, 41.80113538058]}",,,Y,,,,,,,
e3c5e1ece39058c88119752a5e5d31aff0cc74fce0a4424f0c30a4b307a0fb7695e10f1d802413df6c142df3449e090307105fe48de90ff98c0ddce271b52db5,2025-08-06T22:15:00.000,30,NO CONTROLS,NO CONTROLS,CLEAR,DARKNESS,PARKED MOTOR VEHICLE,PARKING LOT,STRAIGHT AND LEVEL,DRY,NO DEFECTS,NOT ON SCENE (DESK REPORT),NO INJURY / DRIVE AWAY,,"OVER $1,500",2025-08-06T22:30:00.000,IMPROPER BACKING,NOT APPLICABLE,7808,S,HALSTED ST,621,2,NO INDICATION OF INJURY,0,0,0,0,0,1,0,22,4,8,41.7521368378,-87.6442289066,"{'type': 'Point', 'coordinates': [-87.644228906559, 41.752136837768]}",,,,,,,,,,
e10c1e86646969a2f3bff3f5d0a116a89d2c7a52f959857d1c5fc404c66e426cf58d15a6c113a8a58cf66e233ce1c485f44b4849e643345d51a97cc4ae103e55,2025-08-06T21:55:00.000,30,UNKNOWN,UNKNOWN,CLEAR,"DARKNESS, LIGHTED ROAD",TURNING,NOT DIVIDED,STRAIGHT AND LEVEL,DRY,UNKNOWN,NOT ON SCENE (DESK REPORT),NO INJURY / DRIVE AWAY,,"OVER $1,500",2025-08-06T22:32:00.000,UNABLE TO DETERMINE,UNABLE TO DETERMINE,400,E,75TH ST,323,2,NO INDICATION OF INJURY,0,0,0,0,0,3,0,21,4,8,41.7585185084,-87.6150621734,"{'type': 'Point', 'coordinates': [-87.615062173391, 41.758518508412]}",,,Y,,,,,,,
852d405e9c02f2894098f2c6059ab066003f04e2db4c84021655799183412b970ecd14ca1a3babc5475a35fa4a45709fbe7e1c0a2d5dbafff1ad4ee5299aca72,2025-08-06T21:50:00.000,30,NO CONTROLS,NO CONTROLS,CLEAR,"DARKNESS, LIGHTED ROAD",ANGLE,DIVIDED - W/MEDIAN (NOT RAISED),STRAIGHT AND LEVEL,DRY,NO DEFECTS,NOT ON SCENE (DESK REPORT),NO INJURY / DRIVE AWAY,Y,"OVER $1,500",2025-08-06T23:00:00.000,FAILING TO YIELD RIGHT-OF-WAY,DISREGARDING OTHER TRAFFIC SIGNS,7700,S,RACINE AVE,612,2,NO INDICATION OF INJURY,0,0,0,0,0,2,0,21,4,8,41.754043519,-87.6539783417,"{'type': 'Point', 'coordinates': [-87.653978341661, 41.75404351895]}",,,,,,,,,,
81988c32cb406b0aaed0abb4d5b4fba8b06791bb4ab9c3b95d42b016589d91174575fc301c0c94b65b4d7e6f2969fdb19b64f61f69eff6f73611529a4b1d0a07,2025-08-06T21:33:00.000,30,TRAFFIC SIGNAL,FUNCTIONING PROPERLY,CLEAR,"DARKNESS, LIGHTED ROAD",TURNING,DIVIDED - W/MEDIAN (NOT RAISED),STRAIGHT AND LEVEL,DRY,NO DEFECTS,NOT ON SCENE (DESK REPORT),NO INJURY / DRIVE AWAY,,"OVER $1,500",2025-08-09T13:00:00.000,FOLLOWING TOO CLOSELY,FAILING TO YIELD RIGHT-OF-WAY,399,S,SACRAMENTO BLVD,1124,2,NO INDICATION OF INJURY,0,0,0,0,0,5,0,21,4,8,41.8760055547,-87.7009372013,"{'type': 'Point', 'coordinates': [-87.700937201281, 41.87600555472]}",,N,Y,,,,,,,
7fd7a8ccd4271d6514c2e46550517675cbabc09956eeb0dddad2e3e467252892c7754f2f4c2099752964074652ad5521a720d4c633bb2dc2474e35b6eaf42d6c,2025-08-06T21:30:00.000,30,NO CONTROLS,NO CONTROLS,CLEAR,"DARKNESS, LIGHTED ROAD",PARKED MOTOR VEHICLE,NOT DIVIDED,STRAIGHT AND LEVEL,DRY,NO DEFECTS,NOT ON SCENE (DESK REPORT),INJURY AND / OR TOW DUE TO CRASH,,"OVER $1,500",2025-08-06T23:54:00.000,UNABLE TO DETERMINE,NOT APPLICABLE,2521,W,44TH ST,922,2,NO INDICATION OF INJURY,0,0,0,0,0,1,0,21,4,8,41.8137213683,-87.6879576213,"{'type': 'Point', 'coordinates': [-87.687957621272, 41.813721368292]}",,,Y,,,,,,,
e950a86ec5a10bb94c34cbc14bdaad9702d94a73730ce5430ba5b80a851302a7025085ff9ae3d67d5fb913e7522cbe310374d61f575ad90f03b3cb54243fba70,2025-08-06T21:30:00.000,30,NO CONTROLS,NO CONTROLS,CLEAR,DARKNESS,REAR END,NOT DIVIDED,STRAIGHT AND LEVEL,DRY,NO DEFECTS,ON SCENE,INJURY AND / OR TOW DUE TO CRASH,,"OVER $1,500",2025-08-06T21:30:00.000,UNABLE TO DETERMINE,UNABLE TO DETERMINE,3949,W,MADISON ST,1122,2,NONINCAPACITATING INJURY,1,0,0,1,0,0,0,21,4,8,41.8806322237,-87.7245321513,"{'type': 'Point', 'coordinates': [-87.724532151284, 41.880632223656]}",,,N,,,,,,,
a740c33802be3f4d50691826c573dca10fcd245664580c08334009d4f563602455c34f71cb0ba56f33b231224ffc1a9f4e1379f4362a02f5aad32cc615e93304,2025-08-06T21:29:00.000,30,STOP SIGN/FLASHER,FUNCTIONING PROPERLY,CLEAR,"DARKNESS, LIGHTED ROAD",ANGLE,NOT DIVIDED,STRAIGHT AND LEVEL,DRY,NO DEFECTS,ON SCENE,INJURY AND / OR TOW DUE TO CRASH,,"OVER $1,500",2025-08-06T21:30:00.000,FAILING TO YIELD RIGHT-OF-WAY,FAILING TO YIELD RIGHT-OF-WAY,901,N,CICERO AVE,1111,2,NO INDICATION OF INJURY,0,0,0,0,0,5,0,21,4,8,41.8969046704,-87.7457063642,"{'type': 'Point', 'coordinates': [-87.745706364211, 41.896904670378]}",,N,Y,,,,,,,
08fb9fbb14701a9c995d9f36e15258b287952e60e44abb44e59df43e749050c2103fdf0725f3896544e2d04a4bc14b2028db2483daf49964d7bce7911289f376,2025-08-06T21:24:00.000,30,NO CONTROLS,NO CONTROLS,CLEAR,DUSK,PEDESTRIAN,NOT DIVIDED,STRAIGHT AND LEVEL,DRY,NO DEFECTS,,INJURY AND / OR TOW DUE TO CRASH,,$500 OR LESS,2025-08-06T21:27:00.000,NOT APPLICABLE,NOT APPLICABLE,3335,W,CHICAGO AVE,1121,2,NONINCAPACITATING INJURY,1,0,0,1,0,1,0,21,4,8,41.8954065747,-87.7103536806,"{'type': 'Point', 'coordinates': [-87.71035368064, 41.895406574694]}",,,,,,,,,,
b36d90f4aad643c650ba4e9e533ba9f69a69090e4cf441cabd84abfad7fe3a5d27885ce510e107062192c66991afdc7f455a3f95baf35a0cd53ce958350d1029,2025-08-06T21:18:00.000,30,TRAFFIC SIGNAL,FUNCTIONING PROPERLY,CLEAR,"DARKNESS, LIGHTED ROAD",PEDALCYCLIST,FOUR WAY,STRAIGHT AND LEVEL,DRY,NO DEFECTS,ON SCENE,INJURY AND / OR TOW DUE TO CRASH,,"OVER $1,500",2025-08-06T21:18:00.000,FAILING TO YIELD RIGHT-OF-WAY,NOT APPLICABLE,1701,S,HALSTED ST,1235,2,"REPORTED, NOT EVIDENT",1,0,0,0,1,2,0,21,4,8,41.8591089913,-87.6465339832,"{'type': 'Point', 'coordinates': [-87.646533983242, 41.859108991315]}",,,,,,,,N,,
76853b9c8bef30209bc9304de4837eee33f3a1b112eb1e71c1593ee0da331170b68b51b400754ab875226fe6719217134ad7ae97056b4dde60b7868ad8dc5de7,2025-08-06T21:15:00.000,30,TRAFFIC SIGNAL,FUNCTIONING PROPERLY,CLEAR,"DARKNESS, LIGHTED ROAD",ANGLE,NOT DIVIDED,STRAIGHT AND LEVEL,UNKNOWN,UNKNOWN,ON SCENE,INJURY AND / OR TOW DUE TO CRASH,Y,"OVER $1,500",2025-08-06T21:45:00.000,NOT APPLICABLE,NOT APPLICABLE,830,N,MICHIGAN AVE,1833,2,NONINCAPACITATING INJURY,1,0,0,1,0,2,0,21,4,8,41.897629246,-87.6242700688,"{'type': 'Point', 'coordinates': [-87.624270068761, 41.897629246031]}",,,,,,,,,,
e868d14f8767f9d4dc9f130d95f23af098f00b2aadd3266107aeea5df895437246c88369017fd42bcfd6bac76ca0f7a4ac6afdbb3064009702932957d746cd9a,2025-08-06T20:45:00.000,30,TRAFFIC SIGNAL,FUNCTIONING PROPERLY,CLEAR,"DARKNESS, LIGHTED ROAD",TURNING,ONE-WAY,STRAIGHT AND LEVEL,DRY,NO DEFECTS,NOT ON SCENE (DESK REPORT),NO INJURY / DRIVE AWAY,,"$501 - $1,500",2025-08-06T22:10:00.000,UNABLE TO DETERMINE,NOT APPLICABLE,5900,S,KOSTNER AVE,813,2,NO INDICATION OF INJURY,0,0,0,0,0,2,0,20,4,8,41.7857434633,-87.7328917418,"{'type': 'Point', 'coordinates': [-87.732891741757, 41.785743463309]}",,,,,,,,,,
e78f535691e42519a300fcd73726c49655c9b571ba9a4535d5eb5e3095dd4d69ab89bcf6db3802c8f75a9e48a49932c99decdf573d659b9359a162c2eb041bc3,2025-08-06T20:38:00.000,30,TRAFFIC SIGNAL,FUNCTIONING PROPERLY,CLEAR,DARKNESS,PEDESTRIAN,NOT DIVIDED,STRAIGHT AND LEVEL,DRY,NO DEFECTS,ON SCENE,INJURY AND / OR TOW DUE TO CRASH,,$500 OR LESS,2025-08-06T20:47:00.000,UNABLE TO DETERMINE,UNABLE TO DETERMINE,699,N,LA SALLE DR,1832,3,"REPORTED, NOT EVIDENT",2,0,0,0,2,2,0,20,4,8,41.8947731982,-87.6325283742,"{'type': 'Point', 'coordinates': [-87.632528374239, 41.894773198169]}",,,Y,,,,,,,
69ff0c6f4472cf2190b25d5ee7ee99d414dc9c57c2e6af66651fd960822b76b66994d8a02da8cf0e79538bd8d49d98355846c9c89cc94b6d5265d482c22b66cd,2025-08-06T20:37:00.000,30,NO CONTROLS,NO CONTROLS,CLEAR,"DARKNESS, LIGHTED ROAD",PARKED MOTOR VEHICLE,NOT DIVIDED,STRAIGHT ON GRADE,DRY,NO DEFECTS,ON SCENE,NO INJURY / DRIVE AWAY,,"OVER $1,500",2025-08-06T20:50:00.000,IMPROPER BACKING,"OPERATING VEHICLE IN ERRATIC, RECKLESS, CARELESS, NEGLIGENT OR AGGRESSIVE MANNER",1869,N,OAKLEY AVE,1434,2,NO INDICATION OF INJURY,0,0,0,0,0,2,0,20,4,8,41.9161101954,-87.6847557675,"{'type': 'Point', 'coordinates': [-87.684755767458, 41.916110195352]}",,,,,,,,,,
5671a1b3c4b5f0239605257d2cb2ee68569885db973b08bc8ce2d2ebf3a62a961057ec8068fc301fb1be4e1ceef61c1d0f4fe14d4bf723a1ea3a373cceddb578,2025-08-06T20:24:00.000,30,TRAFFIC SIGNAL,FUNCTIONING PROPERLY,CLEAR,DUSK,SIDESWIPE SAME DIRECTION,NOT DIVIDED,STRAIGHT AND LEVEL,DRY,NO DEFECTS,NOT ON SCENE (DESK REPORT),NO INJURY / DRIVE AWAY,Y,"$501 - $1,500",2025-08-06T21:32:00.000,IMPROPER LANE USAGE,UNABLE TO DETERMINE,6300,S,COAST GUARD DR,331,2,NO INDICATION OF INJURY,0,0,0,0,0,2,0,20,4,8,41.7796807607,-87.575066734,"{'type': 'Point', 'coordinates': [-87.575066733953, 41.77968076067]}",,,,,,,,,,
38757580b2f0e8726d94de56a03b387252c65170da95f448defcee5ff84516d7b6485be2ae9a5884ad49c93727068bda34daaa7e518efb4f9d11e3f8c4e315dc,2025-08-06T20:18:00.000,30,TRAFFIC SIGNAL,FUNCTIONING PROPERLY,CLEAR,DAYLIGHT,REAR END,NOT DIVIDED,STRAIGHT AND LEVEL,DRY,NO DEFECTS,NOT ON SCENE (DESK REPORT),NO INJURY / DRIVE AWAY,Y,"$501 - $1,500",2025-08-07T22:45:00.000,UNABLE TO DETERMINE,UNABLE TO DETERMINE,2800,W,BELMONT AVE,1733,2,NO INDICATION OF INJURY,0,0,0,0,0,2,0,20,4,8,41.9395023808,-87.697849374,"{'type': 'Point', 'coordinates': [-87.697849374016, 41.939502380809]}",,,Y,,,,,,,
d4f4d7b7b20fa4ff51fad173d7c8579f65100c2faab4ef95008b1b60f40059fdc3a50e210e942b8752e69b98e5049415359295a99369bfa4db81beae19d8a830,2025-08-06T20:18:00.000,35,TRAFFIC SIGNAL,FUNCTIONING PROPERLY,CLEAR,"DARKNESS, LIGHTED ROAD",PEDESTRIAN,FOUR WAY,STRAIGHT AND LEVEL,DRY,NO DEFECTS,NOT ON SCENE (DESK REPORT),NO INJURY / DRIVE AWAY,Y,"OVER $1,500",2025-08-06T21:45:00.000,UNABLE TO DETERMINE,NOT APPLICABLE,1329,W,DIVISION ST,1213,2,NO INDICATION OF INJURY,0,0,0,0,0,2,0,20,4,8,41.9033204328,-87.6617063677,"{'type': 'Point', 'coordinates': [-87.661706367706, 41.90332043282]}",,,Y,,,,,,,
9551f64d2c8a69554298bed7521231ca852f0e4084029816f40c70f207ef64287880f2df2df135b0976756507389d549179c86ee296d4bd10cd7486dca431f90,2025-08-06T20:17:00.000,30,TRAFFIC SIGNAL,FUNCTIONING PROPERLY,CLEAR,"DARKNESS, LIGHTED ROAD",REAR END,DIVIDED - W/MEDIAN (NOT RAISED),STRAIGHT AND LEVEL,DRY,NO DEFECTS,NOT ON SCENE (DESK REPORT),NO INJURY / DRIVE AWAY,,"$501 - $1,500",2025-08-06T23:10:00.000,UNABLE TO DETERMINE,NOT APPLICABLE,7500,S,PULASKI RD,833,2,NO INDICATION OF INJURY,0,0,0,0,0,2,0,20,4,8,41.7568763948,-87.7223217383,"{'type': 'Point', 'coordinates': [-87.722321738255, 41.756876394825]}",,,Y,,,,,,,