crash_record_id,crash_date,posted_speed_limit,traffic_control_device,device_condition,weather_condition,lighting_condition,first_crash_type,trafficway_type,alignment,roadway_surface_cond,road_defect,report_type,crash_type,intersection_related_i,damage,date_police_notified,prim_contributory_cause,sec_contributory_cause,street_no,street_direction,street_name,beat_of_occurrence,num_units,most_severe_injury,injuries_total,injuries_fatal,injuries_incapacitating,injuries_non_incapacitating,injuries_reported_not_evident,injuries_no_indication,injuries_unknown,crash_hour,crash_day_of_week,crash_month,latitude,longitude,location,private_property_i,photos_taken_i,hit_and_run_i,statements_taken_i,crash_date_est_i,work_zone_i,work_zone_type,dooring_i,lane_cnt,workers_present_i
51fc1529163f6b79b7b7f58176ce741139b461e5efdcde7f6e79c7cc43787a0db4de982210d1aa106d8836530d0826b752bd174961357633b8662d4fe70db50a,2025-08-06T18:00:00.000,30,TRAFFIC SIGNAL,UNKNOWN,CLEAR,DAYLIGHT,REAR END,FOUR WAY,STRAIGHT AND LEVEL,DRY,UNKNOWN,NOT ON SCENE (DESK REPORT),NO INJURY / DRIVE AWAY,,"OVER $1,500",2025-08-06T19:00:00.000,UNABLE TO DETERMINE,UNABLE TO DETERMINE,2000,E,MARQUETTE DR,331,2,NO INDICATION OF INJURY,0,0,0,0,0,3,0,18,4,8,41.7757698807,-87.5763473518,"{'type': 'Point', 'coordinates': [-87.57634735179, 41.775769880715]}",,,,,,,,,,
5cf7874bd44301a9294e97308c9b235c352808acf610945bb7fb6d140baca3d47a66ee4c5cdf2e67bdbc0d68a3cc2413ba7c1f29bafa9b3e9347dab21c76dc46,2025-08-06T18:00:00.000,10,NO CONTROLS,NO CONTROLS,CLEAR,DAYLIGHT,FIXED OBJECT,PARKING LOT,STRAIGHT AND LEVEL,DRY,NO DEFECTS,ON SCENE,NO INJURY / DRIVE AWAY,,"OVER $1,500",2025-08-07T09:30:00.000,UNABLE TO DETERMINE,NOT APPLICABLE,7701,S,STATE ST,623,1,NO INDICATION OF INJURY,0,0,0,0,0,1,0,18,4,8,41.7545043074,-87.6244958508,"{'type': 'Point', 'coordinates': [-87.624495850838, 41.754504307393]}",Y,,Y,,,,,,,
2fcb1f0bd9fa59a7cc1cb84bb4dfd7d684b2f5a07470cf930c9d4067e553f120c39d64243ae2e5faf569049fae355900d6dfa8cf5095723ea90305286b5d0d06,2025-08-06T17:52:00.000,30,TRAFFIC SIGNAL,FUNCTIONING PROPERLY,CLEAR,DAYLIGHT,TURNING,NOT DIVIDED,STRAIGHT AND LEVEL,DRY,NO DEFECTS,ON SCENE,INJURY AND / OR TOW DUE TO CRASH,Y,"OVER $1,500",2025-08-06T19:05:00.000,IMPROPER TURNING/NO SIGNAL,NOT APPLICABLE,5720,S,ARCHER AVE,814,3,NONINCAPACITATING INJURY,1,0,0,1,0,1,0,17,4,8,41.7969551432,-87.7550712754,"{'type': 'Point', 'coordinates': [-87.755071275372, 41.796955143165]}",,,,,,,,,,
f7df24dba151152ea5686e736daa598d3343ddf048882c996833088c324d15a0c570242444fafb0a52f4edc6cd65ec1ad3e8d6f172a9d84b4164b1e32013adfa,2025-08-06T17:52:00.000,30,TRAFFIC SIGNAL,FUNCTIONING PROPERLY,CLEAR,DAYLIGHT,SIDESWIPE SAME DIRECTION,NOT DIVIDED,STRAIGHT AND LEVEL,UNKNOWN,UNKNOWN,ON SCENE,NO INJURY / DRIVE AWAY,,"OVER $1,500",2025-08-06T19:18:00.000,DISREGARDING ROAD MARKINGS,UNABLE TO DETERMINE,4050,S,CICERO AVE,814,2,NO INDICATION OF INJURY,0,0,0,0,0,2,0,17,4,8,41.8192719804,-87.7436196507,"{'type': 'Point', 'coordinates': [-87.743619650668, 41.819271980366]}",,,,,,,,,,
feccd809362a45cfa4bb9cef831b8846c9fcec9bf51950a5a178f6176d0c0818cc4c514fe8789a37b308f4def1e01eb9625c0fcf26002ee7117e7ae5c64b6d76,2025-08-06T17:50:00.000,30,UNKNOWN,UNKNOWN,CLEAR,DAYLIGHT,REAR END,UNKNOWN,STRAIGHT AND LEVEL,DRY,UNKNOWN,NOT ON SCENE (DESK REPORT),NO INJURY / DRIVE AWAY,Y,"OVER $1,500",2025-08-06T19:00:00.000,UNABLE TO DETERMINE,UNABLE TO DETERMINE,3700,S,PULASKI RD,1031,2,NO INDICATION OF INJURY,0,0,0,0,0,3,0,17,4,8,41.8267281871,-87.7242814496,"{'type': 'Point', 'coordinates': [-87.724281449638, 41.826728187074]}",,,,,,,,,,
ac3521975a67b4468e46dcce25e3453e3f726f9591664aa94c933cdb3a4973f6e9e354df930b4401670402f4c89c07c300a94353975be2c90b2b7052e98dad91,2025-08-06T17:45:00.000,30,NO CONTROLS,NO CONTROLS,CLEAR,DAYLIGHT,REAR END,DIVIDED - W/MEDIAN (NOT RAISED),STRAIGHT AND LEVEL,DRY,NO DEFECTS,NOT ON SCENE (DESK REPORT),NO INJURY / DRIVE AWAY,,"OVER $1,500",2025-08-06T21:00:00.000,UNABLE TO DETERMINE,NOT APPLICABLE,2600,N,KEDZIE AVE,1412,2,NO INDICATION OF INJURY,0,0,0,0,0,2,0,17,4,8,41.9284218297,-87.7080257763,"{'type': 'Point', 'coordinates': [-87.708025776257, 41.928421829663]}",,,,,,,,,,
d9a053a36a74cf94217c001fc3a428599bcba4bfbf922f791e71553621edcbe4b066783c565f6ff2538634c42c130fb45dd2a80a18db729a9610a71510179823,2025-08-06T17:43:00.000,30,NO CONTROLS,NO CONTROLS,UNKNOWN,UNKNOWN,SIDESWIPE SAME DIRECTION,NOT DIVIDED,STRAIGHT AND LEVEL,UNKNOWN,UNKNOWN,NOT ON SCENE (DESK REPORT),NO INJURY / DRIVE AWAY,,"OVER $1,500",2025-08-06T17:43:00.000,IMPROPER OVERTAKING/PASSING,IMPROPER TURNING/NO SIGNAL,5137,N,ASHLAND AVE,2032,2,NO INDICATION OF INJURY,0,0,0,0,0,3,0,17,4,8,41.9754228347,-87.6694538625,"{'type': 'Point', 'coordinates': [-87.669453862499, 41.975422834656]}",,,,,,,,,,
ac76eaf03215b2cc831260ce147057b3c164829319e92ee2b89e9627a5fa021589321adeb09c2cfd0d2ccbb8e7c9551c7f8dc7e450c8604fe263886e7ed92917,2025-08-06T17:42:00.000,30,UNKNOWN,UNKNOWN,CLEAR,DAYLIGHT,PARKED MOTOR VEHICLE,NOT DIVIDED,STRAIGHT AND LEVEL,DRY,UNKNOWN,NOT ON SCENE (DESK REPORT),NO INJURY / DRIVE AWAY,,"OVER $1,500",2025-08-06T18:00:00.000,UNABLE TO DETERMINE,UNABLE TO DETERMINE,6400,S,MARYLAND AVE,312,2,NO INDICATION OF INJURY,0,0,0,0,0,1,0,17,4,8,41.7786109444,-87.6047947203,"{'type': 'Point', 'coordinates': [-87.604794720251, 41.77861094436]}",,,Y,,,,,,,
bbdabac97de4c6e6a0c3733a0549846d3d23bb2ba9911091a86dd3fee40e4d68106e68c42432b2b03ec484c3a94bc5c1bfb830103484aff4c893f67007293dcf,2025-08-06T17:42:00.000,30,NO CONTROLS,NO CONTROLS,CLEAR,DAYLIGHT,FIXED OBJECT,PARKING LOT,STRAIGHT AND LEVEL,DRY,NO DEFECTS,ON SCENE,NO INJURY / DRIVE AWAY,,$500 OR LESS,2025-08-06T17:59:00.000,NOT APPLICABLE,NOT APPLICABLE,2958,N,MILWAUKEE AVE,2523,1,NO INDICATION OF INJURY,0,0,0,0,0,1,0,17,4,8,41.9350394544,-87.7174252796,"{'type': 'Point', 'coordinates': [-87.717425279568, 41.935039454421]}",Y,,,,,,,,,
b3a700ad116ecf16e3f4f252d378c39e198eb0c2ba226ce77bb0adebf53d6f7c756467a8b68893bc33c7b27433845c686df9c3a50f2fc64cf9ccdf7a9956dd0d,2025-08-06T17:40:00.000,30,TRAFFIC SIGNAL,FUNCTIONING PROPERLY,CLEAR,DAYLIGHT,TURNING,DIVIDED - W/MEDIAN (NOT RAISED),STRAIGHT AND LEVEL,DRY,NO DEFECTS,ON SCENE,NO INJURY / DRIVE AWAY,,"OVER $1,500",2025-08-06T17:45:00.000,IMPROPER TURNING/NO SIGNAL,NOT APPLICABLE,652,W,ROOSEVELT RD,1232,2,NO INDICATION OF INJURY,0,0,0,0,0,3,0,17,4,8,41.8672997743,-87.6443306921,"{'type': 'Point', 'coordinates': [-87.644330692089, 41.867299774301]}",,,,,,,,,,
c2c4c49ed118b65da2c748045de48e4708c0563c69b32913bc2abdbaae56e4e40cd43833c5b558ebdcb2db9919953a9b254f411fb1d7f589a5aa256e5faf7c0a,2025-08-06T17:34:00.000,30,TRAFFIC SIGNAL,FUNCTIONING PROPERLY,CLEAR,DAYLIGHT,TURNING,FOUR WAY,STRAIGHT AND LEVEL,DRY,NO DEFECTS,,INJURY AND / OR TOW DUE TO CRASH,Y,"OVER $1,500",2025-08-06T17:41:00.000,FAILING TO YIELD RIGHT-OF-WAY,NOT APPLICABLE,2400,W,OGDEN AVE,1023,2,INCAPACITATING INJURY,2,0,1,0,1,2,0,17,4,8,41.8648317102,-87.6861606727,"{'type': 'Point', 'coordinates': [-87.686160672742, 41.864831710222]}",,,,,,,,,,
5bf5bad28ff919d62f83547cdff6364d370a9dbbafee868f70b4da728d67e5face05d740e215f6af4692f67bd13569bc9a6ccca9077a375f060411ed8b7f2fa2,2025-08-06T17:25:00.000,20,NO CONTROLS,NO CONTROLS,CLEAR,DAYLIGHT,PARKED MOTOR VEHICLE,NOT DIVIDED,STRAIGHT AND LEVEL,DRY,NO DEFECTS,NOT ON SCENE (DESK REPORT),NO INJURY / DRIVE AWAY,,"OVER $1,500",2025-08-06T17:55:00.000,FOLLOWING TOO CLOSELY,NOT APPLICABLE,3531,N,BROADWAY,1925,2,NO INDICATION OF INJURY,0,0,0,0,0,1,0,17,4,8,41.9463846516,-87.6465248633,"{'type': 'Point', 'coordinates': [-87.646524863347, 41.946384651554]}",,,Y,,,,,,,
2448f18c4da052c93e58686df05dca84bf485c7e2a53d69ad51a082a2e048aebc9fa394f7dda79437d6a0fa2f7ee2c323c000c8c1e222714a7ce8061d97c63d8,2025-08-06T17:24:00.000,30,NO CONTROLS,NO CONTROLS,CLEAR,DAYLIGHT,OTHER OBJECT,ALLEY,STRAIGHT AND LEVEL,DRY,NO DEFECTS,NOT ON SCENE (DESK REPORT),INJURY AND / OR TOW DUE TO CRASH,,"OVER $1,500",2025-08-06T17:24:00.000,UNABLE TO DETERMINE,UNABLE TO DETERMINE,517,E,89TH ST,633,1,NO INDICATION OF INJURY,0,0,0,0,0,1,0,17,4,8,41.7327895969,-87.611278686,"{'type': 'Point', 'coordinates': [-87.611278686022, 41.732789596893]}",,,N,,,,,,,
f4e5d41ec903581baf16c5c8a36a79f4a64b59fdfb7373042bf8a168429cfbc337b7921448f3419c4ee1b6c3c6269bfd561b14d1fd98677a52e5737c549116cf,2025-08-06T17:23:00.000,30,NO CONTROLS,NO CONTROLS,CLEAR,DAYLIGHT,PEDESTRIAN,NOT DIVIDED,STRAIGHT AND LEVEL,UNKNOWN,UNKNOWN,ON SCENE,INJURY AND / OR TOW DUE TO CRASH,,"$501 - $1,500",2025-08-06T17:26:00.000,UNABLE TO DETERMINE,NOT APPLICABLE,5413,W,WASHINGTON BLVD,1522,2,NONINCAPACITATING INJURY,1,0,0,1,0,1,0,17,4,8,41.8821896444,-87.760768993,"{'type': 'Point', 'coordinates': [-87.760768993038, 41.88218964443]}",,,Y,,,,,,,
ee217bf409b73f5e901528b57728eac0fd7dff29d3bbc4f21dbd854faddfa93d8c4681c926105a8aa37891821489970d0371cfe9dd87205c78af010e12e9fd81,2025-08-06T17:15:00.000,35,NO CONTROLS,NO CONTROLS,CLEAR,DAYLIGHT,PEDESTRIAN,NOT DIVIDED,STRAIGHT AND LEVEL,DRY,NO DEFECTS,ON SCENE,INJURY AND / OR TOW DUE TO CRASH,,"OVER $1,500",2025-08-06T17:25:00.000,UNABLE TO DETERMINE,NOT APPLICABLE,2621,W,LAKE ST,1222,2,NONINCAPACITATING INJURY,1,0,0,1,0,1,0,17,4,8,41.8842961723,-87.6922375681,"{'type': 'Point', 'coordinates': [-87.692237568115, 41.884296172275]}",,,Y,Y,,,,,,
a7578dc9e2caac03f34716bbb5ff978d1fd08465cd5f5c6a7a7b0c876237167ccb66bb6025cbd91e1f7d33880088661e1235eed1cb8e2229d4338c88688d3f86,2025-08-06T17:14:00.000,30,TRAFFIC SIGNAL,FUNCTIONING PROPERLY,CLEAR,DAYLIGHT,SIDESWIPE SAME DIRECTION,DIVIDED - W/MEDIAN (NOT RAISED),STRAIGHT AND LEVEL,DRY,UNKNOWN,NOT ON SCENE (DESK REPORT),NO INJURY / DRIVE AWAY,,"OVER $1,500",2025-08-06T17:45:00.000,FOLLOWING TOO CLOSELY,NOT APPLICABLE,6349,N,NAGLE AVE,1611,2,NO INDICATION OF INJURY,0,0,0,0,0,3,0,17,4,8,41.9968353032,-87.7873192582,"{'type': 'Point', 'coordinates': [-87.787319258213, 41.996835303234]}",,,,,,,,,,
87afdc2b0b581aa15ffb0c5018254edd48db2f2cfcc4039c77e9fe4581a54612b8dd31f01561542d6cac1bccf90293dd5298f2e72a041bea6bac14d2977d0341,2025-08-06T17:08:00.000,20,STOP SIGN/FLASHER,FUNCTIONING PROPERLY,CLEAR,DAYLIGHT,PEDALCYCLIST,FOUR WAY,STRAIGHT AND LEVEL,DRY,NO DEFECTS,ON SCENE,INJURY AND / OR TOW DUE TO CRASH,Y,"OVER $1,500",2025-08-06T17:08:00.000,FAILING TO YIELD RIGHT-OF-WAY,NOT APPLICABLE,3105,N,NATCHEZ AVE,2511,2,NONINCAPACITATING INJURY,1,0,0,1,0,1,0,17,4,8,41.9366619829,-87.7881734313,"{'type': 'Point', 'coordinates': [-87.788173431337, 41.936661982872]}",,,,,,,,,,
8a6da30eab4576ba036e2b89be92d5f238e87a9c6e6e40b0d513b26639f46f2c76258061b9486ada952a51986465013e6a13f4965ff5fb99a2cb0e5b039ff139,2025-08-06T17:06:00.000,30,TRAFFIC SIGNAL,FUNCTIONING PROPERLY,CLEAR,DAYLIGHT,ANGLE,NOT DIVIDED,STRAIGHT AND LEVEL,DRY,UNKNOWN,ON SCENE,NO INJURY / DRIVE AWAY,N,"OVER $1,500",2025-08-06T17:07:00.000,FAILING TO YIELD RIGHT-OF-WAY,"VISION OBSCURED (SIGNS, TREE LIMBS, BUILDINGS, ETC.)",3939,W,OGDEN AVE,1013,2,NO INDICATION OF INJURY,0,0,0,0,0,3,0,17,4,8,41.8512884884,-87.7238508433,"{'type': 'Point', 'coordinates': [-87.723850843329, 41.851288488406]}",,,,,,,,,,
25c7efc7347c450d7100bfb11dcd2ba6f74bfe45e04fab5f8f716a2b16a9413cc56d62b21a764ba9af46181550d978764a6f809245623a938e372fd644c39f46,2025-08-06T17:00:00.000,30,TRAFFIC SIGNAL,FUNCTIONING PROPERLY,CLEAR,DAYLIGHT,TURNING,T-INTERSECTION,STRAIGHT AND LEVEL,DRY,NO DEFECTS,ON SCENE,INJURY AND / OR TOW DUE TO CRASH,Y,"OVER $1,500",2025-08-06T17:01:00.000,IMPROPER TURNING/NO SIGNAL,UNABLE TO DETERMINE,1400,S,LAKE SHORE DR NB,132,2,NO INDICATION OF INJURY,0,0,0,0,0,36,0,17,4,8,41.8640356398,-87.6192970692,"{'type': 'Point', 'coordinates': [-87.619297069192, 41.864035639814]}",,,,,,,,,,
32f821ce3e60f153197317b1486d28878883df7ac846f4616ab1f1759295f51117ff148d35d68af256f0d5e3546cb0c6207edf1afa05015db2205de0a2d27cb0,2025-08-06T17:00:00.000,30,TRAFFIC SIGNAL,FUNCTIONING PROPERLY,CLEAR,DAYLIGHT,SIDESWIPE SAME DIRECTION,NOT DIVIDED,STRAIGHT AND LEVEL,DRY,UNKNOWN,NOT ON SCENE (DESK REPORT),NO INJURY / DRIVE AWAY,,"OVER $1,500",2025-08-06T17:30:00.000,UNABLE TO DETERMINE,NOT APPLICABLE,4000,N,ELSTON AVE,1723,2,NO INDICATION OF INJURY,0,0,0,0,0,2,0,17,4,8,41.9536872656,-87.7192978815,"{'type': 'Point', 'coordinates': [-87.719297881515, 41.953687265633]}",,,,,Y,,,,,
36482e72196ff98a50c7ad4823fee5691541c23c0eeee5978bf86406944ab590048b5ec8442055cbefff1c5838b9796d21f531fc7f8c0f36d803f55d2bbf5847,2025-08-06T17:00:00.000,30,UNKNOWN,UNKNOWN,UNKNOWN,UNKNOWN,PARKED MOTOR VEHICLE,NOT DIVIDED,STRAIGHT AND LEVEL,UNKNOWN,UNKNOWN,NOT ON SCENE (DESK REPORT),NO INJURY / DRIVE AWAY,,"OVER $1,500",2025-08-07T10:15:00.000,UNABLE TO DETERMINE,UNABLE TO DETERMINE,2500,W,WILSON AVE,1911,2,NO INDICATION OF INJURY,0,0,0,0,0,1,0,17,4,8,41.9649451033,-87.6912992682,"{'type': 'Point', 'coordinates': [-87.691299268202, 41.964945103315]}",,,,,,,,,,
412d324243be0c9ffc905506d7d1dc5b4e9e5635c06348da25a16c2e64967a13ed64547981ce299b1c369dc431b89319ef95da983b391308f6c65f67312b9257,2025-08-06T17:00:00.000,30,TRAFFIC SIGNAL,FUNCTIONING PROPERLY,CLEAR,DAYLIGHT,REAR END,DIVIDED - W/MEDIAN (NOT RAISED),STRAIGHT AND LEVEL,DRY,NO DEFECTS,NOT ON SCENE (DESK REPORT),NO INJURY / DRIVE AWAY,,"OVER $1,500",2025-08-06T19:30:00.000,FOLLOWING TOO CLOSELY,FOLLOWING TOO CLOSELY,5500,S,WOODLAWN AVE,235,2,NO INDICATION OF INJURY,0,0,0,0,0,3,0,17,4,8,41.7949751006,-87.5966895437,"{'type': 'Point', 'coordinates': [-87.59668954375, 41.794975100643]}",,,,,,,,,,
67b2d66fa18af3139502995099dd934e4b702fab7909662ef0e5f3a32225488497a32f0e46bee281abfd279a09b8e3a733457929a444b1846c53321f6a661ed4,2025-08-06T17:00:00.000,30,NO CONTROLS,NO CONTROLS,CLEAR,DAYLIGHT,REAR END,NOT DIVIDED,STRAIGHT AND LEVEL,DRY,NO DEFECTS,NOT ON SCENE (DESK REPORT),INJURY AND / OR TOW DUE TO CRASH,,"OVER $1,500",2025-08-06T18:16:00.000,FOLLOWING TOO CLOSELY,NOT APPLICABLE,2526,W,55TH ST,923,3,NONINCAPACITATING INJURY,5,0,0,5,0,3,0,17,4,8,41.7939148277,-87.6876508868,"{'type': 'Point', 'coordinates': [-87.68765088681, 41.793914827697]}",,,,,,,,,,
e596cbb76877d6605db2ed454a0ca91c1e44583e5c9cc488e09868274147bab3837c3cac1b3b0d9ff5d3246d7c7c884e0df5d5581c5888876b73945775e085a0,2025-08-06T17:00:00.000,35,NO CONTROLS,NO CONTROLS,CLEAR,DAYLIGHT,PARKED MOTOR VEHICLE,NOT DIVIDED,STRAIGHT AND LEVEL,DRY,NO DEFECTS,NOT ON SCENE (DESK REPORT),NO INJURY / DRIVE AWAY,,"OVER $1,500",2025-08-06T17:45:00.000,UNABLE TO DETERMINE,NOT APPLICABLE,6650,N,NORTHWEST HWY,1612,2,NO INDICATION OF INJURY,0,0,0,0,0,1,0,17,4,8,42.0017036234,-87.8146827625,"{'type': 'Point', 'coordinates': [-87.814682762546, 42.001703623442]}",,,Y,,,,,,,
4c9a95a5482467927d9484bbade1e30a5f768e80f778795dcda0c49789806095190167ce5fb37c8909545c4019151f32a52e743d0bed02199056f6cd4e72bd81,2025-08-06T16:55:00.000,25,NO CONTROLS,NO CONTROLS,UNKNOWN,UNKNOWN,REAR END,RAMP,STRAIGHT AND LEVEL,UNKNOWN,UNKNOWN,NOT ON SCENE (DESK REPORT),NO INJURY / DRIVE AWAY,N,"OVER $1,500",2025-08-12T18:14:00.000,FOLLOWING TOO CLOSELY,NOT APPLICABLE,5600,N,LAKE SHORE DR NB,2022,2,NO INDICATION OF INJURY,0,0,0,0,0,3,0,16,4,8,41.9839519461,-87.6532151083,"{'type': 'Point', 'coordinates': [-87.653215108266, 41.983951946132]}",,,,,,,,,,
92b7ea9d33bc5cf6bcd01e29ecdb423cd99a4fe06f43fe959f87dd947ffbd396a387d7395c4521ee1f85d55c0543fe323899bf883afd4594ab9d570eaf015e8a,2025-08-06T16:53:00.000,30,STOP SIGN/FLASHER,NO CONTROLS,CLEAR,DAYLIGHT,PARKED MOTOR VEHICLE,DIVIDED - W/MEDIAN (NOT RAISED),STRAIGHT AND LEVEL,UNKNOWN,UNKNOWN,NOT ON SCENE (DESK REPORT),NO INJURY / DRIVE AWAY,,"OVER $1,500",2025-08-06T18:00:00.000,UNABLE TO DETERMINE,NOT APPLICABLE,10457,S,AVENUE J,432,2,NO INDICATION OF INJURY,0,0,0,0,0,1,0,16,4,8,41.7047087162,-87.5339326289,"{'type': 'Point', 'coordinates': [-87.533932628888, 41.704708716181]}",,,,,,,,,,
5fc60b54ca72386e9f28b55614d9249fabc04921bb04f41f0ae91a108870473927bd8bcdc92547dfa26da605884aa742b99bf74e0b6ee98caa05350246fe67f6,2025-08-06T16:50:00.000,35,TRAFFIC SIGNAL,UNKNOWN,CLEAR,DAYLIGHT,SIDESWIPE SAME DIRECTION,NOT DIVIDED,STRAIGHT AND LEVEL,DRY,UNKNOWN,ON SCENE,NO INJURY / DRIVE AWAY,,"$501 - $1,500",2025-08-06T16:54:00.000,IMPROPER OVERTAKING/PASSING,NOT APPLICABLE,3597,N,OAK PARK AVE,1632,2,NO INDICATION OF INJURY,0,0,0,0,0,2,0,16,4,8,41.9453911849,-87.7958357448,"{'type': 'Point', 'coordinates': [-87.795835744844, 41.945391184939]}",,,,,,,,,,
ae92dd12cd360c64ea85e8d392fae9b7b45e58d92a99970070c62764bcc68a89b6bdf1e73482020f2de004432899a390efb0438efa701793470c2be8b3133d9e,2025-08-06T16:50:00.000,35,TRAFFIC SIGNAL,NO CONTROLS,CLEAR,DAYLIGHT,REAR END,FOUR WAY,STRAIGHT AND LEVEL,DRY,NO DEFECTS,NOT ON SCENE (DESK REPORT),NO INJURY / DRIVE AWAY,,"OVER $1,500",2025-08-06T17:20:00.000,UNABLE TO DETERMINE,NOT APPLICABLE,3999,W,OGDEN AVE,1013,2,NO INDICATION OF INJURY,0,0,0,0,0,2,0,16,4,8,41.8510101757,-87.7246205262,"{'type': 'Point', 'coordinates': [-87.724620526205, 41.851010175723]}",,,Y,,,,,,,
d5d01f1ef0f21f2c0ec5a96755b8391ffd5a2ccc4d696e791cd9fa16a832eca8aff03c7adbd8c95cfc7c6fe72a23fe7c90213c8a1a327e22f4bea2b7fa634f61,2025-08-06T16:45:00.000,30,TRAFFIC SIGNAL,FUNCTIONING PROPERLY,CLEAR,DAYLIGHT,REAR END,NOT DIVIDED,STRAIGHT AND LEVEL,DRY,NO DEFECTS,NOT ON SCENE (DESK REPORT),INJURY AND / OR TOW DUE TO CRASH,,$500 OR LESS,2025-08-07T09:55:00.000,UNABLE TO DETERMINE,UNABLE TO DETERMINE,76,W,75TH ST,731,2,"REPORTED, NOT EVIDENT",2,0,0,0,2,1,0,16,4,8,41.7583007065,-87.6271607512,"{'type': 'Point', 'coordinates': [-87.627160751155, 41.758300706495]}",,,,,,,,,,
c1c024c384cd8c7663a46ec54fb67eaef17dbdaeb5ab8f3c4051732bfafbc3228f9cb97cb095a3107cda5eef8f1211ca5946cd36087c73270a9040144a5b2a69,2025-08-06T16:40:00.000,30,STOP SIGN/FLASHER,FUNCTIONING PROPERLY,CLEAR,DAYLIGHT,PARKED MOTOR VEHICLE,NOT DIVIDED,STRAIGHT AND LEVEL,DRY,NO DEFECTS,NOT ON SCENE (DESK REPORT),NO INJURY / DRIVE AWAY,,"OVER $1,500",2025-08-06T18:16:00.000,FOLLOWING TOO CLOSELY,NOT APPLICABLE,5020,S,HALSTED ST,933,2,NO INDICATION OF INJURY,0,0,0,0,0,1,0,16,4,8,41.8026744597,-87.6455206802,"{'type': 'Point', 'coordinates': [-87.64552068021, 41.802674459748]}",,,,,,,,,,
cf0b052c376c69b5164bb5edd337557e74880678f8f3a1f42bef6f9f2c8f192af106c7239a0456c7d8a09f89091b4342831982881af0505bff272b0edcaf1192,2025-08-06T16:39:00.000,30,STOP SIGN/FLASHER,FUNCTIONING PROPERLY,CLEAR,DAYLIGHT,ANGLE,FOUR WAY,STRAIGHT AND LEVEL,DRY,NO DEFECTS,ON SCENE,INJURY AND / OR TOW DUE TO CRASH,Y,"OVER $1,500",2025-08-06T16:54:00.000,FAILING TO YIELD RIGHT-OF-WAY,UNABLE TO DETERMINE,4400,S,MICHIGAN AVE,215,3,NO INDICATION OF INJURY,0,0,0,0,0,3,0,16,4,8,41.8146432257,-87.623126734,"{'type': 'Point', 'coordinates': [-87.62312673403, 41.814643225671]}",,,,,,,,,,
fa59e7f6026ebddee461a2702fbb6b0809c3dd5e9346e4850fd172d2259f2b6504d4100b47a6899dafd96300e4d1f40ad0f241427420a58a2b2d37fae3f4389a,2025-08-06T16:31:00.000,30,TRAFFIC SIGNAL,FUNCTIONING PROPERLY,CLEAR,DAYLIGHT,TURNING,TRAFFIC ROUTE,STRAIGHT AND LEVEL,DRY,NO DEFECTS,ON SCENE,NO INJURY / DRIVE AWAY,Y,"OVER $1,500",2025-08-06T16:31:00.000,UNABLE TO DETERMINE,UNABLE TO DETERMINE,7900,S,LAFAYETTE AVE,623,2,NO INDICATION OF INJURY,0,0,0,0,0,3,0,16,4,8,41.7508910466,-87.6259685054,"{'type': 'Point', 'coordinates': [-87.625968505423, 41.750891046593]}",,,,,,,,,,
3be44b20396ece7a1b463f0e579707f36eb975fb2adf1afadb024c49f3516b92bba677701fb3d1ccb32a5602be6e549d3cf438d0b97e278d9a0f8d7a39c5dd4b,2025-08-06T16:30:00.000,30,TRAFFIC SIGNAL,FUNCTIONING PROPERLY,CLEAR,DAYLIGHT,TURNING,DIVIDED - W/MEDIAN (NOT RAISED),STRAIGHT AND LEVEL,DRY,NO DEFECTS,NOT ON SCENE (DESK REPORT),NO INJURY / DRIVE AWAY,,"$501 - $1,500",2025-08-06T17:45:00.000,FOLLOWING TOO CLOSELY,NOT APPLICABLE,1600,W,ROOSEVELT RD,1231,2,NO INDICATION OF INJURY,0,0,0,0,0,2,0,16,4,8,41.8669711164,-87.6665097438,"{'type': 'Point', 'coordinates': [-87.666509743796, 41.86697111645]}",,,,,,,,,,
3ce9795399ebd86a7fa54d045830996d622de45afe0192518218e277189acce9deb400494d88990f03589d07324e8cd60da2603a599b7b8be70fec89a3a31060,2025-08-06T16:30:00.000,30,TRAFFIC SIGNAL,FUNCTIONING PROPERLY,CLEAR,DAYLIGHT,REAR END,DIVIDED - W/MEDIAN BARRIER,STRAIGHT AND LEVEL,DRY,NO DEFECTS,NOT ON SCENE (DESK REPORT),NO INJURY / DRIVE AWAY,,"$501 - $1,500",2025-08-10T11:15:00.000,FOLLOWING TOO CLOSELY,NOT APPLICABLE,3364,W,OGDEN AVE,1021,2,NO INDICATION OF INJURY,0,0,0,0,0,2,0,16,4,8,41.8564184199,-87.7101804658,"{'type': 'Point', 'coordinates': [-87.710180465759, 41.856418419853]}",,,,,,,,,,