crash_record_id,crash_date,posted_speed_limit,traffic_control_device,device_condition,weather_condition,lighting_condition,first_crash_type,trafficway_type,alignment,roadway_surface_cond,road_defect,report_type,crash_type,intersection_related_i,damage,date_police_notified,prim_contributory_cause,sec_contributory_cause,street_no,street_direction,street_name,beat_of_occurrence,num_units,most_severe_injury,injuries_total,injuries_fatal,injuries_incapacitating,injuries_non_incapacitating,injuries_reported_not_evident,injuries_no_indication,injuries_unknown,crash_hour,crash_day_of_week,crash_month,latitude,longitude,location,private_property_i,photos_taken_i,hit_and_run_i,statements_taken_i,crash_date_est_i,work_zone_i,work_zone_type,dooring_i,lane_cnt,workers_present_i
88bb000ab0b5608bc2ef82b5205dbdd2fcb2508c6ebee95fca90e53202a0e34cbc5915150dfddedf41065dda58b9b7535c4df1da2295c6d886c9d65ba34cf03f,2025-08-06T13:17:00.000,45,NO CONTROLS,NO CONTROLS,CLEAR,DAYLIGHT,REAR END,ONE-WAY,STRAIGHT AND LEVEL,DRY,NO DEFECTS,NOT ON SCENE (DESK REPORT),NO INJURY / DRIVE AWAY,,"$501 - $1,500",2025-08-06T14:50:00.000,FOLLOWING TOO CLOSELY,NOT APPLICABLE,800,N,LAKE SHORE DR NB,1833,2,NO INDICATION OF INJURY,0,0,0,0,0,2,0,13,4,8,41.8968049724,-87.6170274232,"{'type': 'Point', 'coordinates': [-87.617027423234, 41.896804972416]}",,,,,,,,,,
0302a3075ab0d35ce64f5d617f352be4ec98cfb918e11d50e58ce2ea238cefffff4bccf9dec4248c50a46b092a6b9c8f258e2303b7043fe73d45aff1765c3706,2025-08-06T13:00:00.000,15,NO CONTROLS,NO CONTROLS,CLEAR,UNKNOWN,PARKED MOTOR VEHICLE,PARKING LOT,STRAIGHT AND LEVEL,DRY,NO DEFECTS,ON SCENE,NO INJURY / DRIVE AWAY,,"$501 - $1,500",2025-08-06T23:16:00.000,UNABLE TO DETERMINE,NOT APPLICABLE,6315,S,ASHLAND AVE,725,2,NO INDICATION OF INJURY,0,0,0,0,0,1,0,13,4,8,41.7789832925,-87.6640610676,"{'type': 'Point', 'coordinates': [-87.664061067573, 41.778983292458]}",Y,,Y,,Y,,,,,
054d0b66d37224643d942d03de21e88ce3f56856536505175779eb056695ae1ed2e6abe678ac4c7b27e501e510863a006df3e795fbba06e8d616156d34781ac9,2025-08-06T13:00:00.000,25,NO CONTROLS,NO CONTROLS,UNKNOWN,DAYLIGHT,PARKED MOTOR VEHICLE,ONE-WAY,STRAIGHT AND LEVEL,UNKNOWN,UNKNOWN,NOT ON SCENE (DESK REPORT),NO INJURY / DRIVE AWAY,,"$501 - $1,500",2025-08-07T13:40:00.000,FOLLOWING TOO CLOSELY,UNABLE TO DETERMINE,5440,N,KENMORE AVE,2023,2,NO INDICATION OF INJURY,0,0,0,0,0,1,0,13,4,8,41.981251155,-87.6566963675,"{'type': 'Point', 'coordinates': [-87.656696367455, 41.98125115503]}",,Y,Y,,Y,,,,,
a28a37b39e3603687541202f975cf620cd5f7c679fe40e48b3cdc0f148f4ee5d3513353857b26a13295c49e176a2030f0d0453321b4a516c0ef9a8d26a15f64c,2025-08-06T13:00:00.000,30,NO CONTROLS,NO CONTROLS,CLEAR,DAYLIGHT,REAR TO REAR,NOT DIVIDED,STRAIGHT AND LEVEL,DRY,NO DEFECTS,NOT ON SCENE (DESK REPORT),NO INJURY / DRIVE AWAY,,"OVER $1,500",2025-08-06T13:50:00.000,IMPROPER BACKING,NOT APPLICABLE,898,W,27TH ST,913,2,NO INDICATION OF INJURY,0,0,0,0,0,2,0,13,4,8,41.8445171766,-87.6498044652,"{'type': 'Point', 'coordinates': [-87.649804465224, 41.84451717661]}",,,,,,,,,,
b903dde169461ba2c99efc043e7302172d376fdcf2c47a8569e2525ad79e89a7a212728fb13154c351fbcbfe9db02be6dd02090a861e4b9541b95eab77096427,2025-08-06T13:00:00.000,45,NO CONTROLS,NO CONTROLS,CLEAR,DAYLIGHT,REAR TO SIDE,ONE-WAY,STRAIGHT AND LEVEL,DRY,NO DEFECTS,NOT ON SCENE (DESK REPORT),NO INJURY / DRIVE AWAY,,"$501 - $1,500",2025-08-06T13:30:00.000,UNABLE TO DETERMINE,UNABLE TO DETERMINE,3945,S,LAKE SHORE DR NB,214,2,NO INDICATION OF INJURY,0,0,0,0,0,2,0,13,4,8,41.8238829907,-87.5994033802,"{'type': 'Point', 'coordinates': [-87.599403380176, 41.823882990716]}",,,N,,,,,,,
d901b861fb24cf69e73e7dabcc199f443163385db86648a6fd5353d845efd2664cb3e2c36d6002e113a49da12b738d07619feeab70ab681dfd51e7bd28159b37,2025-08-06T13:00:00.000,35,TRAFFIC SIGNAL,FUNCTIONING PROPERLY,CLEAR,DAYLIGHT,PEDALCYCLIST,UNKNOWN,STRAIGHT AND LEVEL,DRY,UNKNOWN,ON SCENE,INJURY AND / OR TOW DUE TO CRASH,N,"OVER $1,500",2025-08-06T16:50:00.000,UNABLE TO DETERMINE,UNABLE TO DETERMINE,420,W,CHICAGO AVE,1823,2,NONINCAPACITATING INJURY,1,0,0,1,0,1,0,13,4,8,41.8966287499,-87.6396388756,"{'type': 'Point', 'coordinates': [-87.639638875563, 41.896628749886]}",,,N,,Y,,,,,
e0327e283978e2376ac702fd02b0566ce0fea93d04dd5c74bb268cdcdbf4b37f667435eb75a2977bc240b72419590618c8fdbe3675304e1a6a52f04a04af32c0,2025-08-06T13:00:00.000,30,TRAFFIC SIGNAL,FUNCTIONING PROPERLY,CLEAR,DAYLIGHT,ANGLE,FOUR WAY,STRAIGHT AND LEVEL,DRY,NO DEFECTS,ON SCENE,INJURY AND / OR TOW DUE TO CRASH,,"OVER $1,500",2025-08-06T13:17:00.000,DISREGARDING TRAFFIC SIGNALS,DISREGARDING TRAFFIC SIGNALS,100,S,DESPLAINES ST,121,2,NO INDICATION OF INJURY,0,0,0,0,0,3,0,13,4,8,41.8804959314,-87.6442280645,"{'type': 'Point', 'coordinates': [-87.644228064459, 41.880495931362]}",,,,,,,,,,
dd54184eade58ec2b668ee854a730569a187fc458af57c6e7e5d3fa038f41af401a99fa9fe9a8113b589c4ba99b951cdb017211618b43554e6b4fc328798f824,2025-08-06T12:56:00.000,30,NO CONTROLS,NO CONTROLS,CLEAR,DAYLIGHT,SIDESWIPE SAME DIRECTION,NOT DIVIDED,STRAIGHT AND LEVEL,DRY,NO DEFECTS,ON SCENE,NO INJURY / DRIVE AWAY,,"OVER $1,500",2025-08-06T13:06:00.000,IMPROPER OVERTAKING/PASSING,IMPROPER OVERTAKING/PASSING,6201,N,SHERIDAN RD,2433,2,NO INDICATION OF INJURY,0,0,0,0,0,2,0,12,4,8,41.9946916877,-87.6553803324,"{'type': 'Point', 'coordinates': [-87.655380332415, 41.994691687667]}",,,,,,,,,,
4ec62e9cb6a22084b2e423bcfb3c5168cf35c735e8e7cc4b514013ec3a8b9f26ff2fb12d64120b72b0930f6c7f617880ea5d4645b0b61028c712b61ac8ba62db,2025-08-06T12:45:00.000,30,UNKNOWN,UNKNOWN,UNKNOWN,UNKNOWN,PARKED MOTOR VEHICLE,UNKNOWN,STRAIGHT AND LEVEL,UNKNOWN,UNKNOWN,NOT ON SCENE (DESK REPORT),NO INJURY / DRIVE AWAY,,$500 OR LESS,2025-08-06T13:19:00.000,UNABLE TO DETERMINE,UNABLE TO DETERMINE,1852,W,MORSE AVE,2424,2,NO INDICATION OF INJURY,0,0,0,0,0,1,0,12,4,8,42.0078131533,-87.6778330466,"{'type': 'Point', 'coordinates': [-87.67783304664, 42.00781315332]}",,,Y,,,,,,,
d6289a3bd18b3906cee22733946952c00d711aebc51ebcb7eb5da1ce1b93386c8c4520433a7b5455384ef6ab13d130cd24116e78824b1e0ca734e688b2fe5712,2025-08-06T12:45:00.000,30,STOP SIGN/FLASHER,FUNCTIONING PROPERLY,CLEAR,DAYLIGHT,PEDESTRIAN,FOUR WAY,STRAIGHT AND LEVEL,DRY,NO DEFECTS,ON SCENE,INJURY AND / OR TOW DUE TO CRASH,Y,$500 OR LESS,2025-08-06T12:48:00.000,DISREGARDING STOP SIGN,DISREGARDING STOP SIGN,1346,W,LAKE ST,1215,2,"REPORTED, NOT EVIDENT",1,0,0,0,1,1,0,12,4,8,41.8855562275,-87.660675078,"{'type': 'Point', 'coordinates': [-87.66067507804, 41.885556227496]}",,,Y,,,,,,,
ab923822294a50d7102fb0457c80f1984deca51eaf1ae343d2674545edd3cca15e51f93ec6c646e1c268d60990e4fd41683ab8908323d449422fdce8f7480133,2025-08-06T12:43:00.000,30,NO CONTROLS,NO CONTROLS,CLEAR,DAYLIGHT,TURNING,DIVIDED - W/MEDIAN (NOT RAISED),STRAIGHT AND LEVEL,DRY,NO DEFECTS,ON SCENE,INJURY AND / OR TOW DUE TO CRASH,,"OVER $1,500",2025-08-06T12:43:00.000,UNABLE TO DETERMINE,UNABLE TO DETERMINE,2424,W,MADISON ST,1222,2,NO INDICATION OF INJURY,0,0,0,0,0,2,0,12,4,8,41.881261019,-87.6874622515,"{'type': 'Point', 'coordinates': [-87.687462251546, 41.881261018996]}",,,,,,,,,,
2d9676023d7c2a7cec6e857380eaf241ab409070917a53aeb64a3c7848b916525b1ca64a58b963d248bd74ce81760937d672f9ad829a2cda1aa4914b01d6fbe8,2025-08-06T12:42:00.000,30,TRAFFIC SIGNAL,FUNCTIONING PROPERLY,CLEAR,DAYLIGHT,SIDESWIPE SAME DIRECTION,FOUR WAY,STRAIGHT AND LEVEL,DRY,NO DEFECTS,ON SCENE,NO INJURY / DRIVE AWAY,,"$501 - $1,500",2025-08-06T12:54:00.000,FOLLOWING TOO CLOSELY,NOT APPLICABLE,1198,S,MICHIGAN AVE,123,2,NO INDICATION OF INJURY,0,0,0,0,0,2,0,12,4,8,41.8675023817,-87.6242752602,"{'type': 'Point', 'coordinates': [-87.624275260194, 41.867502381675]}",,,,,,,,,,
5700506748b96805f9e112b6e4d7d64836a8cf7d9b3faa3694ee92fae65e7835a202103236e2afc656f042bd4215a72d3e556aa6c2f1001f97559b3b3edfd201,2025-08-06T12:40:00.000,40,NO CONTROLS,NO CONTROLS,CLEAR,DAYLIGHT,SIDESWIPE SAME DIRECTION,DIVIDED - W/MEDIAN BARRIER,"CURVE, LEVEL",DRY,NO DEFECTS,,INJURY AND / OR TOW DUE TO CRASH,,"OVER $1,500",2025-08-06T13:00:00.000,PHYSICAL CONDITION OF DRIVER,FAILING TO REDUCE SPEED TO AVOID CRASH,2941,N,LAKE SHORE DR NB,1934,3,INCAPACITATING INJURY,1,0,1,0,0,7,0,12,4,8,41.9356855472,-87.6326430694,"{'type': 'Point', 'coordinates': [-87.632643069405, 41.935685547151]}",,,,,,,,,,
fdee3396c6df47cd7126c93971602c78e7aa95ee001f1b566954db5a12fee4523175021e003f900ca962fbe4dbc19a05dd947c9f479a66143c886f6f2c9eb4d2,2025-08-06T12:40:00.000,30,TRAFFIC SIGNAL,FUNCTIONING PROPERLY,CLEAR,DAYLIGHT,SIDESWIPE SAME DIRECTION,DIVIDED - W/MEDIAN BARRIER,STRAIGHT AND LEVEL,DRY,UNKNOWN,NOT ON SCENE (DESK REPORT),NO INJURY / DRIVE AWAY,,$500 OR LESS,2025-08-06T13:52:00.000,UNABLE TO DETERMINE,NOT APPLICABLE,100,E,130TH ST,533,2,NO INDICATION OF INJURY,0,0,0,0,0,2,0,12,4,8,41.6592170774,-87.6184155714,"{'type': 'Point', 'coordinates': [-87.618415571404, 41.659217077418]}",,,Y,,,,,,,
0164c887816630c86611b92532bbb2619b03b0b39ab292617dd068fd8a349fa4a908db53b5c884070856d8496d020c2f4c33f2d5ef179b43dc628e66a7e119e4,2025-08-06T12:36:00.000,30,NO CONTROLS,NO CONTROLS,CLEAR,DAYLIGHT,SIDESWIPE SAME DIRECTION,NOT DIVIDED,STRAIGHT AND LEVEL,DRY,UNKNOWN,NOT ON SCENE (DESK REPORT),NO INJURY / DRIVE AWAY,,"$501 - $1,500",2025-08-06T20:37:00.000,FAILING TO YIELD RIGHT-OF-WAY,DRIVING SKILLS/KNOWLEDGE/EXPERIENCE,3000,W,NORTH AVE,1421,2,NO INDICATION OF INJURY,0,0,0,0,0,2,0,12,4,8,41.9102822548,-87.7022739579,"{'type': 'Point', 'coordinates': [-87.70227395792, 41.910282254788]}",,,Y,,,Y,CONSTRUCTION,,,
1fcd0a157723ca6c7917364371141042ce69fa8c49a70435a606296bad797cbd99bf7ec5bc0e38cb4e64599eadeed727526186d733062f09a032ed59caaff761,2025-08-06T12:35:00.000,20,NO CONTROLS,NO CONTROLS,CLEAR,DAYLIGHT,PEDALCYCLIST,DIVIDED - W/MEDIAN (NOT RAISED),STRAIGHT AND LEVEL,DRY,NO DEFECTS,NOT ON SCENE (DESK REPORT),INJURY AND / OR TOW DUE TO CRASH,,"OVER $1,500",2025-08-06T13:05:00.000,FAILING TO YIELD RIGHT-OF-WAY,UNABLE TO DETERMINE,2449,W,LAWRENCE AVE,1911,2,NONINCAPACITATING INJURY,1,0,0,1,0,1,0,12,4,8,41.9684865232,-87.6908463582,"{'type': 'Point', 'coordinates': [-87.690846358207, 41.968486523199]}",,,Y,,,,,,,
ecfbd40cc37f8c8895c6962bcba397243cf4c4c67f204717ffcc4cc8b20fc8d640db8492614abfb86e00a46966bd7d17937e57f57ea3b543ebf10749976321ec,2025-08-06T12:35:00.000,30,NO CONTROLS,NO CONTROLS,CLEAR,DAYLIGHT,PARKED MOTOR VEHICLE,ONE-WAY,STRAIGHT AND LEVEL,DRY,NO DEFECTS,ON SCENE,NO INJURY / DRIVE AWAY,,"OVER $1,500",2025-08-06T12:54:00.000,DRIVING SKILLS/KNOWLEDGE/EXPERIENCE,NOT APPLICABLE,346,W,WILLOW ST,1814,2,NO INDICATION OF INJURY,0,0,0,0,0,1,0,12,4,8,41.9142694203,-87.6386293434,"{'type': 'Point', 'coordinates': [-87.638629343375, 41.914269420341]}",,,,,,,,,,
11ebd2b106500ef9d51ee0c0cbeaf9cacef355f5428f904f87978da3cd0f65792f0c721842f501a5f8a4726a2da822966b49823ec87e2b1ac082ad9c400f410b,2025-08-06T12:30:00.000,30,NO CONTROLS,NO CONTROLS,CLEAR,DAYLIGHT,PARKED MOTOR VEHICLE,UNKNOWN,STRAIGHT AND LEVEL,DRY,NO DEFECTS,NOT ON SCENE (DESK REPORT),NO INJURY / DRIVE AWAY,N,"$501 - $1,500",2025-08-06T13:16:00.000,NOT APPLICABLE,NOT APPLICABLE,151,E,WACKER DR,114,2,NO INDICATION OF INJURY,0,0,0,0,0,2,0,12,4,8,41.8879998873,-87.6225651326,"{'type': 'Point', 'coordinates': [-87.62256513256, 41.887999887349]}",,,,,,,,,,
12965c958f9f4add688511a5eafc93a932572627823da2859bcecc1c0992819563e7ca6ab4a6c36702fb12ffbe51ecb8edc4d84864d562f61e17fc48c6288e00,2025-08-06T12:30:00.000,25,NO CONTROLS,NO CONTROLS,CLEAR,DAYLIGHT,PARKED MOTOR VEHICLE,ONE-WAY,STRAIGHT AND LEVEL,DRY,NO DEFECTS,NOT ON SCENE (DESK REPORT),NO INJURY / DRIVE AWAY,,"OVER $1,500",2025-08-06T17:44:00.000,UNABLE TO DETERMINE,UNABLE TO DETERMINE,3631,W,ROSCOE ST,1732,2,NO INDICATION OF INJURY,0,0,0,0,0,1,0,12,4,8,41.9427354604,-87.7187916016,"{'type': 'Point', 'coordinates': [-87.71879160164, 41.942735460394]}",,,Y,,,,,,,
675ea889368cf46b5df9c7a8cdd63c54fa38fb08467b2bd76ac2f17375ca66915be2b6894a7468afc48feda1611e344ff6eaeba24de030d18e1a8c7830a9497d,2025-08-06T12:30:00.000,20,NO CONTROLS,NO CONTROLS,CLEAR,DAYLIGHT,REAR TO FRONT,DIVIDED - W/MEDIAN (NOT RAISED),STRAIGHT AND LEVEL,DRY,NO DEFECTS,NOT ON SCENE (DESK REPORT),NO INJURY / DRIVE AWAY,,"OVER $1,500",2025-08-06T12:45:00.000,UNABLE TO DETERMINE,NOT APPLICABLE,883,W,27TH ST,913,2,NO INDICATION OF INJURY,0,0,0,0,0,2,0,12,4,8,41.8442995116,-87.6495940042,"{'type': 'Point', 'coordinates': [-87.64959400419, 41.844299511618]}",,,,,,,,,,
bcc2cc1a761248ad8f2a3b7fa7871137966a824bce445b82b9d6c0a7beb3089484a3c57de59166b3b803632b292c6461dc5586fc6f548920b248935c4a2a1c5a,2025-08-06T12:30:00.000,35,NO CONTROLS,NO CONTROLS,CLEAR,DAYLIGHT,SIDESWIPE SAME DIRECTION,NOT DIVIDED,STRAIGHT AND LEVEL,DRY,NO DEFECTS,NOT ON SCENE (DESK REPORT),NO INJURY / DRIVE AWAY,,"$501 - $1,500",2025-08-06T13:20:00.000,UNABLE TO DETERMINE,NOT APPLICABLE,3615,N,CENTRAL AVE,1633,2,NO INDICATION OF INJURY,0,0,0,0,0,2,0,12,4,8,41.9463363856,-87.7666250818,"{'type': 'Point', 'coordinates': [-87.766625081803, 41.946336385553]}",,,,,,,,,,
8faa347b39e6f89ecbdfcae84dfab33ea69dc4d81bd6289493eaeca6535af4bee3ab697bc7ea41f6ac3a0b7ac8baeae55988a1bc9a2b94f5e21e2b4d353c451a,2025-08-06T12:28:00.000,30,UNKNOWN,NO CONTROLS,CLEAR,DAYLIGHT,TURNING,DIVIDED - W/MEDIAN (NOT RAISED),STRAIGHT AND LEVEL,DRY,NO DEFECTS,ON SCENE,INJURY AND / OR TOW DUE TO CRASH,,"OVER $1,500",2025-08-06T12:28:00.000,DISREGARDING ROAD MARKINGS,IMPROPER TURNING/NO SIGNAL,3820,W,LAWRENCE AVE,1712,2,"REPORTED, NOT EVIDENT",1,0,0,0,1,1,0,12,4,8,41.9683939033,-87.7240669961,"{'type': 'Point', 'coordinates': [-87.724066996089, 41.968393903297]}",,,Y,Y,,,,,,
b1e70f63d55304d50d91e592712f86f2b418ca200c252cd9b6f7d384ddd3c63fdfd29b966c7167f094955fe2e24f4e108fc4f23916a840fc897e26e76b1ec7fa,2025-08-06T12:25:00.000,30,NO CONTROLS,NO CONTROLS,CLEAR,DAYLIGHT,REAR END,DIVIDED - W/MEDIAN (NOT RAISED),STRAIGHT AND LEVEL,UNKNOWN,UNKNOWN,NOT ON SCENE (DESK REPORT),NO INJURY / DRIVE AWAY,,"OVER $1,500",2025-08-06T13:40:00.000,FOLLOWING TOO CLOSELY,FAILING TO REDUCE SPEED TO AVOID CRASH,1957,N,ASHLAND AVE,1433,2,NO INDICATION OF INJURY,0,0,0,0,0,2,0,12,4,8,41.9178480811,-87.6677904412,"{'type': 'Point', 'coordinates': [-87.667790441239, 41.917848081099]}",,,,,,,,,,
1e3190d3b65274edb65067e3f559640a83686bdeb636e27577778e7705f4beaaea2734304bbbdfb9b3b65677d943f8d301ef09c0fcabd6ed1638e55e8f0f2f68,2025-08-06T12:22:00.000,30,TRAFFIC SIGNAL,FUNCTIONING PROPERLY,CLEAR,DAYLIGHT,ANGLE,FOUR WAY,STRAIGHT AND LEVEL,DRY,NO DEFECTS,ON SCENE,INJURY AND / OR TOW DUE TO CRASH,Y,"OVER $1,500",2025-08-06T12:33:00.000,UNABLE TO DETERMINE,UNABLE TO DETERMINE,5210,N,NAGLE AVE,1613,2,"REPORTED, NOT EVIDENT",1,0,0,0,1,1,0,12,4,8,41.9760428579,-87.788014172,"{'type': 'Point', 'coordinates': [-87.788014171998, 41.976042857882]}",,,,,,,,,,
823b3af5f1e6c56aab4297d7ac07149f816550ac5dec9f6184bdd2e0386101e9c617664a5d9141ef45aca4445b0dc17e8a6fe472c2f3c28a5d1ae25a9f87ab13,2025-08-06T12:20:00.000,30,NO CONTROLS,NO CONTROLS,CLEAR,DAYLIGHT,REAR END,NOT DIVIDED,STRAIGHT AND LEVEL,DRY,NO DEFECTS,ON SCENE,NO INJURY / DRIVE AWAY,,$500 OR LESS,2025-08-06T12:58:00.000,UNABLE TO DETERMINE,UNABLE TO DETERMINE,3220,N,LINCOLN AVE,1922,2,NO INDICATION OF INJURY,0,0,0,0,0,2,0,12,4,8,41.9402695807,-87.6692376073,"{'type': 'Point', 'coordinates': [-87.669237607327, 41.940269580723]}",,,,,,,,,,
c5a0faead6264c4f186549b11fd5b442eb0565c1a057b588cbf43836c05af3a1087aec35147c50146b7f223bcc1e7c744407238c516359c6e9d7727b72b4e429,2025-08-06T12:20:00.000,30,NO CONTROLS,NO CONTROLS,CLEAR,DAYLIGHT,TURNING,NOT DIVIDED,STRAIGHT AND LEVEL,DRY,NO DEFECTS,ON SCENE,NO INJURY / DRIVE AWAY,,"OVER $1,500",2025-08-06T12:30:00.000,UNABLE TO DETERMINE,NOT APPLICABLE,2707,W,BELMONT AVE,1411,2,NO INDICATION OF INJURY,0,0,0,0,0,2,0,12,4,8,41.9392932525,-87.6956124564,"{'type': 'Point', 'coordinates': [-87.695612456444, 41.939293252478]}",,,,,,,,,,
a57170a08ed8c8b61d026890af52fd41f8e2ae02fb15d450d54850ad9ab99af64c9131a27e8e45d835bd1e2f7cffefb5792fa0956bec2504c43c5d00b4d77984,2025-08-06T12:17:00.000,30,NO CONTROLS,NO CONTROLS,CLEAR,DAYLIGHT,ANGLE,NOT DIVIDED,STRAIGHT AND LEVEL,DRY,NO DEFECTS,NOT ON SCENE (DESK REPORT),NO INJURY / DRIVE AWAY,,"OVER $1,500",2025-08-06T13:04:00.000,UNABLE TO DETERMINE,NOT APPLICABLE,727,W,ADAMS ST,1232,2,NO INDICATION OF INJURY,0,0,0,0,0,2,0,12,4,8,41.8791337104,-87.6452758723,"{'type': 'Point', 'coordinates': [-87.645275872275, 41.879133710379]}",,,,,,,,,,
abf48ee9060f2d5b53a96868ed186324a2bcc2489ec3403cf58b3c69791b97e1069a322ddb35dc5127043451a3b698254c3643e98174025f2038d0e5b1786b41,2025-08-06T12:12:00.000,30,UNKNOWN,NO CONTROLS,CLEAR,DAYLIGHT,SIDESWIPE SAME DIRECTION,NOT DIVIDED,STRAIGHT AND LEVEL,DRY,NO DEFECTS,ON SCENE,NO INJURY / DRIVE AWAY,,"OVER $1,500",2025-08-06T12:12:00.000,UNABLE TO DETERMINE,UNABLE TO DETERMINE,4700,S,CORNELL AVE,222,2,NO INDICATION OF INJURY,0,0,0,0,0,3,0,12,4,8,41.8102195856,-87.5903019893,"{'type': 'Point', 'coordinates': [-87.590301989324, 41.810219585589]}",,,,,,,,,,
4dab418751098d4233a866eaffec7d99a8fe4bc78b2a7c7c480af46a3375c8c51c4e2fa337e8405c9ba870040f381198f716256269120582f3279dd576f5762a,2025-08-06T12:07:00.000,25,NO CONTROLS,NO CONTROLS,CLEAR,DAYLIGHT,PARKED MOTOR VEHICLE,NOT DIVIDED,STRAIGHT AND LEVEL,DRY,NO DEFECTS,ON SCENE,INJURY AND / OR TOW DUE TO CRASH,,"OVER $1,500",2025-08-06T12:11:00.000,UNABLE TO DETERMINE,NOT APPLICABLE,1010,N,HICKORY AVE,1822,2,"REPORTED, NOT EVIDENT",1,0,0,0,1,0,0,12,4,8,41.9007975869,-87.6504279002,"{'type': 'Point', 'coordinates': [-87.650427900208, 41.900797586859]}",,,,,,Y,CONSTRUCTION,,,Y
29ba42586e55d742ec780ff36dc1587712989c6d0c15cc2263321bfc315c584c55f1bd324abb2718c4d664f2110b2260b385536fe9771e53a00db1306c790ae1,2025-08-06T12:00:00.000,30,NO CONTROLS,NO CONTROLS,CLEAR,DAYLIGHT,REAR END,"FIVE POINT, OR MORE",STRAIGHT AND LEVEL,DRY,UNKNOWN,NOT ON SCENE (DESK REPORT),NO INJURY / DRIVE AWAY,,$500 OR LESS,2025-08-06T15:16:00.000,UNABLE TO DETERMINE,NOT APPLICABLE,7900,S,STONY ISLAND AVE,411,2,NO INDICATION OF INJURY,0,0,0,0,0,3,0,12,4,8,41.7514606032,-87.585971993,"{'type': 'Point', 'coordinates': [-87.585971992965, 41.751460603167]}",,,,,,,,,,
cc6949b9bfe8fdcdeccb0d31da5fb462bc0b41dd5b267d69c57b342f2cf462df3114b76d46fbe9f6a2a9915a2a716a9d79d899d4f538a693fd6fd633a9800dcb,2025-08-06T12:00:00.000,30,NO CONTROLS,NO CONTROLS,CLEAR,DAYLIGHT,PARKED MOTOR VEHICLE,NOT DIVIDED,STRAIGHT AND LEVEL,DRY,NO DEFECTS,NOT ON SCENE (DESK REPORT),NO INJURY / DRIVE AWAY,,"OVER $1,500",2025-08-06T17:00:00.000,UNABLE TO DETERMINE,UNABLE TO DETERMINE,3941,S,CALIFORNIA AVE,921,2,NO INDICATION OF INJURY,0,0,0,0,0,1,0,12,4,8,41.8216110474,-87.6944745087,"{'type': 'Point', 'coordinates': [-87.694474508709, 41.821611047446]}",,,Y,,Y,,,,,
c653d4f119af8bf5db8d93679e54400ed9eebacd202519161bf73f2f72d51cd66370ac10fc7e35245bba439619cd5a8f4ba6eeeb9bbb7260c31305a187af69ae,2025-08-06T11:59:00.000,35,STOP SIGN/FLASHER,FUNCTIONING PROPERLY,CLEAR,DAYLIGHT,TURNING,FOUR WAY,STRAIGHT AND LEVEL,DRY,NO DEFECTS,ON SCENE,INJURY AND / OR TOW DUE TO CRASH,Y,"OVER $1,500",2025-08-06T12:00:00.000,DISREGARDING STOP SIGN,FAILING TO YIELD RIGHT-OF-WAY,2300,W,95TH ST,2221,2,NO INDICATION OF INJURY,0,0,0,0,0,2,0,11,4,8,41.7210841338,-87.6796901908,"{'type': 'Point', 'coordinates': [-87.679690190795, 41.721084133805]}",,,,,,,,,,
3be7c265edcefed6968c295bb70defd93c529fc2781da02f7c34d13e9a4a7ab19a6eb997512caf81022543479104e773c71672836da178d988b479766905c0d5,2025-08-06T11:50:00.000,30,UNKNOWN,UNKNOWN,CLEAR,DAYLIGHT,SIDESWIPE SAME DIRECTION,NOT DIVIDED,STRAIGHT AND LEVEL,UNKNOWN,UNKNOWN,NOT ON SCENE (DESK REPORT),NO INJURY / DRIVE AWAY,,"OVER $1,500",2025-08-06T13:30:00.000,UNABLE TO DETERMINE,UNABLE TO DETERMINE,1001,W,NORTH AVE,1822,2,NO INDICATION OF INJURY,0,0,0,0,0,2,0,11,4,8,41.9107292921,-87.6531526219,"{'type': 'Point', 'coordinates': [-87.653152621895, 41.910729292099]}",,,,,,,,,,
78e982e1c037bf0f5210b1e8ce47c49a76ef52d41f332cd49bf86f5ccc269e2f08c60369628fb1e95e4f0c33593c12a3e960698098586da073c2f03c0c335d98,2025-08-06T11:45:00.000,30,TRAFFIC SIGNAL,FUNCTIONING PROPERLY,CLEAR,DAYLIGHT,REAR END,ONE-WAY,STRAIGHT AND LEVEL,DRY,NO DEFECTS,NOT ON SCENE (DESK REPORT),NO INJURY / DRIVE AWAY,,$500 OR LESS,2025-08-07T17:34:00.000,UNABLE TO DETERMINE,NOT APPLICABLE,3401,W,HARRISON ST,1133,2,NO INDICATION OF INJURY,0,0,0,0,0,2,0,11,4,8,41.8735172214,-87.710901588,"{'type': 'Point', 'coordinates': [-87.710901587953, 41.873517221433]}",,,,,,,,,,
60582d156b727d207707598f087754e414cd9fac807c969398582d089a5490e2127ebf541f2ea6f3353cde345fef32326c16aab5985e0b163e2fca9ac9cb692d,2025-08-06T11:40:00.000,35,TRAFFIC SIGNAL,FUNCTIONING PROPERLY,CLEAR,DAYLIGHT,SIDESWIPE SAME DIRECTION,T-INTERSECTION,STRAIGHT AND LEVEL,DRY,NO DEFECTS,NOT ON SCENE (DESK REPORT),NO INJURY / DRIVE AWAY,,$500 OR LESS,2025-08-06T14:00:00.000,FOLLOWING TOO CLOSELY,IMPROPER LANE USAGE,2,S,MICHIGAN AVE,112,2,NO INDICATION OF INJURY,0,0,0,0,0,2,0,11,4,8,41.8820439803,-87.6245110366,"{'type': 'Point', 'coordinates': [-87.624511036615, 41.88204398026]}",,,,,,,,,,