crash_record_id,crash_date,posted_speed_limit,traffic_control_device,device_condition,weather_condition,lighting_condition,first_crash_type,trafficway_type,alignment,roadway_surface_cond,road_defect,report_type,crash_type,intersection_related_i,damage,date_police_notified,prim_contributory_cause,sec_contributory_cause,street_no,street_direction,street_name,beat_of_occurrence,num_units,most_severe_injury,injuries_total,injuries_fatal,injuries_incapacitating,injuries_non_incapacitating,injuries_reported_not_evident,injuries_no_indication,injuries_unknown,crash_hour,crash_day_of_week,crash_month,latitude,longitude,location,private_property_i,photos_taken_i,hit_and_run_i,statements_taken_i,crash_date_est_i,work_zone_i,work_zone_type,dooring_i,lane_cnt,workers_present_i
a8cfc22a23413678589d2bd8489249f927f45a8c8c49329e1b8f6f046f2a9ce5ae72d865bf82eb8d5361d028fc7cbc1cad0e7ab372c3c40ed509e07f561c646e,2025-08-06T11:35:00.000,30,NO CONTROLS,NO CONTROLS,CLEAR,DAYLIGHT,TURNING,NOT DIVIDED,STRAIGHT AND LEVEL,DRY,NO DEFECTS,NOT ON SCENE (DESK REPORT),NO INJURY / DRIVE AWAY,,"OVER $1,500",2025-08-06T12:00:00.000,IMPROPER LANE USAGE,NOT APPLICABLE,3840,W,MADISON ST,1122,2,NO INDICATION OF INJURY,0,0,0,0,0,2,0,11,4,8,41.8808772078,-87.7223309965,"{'type': 'Point', 'coordinates': [-87.722330996477, 41.880877207827]}",,,,,,,,,,
def8b0b9f719bc5e76e4cdcce5acc59d984a3b1f6c42a51ed12505488edcbd78633fe01647e3cfea77758a728061d052ff26ea0762af31d9b5b328b5329724a7,2025-08-06T11:34:00.000,30,TRAFFIC SIGNAL,FUNCTIONING PROPERLY,CLEAR,DAYLIGHT,SIDESWIPE SAME DIRECTION,OTHER,STRAIGHT AND LEVEL,DRY,NO DEFECTS,ON SCENE,NO INJURY / DRIVE AWAY,,"OVER $1,500",2025-08-06T11:34:00.000,UNABLE TO DETERMINE,UNABLE TO DETERMINE,1720,W,PETERSON AVE,2433,2,NO INDICATION OF INJURY,0,0,0,0,0,7,0,11,4,8,41.9908987139,-87.6723046986,"{'type': 'Point', 'coordinates': [-87.67230469859, 41.990898713917]}",,,Y,,,,,,,
6abbb131c0665d8fcf7bc8833aa76c1312aeb16e3c79cec5085ed9b95b8ec6eacb76b9570eecda88c99a60f1ddb281e746f5f27cb8da4fc7d1e342cce0d2d32e,2025-08-06T11:30:00.000,30,NO CONTROLS,NO CONTROLS,CLEAR,DAYLIGHT,REAR TO SIDE,NOT DIVIDED,STRAIGHT AND LEVEL,UNKNOWN,UNKNOWN,NOT ON SCENE (DESK REPORT),NO INJURY / DRIVE AWAY,,"OVER $1,500",2025-08-06T15:50:00.000,IMPROPER BACKING,FAILING TO REDUCE SPEED TO AVOID CRASH,22,E,ELM ST,1824,2,NO INDICATION OF INJURY,0,0,0,0,0,2,0,11,4,8,41.9033081648,-87.6277132133,"{'type': 'Point', 'coordinates': [-87.627713213283, 41.903308164769]}",,,,,,,,,,
74ce4c79958d2bc3cb565111ed01ef379ac0ddc2eef2bf62fd4e3ff96a1c0d7c0764c78b3e945d6ea035263f2606133f4e8f45e3ba8c4f572930c232fb3668bd,2025-08-06T11:30:00.000,25,TRAFFIC SIGNAL,FUNCTIONING PROPERLY,CLEAR,DAYLIGHT,TURNING,FOUR WAY,STRAIGHT AND LEVEL,DRY,NO DEFECTS,ON SCENE,NO INJURY / DRIVE AWAY,Y,"OVER $1,500",2025-08-06T11:43:00.000,IMPROPER LANE USAGE,IMPROPER TURNING/NO SIGNAL,4397,N,DAMEN AVE,1912,2,NO INDICATION OF INJURY,0,0,0,0,0,3,0,11,4,8,41.9614140677,-87.6788111062,"{'type': 'Point', 'coordinates': [-87.678811106196, 41.96141406767]}",,,,,,,,,,
ed0f60a34fd7271cbcb1f715be141e3fe5dae05114941733d0bb1e1d78a85a57e5102a1e64311aef3428ae299926b08bdc6d29c9c5a8c8eb8d062d926fdd344f,2025-08-06T11:30:00.000,30,STOP SIGN/FLASHER,NO CONTROLS,CLEAR,DAYLIGHT,SIDESWIPE SAME DIRECTION,FOUR WAY,STRAIGHT AND LEVEL,DRY,NO DEFECTS,NOT ON SCENE (DESK REPORT),NO INJURY / DRIVE AWAY,,"OVER $1,500",2025-08-06T12:30:00.000,UNABLE TO DETERMINE,NOT APPLICABLE,5658,W,DIVERSEY AVE,2514,2,NO INDICATION OF INJURY,0,0,0,0,0,2,0,11,4,8,41.9313548829,-87.7686186516,"{'type': 'Point', 'coordinates': [-87.768618651634, 41.931354882854]}",,,,,,,,,,
be030421778fc9c41f6733236c3df81541f58f044db9142732fb635a7855ae280bf78b5c2b12863caa0a5014673aeeb4ca2676931215154af2edf03882e2c449,2025-08-06T11:25:00.000,30,NO CONTROLS,NO CONTROLS,CLEAR,UNKNOWN,PARKED MOTOR VEHICLE,ONE-WAY,STRAIGHT AND LEVEL,UNKNOWN,NO DEFECTS,ON SCENE,NO INJURY / DRIVE AWAY,,"OVER $1,500",2025-08-06T11:30:00.000,UNABLE TO DETERMINE,NOT APPLICABLE,6320,S,LAFLIN ST,725,2,NO INDICATION OF INJURY,0,0,0,0,0,1,0,11,4,8,41.7788506402,-87.661908652,"{'type': 'Point', 'coordinates': [-87.661908651972, 41.778850640219]}",,,Y,,,,,,,
06fbc30d14624f2be3492609f828cbcc3c8d61dfae31ef9bbe2ce68357e024c2e6021e17a28a758d5a92bcbbbaa7cec873ce4abd2904c2a6221e77186799a50b,2025-08-06T11:20:00.000,30,NO CONTROLS,NO CONTROLS,CLEAR,DAYLIGHT,SIDESWIPE SAME DIRECTION,NOT DIVIDED,STRAIGHT AND LEVEL,DRY,NO DEFECTS,NOT ON SCENE (DESK REPORT),NO INJURY / DRIVE AWAY,,"OVER $1,500",2025-08-06T12:22:00.000,UNABLE TO DETERMINE,UNABLE TO DETERMINE,4343,S,PULASKI RD,821,2,NO INDICATION OF INJURY,0,0,0,0,0,2,0,11,4,8,41.8139143113,-87.7236649419,"{'type': 'Point', 'coordinates': [-87.723664941947, 41.813914311347]}",,,,,,,,,,
78ec1b69926774784cc94fcb4fdad350e4202fa18d97f2f278e396997ebc6b9192a1af837e24c20eb16101b654131794ec9a7bc0085156050e6e117cca246579,2025-08-06T11:01:00.000,35,NO CONTROLS,NO CONTROLS,CLEAR,DAYLIGHT,REAR END,NOT DIVIDED,STRAIGHT AND LEVEL,DRY,UNKNOWN,ON SCENE,NO INJURY / DRIVE AWAY,,"OVER $1,500",2025-08-06T11:05:00.000,FOLLOWING TOO CLOSELY,FAILING TO REDUCE SPEED TO AVOID CRASH,6509,W,DEVON AVE,1611,3,NO INDICATION OF INJURY,0,0,0,0,0,5,0,11,4,8,41.9972265979,-87.7902689933,"{'type': 'Point', 'coordinates': [-87.790268993297, 41.997226597858]}",,,,,,,,,,
2be136075f0ed6bb21f0ed4c8101c2f20becbc93e18945d7df60377aa232c191ae11b1ee53e1b84b526f07a2cdbc52c8759bf0e6d870d7ccac003dedb6857445,2025-08-06T11:00:00.000,30,TRAFFIC SIGNAL,FUNCTIONING PROPERLY,CLEAR,DAYLIGHT,REAR END,DIVIDED - W/MEDIAN (NOT RAISED),STRAIGHT AND LEVEL,DRY,NO DEFECTS,NOT ON SCENE (DESK REPORT),INJURY AND / OR TOW DUE TO CRASH,,"OVER $1,500",2025-08-06T14:53:00.000,FOLLOWING TOO CLOSELY,NOT APPLICABLE,1158,W,ROOSEVELT RD,1232,2,"REPORTED, NOT EVIDENT",4,0,0,0,4,1,0,11,4,8,41.8671086747,-87.6565249999,"{'type': 'Point', 'coordinates': [-87.656524999907, 41.86710867469]}",,,,,,,,,,
c26338429a4daa21eac3a6ec48af32bf3ea193b31d606b1cbf1bf068c928f53a49b99064494aac476223e00774018a54cf6c71ef55cee6e934d16e604e31828b,2025-08-06T10:56:00.000,30,NO CONTROLS,NO CONTROLS,CLEAR,DAYLIGHT,SIDESWIPE SAME DIRECTION,NOT DIVIDED,STRAIGHT AND LEVEL,DRY,NO DEFECTS,NOT ON SCENE (DESK REPORT),NO INJURY / DRIVE AWAY,,"OVER $1,500",2025-08-06T12:00:00.000,IMPROPER LANE USAGE,NOT APPLICABLE,803,W,DIVISION ST,1822,2,NO INDICATION OF INJURY,0,0,0,0,0,2,0,10,4,8,41.9035246615,-87.6482376195,"{'type': 'Point', 'coordinates': [-87.648237619488, 41.903524661527]}",,,Y,,,,,,,
06613b8deaea814ad1e42bd3fdfe2d8f76119fce945cd12804b07c95d4cc00673332db3aa924c9f3393e7f128e952c7651eae458c64bd584d4858f16cbf61db2,2025-08-06T10:55:00.000,10,NO CONTROLS,NO CONTROLS,CLEAR,DAYLIGHT,PARKED MOTOR VEHICLE,OTHER,STRAIGHT AND LEVEL,DRY,NO DEFECTS,ON SCENE,NO INJURY / DRIVE AWAY,,"$501 - $1,500",2025-08-06T11:00:00.000,UNABLE TO DETERMINE,NOT APPLICABLE,2500,N,CENTRAL AVE,2515,2,NO INDICATION OF INJURY,0,0,0,0,0,1,0,10,4,8,41.9258928802,-87.7662048258,"{'type': 'Point', 'coordinates': [-87.766204825838, 41.925892880213]}",Y,,,,,,,,,
44d086721305306e7a4c6f4f7cad7402490c24f2306cc428beb4773706e02edab49ee1a74028c304ebb508d23065d508ab6fb6c6b4bc93caf959bb783a7ed1c2,2025-08-06T10:50:00.000,30,TRAFFIC SIGNAL,FUNCTIONING PROPERLY,CLEAR,DAYLIGHT,SIDESWIPE SAME DIRECTION,ONE-WAY,STRAIGHT AND LEVEL,DRY,NO DEFECTS,,NO INJURY / DRIVE AWAY,Y,"OVER $1,500",2025-08-06T11:05:00.000,UNABLE TO DETERMINE,NOT APPLICABLE,3200,N,LAKE SHORE DR,1925,2,NO INDICATION OF INJURY,0,0,0,0,0,2,0,10,4,8,41.9409091633,-87.63936916,"{'type': 'Point', 'coordinates': [-87.639369159955, 41.940909163268]}",,,,,,,,,,
8cf46337959c84315e87b15fe56df370e0e6cb75db55f8af2ab2fbc5051388bbeeafe71b68994d4d73f600039788042e969eed96548283826b845bdba44ff2d9,2025-08-06T10:50:00.000,30,NO CONTROLS,NO CONTROLS,CLEAR,DAYLIGHT,TURNING,NOT DIVIDED,STRAIGHT AND LEVEL,DRY,NO DEFECTS,ON SCENE,INJURY AND / OR TOW DUE TO CRASH,,"OVER $1,500",2025-08-06T11:56:00.000,IMPROPER TURNING/NO SIGNAL,DRIVING SKILLS/KNOWLEDGE/EXPERIENCE,198,N,SACRAMENTO BLVD,1222,2,NO INDICATION OF INJURY,0,0,0,0,0,5,0,10,4,8,41.8840121777,-87.7014364787,"{'type': 'Point', 'coordinates': [-87.701436478669, 41.884012177714]}",,,,,,,,,,
c78299c9aaf525a09fe62db1c8cad71e23d844bd1e8a54ae2476bc1b140e981e77f1edbe7214c8a4e97573e60a3e7a6f8c6c961e35545aeb7843e5b9876befb7,2025-08-06T10:49:00.000,30,TRAFFIC SIGNAL,FUNCTIONING PROPERLY,CLEAR,DAYLIGHT,TURNING,FOUR WAY,STRAIGHT AND LEVEL,DRY,NO DEFECTS,NOT ON SCENE (DESK REPORT),NO INJURY / DRIVE AWAY,Y,"OVER $1,500",2025-08-06T11:10:00.000,FAILING TO REDUCE SPEED TO AVOID CRASH,IMPROPER LANE USAGE,341,W,OHIO ST,1831,2,NO INDICATION OF INJURY,0,0,0,0,0,2,0,10,4,8,41.8922538685,-87.6370538529,"{'type': 'Point', 'coordinates': [-87.637053852858, 41.89225386845]}",,,,,,,,,,
58ae23832d61b5b1b9c0a53fdbc2b9f397760a6a1d5abf034af96aa0e090a1d16538acfdd79e392f7520cca33daa14834fadb461e222848b7d8191e91f622526,2025-08-06T10:48:00.000,10,NO CONTROLS,NO CONTROLS,CLEAR,DAYLIGHT,SIDESWIPE SAME DIRECTION,PARKING LOT,STRAIGHT AND LEVEL,DRY,NO DEFECTS,NOT ON SCENE (DESK REPORT),NO INJURY / DRIVE AWAY,,"OVER $1,500",2025-08-06T11:54:00.000,FOLLOWING TOO CLOSELY,FAILING TO REDUCE SPEED TO AVOID CRASH,1213,W,79TH ST,612,2,NO INDICATION OF INJURY,0,0,0,0,0,2,0,10,4,8,41.7503804703,-87.6542999266,"{'type': 'Point', 'coordinates': [-87.654299926585, 41.750380470264]}",Y,,,,,,,,,
8f4338c13320299f4db20ebded712e04ca9546e13de9825eac382a825de8e54ac92ae4ae327b2f124b919f002b37dd9d301ed6936a762b487120292ef65f4c9f,2025-08-06T10:45:00.000,30,TRAFFIC SIGNAL,FUNCTIONING PROPERLY,CLEAR,DAYLIGHT,SIDESWIPE SAME DIRECTION,NOT DIVIDED,STRAIGHT AND LEVEL,DRY,NO DEFECTS,NOT ON SCENE (DESK REPORT),NO INJURY / DRIVE AWAY,Y,"$501 - $1,500",2025-08-06T12:00:00.000,DRIVING SKILLS/KNOWLEDGE/EXPERIENCE,DRIVING SKILLS/KNOWLEDGE/EXPERIENCE,7059,S,DR MARTIN LUTHER KING JR DR,322,2,NO INDICATION OF INJURY,0,0,0,0,0,3,0,10,4,8,41.7657571731,-87.6151161784,"{'type': 'Point', 'coordinates': [-87.61511617838, 41.765757173133]}",,,Y,,,,,,,
1ebd0f195ae349de9d21ea12f26a61257458508e3f09db7ed08870c2e6e3c6645cdbaf4c7b3568f20923ac076f9a9476c3729d0c7eaad9c3cafdf6d919250d02,2025-08-06T10:30:00.000,30,NO CONTROLS,NO CONTROLS,CLEAR,DAYLIGHT,SIDESWIPE SAME DIRECTION,NOT DIVIDED,STRAIGHT AND LEVEL,DRY,NO DEFECTS,NOT ON SCENE (DESK REPORT),NO INJURY / DRIVE AWAY,,"$501 - $1,500",2025-08-06T11:40:00.000,UNABLE TO DETERMINE,NOT APPLICABLE,1202,W,GRAND AVE,1214,2,NO INDICATION OF INJURY,0,0,0,0,0,2,0,10,4,8,41.8911884497,-87.6575686983,"{'type': 'Point', 'coordinates': [-87.657568698286, 41.891188449702]}",,,Y,,,,,,,
cd184019a9edad5bb943b17925053cb55fd3a980db41445f4fa35a5ec47504072e39ae1a6fef81a85cf7621f8be7c4a146a7b307036d8b385dd780836e3f02b5,2025-08-06T10:30:00.000,30,TRAFFIC SIGNAL,FUNCTIONING PROPERLY,CLEAR,DAYLIGHT,SIDESWIPE SAME DIRECTION,NOT DIVIDED,STRAIGHT AND LEVEL,DRY,NO DEFECTS,NOT ON SCENE (DESK REPORT),NO INJURY / DRIVE AWAY,,"OVER $1,500",2025-08-06T11:27:00.000,UNABLE TO DETERMINE,NOT APPLICABLE,2000,W,WASHINGTON BLVD,1223,2,NO INDICATION OF INJURY,0,0,0,0,0,2,0,10,4,8,41.8832549278,-87.6768151659,"{'type': 'Point', 'coordinates': [-87.676815165876, 41.883254927762]}",,,,,,,,,,
63e9792c471970921e167e68b84275e661f6f7b17589043faf2b002a60c94e45a86c1747631f6e3763cb80e03c16a99d63241508291310b2d8e30a36c670bbd4,2025-08-06T10:15:00.000,10,NO CONTROLS,NO CONTROLS,CLEAR,DAYLIGHT,PEDESTRIAN,PARKING LOT,STRAIGHT AND LEVEL,DRY,NO DEFECTS,ON SCENE,NO INJURY / DRIVE AWAY,,$500 OR LESS,2025-08-06T10:26:00.000,UNABLE TO DETERMINE,NOT APPLICABLE,659,W,31ST ST,915,2,NO INDICATION OF INJURY,0,0,0,0,0,3,0,10,4,8,41.8379674215,-87.6437854128,"{'type': 'Point', 'coordinates': [-87.643785412838, 41.837967421525]}",,,,,,,,,,
68e5696ccc4ef4989a765b70ab1d32264f9e5914f565251043cebc6d3d7eff04e4ec15a09cff5d12464d6cad50fcd68603e81eb7149be744ab4f45c3541c8b66,2025-08-06T10:15:00.000,30,NO CONTROLS,NO CONTROLS,CLEAR,DAYLIGHT,PARKED MOTOR VEHICLE,DIVIDED - W/MEDIAN (NOT RAISED),STRAIGHT AND LEVEL,DRY,NO DEFECTS,NOT ON SCENE (DESK REPORT),NO INJURY / DRIVE AWAY,,"OVER $1,500",2025-08-06T10:50:00.000,IMPROPER BACKING,UNABLE TO DETERMINE,1250,S,UNION AVE,1232,2,NO INDICATION OF INJURY,0,0,0,0,0,1,0,10,4,8,41.8657845412,-87.6452147735,"{'type': 'Point', 'coordinates': [-87.645214773503, 41.865784541222]}",,,,,,,,,,
c0e6b6eea510baba28aae347d2a557cf70d490a1abf9e7c483f6cb19b3b2a06a3205c6722124dbf32f53c7daf0276579f117368dea442621fa6ad946d513e9da,2025-08-06T10:15:00.000,25,NO CONTROLS,NO CONTROLS,CLEAR,DAYLIGHT,PARKED MOTOR VEHICLE,NOT DIVIDED,STRAIGHT AND LEVEL,DRY,NO DEFECTS,NOT ON SCENE (DESK REPORT),NO INJURY / DRIVE AWAY,,"$501 - $1,500",2025-08-06T14:11:00.000,UNABLE TO DETERMINE,UNABLE TO DETERMINE,7000,S,DR MARTIN LUTHER KING JR DR,322,2,NO INDICATION OF INJURY,0,0,0,0,0,1,0,10,4,8,41.7674771765,-87.6154518101,"{'type': 'Point', 'coordinates': [-87.615451810109, 41.767477176487]}",,,Y,,,,,,,
f75ebac67e9a77c03375cf34158ebd4601172d39f3f3a026e51c11b702b5dbe9213a08b36ddcd19287d68fd4f7a8861b91809d9c91a3983984e5facd6fdfd6f2,2025-08-06T10:05:00.000,30,STOP SIGN/FLASHER,FUNCTIONING PROPERLY,CLEAR,DAYLIGHT,ANGLE,TRAFFIC ROUTE,STRAIGHT AND LEVEL,DRY,NO DEFECTS,ON SCENE,INJURY AND / OR TOW DUE TO CRASH,Y,"OVER $1,500",2025-08-06T10:08:00.000,FAILING TO YIELD RIGHT-OF-WAY,UNABLE TO DETERMINE,3000,S,PULASKI RD,1031,2,"REPORTED, NOT EVIDENT",2,0,0,0,2,0,0,10,4,8,41.8386288473,-87.7245446928,"{'type': 'Point', 'coordinates': [-87.724544692833, 41.838628847262]}",,,,,,,,,,
d49b9ac8bd6208a3249db8716d5f7daa671c901ec0681a6e806a683baa2ba3ee40ddbd48272e3507c5ec55770ecc73064aca6fffea1824a66d65ac136dd0c558,2025-08-06T10:04:00.000,30,NO CONTROLS,NO CONTROLS,CLEAR,DAYLIGHT,TURNING,FOUR WAY,STRAIGHT AND LEVEL,UNKNOWN,UNKNOWN,ON SCENE,INJURY AND / OR TOW DUE TO CRASH,Y,"OVER $1,500",2025-08-06T10:04:00.000,FAILING TO YIELD RIGHT-OF-WAY,NOT APPLICABLE,7703,S,ASHLAND AVE,612,2,NO INDICATION OF INJURY,0,0,0,0,0,5,0,10,4,8,41.7538488654,-87.663375879,"{'type': 'Point', 'coordinates': [-87.663375879038, 41.75384886544]}",,,,,,,,,,
78c8dfab9730f3997585b3748c8d7d2496e57359d925c2419fb2e1177a2756e1c98901f5221c1d44500d07367023de1efcd987de17990607e3d17805aca166de,2025-08-06T10:00:00.000,30,NO CONTROLS,NO CONTROLS,CLEAR,DAYLIGHT,PARKED MOTOR VEHICLE,NOT DIVIDED,STRAIGHT AND LEVEL,DRY,NO DEFECTS,NOT ON SCENE (DESK REPORT),NO INJURY / DRIVE AWAY,,"OVER $1,500",2025-08-06T12:47:00.000,UNABLE TO DETERMINE,NOT APPLICABLE,200,N,OAKLEY BLVD,1223,2,NO INDICATION OF INJURY,0,0,0,0,0,1,0,10,4,8,41.8847613456,-87.6842103051,"{'type': 'Point', 'coordinates': [-87.684210305073, 41.884761345619]}",,,Y,,,,,,,
d3ec7bb1f181c7531e9efb7bb3f9fe13051a80e6ce373dc50ee1190be46e757bf0187fd0a95beb2d4ce472a16d9154d4896ea2d2fbc01149c3d81fba2f7d6082,2025-08-06T10:00:00.000,25,UNKNOWN,NO CONTROLS,UNKNOWN,UNKNOWN,PARKED MOTOR VEHICLE,FOUR WAY,STRAIGHT AND LEVEL,UNKNOWN,UNKNOWN,NOT ON SCENE (DESK REPORT),INJURY AND / OR TOW DUE TO CRASH,,"OVER $1,500",2025-08-07T17:11:00.000,UNABLE TO DETERMINE,NOT APPLICABLE,5400,W,HURON ST,1524,2,NO INDICATION OF INJURY,0,0,0,0,0,1,0,10,4,8,41.8930680064,-87.7606465162,"{'type': 'Point', 'coordinates': [-87.760646516238, 41.893068006357]}",,,Y,,Y,,,,,
dfdff93baca85f588ae31da23c714017a3f92baf5217b3b03868d4ea2aed16ca235ecf3a3d6c1b185ebcdca3f7ba896e688a0b582296572ec71b95ab6961ef13,2025-08-06T10:00:00.000,30,TRAFFIC SIGNAL,FUNCTIONING PROPERLY,CLEAR,DAYLIGHT,SIDESWIPE SAME DIRECTION,DIVIDED - W/MEDIAN (NOT RAISED),STRAIGHT AND LEVEL,DRY,NO DEFECTS,NOT ON SCENE (DESK REPORT),NO INJURY / DRIVE AWAY,,"$501 - $1,500",2025-08-06T14:07:00.000,IMPROPER OVERTAKING/PASSING,NOT APPLICABLE,500,S,ASHLAND AVE,1231,2,NO INDICATION OF INJURY,0,0,0,0,0,2,0,10,4,8,41.8751258946,-87.6667717745,"{'type': 'Point', 'coordinates': [-87.666771774482, 41.875125894617]}",,,,,,,,,,
40069dd182f5cb425558be82ece396d673794fd56e9fd098cb85664a3fb7827ab81507204791423b0d9706987c6f93a817aa547df00c0794db3dacfcc6d30a46,2025-08-06T09:59:00.000,30,NO CONTROLS,NO CONTROLS,CLEAR,DAYLIGHT,SIDESWIPE SAME DIRECTION,DIVIDED - W/MEDIAN (NOT RAISED),STRAIGHT AND LEVEL,DRY,UNKNOWN,ON SCENE,NO INJURY / DRIVE AWAY,,"OVER $1,500",2025-08-06T10:03:00.000,NOT APPLICABLE,NOT APPLICABLE,3421,W,DEVON AVE,1711,2,NO INDICATION OF INJURY,0,0,0,0,0,2,0,9,4,8,41.9971915319,-87.715081012,"{'type': 'Point', 'coordinates': [-87.715081012023, 41.99719153195]}",,,,,N,,,,,
a4835992eeb50cbf6e43dac2ebc5afacbdc59911bd6c11c911bc8785bd96e9034ad760b0f74b6e2627923075f4c038aeebb5a36385fc55bafde461bf9b123290,2025-08-06T09:48:00.000,40,NO CONTROLS,NO CONTROLS,CLEAR,DAYLIGHT,SIDESWIPE SAME DIRECTION,DIVIDED - W/MEDIAN BARRIER,STRAIGHT AND LEVEL,DRY,UNKNOWN,ON SCENE,NO INJURY / DRIVE AWAY,,"$501 - $1,500",2025-08-06T09:52:00.000,UNABLE TO DETERMINE,UNABLE TO DETERMINE,1800,N,LAKE SHORE DR NB,1814,2,NO INDICATION OF INJURY,0,0,0,0,0,4,0,9,4,8,41.9151653586,-87.6277314619,"{'type': 'Point', 'coordinates': [-87.627731461886, 41.915165358628]}",,,,,,,,,,
ae7e1acd1a9ddd019a82d8b7384b61e922af0caadb98a4342496ffbb7bfe1eea115c1fddb16e2d19159a1c6f623723629285f127bc62023fc27982b405fa35aa,2025-08-06T09:47:00.000,35,TRAFFIC SIGNAL,FUNCTIONING PROPERLY,CLEAR,DAYLIGHT,REAR END,DIVIDED - W/MEDIAN (NOT RAISED),STRAIGHT AND LEVEL,DRY,NO DEFECTS,NOT ON SCENE (DESK REPORT),NO INJURY / DRIVE AWAY,,"$501 - $1,500",2025-08-06T10:10:00.000,FOLLOWING TOO CLOSELY,FOLLOWING TOO CLOSELY,7199,N,CALDWELL AVE,1621,2,NO INDICATION OF INJURY,0,0,0,0,0,2,0,9,4,8,42.0119592767,-87.788516703,"{'type': 'Point', 'coordinates': [-87.788516703017, 42.011959276669]}",,,,,,,,,,
3d766f330d511ab596a755a075f972b2b68b4bdc2f61e1bca1b2ad617c9e18c0c5e14971b72df396e437b86bce02a21c17aa8523753987383b4340d42a6f6c11,2025-08-06T09:45:00.000,30,TRAFFIC SIGNAL,FUNCTIONING PROPERLY,CLEAR,DAYLIGHT,TURNING,CENTER TURN LANE,STRAIGHT AND LEVEL,DRY,NO DEFECTS,ON SCENE,NO INJURY / DRIVE AWAY,N,"$501 - $1,500",2025-08-06T11:11:00.000,FOLLOWING TOO CLOSELY,NOT APPLICABLE,2402,S,BLUE ISLAND AVE,1034,2,NO INDICATION OF INJURY,0,0,0,0,0,2,0,9,4,8,41.8487919116,-87.6754011615,"{'type': 'Point', 'coordinates': [-87.675401161502, 41.848791911559]}",,,,,,,,,,
0001a4f0626bbb479c55a442135cbd60e12944cf0ff37770d76f84ba773372b329614a8d58532774ba3be8707b09979e64b386d2b901afb0436dda9cc403591a,2025-08-06T09:40:00.000,30,TRAFFIC SIGNAL,FUNCTIONING PROPERLY,CLEAR,DAYLIGHT,TURNING,FOUR WAY,STRAIGHT AND LEVEL,DRY,NO DEFECTS,ON SCENE,INJURY AND / OR TOW DUE TO CRASH,Y,"OVER $1,500",2025-08-06T09:45:00.000,DISREGARDING TRAFFIC SIGNALS,FAILING TO YIELD RIGHT-OF-WAY,1600,E,76TH ST,411,2,"REPORTED, NOT EVIDENT",1,0,0,0,1,1,0,9,4,8,41.7570593922,-87.5856350238,"{'type': 'Point', 'coordinates': [-87.585635023779, 41.757059392156]}",,,,,,,,,,
a134a6b30f9a92f856c8d9693e41623023d1df6064c95e2e22ffac93a7b960ca9db6a7fc00db05436e43290fa78787cd17813eb2daf1621982fe4e24e2599ceb,2025-08-06T09:40:00.000,30,TRAFFIC SIGNAL,FUNCTIONING PROPERLY,CLEAR,DAYLIGHT,REAR END,RAMP,STRAIGHT AND LEVEL,DRY,NO DEFECTS,NOT ON SCENE (DESK REPORT),NO INJURY / DRIVE AWAY,,"OVER $1,500",2025-08-06T10:00:00.000,FOLLOWING TOO CLOSELY,NOT APPLICABLE,1529,W,CONGRESS PKWY,1231,2,NO INDICATION OF INJURY,0,0,0,0,0,2,0,9,4,8,41.8750867818,-87.66538191,"{'type': 'Point', 'coordinates': [-87.665381909963, 41.875086781835]}",,,,,,,,,,
d1432bfd5d07215c01aff128bd6ef198d698abff93cc9e67aad2211a11542ec1b4fe254feda230c26fd8e78e4d4e4162946c0774158eeb2927fa9d0142416d0b,2025-08-06T09:39:00.000,20,STOP SIGN/FLASHER,NO CONTROLS,CLEAR,DAYLIGHT,PARKED MOTOR VEHICLE,NOT DIVIDED,STRAIGHT AND LEVEL,DRY,NO DEFECTS,ON SCENE,NO INJURY / DRIVE AWAY,,"OVER $1,500",2025-08-06T10:10:00.000,DRIVING SKILLS/KNOWLEDGE/EXPERIENCE,NOT APPLICABLE,718,N,MORGAN ST,1214,2,NO INDICATION OF INJURY,0,0,0,0,0,1,0,9,4,8,41.8952036718,-87.6527505523,"{'type': 'Point', 'coordinates': [-87.652750552312, 41.895203671823]}",,,,,,,,,,
a224b7f6a9965b205a9576dfbc41fb9001112c248e3cc12d8c7fdb226947dd15b7c1bb05719cdcffc7a17a6d9f572d98fe9967d1c1e9bd767f1d9f8a9f07eb56,2025-08-06T09:37:00.000,30,NO CONTROLS,NO CONTROLS,CLEAR,DAYLIGHT,PARKED MOTOR VEHICLE,NOT DIVIDED,STRAIGHT AND LEVEL,DRY,NO DEFECTS,ON SCENE,INJURY AND / OR TOW DUE TO CRASH,,"OVER $1,500",2025-08-06T09:38:00.000,DRIVING SKILLS/KNOWLEDGE/EXPERIENCE,DRIVING SKILLS/KNOWLEDGE/EXPERIENCE,2836,N,CICERO AVE,2521,2,"REPORTED, NOT EVIDENT",1,0,0,0,1,0,0,9,4,8,41.9326640206,-87.7467877587,"{'type': 'Point', 'coordinates': [-87.746787758658, 41.932664020569]}",,,,,,,,,,
a315d3086ad96dde5169c9e8f402a910c014c3637bf01880b184b41f21daa3a65903f3cbb7ccb017a6630210000ef1b0f0d7b667ac84227c10cfdd475b1a2569,2025-08-06T09:35:00.000,30,NO CONTROLS,NO CONTROLS,CLEAR,DAYLIGHT,PARKED MOTOR VEHICLE,T-INTERSECTION,STRAIGHT AND LEVEL,DRY,NO DEFECTS,ON SCENE,NO INJURY / DRIVE AWAY,,"OVER $1,500",2025-08-06T09:40:00.000,UNABLE TO DETERMINE,UNABLE TO DETERMINE,3632,W,DIVERSEY AVE,2523,2,NO INDICATION OF INJURY,0,0,0,0,0,1,0,9,4,8,41.9320022092,-87.7185590124,"{'type': 'Point', 'coordinates': [-87.718559012356, 41.932002209153]}",,,Y,,,,,,,