crash_record_id,crash_date,posted_speed_limit,traffic_control_device,device_condition,weather_condition,lighting_condition,first_crash_type,trafficway_type,alignment,roadway_surface_cond,road_defect,report_type,crash_type,intersection_related_i,damage,date_police_notified,prim_contributory_cause,sec_contributory_cause,street_no,street_direction,street_name,beat_of_occurrence,num_units,most_severe_injury,injuries_total,injuries_fatal,injuries_incapacitating,injuries_non_incapacitating,injuries_reported_not_evident,injuries_no_indication,injuries_unknown,crash_hour,crash_day_of_week,crash_month,latitude,longitude,location,private_property_i,photos_taken_i,hit_and_run_i,statements_taken_i,crash_date_est_i,work_zone_i,work_zone_type,dooring_i,lane_cnt,workers_present_i
5fea83fc2ce8dea036b2b3302b065e750281b45d780907865b4a3e2fd4da1f980ab139a3b6e481a2cfc7bc359d18da615abe84fb084baae30031e5a645475d30,2025-08-06T09:28:00.000,30,STOP SIGN/FLASHER,FUNCTIONING PROPERLY,CLEAR,DAYLIGHT,ANGLE,FOUR WAY,STRAIGHT AND LEVEL,DRY,UNKNOWN,ON SCENE,NO INJURY / DRIVE AWAY,,"OVER $1,500",2025-08-06T09:30:00.000,FAILING TO YIELD RIGHT-OF-WAY,FAILING TO YIELD RIGHT-OF-WAY,2898,W,47TH ST,922,2,NO INDICATION OF INJURY,0,0,0,0,0,5,0,9,4,8,41.8083487535,-87.6965922037,"{'type': 'Point', 'coordinates': [-87.696592203731, 41.808348753513]}",,,,,,,,,,
6dff62601f1312dc5e2d29661c9a5b2ef1e18b4719d64859b00276c241b5e7ef5c02eed12478d3d90c3e9c29dbabf1c8ad16482aefdad83ad60c9e0e00dd8187,2025-08-06T09:22:00.000,30,TRAFFIC SIGNAL,FUNCTIONING PROPERLY,CLEAR,DAYLIGHT,REAR END,DIVIDED - W/MEDIAN (NOT RAISED),STRAIGHT AND LEVEL,DRY,NO DEFECTS,NOT ON SCENE (DESK REPORT),INJURY AND / OR TOW DUE TO CRASH,,"OVER $1,500",2025-08-06T12:19:00.000,UNABLE TO DETERMINE,UNABLE TO DETERMINE,2500,W,BELMONT AVE,1921,2,NONINCAPACITATING INJURY,1,0,0,1,0,1,0,9,4,8,41.9395478417,-87.6906990135,"{'type': 'Point', 'coordinates': [-87.690699013504, 41.93954784173]}",,,,,,,,,,
f4316da040591b5e70187ca6287a8cba7579a2737a9800824efc6f84653d5a709301cc4d9d576524e0e5256863920d59b296e85afcd06e122c6f92c54a055c58,2025-08-06T09:20:00.000,30,UNKNOWN,UNKNOWN,CLEAR,DAYLIGHT,PARKED MOTOR VEHICLE,NOT DIVIDED,STRAIGHT AND LEVEL,UNKNOWN,UNKNOWN,NOT ON SCENE (DESK REPORT),NO INJURY / DRIVE AWAY,,"OVER $1,500",2025-08-06T19:00:00.000,UNABLE TO DETERMINE,UNABLE TO DETERMINE,1536,N,WIELAND ST,1821,2,NO INDICATION OF INJURY,0,0,0,0,0,1,0,9,4,8,41.9104558791,-87.6358276552,"{'type': 'Point', 'coordinates': [-87.635827655188, 41.91045587905]}",,,,,,,,,,
a21a3c60cca632a586287ab663439f6802bd1371d08f1301604723be0e268e4a8003a39a115947df5216c9eb5676516eda39a3165e08b003ee0cac2080b39a56,2025-08-06T09:16:00.000,30,NO CONTROLS,NO CONTROLS,CLEAR,DAYLIGHT,SIDESWIPE SAME DIRECTION,ONE-WAY,STRAIGHT AND LEVEL,DRY,NO DEFECTS,ON SCENE,NO INJURY / DRIVE AWAY,,"$501 - $1,500",2025-08-06T09:20:00.000,FAILING TO YIELD RIGHT-OF-WAY,DRIVING SKILLS/KNOWLEDGE/EXPERIENCE,1420,W,ADAMS ST,1224,2,NO INDICATION OF INJURY,0,0,0,0,0,2,0,9,4,8,41.879072852,-87.6627995024,"{'type': 'Point', 'coordinates': [-87.662799502411, 41.879072852032]}",,,,,Y,,,,,
8ce0aa869b9920f09bccb6c32fda03a935fac8fc523d2ebc3685c374bfd1988d19f2a334fecb1664963b50fcaf736990961d00d5f9414c888adef456bdb79fa8,2025-08-06T09:15:00.000,30,NO CONTROLS,NO CONTROLS,CLEAR,DAYLIGHT,REAR END,NOT DIVIDED,STRAIGHT AND LEVEL,DRY,NO DEFECTS,NOT ON SCENE (DESK REPORT),NO INJURY / DRIVE AWAY,,"OVER $1,500",2025-08-06T13:50:00.000,FOLLOWING TOO CLOSELY,UNABLE TO DETERMINE,35,E,WASHINGTON ST,112,3,NO INDICATION OF INJURY,0,0,0,0,0,3,0,9,4,8,41.883110896,-87.6265815708,"{'type': 'Point', 'coordinates': [-87.626581570794, 41.883110896019]}",,,Y,,,,,,,
469ef5cfe482c4a41778d8d0f2692ebd5c9096267f6100f4ab4ba8affacd7c5eb454e0dd81edff4854ef6960cc3290d0801c924b4b2aa86b44a03f71b6db35bb,2025-08-06T09:06:00.000,30,NO CONTROLS,NO CONTROLS,UNKNOWN,UNKNOWN,PARKED MOTOR VEHICLE,PARKING LOT,STRAIGHT AND LEVEL,UNKNOWN,UNKNOWN,NOT ON SCENE (DESK REPORT),NO INJURY / DRIVE AWAY,,"$501 - $1,500",2025-08-07T17:30:00.000,IMPROPER BACKING,IMPROPER BACKING,110,E,61ST ST,311,2,NO INDICATION OF INJURY,0,0,0,0,0,1,0,9,4,8,41.7838885751,-87.621699991,"{'type': 'Point', 'coordinates': [-87.621699991031, 41.783888575125]}",Y,,,,,,,,,
5a7bd57cf514b4746fcb7276bf99c082ffb5a44776a83d5231e8f964758431af4e91dc678257424177136881a25c2a10cd5aa26565692bc4ad204a5b7420bd26,2025-08-06T09:05:00.000,30,TRAFFIC SIGNAL,FUNCTIONING PROPERLY,CLEAR,DAYLIGHT,PEDALCYCLIST,NOT DIVIDED,STRAIGHT AND LEVEL,DRY,NO DEFECTS,ON SCENE,INJURY AND / OR TOW DUE TO CRASH,,$500 OR LESS,2025-08-06T09:08:00.000,FAILING TO YIELD RIGHT-OF-WAY,NOT APPLICABLE,954,W,WEBSTER AVE,1812,2,NONINCAPACITATING INJURY,1,0,0,1,0,1,0,9,4,8,41.9218518585,-87.6532623925,"{'type': 'Point', 'coordinates': [-87.653262392534, 41.921851858502]}",,,,,,,,Y,,
6bce825198464d1d3d91176c85f420adca4ccb8c43c38bcc9d2d09e8821f4d591518e4bdcd0b5a8a153f8f6c2ab170495a2c17b702b0a3b8d95229c4e4df9365,2025-08-06T09:02:00.000,30,TRAFFIC SIGNAL,FUNCTIONING PROPERLY,CLEAR,DAYLIGHT,REAR END,FOUR WAY,STRAIGHT AND LEVEL,DRY,UNKNOWN,ON SCENE,NO INJURY / DRIVE AWAY,Y,"OVER $1,500",2025-08-06T09:09:00.000,IMPROPER BACKING,NOT APPLICABLE,2400,S,MICHIGAN AVE,131,2,NO INDICATION OF INJURY,0,0,0,0,0,2,0,9,4,8,41.8492428544,-87.6238608988,"{'type': 'Point', 'coordinates': [-87.623860898773, 41.849242854384]}",,,,,,,,,,
ad4649089df9c2cfb231fd07b7ce8da0f02a4fc9d0935d9e2a8b1dbe0d62ba8fe80a09397ac75b1e7c62ff13b34905159d8d7199408f4b447d8f31872f63bfbc,2025-08-06T09:02:00.000,20,STOP SIGN/FLASHER,UNKNOWN,CLEAR,DAYLIGHT,PEDALCYCLIST,FOUR WAY,STRAIGHT AND LEVEL,DRY,NO DEFECTS,ON SCENE,INJURY AND / OR TOW DUE TO CRASH,Y,"$501 - $1,500",2025-08-06T09:02:00.000,FAILING TO YIELD RIGHT-OF-WAY,NOT APPLICABLE,1335,W,WILSON AVE,1913,2,NONINCAPACITATING INJURY,1,0,0,1,0,1,0,9,4,8,41.9652001122,-87.6637697974,"{'type': 'Point', 'coordinates': [-87.663769797428, 41.965200112176]}",,,Y,Y,,,,,,
8321ae42579df09225f78c2bd251eeaa75c3c02b64d85709f03cb5525bef6c3ea680ba406216f8520d832507a0838ee51d8c389dd4efa46a4bb9ff3e6e225158,2025-08-06T09:00:00.000,30,OTHER REG. SIGN,FUNCTIONING PROPERLY,CLEAR,DAYLIGHT,SIDESWIPE SAME DIRECTION,NOT DIVIDED,STRAIGHT AND LEVEL,DRY,NO DEFECTS,NOT ON SCENE (DESK REPORT),NO INJURY / DRIVE AWAY,Y,"OVER $1,500",2025-08-06T09:15:00.000,DRIVING SKILLS/KNOWLEDGE/EXPERIENCE,UNABLE TO DETERMINE,901,S,STATE ST,123,2,NO INDICATION OF INJURY,0,0,0,0,0,3,0,9,4,8,41.870502078,-87.6273461777,"{'type': 'Point', 'coordinates': [-87.627346177734, 41.870502077952]}",,,,,,,,,,
ad7b0cae0801df02a7f4a0bf75688b8a53afce5f6f4d7b3df500035bcfafa27688579ad1a5d99fb0f23aa70d631a52d93e0935196d6b9267139fb0e3fc718507,2025-08-06T09:00:00.000,30,NO CONTROLS,NO CONTROLS,CLEAR,DAYLIGHT,ANGLE,NOT DIVIDED,STRAIGHT AND LEVEL,DRY,NO DEFECTS,NOT ON SCENE (DESK REPORT),NO INJURY / DRIVE AWAY,,"$501 - $1,500",2025-08-06T11:15:00.000,UNABLE TO DETERMINE,UNABLE TO DETERMINE,29,S,LA SALLE ST,122,2,NO INDICATION OF INJURY,0,0,0,0,0,2,0,9,4,8,41.8811530938,-87.6321957029,"{'type': 'Point', 'coordinates': [-87.632195702862, 41.881153093806]}",,,,,,,,,,
de20cb53521726eb87f583972fbb5a7cb4c10caf67bce285cb2025edb466019d39a6cb63d203af0d089daa65dada616def0be907113f9ec9a7b1e9f040a4cb12,2025-08-06T09:00:00.000,30,TRAFFIC SIGNAL,FUNCTIONING PROPERLY,CLEAR,DAYLIGHT,REAR END,DIVIDED - W/MEDIAN (NOT RAISED),STRAIGHT AND LEVEL,DRY,NO DEFECTS,ON SCENE,NO INJURY / DRIVE AWAY,Y,"$501 - $1,500",2025-08-06T09:19:00.000,FOLLOWING TOO CLOSELY,UNABLE TO DETERMINE,358,S,WESTERN AVE,1125,2,NO INDICATION OF INJURY,0,0,0,0,0,2,0,9,4,8,41.8761534418,-87.6864194629,"{'type': 'Point', 'coordinates': [-87.686419462863, 41.876153441824]}",,,Y,,,,,,,
e4debdd78f02e11691e0831819e549ab8c783f199413fe011c251154953b424bd0f0b725ea921cf1db8ec61aea8149b5079dcd44a0227cf654c41f3d26f1293f,2025-08-06T09:00:00.000,30,NO CONTROLS,NO CONTROLS,CLEAR,DAYLIGHT,REAR TO REAR,NOT DIVIDED,STRAIGHT AND LEVEL,DRY,NO DEFECTS,NOT ON SCENE (DESK REPORT),NO INJURY / DRIVE AWAY,Y,"$501 - $1,500",2025-08-06T18:15:00.000,NOT APPLICABLE,NOT APPLICABLE,2202,S,MICHIGAN AVE,131,2,NO INDICATION OF INJURY,0,0,0,0,0,2,0,9,4,8,41.8527193716,-87.6239495973,"{'type': 'Point', 'coordinates': [-87.623949597307, 41.852719371638]}",,,,,,,,,,
9e3f8c070ae8de3e1710bc631ff143eb7ec49129b3271a5f664991a64b11a67d0656d01f0ee712e0bac6d98c2a0b54efafd05d2178af5acae821f9235a6a0d90,2025-08-06T08:45:00.000,20,NO CONTROLS,NO CONTROLS,CLEAR,DAYLIGHT,FIXED OBJECT,OTHER,STRAIGHT AND LEVEL,DRY,NO DEFECTS,ON SCENE,NO INJURY / DRIVE AWAY,,"OVER $1,500",2025-08-06T09:48:00.000,UNABLE TO DETERMINE,UNABLE TO DETERMINE,3230,W,47TH ST,821,1,NO INDICATION OF INJURY,0,0,0,0,0,1,0,8,4,8,41.8082139217,-87.705246003,"{'type': 'Point', 'coordinates': [-87.70524600305, 41.808213921684]}",,,,,,,,,,
5e9286958c062852fe0884d5ef21d4f32ef36e479586d45d4e3159ddec8211c4e298382c385a24b7b6bd94ec6815a070c1bae3d09dabd72b484b6ae48afb2a8a,2025-08-06T08:35:00.000,30,TRAFFIC SIGNAL,FUNCTIONING PROPERLY,CLEAR,DAYLIGHT,PEDALCYCLIST,NOT DIVIDED,STRAIGHT AND LEVEL,DRY,NO DEFECTS,NOT ON SCENE (DESK REPORT),NO INJURY / DRIVE AWAY,Y,"$501 - $1,500",2025-08-06T08:35:00.000,DISREGARDING TRAFFIC SIGNALS,FAILING TO YIELD RIGHT-OF-WAY,100,W,CHESTNUT ST,1832,2,NO INDICATION OF INJURY,0,0,0,0,0,2,0,8,4,8,41.8980794604,-87.6313543871,"{'type': 'Point', 'coordinates': [-87.631354387144, 41.898079460374]}",,,,,,,,,,
40ab6907f9c6d4e9e4826d1e148a6f26508321fd28e1acb7ddbbc376a07f3bf4f9fe841abb9ce2274a062ffcc76f53e9f88801ab3a6d37a1fa7bcee8b4fe1177,2025-08-06T08:33:00.000,30,STOP SIGN/FLASHER,NO CONTROLS,CLEAR,DAYLIGHT,PARKED MOTOR VEHICLE,ONE-WAY,STRAIGHT AND LEVEL,DRY,NO DEFECTS,NOT ON SCENE (DESK REPORT),NO INJURY / DRIVE AWAY,,"OVER $1,500",2025-08-06T09:45:00.000,UNABLE TO DETERMINE,UNABLE TO DETERMINE,4220,W,ARGYLE ST,1712,2,NO INDICATION OF INJURY,0,0,0,0,0,1,0,8,4,8,41.9719285239,-87.7339823581,"{'type': 'Point', 'coordinates': [-87.733982358069, 41.971928523863]}",,,,,,,,,,
8f0b4d0d16b7919fd21ef1ba932e397f656568e2cb105ff8d947a55f9cdaacc196a68326a3baa4b9915e4b155f46fe1ba6e18d637e387eb9699aabc9a58e05c5,2025-08-06T08:30:00.000,30,UNKNOWN,UNKNOWN,UNKNOWN,UNKNOWN,PARKED MOTOR VEHICLE,NOT DIVIDED,STRAIGHT AND LEVEL,UNKNOWN,UNKNOWN,NOT ON SCENE (DESK REPORT),NO INJURY / DRIVE AWAY,,"$501 - $1,500",2025-08-06T09:05:00.000,UNABLE TO DETERMINE,NOT APPLICABLE,5200,S,KNOX AVE,815,2,NO INDICATION OF INJURY,0,0,0,0,0,1,0,8,4,8,41.7985974778,-87.7393865405,"{'type': 'Point', 'coordinates': [-87.739386540474, 41.798597477809]}",,,Y,,Y,,,,,
583402af9e7caa5a5c3da237ea123656727048c7df15d09934e40d628e26cb1b163bfeb50442062ebbc2f7401478077821003bc6bc8ae62d9e10a4216523173f,2025-08-06T08:25:00.000,35,NO CONTROLS,NO CONTROLS,CLEAR,DAYLIGHT,ANGLE,NOT DIVIDED,STRAIGHT AND LEVEL,DRY,NO DEFECTS,NOT ON SCENE (DESK REPORT),NO INJURY / DRIVE AWAY,,"$501 - $1,500",2025-08-06T09:30:00.000,UNABLE TO DETERMINE,UNABLE TO DETERMINE,6124,N,LENOX AVE,1621,2,NO INDICATION OF INJURY,0,0,0,0,0,2,0,8,4,8,41.9931357923,-87.7558167621,"{'type': 'Point', 'coordinates': [-87.755816762147, 41.993135792274]}",,,,,,,,,,
8c98028072061eef028214fd71b17a68cb0d5bcbc42de5ab354e4e5411f1a532ed020f582eca93dd9cb7623d81227b90f98009af68292dbde615b3ef973dbcdd,2025-08-06T08:25:00.000,30,TRAFFIC SIGNAL,UNKNOWN,CLEAR,DAYLIGHT,TURNING,FOUR WAY,STRAIGHT AND LEVEL,DRY,UNKNOWN,,NO INJURY / DRIVE AWAY,Y,"$501 - $1,500",2025-08-06T08:50:00.000,FAILING TO REDUCE SPEED TO AVOID CRASH,FAILING TO YIELD RIGHT-OF-WAY,6700,S,WENTWORTH AVE,722,2,NO INDICATION OF INJURY,0,0,0,0,0,2,0,8,4,8,41.7726154357,-87.6300996776,"{'type': 'Point', 'coordinates': [-87.630099677564, 41.77261543566]}",,,,,,,,,,
f2ecf8eb738f2216f2df7903a792d491443e7a7a2b2162b85700240420a4e34d9a6a6dc76ff619d651aed9ddcc21abc5e0fe69bed95dba2e2c00d683ee344859,2025-08-06T08:20:00.000,30,NO CONTROLS,NO CONTROLS,CLEAR,DAYLIGHT,PARKED MOTOR VEHICLE,DIVIDED - W/MEDIAN (NOT RAISED),STRAIGHT AND LEVEL,UNKNOWN,UNKNOWN,NOT ON SCENE (DESK REPORT),NO INJURY / DRIVE AWAY,,"OVER $1,500",2025-08-06T19:00:00.000,IMPROPER BACKING,FAILING TO REDUCE SPEED TO AVOID CRASH,363,W,ERIE ST,1831,2,NO INDICATION OF INJURY,0,0,0,0,0,1,0,8,4,8,41.8938304914,-87.6380013656,"{'type': 'Point', 'coordinates': [-87.638001365607, 41.893830491413]}",N,,Y,,,,,,,
d9d67fc584b811b663b36ccd69ca27ca6c3edd606958745bd917c7ac7028c810a144df74904d5df2d0c467529248976732fd9abee7e7f11612422cf89d084efd,2025-08-06T08:15:00.000,30,NO CONTROLS,NO CONTROLS,CLEAR,DAYLIGHT,PEDALCYCLIST,ONE-WAY,STRAIGHT AND LEVEL,DRY,UNKNOWN,ON SCENE,NO INJURY / DRIVE AWAY,,"$501 - $1,500",2025-08-06T08:20:00.000,IMPROPER TURNING/NO SIGNAL,NOT APPLICABLE,222,E,HURON ST,1834,2,NO INDICATION OF INJURY,0,0,0,0,0,3,0,8,4,8,41.8951081058,-87.6218079229,"{'type': 'Point', 'coordinates': [-87.621807922945, 41.895108105791]}",,,Y,,,,,,,
e48350f39bdcbae2cdf8bf16eab357aa67f8e44a09ec30a08b67d3e76e0922fd3badafc03fc8bd033198e35041e7079f55b2c0bbd6a525b1faf0396436c7b221,2025-08-06T08:06:00.000,35,TRAFFIC SIGNAL,FUNCTIONING PROPERLY,CLEAR,DAYLIGHT,ANGLE,NOT DIVIDED,STRAIGHT AND LEVEL,DRY,NO DEFECTS,ON SCENE,INJURY AND / OR TOW DUE TO CRASH,Y,"OVER $1,500",2025-08-06T08:07:00.000,DISREGARDING TRAFFIC SIGNALS,"OPERATING VEHICLE IN ERRATIC, RECKLESS, CARELESS, NEGLIGENT OR AGGRESSIVE MANNER",5099,S,ST LAWRENCE AVE,223,5,NONINCAPACITATING INJURY,2,0,0,2,0,2,0,8,4,8,41.8022170608,-87.6111407423,"{'type': 'Point', 'coordinates': [-87.611140742279, 41.802217060793]}",,,,,,,,,,
0625eceb4b24ddcfbc5bc8b01e25ee479c0191598b75bb772f6061ecde7efc477a2725363b5bc878b10e2a58857e04d23c087f9ac954abbe06f0d5cb3612cf13,2025-08-06T08:00:00.000,30,UNKNOWN,UNKNOWN,UNKNOWN,UNKNOWN,PARKED MOTOR VEHICLE,ONE-WAY,STRAIGHT AND LEVEL,UNKNOWN,UNKNOWN,NOT ON SCENE (DESK REPORT),NO INJURY / DRIVE AWAY,,"$501 - $1,500",2025-08-06T08:42:00.000,UNABLE TO DETERMINE,NOT APPLICABLE,2830,W,61ST ST,823,2,NO INDICATION OF INJURY,0,0,0,0,0,1,0,8,4,8,41.7828528905,-87.6946534922,"{'type': 'Point', 'coordinates': [-87.694653492233, 41.782852890511]}",,,Y,,Y,,,,,
21d764c89fdf4d2d2fa9291cb6defa1fc0adc0a2780ed9c2cae6befec780fd63d264bad12dbd79d4271a336a33cc95cd41729ae8a3be5a40ee1867fcc3338378,2025-08-06T08:00:00.000,20,NO CONTROLS,NO CONTROLS,CLEAR,DAYLIGHT,PARKED MOTOR VEHICLE,NOT DIVIDED,STRAIGHT AND LEVEL,DRY,NO DEFECTS,NOT ON SCENE (DESK REPORT),NO INJURY / DRIVE AWAY,,"OVER $1,500",2025-08-06T14:30:00.000,UNABLE TO DETERMINE,NOT APPLICABLE,1246,W,BRYN MAWR AVE,2013,2,NO INDICATION OF INJURY,0,0,0,0,0,1,0,8,4,8,41.9837053841,-87.6618822706,"{'type': 'Point', 'coordinates': [-87.661882270643, 41.983705384058]}",,,Y,,Y,,,,,
47986a5fdae74158e28a15fd7cff99ae339c9d769f0d37dd87956ac808b96968bfd9e50454f7a1832f96f79e0604d81ccbf8308839311a504cc4795afd3adf94,2025-08-06T08:00:00.000,30,NO CONTROLS,NO CONTROLS,CLEAR,DAYLIGHT,PARKED MOTOR VEHICLE,NOT DIVIDED,STRAIGHT AND LEVEL,DRY,NO DEFECTS,,NO INJURY / DRIVE AWAY,,"OVER $1,500",2025-08-06T17:20:00.000,UNABLE TO DETERMINE,UNABLE TO DETERMINE,4501,W,PALMER ST,2522,2,NO INDICATION OF INJURY,0,0,0,0,0,1,0,8,4,8,41.9205662232,-87.7390223569,"{'type': 'Point', 'coordinates': [-87.73902235689, 41.920566223173]}",,,Y,,,,,,,
4fdb5f2dac1188a69e87e4c05c6c0487ff342198723bb60d972ed7de49a7e927b0d65c14d00be6e22749280150c24f3d94f52ab1ef5b3d17292b1d7bc846f854,2025-08-06T07:59:00.000,30,TRAFFIC SIGNAL,FUNCTIONING PROPERLY,CLEAR,DAYLIGHT,TURNING,FOUR WAY,STRAIGHT AND LEVEL,DRY,NO DEFECTS,ON SCENE,INJURY AND / OR TOW DUE TO CRASH,Y,"$501 - $1,500",2025-08-06T07:59:00.000,IMPROPER LANE USAGE,NOT APPLICABLE,7123,S,JEFFERY BLVD,333,2,NONINCAPACITATING INJURY,1,0,0,1,0,2,0,7,4,8,41.7654415433,-87.5761396204,"{'type': 'Point', 'coordinates': [-87.576139620359, 41.765441543316]}",,,,,,,,,,
bc64ec7f3841fc7267041a719b41638446f39cd5d3c0a58ed9189ab7c0c7368fc16d63ec354558074251a6af22112f59fc775e1c536dccb5716562f1453a46a6,2025-08-06T07:50:00.000,30,UNKNOWN,UNKNOWN,CLEAR,DAYLIGHT,REAR END,NOT DIVIDED,STRAIGHT AND LEVEL,DRY,UNKNOWN,ON SCENE,NO INJURY / DRIVE AWAY,,"OVER $1,500",2025-08-06T07:56:00.000,UNABLE TO DETERMINE,UNABLE TO DETERMINE,3229,W,ADDISON ST,1733,2,NO INDICATION OF INJURY,0,0,0,0,0,2,0,7,4,8,41.9465093033,-87.7090496389,"{'type': 'Point', 'coordinates': [-87.709049638899, 41.946509303292]}",,,,,,,,,,
c406baecf50b2873f9bfe8514634b96413800cc2fa7eee43d5b5ff2894354bc35cd19b73b775d18f38322644c74d6cc52843c7cab088f73efc11325da2e61878,2025-08-06T07:46:00.000,30,TRAFFIC SIGNAL,FUNCTIONING PROPERLY,CLEAR,DAYLIGHT,OTHER OBJECT,FOUR WAY,STRAIGHT AND LEVEL,DRY,NO DEFECTS,ON SCENE,INJURY AND / OR TOW DUE TO CRASH,Y,"OVER $1,500",2025-08-06T07:46:00.000,UNABLE TO DETERMINE,UNABLE TO DETERMINE,6,E,91ST ST,634,1,NO INDICATION OF INJURY,0,0,0,0,0,1,0,7,4,8,41.7291550421,-87.6236663539,"{'type': 'Point', 'coordinates': [-87.623666353884, 41.72915504209]}",Y,,,,Y,,,,,
b8724760a8b125b2beb7e2602c7ebb40c90687e3db8963ad3f0cbfad8b5b8b67f5da0562a665b82cfd80de720d549554034f735df191a4d2d2bb72b85051d6e9,2025-08-06T07:45:00.000,30,TRAFFIC SIGNAL,FUNCTIONING PROPERLY,CLEAR,DAYLIGHT,REAR END,DIVIDED - W/MEDIAN BARRIER,STRAIGHT AND LEVEL,DRY,NO DEFECTS,ON SCENE,NO INJURY / DRIVE AWAY,,"OVER $1,500",2025-08-06T07:53:00.000,FAILING TO REDUCE SPEED TO AVOID CRASH,FAILING TO REDUCE SPEED TO AVOID CRASH,4145,N,ASHLAND AVE,1912,2,NO INDICATION OF INJURY,0,0,0,0,0,2,0,7,4,8,41.9574654294,-87.6689920464,"{'type': 'Point', 'coordinates': [-87.66899204636, 41.957465429414]}",,,,,,,,,,
ac6a74c00fa5fc647f875ffd2619c1feef21fbb955ede83812463d98cf48c15406e933c8bbc9dbc98d0f0e52fa065ee41772bc8512f3255d1f8c853fa9779da9,2025-08-06T07:34:00.000,30,TRAFFIC SIGNAL,FUNCTIONING PROPERLY,CLEAR,DAYLIGHT,ANGLE,NOT DIVIDED,STRAIGHT AND LEVEL,DRY,NO DEFECTS,ON SCENE,INJURY AND / OR TOW DUE TO CRASH,Y,"OVER $1,500",2025-08-06T07:36:00.000,DISREGARDING TRAFFIC SIGNALS,UNABLE TO DETERMINE,99,S,HALSTED ST,1232,2,NO INDICATION OF INJURY,0,0,0,0,0,3,0,7,4,8,41.8805588021,-87.6471767092,"{'type': 'Point', 'coordinates': [-87.647176709191, 41.880558802132]}",,,,,,,,,,
2e4107c0c3519888c84d9abab8ede54649b6f290cfaa9905d4a4216537a804b3a7b88c16c8b7a54cb34c2e512539ff1936a9e6cb444fbd2ffe5e4a45af1f4b48,2025-08-06T07:20:00.000,30,NO CONTROLS,NO CONTROLS,CLEAR,DAYLIGHT,PARKED MOTOR VEHICLE,DIVIDED - W/MEDIAN (NOT RAISED),STRAIGHT AND LEVEL,DRY,NO DEFECTS,ON SCENE,NO INJURY / DRIVE AWAY,,"OVER $1,500",2025-08-06T07:22:00.000,DRIVING SKILLS/KNOWLEDGE/EXPERIENCE,NOT APPLICABLE,1104,S,CLINTON ST,124,2,NO INDICATION OF INJURY,0,0,0,0,0,1,0,7,4,8,41.8688505445,-87.6409187364,"{'type': 'Point', 'coordinates': [-87.64091873638, 41.868850544483]}",,,,Y,,,,,,
4de4c0031fabe1f5958214a6f619ba110b67f47039f1355df15f8986bd8f7a7c28beb9ac07330171bb3457ccef27a8bfe54a6b4216a281893ac62dbc5cf6221e,2025-08-06T07:10:00.000,30,TRAFFIC SIGNAL,FUNCTIONING PROPERLY,CLEAR,DAYLIGHT,TURNING,FOUR WAY,STRAIGHT AND LEVEL,DRY,NO DEFECTS,ON SCENE,INJURY AND / OR TOW DUE TO CRASH,Y,"OVER $1,500",2025-08-06T07:15:00.000,NOT APPLICABLE,NOT APPLICABLE,4801,W,ADDISON ST,1634,3,"REPORTED, NOT EVIDENT",3,0,0,0,3,2,0,7,4,8,41.9460123519,-87.7471910385,"{'type': 'Point', 'coordinates': [-87.747191038518, 41.946012351933]}",,,,,,,,,,
08380828f98d73046b95a83b238a8ebb859736b2207d648daf8098c12c394ac9d8133b3292c26f1b6e02078c1dcd8330c4a7e1afe24069c1ed0f08e1f16d2750,2025-08-06T07:00:00.000,30,TRAFFIC SIGNAL,FUNCTIONING PROPERLY,CLEAR,DAYLIGHT,REAR END,NOT DIVIDED,STRAIGHT AND LEVEL,DRY,NO DEFECTS,NOT ON SCENE (DESK REPORT),NO INJURY / DRIVE AWAY,Y,"OVER $1,500",2025-08-06T07:08:00.000,FOLLOWING TOO CLOSELY,NOT APPLICABLE,2255,E,103RD ST,434,2,NO INDICATION OF INJURY,0,0,0,0,0,2,0,7,4,8,41.7079332906,-87.5683491228,"{'type': 'Point', 'coordinates': [-87.568349122821, 41.707933290572]}",Y,,,,,,,,,
d12e42ed48f429a3889d3bf5e86c4255a8147de055da4f1ba2d879a341f1f4ceee63110043872a811a5db8f816cbfcac145aea80e15e2418a4b51a2a49cfc5d7,2025-08-06T07:00:00.000,15,NO CONTROLS,NO CONTROLS,CLEAR,DAYLIGHT,FIXED OBJECT,PARKING LOT,STRAIGHT AND LEVEL,DRY,NO DEFECTS,NOT ON SCENE (DESK REPORT),NO INJURY / DRIVE AWAY,,"OVER $1,500",2025-08-06T07:10:00.000,UNABLE TO DETERMINE,NOT APPLICABLE,850,W,ADDISON ST,1923,1,NO INDICATION OF INJURY,0,0,0,0,0,1,0,7,4,8,41.9474004564,-87.651512018,"{'type': 'Point', 'coordinates': [-87.651512017951, 41.947400456376]}",,,,,,,,,,
c3c363b798535f9af216edcbcbf3c907fcfb6021521b69daafe7c3f9f6ede9dfe3222716a6f8632ed4fed3e8a56d4df0bfda46744052ebfcaa4740d72fd46711,2025-08-06T06:55:00.000,25,NO CONTROLS,NO CONTROLS,CLEAR,DAYLIGHT,SIDESWIPE SAME DIRECTION,ONE-WAY,STRAIGHT AND LEVEL,DRY,NO DEFECTS,ON SCENE,NO INJURY / DRIVE AWAY,,"$501 - $1,500",2025-08-06T07:05:00.000,IMPROPER LANE USAGE,NOT APPLICABLE,1,W,TERMINAL ST,1651,2,NO INDICATION OF INJURY,0,0,0,0,0,3,0,6,4,8,,,,,,Y,,,,,,,