crash_record_id,crash_date,posted_speed_limit,traffic_control_device,device_condition,weather_condition,lighting_condition,first_crash_type,trafficway_type,alignment,roadway_surface_cond,road_defect,report_type,crash_type,intersection_related_i,damage,date_police_notified,prim_contributory_cause,sec_contributory_cause,street_no,street_direction,street_name,beat_of_occurrence,num_units,most_severe_injury,injuries_total,injuries_fatal,injuries_incapacitating,injuries_non_incapacitating,injuries_reported_not_evident,injuries_no_indication,injuries_unknown,crash_hour,crash_day_of_week,crash_month,latitude,longitude,location,private_property_i,photos_taken_i,hit_and_run_i,statements_taken_i,crash_date_est_i,work_zone_i,work_zone_type,dooring_i,lane_cnt,workers_present_i
10316b89abb03cd21c7fc1c3fa180a2ffb3065be2602988dc6183f4fb2d17e36c7e1d4d829b6f7b0d2724352375d6ae55de9886300d5ecc8de047a0411717b80,2025-08-06T06:38:00.000,30,TRAFFIC SIGNAL,FUNCTIONING PROPERLY,CLEAR,DAYLIGHT,SIDESWIPE SAME DIRECTION,DIVIDED - W/MEDIAN (NOT RAISED),STRAIGHT AND LEVEL,DRY,NO DEFECTS,NOT ON SCENE (DESK REPORT),NO INJURY / DRIVE AWAY,,"OVER $1,500",2025-08-06T18:00:00.000,FAILING TO YIELD RIGHT-OF-WAY,DISREGARDING ROAD MARKINGS,3072,W,PETERSON AVE,2413,2,NO INDICATION OF INJURY,0,0,0,0,0,2,0,6,4,8,41.990508926,-87.706622194,"{'type': 'Point', 'coordinates': [-87.70662219398, 41.990508925961]}",,,Y,,,,,,,
d7a37bc166f798b463f649d6905c75561662978842250597a14537ba560b1db98b3ce77c7245350b09d4f90966ffdfb46e9bb67bd10ef58f0ce7291f9179eb30,2025-08-06T06:17:00.000,30,NO CONTROLS,NO CONTROLS,CLEAR,DAYLIGHT,REAR END,NOT DIVIDED,STRAIGHT AND LEVEL,DRY,NO DEFECTS,NOT ON SCENE (DESK REPORT),NO INJURY / DRIVE AWAY,,"OVER $1,500",2025-08-06T06:58:00.000,UNABLE TO DETERMINE,UNABLE TO DETERMINE,3600,W,59TH ST,822,3,NO INDICATION OF INJURY,0,0,0,0,0,3,0,6,4,8,41.7861965449,-87.7134894218,"{'type': 'Point', 'coordinates': [-87.713489421846, 41.786196544925]}",,,,,,,,,,
139fa1ac9cec22f3eda1e0db8635254dbe5798d3368a0dbab3d88137ccfc8437a40b96a934f159b11334e80a26fd4c3850c80c73429aeca0dd2d919fe09d67ac,2025-08-06T05:00:00.000,30,NO CONTROLS,NO CONTROLS,UNKNOWN,UNKNOWN,PARKED MOTOR VEHICLE,NOT DIVIDED,STRAIGHT AND LEVEL,UNKNOWN,NO DEFECTS,ON SCENE,INJURY AND / OR TOW DUE TO CRASH,,"OVER $1,500",2025-08-06T08:13:00.000,NOT APPLICABLE,NOT APPLICABLE,2137,W,54TH ST,932,2,NO INDICATION OF INJURY,0,0,0,0,0,1,0,5,4,8,41.7956065687,-87.6782330764,"{'type': 'Point', 'coordinates': [-87.678233076406, 41.795606568739]}",,,Y,,Y,,,,,
a106f70e5a7a3aed4281896c4adbff3192ef1d295d85512b61820af0c02e63306c3aaf66cac19e0effd728f7715bec5c2632f0404e9b0ab472942e0bc381a526,2025-08-06T04:48:00.000,30,TRAFFIC SIGNAL,FUNCTIONING PROPERLY,CLEAR,DAWN,TURNING,NOT DIVIDED,STRAIGHT AND LEVEL,DRY,NO DEFECTS,ON SCENE,INJURY AND / OR TOW DUE TO CRASH,Y,"OVER $1,500",2025-08-06T04:50:00.000,FAILING TO YIELD RIGHT-OF-WAY,IMPROPER OVERTAKING/PASSING,3100,S,ARCHER AVE,912,2,"REPORTED, NOT EVIDENT",1,0,0,0,1,2,0,4,4,8,41.837732675,-87.66589445,"{'type': 'Point', 'coordinates': [-87.665894449999, 41.837732674972]}",,,,,,,,,,
ae29bfe7ccdd40852d2df9b4e60b44dfb3cd2285dbefe0657003fc67822648d202d330f31e5752967b37a8f647c8411ef25c6e0ed854d06d2ed2a9b46b9b9e40,2025-08-06T04:30:00.000,30,NO CONTROLS,NO CONTROLS,CLEAR,DAYLIGHT,PARKED MOTOR VEHICLE,NOT DIVIDED,STRAIGHT AND LEVEL,DRY,UNKNOWN,ON SCENE,NO INJURY / DRIVE AWAY,,"OVER $1,500",2025-08-06T05:49:00.000,UNABLE TO DETERMINE,UNABLE TO DETERMINE,842,W,61ST ST,712,2,NO INDICATION OF INJURY,0,0,0,0,0,1,0,4,4,8,41.7834697308,-87.6466147066,"{'type': 'Point', 'coordinates': [-87.646614706627, 41.783469730848]}",,,Y,,,,,,,
10fdb2798bae108fec3bb5c7a9268c00e0c7d8e2227cc99210ad3a427c97e09366702b9fdcfb55a0e36d85ec55051fcfbf69494337b469a119e82afb2bc4ed1a,2025-08-06T03:40:00.000,30,TRAFFIC SIGNAL,FUNCTIONING PROPERLY,CLEAR,DAYLIGHT,TURNING,DIVIDED - W/MEDIAN (NOT RAISED),STRAIGHT AND LEVEL,DRY,NO DEFECTS,NOT ON SCENE (DESK REPORT),NO INJURY / DRIVE AWAY,,"OVER $1,500",2025-08-06T17:00:00.000,IMPROPER TURNING/NO SIGNAL,NOT APPLICABLE,4700,S,HALSTED ST,933,2,NO INDICATION OF INJURY,0,0,0,0,0,2,0,3,4,8,41.8088150393,-87.6456829532,"{'type': 'Point', 'coordinates': [-87.645682953152, 41.808815039296]}",,,,,,,,,,
0046d2b21b1ee40d8ed234a808df57852cddb9a6c6d5252d48514717e2405d4dbc051b958ca1a8e94ea6e40e36e8c50a6e62e6309f2df22c87b689e2d135da43,2025-08-06T02:55:00.000,30,NO CONTROLS,NO CONTROLS,CLEAR,DARKNESS,PARKED MOTOR VEHICLE,NOT DIVIDED,STRAIGHT AND LEVEL,DRY,NO DEFECTS,ON SCENE,NO INJURY / DRIVE AWAY,,"$501 - $1,500",2025-08-06T03:09:00.000,UNABLE TO DETERMINE,NOT APPLICABLE,3858,W,82ND ST,834,2,NO INDICATION OF INJURY,0,0,0,0,0,1,0,2,4,8,41.7441633014,-87.7191751347,"{'type': 'Point', 'coordinates': [-87.719175134706, 41.744163301369]}",,,Y,,,,,,,
fbeb84557577e72980aa04cd6205f1c2ee3f78b0d87170ae2ab32ba09a8aed1b63481c30e82c29a2231d8dee6b97566209b05c70b2049781b5bcbdfd5a0b50ca,2025-08-06T02:50:00.000,30,TRAFFIC SIGNAL,FUNCTIONING PROPERLY,CLEAR,"DARKNESS, LIGHTED ROAD",ANGLE,FOUR WAY,STRAIGHT AND LEVEL,DRY,NO DEFECTS,ON SCENE,INJURY AND / OR TOW DUE TO CRASH,Y,"$501 - $1,500",2025-08-06T02:52:00.000,CELL PHONE USE OTHER THAN TEXTING,DISREGARDING TRAFFIC SIGNALS,4001,N,AUSTIN AVE,1624,2,NO INDICATION OF INJURY,0,0,0,0,0,3,0,2,4,8,41.9531503424,-87.7766313078,"{'type': 'Point', 'coordinates': [-87.776631307798, 41.953150342378]}",,,,N,,,,,,
8d9af7bdef9db948b564cbcb6714977c41adabd615c2a40de8b9bdb3ead287a25d86b5007074bbeff097612072be9538324956f791d3d29691554cc40aa031c9,2025-08-06T02:31:00.000,30,STOP SIGN/FLASHER,NO CONTROLS,CLEAR,"DARKNESS, LIGHTED ROAD",ANGLE,NOT DIVIDED,STRAIGHT AND LEVEL,DRY,NO DEFECTS,ON SCENE,INJURY AND / OR TOW DUE TO CRASH,Y,"OVER $1,500",2025-08-06T02:31:00.000,DISREGARDING STOP SIGN,"OPERATING VEHICLE IN ERRATIC, RECKLESS, CARELESS, NEGLIGENT OR AGGRESSIVE MANNER",4900,S,DREXEL BLVD,223,2,NONINCAPACITATING INJURY,7,0,0,4,3,0,0,2,4,8,41.805826564,-87.6044403416,"{'type': 'Point', 'coordinates': [-87.604440341609, 41.805826563974]}",,,Y,,,,,,,
d0fbf40e8535887e4fd75430f2bf27111a46e6de4c6d4094e15f7c09eecde8c2ae16144be54b2bf59d217a3d0bbb70fa6d3e8ad847938d1f5d53d9ed306a048c,2025-08-06T02:03:00.000,30,NO CONTROLS,NO CONTROLS,CLEAR,"DARKNESS, LIGHTED ROAD",PARKED MOTOR VEHICLE,ONE-WAY,STRAIGHT AND LEVEL,DRY,NO DEFECTS,ON SCENE,INJURY AND / OR TOW DUE TO CRASH,,"OVER $1,500",2025-08-06T02:04:00.000,PHYSICAL CONDITION OF DRIVER,NOT APPLICABLE,1441,W,68TH ST,725,3,NO INDICATION OF INJURY,0,0,0,0,0,1,0,2,4,8,41.7703093907,-87.6607218049,"{'type': 'Point', 'coordinates': [-87.660721804862, 41.770309390727]}",,,,,,,,,,
2a913981c6f9f70dc1568a5b65c431b811410de5d3e17e8cd641241f19ff5d77dc55302121eabb6823ddd40c885a3635b8c2e7d45fc4294273738c124286bce6,2025-08-06T02:00:00.000,30,NO CONTROLS,NO CONTROLS,CLEAR,UNKNOWN,PARKED MOTOR VEHICLE,NOT DIVIDED,STRAIGHT AND LEVEL,DRY,NO DEFECTS,NOT ON SCENE (DESK REPORT),NO INJURY / DRIVE AWAY,,"OVER $1,500",2025-08-08T15:50:00.000,UNABLE TO DETERMINE,UNABLE TO DETERMINE,2644,W,POTOMAC AVE,1423,2,NO INDICATION OF INJURY,0,0,0,0,0,1,0,2,4,8,41.904890231,-87.6938061793,"{'type': 'Point', 'coordinates': [-87.693806179337, 41.904890230951]}",,,Y,,,,,,,
99c37d33811145aac6101a66681606f19c24fb7b97116f6753f854f5e26a02d1ad96946526a7f1e7a8256fb6766b048dd1c496b2480f7c04f0dc3c418dd3d050,2025-08-06T02:00:00.000,25,NO CONTROLS,NO CONTROLS,CLEAR,"DARKNESS, LIGHTED ROAD",ANGLE,OTHER,STRAIGHT AND LEVEL,DRY,UNKNOWN,NOT ON SCENE (DESK REPORT),INJURY AND / OR TOW DUE TO CRASH,,"OVER $1,500",2025-08-06T15:30:00.000,UNABLE TO DETERMINE,UNABLE TO DETERMINE,3100,S,LAKE SHORE DR SB,211,2,NO INDICATION OF INJURY,0,0,0,0,0,2,0,2,4,8,41.8383932992,-87.6087495204,"{'type': 'Point', 'coordinates': [-87.608749520406, 41.838393299151]}",,,Y,,,,,,,
f72ce4e7980c77ff2cb9e81c32cdbb3791bae13e57f649bc30d15545791135cfa6c052c797342b9a3d6e6fe50b38e36bf588d0e04ca5a693c145ec9d6e1cf3f9,2025-08-06T02:00:00.000,30,NO CONTROLS,NO CONTROLS,CLEAR,DARKNESS,PARKED MOTOR VEHICLE,NOT DIVIDED,STRAIGHT AND LEVEL,DRY,NO DEFECTS,NOT ON SCENE (DESK REPORT),NO INJURY / DRIVE AWAY,,"OVER $1,500",2025-08-06T06:35:00.000,UNABLE TO DETERMINE,NOT APPLICABLE,4829,S,DAMEN AVE,931,2,NO INDICATION OF INJURY,0,0,0,0,0,1,0,2,4,8,41.8058085272,-87.6744731203,"{'type': 'Point', 'coordinates': [-87.674473120259, 41.805808527165]}",,,,,,,,,,
fa6c81f8ea20e782137a289ca10d1c96e6d8296afe38c14708023d149748fc98b59d15562236adab75cf888a9c5debdda4fe6c7398d604717a50dc208ae98d52,2025-08-06T02:00:00.000,30,TRAFFIC SIGNAL,FUNCTIONING PROPERLY,CLEAR,DAYLIGHT,TURNING,NOT DIVIDED,STRAIGHT AND LEVEL,DRY,NO DEFECTS,ON SCENE,INJURY AND / OR TOW DUE TO CRASH,Y,"OVER $1,500",2025-08-06T02:00:00.000,FAILING TO YIELD RIGHT-OF-WAY,UNABLE TO DETERMINE,1334,W,DIVISION ST,1433,2,NO INDICATION OF INJURY,0,0,0,0,0,2,0,2,4,8,41.9035352442,-87.6619319996,"{'type': 'Point', 'coordinates': [-87.661931999634, 41.903535244224]}",,,,,,,,,,
56baaa4d2931298cccf0a08d8da180482d2e837186817b48e463a3ded1ffd7e0977e30964b52aac0233271aaabfa1d09215465551e4fb1fe17c6554249a02fc3,2025-08-06T01:20:00.000,30,NO CONTROLS,NO CONTROLS,CLEAR,DAYLIGHT,PARKED MOTOR VEHICLE,DIVIDED - W/MEDIAN BARRIER,STRAIGHT AND LEVEL,DRY,NO DEFECTS,ON SCENE,NO INJURY / DRIVE AWAY,,"OVER $1,500",2025-08-06T01:25:00.000,UNABLE TO DETERMINE,NOT APPLICABLE,943,N,ASHLAND AVE,1213,2,NO INDICATION OF INJURY,0,0,0,0,0,4,0,1,4,8,41.8991967968,-87.6672313063,"{'type': 'Point', 'coordinates': [-87.667231306325, 41.899196796782]}",,,,,,,,,,
fb51b67bbe7ee680b8ab0c871a998170e7005cb5f1e81617fcf03b5e11fecffd7a753846728ebb92d29741a66d8bc12bcfa4c52ed20fa6249a48340bbd039d9a,2025-08-06T00:33:00.000,25,UNKNOWN,UNKNOWN,CLEAR,"DARKNESS, LIGHTED ROAD",ANGLE,FOUR WAY,STRAIGHT AND LEVEL,DRY,NO DEFECTS,ON SCENE,INJURY AND / OR TOW DUE TO CRASH,Y,"$501 - $1,500",2025-08-06T00:38:00.000,UNABLE TO DETERMINE,UNABLE TO DETERMINE,7600,S,STATE ST,623,2,NONINCAPACITATING INJURY,1,0,0,1,0,1,0,0,4,8,41.7564004067,-87.6248696859,"{'type': 'Point', 'coordinates': [-87.624869685896, 41.756400406673]}",,,Y,,,,,,,
4ad998c3b3d6b8fc4a56cd79c73c344058ed487c790aad559997adab6914a8759de747aa71ec612a8317e91219e77c44d024f8edffbe73dcd79e5fd56fca172e,2025-08-06T00:30:00.000,15,TRAFFIC SIGNAL,UNKNOWN,UNKNOWN,UNKNOWN,PARKED MOTOR VEHICLE,ONE-WAY,STRAIGHT AND LEVEL,UNKNOWN,UNKNOWN,ON SCENE,NO INJURY / DRIVE AWAY,,"OVER $1,500",2025-08-06T00:40:00.000,UNABLE TO DETERMINE,NOT APPLICABLE,1962,E,71ST PL,333,2,NO INDICATION OF INJURY,0,0,0,0,0,1,0,0,4,8,41.7653962382,-87.5769793435,"{'type': 'Point', 'coordinates': [-87.576979343479, 41.765396238193]}",,,Y,,,,,,,
272582db9b795ea04dfefcdd2c28f23ad9cc98b6ead130e6a2e48b054418e66d81f47f7cd95c6f37dc9c746669d8a15136bb53ec398995b5c28e38b78b1e5ddd,2025-08-06T00:28:00.000,15,NO CONTROLS,NO CONTROLS,CLEAR,"DARKNESS, LIGHTED ROAD",FIXED OBJECT,PARKING LOT,STRAIGHT AND LEVEL,DRY,NO DEFECTS,ON SCENE,INJURY AND / OR TOW DUE TO CRASH,,"OVER $1,500",2025-08-07T00:45:00.000,DISTRACTION - FROM INSIDE VEHICLE,NOT APPLICABLE,425,W,OHARE ST,1654,1,NO INDICATION OF INJURY,0,0,0,0,0,1,0,0,4,8,,,,,,,,,,,,,
0e95250f000654bdcb64d3252648f3e16e9e78df0b9c43decd0d28d1bf762ff4c8d109576417053bf63783d272d0ab706ae4b5d75436a0183041f38fae3e2758,2025-08-06T00:10:00.000,30,NO CONTROLS,NO CONTROLS,CLEAR,"DARKNESS, LIGHTED ROAD",ANGLE,FOUR WAY,STRAIGHT AND LEVEL,DRY,NO DEFECTS,ON SCENE,INJURY AND / OR TOW DUE TO CRASH,Y,"OVER $1,500",2025-08-06T00:13:00.000,DRIVING ON WRONG SIDE/WRONG WAY,NOT APPLICABLE,3200,W,54TH ST,822,2,NONINCAPACITATING INJURY,3,0,0,3,0,0,0,0,4,8,41.7954492429,-87.7036759631,"{'type': 'Point', 'coordinates': [-87.703675963138, 41.795449242883]}",,,,,,,,,,
110655e95d85b4c8a9a1d2ee1be4adada95035e62bb702df9592c6e71fa943a9cf374a311caf4d44c3c7e00263c56df69c73d905069333a8fcca27d4a07d9d70,2025-08-06T00:01:00.000,25,NO CONTROLS,NO CONTROLS,UNKNOWN,UNKNOWN,PARKED MOTOR VEHICLE,ONE-WAY,STRAIGHT AND LEVEL,UNKNOWN,NO DEFECTS,ON SCENE,NO INJURY / DRIVE AWAY,,$500 OR LESS,2025-08-06T10:52:00.000,IMPROPER BACKING,DRIVING SKILLS/KNOWLEDGE/EXPERIENCE,9238,S,MANISTEE AVE,423,2,NO INDICATION OF INJURY,0,0,0,0,0,1,0,0,4,8,41.7270210584,-87.5568567435,"{'type': 'Point', 'coordinates': [-87.55685674353, 41.727021058402]}",,,Y,,Y,,,,,
73567e71077390f2216e4195adbe90afa38fde9d14deb18a0d6f1aac73b671b4f2033e2b4199fe0eacbf5f9de5cacb97b6b25d692f3a5801f70681d1cd228412,2025-08-06T00:01:00.000,40,TRAFFIC SIGNAL,FUNCTIONING PROPERLY,CLEAR,"DARKNESS, LIGHTED ROAD",FIXED OBJECT,DIVIDED - W/MEDIAN BARRIER,STRAIGHT AND LEVEL,DRY,NO DEFECTS,ON SCENE,INJURY AND / OR TOW DUE TO CRASH,Y,"OVER $1,500",2025-08-06T00:02:00.000,FAILING TO REDUCE SPEED TO AVOID CRASH,IMPROPER LANE USAGE,801,N,LAKE SHORE DR NB,1833,1,"REPORTED, NOT EVIDENT",1,0,0,0,1,0,0,0,4,8,41.8969163422,-87.6165652327,"{'type': 'Point', 'coordinates': [-87.616565232657, 41.896916342227]}",,,,,,,,,,
61c6367fc608067af65508ab4db7c42fd3b2b83623138ac1d329370d5e9b3ee6732de252563c9a5a1eecb40030ba80ea42dbb43399ad1ee7ea970ca02fe56ee3,2025-08-05T23:59:00.000,20,TRAFFIC SIGNAL,FUNCTIONING PROPERLY,CLEAR,"DARKNESS, LIGHTED ROAD",OTHER OBJECT,FOUR WAY,STRAIGHT AND LEVEL,DRY,NO DEFECTS,ON SCENE,INJURY AND / OR TOW DUE TO CRASH,,"OVER $1,500",2025-08-05T23:59:00.000,DRIVING SKILLS/KNOWLEDGE/EXPERIENCE,NOT APPLICABLE,2601,N,CANNON DR,1935,1,NONINCAPACITATING INJURY,1,0,0,1,0,0,0,23,3,8,41.9297823092,-87.6359807157,"{'type': 'Point', 'coordinates': [-87.635980715691, 41.929782309177]}",,,,,,,,,,
01f51184c7e9a8515fe1e390986145c600f3df7ce42c321516792f2bd3da13554e9989df8708723f8cc7df45e13cecf4693d834a51dde9ba82525e39894ad9ad,2025-08-05T23:50:00.000,30,TRAFFIC SIGNAL,FUNCTIONING PROPERLY,CLEAR,"DARKNESS, LIGHTED ROAD",REAR END,NOT DIVIDED,STRAIGHT AND LEVEL,DRY,NO DEFECTS,ON SCENE,INJURY AND / OR TOW DUE TO CRASH,,"OVER $1,500",2025-08-06T00:01:00.000,FAILING TO REDUCE SPEED TO AVOID CRASH,DISTRACTION - FROM INSIDE VEHICLE,2798,W,47TH ST,922,2,"REPORTED, NOT EVIDENT",1,0,0,0,1,9,0,23,3,8,41.8083915538,-87.6941469972,"{'type': 'Point', 'coordinates': [-87.694146997179, 41.808391553791]}",,,,,,,,,,
51d568d7fd7708575e3af34593ecd92f47a88be76d348aa88e43e03ff3df3cee1ad4c4cb8aef0c16dbb364a6bf597d2276dfa40737d9833727369896d9146a95,2025-08-05T23:20:00.000,30,NO CONTROLS,NO CONTROLS,CLEAR,"DARKNESS, LIGHTED ROAD",PARKED MOTOR VEHICLE,DIVIDED - W/MEDIAN (NOT RAISED),STRAIGHT AND LEVEL,DRY,NO DEFECTS,ON SCENE,INJURY AND / OR TOW DUE TO CRASH,,"OVER $1,500",2025-08-05T23:30:00.000,HAD BEEN DRINKING (USE WHEN ARREST IS NOT MADE),FAILING TO REDUCE SPEED TO AVOID CRASH,3750,S,COTTAGE GROVE AVE,212,2,"REPORTED, NOT EVIDENT",1,0,0,0,1,0,0,23,3,8,41.8263705668,-87.6082867641,"{'type': 'Point', 'coordinates': [-87.608286764121, 41.826370566755]}",,,,,,,,,,
0d9ec2f73cb7ac5b087d7171228f0c77b20b4dc1391aa164cc7468dfc79087f454e0f9a296a89db2ac085c4429d78691a106a141b06b50a966769ecb25571f7d,2025-08-05T23:13:00.000,30,TRAFFIC SIGNAL,FUNCTIONING PROPERLY,CLEAR,"DARKNESS, LIGHTED ROAD",PARKED MOTOR VEHICLE,NOT DIVIDED,STRAIGHT AND LEVEL,DRY,NO DEFECTS,ON SCENE,INJURY AND / OR TOW DUE TO CRASH,,"OVER $1,500",2025-08-05T23:15:00.000,UNABLE TO DETERMINE,NOT APPLICABLE,1661,N,WESTERN AVE,1434,3,NONINCAPACITATING INJURY,1,0,0,1,0,1,0,23,3,8,41.9119912994,-87.6871181193,"{'type': 'Point', 'coordinates': [-87.687118119265, 41.911991299419]}",,,Y,,,,,,,
343ef442b392f29a72dd40105c85b4841f55bad2e567a9af8b87341f6cf0ff4281a186c3e2c048c74601f2d6720962cd4e0b8309c0352802d347f133965fdfdc,2025-08-05T23:00:00.000,30,NO CONTROLS,NO CONTROLS,CLEAR,DARKNESS,PARKED MOTOR VEHICLE,NOT DIVIDED,STRAIGHT AND LEVEL,DRY,NO DEFECTS,NOT ON SCENE (DESK REPORT),NO INJURY / DRIVE AWAY,,"OVER $1,500",2025-08-06T11:35:00.000,IMPROPER TURNING/NO SIGNAL,NOT APPLICABLE,8644,S,EXCHANGE AVE,423,2,NO INDICATION OF INJURY,0,0,0,0,0,1,0,23,3,8,41.7378489011,-87.5528106732,"{'type': 'Point', 'coordinates': [-87.552810673174, 41.737848901073]}",Y,,,,,,,,,
0e8ce8164d50012e69d65941fd2329ae267e3474f64bf4fb6360c9860c14a0a280647b3411717bc9a268958373d5e5ebf215b53b8facd29e7cd1ba5d81c8be54,2025-08-05T22:54:00.000,30,TRAFFIC SIGNAL,FUNCTIONING PROPERLY,CLEAR,"DARKNESS, LIGHTED ROAD",TURNING,FOUR WAY,STRAIGHT AND LEVEL,DRY,NO DEFECTS,ON SCENE,NO INJURY / DRIVE AWAY,Y,"OVER $1,500",2025-08-05T22:54:00.000,UNABLE TO DETERMINE,NOT APPLICABLE,3420,N,CALIFORNIA AVE,1733,2,NO INDICATION OF INJURY,0,0,0,0,0,2,0,22,3,8,41.9434387028,-87.6980853256,"{'type': 'Point', 'coordinates': [-87.698085325615, 41.943438702755]}",,,,,,,,,,
5270053839ecf869c047169c781be861b310d105768bfad6ee11ca8e52bf0007fb629c637755931b03ad1b616852e0ce9e2cc89d46b4e306b61f8ed0dfcec908,2025-08-05T22:42:00.000,30,TRAFFIC SIGNAL,FUNCTIONING PROPERLY,CLEAR,"DARKNESS, LIGHTED ROAD",REAR END,NOT DIVIDED,STRAIGHT AND LEVEL,DRY,NO DEFECTS,ON SCENE,INJURY AND / OR TOW DUE TO CRASH,,"OVER $1,500",2025-08-05T22:45:00.000,DISREGARDING TRAFFIC SIGNALS,DRIVING SKILLS/KNOWLEDGE/EXPERIENCE,5804,N,HARLEM AVE,1612,2,NONINCAPACITATING INJURY,1,0,0,1,0,1,0,22,3,8,41.9860990221,-87.8070592949,"{'type': 'Point', 'coordinates': [-87.807059294925, 41.98609902214]}",,,Y,,,,,,,
e358c764ed7be53e8933996bc01c4b4c0650952fdc9308c34d52a394e32e91be3f6b747138ccf9df3c0874f54f52fd25b0759cc37b2de5d9fce8773f0c66f607,2025-08-05T22:39:00.000,30,TRAFFIC SIGNAL,FUNCTIONING PROPERLY,CLEAR,"DARKNESS, LIGHTED ROAD",ANGLE,FOUR WAY,STRAIGHT AND LEVEL,DRY,UNKNOWN,NOT ON SCENE (DESK REPORT),INJURY AND / OR TOW DUE TO CRASH,Y,"OVER $1,500",2025-08-05T23:30:00.000,DISREGARDING TRAFFIC SIGNALS,UNABLE TO DETERMINE,3500,S,ASHLAND AVE,912,2,NONINCAPACITATING INJURY,1,0,0,1,0,6,0,22,3,8,41.8304081329,-87.6657127581,"{'type': 'Point', 'coordinates': [-87.66571275812, 41.830408132944]}",,,Y,,,,,,,
ab20d666f1be2dec38a9978c2d352095a25645d55a84434403f2a5d6f344e71b71ad89ea9bfe772d28543123b9c762970e8d8ab47b1d1011453e7edc25262ca2,2025-08-05T22:20:00.000,20,NO CONTROLS,NO CONTROLS,CLEAR,"DARKNESS, LIGHTED ROAD",HEAD ON,NOT DIVIDED,STRAIGHT AND LEVEL,DRY,NO DEFECTS,ON SCENE,INJURY AND / OR TOW DUE TO CRASH,Y,"OVER $1,500",2025-08-05T22:22:00.000,IMPROPER TURNING/NO SIGNAL,NOT APPLICABLE,7903,S,WASHTENAW AVE,835,3,"REPORTED, NOT EVIDENT",1,0,0,0,1,2,0,22,3,8,41.7497869702,-87.69003014,"{'type': 'Point', 'coordinates': [-87.690030139965, 41.749786970239]}",,,Y,,,,,,,
1aa967129f6171a81079dba2db55b84792ddd3826a14318f30c417f27b67cccf6fb625f7678317960adc8654b2f34a28237c756968256f56407a5ebf08328228,2025-08-05T22:07:00.000,30,TRAFFIC SIGNAL,FUNCTIONING PROPERLY,CLEAR,"DARKNESS, LIGHTED ROAD",PEDALCYCLIST,FOUR WAY,STRAIGHT AND LEVEL,DRY,UNKNOWN,ON SCENE,INJURY AND / OR TOW DUE TO CRASH,Y,"OVER $1,500",2025-08-05T22:15:00.000,PHYSICAL CONDITION OF DRIVER,FAILING TO REDUCE SPEED TO AVOID CRASH,810,N,MICHIGAN AVE,1833,2,NONINCAPACITATING INJURY,1,0,0,1,0,1,0,22,3,8,41.8971305783,-87.6243300313,"{'type': 'Point', 'coordinates': [-87.624330031264, 41.8971305783]}",,,,,,,,,,
971630dc1676477680647542228bf436107837943aa45b0d7397cc5e63a87ece75d5dcef50d494a986b11588db9f520fc53ee7acdabfcfb1b6727465879c39b8,2025-08-05T22:07:00.000,10,NO CONTROLS,NO CONTROLS,UNKNOWN,"DARKNESS, LIGHTED ROAD",PARKED MOTOR VEHICLE,NOT DIVIDED,STRAIGHT AND LEVEL,UNKNOWN,UNKNOWN,NOT ON SCENE (DESK REPORT),NO INJURY / DRIVE AWAY,,"OVER $1,500",2025-08-06T00:30:00.000,NOT APPLICABLE,NOT APPLICABLE,9801,S,AVENUE G DR,432,2,NO INDICATION OF INJURY,0,0,0,0,0,1,0,22,3,8,41.7177200445,-87.5315081152,"{'type': 'Point', 'coordinates': [-87.531508115233, 41.717720044469]}",,,Y,,,,,,,
1a311d692a899a164ba49776c23651f2ead844dccd36bbdb4a412a2e73351d3371ba63b94a63e9b3c4ed590065ee59acf051b6c3c725a490658bf3cb9a12e62b,2025-08-05T22:05:00.000,35,TRAFFIC SIGNAL,FUNCTIONING PROPERLY,CLEAR,"DARKNESS, LIGHTED ROAD",REAR END,FOUR WAY,STRAIGHT AND LEVEL,DRY,NO DEFECTS,NOT ON SCENE (DESK REPORT),NO INJURY / DRIVE AWAY,Y,"OVER $1,500",2025-08-05T23:30:00.000,UNABLE TO DETERMINE,NOT APPLICABLE,564,E,RANDOLPH ST,114,2,NO INDICATION OF INJURY,0,0,0,0,0,3,0,22,3,8,41.8842101785,-87.6117369989,"{'type': 'Point', 'coordinates': [-87.61173699887, 41.884210178506]}",,,,,,,,,,
7d5b636380a46d7ab6000a525394a0517637d988f79573d07ca1481bdbb3f204147e8e1b3ddc5650589f22efde0ecd83d562bda4eaaf1a1bbfcf20136930d996,2025-08-05T22:05:00.000,30,TRAFFIC SIGNAL,UNKNOWN,CLEAR,"DARKNESS, LIGHTED ROAD",SIDESWIPE SAME DIRECTION,NOT DIVIDED,STRAIGHT AND LEVEL,DRY,NO DEFECTS,ON SCENE,NO INJURY / DRIVE AWAY,Y,"$501 - $1,500",2025-08-05T22:58:00.000,IMPROPER OVERTAKING/PASSING,IMPROPER LANE USAGE,1000,W,HOLLYWOOD AVE,2022,2,NO INDICATION OF INJURY,0,0,0,0,0,2,0,22,3,8,41.9856497986,-87.6553358066,"{'type': 'Point', 'coordinates': [-87.655335806551, 41.985649798593]}",,,Y,,,,,,,