crash_record_id,crash_date,posted_speed_limit,traffic_control_device,device_condition,weather_condition,lighting_condition,first_crash_type,trafficway_type,alignment,roadway_surface_cond,road_defect,report_type,crash_type,intersection_related_i,damage,date_police_notified,prim_contributory_cause,sec_contributory_cause,street_no,street_direction,street_name,beat_of_occurrence,num_units,most_severe_injury,injuries_total,injuries_fatal,injuries_incapacitating,injuries_non_incapacitating,injuries_reported_not_evident,injuries_no_indication,injuries_unknown,crash_hour,crash_day_of_week,crash_month,latitude,longitude,location,private_property_i,photos_taken_i,hit_and_run_i,statements_taken_i,crash_date_est_i,work_zone_i,work_zone_type,dooring_i,lane_cnt,workers_present_i
42399fe814e6a5d67a782b3ca78e70572c14bd8366fd8ae91347919048beb98a6622e79d9c4a847674ba926fed30f4b774b3640662891225d0313c2a7b9be5b9,2025-08-05T22:00:00.000,30,UNKNOWN,UNKNOWN,UNKNOWN,UNKNOWN,TURNING,UNKNOWN INTERSECTION TYPE,STRAIGHT AND LEVEL,UNKNOWN,UNKNOWN,NOT ON SCENE (DESK REPORT),NO INJURY / DRIVE AWAY,,"OVER $1,500",2025-08-07T12:45:00.000,UNABLE TO DETERMINE,UNABLE TO DETERMINE,3500,S,DR MARTIN LUTHER KING JR DR,212,2,NO INDICATION OF INJURY,0,0,0,0,0,2,0,22,3,8,41.8310865742,-87.6174605419,"{'type': 'Point', 'coordinates': [-87.617460541867, 41.831086574167]}",,,Y,,,,,,,
2efd37e1742baece6c6db937eded3cf3d7e16a327b4f3ad110b2adc8d95d73877026a6149a5221e094d7d87140862c9b1786607b02301ef43a8e79bb24d27de6,2025-08-05T21:45:00.000,20,NO CONTROLS,NO CONTROLS,CLEAR,"DARKNESS, LIGHTED ROAD",REAR TO FRONT,DIVIDED - W/MEDIAN (NOT RAISED),STRAIGHT AND LEVEL,UNKNOWN,UNKNOWN,NOT ON SCENE (DESK REPORT),NO INJURY / DRIVE AWAY,,"$501 - $1,500",2025-08-05T23:00:00.000,UNABLE TO DETERMINE,NOT APPLICABLE,5056,W,FULTON ST,1532,2,NO INDICATION OF INJURY,0,0,0,0,0,3,0,21,3,8,41.8857869553,-87.7524202786,"{'type': 'Point', 'coordinates': [-87.752420278607, 41.885786955304]}",,,Y,,,,,,,
daf36267aa21eaf246424bda35bc91d6f8fc044227c21c390fe983db35649561a98beb0f6c894ffae28323a5be573893c88ea139d668aec3ad92d46ed8e24e19,2025-08-05T21:40:00.000,30,NO CONTROLS,NO CONTROLS,CLEAR,"DARKNESS, LIGHTED ROAD",REAR END,DIVIDED - W/MEDIAN (NOT RAISED),STRAIGHT AND LEVEL,DRY,NO DEFECTS,NOT ON SCENE (DESK REPORT),NO INJURY / DRIVE AWAY,,"OVER $1,500",2025-08-05T22:00:00.000,UNABLE TO DETERMINE,NOT APPLICABLE,6445,N,WESTERN AVE,2412,2,NO INDICATION OF INJURY,0,0,0,0,0,3,0,21,3,8,41.9990607052,-87.6897704848,"{'type': 'Point', 'coordinates': [-87.689770484794, 41.99906070517]}",,,,,,,,,,
75b3c030fe909b8af2c6e9cdb4880fb2e4ae055f0d47ebc5f17624613c2dba6959a07cad5ef2d4f15e77de283c85cc513e68273af5124667e887fdcdf2c1149b,2025-08-05T21:36:00.000,30,NO CONTROLS,NO CONTROLS,CLEAR,DARKNESS,PARKED MOTOR VEHICLE,ONE-WAY,STRAIGHT AND LEVEL,DRY,NO DEFECTS,NOT ON SCENE (DESK REPORT),NO INJURY / DRIVE AWAY,,"OVER $1,500",2025-08-06T08:25:00.000,IMPROPER BACKING,NOT APPLICABLE,8234,S,COLFAX AVE,423,2,NO INDICATION OF INJURY,0,0,0,0,0,1,0,21,3,8,41.7452922436,-87.5614194395,"{'type': 'Point', 'coordinates': [-87.561419439545, 41.745292243554]}",Y,,,,,,,,,
7c663007c1c48f7389f13f249e0f5c378f8b43485f3ab9a7bec659a3aaec45c3ebe7bc3f28806d8e2860ec199ca00ecb3e8d9093a6ed6c5f359ca5e222e11ac2,2025-08-05T21:30:00.000,30,NO CONTROLS,NO CONTROLS,CLEAR,"DARKNESS, LIGHTED ROAD",FIXED OBJECT,OTHER,STRAIGHT AND LEVEL,DRY,WORN SURFACE,ON SCENE,INJURY AND / OR TOW DUE TO CRASH,,"OVER $1,500",2025-08-05T21:35:00.000,UNABLE TO DETERMINE,UNABLE TO DETERMINE,8635,S,RACINE AVE,613,1,NONINCAPACITATING INJURY,1,0,0,1,0,0,0,21,3,8,41.7367061346,-87.6532163554,"{'type': 'Point', 'coordinates': [-87.653216355374, 41.736706134574]}",,,,,,,,,,
d2056503cb3e89f0cf1a78162723df98bf92ccf4a80d022965595b3147436d6cbf4ef39c12f9528557d0ef44f5231f44345e2543498ba3271f2339d253e4fd03,2025-08-05T21:30:00.000,30,UNKNOWN,UNKNOWN,UNKNOWN,UNKNOWN,PARKED MOTOR VEHICLE,UNKNOWN,STRAIGHT AND LEVEL,UNKNOWN,UNKNOWN,NOT ON SCENE (DESK REPORT),NO INJURY / DRIVE AWAY,,"OVER $1,500",2025-08-07T18:30:00.000,UNABLE TO DETERMINE,UNABLE TO DETERMINE,3737,N,CLARK ST,1923,2,NO INDICATION OF INJURY,0,0,0,0,0,1,0,21,3,8,41.9499395668,-87.6585476149,"{'type': 'Point', 'coordinates': [-87.658547614904, 41.949939566817]}",,,Y,,,,,,,
cfb6d678db480c7c41171519094886ea80ed27f002c193a238c36df4eb392bb9939ffd6df0c75712cb7401449bc3f2c847783fb971ef9b942e3c35dadbe43614,2025-08-05T21:27:00.000,30,NO CONTROLS,NO CONTROLS,CLEAR,"DARKNESS, LIGHTED ROAD",PARKED MOTOR VEHICLE,ONE-WAY,STRAIGHT AND LEVEL,DRY,NO DEFECTS,NOT ON SCENE (DESK REPORT),NO INJURY / DRIVE AWAY,,"$501 - $1,500",2025-08-06T12:55:00.000,UNABLE TO DETERMINE,UNABLE TO DETERMINE,7608,S,PEORIA ST,621,2,NO INDICATION OF INJURY,0,0,0,0,0,1,0,21,3,8,41.7557483551,-87.6467459703,"{'type': 'Point', 'coordinates': [-87.64674597034, 41.755748355107]}",,,Y,,,,,,,
70af5c5f8eaea71ff503a361811ac563eea43fb411d90d2a8bfdc3fb803eaac90ddc215255b35b5f6239f87f7bb38d21dd3faed012265e5eab69461579c86a56,2025-08-05T21:20:00.000,30,NO CONTROLS,NO CONTROLS,CLEAR,"DARKNESS, LIGHTED ROAD",REAR END,DIVIDED - W/MEDIAN (NOT RAISED),STRAIGHT AND LEVEL,DRY,NO DEFECTS,,INJURY AND / OR TOW DUE TO CRASH,,"OVER $1,500",2025-08-05T21:20:00.000,FOLLOWING TOO CLOSELY,NOT APPLICABLE,6238,S,LAKE SHORE DR,331,3,NO INDICATION OF INJURY,0,0,0,0,0,3,0,21,3,8,41.7810787261,-87.5749559597,"{'type': 'Point', 'coordinates': [-87.574955959666, 41.781078726077]}",,,Y,,,,,,,
a0cded5c6db102dfad89935366ed27f163b2d80426280d30a17f409316ef9c11a21e1d3e80564f52102f93c7c12205183964df9468c6bbcba7c2e4bf872467c4,2025-08-05T21:15:00.000,30,NO CONTROLS,NO CONTROLS,CLEAR,DARKNESS,TURNING,FOUR WAY,STRAIGHT AND LEVEL,DRY,NO DEFECTS,ON SCENE,INJURY AND / OR TOW DUE TO CRASH,Y,"OVER $1,500",2025-08-05T21:24:00.000,IMPROPER LANE USAGE,IMPROPER OVERTAKING/PASSING,1002,W,115TH ST,2234,3,NO INDICATION OF INJURY,0,0,0,0,0,2,0,21,3,8,41.6851251193,-87.6471698346,"{'type': 'Point', 'coordinates': [-87.647169834582, 41.685125119315]}",,Y,,Y,,,,,,
53492fbb176bc354cd4e0dec3371a727bc9019310d8dd5bca48f2741ac4bebee0e640926c10170044cea793c2916cb36770bfe2841974a249d7da981acb37931,2025-08-05T21:02:00.000,30,TRAFFIC SIGNAL,FUNCTIONING PROPERLY,CLEAR,"DARKNESS, LIGHTED ROAD",TURNING,NOT DIVIDED,STRAIGHT AND LEVEL,DRY,NO DEFECTS,NOT ON SCENE (DESK REPORT),NO INJURY / DRIVE AWAY,Y,"OVER $1,500",2025-08-05T21:32:00.000,IMPROPER TURNING/NO SIGNAL,FAILING TO REDUCE SPEED TO AVOID CRASH,3201,W,LAWRENCE AVE,1713,2,NO INDICATION OF INJURY,0,0,0,0,0,2,0,21,3,8,41.9683411012,-87.7085288823,"{'type': 'Point', 'coordinates': [-87.708528882333, 41.96834110122]}",,,Y,,,,,,,
3e271c419775e56d051ccfacdd6e63c937ab2ba229f9ad203f84b420205529e0c9fb962bef72462bbab2bc2b419f2f9f2777deab397dd4fa1f540d96a0872121,2025-08-05T21:00:00.000,30,TRAFFIC SIGNAL,FUNCTIONING PROPERLY,CLEAR,"DARKNESS, LIGHTED ROAD",TURNING,NOT DIVIDED,STRAIGHT AND LEVEL,DRY,NO DEFECTS,ON SCENE,NO INJURY / DRIVE AWAY,,"OVER $1,500",2025-08-05T21:30:00.000,NOT APPLICABLE,NOT APPLICABLE,5754,N,BROADWAY,2013,2,NO INDICATION OF INJURY,0,0,0,0,0,3,0,21,3,8,41.9868877056,-87.6603151811,"{'type': 'Point', 'coordinates': [-87.660315181073, 41.986887705606]}",,,,,,,,,,
59465a083d6118d7886cd69c39e3d8d46b13710966c6ba4956b8a80d77b5eda06c6c2fd9ae525e0274340c82cd136cdff7b95d81458c2952184a00a7f8445898,2025-08-05T21:00:00.000,25,OTHER,OTHER,CLEAR,DAYLIGHT,PARKED MOTOR VEHICLE,ONE-WAY,STRAIGHT AND LEVEL,DRY,NO DEFECTS,NOT ON SCENE (DESK REPORT),NO INJURY / DRIVE AWAY,,"OVER $1,500",2025-08-05T21:25:00.000,UNABLE TO DETERMINE,NOT APPLICABLE,10000,W,OHARE ST,1651,2,NO INDICATION OF INJURY,0,0,0,0,0,1,0,21,3,8,41.976201139,-87.9053091251,"{'type': 'Point', 'coordinates': [-87.905309125103, 41.976201139024]}",,,,,,,,,,
858223b71b3266e801146980ff6f01fc90c40c995c8a7bda14cf2211da1d9cbc78739c4613ad6cd00e07769b48461615b178219b4dd35d4830264011706a0ffe,2025-08-05T21:00:00.000,30,NO CONTROLS,NO CONTROLS,CLEAR,"DARKNESS, LIGHTED ROAD",PARKED MOTOR VEHICLE,DIVIDED - W/MEDIAN (NOT RAISED),STRAIGHT AND LEVEL,UNKNOWN,UNKNOWN,NOT ON SCENE (DESK REPORT),NO INJURY / DRIVE AWAY,,"OVER $1,500",2025-08-06T18:05:00.000,IMPROPER BACKING,FAILING TO REDUCE SPEED TO AVOID CRASH,1349,W,WEBSTER AVE,1811,2,NO INDICATION OF INJURY,0,0,0,0,0,1,0,21,3,8,41.9215145986,-87.6627148076,"{'type': 'Point', 'coordinates': [-87.662714807587, 41.921514598643]}",,,,,,,,,,
94c1753c9e245d0e40e839d440c5fed4d4d28a52e58712bf3e1af05d7e7dd03e0c3a4a0e3b38a1d3dcac80deb15cb53d7604a0dd1122ceaba1caf1c6df58fad0,2025-08-05T20:54:00.000,30,TRAFFIC SIGNAL,FUNCTIONING PROPERLY,CLEAR,"DARKNESS, LIGHTED ROAD",TURNING,FOUR WAY,STRAIGHT AND LEVEL,DRY,NO DEFECTS,ON SCENE,INJURY AND / OR TOW DUE TO CRASH,Y,"OVER $1,500",2025-08-05T20:54:00.000,FAILING TO YIELD RIGHT-OF-WAY,UNABLE TO DETERMINE,1600,N,ELSTON AVE,1433,2,NONINCAPACITATING INJURY,3,0,0,3,0,0,0,20,3,8,41.9107069969,-87.6623272446,"{'type': 'Point', 'coordinates': [-87.662327244597, 41.910706996881]}",,,,,,,,,,
078ddb53b30421acf46ebaeb8ca0dc5a6eeea1c5dc007ee5bdc5f9493ffa1ab11185cc39f251a370fd00650a2461e923d53a4bb87439ba51d9896be70aea54f8,2025-08-05T20:50:00.000,30,NO CONTROLS,NO CONTROLS,CLEAR,DARKNESS,SIDESWIPE SAME DIRECTION,NOT DIVIDED,STRAIGHT AND LEVEL,DRY,NO DEFECTS,NOT ON SCENE (DESK REPORT),NO INJURY / DRIVE AWAY,,"OVER $1,500",2025-08-06T01:15:00.000,UNABLE TO DETERMINE,UNABLE TO DETERMINE,210,W,79TH ST,623,3,NO INDICATION OF INJURY,0,0,0,0,0,2,0,20,3,8,41.7509665513,-87.6299610504,"{'type': 'Point', 'coordinates': [-87.629961050438, 41.750966551303]}",,,Y,,,,,,,
bf1983cfad53c14dbe5f7d8785d6f1ac6f9b57f4a92a9be3c8d00419bc20dc609c6da921125adae63365b5cbaf279acc7c1380e028fd12d95d3e61fb2c6e087c,2025-08-05T20:43:00.000,30,NO CONTROLS,NO CONTROLS,CLEAR,"DARKNESS, LIGHTED ROAD",REAR END,DIVIDED - W/MEDIAN (NOT RAISED),STRAIGHT AND LEVEL,DRY,UNKNOWN,ON SCENE,NO INJURY / DRIVE AWAY,,"OVER $1,500",2025-08-05T20:48:00.000,FAILING TO REDUCE SPEED TO AVOID CRASH,UNABLE TO DETERMINE,3246,W,ADDISON ST,1733,2,NO INDICATION OF INJURY,0,0,0,0,0,2,0,20,3,8,41.9467168984,-87.7096718737,"{'type': 'Point', 'coordinates': [-87.709671873679, 41.946716898377]}",,Y,,Y,,,,,,
55c8ef83bb0599ae84e04e76bbd04f373cf49ecd6332d7315f94a347e112d63cc5e8eeaab92688b5fb46607068f0d96b2bfe7183135ad89876b967f165e88696,2025-08-05T20:30:00.000,10,NO CONTROLS,NO CONTROLS,CLEAR,"DARKNESS, LIGHTED ROAD",PARKED MOTOR VEHICLE,PARKING LOT,STRAIGHT AND LEVEL,DRY,NO DEFECTS,ON SCENE,NO INJURY / DRIVE AWAY,,"OVER $1,500",2025-08-05T21:23:00.000,UNABLE TO DETERMINE,UNABLE TO DETERMINE,113,W,KINZIE ST,1831,2,NO INDICATION OF INJURY,0,0,0,0,0,1,0,20,3,8,41.8890936911,-87.6316573718,"{'type': 'Point', 'coordinates': [-87.63165737183, 41.889093691147]}",Y,,N,,,,,,,
a6f20bc902ce3bf1476105f2b8867ce9188e95730cf5fa1504605b27256f2384f571406855ba4ba0b8fafc0ee3a38367750057e1b0d1f2d5dda254c677bfb8a3,2025-08-05T20:15:00.000,15,NO CONTROLS,NO CONTROLS,UNKNOWN,UNKNOWN,PARKED MOTOR VEHICLE,PARKING LOT,STRAIGHT AND LEVEL,DRY,UNKNOWN,NOT ON SCENE (DESK REPORT),NO INJURY / DRIVE AWAY,,"OVER $1,500",2025-08-08T14:05:00.000,UNABLE TO DETERMINE,UNABLE TO DETERMINE,754,E,GRAND AVE,1834,2,NO INDICATION OF INJURY,0,0,0,0,0,1,0,20,3,8,41.8922694528,-87.608041023,"{'type': 'Point', 'coordinates': [-87.608041023044, 41.89226945281]}",,,,,,,,,,
29c93cd625627134c181ca3fc118ee5af6a7cd54fc3dd585c37485e7f8c63091bb03d45c557f2d4882a23a2cf2b445ae8682d91e3802e362be8c637b04247b6f,2025-08-05T20:10:00.000,20,NO CONTROLS,NO CONTROLS,CLEAR,"DARKNESS, LIGHTED ROAD",PARKED MOTOR VEHICLE,NOT DIVIDED,STRAIGHT AND LEVEL,DRY,UNKNOWN,ON SCENE,NO INJURY / DRIVE AWAY,,"OVER $1,500",2025-08-05T20:18:00.000,IMPROPER BACKING,NOT APPLICABLE,11121,S,CENTRAL PARK AVE,2211,2,NO INDICATION OF INJURY,0,0,0,0,0,1,0,20,3,8,41.6907757815,-87.7104077055,"{'type': 'Point', 'coordinates': [-87.710407705479, 41.690775781488]}",,,,,,,,,,
b746d23018c7efc0ee78e295762c5a5e6b765d2061fda7f550eb38db2e477435fff7b86d845cf250c652f08bcff9ca8069d0a5957e314b4dbad216534ceff6dc,2025-08-05T20:00:00.000,30,NO CONTROLS,NO CONTROLS,CLEAR,DUSK,REAR TO SIDE,NOT DIVIDED,STRAIGHT AND LEVEL,DRY,NO DEFECTS,NOT ON SCENE (DESK REPORT),NO INJURY / DRIVE AWAY,Y,"$501 - $1,500",2025-08-05T21:00:00.000,IMPROPER LANE USAGE,UNABLE TO DETERMINE,7158,S,STONY ISLAND AVE,324,2,NO INDICATION OF INJURY,0,0,0,0,0,2,0,20,3,8,41.7642768682,-87.5864285415,"{'type': 'Point', 'coordinates': [-87.586428541523, 41.764276868225]}",,,,,,,,,,
bca4027c09bb94bec54fb77ba536c7b097b265b2f9f8973c7c42b84b12b105c4f8ef89615eedaddae842118464b33bc721691a2547b080dcc3c3bdac7ff2a59a,2025-08-05T20:00:00.000,20,TRAFFIC SIGNAL,FUNCTIONING PROPERLY,CLEAR,"DARKNESS, LIGHTED ROAD",TURNING,DIVIDED - W/MEDIAN (NOT RAISED),STRAIGHT AND LEVEL,DRY,NO DEFECTS,NOT ON SCENE (DESK REPORT),NO INJURY / DRIVE AWAY,Y,"OVER $1,500",2025-08-06T08:28:00.000,FAILING TO YIELD RIGHT-OF-WAY,FAILING TO YIELD RIGHT-OF-WAY,3100,E,79TH ST,421,2,NO INDICATION OF INJURY,0,0,0,0,0,2,0,20,3,8,41.7520740367,-87.5489688342,"{'type': 'Point', 'coordinates': [-87.548968834208, 41.752074036697]}",,,,,,,,,,
171594d0d3fc44dc278fcb4788ba1b68f9efd5986cbd3e1e3751708213ab24ab34c6278e81277ead29d0b020ea33ea1bbd405f4a084c51756852847dcc07f287,2025-08-05T19:50:00.000,15,NO CONTROLS,NO CONTROLS,CLEAR,DAYLIGHT,ANGLE,PARKING LOT,STRAIGHT AND LEVEL,DRY,NO DEFECTS,NOT ON SCENE (DESK REPORT),NO INJURY / DRIVE AWAY,,"OVER $1,500",2025-08-06T11:00:00.000,FAILING TO YIELD RIGHT-OF-WAY,UNABLE TO DETERMINE,5419,W,ARMSTRONG AVE,1621,2,NO INDICATION OF INJURY,0,0,0,0,0,2,0,19,3,8,41.9843233817,-87.7642673126,"{'type': 'Point', 'coordinates': [-87.764267312648, 41.984323381664]}",Y,,,,,,,,,
aabbcb644002637bd806d3ed850571214f417d8ef537463ad8a7489d1f3536d58ec04e3861824560f6d99b53c9a40b971d78703a285f10698003ceb5bb7da031,2025-08-05T19:41:00.000,30,TRAFFIC SIGNAL,FUNCTIONING PROPERLY,CLEAR,DUSK,REAR END,DIVIDED - W/MEDIAN (NOT RAISED),STRAIGHT AND LEVEL,DRY,NO DEFECTS,ON SCENE,INJURY AND / OR TOW DUE TO CRASH,,"OVER $1,500",2025-08-05T19:42:00.000,FAILING TO REDUCE SPEED TO AVOID CRASH,UNABLE TO DETERMINE,6244,S,CICERO AVE,813,2,NONINCAPACITATING INJURY,1,0,0,1,0,2,0,19,3,8,41.7789145078,-87.7424560465,"{'type': 'Point', 'coordinates': [-87.742456046492, 41.778914507803]}",,,,,Y,,,,,
ecc60ef799254a1323dc089b8d78d6b668da690af65783c142caeb0b02521004b54a0775cc6d4ef177ec3d3cea06db93689b0f969b7359b47cef00dc1f713d94,2025-08-05T19:40:00.000,30,NO CONTROLS,NO CONTROLS,CLEAR,"DARKNESS, LIGHTED ROAD",REAR END,NOT DIVIDED,STRAIGHT AND LEVEL,DRY,NO DEFECTS,ON SCENE,NO INJURY / DRIVE AWAY,,"OVER $1,500",2025-08-05T19:50:00.000,DISTRACTION - FROM OUTSIDE VEHICLE,DISTRACTION - FROM OUTSIDE VEHICLE,3900,N,ELSTON AVE,1732,2,NO INDICATION OF INJURY,0,0,0,0,0,2,0,19,3,8,41.9518626852,-87.7166972674,"{'type': 'Point', 'coordinates': [-87.71669726745, 41.951862685154]}",,,,,,,,,,
8d4e78333ee74c0251e3c161a9fcc979cc7d647db965d02ef685baa0aa63c30d4fb97e25a0aca5fd71c6b8c044e68f51d98479752f3fe3baf001f9e7cd04a738,2025-08-05T19:35:00.000,10,NO CONTROLS,NO CONTROLS,CLEAR,DAYLIGHT,FIXED OBJECT,ALLEY,STRAIGHT AND LEVEL,DRY,NO DEFECTS,ON SCENE,NO INJURY / DRIVE AWAY,,"OVER $1,500",2025-08-05T19:38:00.000,UNABLE TO DETERMINE,NOT APPLICABLE,2416,W,SHERWIN AVE,2411,1,NO INDICATION OF INJURY,0,0,0,0,0,1,0,19,3,8,42.0152085941,-87.6911161892,"{'type': 'Point', 'coordinates': [-87.69111618921, 42.01520859407]}",,,Y,,,,,,,
4a2f3b92a4589dc0bb22a21627f184d31334471ae8e9d0265425420c7e10612ffe7a4032e1d16c449077f6106a9bcbfd51e86adaa3fbb5fa328906f90ebb0a54,2025-08-05T19:20:00.000,30,TRAFFIC SIGNAL,FUNCTIONING PROPERLY,CLEAR,DAYLIGHT,TURNING,FOUR WAY,STRAIGHT AND LEVEL,DRY,NO DEFECTS,ON SCENE,INJURY AND / OR TOW DUE TO CRASH,Y,"OVER $1,500",2025-08-05T19:31:00.000,FAILING TO YIELD RIGHT-OF-WAY,FAILING TO YIELD RIGHT-OF-WAY,8690,S,WESTERN AVE,835,3,NONINCAPACITATING INJURY,3,0,0,3,0,2,0,19,3,8,41.735617968,-87.682663369,"{'type': 'Point', 'coordinates': [-87.682663369002, 41.735617967973]}",,,,,,,,,,
5d0680f4420eeac3ab1ca2a5fa7c5005ee913d9c236447b8cb5e64608d8bd6a580f1b33218def74afe42e74d97a06dc3099b7bc917dea0ac93218921ff8cb7a6,2025-08-05T19:20:00.000,30,NO CONTROLS,NO CONTROLS,CLEAR,DAYLIGHT,PARKED MOTOR VEHICLE,NOT DIVIDED,STRAIGHT AND LEVEL,DRY,UNKNOWN,NOT ON SCENE (DESK REPORT),INJURY AND / OR TOW DUE TO CRASH,,"OVER $1,500",2025-08-05T21:00:00.000,UNABLE TO DETERMINE,UNABLE TO DETERMINE,1153,W,69TH ST,733,2,NO INDICATION OF INJURY,0,0,0,0,0,1,0,19,3,8,41.7685897053,-87.6538962067,"{'type': 'Point', 'coordinates': [-87.653896206734, 41.768589705273]}",,,Y,,,,,,,
da84f900aeb97b3ead08379052ce314c5bd49899a31d05287c1b268ae7c00394d08e5bdbfe24a5303a2b23d35da8d400f7bd9745d70f4d3ae2835ec97fcb966f,2025-08-05T19:14:00.000,25,NO CONTROLS,NO CONTROLS,CLEAR,DUSK,PARKED MOTOR VEHICLE,DIVIDED - W/MEDIAN (NOT RAISED),STRAIGHT AND LEVEL,DRY,NO DEFECTS,NOT ON SCENE (DESK REPORT),NO INJURY / DRIVE AWAY,,"$501 - $1,500",2025-08-05T19:40:00.000,IMPROPER BACKING,UNABLE TO DETERMINE,3737,N,SAWYER AVE,1733,2,NO INDICATION OF INJURY,0,0,0,0,0,1,0,19,3,8,41.9495530502,-87.7089763469,"{'type': 'Point', 'coordinates': [-87.708976346941, 41.949553050179]}",,,Y,,,,,,,
6c6fc2e8cafef2d4b753bf2e39242a5ba4368af55c748952dc10bed787e1a6aa550126bc9e5d1f8064021b368b666fe1097a8e98377f9cff1c307195e344caad,2025-08-05T19:10:00.000,30,NO CONTROLS,NO CONTROLS,CLEAR,"DARKNESS, LIGHTED ROAD",SIDESWIPE SAME DIRECTION,NOT DIVIDED,STRAIGHT AND LEVEL,DRY,UNKNOWN,NOT ON SCENE (DESK REPORT),NO INJURY / DRIVE AWAY,Y,"OVER $1,500",2025-08-05T21:05:00.000,UNABLE TO DETERMINE,UNABLE TO DETERMINE,3900,N,ELSTON AVE,1732,2,NO INDICATION OF INJURY,0,0,0,0,0,2,0,19,3,8,41.9518626852,-87.7166972674,"{'type': 'Point', 'coordinates': [-87.71669726745, 41.951862685154]}",,,,,,,,,,
bbb65ba75e1666c951930dbc5976514a972f57184bb6c616791bd3da1f6b19623b98dfc3968b438b254ed1157c6edf078973c8ddc94fa3b9349a3fa95a17f450,2025-08-05T19:10:00.000,30,STOP SIGN/FLASHER,NO CONTROLS,CLEAR,DAYLIGHT,ANGLE,FOUR WAY,STRAIGHT AND LEVEL,DRY,NO DEFECTS,NOT ON SCENE (DESK REPORT),NO INJURY / DRIVE AWAY,,"OVER $1,500",2025-08-05T19:30:00.000,FAILING TO YIELD RIGHT-OF-WAY,NOT APPLICABLE,10300,S,CHARLES ST,2212,2,NO INDICATION OF INJURY,0,0,0,0,0,2,0,19,3,8,41.7066870897,-87.6587691028,"{'type': 'Point', 'coordinates': [-87.658769102778, 41.706687089738]}",,,,,,,,,,
31b7b6cf8f5a54b1930e9a5cbc448ea91d0aeabddba8dafac8937c068e093a9e4dbe3bc0e16e711f16f40e65f53d4a1695fc95316186acb67225df801eb6e55d,2025-08-05T19:00:00.000,30,NO CONTROLS,NO CONTROLS,CLEAR,DAYLIGHT,PEDALCYCLIST,NOT DIVIDED,STRAIGHT AND LEVEL,DRY,NO DEFECTS,ON SCENE,INJURY AND / OR TOW DUE TO CRASH,,$500 OR LESS,2025-08-05T19:00:00.000,IMPROPER LANE USAGE,NOT APPLICABLE,3605,N,RACINE AVE,1923,2,"REPORTED, NOT EVIDENT",1,0,0,0,1,4,0,19,3,8,41.9473223667,-87.6590202458,"{'type': 'Point', 'coordinates': [-87.659020245758, 41.947322366655]}",,,,,,,,Y,,
5b3991c512784af4c633b0e1b36bb12353c167c585a2e8eea0ae74ec34a546485cd2fb1719f8c9b3a5bd466e81cfed31278adad617c1543d0e6e660ae22929a5,2025-08-05T19:00:00.000,30,OTHER,FUNCTIONING PROPERLY,CLEAR,DAYLIGHT,PARKED MOTOR VEHICLE,NOT DIVIDED,STRAIGHT AND LEVEL,DRY,NO DEFECTS,ON SCENE,NO INJURY / DRIVE AWAY,,"OVER $1,500",2025-08-05T19:05:00.000,IMPROPER LANE USAGE,NOT APPLICABLE,1104,W,ADDISON ST,1923,2,NO INDICATION OF INJURY,0,0,0,0,0,1,0,19,3,8,41.9472946371,-87.6568357525,"{'type': 'Point', 'coordinates': [-87.656835752473, 41.947294637092]}",,,,Y,,,,,,
8708afd6a6edbbb50e419ca65d713ac0e135ae892aa0ce24997b06f120084d39cd65e7d7266f3b4d4753819a809d566ce929d3568e8ee4bf8e71c7de466245a7,2025-08-05T19:00:00.000,30,NO CONTROLS,NO CONTROLS,CLEAR,DAYLIGHT,PARKED MOTOR VEHICLE,OTHER,STRAIGHT AND LEVEL,DRY,OTHER,ON SCENE,NO INJURY / DRIVE AWAY,,$500 OR LESS,2025-08-05T19:12:00.000,UNABLE TO DETERMINE,NOT APPLICABLE,1007,W,WELLINGTON AVE,1933,2,NO INDICATION OF INJURY,0,0,0,0,0,1,0,19,3,8,41.9361564759,-87.6542750856,"{'type': 'Point', 'coordinates': [-87.654275085621, 41.936156475863]}",,,Y,,,,,,,
64524eed81ce06d4d396074ee152f3cf8d96269d6b5d5df96213687807651afd22b9e83e6bb86ef9da2e7ffb776bc9428f9e92cc57d109a8d6e1dfe3a6d86403,2025-08-05T18:53:00.000,45,NO CONTROLS,NO CONTROLS,CLEAR,DAYLIGHT,SIDESWIPE SAME DIRECTION,DIVIDED - W/MEDIAN BARRIER,STRAIGHT AND LEVEL,DRY,NO DEFECTS,NOT ON SCENE (DESK REPORT),NO INJURY / DRIVE AWAY,,"OVER $1,500",2025-08-07T16:05:00.000,IMPROPER OVERTAKING/PASSING,NOT APPLICABLE,3175,N,LAKE SHORE DR NB,1934,2,NO INDICATION OF INJURY,0,0,0,0,0,2,0,18,3,8,41.9404661667,-87.6380672871,"{'type': 'Point', 'coordinates': [-87.638067287063, 41.940466166652]}",,,Y,,,,,,,
8652301ccbe1d81cfa7df3e185be4174e5489f7a2a59c3252fcc0a4001ac2610f35669dbbfe0f2faf035f3d32c2d35a477f753e9e06a93f5a4a80bb381ad013b,2025-08-05T18:50:00.000,30,NO CONTROLS,NO CONTROLS,CLEAR,DAYLIGHT,SIDESWIPE SAME DIRECTION,NOT DIVIDED,STRAIGHT AND LEVEL,DRY,NO DEFECTS,ON SCENE,INJURY AND / OR TOW DUE TO CRASH,,"OVER $1,500",2025-08-05T19:00:00.000,IMPROPER LANE USAGE,NOT APPLICABLE,5257,S,CENTRAL AVE,814,2,NO INDICATION OF INJURY,0,0,0,0,0,2,0,18,3,8,41.7967282953,-87.7622828761,"{'type': 'Point', 'coordinates': [-87.762282876126, 41.796728295262]}",,,,,,,,,,