crash_record_id,crash_date,posted_speed_limit,traffic_control_device,device_condition,weather_condition,lighting_condition,first_crash_type,trafficway_type,alignment,roadway_surface_cond,road_defect,report_type,crash_type,intersection_related_i,damage,date_police_notified,prim_contributory_cause,sec_contributory_cause,street_no,street_direction,street_name,beat_of_occurrence,num_units,most_severe_injury,injuries_total,injuries_fatal,injuries_incapacitating,injuries_non_incapacitating,injuries_reported_not_evident,injuries_no_indication,injuries_unknown,crash_hour,crash_day_of_week,crash_month,latitude,longitude,location,private_property_i,photos_taken_i,hit_and_run_i,statements_taken_i,crash_date_est_i,work_zone_i,work_zone_type,dooring_i,lane_cnt,workers_present_i
7be055236ee7035284fe196d14848b4a5d9b349fae8865e9d11f16b20ebd05f12f0cf002395f7f25093aa1c3178309951f7b077742274e53889c98d251a731a9,2025-08-05T18:48:00.000,35,NO CONTROLS,NO CONTROLS,CLEAR,DAYLIGHT,PEDALCYCLIST,DIVIDED - W/MEDIAN (NOT RAISED),STRAIGHT AND LEVEL,DRY,NO DEFECTS,ON SCENE,INJURY AND / OR TOW DUE TO CRASH,,"$501 - $1,500",2025-08-05T18:48:00.000,FAILING TO REDUCE SPEED TO AVOID CRASH,NOT APPLICABLE,6375,W,DEVON AVE,1611,2,INCAPACITATING INJURY,1,0,1,0,0,4,0,18,3,8,41.9972446923,-87.7875848099,"{'type': 'Point', 'coordinates': [-87.787584809869, 41.997244692293]}",,,,,,,,,,
58e822eec7992574058e28383648c18a81eeb00dc61e5605bff6763a0139f5e187169495d8742ca20db3cc27af2060973a6e5980610d36fa56692e2c31c4c120,2025-08-05T18:45:00.000,30,NO CONTROLS,NO CONTROLS,CLEAR,DAYLIGHT,PARKED MOTOR VEHICLE,NOT DIVIDED,STRAIGHT AND LEVEL,DRY,NO DEFECTS,NOT ON SCENE (DESK REPORT),NO INJURY / DRIVE AWAY,,"OVER $1,500",2025-08-12T17:56:00.000,IMPROPER LANE USAGE,UNABLE TO DETERMINE,4340,W,DIVISION ST,2534,2,NO INDICATION OF INJURY,0,0,0,0,0,1,0,18,3,8,41.9026382559,-87.7353381961,"{'type': 'Point', 'coordinates': [-87.735338196073, 41.902638255925]}",,,,,,,,,,
a62c3b372982269ccbb6fc1499be9d2741212d6a05b34a4d89e4949b4973554820c81c68d81bf7080525de2d3b7bc18a14772885d0b7cebcd4ac1c46b5d530db,2025-08-05T18:45:00.000,35,TRAFFIC SIGNAL,FUNCTIONING PROPERLY,CLEAR,DAYLIGHT,PARKED MOTOR VEHICLE,DIVIDED - W/MEDIAN BARRIER,STRAIGHT AND LEVEL,DRY,UNKNOWN,ON SCENE,NO INJURY / DRIVE AWAY,Y,"OVER $1,500",2025-08-05T19:00:00.000,DISTRACTION - FROM OUTSIDE VEHICLE,NOT APPLICABLE,3163,W,OGDEN AVE,1022,2,,,,,,,,,18,3,8,41.8578462276,-87.7050877002,"{'type': 'Point', 'coordinates': [-87.705087700224, 41.857846227605]}",,Y,,,,,,,,
c6be7d618e5b1a3c607dc7f95ef806da4a4121cc2d0c469a6d494723d8eb4301050dec6a14efa893d011f4fb92857d002e9ce50a52cd69415278635489feb4ee,2025-08-05T18:45:00.000,25,NO CONTROLS,NO CONTROLS,CLEAR,DAYLIGHT,PARKED MOTOR VEHICLE,ONE-WAY,STRAIGHT AND LEVEL,UNKNOWN,UNKNOWN,NOT ON SCENE (DESK REPORT),NO INJURY / DRIVE AWAY,,"OVER $1,500",2025-08-05T19:54:00.000,"OPERATING VEHICLE IN ERRATIC, RECKLESS, CARELESS, NEGLIGENT OR AGGRESSIVE MANNER",NOT APPLICABLE,2305,W,ARTHUR AVE,2412,2,NO INDICATION OF INJURY,0,0,0,0,0,1,0,18,3,8,41.9994725421,-87.6877227076,"{'type': 'Point', 'coordinates': [-87.687722707564, 41.999472542146]}",,,Y,,,,,,,
cf6af9480db7c60f843c56df484a827198d871ccffd9469b7704614102e23e8f65f67897684af28f3ee2db5e38eb17a5ac81d01f0a720fbaaea25b4627386018,2025-08-05T18:40:00.000,30,TRAFFIC SIGNAL,UNKNOWN,UNKNOWN,UNKNOWN,PEDALCYCLIST,ONE-WAY,STRAIGHT AND LEVEL,UNKNOWN,UNKNOWN,NOT ON SCENE (DESK REPORT),INJURY AND / OR TOW DUE TO CRASH,,$500 OR LESS,2025-08-08T14:00:00.000,UNABLE TO DETERMINE,NOT APPLICABLE,4400,N,HAMLIN AVE,1723,2,NONINCAPACITATING INJURY,1,0,0,1,0,2,0,18,3,8,41.9610516399,-87.7230775689,"{'type': 'Point', 'coordinates': [-87.723077568884, 41.961051639906]}",,,Y,,,,,Y,,
0c5f536de651d7ae4c1120df281bbfe8b3b96d17a52b0684a408e970d51451d4b17870a0db5d0e6079789f231ef83a7502e3f6466260e439da7c3455fa9de3a7,2025-08-05T18:32:00.000,30,NO CONTROLS,NO CONTROLS,CLEAR,DAYLIGHT,PARKED MOTOR VEHICLE,NOT DIVIDED,STRAIGHT AND LEVEL,DRY,NO DEFECTS,ON SCENE,INJURY AND / OR TOW DUE TO CRASH,,"OVER $1,500",2025-08-05T18:36:00.000,UNABLE TO DETERMINE,NOT APPLICABLE,3800,W,BRYN MAWR AVE,1711,2,NO INDICATION OF INJURY,0,0,0,0,0,1,0,18,3,8,41.9829800849,-87.7240430097,"{'type': 'Point', 'coordinates': [-87.724043009704, 41.982980084934]}",,,,,,,,,,
c899603dbcb08c0b3ee3b634ebd67e193956c13ab388790fb412a99fc8d453a60c20c183ca23049cd37295082ef99ca7d9ad7cedc7981ec92c7b0b9289cada5e,2025-08-05T18:30:00.000,30,NO CONTROLS,NO CONTROLS,CLEAR,DARKNESS,PARKED MOTOR VEHICLE,ONE-WAY,STRAIGHT AND LEVEL,DRY,NO DEFECTS,ON SCENE,NO INJURY / DRIVE AWAY,,"OVER $1,500",2025-08-05T19:06:00.000,IMPROPER BACKING,IMPROPER BACKING,5436,W,QUINCY ST,1522,2,NO INDICATION OF INJURY,0,0,0,0,0,1,0,18,3,8,41.8775971344,-87.7610915933,"{'type': 'Point', 'coordinates': [-87.761091593257, 41.877597134364]}",,,,,,,,,,
f54845122f70dea50bac3c7dce948da32c0546e478713962214bfafb4df56722f57b1b9e5fc9d2235fdac9ffd7c8f5f9db5011324e78ec613955fa61a62e8f05,2025-08-05T18:21:00.000,30,TRAFFIC SIGNAL,FUNCTIONING PROPERLY,CLEAR,DAYLIGHT,FIXED OBJECT,NOT DIVIDED,STRAIGHT AND LEVEL,DRY,NO DEFECTS,NOT ON SCENE (DESK REPORT),NO INJURY / DRIVE AWAY,,"OVER $1,500",2025-08-05T19:00:00.000,UNABLE TO DETERMINE,NOT APPLICABLE,3558,W,HARRISON ST,1133,1,NO INDICATION OF INJURY,0,0,0,0,0,2,0,18,3,8,41.873685556,-87.715161565,"{'type': 'Point', 'coordinates': [-87.715161565012, 41.873685556005]}",,,,,,,,,,
b183ca58377c6e75ad3fcba26b7d37ab8072f5547544bd22611aca0f43bbce999218eefca1cde519f4e89a6a9725021110f8e4b9f092cf35dbeef98bca518460,2025-08-05T18:14:00.000,25,TRAFFIC SIGNAL,FUNCTIONING PROPERLY,CLEAR,DAYLIGHT,PEDALCYCLIST,NOT DIVIDED,STRAIGHT AND LEVEL,DRY,NO DEFECTS,,INJURY AND / OR TOW DUE TO CRASH,,"OVER $1,500",2025-08-05T18:18:00.000,DISTRACTION - FROM OUTSIDE VEHICLE,UNABLE TO DETERMINE,2058,W,CHICAGO AVE,1212,2,NONINCAPACITATING INJURY,1,0,0,1,0,2,0,18,3,8,41.8959794601,-87.6793807365,"{'type': 'Point', 'coordinates': [-87.679380736471, 41.895979460092]}",,,,,,,,,,
cb9bd828508c562707033155041a33441ae5ff39b1ab555ef13c4212861182afbf7f7a52d2cb3f533b93a271aa41421de9ee2ca8e91c260f128e93eb367ff2a8,2025-08-05T18:10:00.000,30,NO CONTROLS,NO CONTROLS,CLEAR,DAYLIGHT,REAR END,ONE-WAY,STRAIGHT AND LEVEL,DRY,NO DEFECTS,ON SCENE,INJURY AND / OR TOW DUE TO CRASH,,"OVER $1,500",2025-08-05T18:18:00.000,UNABLE TO DETERMINE,UNABLE TO DETERMINE,7915,S,HERMITAGE AVE,611,2,NONINCAPACITATING INJURY,1,0,0,1,0,1,0,18,3,8,41.7498254251,-87.6669220345,"{'type': 'Point', 'coordinates': [-87.666922034489, 41.749825425128]}",,,,,Y,,,,,
7d9fe7c3defcd5871bcfaecfd22918e4aefbdc756c0cd4cb39bc10fff051c8de8d67b3d3920f834eddfc846427d32408f9f3bb476b1fcbc843f2eb72da505052,2025-08-05T18:05:00.000,30,NO CONTROLS,NO CONTROLS,CLEAR,DAYLIGHT,SIDESWIPE SAME DIRECTION,DIVIDED - W/MEDIAN (NOT RAISED),STRAIGHT AND LEVEL,DRY,NO DEFECTS,NOT ON SCENE (DESK REPORT),NO INJURY / DRIVE AWAY,,"OVER $1,500",2025-08-05T18:35:00.000,UNABLE TO DETERMINE,UNABLE TO DETERMINE,5240,W,FULLERTON AVE,2515,2,NO INDICATION OF INJURY,0,0,0,0,0,2,0,18,3,8,41.9241951627,-87.7578335373,"{'type': 'Point', 'coordinates': [-87.757833537279, 41.924195162749]}",,,,,,,,,,
b6e8245165849e33e01b0f919c0bad07b60f5c2adb4ba7e0dda18af091eaee28f6df01f51ab62d202791610d8758e1ba4dff03936709118b992c6ffdb97c4abb,2025-08-05T18:05:00.000,35,TRAFFIC SIGNAL,FUNCTIONING PROPERLY,CLEAR,DAYLIGHT,REAR END,NOT DIVIDED,STRAIGHT AND LEVEL,DRY,NO DEFECTS,ON SCENE,INJURY AND / OR TOW DUE TO CRASH,,"OVER $1,500",2025-08-05T18:19:00.000,FAILING TO REDUCE SPEED TO AVOID CRASH,IMPROPER OVERTAKING/PASSING,400,N,LA SALLE DR,1831,2,NO INDICATION OF INJURY,0,0,0,0,0,2,0,18,3,8,41.8892253716,-87.632674115,"{'type': 'Point', 'coordinates': [-87.632674114985, 41.88922537162]}",,,Y,,,,,,,
141b7af5fbda16dd518de584ce809879d9f1d499a8d70dc3e4067dec91454407170fe2d81c3c401525a4228f967717ea977f276c142a5fc0db635b18c658a506,2025-08-05T18:00:00.000,30,TRAFFIC SIGNAL,FUNCTIONING PROPERLY,CLEAR,DAYLIGHT,FIXED OBJECT,FOUR WAY,STRAIGHT AND LEVEL,DRY,"RUT, HOLES",ON SCENE,INJURY AND / OR TOW DUE TO CRASH,Y,"OVER $1,500",2025-08-05T18:25:00.000,UNABLE TO DETERMINE,UNABLE TO DETERMINE,2400,W,PERSHING RD,911,1,NO INDICATION OF INJURY,0,0,0,0,0,1,0,18,3,8,41.8230967602,-87.6850189506,"{'type': 'Point', 'coordinates': [-87.685018950616, 41.823096760166]}",,,,,,,,,,
3e9ebcd2e619341cddd7524373e6d46af35e2395a6a7c8322027fe6e09b464d3ccbcb0609dfe822bf49af76a1e638bde74f53eca6be5249de7b56e508405957e,2025-08-05T18:00:00.000,30,PEDESTRIAN CROSSING SIGN,FUNCTIONING PROPERLY,CLEAR,DAYLIGHT,PEDESTRIAN,DIVIDED - W/MEDIAN (NOT RAISED),STRAIGHT AND LEVEL,DRY,NO DEFECTS,ON SCENE,INJURY AND / OR TOW DUE TO CRASH,,"OVER $1,500",2025-08-05T18:02:00.000,FAILING TO YIELD RIGHT-OF-WAY,NOT APPLICABLE,1142,E,55TH ST,233,2,NONINCAPACITATING INJURY,1,0,0,1,0,1,0,18,3,8,41.7951606779,-87.5980775695,"{'type': 'Point', 'coordinates': [-87.598077569537, 41.795160677893]}",,,,,,,,,,
716058a3f3ea0237789300cf23a4f0cecd1045c9daafc05187929c1652a3e94f07a20852ef39e403d1010c56d21425db2e405bb3419d10c24327e05c41fef7d7,2025-08-05T18:00:00.000,10,NO CONTROLS,NO CONTROLS,CLEAR,DAYLIGHT,PARKED MOTOR VEHICLE,RAMP,"CURVE, LEVEL",DRY,NO DEFECTS,ON SCENE,INJURY AND / OR TOW DUE TO CRASH,,"OVER $1,500",2025-08-06T08:49:00.000,FAILING TO REDUCE SPEED TO AVOID CRASH,NOT APPLICABLE,801,S,WABASH AVE,123,2,NO INDICATION OF INJURY,0,0,0,0,0,1,0,18,3,8,41.8717783327,-87.6257891244,"{'type': 'Point', 'coordinates': [-87.625789124419, 41.871778332743]}",,,Y,,Y,,,,,
877a06a93b785c2e6bbb094f7e51836c2468abeb06d199d8c6f5a1d617767c8c0498a33917337139d7b3b70f40c4963bf311f13f43fe30b7cb90c73cd218b5a4,2025-08-05T18:00:00.000,50,NO CONTROLS,NO CONTROLS,CLEAR,DAYLIGHT,REAR END,DIVIDED - W/MEDIAN BARRIER,STRAIGHT AND LEVEL,DRY,UNKNOWN,NOT ON SCENE (DESK REPORT),NO INJURY / DRIVE AWAY,,"$501 - $1,500",2025-08-05T18:30:00.000,FOLLOWING TOO CLOSELY,NOT APPLICABLE,5700,S,LAKE SHORE DR,331,2,NO INDICATION OF INJURY,0,0,0,0,0,2,0,18,3,8,41.7914202821,-87.5801477687,"{'type': 'Point', 'coordinates': [-87.580147768689, 41.791420282098]}",,,Y,,,,,,,
91af2b0b985a577a67c84a3f5cc023e0529672aa98cbe19e70c8fa3e4a860580f9401db47970ed879bd1d21befffc78f80cefadd2c761f7cddf45f81c87b38d5,2025-08-05T18:00:00.000,30,STOP SIGN/FLASHER,FUNCTIONING PROPERLY,CLEAR,DAYLIGHT,ANGLE,NOT DIVIDED,STRAIGHT AND LEVEL,DRY,NO DEFECTS,ON SCENE,NO INJURY / DRIVE AWAY,Y,"OVER $1,500",2025-08-05T18:06:00.000,FAILING TO YIELD RIGHT-OF-WAY,FAILING TO YIELD RIGHT-OF-WAY,626,N,DAMEN AVE,1221,2,NO INDICATION OF INJURY,0,0,0,0,0,2,0,18,3,8,41.8931257548,-87.6771198086,"{'type': 'Point', 'coordinates': [-87.677119808634, 41.893125754786]}",,,,,,,,,,
a98703190accacc9df159db32c60e9f2fb0893a44b935cc4928c89a92e42bbaba5eaf7521ecf557d7162a97663fcc37876523e646fe0d275cd19331ddac3dd00,2025-08-05T18:00:00.000,30,NO CONTROLS,NO CONTROLS,CLEAR,DAYLIGHT,REAR END,NOT DIVIDED,STRAIGHT AND LEVEL,DRY,NO DEFECTS,NOT ON SCENE (DESK REPORT),NO INJURY / DRIVE AWAY,,"$501 - $1,500",2025-08-05T19:00:00.000,FOLLOWING TOO CLOSELY,NOT APPLICABLE,833,W,LAWRENCE AVE,1914,2,NO INDICATION OF INJURY,0,0,0,0,0,2,0,18,3,8,41.969023783,-87.6514664484,"{'type': 'Point', 'coordinates': [-87.65146644842, 41.969023783001]}",,,,,,,,,,
aae29b7695a6f27cb4dd8b8e85bf696044eafe193c1ac5bfdbab27670895840de09771de8e63f1e232270a4ecf3c356b79e84bd504db5fa83be812780d8d9c4a,2025-08-05T18:00:00.000,30,STOP SIGN/FLASHER,FUNCTIONING PROPERLY,CLEAR,DAYLIGHT,ANGLE,FOUR WAY,STRAIGHT AND LEVEL,DRY,NO DEFECTS,ON SCENE,NO INJURY / DRIVE AWAY,Y,"OVER $1,500",2025-08-05T18:10:00.000,FAILING TO YIELD RIGHT-OF-WAY,NOT APPLICABLE,98,E,58TH ST,232,3,NO INDICATION OF INJURY,0,0,0,0,0,3,0,18,3,8,41.7893495091,-87.6224119601,"{'type': 'Point', 'coordinates': [-87.622411960069, 41.789349509052]}",,,,,,,,,,
e277bc570f280176b240a826c25760653c8c680a377747f7f3e07b6dc3f06b8f95a4d663464c9ea25e91c9bdb69bad26bfe65519d555fbded1fb481c1d4bc241,2025-08-05T17:56:00.000,15,NO CONTROLS,NO CONTROLS,CLEAR,DAYLIGHT,FIXED OBJECT,ONE-WAY,STRAIGHT AND LEVEL,DRY,UNKNOWN,ON SCENE,INJURY AND / OR TOW DUE TO CRASH,,"OVER $1,500",2025-08-05T17:58:00.000,FAILING TO REDUCE SPEED TO AVOID CRASH,NOT APPLICABLE,5308,S,LAKE SHORE DR SB,234,1,NONINCAPACITATING INJURY,2,0,0,1,1,0,0,17,3,8,41.7993758381,-87.5815024558,"{'type': 'Point', 'coordinates': [-87.581502455799, 41.799375838083]}",,,,,,,,,,
b339427cb68910c30290ec5e78e4bab5d3447576daa8bf5a953bbf9c171744841f5df63f830060794ba96418c8bd8e0457239f5ae2ad891df19e7ae0fe0cfd55,2025-08-05T17:55:00.000,30,TRAFFIC SIGNAL,UNKNOWN,CLEAR,DAYLIGHT,PEDESTRIAN,NOT DIVIDED,STRAIGHT AND LEVEL,DRY,UNKNOWN,ON SCENE,INJURY AND / OR TOW DUE TO CRASH,Y,"OVER $1,500",2025-08-05T18:03:00.000,UNABLE TO DETERMINE,NOT APPLICABLE,798,E,93RD ST,633,2,NONINCAPACITATING INJURY,1,0,0,1,0,1,0,17,3,8,41.7258127298,-87.6046275747,"{'type': 'Point', 'coordinates': [-87.604627574722, 41.725812729778]}",,,Y,,,,,,,
79e46da2a646265ccd6b3cc75b9db91bddad216510dc83b390bef9c7be586887036ef5f52a22a1580bd4f0dd6b769a86f827cffc2267c5ee42fb413478861d12,2025-08-05T17:49:00.000,30,STOP SIGN/FLASHER,FUNCTIONING PROPERLY,CLEAR,DAYLIGHT,ANGLE,FOUR WAY,STRAIGHT AND LEVEL,DRY,UNKNOWN,ON SCENE,INJURY AND / OR TOW DUE TO CRASH,Y,"OVER $1,500",2025-08-05T18:06:00.000,DISREGARDING STOP SIGN,NOT APPLICABLE,1298,N,HALSTED ST,1822,2,"REPORTED, NOT EVIDENT",1,0,0,0,1,4,0,17,3,8,41.9050891084,-87.6482679281,"{'type': 'Point', 'coordinates': [-87.648267928053, 41.90508910836]}",,,,,,,,,,
a7761d2f5d26c0c6850bfd7615f3db142fc15475e78586fd3fe6b65aee9e88e9bbaaf63965b76d05ab11ee1cf582ffce008f16df2075756603f04d1ef5e84576,2025-08-05T17:47:00.000,30,TRAFFIC SIGNAL,FUNCTIONING PROPERLY,CLEAR,DAYLIGHT,ANGLE,FOUR WAY,STRAIGHT ON GRADE,DRY,NO DEFECTS,ON SCENE,INJURY AND / OR TOW DUE TO CRASH,Y,"OVER $1,500",2025-08-05T17:49:00.000,FAILING TO YIELD RIGHT-OF-WAY,NOT APPLICABLE,2600,S,WENTWORTH AVE,914,2,INCAPACITATING INJURY,2,0,1,1,0,2,0,17,3,8,41.845494944,-87.6319704313,"{'type': 'Point', 'coordinates': [-87.631970431289, 41.845494943967]}",,,,,,,,,,
bafa5941c694e969b1bc4871013f283a5d4c2eb7cf5e89d87d2665694655d6f4f9a7ec59e312fd45f910a03e152915b8405dbef017c56421315e86d174ad7de7,2025-08-05T17:40:00.000,30,NO CONTROLS,NO CONTROLS,CLEAR,DAYLIGHT,SIDESWIPE SAME DIRECTION,NOT DIVIDED,STRAIGHT AND LEVEL,DRY,NO DEFECTS,NOT ON SCENE (DESK REPORT),NO INJURY / DRIVE AWAY,,"OVER $1,500",2025-08-09T10:00:00.000,UNABLE TO DETERMINE,RELATED TO BUS STOP,244,W,26TH ST,914,2,NO INDICATION OF INJURY,0,0,0,0,0,2,0,17,3,8,41.8456106545,-87.6336129566,"{'type': 'Point', 'coordinates': [-87.633612956619, 41.845610654537]}",,,,,,,,,,
ec03f46534cdd86adb7657c8f86cfd45820531995f2b53e7eadd893cd136aae56b2f45e41039b6b907b09bcccf7d0d3c37a1b8a90ab4f129fc06ecdabbcf208c,2025-08-05T17:40:00.000,15,NO CONTROLS,NO CONTROLS,CLEAR,DAYLIGHT,PARKED MOTOR VEHICLE,PARKING LOT,STRAIGHT AND LEVEL,DRY,NO DEFECTS,NOT ON SCENE (DESK REPORT),NO INJURY / DRIVE AWAY,,"OVER $1,500",2025-08-05T19:30:00.000,UNABLE TO DETERMINE,UNABLE TO DETERMINE,718,W,MONROE ST,121,2,NO INDICATION OF INJURY,0,0,0,0,0,1,0,17,3,8,41.880628368,-87.6450757929,"{'type': 'Point', 'coordinates': [-87.645075792921, 41.880628368011]}",,,,,,,,,,
d44a15ab44f1862415fd71ab84f8fd2dbb75507fbbbdb853cb705e6187b226b45fe42c52ad351973a7583d56e419cea6543dbc08cd83fc236ab0ed7bf69157df,2025-08-05T17:37:00.000,30,STOP SIGN/FLASHER,FUNCTIONING PROPERLY,CLEAR,DAYLIGHT,ANGLE,NOT REPORTED,STRAIGHT AND LEVEL,DRY,NO DEFECTS,ON SCENE,INJURY AND / OR TOW DUE TO CRASH,Y,"OVER $1,500",2025-08-05T17:38:00.000,FAILING TO YIELD RIGHT-OF-WAY,UNABLE TO DETERMINE,5106,S,ARCHER AVE,815,2,NONINCAPACITATING INJURY,1,0,0,1,0,2,0,17,3,8,41.8008694948,-87.7295108154,"{'type': 'Point', 'coordinates': [-87.729510815359, 41.800869494844]}",,,,,Y,,,,,
ef31d03a6a6f2dd07726ecad39915fbee64577ac6acc9d5baf3276c566e13100ccf218376ea57184b91153364ea7a3de5ac6afd18099d05ab67df5c329c36cc8,2025-08-05T17:35:00.000,30,NO CONTROLS,NO CONTROLS,CLEAR,DAYLIGHT,REAR END,DIVIDED - W/MEDIAN BARRIER,STRAIGHT AND LEVEL,DRY,NO DEFECTS,ON SCENE,NO INJURY / DRIVE AWAY,,"OVER $1,500",2025-08-05T17:49:00.000,FOLLOWING TOO CLOSELY,FOLLOWING TOO CLOSELY,2701,N,WESTERN AVE,1432,2,NO INDICATION OF INJURY,0,0,0,0,0,4,0,17,3,8,41.9304460869,-87.6876971843,"{'type': 'Point', 'coordinates': [-87.687697184257, 41.930446086925]}",,,,,,,,,,
0967d72ac77b7279873d40bfdee66798e776d3acdfd71badb468a1bedbedf764718a9288569a80354d51d059b139df67fec7d660310e68c7a021ba1861f39f31,2025-08-05T17:30:00.000,35,TRAFFIC SIGNAL,FUNCTIONING PROPERLY,CLEAR,DAYLIGHT,REAR END,NOT DIVIDED,STRAIGHT AND LEVEL,DRY,NO DEFECTS,NOT ON SCENE (DESK REPORT),NO INJURY / DRIVE AWAY,,"$501 - $1,500",2025-08-05T21:00:00.000,FOLLOWING TOO CLOSELY,"OPERATING VEHICLE IN ERRATIC, RECKLESS, CARELESS, NEGLIGENT OR AGGRESSIVE MANNER",2733,N,PULASKI RD,2524,2,NO INDICATION OF INJURY,0,0,0,0,0,3,0,17,3,8,41.930982729,-87.7268087462,"{'type': 'Point', 'coordinates': [-87.726808746152, 41.930982728963]}",,,N,,,,,,,
9d950bd567f067e93923aea6411dfff1bcf341efca7407bb3a6a08e52ccf5f24e12b523b5d511d289cb84799b85e92c12458c1fcca92be73dfcd549b77a7ad4b,2025-08-05T17:30:00.000,25,TRAFFIC SIGNAL,FUNCTIONING PROPERLY,CLEAR,DAYLIGHT,REAR END,ROUNDABOUT,STRAIGHT AND LEVEL,DRY,NO DEFECTS,NOT ON SCENE (DESK REPORT),NO INJURY / DRIVE AWAY,,"$501 - $1,500",2025-08-06T19:30:00.000,UNABLE TO DETERMINE,UNABLE TO DETERMINE,10300,S,TORRENCE AVE,434,2,NO INDICATION OF INJURY,0,0,0,0,0,2,0,17,3,8,41.708077429,-87.5598068713,"{'type': 'Point', 'coordinates': [-87.559806871332, 41.708077429042]}",,,,,,,,,,
9ff95280e289e6a4772ad088f06f922745f674fdd05e36f856866b41544f5b4747ea0c5ada88b685f13fba4665a7ad6b98b4eac1fc5106318ca7302a9d5b0ffb,2025-08-05T17:30:00.000,30,NO CONTROLS,UNKNOWN,CLEAR,DAYLIGHT,REAR END,NOT DIVIDED,STRAIGHT AND LEVEL,DRY,UNKNOWN,ON SCENE,INJURY AND / OR TOW DUE TO CRASH,,"OVER $1,500",2025-08-05T17:37:00.000,UNABLE TO DETERMINE,UNABLE TO DETERMINE,1816,W,119TH ST,2234,3,"REPORTED, NOT EVIDENT",1,0,0,0,1,4,0,17,3,8,41.6775452511,-87.6668747585,"{'type': 'Point', 'coordinates': [-87.666874758461, 41.677545251063]}",,,,,,,,,,
a7028dc4e36a17d29afedf8dea499ea135fa44b9d31c8a14f20ea24f2979e87601d0cfb8f0511e36e9ed288dad011135cbaf517ea62c022a1acde83da117dc26,2025-08-05T17:30:00.000,30,NO CONTROLS,NO CONTROLS,CLEAR,DAYLIGHT,REAR TO FRONT,DIVIDED - W/MEDIAN (NOT RAISED),STRAIGHT AND LEVEL,DRY,NO DEFECTS,NOT ON SCENE (DESK REPORT),NO INJURY / DRIVE AWAY,,"OVER $1,500",2025-08-06T15:00:00.000,FAILING TO YIELD RIGHT-OF-WAY,UNABLE TO DETERMINE,1141,S,AUSTIN BLVD,1513,2,NO INDICATION OF INJURY,0,0,0,0,0,2,0,17,3,8,41.8660645867,-87.7740041116,"{'type': 'Point', 'coordinates': [-87.774004111629, 41.866064586702]}",,,Y,,,,,,,
dae6f58d5d1d046ea32849997eadb6dcdce02f0ae40d6caa1d7e11060514be9d4c63d28156cac945631e497be3e7c405a761a22b0aafde37a81d4c0f6ee47424,2025-08-05T17:30:00.000,30,NO CONTROLS,NO CONTROLS,CLEAR,DAYLIGHT,REAR TO FRONT,PARKING LOT,STRAIGHT AND LEVEL,DRY,NO DEFECTS,NOT ON SCENE (DESK REPORT),NO INJURY / DRIVE AWAY,,"OVER $1,500",2025-08-05T18:00:00.000,UNABLE TO DETERMINE,NOT APPLICABLE,2601,N,CLYBOURN AVE,1931,2,NO INDICATION OF INJURY,0,0,0,0,0,2,0,17,3,8,41.9288373849,-87.67397132,"{'type': 'Point', 'coordinates': [-87.673971319994, 41.928837384913]}",,,,,,,,,,
e396c2f039bf932ebfe863a443ef2577cb42a23852e436b9c25877e940063b76d7d1d478db3f7d73b7f0ed4c2b9e38c79e153eb80d6d7968d1758119483c619f,2025-08-05T17:30:00.000,30,NO CONTROLS,NO CONTROLS,CLEAR,DAYLIGHT,PARKED MOTOR VEHICLE,NOT DIVIDED,STRAIGHT AND LEVEL,DRY,NO DEFECTS,NOT ON SCENE (DESK REPORT),NO INJURY / DRIVE AWAY,,$500 OR LESS,2025-08-06T15:25:00.000,UNABLE TO DETERMINE,NOT APPLICABLE,1449,W,IRVING PARK RD,1922,2,NO INDICATION OF INJURY,0,0,0,0,0,1,0,17,3,8,41.9542184332,-87.6660934879,"{'type': 'Point', 'coordinates': [-87.666093487872, 41.954218433242]}",,,,,,,,,,
fc98108468c31f2d08ea9b49f069c05e67cd87bce0febf7b86c908dff4a8407ba52bcf9e2abe0a309519296f7f846a5ecebd2b688be98b77e928a390d0629574,2025-08-05T17:30:00.000,30,NO CONTROLS,NO CONTROLS,CLEAR,DAYLIGHT,TURNING,PARKING LOT,STRAIGHT AND LEVEL,DRY,NO DEFECTS,,NO INJURY / DRIVE AWAY,N,"OVER $1,500",2025-08-05T17:37:00.000,UNABLE TO DETERMINE,NOT APPLICABLE,7432,S,RACINE AVE,734,4,NO INDICATION OF INJURY,0,0,0,0,0,3,0,17,3,8,41.7586435289,-87.6540938872,"{'type': 'Point', 'coordinates': [-87.65409388721, 41.758643528902]}",,,Y,,,,,,,