crash_record_id,crash_date,posted_speed_limit,traffic_control_device,device_condition,weather_condition,lighting_condition,first_crash_type,trafficway_type,alignment,roadway_surface_cond,road_defect,report_type,crash_type,intersection_related_i,damage,date_police_notified,prim_contributory_cause,sec_contributory_cause,street_no,street_direction,street_name,beat_of_occurrence,num_units,most_severe_injury,injuries_total,injuries_fatal,injuries_incapacitating,injuries_non_incapacitating,injuries_reported_not_evident,injuries_no_indication,injuries_unknown,crash_hour,crash_day_of_week,crash_month,latitude,longitude,location,private_property_i,photos_taken_i,hit_and_run_i,statements_taken_i,crash_date_est_i,work_zone_i,work_zone_type,dooring_i,lane_cnt,workers_present_i
64da1c47de6ebf1aa11904bf97a9b888623760604aa53de5b9b801ef9ecb2ae6beaf4bf1e546a40665a96c997fb54b116d38a69bcd8d11ac9d2b1432716d7640,2025-08-05T17:20:00.000,30,TRAFFIC SIGNAL,FUNCTIONING PROPERLY,CLEAR,DAYLIGHT,REAR END,FOUR WAY,STRAIGHT AND LEVEL,DRY,NO DEFECTS,NOT ON SCENE (DESK REPORT),INJURY AND / OR TOW DUE TO CRASH,Y,"OVER $1,500",2025-08-05T17:30:00.000,"EVASIVE ACTION DUE TO ANIMAL, OBJECT, NONMOTORIST",NOT APPLICABLE,7500,S,LAFAYETTE AVE,623,2,"REPORTED, NOT EVIDENT",1,0,0,0,1,1,0,17,3,8,41.758068532,-87.6265169823,"{'type': 'Point', 'coordinates': [-87.626516982328, 41.75806853202]}",,,,,,,,,,
52aae0fb4b9821cb2b50efeec5b0836568b948e96ba118c5ebb69e8c0d539588452ed55b54009a3af0b3e184f0d30c457ae0c366ad3a0dd7401b97cf65117aa3,2025-08-05T17:17:00.000,30,NO CONTROLS,NO CONTROLS,CLEAR,DAYLIGHT,SIDESWIPE SAME DIRECTION,NOT DIVIDED,STRAIGHT ON GRADE,DRY,NO DEFECTS,NOT ON SCENE (DESK REPORT),NO INJURY / DRIVE AWAY,,"OVER $1,500",2025-08-06T09:45:00.000,UNABLE TO DETERMINE,NOT APPLICABLE,2930,N,SHERIDAN RD,1934,2,NO INDICATION OF INJURY,0,0,0,0,0,2,0,17,3,8,41.9352934992,-87.6395354616,"{'type': 'Point', 'coordinates': [-87.639535461576, 41.935293499188]}",,,Y,,,,,,,
a26c5f25dbbbbb597f12ef99db8790166895dbf213ba2d17e2561748009bcbbb82560ed574a1f1bade3f79f102f7e8e13b30022ee6f830ef4930f3fcc247bd11,2025-08-05T17:07:00.000,30,UNKNOWN,UNKNOWN,CLEAR,DAYLIGHT,SIDESWIPE SAME DIRECTION,ONE-WAY,STRAIGHT AND LEVEL,DRY,UNKNOWN,NOT ON SCENE (DESK REPORT),NO INJURY / DRIVE AWAY,,"OVER $1,500",2025-08-05T19:11:00.000,UNABLE TO DETERMINE,UNABLE TO DETERMINE,166,W,MADISON ST,122,2,NO INDICATION OF INJURY,0,0,0,0,0,2,0,17,3,8,41.8820640616,-87.6328749516,"{'type': 'Point', 'coordinates': [-87.63287495162, 41.882064061573]}",,Y,,,,,,,,
0358658e8009850199d3c2c90f1b7905f70e47822b48032311cc05205b522bf13afe3dd4582cc970df79111ffef4d2344ccb1bbebff75aee72f6d7399c751804,2025-08-05T17:00:00.000,25,TRAFFIC SIGNAL,FUNCTIONING PROPERLY,CLEAR,DAYLIGHT,HEAD ON,DIVIDED - W/MEDIAN (NOT RAISED),STRAIGHT AND LEVEL,DRY,NO DEFECTS,ON SCENE,INJURY AND / OR TOW DUE TO CRASH,Y,"OVER $1,500",2025-08-05T17:04:00.000,PHYSICAL CONDITION OF DRIVER,UNABLE TO DETERMINE,700,W,IRVING PARK RD,1915,2,NONINCAPACITATING INJURY,2,0,0,1,1,0,0,17,3,8,41.9547002709,-87.6480278739,"{'type': 'Point', 'coordinates': [-87.64802787386, 41.954700270862]}",,,,,,,,,,
31b482b0a3137a807396c13143892524394dfea912e2359d3834ec8ae5ad14de3abc42b6bdb88468d8954396fe03abaf6372ecf627bdfd43d80ff7223cf81017,2025-08-05T17:00:00.000,30,UNKNOWN,UNKNOWN,CLEAR,DAYLIGHT,SIDESWIPE SAME DIRECTION,NOT DIVIDED,STRAIGHT AND LEVEL,UNKNOWN,UNKNOWN,NOT ON SCENE (DESK REPORT),NO INJURY / DRIVE AWAY,,"OVER $1,500",2025-08-05T18:30:00.000,UNABLE TO DETERMINE,UNABLE TO DETERMINE,3845,N,BROADWAY,1925,2,NO INDICATION OF INJURY,0,0,0,0,0,2,0,17,3,8,41.9525565876,-87.649500227,"{'type': 'Point', 'coordinates': [-87.649500226975, 41.952556587576]}",,,,,,,,,,
bc29a3ed5226115ac09d712b3df321915bd76e943709e88e05dd46aec7d88451b78aaac8eefd9e9533c85ee4dd47ec36b492aeaf28c8adc501387bb795552183,2025-08-05T17:00:00.000,30,OTHER,NO CONTROLS,CLEAR,DUSK,SIDESWIPE SAME DIRECTION,ONE-WAY,STRAIGHT AND LEVEL,DRY,NO DEFECTS,NOT ON SCENE (DESK REPORT),NO INJURY / DRIVE AWAY,,"$501 - $1,500",2025-08-05T21:00:00.000,IMPROPER OVERTAKING/PASSING,IMPROPER OVERTAKING/PASSING,5506,S,DR MARTIN LUTHER KING JR DR,231,2,NO INDICATION OF INJURY,0,0,0,0,0,3,0,17,3,8,41.7942385238,-87.616112717,"{'type': 'Point', 'coordinates': [-87.616112716961, 41.794238523764]}",,,Y,,,,,,,
c064f8dff220b7b1a8be86806278ceabfaa4b158afb940b2f9eb91090656598241000a776c8ab07659dea8d04de35e94401407eaee6867b9e58780cf0d561636,2025-08-05T17:00:00.000,35,TRAFFIC SIGNAL,FUNCTIONING PROPERLY,CLEAR,DAYLIGHT,REAR END,FOUR WAY,STRAIGHT AND LEVEL,DRY,NO DEFECTS,NOT ON SCENE (DESK REPORT),NO INJURY / DRIVE AWAY,Y,"OVER $1,500",2025-08-05T17:08:00.000,UNABLE TO DETERMINE,UNABLE TO DETERMINE,7901,S,WESTERN AVE,835,2,NO INDICATION OF INJURY,0,0,0,0,0,2,0,17,3,8,41.7500603627,-87.6826991273,"{'type': 'Point', 'coordinates': [-87.682699127318, 41.750060362735]}",,,Y,,,,,,,
f22c49030152c260ce189d94bdfa7b78a9e0305f4bb28ed0c29cfe571ab004c8ab3f5f9038212a6d3bb8fbaab2fc3f019196c2b062e6c382f6c949d60ef69070,2025-08-05T17:00:00.000,20,NO CONTROLS,NO CONTROLS,CLEAR,DAYLIGHT,PARKED MOTOR VEHICLE,OTHER,STRAIGHT AND LEVEL,DRY,NO DEFECTS,NOT ON SCENE (DESK REPORT),NO INJURY / DRIVE AWAY,,"OVER $1,500",2025-08-06T15:30:00.000,IMPROPER LANE USAGE,NOT APPLICABLE,4911,N,OAKLEY AVE,2031,2,NO INDICATION OF INJURY,0,0,0,0,0,1,0,17,3,8,41.9708402905,-87.686402694,"{'type': 'Point', 'coordinates': [-87.686402694031, 41.970840290487]}",,,,,Y,,,,,
b0b2f3af96599ecd35f631d10cd3807d677767bc5e9a2ebe3eb35a96e422a2f46a99e4504d003306802ec4b477e9744124fb0aae8aee76b9459f3a0a4e569f3f,2025-08-05T16:55:00.000,30,NO CONTROLS,NO CONTROLS,CLEAR,DAYLIGHT,PEDESTRIAN,NOT DIVIDED,STRAIGHT AND LEVEL,DRY,NO DEFECTS,ON SCENE,INJURY AND / OR TOW DUE TO CRASH,,"OVER $1,500",2025-08-05T16:56:00.000,FAILING TO REDUCE SPEED TO AVOID CRASH,UNABLE TO DETERMINE,1510,W,GRAND AVE,1215,2,NONINCAPACITATING INJURY,1,0,0,1,0,1,0,16,3,8,41.8911047805,-87.666005771,"{'type': 'Point', 'coordinates': [-87.666005771006, 41.891104780463]}",,,,,,,,,,
750f477921c43db116807fc075f00ec086ed7303cbf3b39cc3447d3f071e2bab3d66857667a6e5dff6e9177f9e67313d6ef56eda4c6d842ef397a5369c026892,2025-08-05T16:50:00.000,30,NO CONTROLS,NO CONTROLS,CLEAR,DAYLIGHT,SIDESWIPE SAME DIRECTION,OTHER,STRAIGHT AND LEVEL,DRY,NO DEFECTS,ON SCENE,NO INJURY / DRIVE AWAY,,$500 OR LESS,2025-08-05T16:56:00.000,IMPROPER OVERTAKING/PASSING,NOT APPLICABLE,5500,S,ELLIS AVE,235,2,NO INDICATION OF INJURY,0,0,0,0,0,2,0,16,3,8,41.7949807541,-87.6014946868,"{'type': 'Point', 'coordinates': [-87.601494686753, 41.79498075406]}",,,,,,,,,,
c9273c4320004559d47055ad9678e663e964d30091bdc0cf57ad970e872bdf406bf7efcdd7465ee16c37904005ba537339171f85bdf53f0c8494826eb3673790,2025-08-05T16:50:00.000,30,NO CONTROLS,NO CONTROLS,CLEAR,DAYLIGHT,TURNING,DIVIDED - W/MEDIAN (NOT RAISED),STRAIGHT AND LEVEL,UNKNOWN,UNKNOWN,NOT ON SCENE (DESK REPORT),NO INJURY / DRIVE AWAY,,"OVER $1,500",2025-08-05T17:26:00.000,FAILING TO YIELD RIGHT-OF-WAY,IMPROPER TURNING/NO SIGNAL,7522,N,CLARK ST,2424,2,NO INDICATION OF INJURY,0,0,0,0,0,3,0,16,3,8,42.0185298485,-87.6761107156,"{'type': 'Point', 'coordinates': [-87.676110715625, 42.018529848534]}",,,,,,,,,,
c4c1d0106405f757e2de5e8a708ef29d6b1fb912c081c85b649b35f8c7d4f59c32bb7a9cbee29d256f596c1688dd7e8acd08d37bce9e550f81927a92c38394be,2025-08-05T16:49:00.000,30,NO CONTROLS,NO CONTROLS,CLEAR,DAYLIGHT,PARKED MOTOR VEHICLE,NOT DIVIDED,STRAIGHT AND LEVEL,DRY,NO DEFECTS,ON SCENE,NO INJURY / DRIVE AWAY,,"OVER $1,500",2025-08-05T17:05:00.000,UNABLE TO DETERMINE,UNABLE TO DETERMINE,4540,W,WAVELAND AVE,1731,2,NO INDICATION OF INJURY,0,0,0,0,0,1,0,16,3,8,41.9481157831,-87.7417630674,"{'type': 'Point', 'coordinates': [-87.741763067379, 41.948115783144]}",,,Y,,,,,,,
6bfac8c768b60e0fd0100d74804e5d2c1cd3192edfb16b36d1c2bf236e237f5241bfaf71f699d4a5e0252ff9529cc28d46ac1f9c1eeb286ff59930a7ade7aedc,2025-08-05T16:46:00.000,30,STOP SIGN/FLASHER,FUNCTIONING PROPERLY,CLEAR,DAYLIGHT,ANGLE,NOT DIVIDED,STRAIGHT AND LEVEL,DRY,UNKNOWN,NOT ON SCENE (DESK REPORT),NO INJURY / DRIVE AWAY,Y,"OVER $1,500",2025-08-05T18:15:00.000,UNABLE TO DETERMINE,NOT APPLICABLE,6660,W,DIVERSEY AVE,2511,2,NO INDICATION OF INJURY,0,0,0,0,0,2,0,16,3,8,41.9310236261,-87.7929683654,"{'type': 'Point', 'coordinates': [-87.792968365352, 41.931023626107]}",,,,,,,,,,
bc949b8159d3b8065ec162f9c426de1fd4db64cb82a459b142c5615351469af5d1aadeec88211c1b20a0dd5eccc4d60b1ebd13b1f4de25318dcaaf501d075faf,2025-08-05T16:45:00.000,30,TRAFFIC SIGNAL,FUNCTIONING PROPERLY,CLEAR,DAYLIGHT,PEDESTRIAN,T-INTERSECTION,STRAIGHT AND LEVEL,DRY,NO DEFECTS,ON SCENE,INJURY AND / OR TOW DUE TO CRASH,,$500 OR LESS,2025-08-05T16:56:00.000,UNABLE TO DETERMINE,NOT APPLICABLE,5950,S,STONY ISLAND AVE,235,3,NONINCAPACITATING INJURY,2,0,0,2,0,1,0,16,3,8,41.7863792137,-87.5867478082,"{'type': 'Point', 'coordinates': [-87.586747808165, 41.786379213656]}",,,,,,,,,,
50941edd5211bb98a3a0f7a33008576cc0e88dd8564a2d44b1ec3dee0a6b6d55a5e4cff0cc53673f7348a354c911ec6d5c019ed9f8ff3ac92ea62621e7c9a593,2025-08-05T16:40:00.000,30,NO CONTROLS,NO CONTROLS,CLEAR,DAYLIGHT,PARKED MOTOR VEHICLE,DIVIDED - W/MEDIAN (NOT RAISED),STRAIGHT AND LEVEL,DRY,NO DEFECTS,NOT ON SCENE (DESK REPORT),NO INJURY / DRIVE AWAY,,"OVER $1,500",2025-08-08T18:00:00.000,UNABLE TO DETERMINE,UNABLE TO DETERMINE,8306,S,YATES BLVD,412,2,NO INDICATION OF INJURY,0,0,0,0,0,1,0,16,3,8,41.7442001881,-87.5662682481,"{'type': 'Point', 'coordinates': [-87.566268248099, 41.744200188109]}",,,Y,,,,,,,
7c74ceddc8f6e1e6cbf11f83815eb3c44d5da9c94ea057a226e809114986c9c740ddf7f68e08fa676f92e202b64ef16d6d01118f54aa1d25f9579c35295fd42a,2025-08-05T16:40:00.000,30,TRAFFIC SIGNAL,FUNCTIONING PROPERLY,CLEAR,DAYLIGHT,PEDESTRIAN,UNKNOWN INTERSECTION TYPE,STRAIGHT AND LEVEL,DRY,NO DEFECTS,NOT ON SCENE (DESK REPORT),INJURY AND / OR TOW DUE TO CRASH,Y,"OVER $1,500",2025-08-05T16:50:00.000,FAILING TO YIELD RIGHT-OF-WAY,NOT APPLICABLE,7900,S,HALSTED ST,621,2,"REPORTED, NOT EVIDENT",1,0,0,0,1,1,0,16,3,8,41.7505495594,-87.6441883678,"{'type': 'Point', 'coordinates': [-87.644188367841, 41.750549559439]}",,,Y,,,,,,,
2756f476c4130cbfd8c2c32e5117dd49fdf9b943178bdb1132fc88e1cad99e324f4279688774e6b779abb83cf3ba5620db848fcd1ac49ed08b3faae69dd2d5e5,2025-08-05T16:37:00.000,40,TRAFFIC SIGNAL,FUNCTIONING PROPERLY,CLEAR,DAYLIGHT,SIDESWIPE SAME DIRECTION,DIVIDED - W/MEDIAN (NOT RAISED),STRAIGHT AND LEVEL,DRY,NO DEFECTS,ON SCENE,NO INJURY / DRIVE AWAY,,"$501 - $1,500",2025-08-05T16:49:00.000,FOLLOWING TOO CLOSELY,NOT APPLICABLE,8101,S,CICERO AVE,834,2,NO INDICATION OF INJURY,0,0,0,0,0,2,0,16,3,8,41.7455135883,-87.7410838505,"{'type': 'Point', 'coordinates': [-87.741083850503, 41.745513588284]}",,,Y,,,,,,,
02068ec5a7f2e7812da8be486c083c6d59200cd525752d0423ff3e6f15405f6933e8f2372bbbe8cae41aed3c74ec6dca4ba0d5f726354257287843f2fe90357f,2025-08-05T16:30:00.000,30,NO CONTROLS,NO CONTROLS,CLEAR,DAYLIGHT,TURNING,ONE-WAY,STRAIGHT AND LEVEL,DRY,NO DEFECTS,NOT ON SCENE (DESK REPORT),NO INJURY / DRIVE AWAY,,"OVER $1,500",2025-08-05T19:00:00.000,FAILING TO YIELD RIGHT-OF-WAY,FAILING TO YIELD RIGHT-OF-WAY,474,N,LAKE SHORE DR,1834,2,NO INDICATION OF INJURY,0,0,0,0,0,2,0,16,3,8,41.8906294315,-87.6143303051,"{'type': 'Point', 'coordinates': [-87.614330305106, 41.890629431539]}",,,N,,,,,,,
21d65280296bb8cac974e50f574eb5d7fcde0f0ed5f497f35cf65b89d475a60a1c233298c703a98fa446936feba673599ad56fbdfa3e17f2b42c1e6e905896a9,2025-08-05T16:30:00.000,15,NO CONTROLS,NO CONTROLS,CLEAR,DAYLIGHT,ANGLE,ALLEY,STRAIGHT AND LEVEL,DRY,UNKNOWN,,NO INJURY / DRIVE AWAY,,"OVER $1,500",2025-08-07T07:40:00.000,UNABLE TO DETERMINE,UNABLE TO DETERMINE,1840,W,NORTH AVE,1434,2,NO INDICATION OF INJURY,0,0,0,0,0,2,0,16,3,8,41.9106455744,-87.6742005869,"{'type': 'Point', 'coordinates': [-87.674200586861, 41.910645574433]}",,,,,,,,,,
d3c6a10ad790720016bcd0a118b1c4659eaa37e8160d261cbd05dc864e5ee86bd28bc496e564e190caeddc8327c757edc61fe7073768daadb1d62f09e16e4af4,2025-08-05T16:30:00.000,25,NO CONTROLS,NO CONTROLS,CLEAR,DAYLIGHT,SIDESWIPE SAME DIRECTION,TRAFFIC ROUTE,STRAIGHT AND LEVEL,DRY,NO DEFECTS,NOT ON SCENE (DESK REPORT),NO INJURY / DRIVE AWAY,,"OVER $1,500",2025-08-05T17:15:00.000,IMPROPER OVERTAKING/PASSING,IMPROPER LANE USAGE,1834,E,95TH ST,413,2,NO INDICATION OF INJURY,0,0,0,0,0,3,0,16,3,8,41.7225334283,-87.578944468,"{'type': 'Point', 'coordinates': [-87.57894446802, 41.722533428257]}",,,,,,,,,,
8d2b68f95625aa6db23e720330f311f7a39c21f4bddb4a365e546ce4914c0f97e7cb2597ee68e7857dc20d01b1ba04d1afac4e98b12da076413eb4bd054e8efb,2025-08-05T16:25:00.000,25,PEDESTRIAN CROSSING SIGN,FUNCTIONING PROPERLY,CLEAR,DAYLIGHT,PEDESTRIAN,NOT DIVIDED,STRAIGHT AND LEVEL,DRY,UNKNOWN,ON SCENE,INJURY AND / OR TOW DUE TO CRASH,Y,"OVER $1,500",2025-08-05T16:26:00.000,FAILING TO YIELD RIGHT-OF-WAY,NOT APPLICABLE,303,E,WACKER DR,114,3,INCAPACITATING INJURY,1,0,1,0,0,2,0,16,3,8,41.8877053794,-87.6205881439,"{'type': 'Point', 'coordinates': [-87.620588143928, 41.887705379378]}",,,,,,,,,,
7cfb5bb8ab5d1c3620a30517b8e155028c0e1cb191783a60397b3e74d4ada6eeed7c65e8dbacccfb62f8216d5e1aebfea66ed2c0bbbfbc7bdbb6e0819d9700ec,2025-08-05T16:21:00.000,30,NO CONTROLS,NO CONTROLS,CLEAR,DAYLIGHT,REAR END,T-INTERSECTION,STRAIGHT AND LEVEL,DRY,UNKNOWN,NOT ON SCENE (DESK REPORT),NO INJURY / DRIVE AWAY,,"OVER $1,500",2025-08-05T18:50:00.000,FOLLOWING TOO CLOSELY,NOT APPLICABLE,3301,N,KEDZIE AVE,1733,2,NO INDICATION OF INJURY,0,0,0,0,0,3,0,16,3,8,41.941124825,-87.707524979,"{'type': 'Point', 'coordinates': [-87.707524979027, 41.941124824983]}",,N,,,,,,,,
c37cd16cff9fd0b61cf17f8b1ca64df77d5ddac9ba7da48180cdb5fbb9171e5d6616771a28a794b47a088695e058e366bd9b359a998c69741c470e7694b1624f,2025-08-05T16:20:00.000,30,NO CONTROLS,NO CONTROLS,CLEAR,DAYLIGHT,REAR END,ONE-WAY,STRAIGHT AND LEVEL,DRY,UNKNOWN,ON SCENE,NO INJURY / DRIVE AWAY,,"$501 - $1,500",2025-08-05T16:22:00.000,FAILING TO REDUCE SPEED TO AVOID CRASH,NOT APPLICABLE,898,W,GARFIELD BLVD,934,2,NO INDICATION OF INJURY,0,0,0,0,0,2,0,16,3,8,41.7943901499,-87.6474798091,"{'type': 'Point', 'coordinates': [-87.647479809109, 41.794390149922]}",,,,,,,,,,
f19704fae95ec0a1a84a122245400e3570b0e113876e28285c15eb44c97be7b301738a192d3acf36e096dc4212696251d274cb5a0b5e197ae1e4e671a4f0adbe,2025-08-05T16:20:00.000,30,TRAFFIC SIGNAL,FUNCTIONING PROPERLY,CLEAR,DAYLIGHT,TURNING,FOUR WAY,STRAIGHT AND LEVEL,DRY,NO DEFECTS,NOT ON SCENE (DESK REPORT),NO INJURY / DRIVE AWAY,Y,"OVER $1,500",2025-08-05T17:30:00.000,UNABLE TO DETERMINE,NOT APPLICABLE,8300,S,DAMEN AVE,614,2,NO INDICATION OF INJURY,0,0,0,0,0,2,0,16,3,8,41.7428499806,-87.673107363,"{'type': 'Point', 'coordinates': [-87.673107362988, 41.742849980643]}",,,,,,,,,,
02cc4b1a02fec01625476cb2fb497742e51ce83d2db25b473f861c198a7dad97e9a128d13e7d55e9e603d7a24b4ed189deabf000e534d14470b055cd42f15648,2025-08-05T16:16:00.000,30,STOP SIGN/FLASHER,FUNCTIONING PROPERLY,CLEAR,DAYLIGHT,REAR END,NOT DIVIDED,STRAIGHT AND LEVEL,UNKNOWN,UNKNOWN,NOT ON SCENE (DESK REPORT),NO INJURY / DRIVE AWAY,,"OVER $1,500",2025-08-07T16:10:00.000,UNABLE TO DETERMINE,UNABLE TO DETERMINE,915,W,87TH ST,2222,2,NO INDICATION OF INJURY,0,0,0,0,0,2,0,16,3,8,41.7359182089,-87.6467597023,"{'type': 'Point', 'coordinates': [-87.646759702334, 41.735918208896]}",,,Y,,,,,,,
fd5fb3983d873151a4006c3d8ac834648aeb313ddcd972db2d6d51ce883189ea6937b4e64828c4d42ab39f5e35a43e825bcb762077552475325eca6ddd71c5bf,2025-08-05T16:16:00.000,40,NO CONTROLS,NO CONTROLS,CLEAR,DAYLIGHT,SIDESWIPE SAME DIRECTION,DIVIDED - W/MEDIAN BARRIER,STRAIGHT AND LEVEL,DRY,NO DEFECTS,ON SCENE,INJURY AND / OR TOW DUE TO CRASH,,"OVER $1,500",2025-08-05T16:20:00.000,FAILING TO REDUCE SPEED TO AVOID CRASH,IMPROPER LANE USAGE,4157,N,LAKE SHORE DR NB,1915,2,INCAPACITATING INJURY,1,0,1,0,0,1,0,16,3,8,41.958290067,-87.6456225073,"{'type': 'Point', 'coordinates': [-87.645622507272, 41.958290066979]}",,,,,,,,,,
455b8158df33d736b0859c59079deb0c1a9fa86ad9428dbd3d81a89d4e1a934bf787b6a2904b9d4f71fecd64ac26bfd8b2dfe0bea2fe19b71b2c44aaac1e226d,2025-08-05T16:15:00.000,30,TRAFFIC SIGNAL,FUNCTIONING PROPERLY,CLEAR,DAYLIGHT,SIDESWIPE SAME DIRECTION,NOT DIVIDED,STRAIGHT AND LEVEL,DRY,NO DEFECTS,NOT ON SCENE (DESK REPORT),NO INJURY / DRIVE AWAY,,"OVER $1,500",2025-08-05T18:51:00.000,DRIVING SKILLS/KNOWLEDGE/EXPERIENCE,NOT APPLICABLE,3146,S,ASHLAND AVE,912,2,NO INDICATION OF INJURY,0,0,0,0,0,3,0,16,3,8,41.8364030094,-87.6658588057,"{'type': 'Point', 'coordinates': [-87.665858805691, 41.836403009399]}",,,,,,,,,,
6b16d50c91eee79764fb2e8893def4d933b5dd6f422ae01f3f6a495cbdb098c4a18ee6ed04c42b466f34f8ab309edd6bd6eb1521c3c33746287267838c991c1c,2025-08-05T16:15:00.000,30,TRAFFIC SIGNAL,FUNCTIONING PROPERLY,CLEAR,DAYLIGHT,TURNING,"FIVE POINT, OR MORE",STRAIGHT AND LEVEL,DRY,NO DEFECTS,ON SCENE,NO INJURY / DRIVE AWAY,Y,"$501 - $1,500",2025-08-05T16:18:00.000,FAILING TO YIELD RIGHT-OF-WAY,UNABLE TO DETERMINE,3920,W,OGDEN AVE,1014,2,NO INDICATION OF INJURY,0,0,0,0,0,2,0,16,3,8,41.8518166556,-87.7232021755,"{'type': 'Point', 'coordinates': [-87.723202175463, 41.851816655566]}",,,,,Y,,,,,
818c7660e9323332832f36fe040217d1b5ad560cd22d54b322a04cefc6320de38a3068136e991b80d90f9bb7ea7672e6d31af67ea34f8fdf40dfdbaa08661ff3,2025-08-05T16:15:00.000,30,NO CONTROLS,NO CONTROLS,CLEAR,DAYLIGHT,TURNING,FOUR WAY,STRAIGHT AND LEVEL,DRY,NO DEFECTS,ON SCENE,NO INJURY / DRIVE AWAY,,"OVER $1,500",2025-08-05T16:23:00.000,FOLLOWING TOO CLOSELY,NOT APPLICABLE,1719,W,PETERSON AVE,2012,2,NO INDICATION OF INJURY,0,0,0,0,0,2,0,16,3,8,41.9906829113,-87.6723932994,"{'type': 'Point', 'coordinates': [-87.672393299423, 41.990682911319]}",,,,Y,,,,,,
910a681cc34e14e6fd89fc383fc5990208f5a1cdc43ebd4b9d6a0f4a74964493369c2dc01bec90eee686c133eb71ed55e9eacff6f943b5a55d55c786fbe5397c,2025-08-05T16:15:00.000,20,NO CONTROLS,NO CONTROLS,CLEAR,DAYLIGHT,REAR TO SIDE,PARKING LOT,STRAIGHT AND LEVEL,DRY,NO DEFECTS,ON SCENE,NO INJURY / DRIVE AWAY,,"OVER $1,500",2025-08-05T16:37:00.000,UNABLE TO DETERMINE,NOT APPLICABLE,524,W,OHARE ST,1654,2,NO INDICATION OF INJURY,0,0,0,0,0,2,0,16,3,8,,,,,,,,Y,,,,,
9f91d3c19738222c8ad592e165efb50f8e0c31db1604d155b624cfef614036b835a8678ecb581891f677fc520a8811c097e0517ca142be40c2abbbecc93f64d8,2025-08-05T16:15:00.000,30,NO CONTROLS,NO CONTROLS,CLEAR,DAYLIGHT,SIDESWIPE SAME DIRECTION,ONE-WAY,STRAIGHT AND LEVEL,UNKNOWN,UNKNOWN,NOT ON SCENE (DESK REPORT),NO INJURY / DRIVE AWAY,,"OVER $1,500",2025-08-05T17:15:00.000,FAILING TO YIELD RIGHT-OF-WAY,FAILING TO REDUCE SPEED TO AVOID CRASH,244,E,ONTARIO ST,1834,2,NO INDICATION OF INJURY,0,0,0,0,0,2,0,16,3,8,41.893490241,-87.6215492527,"{'type': 'Point', 'coordinates': [-87.621549252669, 41.893490240983]}",,,,,,,,,,
bcda5aeff8749042034aa0862a5cddc554ece5474ff50ed7d972afc8bf4038579d34f2ab2b04ae6f15544184bed71ea29cf1e0a76d4efe3b8ae84ad715b7323f,2025-08-05T16:15:00.000,25,NO CONTROLS,NO CONTROLS,CLEAR,DAYLIGHT,SIDESWIPE SAME DIRECTION,NOT DIVIDED,STRAIGHT AND LEVEL,DRY,NO DEFECTS,NOT ON SCENE (DESK REPORT),NO INJURY / DRIVE AWAY,,"OVER $1,500",2025-08-06T12:56:00.000,NOT APPLICABLE,NOT APPLICABLE,298,N,MICHIGAN AVE,111,2,NO INDICATION OF INJURY,0,0,0,0,0,2,0,16,3,8,41.8867539205,-87.6246820471,"{'type': 'Point', 'coordinates': [-87.624682047135, 41.886753920482]}",,,,,,,,,,
c699e7ffa2f587e04d4fcca4c5a58a9e84696f7147aefc280e72c80221d21992e09227250400706083df6bdf5ed73cf40cc5d0e0bf4312134bc9835885c529ba,2025-08-05T16:15:00.000,30,UNKNOWN,UNKNOWN,CLEAR,DAYLIGHT,SIDESWIPE SAME DIRECTION,NOT DIVIDED,STRAIGHT AND LEVEL,UNKNOWN,UNKNOWN,NOT ON SCENE (DESK REPORT),NO INJURY / DRIVE AWAY,,"OVER $1,500",2025-08-05T17:50:00.000,UNABLE TO DETERMINE,UNABLE TO DETERMINE,720,N,FAIRBANKS CT,1834,2,NO INDICATION OF INJURY,0,0,0,0,0,2,0,16,3,8,41.8957565831,-87.6204914809,"{'type': 'Point', 'coordinates': [-87.620491480853, 41.895756583051]}",,,,,,,,,,
a464867f608197b0c07fc2661d5bd48e978d3a2be7579700d2264c87b38bd7b590beaccce568e97bad08ebdd6156b0ad5e18cd806f4529a5046723936cf43dfa,2025-08-05T16:13:00.000,30,NO CONTROLS,NO CONTROLS,CLEAR,DAYLIGHT,SIDESWIPE SAME DIRECTION,DIVIDED - W/MEDIAN (NOT RAISED),STRAIGHT AND LEVEL,DRY,NO DEFECTS,ON SCENE,NO INJURY / DRIVE AWAY,,"OVER $1,500",2025-08-05T16:14:00.000,IMPROPER OVERTAKING/PASSING,DRIVING SKILLS/KNOWLEDGE/EXPERIENCE,6900,S,HALSTED ST,733,2,NO INDICATION OF INJURY,0,0,0,0,0,2,0,16,3,8,41.7687443409,-87.6446513782,"{'type': 'Point', 'coordinates': [-87.644651378169, 41.768744340933]}",,,,,,,,,,
4203a83d2d2b39fbbe1ec99c7c6d5763ea924bb57df601512053a76e80d426ffb542ff98a7a9f5f10aa8b35024c8c077bd4503fbaeda38f52ae92cadf66cd464,2025-08-05T16:12:00.000,30,UNKNOWN,UNKNOWN,UNKNOWN,UNKNOWN,SIDESWIPE SAME DIRECTION,NOT DIVIDED,STRAIGHT AND LEVEL,UNKNOWN,UNKNOWN,NOT ON SCENE (DESK REPORT),NO INJURY / DRIVE AWAY,,$500 OR LESS,2025-08-12T14:54:00.000,UNABLE TO DETERMINE,UNABLE TO DETERMINE,6805,N,RIDGE BLVD,2424,2,NO INDICATION OF INJURY,0,0,0,0,0,2,0,16,3,8,42.0054260674,-87.6801168129,"{'type': 'Point', 'coordinates': [-87.680116812908, 42.005426067391]}",,,,,,,,,,