crash_record_id,crash_date,posted_speed_limit,traffic_control_device,device_condition,weather_condition,lighting_condition,first_crash_type,trafficway_type,alignment,roadway_surface_cond,road_defect,report_type,crash_type,intersection_related_i,damage,date_police_notified,prim_contributory_cause,sec_contributory_cause,street_no,street_direction,street_name,beat_of_occurrence,num_units,most_severe_injury,injuries_total,injuries_fatal,injuries_incapacitating,injuries_non_incapacitating,injuries_reported_not_evident,injuries_no_indication,injuries_unknown,crash_hour,crash_day_of_week,crash_month,latitude,longitude,location,private_property_i,photos_taken_i,hit_and_run_i,statements_taken_i,crash_date_est_i,work_zone_i,work_zone_type,dooring_i,lane_cnt,workers_present_i
8596d37d268ffbf93f5c026063022175373e309726f1c4ee8f2fa6e880acf62ed679ede1b80241beb46398d6f00b10d3bc265e6c49a64611a5fc9c829cda8f45,2025-08-05T16:10:00.000,35,NO CONTROLS,NO CONTROLS,CLEAR,DAYLIGHT,TURNING,DIVIDED - W/MEDIAN BARRIER,STRAIGHT AND LEVEL,DRY,NO DEFECTS,ON SCENE,INJURY AND / OR TOW DUE TO CRASH,,"OVER $1,500",2025-08-05T16:23:00.000,FAILING TO YIELD RIGHT-OF-WAY,IMPROPER TURNING/NO SIGNAL,3925,W,103RD ST,2211,2,NONINCAPACITATING INJURY,3,0,0,3,0,0,0,16,3,8,41.7058044025,-87.7195262252,"{'type': 'Point', 'coordinates': [-87.719526225202, 41.705804402538]}",,,,,,,,,,
a29978bebfcec068235cca458d5c5868166dca2a8030777dbd48260a08ce93fdf75916e90f94a6ea527cc53268ec97054ba491bc57c1308dc8d7c00bf79b49b5,2025-08-05T16:10:00.000,30,NO CONTROLS,NO CONTROLS,CLEAR,DAYLIGHT,ANGLE,ONE-WAY,STRAIGHT AND LEVEL,DRY,NO DEFECTS,NOT ON SCENE (DESK REPORT),NO INJURY / DRIVE AWAY,,"OVER $1,500",2025-08-05T18:45:00.000,FAILING TO YIELD RIGHT-OF-WAY,NOT APPLICABLE,644,N,ST CLAIR ST,1834,2,NO INDICATION OF INJURY,0,0,0,0,0,2,0,16,3,8,41.8939011752,-87.622876609,"{'type': 'Point', 'coordinates': [-87.622876608993, 41.893901175151]}",,,,,,,,,,
b09b2bace3e9481b29af47bb4fea9c719a3a99778383efde53e8b7998ec65c5889cb5e1b51fc0d6483ef6ee01b247fddb1bd51e74a27aee1372ef7a3bb7e8466,2025-08-05T16:10:00.000,30,NO CONTROLS,NO CONTROLS,CLEAR,DAYLIGHT,PEDALCYCLIST,NOT DIVIDED,STRAIGHT AND LEVEL,DRY,NO DEFECTS,NOT ON SCENE (DESK REPORT),INJURY AND / OR TOW DUE TO CRASH,,"OVER $1,500",2025-08-05T17:15:00.000,UNABLE TO DETERMINE,NOT APPLICABLE,1315,S,HALSTED ST,1232,2,"REPORTED, NOT EVIDENT",1,0,0,0,1,1,0,16,3,8,41.8648845442,-87.6467036088,"{'type': 'Point', 'coordinates': [-87.64670360884, 41.864884544168]}",,,Y,,,,,Y,,
d5e16b2cea33cd6b5fdd89da91cf6ae138e73a5d51733db96cd16c75ad05b606df23fb5b1e464e975f76649f6eec21d0a4083d553d3e09c2aa8afccb62ca934a,2025-08-05T16:10:00.000,30,NO CONTROLS,NO CONTROLS,CLEAR,DAYLIGHT,REAR END,NOT DIVIDED,STRAIGHT AND LEVEL,DRY,NO DEFECTS,ON SCENE,NO INJURY / DRIVE AWAY,,"OVER $1,500",2025-08-05T16:16:00.000,UNABLE TO DETERMINE,UNABLE TO DETERMINE,6500,S,DR MARTIN LUTHER KING JR DR,312,2,NO INDICATION OF INJURY,0,0,0,0,0,6,0,16,3,8,41.7765106171,-87.6156798597,"{'type': 'Point', 'coordinates': [-87.615679859657, 41.776510617137]}",,,Y,,,,,,,
3f8b3884e3e70131dff854742cff6cb83fe43e8be76a9a0301b35f7c9ec3fffa66dceecc5d61decf6308906b1f45acc46f691ddf6eb9923c0d456c4a9987b0f0,2025-08-05T16:07:00.000,30,TRAFFIC SIGNAL,FUNCTIONING PROPERLY,CLEAR,DAYLIGHT,TURNING,NOT DIVIDED,STRAIGHT AND LEVEL,DRY,NO DEFECTS,ON SCENE,NO INJURY / DRIVE AWAY,Y,"OVER $1,500",2025-08-05T16:07:00.000,FAILING TO YIELD RIGHT-OF-WAY,FAILING TO YIELD RIGHT-OF-WAY,2734,W,PETERSON AVE,2413,2,NO INDICATION OF INJURY,0,0,0,0,0,3,0,16,3,8,41.9905587015,-87.6984002623,"{'type': 'Point', 'coordinates': [-87.698400262339, 41.990558701478]}",,,,,,,,,,
d0913c0bfc4cfa2c30ba9e17c3694522237ffc1e77479518a7da73af7b7b98f9ecbb1eea0724adc77e66e2326e1e14c4736edb72c6aa20322fa29b0c69fc84de,2025-08-05T16:07:00.000,30,UNKNOWN,UNKNOWN,CLEAR,DAYLIGHT,TURNING,NOT DIVIDED,STRAIGHT AND LEVEL,DRY,UNKNOWN,ON SCENE,NO INJURY / DRIVE AWAY,,"OVER $1,500",2025-08-05T17:00:00.000,FAILING TO REDUCE SPEED TO AVOID CRASH,FAILING TO REDUCE SPEED TO AVOID CRASH,2010,W,WASHBURNE AVE,1233,2,NO INDICATION OF INJURY,0,0,0,0,0,2,0,16,3,8,41.8659477816,-87.6767262934,"{'type': 'Point', 'coordinates': [-87.676726293441, 41.865947781563]}",,,,,,,,,,
b65eb965e9d7f2b95035294234c6af8400496877460aee4b863edb7088547b1b3df683e07298fa5e653d0b7cc531a5911daa37cc2bd7ab3f5953295446420d25,2025-08-05T16:05:00.000,30,UNKNOWN,UNKNOWN,UNKNOWN,UNKNOWN,ANGLE,NOT DIVIDED,STRAIGHT AND LEVEL,UNKNOWN,UNKNOWN,NOT ON SCENE (DESK REPORT),NO INJURY / DRIVE AWAY,,$500 OR LESS,2025-08-05T17:29:00.000,UNABLE TO DETERMINE,UNABLE TO DETERMINE,7141,N,KEDZIE AVE,2411,2,NO INDICATION OF INJURY,0,0,0,0,0,2,0,16,3,8,42.0112767679,-87.7089566768,"{'type': 'Point', 'coordinates': [-87.708956676772, 42.011276767884]}",,,,,,,,,,
d2c9f05b86b260a6441ca3f5f80cc34e39ccc9dd825c576770f3f0a3f1b7697a60ce8577e3ca5b36333a4b06cb931bccba301983f49ea68149f7b55cf6c577df,2025-08-05T16:03:00.000,30,TRAFFIC SIGNAL,FUNCTIONING PROPERLY,CLEAR,DAYLIGHT,SIDESWIPE SAME DIRECTION,NOT DIVIDED,STRAIGHT AND LEVEL,DRY,UNKNOWN,ON SCENE,NO INJURY / DRIVE AWAY,N,"OVER $1,500",2025-08-05T16:03:00.000,IMPROPER OVERTAKING/PASSING,NOT APPLICABLE,801,N,HAMLIN AVE,1112,2,NO INDICATION OF INJURY,0,0,0,0,0,2,0,16,3,8,41.8955078092,-87.7210490141,"{'type': 'Point', 'coordinates': [-87.721049014108, 41.895507809202]}",,,,,,,,,,
e7b43ec30b8ff71432258296138d85ad6b9797ad58ccfa70af257af39cdcd2dc256ce5dbb2f7bc44793061bd314bdb8b878efb2d92d94f633c714bc3c86cc245,2025-08-05T16:03:00.000,30,NO CONTROLS,NO CONTROLS,CLEAR,DAYLIGHT,SIDESWIPE SAME DIRECTION,NOT DIVIDED,STRAIGHT AND LEVEL,DRY,UNKNOWN,NOT ON SCENE (DESK REPORT),NO INJURY / DRIVE AWAY,,"OVER $1,500",2025-08-05T17:00:00.000,DRIVING SKILLS/KNOWLEDGE/EXPERIENCE,NOT APPLICABLE,4700,S,KEDZIE AVE,821,2,NO INDICATION OF INJURY,0,0,0,0,0,2,0,16,3,8,41.8080472717,-87.7041188223,"{'type': 'Point', 'coordinates': [-87.704118822299, 41.80804727165]}",,,,,,,,,,
bca8440efd062fa8f38056b285d1afabce74aa602236cf2da71c2c7838b903806762ff96da9d5221c598d1a72e5460c3520bf11bc121b164abd630a4da3040ce,2025-08-05T16:00:00.000,30,TRAFFIC SIGNAL,NO CONTROLS,CLEAR,DAYLIGHT,SIDESWIPE OPPOSITE DIRECTION,OTHER,STRAIGHT AND LEVEL,DRY,NO DEFECTS,ON SCENE,NO INJURY / DRIVE AWAY,,$500 OR LESS,2025-08-05T16:03:00.000,TURNING RIGHT ON RED,NOT APPLICABLE,5900,S,INDIANA AVE,232,2,NO INDICATION OF INJURY,0,0,0,0,0,3,0,16,3,8,41.7873511405,-87.6208027124,"{'type': 'Point', 'coordinates': [-87.620802712403, 41.787351140458]}",,,N,,,,,,,
d0e5e18ff002750328dc009d86a15ef5792ed7794e91b924e739fce892649ee9b9904f73003e0ffdf47da44af1cdaa5a8b5238035c564513253b10ca5fb20672,2025-08-05T16:00:00.000,30,TRAFFIC SIGNAL,FUNCTIONING PROPERLY,CLEAR,DAYLIGHT,TURNING,NOT DIVIDED,STRAIGHT AND LEVEL,DRY,NO DEFECTS,NOT ON SCENE (DESK REPORT),NO INJURY / DRIVE AWAY,,"OVER $1,500",2025-08-05T17:15:00.000,IMPROPER TURNING/NO SIGNAL,UNABLE TO DETERMINE,2400,N,WESTERN AVE,1431,2,NO INDICATION OF INJURY,0,0,0,0,0,2,0,16,3,8,41.9249359441,-87.6877902547,"{'type': 'Point', 'coordinates': [-87.687790254713, 41.924935944091]}",,,,,,,,,,
bef410652b34beb285e7f717f5e679796da55da18ab530e58673035b75559d5d33ba5c0910ff602333648a54db518d33cdd94d7b8b7a0746b1114436c39ec64d,2025-08-05T15:55:00.000,10,NO CONTROLS,NO CONTROLS,CLEAR,DAYLIGHT,FIXED OBJECT,PARKING LOT,STRAIGHT AND LEVEL,UNKNOWN,UNKNOWN,NOT ON SCENE (DESK REPORT),NO INJURY / DRIVE AWAY,,"OVER $1,500",2025-08-05T16:47:00.000,DRIVING SKILLS/KNOWLEDGE/EXPERIENCE,NOT APPLICABLE,2451,W,TOUHY AVE,2411,1,NO INDICATION OF INJURY,0,0,0,0,0,1,0,15,3,8,42.0121283864,-87.6922023259,"{'type': 'Point', 'coordinates': [-87.692202325901, 42.012128386362]}",Y,,,,,,,,,
746fe9fac0dac033b56ac24fc1b8c26d6bb653df53f2a54cc53dce2928e4a53376145ecb7577274ac0807ea82ef5379c0f3dc05fe8c28e2242d70b9f755f505d,2025-08-05T15:54:00.000,30,NO CONTROLS,NO CONTROLS,CLEAR,DAYLIGHT,REAR END,NOT DIVIDED,STRAIGHT AND LEVEL,DRY,NO DEFECTS,ON SCENE,INJURY AND / OR TOW DUE TO CRASH,Y,"OVER $1,500",2025-08-05T15:56:00.000,PHYSICAL CONDITION OF DRIVER,FAILING TO REDUCE SPEED TO AVOID CRASH,5401,S,STATE ST,225,2,NONINCAPACITATING INJURY,1,0,0,1,0,1,0,15,3,8,41.7963855653,-87.6255989266,"{'type': 'Point', 'coordinates': [-87.625598926569, 41.796385565261]}",,,,,,,,,,
45aab320e0ec46d6fc2177e03a1b966c03d0b7c3a4b0dffda6cd0ed5da49f5c0fc28d17343d9492429cce92182313204eb30c85a76252fa398712e3b7d54dcb7,2025-08-05T15:50:00.000,30,TRAFFIC SIGNAL,FUNCTIONING PROPERLY,CLEAR,DAYLIGHT,TURNING,FOUR WAY,STRAIGHT AND LEVEL,DRY,UNKNOWN,NOT ON SCENE (DESK REPORT),NO INJURY / DRIVE AWAY,Y,"OVER $1,500",2025-08-12T14:25:00.000,DISREGARDING TRAFFIC SIGNALS,NOT APPLICABLE,2400,N,WESTERN AVE,1431,2,NO INDICATION OF INJURY,0,0,0,0,0,3,0,15,3,8,41.9249359441,-87.6877902547,"{'type': 'Point', 'coordinates': [-87.687790254713, 41.924935944091]}",,Y,,,,,,,,
de2be167e187d7b0494143fe55d4098ed141bb3deb50a5c912c96b8c4eb9039a8b0344530982217c0a6aed0ceaa7bff7d99255d50a6c043e931e92f158b2eefe,2025-08-05T15:48:00.000,30,NO CONTROLS,NO CONTROLS,CLEAR,DAYLIGHT,SIDESWIPE SAME DIRECTION,DIVIDED - W/MEDIAN BARRIER,STRAIGHT AND LEVEL,DRY,NO DEFECTS,ON SCENE,NO INJURY / DRIVE AWAY,,"OVER $1,500",2025-08-05T15:49:00.000,IMPROPER LANE USAGE,FAILING TO YIELD RIGHT-OF-WAY,5972,N,CLARK ST,2012,3,NO INDICATION OF INJURY,0,0,0,0,0,4,0,15,3,8,41.9905912089,-87.6701642485,"{'type': 'Point', 'coordinates': [-87.670164248462, 41.99059120886]}",,,,,,,,,,
516fcc721c60621762c8a9f39aa7932a36f68a7b16475875f28d2cee3660dc9d48e5099bba4043d87341aa53aed311ffcfc0fe395c68618c4bec19741b07a4ab,2025-08-05T15:46:00.000,30,UNKNOWN,UNKNOWN,CLEAR,DAYLIGHT,REAR END,"FIVE POINT, OR MORE",STRAIGHT AND LEVEL,DRY,UNKNOWN,NOT ON SCENE (DESK REPORT),INJURY AND / OR TOW DUE TO CRASH,,"$501 - $1,500",2025-08-07T12:55:00.000,UNABLE TO DETERMINE,NOT APPLICABLE,350,W,ONTARIO ST,1831,3,NONINCAPACITATING INJURY,1,0,0,1,0,2,0,15,3,8,41.8932507701,-87.6375556861,"{'type': 'Point', 'coordinates': [-87.637555686078, 41.89325077006]}",,,,,,,,,,
597e40c45c8f1a01b0084477afab3cfa5f8e38bcba2b9a5256104a652c170f41f8b612d015765e64d2bcdde72c44c89627cd37b7e4c6fca3a6ea07952afc0e92,2025-08-05T15:45:00.000,30,TRAFFIC SIGNAL,FUNCTIONING PROPERLY,CLEAR,DAYLIGHT,ANGLE,FOUR WAY,STRAIGHT AND LEVEL,DRY,NO DEFECTS,NOT ON SCENE (DESK REPORT),INJURY AND / OR TOW DUE TO CRASH,Y,"OVER $1,500",2025-08-05T16:10:00.000,FAILING TO YIELD RIGHT-OF-WAY,FAILING TO YIELD RIGHT-OF-WAY,4000,W,MADISON ST,1115,2,"REPORTED, NOT EVIDENT",2,0,0,0,2,0,0,15,3,8,41.8808342998,-87.7257965972,"{'type': 'Point', 'coordinates': [-87.725796597174, 41.880834299772]}",,,,,,,,,,
5a37c8a1a90f1f3f761da1440f684ca615c096a62da38b49b794453cf9f76175b5a956275fa2abf72a22200195f683afd4e5ff86651e5a91233b9a7e14754551,2025-08-05T15:45:00.000,30,TRAFFIC SIGNAL,FUNCTIONING PROPERLY,CLEAR,DAYLIGHT,SIDESWIPE SAME DIRECTION,NOT DIVIDED,STRAIGHT AND LEVEL,DRY,NO DEFECTS,NOT ON SCENE (DESK REPORT),NO INJURY / DRIVE AWAY,,"OVER $1,500",2025-08-06T18:04:00.000,IMPROPER OVERTAKING/PASSING,NOT APPLICABLE,4501,W,63RD ST,813,2,NO INDICATION OF INJURY,0,0,0,0,0,2,0,15,3,8,41.778405479,-87.7350249949,"{'type': 'Point', 'coordinates': [-87.735024994925, 41.778405479019]}",,,,,,,,,,
0fe29635bc1944da8688bc2fc488bcf9651339d70562f28eaea1cadc9da2381873089e4f434c57292d839073da68d243ce89bee91122893ce8ae7cab60c4efd2,2025-08-05T15:44:00.000,30,NO CONTROLS,NO CONTROLS,CLEAR,DAYLIGHT,SIDESWIPE SAME DIRECTION,NOT DIVIDED,STRAIGHT AND LEVEL,DRY,UNKNOWN,ON SCENE,INJURY AND / OR TOW DUE TO CRASH,,"OVER $1,500",2025-08-05T16:03:00.000,FOLLOWING TOO CLOSELY,FOLLOWING TOO CLOSELY,1235,W,NORWOOD ST,2433,2,NO INDICATION OF INJURY,0,0,0,0,0,2,0,15,3,8,41.9916954592,-87.6616804422,"{'type': 'Point', 'coordinates': [-87.661680442188, 41.991695459217]}",,,,,,,,,,
2b2806b41e0fa0fffc6ad33ab5e341b068618dde236102e6e86f0e639a2e4a6898bb8dcfd585af2ce37e3c4fa66b8a2ac618a5042b558e1e9f0daba011735b19,2025-08-05T15:35:00.000,30,NO CONTROLS,NO CONTROLS,CLEAR,DAYLIGHT,PARKED MOTOR VEHICLE,ONE-WAY,STRAIGHT AND LEVEL,DRY,NO DEFECTS,NOT ON SCENE (DESK REPORT),NO INJURY / DRIVE AWAY,,"OVER $1,500",2025-08-05T15:55:00.000,DRIVING SKILLS/KNOWLEDGE/EXPERIENCE,DRIVING SKILLS/KNOWLEDGE/EXPERIENCE,925,W,BELLE PLAINE AVE,1915,2,NO INDICATION OF INJURY,0,0,0,0,0,1,0,15,3,8,41.9565595326,-87.6529930064,"{'type': 'Point', 'coordinates': [-87.65299300639, 41.956559532621]}",,,,,,,,,,
8e54dbe22060e5521f4939eb1063d69292dc2a56358c19afb3557fe506bf5a90466eddb904fdf451c68ee4f6fdb3712051960114762702453071b8ec9fd08566,2025-08-05T15:30:00.000,30,TRAFFIC SIGNAL,FUNCTIONING PROPERLY,CLEAR,DAYLIGHT,REAR END,NOT DIVIDED,STRAIGHT AND LEVEL,DRY,NO DEFECTS,NOT ON SCENE (DESK REPORT),INJURY AND / OR TOW DUE TO CRASH,,"$501 - $1,500",2025-08-06T18:00:00.000,UNABLE TO DETERMINE,UNABLE TO DETERMINE,3500,S,WESTERN BLVD,911,2,NONINCAPACITATING INJURY,1,0,0,1,0,1,0,15,3,8,41.8302367756,-87.6846047573,"{'type': 'Point', 'coordinates': [-87.684604757265, 41.830236775648]}",,,,,,,,,,
6f4b042eaf97c2cdd7b4a53b564f742d689e88b42bb007b829f79711da2fcd69c91f8ce1056162f09b21d9f7dd89319437ed58dcb4f7703e6d272642aa39e471,2025-08-05T15:28:00.000,30,NO CONTROLS,NO CONTROLS,CLEAR,DAYLIGHT,PARKED MOTOR VEHICLE,DIVIDED - W/MEDIAN (NOT RAISED),STRAIGHT AND LEVEL,DRY,UNKNOWN,ON SCENE,NO INJURY / DRIVE AWAY,,$500 OR LESS,2025-08-05T15:52:00.000,UNABLE TO DETERMINE,NOT APPLICABLE,10335,S,VINCENNES AVE,2232,2,NO INDICATION OF INJURY,0,0,0,0,0,1,0,15,3,8,41.7056980407,-87.6562762843,"{'type': 'Point', 'coordinates': [-87.656276284325, 41.705698040701]}",,,Y,,,,,,,
f93c384216cc2a462b1188ad345dd4a4d32979062719f7a7f01f07b14c1cc1af42fd72a1bcc01f45b5e2633a3d55abdaa8181d34a85e6a55ea2a618f9e7b60d7,2025-08-05T15:20:00.000,30,TRAFFIC SIGNAL,FUNCTIONING PROPERLY,UNKNOWN,UNKNOWN,TURNING,DIVIDED - W/MEDIAN BARRIER,STRAIGHT AND LEVEL,UNKNOWN,UNKNOWN,NOT ON SCENE (DESK REPORT),NO INJURY / DRIVE AWAY,Y,"OVER $1,500",2025-08-06T17:06:00.000,IMPROPER TURNING/NO SIGNAL,IMPROPER TURNING/NO SIGNAL,5502,W,DEVON AVE,1621,2,NO INDICATION OF INJURY,0,0,0,0,0,2,0,15,3,8,41.9974543646,-87.7659041629,"{'type': 'Point', 'coordinates': [-87.765904162881, 41.997454364568]}",,,,,,,,,,
cba052c1efd575dbd766070d344e4f97fa1d3d278e6671a5dec0e4172a743060aed8df72192bf0ab9d956674b86a5c09c791f22de62dec82af96e7bb41fa9854,2025-08-05T15:17:00.000,30,NO CONTROLS,NO CONTROLS,CLEAR,DAYLIGHT,PARKED MOTOR VEHICLE,PARKING LOT,STRAIGHT AND LEVEL,DRY,UNKNOWN,NOT ON SCENE (DESK REPORT),NO INJURY / DRIVE AWAY,,"OVER $1,500",2025-08-05T15:17:00.000,IMPROPER BACKING,NOT APPLICABLE,2111,W,FULLERTON AVE,1432,2,NO INDICATION OF INJURY,0,0,0,0,0,2,0,15,3,8,41.9248805845,-87.6809368799,"{'type': 'Point', 'coordinates': [-87.680936879883, 41.924880584505]}",,Y,,,,,,,,
5bf218b529b7a5818c72b2b73236db8f045b5346d5b94f2d1727b38543eb5f844c93bb133c797e436b069a61fc4b751c653e97f018e85cfbba13148c0edfd32d,2025-08-05T15:15:00.000,30,STOP SIGN/FLASHER,FUNCTIONING PROPERLY,CLEAR,DAYLIGHT,ANGLE,FOUR WAY,STRAIGHT AND LEVEL,DRY,NO DEFECTS,NOT ON SCENE (DESK REPORT),NO INJURY / DRIVE AWAY,Y,"$501 - $1,500",2025-08-05T15:40:00.000,FAILING TO YIELD RIGHT-OF-WAY,UNABLE TO DETERMINE,9500,S,WOOD ST,2213,2,NO INDICATION OF INJURY,0,0,0,0,0,2,0,15,3,8,41.7211005274,-87.6675902621,"{'type': 'Point', 'coordinates': [-87.667590262094, 41.721100527432]}",,,,,,,,,,
822d00a7c3f4a4b8027e8cb6a07f0dab2c7dc7af173b8d5aa8e159b79dd0896961b67929fba201b746fad98caad081798ba79726031ff0ba1b6d5988c92a9890,2025-08-05T15:15:00.000,30,NO CONTROLS,NO CONTROLS,CLEAR,DAYLIGHT,ANGLE,PARKING LOT,STRAIGHT AND LEVEL,DRY,NO DEFECTS,,NO INJURY / DRIVE AWAY,,"OVER $1,500",2025-08-05T16:20:00.000,FAILING TO YIELD RIGHT-OF-WAY,UNABLE TO DETERMINE,11840,S,MARSHFIELD AVE,2234,2,NO INDICATION OF INJURY,0,0,0,0,0,4,0,15,3,8,41.6781204127,-87.6626390272,"{'type': 'Point', 'coordinates': [-87.662639027162, 41.678120412663]}",,,,,,,,,,
e995f6ab6ba57510648ce7d8c73fb6b639e9ac0c535e3e4be522af1a8344fdfe21dd6da077ee1ac5ff688bf1e9f681f2801418aba7320e2073a4c1a2c73513d2,2025-08-05T15:12:00.000,30,NO CONTROLS,NO CONTROLS,CLEAR,DAYLIGHT,REAR END,NOT DIVIDED,STRAIGHT AND LEVEL,DRY,NO DEFECTS,NOT ON SCENE (DESK REPORT),NO INJURY / DRIVE AWAY,,"OVER $1,500",2025-08-06T15:27:00.000,FAILING TO REDUCE SPEED TO AVOID CRASH,NOT APPLICABLE,2956,S,WESTERN AVE,1034,2,NO INDICATION OF INJURY,0,0,0,0,0,3,0,15,3,8,41.8392557001,-87.6853732868,"{'type': 'Point', 'coordinates': [-87.685373286822, 41.8392557001]}",,,Y,,,,,,,
307e0727dc3217134e11e91a5501504920c3ff5e9b7f5cf7665c24e160492775adc36648eb4ccf1d9736c514aa7141895b17415eb4ae9eccf1a677ed1fd05070,2025-08-05T15:00:00.000,20,NO CONTROLS,NO CONTROLS,CLEAR,DAYLIGHT,PARKED MOTOR VEHICLE,PARKING LOT,STRAIGHT AND LEVEL,DRY,NO DEFECTS,NOT ON SCENE (DESK REPORT),NO INJURY / DRIVE AWAY,,$500 OR LESS,2025-08-06T15:49:00.000,UNABLE TO DETERMINE,UNABLE TO DETERMINE,25,N,MICHIGAN AVE,114,2,NO INDICATION OF INJURY,0,0,0,0,0,1,0,15,3,8,41.882670497,-87.6242415386,"{'type': 'Point', 'coordinates': [-87.624241538569, 41.882670496958]}",,,Y,,Y,,,,,
7bf76aedcb791e7b51be13136363175a26b00822e121bb86b6c5b058ade63eda1e28eb8c1c3dcba4089220ca24f596005b77d9b3a373fba595e7a65c9b262fde,2025-08-05T15:00:00.000,30,TRAFFIC SIGNAL,FUNCTIONING PROPERLY,CLEAR,DAYLIGHT,OTHER NONCOLLISION,NOT DIVIDED,STRAIGHT AND LEVEL,DRY,UNKNOWN,NOT ON SCENE (DESK REPORT),NO INJURY / DRIVE AWAY,Y,"OVER $1,500",2025-08-07T15:15:00.000,ROAD ENGINEERING/SURFACE/MARKING DEFECTS,NOT APPLICABLE,256,S,CENTRAL AVE,1513,1,NO INDICATION OF INJURY,0,0,0,0,0,1,0,15,3,8,41.8765803513,-87.7648735028,"{'type': 'Point', 'coordinates': [-87.764873502808, 41.876580351336]}",,,,,,,,,,
cb57a01b36d46ebdb5cdf1c1f95a993d96888466e20317c3732086d4a1a2467efc3d95606805aade7c9f80b6132ca457478c0e63d11905a79b994d2584f6469d,2025-08-05T15:00:00.000,30,UNKNOWN,UNKNOWN,UNKNOWN,UNKNOWN,FIXED OBJECT,UNKNOWN,STRAIGHT AND LEVEL,UNKNOWN,UNKNOWN,NOT ON SCENE (DESK REPORT),NO INJURY / DRIVE AWAY,,"OVER $1,500",2025-08-06T14:30:00.000,UNABLE TO DETERMINE,NOT APPLICABLE,102,N,WABASH AVE,111,1,NO INDICATION OF INJURY,0,0,0,0,0,1,0,15,3,8,41.8833359289,-87.6263727549,"{'type': 'Point', 'coordinates': [-87.626372754911, 41.883335928868]}",,,,,,,,,,
faf5a57747f90f168253be1f90f9c7febee324187c240bfddddbdeca3c7a3d73cfb12ac0311ee0b8cfcb8217021a2006bfedd0a34c63061478389dd05b55b556,2025-08-05T15:00:00.000,30,NO CONTROLS,NO CONTROLS,CLEAR,DAYLIGHT,PARKED MOTOR VEHICLE,NOT DIVIDED,STRAIGHT AND LEVEL,DRY,NO DEFECTS,NOT ON SCENE (DESK REPORT),NO INJURY / DRIVE AWAY,,"OVER $1,500",2025-08-07T20:35:00.000,IMPROPER OVERTAKING/PASSING,NOT APPLICABLE,8748,S,BURLEY AVE,424,2,NO INDICATION OF INJURY,0,0,0,0,0,1,0,15,3,8,41.7361205236,-87.5459568261,"{'type': 'Point', 'coordinates': [-87.545956826119, 41.736120523562]}",,,Y,,,,,,,
0559be55444cc5fe5497b73032b65bea08efe1f8d395f7a99087302be0f33785ba008a64b85c0ed8ff440b702cca78b4c9ea3a3dfbd8cfbd27c2613da0c05ea8,2025-08-05T14:50:00.000,30,TRAFFIC SIGNAL,FUNCTIONING PROPERLY,CLEAR,DAYLIGHT,TURNING,NOT DIVIDED,STRAIGHT AND LEVEL,DRY,NO DEFECTS,ON SCENE,NO INJURY / DRIVE AWAY,,"OVER $1,500",2025-08-05T15:59:00.000,IMPROPER TURNING/NO SIGNAL,DRIVING SKILLS/KNOWLEDGE/EXPERIENCE,600,W,POLK ST,124,2,NO INDICATION OF INJURY,0,0,0,0,0,2,0,14,3,8,41.8720979982,-87.6424232624,"{'type': 'Point', 'coordinates': [-87.642423262368, 41.872097998152]}",,,,,,,,,,
6c70fed2bdeeccfd184abe06f7c9d07c07f8ab344a0954b2a8bd0027bd2abda19fb8825a1fb665a7048b33b42c266e217389c37065b2fbfa1145c6d2faede5c3,2025-08-05T14:49:00.000,30,TRAFFIC SIGNAL,FUNCTIONING PROPERLY,CLEAR,DAYLIGHT,ANGLE,FOUR WAY,STRAIGHT AND LEVEL,DRY,UNKNOWN,,INJURY AND / OR TOW DUE TO CRASH,Y,"OVER $1,500",2025-08-05T14:50:00.000,DISREGARDING TRAFFIC SIGNALS,UNABLE TO DETERMINE,5398,W,AUGUSTA BLVD,1524,2,NONINCAPACITATING INJURY,1,0,0,1,0,2,0,14,3,8,41.8986510061,-87.760702036,"{'type': 'Point', 'coordinates': [-87.76070203598, 41.898651006107]}",,,,,,,,,,
a25139c8da95f1ecc990724d3eb1c5e6017b7b0a9f4e6f466f1a264ed12b82b974cf637a604eaf5d0913771710e2c10b8afa03ada03512913bfa50e641c08571,2025-08-05T14:45:00.000,30,UNKNOWN,UNKNOWN,CLEAR,DAYLIGHT,REAR END,NOT DIVIDED,STRAIGHT AND LEVEL,DRY,UNKNOWN,NOT ON SCENE (DESK REPORT),NO INJURY / DRIVE AWAY,,"OVER $1,500",2025-08-05T16:49:00.000,UNABLE TO DETERMINE,UNABLE TO DETERMINE,235,E,MARQUETTE RD,322,2,NO INDICATION OF INJURY,0,0,0,0,0,2,0,14,3,8,41.7727977364,-87.6188307837,"{'type': 'Point', 'coordinates': [-87.618830783662, 41.772797736447]}",,Y,,,,,,,,
7c1f9a44e2e52629a766a3495f521b57ccbdc8c05ca9418334619ffe2c7219855f7f8ee0d26769900306411cb4821092e827c16898677ba40b33e36fe59e184e,2025-08-05T14:40:00.000,30,NO CONTROLS,NO CONTROLS,CLEAR,DAYLIGHT,SIDESWIPE SAME DIRECTION,NOT DIVIDED,STRAIGHT AND LEVEL,DRY,NO DEFECTS,,INJURY AND / OR TOW DUE TO CRASH,,"OVER $1,500",2025-08-05T14:40:00.000,"VISION OBSCURED (SIGNS, TREE LIMBS, BUILDINGS, ETC.)",UNABLE TO DETERMINE,420,S,PULASKI RD,1132,2,NO INDICATION OF INJURY,0,0,0,0,0,2,0,14,3,8,41.8745373122,-87.7255969017,"{'type': 'Point', 'coordinates': [-87.725596901652, 41.874537312209]}",,,,,,,,,,