crash_record_id,crash_date,posted_speed_limit,traffic_control_device,device_condition,weather_condition,lighting_condition,first_crash_type,trafficway_type,alignment,roadway_surface_cond,road_defect,report_type,crash_type,intersection_related_i,damage,date_police_notified,prim_contributory_cause,sec_contributory_cause,street_no,street_direction,street_name,beat_of_occurrence,num_units,most_severe_injury,injuries_total,injuries_fatal,injuries_incapacitating,injuries_non_incapacitating,injuries_reported_not_evident,injuries_no_indication,injuries_unknown,crash_hour,crash_day_of_week,crash_month,latitude,longitude,location,private_property_i,photos_taken_i,hit_and_run_i,statements_taken_i,crash_date_est_i,work_zone_i,work_zone_type,dooring_i,lane_cnt,workers_present_i
da893186ddd0f363022f9e34f100a0ef75bb0b7f2a3988624fee4bd816bddab93591063c4a2e94574b69e4c24caf0bb0a14728ad02cb9ccac5e58f81473e2979,2025-08-05T14:40:00.000,30,TRAFFIC SIGNAL,FUNCTIONING PROPERLY,CLEAR,DAYLIGHT,TURNING,FOUR WAY,"CURVE, LEVEL",DRY,NO DEFECTS,NOT ON SCENE (DESK REPORT),NO INJURY / DRIVE AWAY,Y,"OVER $1,500",2025-08-05T16:00:00.000,IMPROPER LANE USAGE,NOT APPLICABLE,1032,W,SHERIDAN RD,2432,2,NO INDICATION OF INJURY,0,0,0,0,0,2,0,14,3,8,41.9983309571,-87.6576010283,"{'type': 'Point', 'coordinates': [-87.657601028331, 41.998330957076]}",,,,,,,,,,
fc831e688f4da0198ea3adf142b3a206d2996dacb38a0eb2107e5f57eb8fd386a743976cf29eb1590e5d8bf8410a4b2ed3de753c74db5594116329fc763fe751,2025-08-05T14:40:00.000,30,STOP SIGN/FLASHER,FUNCTIONING PROPERLY,CLEAR,DAYLIGHT,TURNING,DIVIDED - W/MEDIAN BARRIER,STRAIGHT AND LEVEL,DRY,NO DEFECTS,,INJURY AND / OR TOW DUE TO CRASH,Y,"OVER $1,500",2025-08-05T14:57:00.000,FAILING TO REDUCE SPEED TO AVOID CRASH,"VISION OBSCURED (SIGNS, TREE LIMBS, BUILDINGS, ETC.)",6123,N,CLARK ST,2433,3,NONINCAPACITATING INJURY,2,0,0,1,1,1,0,14,3,8,41.9934195096,-87.6699795577,"{'type': 'Point', 'coordinates': [-87.669979557669, 41.993419509594]}",,,N,,,,,,,
32b5f0ef80c48bd7319070c38430f8e7d233b0e7a27eaf82778c6815cadf35b77c0474bf3720fb1fd93595f574f68c9a5706df271accbbf4b37cdff77d91c718,2025-08-05T14:30:00.000,45,NO CONTROLS,NO CONTROLS,CLEAR,DAYLIGHT,SIDESWIPE SAME DIRECTION,DIVIDED - W/MEDIAN (NOT RAISED),STRAIGHT AND LEVEL,DRY,NO DEFECTS,NOT ON SCENE (DESK REPORT),NO INJURY / DRIVE AWAY,,"OVER $1,500",2025-08-07T16:00:00.000,UNABLE TO DETERMINE,FOLLOWING TOO CLOSELY,400,S,LAKE SHORE DR SB,114,2,NO INDICATION OF INJURY,0,0,0,0,0,2,0,14,3,8,41.8770366926,-87.6175463867,"{'type': 'Point', 'coordinates': [-87.617546386744, 41.877036692607]}",,,,,,,,,,
52d907d4aff0232c2471b7a0eeb28f901a58300cfb4ee7d4b37227fbe9bd86dca3e6f3ab33775d5ff9f41cf09143f936db20edfbaa58c19eacb99421448ddf02,2025-08-05T14:30:00.000,30,UNKNOWN,UNKNOWN,UNKNOWN,UNKNOWN,TURNING,UNKNOWN,STRAIGHT AND LEVEL,UNKNOWN,UNKNOWN,,NO INJURY / DRIVE AWAY,,"OVER $1,500",2025-08-05T16:40:00.000,UNABLE TO DETERMINE,NOT APPLICABLE,6758,W,BELMONT AVE,1632,2,NO INDICATION OF INJURY,0,0,0,0,0,4,0,14,3,8,41.9382690733,-87.7956394558,"{'type': 'Point', 'coordinates': [-87.79563945579, 41.938269073258]}",,,Y,,,,,,,
6e5e7726016c01b5a8a4ed25b3cef48af575e9d6273f6b07e7e928d46ceae6ae3bb34846656717b01ce178d39831413ce2b051e435ff0a22e4a57452914d99a4,2025-08-05T14:30:00.000,30,TRAFFIC SIGNAL,NO CONTROLS,CLEAR,DAYLIGHT,REAR END,FOUR WAY,STRAIGHT AND LEVEL,DRY,NO DEFECTS,ON SCENE,INJURY AND / OR TOW DUE TO CRASH,,"OVER $1,500",2025-08-05T14:36:00.000,UNABLE TO DETERMINE,NOT APPLICABLE,6358,N,WESTERN AVE,2413,3,NO INDICATION OF INJURY,0,0,0,0,0,3,0,14,3,8,41.9976362099,-87.6900270995,"{'type': 'Point', 'coordinates': [-87.690027099534, 41.997636209905]}",,,,,,,,,,
cbbb2660ae1a6111aa34e3ea6e710a62cedf80e65088b5cb64719726f696f10dc0faff619e4cbb5f3688ac66972ac017b03d5cf604865ddedbeb37a543d41785,2025-08-05T14:27:00.000,30,TRAFFIC SIGNAL,UNKNOWN,CLEAR,DAYLIGHT,REAR END,FOUR WAY,STRAIGHT AND LEVEL,UNKNOWN,UNKNOWN,NOT ON SCENE (DESK REPORT),NO INJURY / DRIVE AWAY,,"OVER $1,500",2025-08-05T15:00:00.000,UNABLE TO DETERMINE,NOT APPLICABLE,1313,W,GRAND AVE,1215,2,NO INDICATION OF INJURY,0,0,0,0,0,4,0,14,3,8,41.8909439752,-87.6595459204,"{'type': 'Point', 'coordinates': [-87.659545920423, 41.890943975212]}",,,,,,,,,,
c5b44818859bb072385f91cfa1030102bc9a82dd26a2fbf12f8190475dd3a6b6dadc007fb07f78845eb109b6b59936745735a012f4a8a9a798e343684708b6de,2025-08-05T14:26:00.000,30,NO CONTROLS,NO CONTROLS,CLEAR,"DARKNESS, LIGHTED ROAD",SIDESWIPE SAME DIRECTION,ONE-WAY,STRAIGHT AND LEVEL,DRY,NO DEFECTS,NOT ON SCENE (DESK REPORT),NO INJURY / DRIVE AWAY,,"OVER $1,500",2025-08-06T00:52:00.000,IMPROPER OVERTAKING/PASSING,IMPROPER OVERTAKING/PASSING,2300,W,GARFIELD BLVD,932,2,NO INDICATION OF INJURY,0,0,0,0,0,2,0,14,3,8,41.7939484023,-87.6813397236,"{'type': 'Point', 'coordinates': [-87.68133972357, 41.793948402256]}",,Y,,Y,,,,,,
83162fb8d5e3805a5dd7aae7497ee0e5399ecad06194ec7f052826d6cbf4bfe7a607e94faabbc0e533adbab1b6dfbd581c2951d0f110381cbaf7873bb07e20be,2025-08-05T14:20:00.000,30,OTHER WARNING SIGN,FUNCTIONING PROPERLY,CLEAR,DAYLIGHT,FIXED OBJECT,NOT DIVIDED,STRAIGHT AND LEVEL,DRY,NO DEFECTS,NOT ON SCENE (DESK REPORT),NO INJURY / DRIVE AWAY,,"$501 - $1,500",2025-08-09T12:35:00.000,UNABLE TO DETERMINE,UNABLE TO DETERMINE,1521,E,73RD ST,324,1,NO INDICATION OF INJURY,0,0,0,0,0,1,0,14,3,8,41.7622899328,-87.5876559547,"{'type': 'Point', 'coordinates': [-87.587655954683, 41.762289932804]}",,,,,,Y,CONSTRUCTION,,,
99d8ec4e10beca82bd39aab182aa01d90a3be9c2140312d39306e45ca1d02d77a2194d1a4423da67cc1fad6f9e49bf99a35789f09c2fd715f9c346baff695651,2025-08-05T14:15:00.000,25,NO CONTROLS,NO CONTROLS,CLEAR,DAYLIGHT,ANGLE,ONE-WAY,STRAIGHT AND LEVEL,DRY,NO DEFECTS,NOT ON SCENE (DESK REPORT),NO INJURY / DRIVE AWAY,,"OVER $1,500",2025-08-05T15:00:00.000,UNABLE TO DETERMINE,UNABLE TO DETERMINE,247,N,KILPATRICK AVE,1113,2,NO INDICATION OF INJURY,0,0,0,0,0,2,0,14,3,8,41.8845807514,-87.7428235639,"{'type': 'Point', 'coordinates': [-87.742823563929, 41.88458075142]}",,,Y,,,,,,,
6412191309aff34ab397cf55ff78d16de3ba23795e39a359fb73641e6c265c17eac59de5181ec3347b59995296bf42ff19bf1221ae4c93b1cfb04707043dc9c6,2025-08-05T14:10:00.000,20,NO CONTROLS,NO CONTROLS,CLEAR,DAYLIGHT,PEDALCYCLIST,L-INTERSECTION,STRAIGHT AND LEVEL,DRY,NO DEFECTS,NOT ON SCENE (DESK REPORT),INJURY AND / OR TOW DUE TO CRASH,Y,"OVER $1,500",2025-08-12T17:45:00.000,UNABLE TO DETERMINE,UNABLE TO DETERMINE,2632,W,57TH ST,824,2,NONINCAPACITATING INJURY,1,0,0,1,0,1,0,14,3,8,41.790217406,-87.6901835578,"{'type': 'Point', 'coordinates': [-87.690183557801, 41.790217405968]}",,,Y,,,,,,,
af3ae07e4048c6dbc123315643426ea0149515f1daab1d75705f5f39a66c6161ff1cc0ed6a12013d05555619e9b275d342f162d722d71a9964307373e2b9d8a9,2025-08-05T14:10:00.000,30,TRAFFIC SIGNAL,FUNCTIONING PROPERLY,CLEAR,DAYLIGHT,TURNING,NOT DIVIDED,STRAIGHT AND LEVEL,DRY,NO DEFECTS,ON SCENE,INJURY AND / OR TOW DUE TO CRASH,,"OVER $1,500",2025-08-05T14:50:00.000,IMPROPER TURNING/NO SIGNAL,IMPROPER TURNING/NO SIGNAL,500,N,ORLEANS ST,1831,2,NO INDICATION OF INJURY,0,0,0,0,0,2,0,14,3,8,41.8907818776,-87.6371577369,"{'type': 'Point', 'coordinates': [-87.637157736892, 41.890781877557]}",,,,,,,,,,
6c60aa8ce46d8c95b6d733e7d8e4e38e62cbe82abe518bcef5b5d8b823407749a6b2e0c780c43076a4768a945dfaa82e495af8c4cd096713bf6175132a32c0ae,2025-08-05T14:07:00.000,30,TRAFFIC SIGNAL,NO CONTROLS,CLEAR,DAYLIGHT,FIXED OBJECT,NOT DIVIDED,STRAIGHT AND LEVEL,DRY,NO DEFECTS,ON SCENE,NO INJURY / DRIVE AWAY,Y,"OVER $1,500",2025-08-05T14:07:00.000,DRIVING SKILLS/KNOWLEDGE/EXPERIENCE,DRIVING SKILLS/KNOWLEDGE/EXPERIENCE,1800,W,DIVISION ST,1424,1,NO INDICATION OF INJURY,0,0,0,0,0,1,0,14,3,8,41.9033756192,-87.6724295832,"{'type': 'Point', 'coordinates': [-87.672429583224, 41.903375619156]}",,,,,,,,,,
cecb610878cace0124ba5e76f8884f02279971dd712b1f6527f2fb582c17b14122a45039a6b141f4a83aa749a0fd755b5e8910735776f7110195565383468108,2025-08-05T14:05:00.000,30,NO CONTROLS,NO CONTROLS,CLEAR,DAYLIGHT,REAR END,DIVIDED - W/MEDIAN (NOT RAISED),STRAIGHT AND LEVEL,DRY,NO DEFECTS,ON SCENE,INJURY AND / OR TOW DUE TO CRASH,,"OVER $1,500",2025-08-05T14:05:00.000,UNABLE TO DETERMINE,DRIVING SKILLS/KNOWLEDGE/EXPERIENCE,6337,S,ARCHER AVE,811,2,"REPORTED, NOT EVIDENT",1,0,0,0,1,1,0,14,3,8,41.7928075316,-87.7796751477,"{'type': 'Point', 'coordinates': [-87.77967514769, 41.792807531573]}",,,,,,,,,,
0f967f786cd1b84c2b2ebd6298ed4532290013445b4263aaaa6bd2d4b729bc522e4a86d646f2d410cd01b1b9ad43e48874cfffcecf8c81c8205fedf778c178c2,2025-08-05T14:00:00.000,15,NO CONTROLS,NO CONTROLS,CLEAR,DAYLIGHT,OTHER OBJECT,ALLEY,STRAIGHT AND LEVEL,DRY,UNKNOWN,ON SCENE,NO INJURY / DRIVE AWAY,,"OVER $1,500",2025-08-06T15:53:00.000,IMPROPER BACKING,UNABLE TO DETERMINE,5916,W,LAKE ST,1512,1,NO INDICATION OF INJURY,0,0,0,0,0,1,0,14,3,8,41.888066973,-87.7727922789,"{'type': 'Point', 'coordinates': [-87.772792278918, 41.888066973009]}",,,,,,,,,,
30d51edb3663350130ab9937f8c2b75679f0a07443cd0d12ede84023ddaa724c06b2b42cc85ad322d2a7701c4fd0cb6e80ff114eae7898146549c0c745d36d5b,2025-08-05T14:00:00.000,30,NO CONTROLS,NO CONTROLS,CLEAR,DAYLIGHT,SIDESWIPE SAME DIRECTION,NOT DIVIDED,STRAIGHT AND LEVEL,UNKNOWN,UNKNOWN,NOT ON SCENE (DESK REPORT),NO INJURY / DRIVE AWAY,,"OVER $1,500",2025-08-05T14:38:00.000,UNABLE TO DETERMINE,NOT APPLICABLE,6450,N,CALIFORNIA AVE,2412,2,NO INDICATION OF INJURY,0,0,0,0,0,4,0,14,3,8,41.9990669456,-87.6998357734,"{'type': 'Point', 'coordinates': [-87.699835773387, 41.999066945576]}",,,,,,,,,,
8ac03512bbc1c25a9e56acd87f96a9f5b459a20ccdf015b8e0addf7238a4ba155b847799b15c6c53dc863e1ca20cc1a6c281ad8b95a98b9cb4a0f609141da4dc,2025-08-05T14:00:00.000,30,TRAFFIC SIGNAL,FUNCTIONING PROPERLY,CLEAR,DAYLIGHT,SIDESWIPE SAME DIRECTION,FOUR WAY,STRAIGHT AND LEVEL,DRY,NO DEFECTS,NOT ON SCENE (DESK REPORT),NO INJURY / DRIVE AWAY,Y,"OVER $1,500",2025-08-07T14:00:00.000,FAILING TO YIELD RIGHT-OF-WAY,FAILING TO YIELD RIGHT-OF-WAY,1200,S,RUBLE ST,1232,2,NO INDICATION OF INJURY,0,0,0,0,0,2,0,14,3,8,41.8671342083,-87.6442375198,"{'type': 'Point', 'coordinates': [-87.644237519792, 41.867134208293]}",Y,,Y,,,,,,,
bcd6a16c0b4b3e24ad885abf66208d4f5018836f4d7b689a8abda859edc962045e8ea5aabaf3d0d8738e2c88de32240219f57a1057ba1b010965c7afd318abcf,2025-08-05T14:00:00.000,30,NO CONTROLS,NO CONTROLS,UNKNOWN,UNKNOWN,PARKED MOTOR VEHICLE,NOT DIVIDED,STRAIGHT AND LEVEL,UNKNOWN,UNKNOWN,NOT ON SCENE (DESK REPORT),NO INJURY / DRIVE AWAY,,"$501 - $1,500",2025-08-07T16:00:00.000,UNABLE TO DETERMINE,UNABLE TO DETERMINE,5322,S,DREXEL AVE,233,2,NO INDICATION OF INJURY,0,0,0,0,0,1,0,14,3,8,41.7979400188,-87.6040345164,"{'type': 'Point', 'coordinates': [-87.604034516402, 41.797940018777]}",,,Y,,Y,,,,,
d28f461d268792059d34f4fe21695cdecca3eabb12720814fad78e4f5cae2be3507011328bdb91593d2ef74a38124866ca867b60504ff6d2f8cd3bf940a51523,2025-08-05T14:00:00.000,30,TRAFFIC SIGNAL,FUNCTIONING PROPERLY,CLEAR,DAYLIGHT,SIDESWIPE SAME DIRECTION,ONE-WAY,STRAIGHT AND LEVEL,DRY,NO DEFECTS,ON SCENE,NO INJURY / DRIVE AWAY,N,"OVER $1,500",2025-08-05T14:05:00.000,IMPROPER OVERTAKING/PASSING,NOT APPLICABLE,140,W,47TH ST,215,3,NO INDICATION OF INJURY,0,0,0,0,0,4,0,14,3,8,41.8093379598,-87.6297559012,"{'type': 'Point', 'coordinates': [-87.629755901236, 41.809337959787]}",,,,,,,,,,
fc40e3146ab8b8e0437eba632bcea7c02035ec8068cdf1dd33f1642d3b78ef0834051a664c34a13f4ae0ed5b8076d8671eb2b8093c2613bbc49d890e082184bc,2025-08-05T14:00:00.000,30,TRAFFIC SIGNAL,FUNCTIONING PROPERLY,CLEAR,DAYLIGHT,ANGLE,NOT DIVIDED,STRAIGHT AND LEVEL,DRY,NO DEFECTS,ON SCENE,NO INJURY / DRIVE AWAY,Y,"OVER $1,500",2025-08-05T14:10:00.000,FAILING TO YIELD RIGHT-OF-WAY,NOT APPLICABLE,3000,N,CENTRAL AVE,2514,3,NO INDICATION OF INJURY,0,0,0,0,0,3,0,14,3,8,41.9350160299,-87.766522647,"{'type': 'Point', 'coordinates': [-87.766522646964, 41.935016029873]}",,,,,,,,,,
b751eff2cb77985ac6b2de5a0394a58611d3265f19c1e06b9cb376d877d264662dc1d462db489d16bc0eb33626d082079f8c63565eff0c453a75839bac727faf,2025-08-05T13:41:00.000,30,NO CONTROLS,NO CONTROLS,CLEAR,DAYLIGHT,SIDESWIPE SAME DIRECTION,NOT DIVIDED,STRAIGHT AND LEVEL,DRY,NO DEFECTS,ON SCENE,NO INJURY / DRIVE AWAY,,"$501 - $1,500",2025-08-05T13:41:00.000,FAILING TO YIELD RIGHT-OF-WAY,DRIVING SKILLS/KNOWLEDGE/EXPERIENCE,4858,S,ARCHER AVE,821,2,NO INDICATION OF INJURY,0,0,0,0,0,2,0,13,3,8,41.8050056855,-87.7192794239,"{'type': 'Point', 'coordinates': [-87.71927942386, 41.805005685453]}",,,,,,,,,,
d8af6975f5b9b981cbfabd80b4a81b2baa4e92d90ecbabf301baf1df39c89947d77498dca09f688f8fbad082451ddf3d45060a2063f34ac68d0829aa9f5ba2cb,2025-08-05T13:35:00.000,35,NO CONTROLS,NO CONTROLS,CLEAR,DAYLIGHT,REAR END,NOT DIVIDED,STRAIGHT AND LEVEL,DRY,SHOULDER DEFECT,ON SCENE,INJURY AND / OR TOW DUE TO CRASH,,"OVER $1,500",2025-08-05T13:40:00.000,UNABLE TO DETERMINE,UNABLE TO DETERMINE,8325,S,CICERO AVE,834,2,NO INDICATION OF INJURY,0,0,0,0,0,2,0,13,3,8,41.7411341732,-87.7409304833,"{'type': 'Point', 'coordinates': [-87.74093048325, 41.741134173227]}",,,,,,,,,,
006ca3040243e4410af6cf9d14ec8cd51f61d09192c84494efa41b893f1d6b5f3eaaec94d9d394a7f8445f40e5c51dba6d11925c3f747c3615b820917f7c0333,2025-08-05T13:30:00.000,30,NO CONTROLS,NO CONTROLS,CLEAR,DAYLIGHT,PARKED MOTOR VEHICLE,DIVIDED - W/MEDIAN (NOT RAISED),STRAIGHT AND LEVEL,DRY,NO DEFECTS,NOT ON SCENE (DESK REPORT),NO INJURY / DRIVE AWAY,,"OVER $1,500",2025-08-05T16:40:00.000,UNABLE TO DETERMINE,UNABLE TO DETERMINE,5757,W,FULLERTON AVE,2515,2,NO INDICATION OF INJURY,0,0,0,0,0,1,0,13,3,8,41.9237980043,-87.7707114056,"{'type': 'Point', 'coordinates': [-87.770711405555, 41.923798004272]}",,,,,,,,,,
bda0c27587db339b923c9db12154b5fcb36e0fbdd0df4cb647ffe645b751a622b2933943c220a0b9de9ea3b9f990860c85e056121a859683ee14525c754825bf,2025-08-05T13:30:00.000,30,NO CONTROLS,NO CONTROLS,CLEAR,DAYLIGHT,REAR END,NOT DIVIDED,STRAIGHT AND LEVEL,DRY,NO DEFECTS,ON SCENE,INJURY AND / OR TOW DUE TO CRASH,,"OVER $1,500",2025-08-05T13:30:00.000,FOLLOWING TOO CLOSELY,FOLLOWING TOO CLOSELY,3737,N,PULASKI RD,1732,2,"REPORTED, NOT EVIDENT",2,0,0,0,2,0,0,13,3,8,41.9492925937,-87.7273381809,"{'type': 'Point', 'coordinates': [-87.727338180874, 41.949292593736]}",,,,,,,,,,
8f10c0cd1b20a72d06b0f98b0ed193a6efcd97c988cc1dd6b848f6ec056de02ac171b561db87987bb15894a90af774a159576cc81fdaaf842882c7dc47c33659,2025-08-05T13:20:00.000,30,NO CONTROLS,NO CONTROLS,CLEAR,DAYLIGHT,PARKED MOTOR VEHICLE,NOT DIVIDED,STRAIGHT AND LEVEL,DRY,NO DEFECTS,ON SCENE,NO INJURY / DRIVE AWAY,,"OVER $1,500",2025-08-05T13:20:00.000,DRIVING SKILLS/KNOWLEDGE/EXPERIENCE,NOT APPLICABLE,4534,S,WOOD ST,924,2,NO INDICATION OF INJURY,0,0,0,0,0,1,0,13,3,8,41.8111446312,-87.670046095,"{'type': 'Point', 'coordinates': [-87.670046095046, 41.81114463119]}",,,Y,,,,,,,
a1d7dd80cc1b93531988ff35ee010b5172818f517d28a3fe0940896deba6792be3164923986b23ade2eb9c438739f853575ec39f75703ce54a6a3bfe09293ea3,2025-08-05T13:20:00.000,30,TRAFFIC SIGNAL,UNKNOWN,CLEAR,DAYLIGHT,TURNING,NOT DIVIDED,STRAIGHT AND LEVEL,DRY,NO DEFECTS,ON SCENE,INJURY AND / OR TOW DUE TO CRASH,,"OVER $1,500",2025-08-05T13:59:00.000,FAILING TO YIELD RIGHT-OF-WAY,DRIVING SKILLS/KNOWLEDGE/EXPERIENCE,5803,N,BROADWAY,2022,2,NO INDICATION OF INJURY,0,0,0,0,0,3,0,13,3,8,41.987362026,-87.6600369911,"{'type': 'Point', 'coordinates': [-87.660036991142, 41.987362025988]}",,,,,Y,,,,,
f310e983849ba14ea31830e85ab5d11d40e3f8683c47ad54835eedc9ba80aa99090bca8d6ba47e7ae9f3d824f18fecb8d3dc91438b03155048a35d7f5e02ffec,2025-08-05T13:15:00.000,30,TRAFFIC SIGNAL,FUNCTIONING PROPERLY,CLEAR,DAYLIGHT,REAR END,DIVIDED - W/MEDIAN (NOT RAISED),STRAIGHT AND LEVEL,DRY,NO DEFECTS,NOT ON SCENE (DESK REPORT),NO INJURY / DRIVE AWAY,,"OVER $1,500",2025-08-05T15:00:00.000,FOLLOWING TOO CLOSELY,UNABLE TO DETERMINE,2739,N,PULASKI RD,2524,3,NO INDICATION OF INJURY,0,0,0,0,0,3,0,13,3,8,41.9311593527,-87.726813385,"{'type': 'Point', 'coordinates': [-87.726813385002, 41.931159352731]}",,,,,,,,,,
807dd1af905d25d401e21beddd2175d587b6bd3c1884233c0dded3e74e5ac8a32cfa12510ab47a951bdbc0b5b0637b5d3c9d87d80614ddb2c234c8261146e4a0,2025-08-05T13:12:00.000,30,TRAFFIC SIGNAL,FUNCTIONING PROPERLY,CLEAR,DAYLIGHT,TURNING,T-INTERSECTION,STRAIGHT AND LEVEL,DRY,NO DEFECTS,NOT ON SCENE (DESK REPORT),NO INJURY / DRIVE AWAY,,"$501 - $1,500",2025-08-05T15:20:00.000,UNABLE TO DETERMINE,NOT APPLICABLE,6311,S,CALUMET AVE,312,2,NO INDICATION OF INJURY,0,0,0,0,0,2,0,13,3,8,41.7797970049,-87.6171749424,"{'type': 'Point', 'coordinates': [-87.617174942397, 41.779797004907]}",,,,,,,,,,
8216926230a4b7ca0a0674ed120fe9b3611307567c3513bd91b2e524d1c351381b56b04572b7474a3ba91a92e786267e7c153f5935a0e0cb7b7520bb8bdf2d56,2025-08-05T13:10:00.000,30,UNKNOWN,UNKNOWN,CLEAR,DAYLIGHT,PARKED MOTOR VEHICLE,NOT DIVIDED,STRAIGHT AND LEVEL,UNKNOWN,UNKNOWN,NOT ON SCENE (DESK REPORT),NO INJURY / DRIVE AWAY,,"OVER $1,500",2025-08-05T15:30:00.000,UNABLE TO DETERMINE,UNABLE TO DETERMINE,66,W,OAK ST,1824,2,NO INDICATION OF INJURY,0,0,0,0,0,1,0,13,3,8,41.9006702853,-87.6308416959,"{'type': 'Point', 'coordinates': [-87.630841695886, 41.900670285306]}",,,,,,,,,,
825ce1c1ecb3f052bbb73d3fb99bb935bf32586f2b7abe7136d952dfaa42525477e823c8cafbc7db302a5359256664eb692aa0248aad949e2527f176c4f96913,2025-08-05T13:10:00.000,35,NO CONTROLS,NO CONTROLS,CLEAR,DAYLIGHT,ANGLE,FOUR WAY,STRAIGHT AND LEVEL,DRY,NO DEFECTS,ON SCENE,INJURY AND / OR TOW DUE TO CRASH,Y,"OVER $1,500",2025-08-05T13:14:00.000,"VISION OBSCURED (SIGNS, TREE LIMBS, BUILDINGS, ETC.)",UNABLE TO DETERMINE,3331,N,LARAMIE AVE,1634,2,NO INDICATION OF INJURY,0,0,0,0,0,2,0,13,3,8,41.9414862256,-87.756634639,"{'type': 'Point', 'coordinates': [-87.756634639023, 41.941486225645]}",,,,,,,,,,
3a22843bebc3c75eb2d7fd4db83884f7e2017e93d84998528b6b867bfc533b7be77eb06739d2c1fae2e6bd44e77c4088354985412d14d742a0be00dcb034ad08,2025-08-05T13:05:00.000,30,NO CONTROLS,NO CONTROLS,CLEAR,DAYLIGHT,TURNING,NOT DIVIDED,STRAIGHT AND LEVEL,DRY,NO DEFECTS,NOT ON SCENE (DESK REPORT),NO INJURY / DRIVE AWAY,,"OVER $1,500",2025-08-05T13:40:00.000,"VISION OBSCURED (SIGNS, TREE LIMBS, BUILDINGS, ETC.)",FAILING TO YIELD RIGHT-OF-WAY,10420,S,KEDZIE AVE,2211,2,NO INDICATION OF INJURY,0,0,0,0,0,2,0,13,3,8,41.7036914629,-87.7014049368,"{'type': 'Point', 'coordinates': [-87.701404936779, 41.703691462876]}",,,,,,,,,,
0f38be3f03aa7eac68b21c3d45f758475fc983b1143fa1ebeb12bf0bc463f2f148ca99778fe54aea66ab518c9ae5da83653adc5ccaf93e25e9ec9c0ed08a1aab,2025-08-05T13:00:00.000,25,NO CONTROLS,NO CONTROLS,CLEAR,DAYLIGHT,ANGLE,NOT DIVIDED,STRAIGHT AND LEVEL,DRY,NO DEFECTS,ON SCENE,INJURY AND / OR TOW DUE TO CRASH,,"OVER $1,500",2025-08-05T13:05:00.000,NOT APPLICABLE,NOT APPLICABLE,6405,N,LEAVITT ST,2412,2,NO INDICATION OF INJURY,0,0,0,0,0,2,0,13,3,8,41.9980190772,-87.6848702135,"{'type': 'Point', 'coordinates': [-87.684870213467, 41.998019077175]}",,,,,,,,,,
12f26e84b22db3ad8348763f75f935dbcbfa5489e8cc1f44fc47b7972dca78e23d9681e693797156860812cb42d42809cd2e44b87f7a44ad44ad8eb0835e3b82,2025-08-05T13:00:00.000,15,NO CONTROLS,NO CONTROLS,CLEAR,DAYLIGHT,OTHER OBJECT,DRIVEWAY,STRAIGHT AND LEVEL,DRY,NO DEFECTS,NOT ON SCENE (DESK REPORT),NO INJURY / DRIVE AWAY,,"OVER $1,500",2025-08-06T13:15:00.000,FOLLOWING TOO CLOSELY,NOT APPLICABLE,11116,S,LONGWOOD DR,2212,1,NO INDICATION OF INJURY,0,0,0,0,0,1,0,13,3,8,41.6913742464,-87.6722125002,"{'type': 'Point', 'coordinates': [-87.672212500231, 41.691374246404]}",,,Y,,,,,,,
32005100bebbefc6b090c41dc9ddf476f8e6a8c1fce760931745ad20f156a8df620a36b51a5774f556ace43506beb5070888c9ea1abcd29bcab4f4986145b8e9,2025-08-05T13:00:00.000,30,STOP SIGN/FLASHER,NO CONTROLS,CLEAR,DAYLIGHT,PEDESTRIAN,NOT DIVIDED,STRAIGHT AND LEVEL,DRY,NO DEFECTS,NOT ON SCENE (DESK REPORT),INJURY AND / OR TOW DUE TO CRASH,,$500 OR LESS,2025-08-11T15:10:00.000,FAILING TO YIELD RIGHT-OF-WAY,NOT APPLICABLE,2008,S,ASHLAND AVE,1234,2,NONINCAPACITATING INJURY,1,0,0,1,0,1,0,13,3,8,41.8547676729,-87.6662123306,"{'type': 'Point', 'coordinates': [-87.666212330583, 41.854767672857]}",,,Y,,,,,,,
5290f3d423b5f5996437e4d9685c4e94a9e0e483b05e60887ebc25cc63abd038dbecba62a809df186f5bef63fd78405e02c7c35a64152f8fc37bc8157c91c995,2025-08-05T13:00:00.000,30,TRAFFIC SIGNAL,FUNCTIONING PROPERLY,CLEAR,DAYLIGHT,REAR END,NOT DIVIDED,STRAIGHT AND LEVEL,DRY,NO DEFECTS,NOT ON SCENE (DESK REPORT),INJURY AND / OR TOW DUE TO CRASH,,"OVER $1,500",2025-08-05T13:30:00.000,UNABLE TO DETERMINE,NOT APPLICABLE,87,S,DAMEN AVE,1223,2,"REPORTED, NOT EVIDENT",2,0,0,0,2,0,0,13,3,8,41.8800803706,-87.676466724,"{'type': 'Point', 'coordinates': [-87.676466724049, 41.880080370599]}",,,,,,,,,,
6ce7dfef77f9073105db8434b6aaf5e3fc8648d9ece1f3a540dfd0acddbcb4daecbf149fe82091dfdc582ef8849c769854ec2f8933aa94d474952eb35fb93548,2025-08-05T13:00:00.000,30,NO CONTROLS,NO CONTROLS,CLEAR,DAYLIGHT,PARKED MOTOR VEHICLE,DIVIDED - W/MEDIAN (NOT RAISED),STRAIGHT AND LEVEL,DRY,UNKNOWN,NOT ON SCENE (DESK REPORT),NO INJURY / DRIVE AWAY,,"$501 - $1,500",2025-08-05T13:00:00.000,UNABLE TO DETERMINE,NOT APPLICABLE,2083,W,ARMITAGE AVE,1434,2,NO INDICATION OF INJURY,0,0,0,0,0,1,0,13,3,8,41.9176002753,-87.6799670112,"{'type': 'Point', 'coordinates': [-87.679967011239, 41.917600275331]}",,Y,Y,,,,,,,