crash_record_id,crash_date,posted_speed_limit,traffic_control_device,device_condition,weather_condition,lighting_condition,first_crash_type,trafficway_type,alignment,roadway_surface_cond,road_defect,report_type,crash_type,intersection_related_i,damage,date_police_notified,prim_contributory_cause,sec_contributory_cause,street_no,street_direction,street_name,beat_of_occurrence,num_units,most_severe_injury,injuries_total,injuries_fatal,injuries_incapacitating,injuries_non_incapacitating,injuries_reported_not_evident,injuries_no_indication,injuries_unknown,crash_hour,crash_day_of_week,crash_month,latitude,longitude,location,private_property_i,photos_taken_i,hit_and_run_i,statements_taken_i,crash_date_est_i,work_zone_i,work_zone_type,dooring_i,lane_cnt,workers_present_i
30d5b0ecf5b13e69c7aa8948c8448c4f4e7c9a89d4a721f07c16e319bc968de9983a6eb7f6b6f14707f4125d20849b55d7e6ba10233efe62f4756b7f5b3b1e94,2025-08-04T17:30:00.000,30,TRAFFIC SIGNAL,FUNCTIONING PROPERLY,CLEAR,DAYLIGHT,REAR END,NOT DIVIDED,STRAIGHT AND LEVEL,DRY,UNKNOWN,NOT ON SCENE (DESK REPORT),NO INJURY / DRIVE AWAY,,"OVER $1,500",2025-08-04T18:15:00.000,FOLLOWING TOO CLOSELY,DRIVING SKILLS/KNOWLEDGE/EXPERIENCE,4007,N,CICERO AVE,1722,2,NO INDICATION OF INJURY,0,0,0,0,0,2,0,17,2,8,41.9536592419,-87.7471558889,"{'type': 'Point', 'coordinates': [-87.747155888882, 41.953659241929]}",,,,,,,,,,
7de7732dbd888d5c04d803bb4ae2570b8c33c6c1801e303f6892164192464c74cd0215ace0a46b1b998f70bd36c71b1c5c1cabdc6816d62606d25e66ffdb06dc,2025-08-04T17:30:00.000,30,NO CONTROLS,NO CONTROLS,CLEAR,DAYLIGHT,FIXED OBJECT,NOT DIVIDED,STRAIGHT AND LEVEL,DRY,NO DEFECTS,ON SCENE,INJURY AND / OR TOW DUE TO CRASH,Y,"OVER $1,500",2025-08-04T17:33:00.000,DISTRACTION - FROM OUTSIDE VEHICLE,NOT APPLICABLE,5536,S,RACINE AVE,713,1,"REPORTED, NOT EVIDENT",1,0,0,0,1,0,0,17,2,8,41.7926549408,-87.6549832656,"{'type': 'Point', 'coordinates': [-87.654983265581, 41.792654940842]}",,,,,,N,,,,
b67e1bd66c2c71077690ae3349c2bc1599d4c106dd5998e41aa97cd6bcb66218adfcbf22adc8df423621308cf23174bc377ee252cb01ad79e3db04a3ba91ebe0,2025-08-04T17:30:00.000,25,NO CONTROLS,NO CONTROLS,CLEAR,DAYLIGHT,PARKED MOTOR VEHICLE,TRAFFIC ROUTE,STRAIGHT AND LEVEL,DRY,NO DEFECTS,NOT ON SCENE (DESK REPORT),NO INJURY / DRIVE AWAY,,"OVER $1,500",2025-08-04T19:15:00.000,UNABLE TO DETERMINE,UNABLE TO DETERMINE,10537,S,TORRENCE AVE,434,2,NO INDICATION OF INJURY,0,0,0,0,0,1,0,17,2,8,41.7034857138,-87.5594670653,"{'type': 'Point', 'coordinates': [-87.559467065276, 41.703485713772]}",,,Y,,,,,,,
b6c5701fec2b9138606c6eb23ef84f39ceb9fd070874e089f6483e0f646bb1a1374f75cfbbf7250d19e8be16dcfcab7cc92f7a9bf4d40ed8093bc7a7a41a803d,2025-08-04T17:30:00.000,30,NO CONTROLS,NO CONTROLS,CLEAR,DAYLIGHT,SIDESWIPE SAME DIRECTION,NOT DIVIDED,STRAIGHT AND LEVEL,DRY,NO DEFECTS,ON SCENE,NO INJURY / DRIVE AWAY,,"OVER $1,500",2025-08-04T18:06:00.000,IMPROPER LANE USAGE,NOT APPLICABLE,5398,N,SHERIDAN RD,2023,2,NO INDICATION OF INJURY,0,0,0,0,0,2,0,17,2,8,41.9800383675,-87.655235243,"{'type': 'Point', 'coordinates': [-87.655235242961, 41.980038367454]}",,,Y,,,,,,,
dedbba074c956dc566487572794c9a52ebf3b1ecfd273d87c6e716cd293c7bf20a9ed340e3cd4b9f10495b3f9359a5536c29639c81971db59e1b17f1f57dd244,2025-08-04T17:30:00.000,30,NO CONTROLS,NO CONTROLS,CLEAR,DAYLIGHT,SIDESWIPE SAME DIRECTION,DIVIDED - W/MEDIAN BARRIER,STRAIGHT AND LEVEL,DRY,NO DEFECTS,NOT ON SCENE (DESK REPORT),INJURY AND / OR TOW DUE TO CRASH,,$500 OR LESS,2025-08-04T18:00:00.000,UNABLE TO DETERMINE,NOT APPLICABLE,7900,S,STONY ISLAND AVE,411,2,"REPORTED, NOT EVIDENT",1,0,0,0,1,2,0,17,2,8,41.7514606032,-87.585971993,"{'type': 'Point', 'coordinates': [-87.585971992965, 41.751460603167]}",,,Y,,,,,,,
777d22a58bf2d2661cf4447d29d559e5f784f784f4a8ba12600934f7ee0862e3402ece88c0c1e57e0650d689922939455ce7959f89498469d1c349743d2ed19f,2025-08-04T17:20:00.000,25,UNKNOWN,UNKNOWN,CLEAR,DAYLIGHT,PEDESTRIAN,DIVIDED - W/MEDIAN (NOT RAISED),STRAIGHT AND LEVEL,DRY,UNKNOWN,ON SCENE,INJURY AND / OR TOW DUE TO CRASH,,"$501 - $1,500",2025-08-04T17:32:00.000,UNABLE TO DETERMINE,NOT APPLICABLE,2801,N,RACINE AVE,1933,2,INCAPACITATING INJURY,1,0,1,0,0,1,0,17,2,8,41.9326045897,-87.6585651015,"{'type': 'Point', 'coordinates': [-87.65856510154, 41.932604589659]}",,,Y,Y,,,,,,
c6eb0ae2452579eb9b4dbdd6e7a1fe8f431be8976098d835c501d8a0b410090a7d5848a7bb404c7936e6e048195484fcf4601b76f8dac47e674479ee0e055cc7,2025-08-04T17:20:00.000,30,TRAFFIC SIGNAL,FUNCTIONING PROPERLY,CLEAR,DAYLIGHT,REAR END,NOT DIVIDED,STRAIGHT AND LEVEL,DRY,NO DEFECTS,NOT ON SCENE (DESK REPORT),NO INJURY / DRIVE AWAY,,"OVER $1,500",2025-08-04T18:58:00.000,UNABLE TO DETERMINE,NOT APPLICABLE,392,E,87TH ST,632,2,NO INDICATION OF INJURY,0,0,0,0,0,2,0,17,2,8,41.7366115923,-87.6146113344,"{'type': 'Point', 'coordinates': [-87.614611334361, 41.736611592278]}",,,,,,,,,,
c8293bc4a0a3a7be4789c1789ab845b89a226435262f69ee50d2e8832fac87a22f3922e775597ef9f7798e77d1b1e2dd7771870f431de76d592b1a79e907e66e,2025-08-04T17:20:00.000,25,TRAFFIC SIGNAL,FUNCTIONING PROPERLY,CLEAR,DAWN,REAR END,NOT DIVIDED,STRAIGHT AND LEVEL,UNKNOWN,UNKNOWN,NOT ON SCENE (DESK REPORT),NO INJURY / DRIVE AWAY,N,"OVER $1,500",2025-08-04T19:41:00.000,UNABLE TO DETERMINE,UNABLE TO DETERMINE,10,N,CENTRAL AVE,1513,2,NO INDICATION OF INJURY,0,0,0,0,0,2,0,17,2,8,41.8805753882,-87.7650151537,"{'type': 'Point', 'coordinates': [-87.765015153652, 41.8805753882]}",,,,,,,,,,
a5539b63859ad9222d7ebd0a27d61492892ce7767a1edb5507fcb7715fcab3b3d898e660f705c6205775b722ad89768aa88d13de33863a2190405e12d4befc4e,2025-08-04T17:19:00.000,30,STOP SIGN/FLASHER,UNKNOWN,CLEAR,DAYLIGHT,TURNING,FOUR WAY,STRAIGHT AND LEVEL,DRY,UNKNOWN,ON SCENE,NO INJURY / DRIVE AWAY,Y,"OVER $1,500",2025-08-04T17:21:00.000,UNABLE TO DETERMINE,UNABLE TO DETERMINE,6900,S,BELL AVE,832,2,NO INDICATION OF INJURY,0,0,0,0,0,3,0,17,2,8,41.7682820604,-87.6797351563,"{'type': 'Point', 'coordinates': [-87.679735156295, 41.768282060432]}",,,Y,,,,,,,
09a3990d0fbb3cb0438cbf13481d7fdecaee4901cdef862d39883105651b864eed21bdd0c630e28cd8a54aa174d0dda1903c47364f4d48acbffc3134b4011fe3,2025-08-04T17:17:00.000,30,TRAFFIC SIGNAL,FUNCTIONING PROPERLY,CLEAR,DAYLIGHT,REAR END,FOUR WAY,STRAIGHT AND LEVEL,DRY,NO DEFECTS,ON SCENE,NO INJURY / DRIVE AWAY,,"OVER $1,500",2025-08-04T17:20:00.000,UNABLE TO DETERMINE,NOT APPLICABLE,5048,S,ASHLAND AVE,931,2,NO INDICATION OF INJURY,0,0,0,0,0,2,0,17,2,8,41.8016902307,-87.6649316584,"{'type': 'Point', 'coordinates': [-87.664931658449, 41.801690230741]}",,,Y,,,,,,,
fe8b6f97c6636c026ca67d7c8295e16174392b613ea53c3c99755419e8c2a57b74c7b43c6b265c7b058d3d08238aa33128c502806f10ef995cbef5d58bea8064,2025-08-04T17:15:00.000,30,TRAFFIC SIGNAL,FUNCTIONING PROPERLY,CLEAR,DAYLIGHT,TURNING,NOT DIVIDED,STRAIGHT AND LEVEL,DRY,NO DEFECTS,ON SCENE,NO INJURY / DRIVE AWAY,Y,"OVER $1,500",2025-08-04T17:24:00.000,FAILING TO YIELD RIGHT-OF-WAY,NOT APPLICABLE,5890,S,ARCHER AVE,811,2,NO INDICATION OF INJURY,0,0,0,0,0,2,0,17,2,8,41.7958059149,-87.7624643898,"{'type': 'Point', 'coordinates': [-87.762464389829, 41.7958059149]}",,,,,,,,,,
26693fa1a3f38795e75df77bf8abe2fb748d135b0ddb6a70478bb9072647755412b954e986dea4aa2e13a787507b42605171547f9ed99a5e1949cac93248b6ff,2025-08-04T17:14:00.000,30,TRAFFIC SIGNAL,FUNCTIONING PROPERLY,CLEAR,DAYLIGHT,REAR END,DIVIDED - W/MEDIAN (NOT RAISED),STRAIGHT AND LEVEL,DRY,NO DEFECTS,NOT ON SCENE (DESK REPORT),NO INJURY / DRIVE AWAY,Y,"$501 - $1,500",2025-08-04T17:45:00.000,FOLLOWING TOO CLOSELY,UNABLE TO DETERMINE,5214,N,KEDZIE AVE,1712,2,NO INDICATION OF INJURY,0,0,0,0,0,2,0,17,2,8,41.9762338532,-87.7088387441,"{'type': 'Point', 'coordinates': [-87.708838744115, 41.976233853237]}",,,,,,,,,,
d7013cad4c1015294d3b35965b0d2e9088990ad062014cd396d58a8a12e14fe6410a3428c5a01e49b87facf218704f9af4705f9833b778028c710b2dabf72cc6,2025-08-04T17:11:00.000,10,UNKNOWN,NO CONTROLS,CLEAR,DAYLIGHT,SIDESWIPE SAME DIRECTION,PARKING LOT,STRAIGHT AND LEVEL,DRY,NO DEFECTS,NOT ON SCENE (DESK REPORT),NO INJURY / DRIVE AWAY,,$500 OR LESS,2025-08-04T18:05:00.000,UNABLE TO DETERMINE,UNABLE TO DETERMINE,2630,N,NARRAGANSETT AVE,2512,2,NO INDICATION OF INJURY,0,0,0,0,0,2,0,17,2,8,41.9282789928,-87.7857612572,"{'type': 'Point', 'coordinates': [-87.785761257196, 41.928278992821]}",,,,,,,,,,
d14da98426ae7bc633fc45be50be427c767ad9b1b520a7f99e09619ea6391f26cc096144794f3f63ea72e27f06a2f9ff143cf7d8aea019adafe532dce299cd1f,2025-08-04T17:01:00.000,30,NO CONTROLS,NO CONTROLS,CLEAR,DAYLIGHT,SIDESWIPE SAME DIRECTION,NOT DIVIDED,STRAIGHT AND LEVEL,DRY,NO DEFECTS,ON SCENE,NO INJURY / DRIVE AWAY,,$500 OR LESS,2025-08-04T17:27:00.000,IMPROPER OVERTAKING/PASSING,IMPROPER OVERTAKING/PASSING,710,N,FAIRBANKS CT,1834,2,NO INDICATION OF INJURY,0,0,0,0,0,2,0,17,2,8,41.8954035995,-87.6204826076,"{'type': 'Point', 'coordinates': [-87.620482607643, 41.895403599474]}",,,,,,,,,,
573e2ecb445654b7a2504f6c02bfde475cbbfe70e9cbda3b825aa4e7e3b31a939706fdc253857f16734d1c4bf6fc5b29d4f2e6ec4db37559741b6ec25a14735b,2025-08-04T17:00:00.000,25,NO CONTROLS,NO CONTROLS,UNKNOWN,UNKNOWN,PARKED MOTOR VEHICLE,DIVIDED - W/MEDIAN (NOT RAISED),STRAIGHT AND LEVEL,UNKNOWN,UNKNOWN,NOT ON SCENE (DESK REPORT),NO INJURY / DRIVE AWAY,,"OVER $1,500",2025-08-05T18:42:00.000,"OPERATING VEHICLE IN ERRATIC, RECKLESS, CARELESS, NEGLIGENT OR AGGRESSIVE MANNER",NOT APPLICABLE,1145,W,LOYOLA AVE,2432,2,NO INDICATION OF INJURY,0,0,0,0,0,1,0,17,2,8,42.0014271957,-87.6604011153,"{'type': 'Point', 'coordinates': [-87.660401115343, 42.001427195734]}",,,Y,,,,,,,
a13af7a4193777f309b7dd5d7b719624fa900611ff3f2457087bbb4ef6f4dc5a0205c8f3488a734918f9cb0ebe12994540949188eaf1f23a0321359ac7d084b9,2025-08-04T17:00:00.000,30,TRAFFIC SIGNAL,UNKNOWN,CLEAR,DAYLIGHT,TURNING,FOUR WAY,STRAIGHT AND LEVEL,DRY,NO DEFECTS,NOT ON SCENE (DESK REPORT),NO INJURY / DRIVE AWAY,Y,"OVER $1,500",2025-08-05T00:20:00.000,FAILING TO YIELD RIGHT-OF-WAY,NOT APPLICABLE,3599,W,WASHINGTON BLVD,1123,2,NO INDICATION OF INJURY,0,0,0,0,0,3,0,17,2,8,41.8814093047,-87.7157822382,"{'type': 'Point', 'coordinates': [-87.715782238218, 41.881409304711]}",,,Y,,,,,,,
3682204d9ca52c8d47f36b910bbdad4abc5ea4fd53cdb1c6fbecbbb1827436c29bc79c4b741c8f223ac23b40eb95dd4b09b236f797e0e3c69e5c5c340ad5f2ec,2025-08-04T16:55:00.000,30,TRAFFIC SIGNAL,FUNCTIONING PROPERLY,CLEAR,DAYLIGHT,REAR END,FOUR WAY,STRAIGHT AND LEVEL,DRY,NO DEFECTS,ON SCENE,NO INJURY / DRIVE AWAY,Y,"OVER $1,500",2025-08-04T17:18:00.000,FOLLOWING TOO CLOSELY,FAILING TO REDUCE SPEED TO AVOID CRASH,5941,W,TOUHY AVE,1621,3,NO INDICATION OF INJURY,0,0,0,0,0,3,0,16,2,8,42.0118608407,-87.7758152879,"{'type': 'Point', 'coordinates': [-87.775815287948, 42.011860840672]}",,,,,,,,,,
46717c391e76f209e93bde46345684453ee413175c00f08ac2049402876bdb7ca9d881a3ea7387f8fe1c4fb4ea3c73832cf692a41f1820fb6d7a5764c374f590,2025-08-04T16:50:00.000,30,NO CONTROLS,NO CONTROLS,CLEAR,DAYLIGHT,REAR END,NOT DIVIDED,STRAIGHT AND LEVEL,DRY,NO DEFECTS,ON SCENE,INJURY AND / OR TOW DUE TO CRASH,,"OVER $1,500",2025-08-04T17:01:00.000,FAILING TO REDUCE SPEED TO AVOID CRASH,NOT APPLICABLE,6059,W,MONTROSE AVE,1624,2,NONINCAPACITATING INJURY,1,0,0,1,0,1,0,16,2,8,41.9602085992,-87.7793998192,"{'type': 'Point', 'coordinates': [-87.779399819249, 41.960208599237]}",,,,,,,,,,
ce570b2b4aa550149f65ad8f3cddbb829c5e0a3990a9d658b53b5d4ef45af7f2751015f123b2c534fc26a7a8f830f6a4e15d8ce975347c6748d582ef0e70194c,2025-08-04T16:49:00.000,30,NO CONTROLS,NO CONTROLS,CLEAR,DAYLIGHT,PARKED MOTOR VEHICLE,OTHER,STRAIGHT AND LEVEL,DRY,UNKNOWN,ON SCENE,NO INJURY / DRIVE AWAY,,"$501 - $1,500",2025-08-04T17:03:00.000,IMPROPER OVERTAKING/PASSING,IMPROPER OVERTAKING/PASSING,100,E,ERIE ST,1834,2,NO INDICATION OF INJURY,0,0,0,0,0,1,0,16,2,8,41.894228849,-87.625384759,"{'type': 'Point', 'coordinates': [-87.625384758996, 41.894228848999]}",,,,,,,,,,
92ff9689ff7e6bf299dbc0fb7b7e53161a20b14ccd64c492b8e50fb8b0eb099ff646bb64b5af2cd6317cde4217a7c752b1c7425ee0904c57ef0553baa8ab937a,2025-08-04T16:48:00.000,30,NO CONTROLS,NO CONTROLS,CLEAR,DAYLIGHT,FIXED OBJECT,ONE-WAY,STRAIGHT AND LEVEL,DRY,NO DEFECTS,ON SCENE,NO INJURY / DRIVE AWAY,,"$501 - $1,500",2025-08-04T16:48:00.000,UNABLE TO DETERMINE,NOT APPLICABLE,7,W,MADISON ST,112,1,NO INDICATION OF INJURY,0,0,0,0,0,1,0,16,2,8,41.8819063122,-87.6280966752,"{'type': 'Point', 'coordinates': [-87.628096675208, 41.881906312234]}",,,,,,,,,,
c1beb803f32de4163567ac0672ac4dc1dcd32354d676c6d26e129475aa3b4a986a09c6cabec48f6ea9390343532abc8e5081185290b4bc18b2cef9f6fc602d10,2025-08-04T16:47:00.000,15,NO CONTROLS,NO CONTROLS,CLEAR,DAYLIGHT,SIDESWIPE OPPOSITE DIRECTION,ALLEY,STRAIGHT AND LEVEL,DRY,NO DEFECTS,ON SCENE,INJURY AND / OR TOW DUE TO CRASH,,"OVER $1,500",2025-08-04T17:17:00.000,FAILING TO REDUCE SPEED TO AVOID CRASH,NOT APPLICABLE,1956,W,17TH ST,1234,2,NO INDICATION OF INJURY,0,0,0,0,0,2,0,16,2,8,41.858696446,-87.6758235967,"{'type': 'Point', 'coordinates': [-87.675823596656, 41.858696445962]}",,,Y,,,,,,,
082d49ab164a87dc287a6202f5b0e798ca73f1b4ebeb0fc146c383898a2eb00ebc6f3d364f0d78a0ac37020ae44f17bed6afceae04cbd38d97f335ecfcd24c1b,2025-08-04T16:45:00.000,25,NO CONTROLS,NO CONTROLS,CLEAR,DAYLIGHT,TURNING,NOT DIVIDED,STRAIGHT AND LEVEL,DRY,NO DEFECTS,NOT ON SCENE (DESK REPORT),NO INJURY / DRIVE AWAY,,"OVER $1,500",2025-08-04T17:45:00.000,IMPROPER TURNING/NO SIGNAL,FAILING TO REDUCE SPEED TO AVOID CRASH,727,E,111TH ST,531,2,NO INDICATION OF INJURY,0,0,0,0,0,2,0,16,2,8,41.6927233639,-87.6045058667,"{'type': 'Point', 'coordinates': [-87.60450586672, 41.692723363896]}",,,,,,,,,,
943b8583f9e91f68a80689c075f4af68b7cdb072810fc824897763f768513bf06467c9d78134768af2c5777845a6daf6c5efae4a426becedd370bd9e8de49da7,2025-08-04T16:45:00.000,30,TRAFFIC SIGNAL,FUNCTIONING PROPERLY,CLEAR,DAYLIGHT,REAR END,NOT DIVIDED,STRAIGHT AND LEVEL,DRY,NO DEFECTS,NOT ON SCENE (DESK REPORT),NO INJURY / DRIVE AWAY,,"OVER $1,500",2025-08-04T19:00:00.000,FOLLOWING TOO CLOSELY,UNABLE TO DETERMINE,2960,W,ROOSEVELT RD,1135,2,NO INDICATION OF INJURY,0,0,0,0,0,2,0,16,2,8,41.8665661382,-87.7007294051,"{'type': 'Point', 'coordinates': [-87.700729405116, 41.866566138226]}",,,Y,,,,,,,
1d2631657a7758a70ee88768529b0f8352f370bae3e39f6de5a7cba752b7ffe17ab5fc4eb046c9bec4daf04ab82ba70812227cb89a052fa7a0f00e2b7239fac1,2025-08-04T16:40:00.000,30,TRAFFIC SIGNAL,FUNCTIONING PROPERLY,CLEAR,DAYLIGHT,PARKED MOTOR VEHICLE,ONE-WAY,STRAIGHT AND LEVEL,DRY,UNKNOWN,NOT ON SCENE (DESK REPORT),NO INJURY / DRIVE AWAY,,"OVER $1,500",2025-08-04T18:00:00.000,UNABLE TO DETERMINE,NOT APPLICABLE,319,S,JEFFERSON ST,121,2,NO INDICATION OF INJURY,0,0,0,0,0,2,0,16,2,8,41.8773993937,-87.6423706465,"{'type': 'Point', 'coordinates': [-87.642370646499, 41.877399393665]}",,,,,,,,,,
35acfb64a89299be1d9073f6225f1f940145097b9614760db756da7aba7da73b9e89e50af094585a3c4dcd0b1da4258890ccb89f684fd3a825c2228a1ef90449,2025-08-04T16:40:00.000,30,TRAFFIC SIGNAL,FUNCTIONING PROPERLY,CLEAR,DAYLIGHT,REAR END,NOT DIVIDED,STRAIGHT AND LEVEL,UNKNOWN,UNKNOWN,NOT ON SCENE (DESK REPORT),NO INJURY / DRIVE AWAY,Y,"OVER $1,500",2025-08-04T18:00:00.000,FOLLOWING TOO CLOSELY,NOT APPLICABLE,1450,W,CERMAK RD,1235,2,NO INDICATION OF INJURY,0,0,0,0,0,3,0,16,2,8,41.8524959029,-87.6631904156,"{'type': 'Point', 'coordinates': [-87.66319041557, 41.852495902869]}",,,,,,,,,,
3ea075f506435499fd67878e9aaaf9d396c9373fb890edab6018581477134590ee8da8db68cd977278ac1d3536c50c9a93d17d9d0dde561bcb9794405b985dcf,2025-08-04T16:40:00.000,30,NO CONTROLS,NO CONTROLS,CLEAR,DAYLIGHT,PARKED MOTOR VEHICLE,PARKING LOT,STRAIGHT AND LEVEL,UNKNOWN,UNKNOWN,NOT ON SCENE (DESK REPORT),NO INJURY / DRIVE AWAY,,"$501 - $1,500",2025-08-06T17:06:00.000,UNABLE TO DETERMINE,NOT APPLICABLE,9525,S,HALSTED ST,2223,2,NO INDICATION OF INJURY,0,0,0,0,0,1,0,16,2,8,41.7206948857,-87.6430481721,"{'type': 'Point', 'coordinates': [-87.643048172133, 41.720694885749]}",,,Y,,,,,,,
8fa7b6f56276d6cad8c7f6595d79cef97430291cfe75d8eb10964771d94dfa6b288efbc1c768943667fbdc8120e5a56a3719b823ec89ae20690f08f8d1d51614,2025-08-04T16:40:00.000,30,NO CONTROLS,NO CONTROLS,CLEAR,DAYLIGHT,REAR END,NOT DIVIDED,STRAIGHT AND LEVEL,DRY,NO DEFECTS,NOT ON SCENE (DESK REPORT),INJURY AND / OR TOW DUE TO CRASH,,"$501 - $1,500",2025-08-07T15:33:00.000,FAILING TO REDUCE SPEED TO AVOID CRASH,NOT APPLICABLE,5532,N,CICERO AVE,1621,2,"REPORTED, NOT EVIDENT",1,0,0,0,1,1,0,16,2,8,41.982556559,-87.7483657651,"{'type': 'Point', 'coordinates': [-87.74836576508, 41.982556559031]}",,,,,,,,,,
6757728830780dbde5b39419dcb9fa6e2c1af47b8058bb4fe6b8cd2b61ee657abf78fe73c66afbfffbd463f86a285cf588c952fdba9d3725a63c84b4395609f8,2025-08-04T16:36:00.000,15,NO CONTROLS,NO CONTROLS,CLEAR,DAYLIGHT,REAR TO SIDE,PARKING LOT,STRAIGHT AND LEVEL,DRY,NO DEFECTS,NOT ON SCENE (DESK REPORT),INJURY AND / OR TOW DUE TO CRASH,,"OVER $1,500",2025-08-05T11:40:00.000,UNABLE TO DETERMINE,NOT APPLICABLE,1030,N,CLARK ST,1824,2,"REPORTED, NOT EVIDENT",1,0,0,0,1,1,0,16,2,8,41.9015319827,-87.6315260681,"{'type': 'Point', 'coordinates': [-87.631526068052, 41.901531982704]}",Y,,,,,,,,,
8c19ad495a448e1f9b727e87d21b1b7fc1fe9d2200d26e9e8c331c22ae60c363faff976e531590f1a922fce60eabcca2ad4a8741c6597326a55124d4278104d8,2025-08-04T16:36:00.000,30,TRAFFIC SIGNAL,FUNCTIONING PROPERLY,CLEAR,DAYLIGHT,TURNING,NOT DIVIDED,STRAIGHT AND LEVEL,DRY,UNKNOWN,ON SCENE,INJURY AND / OR TOW DUE TO CRASH,Y,"OVER $1,500",2025-08-04T16:36:00.000,FAILING TO YIELD RIGHT-OF-WAY,NOT APPLICABLE,3700,W,WASHINGTON BLVD,1122,2,NO INDICATION OF INJURY,0,0,0,0,0,2,0,16,2,8,41.8817857927,-87.7186362579,"{'type': 'Point', 'coordinates': [-87.71863625789, 41.881785792656]}",,,Y,,,,,,,
a60a42e3f50625f3d000d92bfd6900c66f2d7db5141229d10f3184e64a63aa1eee736bddc9c44636fcbd939a570a13961c1ec9a943ef0eadf775a7b3dd207f09,2025-08-04T16:34:00.000,30,NO CONTROLS,NO CONTROLS,CLEAR,DAYLIGHT,REAR END,DIVIDED - W/MEDIAN BARRIER,STRAIGHT AND LEVEL,DRY,NO DEFECTS,ON SCENE,INJURY AND / OR TOW DUE TO CRASH,,"OVER $1,500",2025-08-04T16:39:00.000,FAILING TO REDUCE SPEED TO AVOID CRASH,NOT APPLICABLE,917,W,95TH ST,2223,2,"REPORTED, NOT EVIDENT",1,0,0,0,1,3,0,16,2,8,41.721312774,-87.6463243203,"{'type': 'Point', 'coordinates': [-87.646324320252, 41.721312774045]}",,,,,,,,,,
fe4b547693073a6cddaa1587a73f93df5da12c3b7636f152159963e315a5c0656d7f6e33911ebf9b0b1bf91e22fadd921da311577f963872801d333096bc4ae3,2025-08-04T16:32:00.000,35,TRAFFIC SIGNAL,FUNCTIONING PROPERLY,CLEAR,DAYLIGHT,TURNING,FOUR WAY,STRAIGHT AND LEVEL,DRY,NO DEFECTS,ON SCENE,INJURY AND / OR TOW DUE TO CRASH,Y,"OVER $1,500",2025-08-04T16:33:00.000,FAILING TO YIELD RIGHT-OF-WAY,NOT APPLICABLE,2400,W,87TH ST,835,3,NO INDICATION OF INJURY,0,0,0,0,0,5,0,16,2,8,41.7356353288,-87.6826503426,"{'type': 'Point', 'coordinates': [-87.682650342555, 41.735635328819]}",,,,,,,,,,
13eb84944d76baa59c1baa11f43744a02e95ec801efd35f214b52c84f3965c6b6ef4e12c24ec89f777b1f536669987a006c0f01c395fb649a4be16c293f32ea0,2025-08-04T16:30:00.000,30,NO CONTROLS,NO CONTROLS,CLEAR,DAYLIGHT,PARKED MOTOR VEHICLE,NOT DIVIDED,STRAIGHT AND LEVEL,DRY,NO DEFECTS,ON SCENE,NO INJURY / DRIVE AWAY,,"OVER $1,500",2025-08-04T17:56:00.000,IMPROPER TURNING/NO SIGNAL,UNABLE TO DETERMINE,2548,W,51ST ST,923,2,NO INDICATION OF INJURY,0,0,0,0,0,3,0,16,2,8,41.8011900263,-87.6886411502,"{'type': 'Point', 'coordinates': [-87.688641150173, 41.801190026298]}",,,Y,,,,,,,
250398a52763c6bb44cd8c632f5a7a7abdad5b7518d1f2e3770c85255fb56fce121d3ea8ade6adfd75a1f851c962effa8b927c0c30bfddc3de1aa5ed966acce6,2025-08-04T16:15:00.000,30,NO CONTROLS,NO CONTROLS,CLEAR,DAYLIGHT,TURNING,NOT DIVIDED,STRAIGHT AND LEVEL,DRY,NO DEFECTS,NOT ON SCENE (DESK REPORT),NO INJURY / DRIVE AWAY,,"OVER $1,500",2025-08-04T16:40:00.000,IMPROPER TURNING/NO SIGNAL,UNABLE TO DETERMINE,5637,W,LAWRENCE AVE,1622,2,NO INDICATION OF INJURY,0,0,0,0,0,2,0,16,2,8,41.9676548364,-87.7689204773,"{'type': 'Point', 'coordinates': [-87.768920477335, 41.967654836444]}",,,,,,,,,,
2938df262caf86db7cff448253654fd4deb694ee28d8efbb0c658a15d40451ece7eac5b69a8438f3029a0cb12008c2f31485421067763e20dc52e0fc75c9755e,2025-08-04T16:15:00.000,30,NO CONTROLS,NO CONTROLS,CLEAR,DAYLIGHT,REAR TO REAR,PARKING LOT,STRAIGHT AND LEVEL,DRY,NO DEFECTS,NOT ON SCENE (DESK REPORT),NO INJURY / DRIVE AWAY,,"OVER $1,500",2025-08-04T16:40:00.000,UNABLE TO DETERMINE,NOT APPLICABLE,820,S,DAMEN AVE,1225,2,NO INDICATION OF INJURY,0,0,0,0,0,2,0,16,2,8,41.8708894961,-87.6765126502,"{'type': 'Point', 'coordinates': [-87.676512650226, 41.870889496052]}",,,,,,,,,,
b69a7e13b0e222240268da34c8b52ec682d553b81dc59cb0ee5b2404f0fda853a1447034d3325b2191e24d4d25e5699bdd15549e34affe6aabc7038b5e14467a,2025-08-04T16:12:00.000,20,TRAFFIC SIGNAL,FUNCTIONING PROPERLY,CLEAR,DAYLIGHT,PEDALCYCLIST,FOUR WAY,STRAIGHT AND LEVEL,DRY,NO DEFECTS,ON SCENE,INJURY AND / OR TOW DUE TO CRASH,Y,$500 OR LESS,2025-08-04T16:13:00.000,DISREGARDING TRAFFIC SIGNALS,FAILING TO YIELD RIGHT-OF-WAY,199,N,JEFFERSON ST,121,2,NONINCAPACITATING INJURY,1,0,0,1,0,1,0,16,2,8,41.8856437201,-87.6426248574,"{'type': 'Point', 'coordinates': [-87.642624857432, 41.885643720137]}",,,,,,,,,,