crash_record_id,crash_date,posted_speed_limit,traffic_control_device,device_condition,weather_condition,lighting_condition,first_crash_type,trafficway_type,alignment,roadway_surface_cond,road_defect,report_type,crash_type,intersection_related_i,damage,date_police_notified,prim_contributory_cause,sec_contributory_cause,street_no,street_direction,street_name,beat_of_occurrence,num_units,most_severe_injury,injuries_total,injuries_fatal,injuries_incapacitating,injuries_non_incapacitating,injuries_reported_not_evident,injuries_no_indication,injuries_unknown,crash_hour,crash_day_of_week,crash_month,latitude,longitude,location,private_property_i,photos_taken_i,hit_and_run_i,statements_taken_i,crash_date_est_i,work_zone_i,work_zone_type,dooring_i,lane_cnt,workers_present_i
b7414eaf4ff5aab9304ba592ffcb030ea583aff337accbbfd5ab53b975ea8589a1cc8255c4ee917b0bf73996301826cd83dc8fa7809e27d86625f3db3c0ed985,2025-08-04T16:03:00.000,30,STOP SIGN/FLASHER,NO CONTROLS,CLEAR,DAYLIGHT,ANGLE,FOUR WAY,STRAIGHT AND LEVEL,DRY,NO DEFECTS,ON SCENE,INJURY AND / OR TOW DUE TO CRASH,Y,"OVER $1,500",2025-08-04T16:05:00.000,FAILING TO YIELD RIGHT-OF-WAY,DRIVING SKILLS/KNOWLEDGE/EXPERIENCE,5900,S,TRIPP AVE,813,2,"REPORTED, NOT EVIDENT",1,0,0,0,1,1,0,16,2,8,41.7857839251,-87.7292231425,"{'type': 'Point', 'coordinates': [-87.729223142508, 41.785783925055]}",,,Y,,,,,,,
6907144262a4212c3bab977c42abb5d6fef7072310a736a56de55a6ec84b7dee85e447507ad1b505242208bf9adeaab0432ec08c214baaf830c867bcdfc8ab61,2025-08-04T16:00:00.000,15,NO CONTROLS,NO CONTROLS,CLEAR,DAYLIGHT,REAR TO SIDE,PARKING LOT,STRAIGHT AND LEVEL,DRY,NO DEFECTS,NOT ON SCENE (DESK REPORT),NO INJURY / DRIVE AWAY,,"OVER $1,500",2025-08-05T16:55:00.000,UNABLE TO DETERMINE,UNABLE TO DETERMINE,3000,S,HALSTED ST,913,2,NO INDICATION OF INJURY,0,0,0,0,0,2,0,16,2,8,41.8397719466,-87.6464675111,"{'type': 'Point', 'coordinates': [-87.646467511129, 41.839771946584]}",,,,,,,,,,
6e16169cb4ac05653bb89e739cfb207b06e21d3c6861bfea8a2e8e71e9f4da5ffcf25c5f6ce251528a7d0bc702a4df0b7148c6eab5f82ecebf92149d05bc1cd9,2025-08-04T16:00:00.000,30,NO CONTROLS,NO CONTROLS,CLEAR,DAYLIGHT,REAR END,DIVIDED - W/MEDIAN (NOT RAISED),STRAIGHT AND LEVEL,DRY,NO DEFECTS,NOT ON SCENE (DESK REPORT),NO INJURY / DRIVE AWAY,,"OVER $1,500",2025-08-04T16:40:00.000,FOLLOWING TOO CLOSELY,NOT APPLICABLE,5700,S,ROCKWELL ST,824,2,NO INDICATION OF INJURY,0,0,0,0,0,2,0,16,2,8,41.7900401542,-87.6889636101,"{'type': 'Point', 'coordinates': [-87.688963610142, 41.790040154214]}",,,Y,,,,,,,
8b27b1fb517fa88ab5b1a6178ae09cbac3412e10c8ce0165a905d128a6df6008c4a24b2c7e660643d2406149545ea41f8c738aa650940d3779f6edcda874d2b9,2025-08-04T16:00:00.000,20,OTHER,FUNCTIONING PROPERLY,CLEAR,DAYLIGHT,REAR END,DIVIDED - W/MEDIAN BARRIER,STRAIGHT AND LEVEL,DRY,NO DEFECTS,ON SCENE,NO INJURY / DRIVE AWAY,,"OVER $1,500",2025-08-04T16:05:00.000,IMPROPER LANE USAGE,UNABLE TO DETERMINE,8800,S,CHICAGO SKYWAY OB,412,2,NO INDICATION OF INJURY,0,0,0,0,0,2,0,16,2,8,,,,,,,,,,,,,
b9c3e4ac0f095da7616e2ff72181703314e810fcfac0590dd72e7bf1078ee9acc92414d7513252ebd7d4e84a06ce91ac07bff5c3c91318ef803d0659ca7dc6dd,2025-08-04T16:00:00.000,30,UNKNOWN,UNKNOWN,CLEAR,DAYLIGHT,TURNING,FOUR WAY,STRAIGHT AND LEVEL,DRY,UNKNOWN,NOT ON SCENE (DESK REPORT),NO INJURY / DRIVE AWAY,,"OVER $1,500",2025-08-04T16:21:00.000,IMPROPER OVERTAKING/PASSING,NOT APPLICABLE,7900,S,STATE ST,623,2,NO INDICATION OF INJURY,0,0,0,0,0,2,0,16,2,8,41.7509181383,-87.6246901225,"{'type': 'Point', 'coordinates': [-87.624690122516, 41.750918138315]}",,,Y,,,,,,,
cdc06aab4e3a2990bcd300aaaf362a13ee4875686f0a91d694281dfc1a8fdcebf685e89a651835fd2b0a48598aac6e71f62ecb771df0835f1344e7ec32e8b4aa,2025-08-04T16:00:00.000,10,NO CONTROLS,NO CONTROLS,CLEAR,DAYLIGHT,PARKED MOTOR VEHICLE,PARKING LOT,STRAIGHT AND LEVEL,DRY,NO DEFECTS,NOT ON SCENE (DESK REPORT),NO INJURY / DRIVE AWAY,,"OVER $1,500",2025-08-04T21:15:00.000,UNABLE TO DETERMINE,UNABLE TO DETERMINE,5222,S,LAKE PARK AVE,234,2,NO INDICATION OF INJURY,0,0,0,0,0,1,0,16,2,8,41.8003391257,-87.5875374205,"{'type': 'Point', 'coordinates': [-87.587537420458, 41.800339125702]}",,,Y,,,,,,,
e703cec95c6f520cd47ba011e73429f22396221e0fec536bef5a2f0cd55d374bd085e722210819692b4a4dce00d21c41625a9b70dbe3b25c27edc7b28eaea4ab,2025-08-04T15:58:00.000,30,NO CONTROLS,NO CONTROLS,CLEAR,DAYLIGHT,SIDESWIPE SAME DIRECTION,NOT DIVIDED,STRAIGHT AND LEVEL,DRY,NO DEFECTS,,NO INJURY / DRIVE AWAY,,"OVER $1,500",2025-08-04T16:00:00.000,UNABLE TO DETERMINE,NOT APPLICABLE,1475,W,IRVING PARK RD,1922,2,NO INDICATION OF INJURY,0,0,0,0,0,3,0,15,2,8,41.9542045512,-87.6671820719,"{'type': 'Point', 'coordinates': [-87.667182071935, 41.954204551154]}",,,,,,,,,,
25559e284e49a7c699cc4018f5b9ab6627b009976c46df2c4167d24ed8a68bf91ff81fff7c3b42226feeb65ecf6278fdba9838ed1c2afaf69fa7d46e23fcb67a,2025-08-04T15:50:00.000,30,NO CONTROLS,NO CONTROLS,CLEAR,DAYLIGHT,REAR END,NOT DIVIDED,STRAIGHT AND LEVEL,DRY,NO DEFECTS,ON SCENE,INJURY AND / OR TOW DUE TO CRASH,,"OVER $1,500",2025-08-04T15:51:00.000,DRIVING SKILLS/KNOWLEDGE/EXPERIENCE,DISTRACTION - FROM INSIDE VEHICLE,3101,N,SHERIDAN RD,1934,2,NONINCAPACITATING INJURY,1,0,0,1,0,3,0,15,2,8,41.9377843662,-87.6393226696,"{'type': 'Point', 'coordinates': [-87.63932266961, 41.937784366152]}",,,,,,,,,,
b85a012f9c92f58a2a501598a36b7d837cd639bcb515822b40d2a4d87c962e294de6575810c5eaa7c4fcdbdbdd1084178be6a4b0b026520995d5b34080e6b42a,2025-08-04T15:50:00.000,30,UNKNOWN,UNKNOWN,CLEAR,DAYLIGHT,TURNING,FOUR WAY,STRAIGHT AND LEVEL,DRY,UNKNOWN,NOT ON SCENE (DESK REPORT),NO INJURY / DRIVE AWAY,Y,"OVER $1,500",2025-08-04T15:53:00.000,IMPROPER TURNING/NO SIGNAL,FAILING TO YIELD RIGHT-OF-WAY,1600,N,KEYSTONE AVE,2534,2,NO INDICATION OF INJURY,0,0,0,0,0,3,0,15,2,8,41.9099583238,-87.7277048897,"{'type': 'Point', 'coordinates': [-87.727704889749, 41.909958323756]}",,,,,,,,,,
5109559c3744c16af16cd12916d7c5e8a94ebf09770163b51cbc7616f964b56c3f1b29d3186c796d21f6a027c6031abe0991cef8728ce85d87d7e0718bb98b45,2025-08-04T15:41:00.000,30,TRAFFIC SIGNAL,FUNCTIONING PROPERLY,CLEAR,DAYLIGHT,REAR END,NOT DIVIDED,STRAIGHT AND LEVEL,DRY,NO DEFECTS,NOT ON SCENE (DESK REPORT),NO INJURY / DRIVE AWAY,,"$501 - $1,500",2025-08-04T16:25:00.000,FOLLOWING TOO CLOSELY,FOLLOWING TOO CLOSELY,3150,W,ROOSEVELT RD,1134,2,NO INDICATION OF INJURY,0,0,0,0,0,2,0,15,2,8,41.8665228938,-87.7052433746,"{'type': 'Point', 'coordinates': [-87.705243374589, 41.866522893803]}",,,,,,,,,,
1784271857b27a8b65504aab01f8b5e3c47a9ae60e578dd381121b91af3381a04f9f74c081f1693e30f78de026e131699005388eeeba9cbdd0afc87af966e2df,2025-08-04T15:39:00.000,35,NO CONTROLS,NO CONTROLS,CLEAR,DAYLIGHT,SIDESWIPE SAME DIRECTION,NOT DIVIDED,STRAIGHT AND LEVEL,DRY,NO DEFECTS,ON SCENE,NO INJURY / DRIVE AWAY,,"OVER $1,500",2025-08-04T16:27:00.000,UNABLE TO DETERMINE,UNABLE TO DETERMINE,8800,W,LAWRENCE AVE,1614,2,NO INDICATION OF INJURY,0,0,0,0,0,2,0,15,2,8,41.9665032209,-87.8469943855,"{'type': 'Point', 'coordinates': [-87.846994385504, 41.966503220869]}",,,,,Y,,,,,
0b5513163a89767a98f8700cfe54b8072792e3e6621e51c742c0e233ffd07f6243ee1ae9ae9ed9673013334d7fce722f84805b9f8a9c213ab05da84d5d20e50e,2025-08-04T15:35:00.000,35,TRAFFIC SIGNAL,FUNCTIONING PROPERLY,CLEAR,DAYLIGHT,PEDALCYCLIST,FOUR WAY,STRAIGHT AND LEVEL,DRY,NO DEFECTS,ON SCENE,INJURY AND / OR TOW DUE TO CRASH,Y,$500 OR LESS,2025-08-04T15:38:00.000,FAILING TO YIELD RIGHT-OF-WAY,FAILING TO REDUCE SPEED TO AVOID CRASH,6200,N,NAGLE AVE,1611,2,"REPORTED, NOT EVIDENT",1,0,0,0,1,1,0,15,2,8,41.9937115057,-87.7876798352,"{'type': 'Point', 'coordinates': [-87.787679835181, 41.99371150573]}",,,,,,,,,,
6fd5c6f65131de46c34855b62d92dbfdea0fb614bb2e07c17079e0d97620e19205af2302121f1e959d5c23950d6b29130acd3fa1afb37882120ae01109ed3f51,2025-08-04T15:35:00.000,30,NO CONTROLS,UNKNOWN,CLEAR,DAYLIGHT,PARKED MOTOR VEHICLE,ONE-WAY,STRAIGHT AND LEVEL,DRY,UNKNOWN,ON SCENE,NO INJURY / DRIVE AWAY,,"OVER $1,500",2025-08-04T18:17:00.000,UNABLE TO DETERMINE,UNABLE TO DETERMINE,4547,N,CHRISTIANA AVE,1724,2,NO INDICATION OF INJURY,0,0,0,0,0,1,0,15,2,8,41.964360269,-87.7118682223,"{'type': 'Point', 'coordinates': [-87.711868222284, 41.964360269046]}",,,Y,,Y,,,,,
6af25a1c9d1550a34e370a391baa9095bdce36befd09c62357a5eee2d4d16f02e44b73f728f75fa4ffe081a095db062496648ffebcb7256bb4573a78736692d0,2025-08-04T15:30:00.000,15,NO CONTROLS,NO CONTROLS,CLEAR,DAYLIGHT,PARKED MOTOR VEHICLE,NOT DIVIDED,STRAIGHT AND LEVEL,DRY,NO DEFECTS,NOT ON SCENE (DESK REPORT),NO INJURY / DRIVE AWAY,,"OVER $1,500",2025-08-05T09:45:00.000,IMPROPER LANE USAGE,UNABLE TO DETERMINE,861,W,BUENA AVE,1915,2,NO INDICATION OF INJURY,0,0,0,0,0,1,0,15,2,8,41.9583474424,-87.6522614308,"{'type': 'Point', 'coordinates': [-87.652261430822, 41.958347442391]}",,,,,,,,,,
95c5c4d22d917e50655d2beda79f7e8855102533edee55bb498c21715df3e17333afa59817a2e0de3821ba7923f36eb6bbf251a5bde4e196c9b9e2738f75d0ea,2025-08-04T15:30:00.000,30,UNKNOWN,NO CONTROLS,CLEAR,DAYLIGHT,TURNING,NOT DIVIDED,STRAIGHT AND LEVEL,DRY,NO DEFECTS,NOT ON SCENE (DESK REPORT),NO INJURY / DRIVE AWAY,Y,"OVER $1,500",2025-08-04T16:00:00.000,IMPROPER TURNING/NO SIGNAL,DRIVING SKILLS/KNOWLEDGE/EXPERIENCE,33,E,IDA B WELLS DR,123,2,NO INDICATION OF INJURY,0,0,0,0,0,2,0,15,2,8,41.8755731605,-87.6263761117,"{'type': 'Point', 'coordinates': [-87.626376111661, 41.875573160461]}",,,,,,,,,,
cf3c4b6b1ecb2d17eef819c4838e8df1000f1e0f67474102b0a218f2ad8b386b75cd55cfae81eb51af077d780ca243748f00c675773f9f19a2d672fbeb580485,2025-08-04T15:30:00.000,30,NO CONTROLS,NO CONTROLS,CLEAR,DAYLIGHT,PARKED MOTOR VEHICLE,DIVIDED - W/MEDIAN (NOT RAISED),STRAIGHT AND LEVEL,DRY,UNKNOWN,ON SCENE,NO INJURY / DRIVE AWAY,,"OVER $1,500",2025-08-04T16:10:00.000,UNABLE TO DETERMINE,UNABLE TO DETERMINE,4012,W,OGDEN AVE,1013,2,NO INDICATION OF INJURY,0,0,0,0,0,1,0,15,2,8,41.8510170734,-87.7253015024,"{'type': 'Point', 'coordinates': [-87.725301502407, 41.851017073382]}",,,Y,,,,,,,
e45235436b7aa31199b8ac0963e9a42b55275008ebb3f9183470dff0c1406c0f0ae4d326e4e909eb146460a8cf9dc64f6626d97d7c79b7dd4621288b1ae937ea,2025-08-04T15:30:00.000,20,NO CONTROLS,NO CONTROLS,CLEAR,DAYLIGHT,ANGLE,PARKING LOT,STRAIGHT AND LEVEL,DRY,UNKNOWN,NOT ON SCENE (DESK REPORT),NO INJURY / DRIVE AWAY,,"OVER $1,500",2025-08-05T09:15:00.000,FAILING TO YIELD RIGHT-OF-WAY,NOT APPLICABLE,5,W,TERMINAL ST,1655,2,NO INDICATION OF INJURY,0,0,0,0,0,2,0,15,2,8,,,,,,,,,,,,,
e2e32bceb4729439b3c367cb3d865a4a6ec80afc59b1034bc6e04eeb07bbebd83ce5e58ea63daf2caf71275028fb83a87837d979386e023502c92f3bae2a4572,2025-08-04T15:23:00.000,30,NO CONTROLS,NO CONTROLS,CLEAR,DAYLIGHT,TURNING,DIVIDED - W/MEDIAN (NOT RAISED),STRAIGHT AND LEVEL,DRY,NO DEFECTS,ON SCENE,NO INJURY / DRIVE AWAY,,"OVER $1,500",2025-08-04T15:32:00.000,IMPROPER LANE USAGE,NOT APPLICABLE,3960,N,ELSTON AVE,1732,2,NO INDICATION OF INJURY,0,0,0,0,0,5,0,15,2,8,41.9531510137,-87.7185656804,"{'type': 'Point', 'coordinates': [-87.71856568043, 41.953151013725]}",,,,,,,,,,
d2648ba03fede01aa81a1f1592c0bf835e424b9ba6d2ee702cde97b7838ee2a9a4a4df97e944c3354e746f0c5eab161806404fa666e5c991ef2e00d673906bdd,2025-08-04T15:22:00.000,30,NO CONTROLS,NO CONTROLS,CLEAR,DAYLIGHT,SIDESWIPE SAME DIRECTION,NOT DIVIDED,STRAIGHT AND LEVEL,DRY,NO DEFECTS,NOT ON SCENE (DESK REPORT),NO INJURY / DRIVE AWAY,,"OVER $1,500",2025-08-04T17:50:00.000,UNABLE TO DETERMINE,NOT APPLICABLE,3451,W,ROOSEVELT RD,1021,2,NO INDICATION OF INJURY,0,0,0,0,0,2,0,15,2,8,41.8662160213,-87.7125545663,"{'type': 'Point', 'coordinates': [-87.712554566339, 41.866216021256]}",,,,,,,,,,
91e30ac8c74b8cf427f1431f560231e1d90b4d3388bf1f9cdbb8726de3fbf2b476c7954a889c8b66498d664b26ac187e81462383c175e58ae5a73908187f79a9,2025-08-04T15:20:00.000,30,TRAFFIC SIGNAL,UNKNOWN,UNKNOWN,DAYLIGHT,REAR END,NOT DIVIDED,STRAIGHT AND LEVEL,UNKNOWN,UNKNOWN,NOT ON SCENE (DESK REPORT),NO INJURY / DRIVE AWAY,Y,"OVER $1,500",2025-08-07T10:32:00.000,FOLLOWING TOO CLOSELY,DISTRACTION - FROM OUTSIDE VEHICLE,5900,S,WENTWORTH AVE,232,2,NO INDICATION OF INJURY,0,0,0,0,0,2,0,15,2,8,,,,,,,,,,,,,
2643164397a07925f0927ffde93859540da2aae9320cdf1a8936342dfe4d2ada847948abbe8bed8dd01020e65255c3fec6294e6cf8988324d399a23439db27d5,2025-08-04T15:15:00.000,30,NO CONTROLS,NO CONTROLS,CLEAR,DAYLIGHT,TURNING,NOT DIVIDED,STRAIGHT AND LEVEL,DRY,UNKNOWN,NOT ON SCENE (DESK REPORT),NO INJURY / DRIVE AWAY,,"$501 - $1,500",2025-08-04T15:35:00.000,FAILING TO YIELD RIGHT-OF-WAY,NOT APPLICABLE,2356,W,111TH ST,2212,2,NO INDICATION OF INJURY,0,0,0,0,0,2,0,15,2,8,41.6918873569,-87.6809707259,"{'type': 'Point', 'coordinates': [-87.680970725923, 41.691887356876]}",,,,,,,,,,
5047501b8fad2bd71e4e713e2fb6ceb0a06ff1ac908295a6bcceb1435fb43bc5f2792c2a023c0878ccb782c21b85307bf12dcb49f4759015579f1281987026e4,2025-08-04T15:15:00.000,35,TRAFFIC SIGNAL,FUNCTIONING PROPERLY,CLEAR,DAYLIGHT,ANGLE,NOT DIVIDED,STRAIGHT AND LEVEL,DRY,UNKNOWN,ON SCENE,INJURY AND / OR TOW DUE TO CRASH,Y,"OVER $1,500",2025-08-04T15:48:00.000,UNABLE TO DETERMINE,UNABLE TO DETERMINE,9200,S,HOUSTON AVE,424,2,NONINCAPACITATING INJURY,3,0,0,3,0,0,0,15,2,8,41.7281698188,-87.5499660024,"{'type': 'Point', 'coordinates': [-87.549966002382, 41.728169818783]}",,,,,,,,,,
a68988fa12be148f5c07fedabacee378528d997035823fe5375e314b5ae71814d65e5c33c2513bb38513c3bc9c25ec5da77b94eaa0f2941c72a1a2ce2082b128,2025-08-04T15:15:00.000,30,TRAFFIC SIGNAL,FUNCTIONING PROPERLY,CLEAR,DAYLIGHT,PEDALCYCLIST,DIVIDED - W/MEDIAN (NOT RAISED),STRAIGHT AND LEVEL,DRY,NO DEFECTS,NOT ON SCENE (DESK REPORT),INJURY AND / OR TOW DUE TO CRASH,Y,$500 OR LESS,2025-08-04T15:40:00.000,IMPROPER OVERTAKING/PASSING,UNABLE TO DETERMINE,5205,N,PULASKI RD,1712,2,NONINCAPACITATING INJURY,1,0,0,1,0,1,0,15,2,8,41.9757388464,-87.7280923439,"{'type': 'Point', 'coordinates': [-87.72809234388, 41.975738846356]}",,,,,,,,,,
efb1bf0455d5c13c05bc3379e7a0e61acb139ee07dc25621a4d13048497ba8e8d8b0c7f91b265298c1a4c196d063d14311483d9eca9419ccf1f843b37464c3a9,2025-08-04T15:15:00.000,25,NO CONTROLS,NO CONTROLS,CLEAR,DAYLIGHT,FIXED OBJECT,NOT DIVIDED,STRAIGHT AND LEVEL,DRY,NO DEFECTS,ON SCENE,NO INJURY / DRIVE AWAY,,"OVER $1,500",2025-08-04T15:30:00.000,IMPROPER BACKING,NOT APPLICABLE,56,W,61ST ST,311,1,NO INDICATION OF INJURY,0,0,0,0,0,1,0,15,2,8,41.7832843718,-87.6274377337,"{'type': 'Point', 'coordinates': [-87.62743773369, 41.783284371799]}",,,,,,,,,,
f4ecc35a9e103e3e938c0f3fe326f237486d72ce7f9a907e0bc38ef2d0200cbeb2914addb69cc5092812f4f171c1d1f59a50770dc901263de25cf378a0cc66e3,2025-08-04T15:15:00.000,30,NO CONTROLS,NO CONTROLS,RAIN,DAYLIGHT,PARKED MOTOR VEHICLE,NOT DIVIDED,STRAIGHT AND LEVEL,DRY,NO DEFECTS,NOT ON SCENE (DESK REPORT),NO INJURY / DRIVE AWAY,,"OVER $1,500",2025-08-09T10:08:00.000,UNABLE TO DETERMINE,NOT APPLICABLE,419,N,HARDING AVE,1122,2,NO INDICATION OF INJURY,0,0,0,0,0,1,0,15,2,8,41.8887421897,-87.7245241765,"{'type': 'Point', 'coordinates': [-87.724524176508, 41.88874218971]}",,,Y,,,,,,,
1b9fb56c3f55c2b0b442580335f0ba64a10310b7c1684905afcd0c795000901c195506f3ebbe1af8f95bc9b6a0facf8e58fc48fb36e7c0ed2115c91557b2995b,2025-08-04T15:10:00.000,40,NO CONTROLS,NO CONTROLS,CLEAR,DAYLIGHT,REAR END,DIVIDED - W/MEDIAN BARRIER,STRAIGHT AND LEVEL,DRY,NO DEFECTS,ON SCENE,NO INJURY / DRIVE AWAY,,"$501 - $1,500",2025-08-04T15:11:00.000,FAILING TO REDUCE SPEED TO AVOID CRASH,NOT APPLICABLE,1500,S,LAKE SHORE DR NB,132,2,NO INDICATION OF INJURY,0,0,0,0,0,4,0,15,2,8,41.8619788388,-87.6186430718,"{'type': 'Point', 'coordinates': [-87.618643071791, 41.861978838775]}",,,,,,,,,,
d1589a17331f90032e8dfc6ae06a9242db2460dac87a1e78891a9031df7934c5381efea559b6b572694678fdc4e390ffad1ca99271099993bafa85ec553ec205,2025-08-04T15:08:00.000,35,NO CONTROLS,NO CONTROLS,CLEAR,DAYLIGHT,SIDESWIPE SAME DIRECTION,NOT DIVIDED,STRAIGHT AND LEVEL,DRY,NO DEFECTS,ON SCENE,NO INJURY / DRIVE AWAY,,"$501 - $1,500",2025-08-04T16:08:00.000,IMPROPER LANE USAGE,NOT APPLICABLE,6598,S,CORNELL DR,331,2,NO INDICATION OF INJURY,0,0,0,0,0,3,0,15,2,8,41.7761909651,-87.58638411,"{'type': 'Point', 'coordinates': [-87.586384110024, 41.77619096505]}",,,,,,,,,,
635666cafd23e4df43c1cde47c2331eb0d1ebb58cafdaa03d039ba16a80da92e238963cb59cc4734c396c91baecceaed67911a0ab9efeb7d59afb0c7012af148,2025-08-04T15:05:00.000,30,STOP SIGN/FLASHER,FUNCTIONING PROPERLY,CLEAR,DAYLIGHT,TURNING,FOUR WAY,STRAIGHT AND LEVEL,DRY,UNKNOWN,ON SCENE,NO INJURY / DRIVE AWAY,Y,"OVER $1,500",2025-08-04T15:33:00.000,IMPROPER TURNING/NO SIGNAL,DRIVING SKILLS/KNOWLEDGE/EXPERIENCE,7400,W,HIGGINS AVE,1613,2,NO INDICATION OF INJURY,0,0,0,0,0,2,0,15,2,8,41.9820959361,-87.8117567059,"{'type': 'Point', 'coordinates': [-87.811756705859, 41.982095936078]}",,,,,,,,,,
abe60662533b3b2475f9fd8a45dcc9d0c49cdc96b94184dee9eba5de36c2733b8c8fee96e7cc95bd4b2dbe91fbc899c728c80f02a06aea4e991b40e99d829baa,2025-08-04T15:04:00.000,30,NO CONTROLS,NO CONTROLS,CLEAR,DAYLIGHT,TURNING,ONE-WAY,STRAIGHT AND LEVEL,DRY,UNKNOWN,ON SCENE,NO INJURY / DRIVE AWAY,,"OVER $1,500",2025-08-04T15:09:00.000,UNABLE TO DETERMINE,UNABLE TO DETERMINE,6242,S,FRANCISCO AVE,823,2,NO INDICATION OF INJURY,0,0,0,0,0,2,0,15,2,8,41.779622481,-87.695989918,"{'type': 'Point', 'coordinates': [-87.695989918014, 41.779622481027]}",,,,,,,,,,
76cf06d1aa8c2830026008fddedd1b53ef415330d8cd09511f47ca5f8e716491db3cc49e092420e016c052dfe4cdfa82556fd93b8856935857f03076dd9ea668,2025-08-04T15:03:00.000,25,TRAFFIC SIGNAL,FUNCTIONING PROPERLY,CLEAR,DAYLIGHT,SIDESWIPE SAME DIRECTION,TRAFFIC ROUTE,STRAIGHT AND LEVEL,DRY,NO DEFECTS,NOT ON SCENE (DESK REPORT),NO INJURY / DRIVE AWAY,,"OVER $1,500",2025-08-04T16:30:00.000,IMPROPER OVERTAKING/PASSING,FAILING TO YIELD RIGHT-OF-WAY,10032,S,INDIANAPOLIS AVE,432,2,NO INDICATION OF INJURY,0,0,0,0,0,5,0,15,2,8,41.7129074779,-87.5355661888,"{'type': 'Point', 'coordinates': [-87.535566188811, 41.712907477945]}",,,,,,,,,,
21aa36687f9e6eac54824c70c337ae8b1ca64e56634c5e62ab132e02efa8e39f02f3f837773fb45951ac6472a33f1834f032e6ef0268c4145a5fee5cdb024968,2025-08-04T15:00:00.000,30,TRAFFIC SIGNAL,FUNCTIONING PROPERLY,CLEAR,DAYLIGHT,REAR END,NOT DIVIDED,STRAIGHT AND LEVEL,DRY,NO DEFECTS,NOT ON SCENE (DESK REPORT),NO INJURY / DRIVE AWAY,,"OVER $1,500",2025-08-04T15:00:00.000,FAILING TO REDUCE SPEED TO AVOID CRASH,NOT APPLICABLE,6900,S,RACINE AVE,734,2,NO INDICATION OF INJURY,0,0,0,0,0,2,0,15,2,8,41.7685988098,-87.6543544046,"{'type': 'Point', 'coordinates': [-87.654354404608, 41.768598809778]}",,,,,Y,,,,,
2b2c5a539d3a68e0066332874539408221d816d23c894b65aaa08de1e0f3b48fa022ff0719127ac766eca5db6c1b8c0075007406dc2f85fcdd53e46c9c394ef3,2025-08-04T15:00:00.000,30,NO CONTROLS,NO CONTROLS,CLEAR,DAYLIGHT,REAR END,NOT DIVIDED,STRAIGHT AND LEVEL,DRY,UNKNOWN,NOT ON SCENE (DESK REPORT),NO INJURY / DRIVE AWAY,,"OVER $1,500",2025-08-04T16:00:00.000,DRIVING SKILLS/KNOWLEDGE/EXPERIENCE,NOT APPLICABLE,5893,S,ARCHER AVE,811,2,NO INDICATION OF INJURY,0,0,0,0,0,2,0,15,2,8,41.7955722492,-87.7625162943,"{'type': 'Point', 'coordinates': [-87.762516294322, 41.795572249211]}",,,Y,,,,,,,
a6c81ad501b225bfed64914adebd4c5f840cf4fcae4dbae2206ed7e92bcec47497cbdccbb5e4aab1c6b4b91127d2398432716905fca79740183d973ad6c1ea90,2025-08-04T15:00:00.000,30,STOP SIGN/FLASHER,FUNCTIONING PROPERLY,CLEAR,DAYLIGHT,PARKED MOTOR VEHICLE,NOT DIVIDED,STRAIGHT AND LEVEL,DRY,NO DEFECTS,ON SCENE,NO INJURY / DRIVE AWAY,,"OVER $1,500",2025-08-04T18:20:00.000,UNABLE TO DETERMINE,NOT APPLICABLE,7257,S,YATES BLVD,334,2,NO INDICATION OF INJURY,0,0,0,0,0,1,0,15,2,8,41.7627683631,-87.5663071284,"{'type': 'Point', 'coordinates': [-87.566307128431, 41.762768363107]}",,,Y,,,,,,,
c6496a4624ab866846a91ad266e034520d7afce311f5df36b879a8fcd8a76a46f0a0591ff5033cae272163fa3513e4465fcb0415e223142f2a4f5ab8e4c846e5,2025-08-04T15:00:00.000,30,STOP SIGN/FLASHER,NO CONTROLS,CLEAR,DAYLIGHT,REAR END,ONE-WAY,STRAIGHT AND LEVEL,DRY,NO DEFECTS,NOT ON SCENE (DESK REPORT),NO INJURY / DRIVE AWAY,,"$501 - $1,500",2025-08-04T21:50:00.000,UNABLE TO DETERMINE,NOT APPLICABLE,6301,S,KILPATRICK AVE,813,2,NO INDICATION OF INJURY,0,0,0,0,0,2,0,15,2,8,41.7783695591,-87.739697181,"{'type': 'Point', 'coordinates': [-87.739697180953, 41.778369559059]}",,,,,,,,,,
f420c8b05826e187a92f1d9b148607376560a2a7f002eac3af0736db3b0b68fa8670f9c0d99a32187ba1a2bd03c680b82755ed7b834ff7b2492ba7153b14bb8b,2025-08-04T15:00:00.000,10,NO CONTROLS,NO CONTROLS,CLEAR,DAYLIGHT,PEDALCYCLIST,ALLEY,STRAIGHT AND LEVEL,DRY,NO DEFECTS,ON SCENE,NO INJURY / DRIVE AWAY,,"$501 - $1,500",2025-08-04T15:00:00.000,NOT APPLICABLE,NOT APPLICABLE,1930,N,WILMOT AVE,1434,2,NO INDICATION OF INJURY,0,0,0,0,0,2,0,15,2,8,41.916574691,-87.6856906019,"{'type': 'Point', 'coordinates': [-87.685690601876, 41.916574690982]}",,,,,,,,Y,,
847ac59a425c2c1b41e3f8fc74cc60e52d46f59de57e1e3a8d7432dd689aa2b3b3c442aa0ff969ace2f87542d4398ca41664dbced73b2a879ae18660f231aacd,2025-08-04T14:51:00.000,30,TRAFFIC SIGNAL,NO CONTROLS,CLEAR,DAYLIGHT,ANGLE,FOUR WAY,STRAIGHT AND LEVEL,DRY,NO DEFECTS,ON SCENE,INJURY AND / OR TOW DUE TO CRASH,Y,"OVER $1,500",2025-08-04T14:57:00.000,FAILING TO YIELD RIGHT-OF-WAY,UNABLE TO DETERMINE,4899,S,ASHLAND AVE,933,2,NONINCAPACITATING INJURY,2,0,0,2,0,1,0,14,2,8,41.8050589978,-87.6647254665,"{'type': 'Point', 'coordinates': [-87.664725466549, 41.805058997848]}",,,,,,,,,,