crash_record_id,crash_date,posted_speed_limit,traffic_control_device,device_condition,weather_condition,lighting_condition,first_crash_type,trafficway_type,alignment,roadway_surface_cond,road_defect,report_type,crash_type,intersection_related_i,damage,date_police_notified,prim_contributory_cause,sec_contributory_cause,street_no,street_direction,street_name,beat_of_occurrence,num_units,most_severe_injury,injuries_total,injuries_fatal,injuries_incapacitating,injuries_non_incapacitating,injuries_reported_not_evident,injuries_no_indication,injuries_unknown,crash_hour,crash_day_of_week,crash_month,latitude,longitude,location,private_property_i,photos_taken_i,hit_and_run_i,statements_taken_i,crash_date_est_i,work_zone_i,work_zone_type,dooring_i,lane_cnt,workers_present_i
14e8d033ea90b52d6b57c0796f2e3907bdb4f9d889f8c4f636aed4715a6724bace78f56faad04e8e05e8efd6acc601be6560afc83b16db87a2240d057a509086,2025-08-04T12:48:00.000,25,STOP SIGN/FLASHER,FUNCTIONING PROPERLY,CLEAR,DAYLIGHT,TURNING,T-INTERSECTION,STRAIGHT AND LEVEL,DRY,NO DEFECTS,NOT ON SCENE (DESK REPORT),NO INJURY / DRIVE AWAY,Y,"OVER $1,500",2025-08-04T15:00:00.000,FAILING TO REDUCE SPEED TO AVOID CRASH,NOT APPLICABLE,735,W,69TH ST,732,2,NO INDICATION OF INJURY,0,0,0,0,0,2,0,12,2,8,41.7687497633,-87.6432109523,"{'type': 'Point', 'coordinates': [-87.64321095225, 41.768749763315]}",,,,,,,,,,
24d494276036a78cb7a3bd4a8005505d68a2605c1aecf177be7a3455875968c9682aac4141c0261877005194d5909b46e11f44291d7c22769f58a34204c377b5,2025-08-04T12:45:00.000,30,NO CONTROLS,NO CONTROLS,CLEAR,DAYLIGHT,REAR END,NOT DIVIDED,STRAIGHT AND LEVEL,DRY,UNKNOWN,NOT ON SCENE (DESK REPORT),NO INJURY / DRIVE AWAY,,"OVER $1,500",2025-08-04T13:10:00.000,DRIVING SKILLS/KNOWLEDGE/EXPERIENCE,NOT APPLICABLE,4258,W,63RD ST,813,2,NO INDICATION OF INJURY,0,0,0,0,0,2,0,12,2,8,41.7786815589,-87.7300164128,"{'type': 'Point', 'coordinates': [-87.730016412823, 41.778681558911]}",,,,,,,,,,
69b0d2860ca0ab350ca2c87f8f6ff5f81453955d6f9bc73a8a38654f27219bfca9721196330d6ac4974f17edce626505f06e95c754dd9fef5542132d077a28c7,2025-08-04T12:40:00.000,30,UNKNOWN,UNKNOWN,CLEAR,DAYLIGHT,SIDESWIPE SAME DIRECTION,FOUR WAY,STRAIGHT AND LEVEL,DRY,UNKNOWN,NOT ON SCENE (DESK REPORT),NO INJURY / DRIVE AWAY,,"OVER $1,500",2025-08-04T15:50:00.000,IMPROPER OVERTAKING/PASSING,NOT APPLICABLE,7601,S,STATE ST,623,2,NO INDICATION OF INJURY,0,0,0,0,0,3,0,12,2,8,41.7564030926,-87.6245765157,"{'type': 'Point', 'coordinates': [-87.624576515698, 41.756403092616]}",,,,,,,,,,
6e71072a4d5d2e2f613310e8f01cceaed0ab342ff547f76db8de74e1b3848d398deb5c6303f7544b9d93291ad915763c003df5d0e1c1709a845e81b2fbdcc76b,2025-08-04T12:40:00.000,30,NO CONTROLS,NO CONTROLS,CLEAR,DAYLIGHT,PARKED MOTOR VEHICLE,NOT DIVIDED,STRAIGHT AND LEVEL,DRY,NO DEFECTS,NOT ON SCENE (DESK REPORT),NO INJURY / DRIVE AWAY,,$500 OR LESS,2025-08-04T14:09:00.000,UNABLE TO DETERMINE,UNABLE TO DETERMINE,1927,S,WABASH AVE,131,2,NO INDICATION OF INJURY,0,0,0,0,0,2,0,12,2,8,41.855839658,-87.6254203909,"{'type': 'Point', 'coordinates': [-87.625420390931, 41.855839658021]}",,,Y,,,,,,,
9cdd0d5f54393a97de5eb57a141a6448ea081f1051515562687acd9d4a0725d8ca655fea7b128c71b8487b35dde4d4ef8a6ad58e9ddd7c84e02fbc25762a0522,2025-08-04T12:40:00.000,30,STOP SIGN/FLASHER,FUNCTIONING PROPERLY,CLEAR,DAYLIGHT,ANGLE,FOUR WAY,STRAIGHT AND LEVEL,DRY,NO DEFECTS,NOT ON SCENE (DESK REPORT),NO INJURY / DRIVE AWAY,Y,"$501 - $1,500",2025-08-04T13:00:00.000,FAILING TO YIELD RIGHT-OF-WAY,UNABLE TO DETERMINE,6900,S,EMERALD AVE,732,2,NO INDICATION OF INJURY,0,0,0,0,0,2,0,12,2,8,41.7687649682,-87.6434126062,"{'type': 'Point', 'coordinates': [-87.643412606169, 41.768764968199]}",,,,,,,,,,
8d106c549a13b62dee9e6b2a492784e1842e5dd56f608afea26c89f79bb83f7071192b00bd1d8fc1bb2a816e74de448a29436fbc977219b67575a854f9eb89da,2025-08-04T12:35:00.000,30,UNKNOWN,UNKNOWN,UNKNOWN,DAYLIGHT,REAR END,DIVIDED - W/MEDIAN (NOT RAISED),STRAIGHT AND LEVEL,UNKNOWN,UNKNOWN,NOT ON SCENE (DESK REPORT),NO INJURY / DRIVE AWAY,,"$501 - $1,500",2025-08-04T12:50:00.000,UNABLE TO DETERMINE,NOT APPLICABLE,5630,N,BROADWAY,2013,2,NO INDICATION OF INJURY,0,0,0,0,0,2,0,12,2,8,41.9845682732,-87.6602451702,"{'type': 'Point', 'coordinates': [-87.660245170202, 41.984568273233]}",,,Y,,,,,,,
0988c3c73f2a391e7fedfc99e2077ce6c27e56ab61d252e2552027109fc2f8a896b334409b86f268d8b8f2258ba6df3eb5a9e5b238dead46ecef26e98ad4d4e6,2025-08-04T12:31:00.000,25,UNKNOWN,UNKNOWN,CLEAR,DAYLIGHT,FIXED OBJECT,ONE-WAY,STRAIGHT AND LEVEL,DRY,OTHER,NOT ON SCENE (DESK REPORT),NO INJURY / DRIVE AWAY,,$500 OR LESS,2025-08-04T14:40:00.000,ROAD CONSTRUCTION/MAINTENANCE,ROAD CONSTRUCTION/MAINTENANCE,1011,W,BELDEN AVE,1811,1,NO INDICATION OF INJURY,0,0,0,0,0,2,0,12,2,8,41.9234358624,-87.6540241296,"{'type': 'Point', 'coordinates': [-87.654024129553, 41.923435862386]}",,Y,,,,Y,UNKNOWN,,,
3c5f3f4c9a49f25e07023a26dfd9d7d7e88ad5c5ddab916b4ecbbac8491219d84c96179044fb0364d1fe78f636ded89ffaa9170134928f5f7db4dc6496ff1ceb,2025-08-04T12:30:00.000,20,NO CONTROLS,NO CONTROLS,CLEAR,DAYLIGHT,FIXED OBJECT,OTHER,STRAIGHT ON HILLCREST,DRY,NO DEFECTS,ON SCENE,NO INJURY / DRIVE AWAY,,"OVER $1,500",2025-08-04T12:52:00.000,UNABLE TO DETERMINE,UNABLE TO DETERMINE,3800,W,44TH ST,821,1,NO INDICATION OF INJURY,0,0,0,0,0,1,0,12,2,8,41.8135354009,-87.7192438958,"{'type': 'Point', 'coordinates': [-87.7192438958, 41.813535400941]}",Y,,,,,,,,,
d3b5ffd812e33421a87cb5a3f3dcc1f5c058b1088fbadd7c5f7e6b2d3f5b37bbffb1f8bdd3e989ba7714be052f5ba7fc2d623866c6842272183e1e6f6bc0ebb5,2025-08-04T12:25:00.000,30,NO CONTROLS,NO CONTROLS,CLEAR,DAYLIGHT,PEDESTRIAN,NOT DIVIDED,STRAIGHT AND LEVEL,DRY,NO DEFECTS,ON SCENE,INJURY AND / OR TOW DUE TO CRASH,,"$501 - $1,500",2025-08-04T12:29:00.000,FAILING TO YIELD RIGHT-OF-WAY,FAILING TO YIELD RIGHT-OF-WAY,5453,S,KEDZIE AVE,923,2,"REPORTED, NOT EVIDENT",1,0,0,0,1,1,0,12,2,8,41.7937679565,-87.7034163063,"{'type': 'Point', 'coordinates': [-87.703416306306, 41.793767956524]}",,,,Y,Y,,,,,
8796b6f95359d3f8bb098eb6f82883349d4442d1b6d7efdbcfbd6b41f57a04060c695483f3f2b1fd7362536fffebd230564a3da7dba381f2d9698ff42825fa7e,2025-08-04T12:20:00.000,10,NO CONTROLS,NO CONTROLS,CLEAR,DAYLIGHT,ANGLE,OTHER,STRAIGHT AND LEVEL,DRY,NO DEFECTS,,NO INJURY / DRIVE AWAY,,"OVER $1,500",2025-08-04T12:28:00.000,UNABLE TO DETERMINE,NOT APPLICABLE,5200,S,LAKE PARK AVE,234,2,NO INDICATION OF INJURY,0,0,0,0,0,8,0,12,2,8,41.800941976,-87.5876367922,"{'type': 'Point', 'coordinates': [-87.587636792157, 41.800941975966]}",,N,Y,,Y,,,,,
d870c77ca83fc12f6eee4f14a0fcf5383ad2efaa80bcaaa4956c58f3147213e3d28b1e4d1e58f3412cb639a238ec9435561fe30489a9cc12841ba0fbca4d9cc2,2025-08-04T12:20:00.000,30,NO CONTROLS,NO CONTROLS,CLEAR,DAYLIGHT,REAR END,RAMP,STRAIGHT AND LEVEL,DRY,NO DEFECTS,NOT ON SCENE (DESK REPORT),NO INJURY / DRIVE AWAY,,"OVER $1,500",2025-08-04T13:45:00.000,UNABLE TO DETERMINE,NOT APPLICABLE,1526,S,LAKE SHORE DR NB,132,2,NO INDICATION OF INJURY,0,0,0,0,0,2,0,12,2,8,41.8612396428,-87.6183716315,"{'type': 'Point', 'coordinates': [-87.618371631483, 41.861239642772]}",,,,,,,,,,
0615c09d5688d77e981111f696b23b8d4b6ce990882d61a925445916b436757aceaf38566dd89755604f12f1d08e32af4e9ccb3f62024e42b1fa5ee780aaa97f,2025-08-04T12:10:00.000,30,NO CONTROLS,NO CONTROLS,CLEAR,DAYLIGHT,SIDESWIPE SAME DIRECTION,DIVIDED - W/MEDIAN BARRIER,STRAIGHT AND LEVEL,DRY,NO DEFECTS,ON SCENE,NO INJURY / DRIVE AWAY,,"OVER $1,500",2025-08-04T12:10:00.000,DRIVING SKILLS/KNOWLEDGE/EXPERIENCE,UNABLE TO DETERMINE,10000,W,OHARE ST,1651,2,NO INDICATION OF INJURY,0,0,0,0,0,2,0,12,2,8,41.976201139,-87.9053091251,"{'type': 'Point', 'coordinates': [-87.905309125103, 41.976201139024]}",,,,,,N,,,,
3f3c377c3782dfeebd5ec96eae13f0a8c2a66a41afa44fee309280756fbc4ce9b3b992117249babb3967f74b1d50a6c0823dea0bdd80e9bea1e86e9f18a7f7d3,2025-08-04T12:10:00.000,30,TRAFFIC SIGNAL,FUNCTIONING PROPERLY,CLEAR,DAYLIGHT,REAR END,NOT DIVIDED,STRAIGHT AND LEVEL,DRY,NO DEFECTS,ON SCENE,NO INJURY / DRIVE AWAY,,"OVER $1,500",2025-08-04T12:12:00.000,FAILING TO REDUCE SPEED TO AVOID CRASH,FOLLOWING TOO CLOSELY,4401,N,KILBOURN AVE,1722,2,NO INDICATION OF INJURY,0,0,0,0,0,5,0,12,2,8,41.9608273503,-87.7410736192,"{'type': 'Point', 'coordinates': [-87.741073619171, 41.960827350314]}",,,,,,,,,,
57932bfe88cc93b36ccbb89bb97e3f4a7a9ca3fb2f379b40f637a208d2e41b72af5f59a620929473fd767a07474f274b6087ab5cbef4e5b1cf7769f6b9107a00,2025-08-04T12:10:00.000,10,NO CONTROLS,NO CONTROLS,CLEAR,DAYLIGHT,SIDESWIPE SAME DIRECTION,PARKING LOT,STRAIGHT AND LEVEL,DRY,NO DEFECTS,ON SCENE,NO INJURY / DRIVE AWAY,,$500 OR LESS,2025-08-04T12:28:00.000,NOT APPLICABLE,NOT APPLICABLE,6025,S,WESTERN AVE,825,2,NO INDICATION OF INJURY,0,0,0,0,0,4,0,12,2,8,41.7839658423,-87.6836233778,"{'type': 'Point', 'coordinates': [-87.683623377758, 41.783965842276]}",,,,,,,,,,
d720d5091fc641f8f3e3582fa6ea2eba4cb6a489fa745e30ff5e24a81c25b61b0b74f6d64364094d30ca4568c08a77973382b943672363e73ca1d652cafb1416,2025-08-04T12:03:00.000,30,NO CONTROLS,NO CONTROLS,CLEAR,DAYLIGHT,PEDESTRIAN,ONE-WAY,STRAIGHT AND LEVEL,DRY,NO DEFECTS,ON SCENE,NO INJURY / DRIVE AWAY,Y,"$501 - $1,500",2025-08-04T12:13:00.000,UNABLE TO DETERMINE,NOT APPLICABLE,398,E,80TH ST,623,2,NO INDICATION OF INJURY,0,0,0,0,0,3,0,12,2,8,41.7493987551,-87.6150032405,"{'type': 'Point', 'coordinates': [-87.615003240458, 41.749398755137]}",,,Y,,,,,,,
8f21b93c7841f40876e72f1fcd4fead6c4b7e83d36f0391f1d9f25ce60825a6649983e856cf17354dca96435b71321f8ea1dd54d32e1e93d32434ec84666b3cd,2025-08-04T12:02:00.000,30,TRAFFIC SIGNAL,NOT FUNCTIONING,CLEAR,DAYLIGHT,SIDESWIPE SAME DIRECTION,DIVIDED - W/MEDIAN (NOT RAISED),STRAIGHT AND LEVEL,DRY,NO DEFECTS,ON SCENE,INJURY AND / OR TOW DUE TO CRASH,,"OVER $1,500",2025-08-04T12:04:00.000,FAILING TO YIELD RIGHT-OF-WAY,DRIVING SKILLS/KNOWLEDGE/EXPERIENCE,498,N,DAMEN AVE,1221,2,NONINCAPACITATING INJURY,2,0,0,2,0,1,0,12,2,8,41.8908003996,-87.677054877,"{'type': 'Point', 'coordinates': [-87.677054876971, 41.890800399566]}",,,,,,,,,,
f50f5f406dbcb2bc9de15f1b817a097c30f4e273cb24980030f3467e7ae23417b79f9adfee45b601ddfd1f81d27e7e7e3b35b888d314d8ee0c521d874829a3ea,2025-08-04T12:02:00.000,30,STOP SIGN/FLASHER,NO CONTROLS,CLEAR,DAYLIGHT,REAR END,DIVIDED - W/MEDIAN (NOT RAISED),STRAIGHT AND LEVEL,DRY,NO DEFECTS,ON SCENE,NO INJURY / DRIVE AWAY,,"$501 - $1,500",2025-08-04T12:29:00.000,FOLLOWING TOO CLOSELY,RELATED TO BUS STOP,898,W,79TH ST,621,2,NO INDICATION OF INJURY,0,0,0,0,0,2,0,12,2,8,41.7507165334,-87.6464088002,"{'type': 'Point', 'coordinates': [-87.64640880018, 41.750716533402]}",,,,,,,,,,
25229c57285d942172270c3437da98f364141908bc30bfd1b4149a51f7f6a4dc481baf12937bae32d042823dfdb23548be33e2609895c5959e6bf6c50dedbc80,2025-08-04T12:00:00.000,30,NO CONTROLS,NO CONTROLS,CLEAR,DAYLIGHT,SIDESWIPE SAME DIRECTION,NOT DIVIDED,STRAIGHT AND LEVEL,DRY,NO DEFECTS,NOT ON SCENE (DESK REPORT),NO INJURY / DRIVE AWAY,,"OVER $1,500",2025-08-06T09:32:00.000,UNABLE TO DETERMINE,NOT APPLICABLE,1,N,CICERO AVE,1113,2,NO INDICATION OF INJURY,0,0,0,0,0,2,0,12,2,8,41.8805669932,-87.7451331943,"{'type': 'Point', 'coordinates': [-87.745133194265, 41.880566993238]}",,,,,,,,,,
51aa7ac87e189cfd8a45273468387613ebfe3099d8e82b58a026f54417c2043e98dd439e25219c2deda550d0884c647904c21fe605757793a63c943a998a3891,2025-08-04T12:00:00.000,30,TRAFFIC SIGNAL,FUNCTIONING PROPERLY,CLEAR,DAYLIGHT,REAR END,DIVIDED - W/MEDIAN BARRIER,STRAIGHT AND LEVEL,DRY,NO DEFECTS,NOT ON SCENE (DESK REPORT),NO INJURY / DRIVE AWAY,,"OVER $1,500",2025-08-04T13:30:00.000,FOLLOWING TOO CLOSELY,FOLLOWING TOO CLOSELY,301,S,LAKE SHORE DR NB,114,2,NO INDICATION OF INJURY,0,0,0,0,0,2,0,12,2,8,41.8783170107,-87.6170521254,"{'type': 'Point', 'coordinates': [-87.617052125371, 41.878317010667]}",,,,,,,,,,
6938ba87455cb5f3e11c053499b40f8d9b7f7d958c92d39575390223647b2b755126ba79c191c88c0dcc56ae2be1c379087b61a630dc1f39010722d51e4f3e26,2025-08-04T12:00:00.000,30,NO CONTROLS,NO CONTROLS,CLEAR,DAYLIGHT,FIXED OBJECT,ALLEY,STRAIGHT AND LEVEL,DRY,NO DEFECTS,NOT ON SCENE (DESK REPORT),NO INJURY / DRIVE AWAY,,"OVER $1,500",2025-08-12T14:06:00.000,UNABLE TO DETERMINE,NOT APPLICABLE,8233,S,BUFFALO AVE,424,1,NO INDICATION OF INJURY,0,0,0,0,0,1,0,12,2,8,41.7455236604,-87.5441377396,"{'type': 'Point', 'coordinates': [-87.544137739641, 41.745523660448]}",,,,,,,,,,
6cdeecfc86c94ed98b13d65168927a85e835e52e287472a399cb093e4c7d26de7c58f2356e8ce81216f6b5f6a604804d2de3ec50aca04e0ba49325222b0b33da,2025-08-04T12:00:00.000,30,UNKNOWN,UNKNOWN,CLEAR,DAYLIGHT,SIDESWIPE SAME DIRECTION,NOT DIVIDED,STRAIGHT AND LEVEL,UNKNOWN,UNKNOWN,NOT ON SCENE (DESK REPORT),NO INJURY / DRIVE AWAY,Y,"OVER $1,500",2025-08-04T17:50:00.000,UNABLE TO DETERMINE,UNABLE TO DETERMINE,1250,W,DIVISION ST,1433,2,NO INDICATION OF INJURY,0,0,0,0,0,2,0,12,2,8,41.9035903141,-87.6592132092,"{'type': 'Point', 'coordinates': [-87.659213209195, 41.903590314092]}",,,,,,,,,,
76c513a7f7e30e86b4675ea2500833ba51e83a0f5ca77bc177eb952af1b5f41cb6759f2f058cb96c693030c3b655abaa99fd681e997463b17c64c2fa8599583a,2025-08-04T12:00:00.000,25,UNKNOWN,UNKNOWN,CLEAR,DAYLIGHT,REAR END,DIVIDED - W/MEDIAN (NOT RAISED),STRAIGHT AND LEVEL,DRY,NO DEFECTS,NOT ON SCENE (DESK REPORT),NO INJURY / DRIVE AWAY,,"OVER $1,500",2025-08-09T08:30:00.000,UNABLE TO DETERMINE,UNABLE TO DETERMINE,2800,N,MILWAUKEE AVE,1412,2,NO INDICATION OF INJURY,0,0,0,0,0,2,0,12,2,8,41.9319243438,-87.7123813859,"{'type': 'Point', 'coordinates': [-87.712381385897, 41.931924343765]}",,,,,,,,,,
e416a91762165b82e7a6d878d8f97033dd12467ed49b7b94c88f21aa6e5736a9ce574a712447284ead45a315411f92952891ebede0687c32020ad3e33d9556ab,2025-08-04T12:00:00.000,20,NO CONTROLS,NO CONTROLS,CLEAR,DAYLIGHT,PARKED MOTOR VEHICLE,ONE-WAY,STRAIGHT AND LEVEL,UNKNOWN,UNKNOWN,NOT ON SCENE (DESK REPORT),NO INJURY / DRIVE AWAY,,"OVER $1,500",2025-08-05T22:00:00.000,UNABLE TO DETERMINE,NOT APPLICABLE,1508,S,KENNETH AVE,1012,2,NO INDICATION OF INJURY,0,0,0,0,0,1,0,12,2,8,41.8602178473,-87.7361484211,"{'type': 'Point', 'coordinates': [-87.736148421055, 41.860217847256]}",,Y,Y,,Y,,,,,
0e83223bbb2c40bcbbea10c362d2313155b2ed69c5d7c6e4e05067581e42f8424f963bd4a1f6b59c9c131283e1cc8dc15db010bb7339c39f248225cfa8e338a9,2025-08-04T11:50:00.000,30,NO CONTROLS,NO CONTROLS,CLEAR,DAYLIGHT,REAR TO FRONT,NOT DIVIDED,STRAIGHT AND LEVEL,DRY,UNKNOWN,ON SCENE,NO INJURY / DRIVE AWAY,,"OVER $1,500",2025-08-04T12:00:00.000,UNABLE TO DETERMINE,UNABLE TO DETERMINE,4925,N,BROADWAY,2033,2,NO INDICATION OF INJURY,0,0,0,0,0,2,0,11,2,8,41.972213557,-87.6596091001,"{'type': 'Point', 'coordinates': [-87.659609100107, 41.972213556991]}",,,,,,,,,,
5ec44f5c9d65787cdc287f293b285585d338724d9717c145e1fa1c4144d99e6e0b24054bc27f1023972374ee0cf60ff3df2429add110829cb1ff054ab09fc5c9,2025-08-04T11:50:00.000,30,TRAFFIC SIGNAL,FUNCTIONING PROPERLY,CLEAR,DAYLIGHT,OTHER OBJECT,DIVIDED - W/MEDIAN (NOT RAISED),STRAIGHT AND LEVEL,DRY,NO DEFECTS,ON SCENE,INJURY AND / OR TOW DUE TO CRASH,,"$501 - $1,500",2025-08-04T11:52:00.000,FAILING TO REDUCE SPEED TO AVOID CRASH,FAILING TO YIELD RIGHT-OF-WAY,6358,N,BROADWAY,2433,2,NONINCAPACITATING INJURY,1,0,0,1,0,1,0,11,2,8,41.9980908432,-87.6606832398,"{'type': 'Point', 'coordinates': [-87.660683239794, 41.998090843185]}",,,,,,,,,,
b8dba1f53b295643f9fe4ca3a214617d2c6bc0701d0bc77bef14067cbba3a1e504b71a3e9a3475c063b337aba6f2be0331c7fe5a9cc62c369889c6ea188c3c99,2025-08-04T11:50:00.000,30,TRAFFIC SIGNAL,FUNCTIONING PROPERLY,CLEAR,DAYLIGHT,TURNING,FOUR WAY,STRAIGHT AND LEVEL,DRY,NO DEFECTS,ON SCENE,NO INJURY / DRIVE AWAY,Y,"OVER $1,500",2025-08-04T11:50:00.000,IMPROPER TURNING/NO SIGNAL,FAILING TO YIELD RIGHT-OF-WAY,31,E,RANDOLPH ST,111,2,NO INDICATION OF INJURY,0,0,0,0,0,2,0,11,2,8,41.8843846702,-87.6267582234,"{'type': 'Point', 'coordinates': [-87.626758223377, 41.88438467021]}",,,,,,,,,,
47e6d2ae0d03904aa605b89b32e0951b021dc47e5ceb58e7c7f79baf8b657efc9dcffc5bbbc5d75468857517e4a5115e7a38a1778ae6ed37241b10ae3e01897e,2025-08-04T11:46:00.000,30,STOP SIGN/FLASHER,FUNCTIONING PROPERLY,CLEAR,DAYLIGHT,ANGLE,DIVIDED - W/MEDIAN (NOT RAISED),STRAIGHT AND LEVEL,DRY,NO DEFECTS,ON SCENE,INJURY AND / OR TOW DUE TO CRASH,Y,"OVER $1,500",2025-08-04T11:46:00.000,FAILING TO REDUCE SPEED TO AVOID CRASH,NOT APPLICABLE,400,E,78TH ST,624,2,NO INDICATION OF INJURY,0,0,0,0,0,2,0,11,2,8,41.7530510993,-87.6149393518,"{'type': 'Point', 'coordinates': [-87.614939351794, 41.753051099295]}",,,,,,N,,,,
3c6ecfb74f0c1d0e9b603c9e9aa456fa69bfe9b4116fb70313e0f2eea674b852225c86c4e53566beaf666dc122ca15f76a610ece9764412b7a50a15accd2bb01,2025-08-04T11:45:00.000,25,NO CONTROLS,NO CONTROLS,CLEAR,DAYLIGHT,PARKED MOTOR VEHICLE,DIVIDED - W/MEDIAN (NOT RAISED),STRAIGHT AND LEVEL,DRY,NO DEFECTS,NOT ON SCENE (DESK REPORT),INJURY AND / OR TOW DUE TO CRASH,,"OVER $1,500",2025-08-04T19:15:00.000,IMPROPER OVERTAKING/PASSING,DRIVING SKILLS/KNOWLEDGE/EXPERIENCE,4406,W,WILSON AVE,1722,2,NO INDICATION OF INJURY,0,0,0,0,0,1,0,11,2,8,41.9645839904,-87.7388696092,"{'type': 'Point', 'coordinates': [-87.738869609229, 41.964583990416]}",,,Y,,,,,,,
49ee17d23bc93fa1fe67f2d0644d7d1820b86cbfb6863ffe37481f00f0eb2bf2933845e30933245213327408f1bda7b5e19012e39a5362c76c99298a04b2a999,2025-08-04T11:45:00.000,15,STOP SIGN/FLASHER,FUNCTIONING PROPERLY,CLEAR,DAYLIGHT,TURNING,FOUR WAY,STRAIGHT AND LEVEL,DRY,NO DEFECTS,NOT ON SCENE (DESK REPORT),INJURY AND / OR TOW DUE TO CRASH,,$500 OR LESS,2025-08-04T14:20:00.000,IMPROPER TURNING/NO SIGNAL,DRIVING SKILLS/KNOWLEDGE/EXPERIENCE,10760,S,DOTY AVE W,513,2,NONINCAPACITATING INJURY,2,0,0,2,0,4,0,11,2,8,41.6986918736,-87.5953505434,"{'type': 'Point', 'coordinates': [-87.595350543369, 41.698691873639]}",,,Y,,,,,,,
65d2e9c096a4537b0063cf1594fc4ea6cdcc68579f1ab4e5b4ad86549bf094ef41dcf2cbd14fee6c044a6d18207e33a4f6ebba5e1abb4947e212b3e4b547c3fa,2025-08-04T11:45:00.000,30,NO CONTROLS,NO CONTROLS,CLEAR,DAYLIGHT,PARKED MOTOR VEHICLE,NOT DIVIDED,STRAIGHT AND LEVEL,DRY,NO DEFECTS,ON SCENE,NO INJURY / DRIVE AWAY,N,"OVER $1,500",2025-08-04T11:50:00.000,NOT APPLICABLE,NOT APPLICABLE,5721,N,CLARK ST,2013,2,NO INDICATION OF INJURY,0,0,0,0,0,1,0,11,2,8,41.9860862048,-87.6692259543,"{'type': 'Point', 'coordinates': [-87.669225954296, 41.986086204806]}",,,,,,,,,,
cf6aba2f3e2fc3cb44e2da8e9869142d0d85cc337f7094ea636e02980e9d3833f1a7d85fdbc620deb04f7454383dac027e258a9b8391df29e86bdb8ea38dc9a3,2025-08-04T11:45:00.000,30,NO CONTROLS,NO CONTROLS,CLEAR,DAYLIGHT,REAR END,NOT DIVIDED,STRAIGHT AND LEVEL,DRY,UNKNOWN,NOT ON SCENE (DESK REPORT),NO INJURY / DRIVE AWAY,,"OVER $1,500",2025-08-04T13:00:00.000,UNABLE TO DETERMINE,NOT APPLICABLE,8158,S,COTTAGE GROVE AVE,631,2,NO INDICATION OF INJURY,0,0,0,0,0,2,0,11,2,8,41.7458870128,-87.6052336488,"{'type': 'Point', 'coordinates': [-87.605233648795, 41.745887012797]}",,,Y,,,,,,,
1ce7a7eba0fc72b1992c0a5e5823b4f096e0cbe334883d14fb28d4344ddba64d8cd16c8ee9539dd938cb8eea05726eb86cd92fb3ffe73dd55b202c16244ce9f1,2025-08-04T11:30:00.000,30,NO CONTROLS,NO CONTROLS,CLEAR,DAYLIGHT,ANGLE,NOT DIVIDED,STRAIGHT AND LEVEL,UNKNOWN,UNKNOWN,NOT ON SCENE (DESK REPORT),NO INJURY / DRIVE AWAY,,"OVER $1,500",2025-08-04T12:15:00.000,UNABLE TO DETERMINE,UNABLE TO DETERMINE,5300,W,LAWRENCE AVE,1623,2,NO INDICATION OF INJURY,0,0,0,0,0,3,0,11,2,8,41.967992817,-87.7595952196,"{'type': 'Point', 'coordinates': [-87.759595219603, 41.967992817032]}",,,,,,,,,,
8fb90fc131719b14d30877658cdcba0377a4fdc2447a694a53ef5cc4ebadd31e0924f194afebbf9589779824ef22c0c8f25995bc397a0dacefa884ca7ab781e8,2025-08-04T11:30:00.000,30,NO CONTROLS,NO CONTROLS,CLEAR,DAYLIGHT,PARKED MOTOR VEHICLE,NOT DIVIDED,STRAIGHT AND LEVEL,DRY,NO DEFECTS,NOT ON SCENE (DESK REPORT),NO INJURY / DRIVE AWAY,,"$501 - $1,500",2025-08-04T11:30:00.000,UNABLE TO DETERMINE,UNABLE TO DETERMINE,680,N,PEORIA ST,1214,2,NO INDICATION OF INJURY,0,0,0,0,0,1,0,11,2,8,41.8945975163,-87.6502611097,"{'type': 'Point', 'coordinates': [-87.650261109723, 41.894597516327]}",,,Y,,,,,,,
960260e2812e8f453d9647939f051bb5291227f2d7998628da38c4df6ebaa91da2fb410a5a035ccbabca4dd4549d9fb9aa345b542bee6a8f157cf78192432f68,2025-08-04T11:30:00.000,30,NO CONTROLS,NO CONTROLS,CLEAR,DAYLIGHT,PARKED MOTOR VEHICLE,NOT DIVIDED,STRAIGHT AND LEVEL,DRY,NO DEFECTS,NOT ON SCENE (DESK REPORT),NO INJURY / DRIVE AWAY,,"OVER $1,500",2025-08-07T17:30:00.000,FOLLOWING TOO CLOSELY,NOT APPLICABLE,1256,W,BYRON ST,1923,2,NO INDICATION OF INJURY,0,0,0,0,0,1,0,11,2,8,41.9526828775,-87.6614005835,"{'type': 'Point', 'coordinates': [-87.661400583517, 41.952682877499]}",,,,,,,,,,