crash_record_id,crash_date,posted_speed_limit,traffic_control_device,device_condition,weather_condition,lighting_condition,first_crash_type,trafficway_type,alignment,roadway_surface_cond,road_defect,report_type,crash_type,intersection_related_i,damage,date_police_notified,prim_contributory_cause,sec_contributory_cause,street_no,street_direction,street_name,beat_of_occurrence,num_units,most_severe_injury,injuries_total,injuries_fatal,injuries_incapacitating,injuries_non_incapacitating,injuries_reported_not_evident,injuries_no_indication,injuries_unknown,crash_hour,crash_day_of_week,crash_month,latitude,longitude,location,private_property_i,photos_taken_i,hit_and_run_i,statements_taken_i,crash_date_est_i,work_zone_i,work_zone_type,dooring_i,lane_cnt,workers_present_i
51709bf959d5fbae089d4b03e28e59a783c7ca062f1dc0a0b70dc9e59e9e6ee147aaeb5b1f6ab72e3507ae6beb5963e118ed0ee3d16da7cfdc7f76d570d37b44,2025-08-04T08:45:00.000,30,NO CONTROLS,NO CONTROLS,CLEAR,DAYLIGHT,PARKED MOTOR VEHICLE,NOT DIVIDED,STRAIGHT AND LEVEL,DRY,NO DEFECTS,ON SCENE,INJURY AND / OR TOW DUE TO CRASH,,"OVER $1,500",2025-08-04T08:49:00.000,IMPROPER TURNING/NO SIGNAL,DRIVING SKILLS/KNOWLEDGE/EXPERIENCE,1745,W,JACKSON BLVD,1225,4,NO INDICATION OF INJURY,0,0,0,0,0,2,0,8,2,8,41.8774493129,-87.6707425547,"{'type': 'Point', 'coordinates': [-87.670742554699, 41.877449312864]}",,,,,,,,,,
375ea3a87ed6f7fd9b3cc7ded6088f4517e19ddd67b4c96e822c4daa713f1f18690016e0da5d4a856d2fd447e07f2990598548f4cb65f122430c30d5a0350cf3,2025-08-04T08:32:00.000,20,NO CONTROLS,NO CONTROLS,CLEAR,DAYLIGHT,PARKED MOTOR VEHICLE,NOT DIVIDED,STRAIGHT AND LEVEL,DRY,NO DEFECTS,,NO INJURY / DRIVE AWAY,,"OVER $1,500",2025-08-04T12:20:00.000,UNABLE TO DETERMINE,UNABLE TO DETERMINE,4900,W,51ST ST,814,2,NO INDICATION OF INJURY,0,0,0,0,0,1,0,8,2,8,41.8004008504,-87.7454720516,"{'type': 'Point', 'coordinates': [-87.745472051625, 41.800400850427]}",,,Y,,,,,,,
bc0c54dff7d84a9763aec33efd1bc3ab98b8c5f0f429363d2cb70f0472982ca369739e7b58a1840086e8c1eca3970382fe37ff5faa5943c11ca8764a202997e0,2025-08-04T08:30:00.000,35,OTHER,FUNCTIONING PROPERLY,CLEAR,DAYLIGHT,REAR END,DIVIDED - W/MEDIAN (NOT RAISED),STRAIGHT AND LEVEL,DRY,NO DEFECTS,ON SCENE,INJURY AND / OR TOW DUE TO CRASH,,"OVER $1,500",2025-08-04T08:30:00.000,UNABLE TO DETERMINE,NOT APPLICABLE,425,E,71ST ST,323,2,NO INDICATION OF INJURY,0,0,0,0,0,4,0,8,2,8,41.7656199174,-87.6141966187,"{'type': 'Point', 'coordinates': [-87.614196618735, 41.765619917421]}",,,Y,Y,,,,,,
01815eb1968e1017a849dc9f07c5b234015db5108b7a8981f722085e0e150c05fb31670ac1b2e28b83f60d221033d5c608611614534648c24f9ce5f5220f2488,2025-08-04T08:15:00.000,30,NO CONTROLS,NO CONTROLS,CLEAR,DAYLIGHT,FIXED OBJECT,DIVIDED - W/MEDIAN BARRIER,STRAIGHT AND LEVEL,DRY,NO DEFECTS,ON SCENE,NO INJURY / DRIVE AWAY,,"OVER $1,500",2025-08-04T09:42:00.000,DISTRACTION - FROM OUTSIDE VEHICLE,NOT APPLICABLE,900,S,HALSTED ST,1232,1,NO INDICATION OF INJURY,0,0,0,0,0,2,0,8,2,8,41.8703754161,-87.6471303454,"{'type': 'Point', 'coordinates': [-87.647130345393, 41.870375416093]}",Y,,,,,,,,,
715dff393aae258a096a4f2467f503b6596c5cf37dced6f0d23143f15b4c4faac234376647d00a66ed105a9d80285b4ffdc3db17f7fcda36d29eb9daf861090c,2025-08-04T08:15:00.000,30,NO CONTROLS,NO CONTROLS,CLEAR,DAYLIGHT,REAR END,NOT DIVIDED,STRAIGHT AND LEVEL,DRY,OTHER,NOT ON SCENE (DESK REPORT),NO INJURY / DRIVE AWAY,,"OVER $1,500",2025-08-04T09:05:00.000,UNABLE TO DETERMINE,NOT APPLICABLE,3900,W,DIVISION ST,2535,2,NO INDICATION OF INJURY,0,0,0,0,0,2,0,8,2,8,41.9028006845,-87.7239274959,"{'type': 'Point', 'coordinates': [-87.723927495867, 41.902800684489]}",,,,,,,,,,
a996017e26b1c4272587d1accf289bc5ffe349611cb320d0b0c4baa2b0fbd74a5e25225403b135ff00194ab20120073d23dfe202a2a9a432b86e4885e2d02629,2025-08-04T08:08:00.000,30,NO CONTROLS,NO CONTROLS,CLEAR,DAYLIGHT,SIDESWIPE SAME DIRECTION,NOT DIVIDED,STRAIGHT AND LEVEL,DRY,NO DEFECTS,ON SCENE,INJURY AND / OR TOW DUE TO CRASH,,"OVER $1,500",2025-08-04T08:09:00.000,IMPROPER OVERTAKING/PASSING,DRIVING SKILLS/KNOWLEDGE/EXPERIENCE,6151,W,55TH ST,811,3,NO INDICATION OF INJURY,0,0,0,0,0,3,0,8,2,8,41.7923427685,-87.7765361517,"{'type': 'Point', 'coordinates': [-87.776536151656, 41.792342768457]}",,,,,,,,,,
250d1109b1e6409fb2f95fbc3261f1971f08ede75477d0726edbf2a33b87a7079db442f16ba12196be298cc7afca3e913a1b29d4bb794b8ee45f2eec9eb64b40,2025-08-04T08:00:00.000,20,TRAFFIC SIGNAL,FUNCTIONING PROPERLY,CLEAR,DAYLIGHT,REAR END,ONE-WAY,STRAIGHT AND LEVEL,DRY,NO DEFECTS,NOT ON SCENE (DESK REPORT),NO INJURY / DRIVE AWAY,,"$501 - $1,500",2025-08-05T08:30:00.000,UNABLE TO DETERMINE,UNABLE TO DETERMINE,1620,W,31ST ST,912,2,NO INDICATION OF INJURY,0,0,0,0,0,2,0,8,2,8,41.8385219682,-87.6667103273,"{'type': 'Point', 'coordinates': [-87.666710327277, 41.838521968217]}",,,,,,,,,,
763d69680e56929810c1d6f454ef6530d066ddf6742df740367539f8f0bfd71372bcdfa7f4d1af0192e159241eb846857472572fe68e1b126e7592c7df1fc367,2025-08-04T08:00:00.000,30,STOP SIGN/FLASHER,FUNCTIONING PROPERLY,CLEAR,DAYLIGHT,PARKED MOTOR VEHICLE,NOT DIVIDED,STRAIGHT AND LEVEL,DRY,NO DEFECTS,ON SCENE,NO INJURY / DRIVE AWAY,Y,"OVER $1,500",2025-08-04T11:05:00.000,IMPROPER OVERTAKING/PASSING,NOT APPLICABLE,5059,S,CHAMPLAIN AVE,223,2,NO INDICATION OF INJURY,0,0,0,0,0,1,0,8,2,8,41.8022364711,-87.6098946438,"{'type': 'Point', 'coordinates': [-87.609894643769, 41.802236471138]}",,,Y,,,N,,,,
978a30cf784d6f66cf2334e9e5f46a0bb6b80870d179dae76e82a9d67b13083f03aca2b92a6c2188b41a15cf557f2a27074fdc709c4a6b3dc40ca9fb14005e8a,2025-08-04T08:00:00.000,30,TRAFFIC SIGNAL,FUNCTIONING PROPERLY,CLEAR,DAYLIGHT,TURNING,FOUR WAY,STRAIGHT AND LEVEL,DRY,NO DEFECTS,ON SCENE,NO INJURY / DRIVE AWAY,Y,"OVER $1,500",2025-08-04T08:05:00.000,UNABLE TO DETERMINE,IMPROPER TURNING/NO SIGNAL,697,S,CICERO AVE,1131,2,NO INDICATION OF INJURY,0,0,0,0,0,2,0,8,2,8,41.8720834481,-87.7447858165,"{'type': 'Point', 'coordinates': [-87.744785816519, 41.87208344809]}",,,Y,,,,,,,
202cad5419ae66ed0815b23571a6581fb76cc9d2cc0e04ea294a6dca2fb3b4bb4b2238a5e73da50065a857d551a758d0ea839917f26889648b95dc304e267fcd,2025-08-04T07:55:00.000,25,NO CONTROLS,NO CONTROLS,CLEAR,DAYLIGHT,PARKED MOTOR VEHICLE,NOT DIVIDED,STRAIGHT AND LEVEL,DRY,NO DEFECTS,ON SCENE,INJURY AND / OR TOW DUE TO CRASH,,"OVER $1,500",2025-08-04T07:56:00.000,UNABLE TO DETERMINE,UNABLE TO DETERMINE,1514,W,TOUHY AVE,2423,3,NONINCAPACITATING INJURY,1,0,0,1,0,0,0,7,2,8,42.0128512122,-87.6686858497,"{'type': 'Point', 'coordinates': [-87.668685849698, 42.012851212216]}",,,,,,,,,,
c11a120f59814fe3d1c46d6820880e14405efe496a464850346f9bdd20344c5245ff290feb8c53a680989654191a195af6793750b8fb111ac0777a3f5876e713,2025-08-04T07:52:00.000,30,STOP SIGN/FLASHER,FUNCTIONING PROPERLY,CLEAR,DAYLIGHT,ANGLE,NOT DIVIDED,STRAIGHT AND LEVEL,DRY,NO DEFECTS,ON SCENE,NO INJURY / DRIVE AWAY,Y,"OVER $1,500",2025-08-04T07:52:00.000,FAILING TO REDUCE SPEED TO AVOID CRASH,DRIVING SKILLS/KNOWLEDGE/EXPERIENCE,2901,W,55TH ST,824,2,NO INDICATION OF INJURY,0,0,0,0,0,3,0,7,2,8,41.7935383591,-87.6962979722,"{'type': 'Point', 'coordinates': [-87.696297972233, 41.793538359075]}",,,,,,,,,,
29d9b9d98eeb597ec9170bf134df35e4ca64f14bab37d115eeef8727d758ba80502a5776485774c54e9eb03210cce4c0af1e11675bbe4f8b1c3f062e62fc2b55,2025-08-04T07:40:00.000,20,NO CONTROLS,NO CONTROLS,CLEAR,DAYLIGHT,SIDESWIPE SAME DIRECTION,NOT DIVIDED,STRAIGHT AND LEVEL,DRY,NO DEFECTS,NOT ON SCENE (DESK REPORT),NO INJURY / DRIVE AWAY,,"OVER $1,500",2025-08-04T10:20:00.000,FAILING TO REDUCE SPEED TO AVOID CRASH,NOT APPLICABLE,1340,W,18TH ST,1233,2,NO INDICATION OF INJURY,0,0,0,0,0,2,0,7,2,8,41.8579971724,-87.6606216804,"{'type': 'Point', 'coordinates': [-87.660621680448, 41.857997172402]}",,,Y,,,,,,,
903266ba2d403d029e460f945f3fdc22a0ee4569b2e20dea0cf99ba8bf4c812406dccdd57667e3c8a7201914ea4f153774231a98dd46cc05669d25891a67dfc1,2025-08-04T07:40:00.000,30,STOP SIGN/FLASHER,FUNCTIONING PROPERLY,UNKNOWN,UNKNOWN,PARKED MOTOR VEHICLE,ONE-WAY,STRAIGHT AND LEVEL,UNKNOWN,NO DEFECTS,ON SCENE,NO INJURY / DRIVE AWAY,,"OVER $1,500",2025-08-04T07:55:00.000,UNABLE TO DETERMINE,NOT APPLICABLE,6358,N,CLAREMONT AVE,2413,2,NO INDICATION OF INJURY,0,0,0,0,0,1,0,7,2,8,41.9976568419,-87.6888070196,"{'type': 'Point', 'coordinates': [-87.68880701956, 41.997656841886]}",,,Y,,Y,,,,,
4dd21f4977e85a9ec02a16ad8b119e09940166a6346b16b992f3a408048c36f3f342061e9c3d48c4c6743438aaad73d36f30c20a556a15ea0470e928236145cf,2025-08-04T07:34:00.000,35,RR CROSSING SIGN,FUNCTIONING PROPERLY,CLEAR,DAYLIGHT,FIXED OBJECT,DIVIDED - W/MEDIAN BARRIER,STRAIGHT AND LEVEL,DRY,NO DEFECTS,ON SCENE,NO INJURY / DRIVE AWAY,Y,"OVER $1,500",2025-08-04T08:10:00.000,UNABLE TO DETERMINE,DISREGARDING OTHER TRAFFIC SIGNS,6303,N,CENTRAL AVE,1621,1,NO INDICATION OF INJURY,0,0,0,0,0,1,0,7,2,8,41.9962032257,-87.7640349533,"{'type': 'Point', 'coordinates': [-87.764034953252, 41.996203225719]}",,,,,,,,,,
4124ffe84e879d4644d750c25e40ffacb39adaa17478753ad4b1d86721f58fdd9d645b470664a8d9ac2e09a3ea43a42409896ca1c2917a40179d751a8ef4a4e8,2025-08-04T07:30:00.000,15,NO CONTROLS,NO CONTROLS,CLEAR,DAYLIGHT,PARKED MOTOR VEHICLE,PARKING LOT,STRAIGHT AND LEVEL,DRY,NO DEFECTS,ON SCENE,NO INJURY / DRIVE AWAY,,$500 OR LESS,2025-08-04T07:35:00.000,IMPROPER BACKING,NOT APPLICABLE,5940,N,RIDGE AVE,2012,2,NO INDICATION OF INJURY,0,0,0,0,0,1,0,7,2,8,41.9896769356,-87.6702068165,"{'type': 'Point', 'coordinates': [-87.670206816488, 41.98967693564]}",,,,,,,,,,
2016fbd2bb7a9e62bc56f62d79210f6039ad2e9a1564c676f22f44513bc17f6b3a49dad86042c3416c0381b7a156241df5a2f523b1a6e49b9165f25af32bfbb4,2025-08-04T07:10:00.000,30,TRAFFIC SIGNAL,FUNCTIONING PROPERLY,CLEAR,DAYLIGHT,REAR END,DIVIDED - W/MEDIAN (NOT RAISED),STRAIGHT AND LEVEL,DRY,NO DEFECTS,ON SCENE,NO INJURY / DRIVE AWAY,Y,"$501 - $1,500",2025-08-04T07:15:00.000,FOLLOWING TOO CLOSELY,NOT APPLICABLE,813,W,ROOSEVELT RD,1232,2,NO INDICATION OF INJURY,0,0,0,0,0,2,0,7,2,8,41.8670351432,-87.6475220819,"{'type': 'Point', 'coordinates': [-87.647522081902, 41.867035143244]}",,,,,,,,,,
72d38fce69e0fa25bcbb359845c75fda911f43949bf161bd3241784ae176c0d31e5e85b26097e0397634bf0d04d6eabb217839c83a34473666a3dc6e8d087f70,2025-08-04T07:05:00.000,30,TRAFFIC SIGNAL,FUNCTIONING PROPERLY,CLEAR,DAYLIGHT,FIXED OBJECT,NOT DIVIDED,STRAIGHT AND LEVEL,DRY,NO DEFECTS,ON SCENE,INJURY AND / OR TOW DUE TO CRASH,,"$501 - $1,500",2025-08-04T07:10:00.000,PHYSICAL CONDITION OF DRIVER,PHYSICAL CONDITION OF DRIVER,1,S,ASHLAND AVE,1224,1,NONINCAPACITATING INJURY,1,0,0,1,0,0,0,7,2,8,,,,,,,,,,,,,
e6a3fa5294aae78458abe102ac1f9aa937da5c4d5f2d46e4548260aa1997a30e4c6d4a72a515a0621f89024359813fcece82e683b9f0f44c114f5ecb653d614e,2025-08-04T07:05:00.000,30,UNKNOWN,UNKNOWN,CLEAR,DAYLIGHT,ANGLE,NOT REPORTED,STRAIGHT AND LEVEL,DRY,NO DEFECTS,ON SCENE,INJURY AND / OR TOW DUE TO CRASH,N,"OVER $1,500",2025-08-04T07:27:00.000,UNABLE TO DETERMINE,UNABLE TO DETERMINE,601,S,INDEPENDENCE BLVD,1133,2,NO INDICATION OF INJURY,0,0,0,0,0,3,0,7,2,8,41.8734792205,-87.7196088957,"{'type': 'Point', 'coordinates': [-87.719608895659, 41.873479220546]}",,,Y,,,,,,,
93b6fc119c02c306df5b5d326c17df04dfff1d2960a0ebc9c47d1459a440d258388ec47bc863926d7fac28d0a03b30e3c270db25b0b9a8e8a723d0108bb3831a,2025-08-04T06:59:00.000,30,STOP SIGN/FLASHER,FUNCTIONING PROPERLY,CLEAR,DAYLIGHT,OTHER OBJECT,ONE-WAY,STRAIGHT AND LEVEL,DRY,"RUT, HOLES",ON SCENE,INJURY AND / OR TOW DUE TO CRASH,,$500 OR LESS,2025-08-04T07:02:00.000,UNABLE TO DETERMINE,UNABLE TO DETERMINE,426,S,CLINTON ST,121,1,NONINCAPACITATING INJURY,1,0,0,1,0,0,0,6,2,8,41.8759821462,-87.6411474704,"{'type': 'Point', 'coordinates': [-87.641147470376, 41.875982146214]}",,,,,,,,,,
153587636a4d0f5f0e8af1d060bb8945e5e6306c46a997c09c16049adeb3e788486f13cb9ae3a88466dc8ce99e83ec15aa48ed98a760b2bd5f66052cc6254017,2025-08-04T06:42:00.000,25,NO CONTROLS,NO CONTROLS,CLEAR,DAYLIGHT,REAR END,NOT DIVIDED,STRAIGHT AND LEVEL,DRY,NO DEFECTS,ON SCENE,INJURY AND / OR TOW DUE TO CRASH,,"OVER $1,500",2025-08-04T06:50:00.000,NOT APPLICABLE,NOT APPLICABLE,6345,N,SEELEY AVE,2413,2,NONINCAPACITATING INJURY,2,0,0,2,0,0,0,6,2,8,41.9973821852,-87.6811894845,"{'type': 'Point', 'coordinates': [-87.681189484486, 41.997382185237]}",,,,,,,,,,
0c57f8412b28820cd805955685769a8b884e5c2bb0a4cd3dbb8396a1944e9450ae281dd9b6575c27a1c5c98daf14920dd4b99491eda0c7414a062589cd34602a,2025-08-04T06:40:00.000,30,NO CONTROLS,NO CONTROLS,CLEAR,DAYLIGHT,PARKED MOTOR VEHICLE,NOT DIVIDED,STRAIGHT AND LEVEL,DRY,UNKNOWN,ON SCENE,INJURY AND / OR TOW DUE TO CRASH,,"OVER $1,500",2025-08-04T07:07:00.000,PHYSICAL CONDITION OF DRIVER,UNABLE TO DETERMINE,6926,W,BYRON ST,1632,2,NO INDICATION OF INJURY,0,0,0,0,0,2,0,6,2,8,41.9509804201,-87.7997083068,"{'type': 'Point', 'coordinates': [-87.799708306804, 41.950980420091]}",,,,,,,,,,
50b339313a45c07a0de0f1a0aab4e36aa0723a3e6d1c8124f46aaa2e5ddcefdaa89f6aee6a6dccdf17e15fb72af3f8833e4bd8e4ddaf53e9c4771df46a97cbe5,2025-08-04T06:40:00.000,30,UNKNOWN,UNKNOWN,UNKNOWN,DAYLIGHT,ANGLE,NOT DIVIDED,STRAIGHT AND LEVEL,UNKNOWN,UNKNOWN,NOT ON SCENE (DESK REPORT),NO INJURY / DRIVE AWAY,,"OVER $1,500",2025-08-04T18:50:00.000,UNABLE TO DETERMINE,NOT APPLICABLE,3599,W,BELMONT AVE,1412,2,NO INDICATION OF INJURY,0,0,0,0,0,2,0,6,2,8,41.9391072519,-87.7173354992,"{'type': 'Point', 'coordinates': [-87.717335499231, 41.939107251947]}",,,,,,,,,,
4a45d747be931287e137f7f83c4fd38821603bf13c337b9b4ed3b0f29f95ff785206ea766afe9fefa9d93a199dfa0abc40332ca9be27b6e16190ac83f44e738a,2025-08-04T06:30:00.000,25,NO CONTROLS,NO CONTROLS,CLEAR,DAYLIGHT,PARKED MOTOR VEHICLE,ONE-WAY,STRAIGHT AND LEVEL,DRY,NO DEFECTS,NOT ON SCENE (DESK REPORT),NO INJURY / DRIVE AWAY,,"OVER $1,500",2025-08-04T16:40:00.000,UNABLE TO DETERMINE,UNABLE TO DETERMINE,4358,W,25TH PL,1013,2,NO INDICATION OF INJURY,0,0,0,0,0,1,0,6,2,8,41.8451522879,-87.7333698003,"{'type': 'Point', 'coordinates': [-87.733369800344, 41.84515228787]}",,,Y,,,,,,,
7ed09043a13b6913284f4c6efb1baeb34dbe17d0b78ce780ee1983d92b480f807da7df9db2e038e660f1f30d6a95356701b0ebce6780e3251583b01ee7b73cd7,2025-08-04T06:30:00.000,15,UNKNOWN,UNKNOWN,CLEAR,DAYLIGHT,PARKED MOTOR VEHICLE,NOT DIVIDED,STRAIGHT AND LEVEL,DRY,UNKNOWN,NOT ON SCENE (DESK REPORT),NO INJURY / DRIVE AWAY,,"$501 - $1,500",2025-08-04T10:07:00.000,UNABLE TO DETERMINE,UNABLE TO DETERMINE,6611,S,BISHOP ST,725,2,NO INDICATION OF INJURY,0,0,0,0,0,1,0,6,2,8,41.7736914502,-87.6602663794,"{'type': 'Point', 'coordinates': [-87.660266379411, 41.773691450158]}",,,Y,,,,,,,
ea1722919606b63517aa30c830048bc18fe34801fa285175d1042681a5ebd9ef34279f89b15831345f190c7598dd5a4159c996554be05d75ed5bfe8485b04e1f,2025-08-04T06:30:00.000,30,TRAFFIC SIGNAL,FUNCTIONING PROPERLY,CLEAR,DAYLIGHT,ANGLE,FOUR WAY,STRAIGHT AND LEVEL,DRY,NO DEFECTS,ON SCENE,NO INJURY / DRIVE AWAY,Y,"OVER $1,500",2025-08-04T07:48:00.000,UNABLE TO DETERMINE,NOT APPLICABLE,198,E,71ST ST,322,3,NO INDICATION OF INJURY,0,0,0,0,0,3,0,6,2,8,41.7657205926,-87.6201809103,"{'type': 'Point', 'coordinates': [-87.620180910327, 41.765720592634]}",,,,,,,,,,
659b815727f5d3712c716b254d435e2a13b3fcc6e82ead184ebe9623b5b7ee5664c61ad460d56bef7f99c6203d7c5beb9c678b6efc7f6c285614659cd1a532b5,2025-08-04T06:01:00.000,30,TRAFFIC SIGNAL,FUNCTIONING PROPERLY,CLEAR,DAYLIGHT,REAR END,NOT DIVIDED,STRAIGHT AND LEVEL,DRY,UNKNOWN,ON SCENE,INJURY AND / OR TOW DUE TO CRASH,,"OVER $1,500",2025-08-04T06:32:00.000,FAILING TO YIELD RIGHT-OF-WAY,FAILING TO YIELD RIGHT-OF-WAY,798,E,76TH ST,624,2,NONINCAPACITATING INJURY,1,0,0,1,0,1,0,6,2,8,41.7568667786,-87.6054098772,"{'type': 'Point', 'coordinates': [-87.605409877181, 41.756866778554]}",,,Y,,,,,,,
9a4e8d793f4cfc5bd4e7ce06db0a602d3dae53d588612c3f409413aad57b87cc4b2218e64abc3900b11c8deef57a053226293a8d49c3ae9b920e01ff608a5bed,2025-08-04T06:00:00.000,30,NO CONTROLS,NO CONTROLS,CLEAR,DAYLIGHT,REAR END,NOT DIVIDED,STRAIGHT AND LEVEL,DRY,NO DEFECTS,NOT ON SCENE (DESK REPORT),NO INJURY / DRIVE AWAY,,"OVER $1,500",2025-08-05T20:20:00.000,FOLLOWING TOO CLOSELY,NOT APPLICABLE,4342,W,63RD ST,813,2,NO INDICATION OF INJURY,0,0,0,0,0,2,0,6,2,8,41.7786613203,-87.7317899713,"{'type': 'Point', 'coordinates': [-87.73178997134, 41.7786613203]}",,,,,,,,,,
c1a04221c4c30a8e7578942ef895f2568b3febd0de7213d3d5b8e607c795562ceacef6be4db3b02a32dc1d07e4c6024bece952e6b029890efe1c0f7da0ab209f,2025-08-04T06:00:00.000,30,NO CONTROLS,NO CONTROLS,CLEAR,DAYLIGHT,SIDESWIPE SAME DIRECTION,NOT DIVIDED,STRAIGHT AND LEVEL,DRY,UNKNOWN,NOT ON SCENE (DESK REPORT),NO INJURY / DRIVE AWAY,,"OVER $1,500",2025-08-04T06:30:00.000,IMPROPER LANE USAGE,NOT APPLICABLE,350,N,SACRAMENTO BLVD,1222,2,NO INDICATION OF INJURY,0,0,0,0,0,3,0,6,2,8,41.8879459566,-87.7015516902,"{'type': 'Point', 'coordinates': [-87.701551690226, 41.887945956612]}",,,Y,,,,,,,
e356ef6a0f0dc41facb6df088144c8087247587d5df1ce8868716e77b6df55e5d8edb6830c376a1164b2e08a07bd09ebb42f9a392cac03010ba52e5618dd8110,2025-08-04T05:45:00.000,30,NO CONTROLS,NO CONTROLS,CLEAR,DAYLIGHT,SIDESWIPE SAME DIRECTION,DIVIDED - W/MEDIAN (NOT RAISED),STRAIGHT AND LEVEL,UNKNOWN,UNKNOWN,NOT ON SCENE (DESK REPORT),NO INJURY / DRIVE AWAY,,"OVER $1,500",2025-08-04T06:00:00.000,FAILING TO YIELD RIGHT-OF-WAY,IMPROPER OVERTAKING/PASSING,4900,W,LAWRENCE AVE,1623,2,NO INDICATION OF INJURY,0,0,0,0,0,2,0,5,2,8,41.9681066172,-87.7502657017,"{'type': 'Point', 'coordinates': [-87.750265701712, 41.968106617206]}",,,,,,,,,,
5127f2219ec6f38357fc0796361cf7ef276efcef5b62726537dfc6f618b504754f1e37e7d0e08eb000743c29cc6d6b1c07df329b855811ba4f376a2908ef2f8e,2025-08-04T05:30:00.000,15,NO CONTROLS,NO CONTROLS,CLEAR,DAWN,PARKED MOTOR VEHICLE,PARKING LOT,STRAIGHT AND LEVEL,DRY,NO DEFECTS,NOT ON SCENE (DESK REPORT),NO INJURY / DRIVE AWAY,,"$501 - $1,500",2025-08-05T11:40:00.000,UNABLE TO DETERMINE,NOT APPLICABLE,9501,S,PERRY AVE,511,2,NO INDICATION OF INJURY,0,0,0,0,0,1,0,5,2,8,41.7216010144,-87.6260890698,"{'type': 'Point', 'coordinates': [-87.626089069825, 41.721601014391]}",,,Y,,,,,,,
9e8523e1c0f6c6606355682d86dc5aa8aa15fa1b4e06994d3b4a5dafc9973279d903f7b43408cc3d75cdde86371503be874ec460894d0c7a145a021b4fc391ed,2025-08-04T05:09:00.000,30,NO CONTROLS,UNKNOWN,CLEAR,DARKNESS,PARKED MOTOR VEHICLE,NOT DIVIDED,STRAIGHT AND LEVEL,DRY,NO DEFECTS,ON SCENE,INJURY AND / OR TOW DUE TO CRASH,,"OVER $1,500",2025-08-04T05:09:00.000,NOT APPLICABLE,NOT APPLICABLE,6023,S,DR MARTIN LUTHER KING JR DR,313,3,NO INDICATION OF INJURY,0,0,0,0,0,1,0,5,2,8,41.784990689,-87.615595778,"{'type': 'Point', 'coordinates': [-87.615595778012, 41.784990689029]}",,,Y,,,,,,,
cc9ba8cf3415ac1a0f9f79271b78551c1196c5e5a5bc46f2f3bee464a9cf34280c09b888628fb459797874d68c0c0c4a1c6062ef2409fb0ade9265fb9d255454,2025-08-04T04:58:00.000,30,NO CONTROLS,NO CONTROLS,CLEAR,"DARKNESS, LIGHTED ROAD",PARKED MOTOR VEHICLE,NOT DIVIDED,STRAIGHT AND LEVEL,DRY,NO DEFECTS,NOT ON SCENE (DESK REPORT),NO INJURY / DRIVE AWAY,,"OVER $1,500",2025-08-04T15:30:00.000,UNABLE TO DETERMINE,UNABLE TO DETERMINE,71,S,WACKER DR,122,2,NO INDICATION OF INJURY,0,0,0,0,0,2,0,4,2,8,41.8807175753,-87.6365891074,"{'type': 'Point', 'coordinates': [-87.636589107372, 41.880717575265]}",,,,,,,,,,
f5d685be436a4c9fc1d6c17476d5160c82d07ee02a22965c63ccca78b93b951947958d4c66fee3c3a4991363a227230f63abeaaab7f8870034e369fdda9cf9b5,2025-08-04T04:30:00.000,30,NO CONTROLS,NO CONTROLS,CLEAR,"DARKNESS, LIGHTED ROAD",SIDESWIPE SAME DIRECTION,ONE-WAY,STRAIGHT AND LEVEL,UNKNOWN,UNKNOWN,NOT ON SCENE (DESK REPORT),NO INJURY / DRIVE AWAY,,"OVER $1,500",2025-08-04T10:25:00.000,UNABLE TO DETERMINE,UNABLE TO DETERMINE,10000,W,OHARE ST,1651,2,NO INDICATION OF INJURY,0,0,0,0,0,2,0,4,2,8,41.976201139,-87.9053091251,"{'type': 'Point', 'coordinates': [-87.905309125103, 41.976201139024]}",,,,,,,,,,
4307ece355e95ae0e6261d0590b8a04497b5cffdcedfbeacbafe01e2668e8c03678db778748440e6a5f338a399805a299233a0da4250996cc72a81b343c56bb7,2025-08-04T04:05:00.000,30,NO CONTROLS,NO CONTROLS,CLEAR,"DARKNESS, LIGHTED ROAD",PARKED MOTOR VEHICLE,ONE-WAY,STRAIGHT AND LEVEL,DRY,NO DEFECTS,NOT ON SCENE (DESK REPORT),NO INJURY / DRIVE AWAY,,"OVER $1,500",2025-08-04T15:10:00.000,UNABLE TO DETERMINE,NOT APPLICABLE,8959,S,HARPER AVE,413,2,NO INDICATION OF INJURY,0,0,0,0,0,1,0,4,2,8,41.731522703,-87.5866548782,"{'type': 'Point', 'coordinates': [-87.586654878229, 41.731522703036]}",,,Y,,,,,,,
7a6197a531ccc969d8cd828fe2010a6d22c136246ad53f67adf5d097db7127816f00b67563dcf6d8c69818a5dca3dad06c78f49f89f372b8c567069567a15f25,2025-08-04T03:49:00.000,30,TRAFFIC SIGNAL,FUNCTIONING PROPERLY,CLEAR,"DARKNESS, LIGHTED ROAD",FIXED OBJECT,DIVIDED - W/MEDIAN (NOT RAISED),STRAIGHT AND LEVEL,DRY,NO DEFECTS,ON SCENE,INJURY AND / OR TOW DUE TO CRASH,Y,"OVER $1,500",2025-08-04T03:49:00.000,FAILING TO REDUCE SPEED TO AVOID CRASH,DRIVING SKILLS/KNOWLEDGE/EXPERIENCE,41,E,WACKER DR,111,1,NO INDICATION OF INJURY,0,0,0,0,0,1,0,3,2,8,41.8869215277,-87.6263657611,"{'type': 'Point', 'coordinates': [-87.626365761146, 41.886921527731]}",,,,,,,,,,