crash_record_id,crash_date,posted_speed_limit,traffic_control_device,device_condition,weather_condition,lighting_condition,first_crash_type,trafficway_type,alignment,roadway_surface_cond,road_defect,report_type,crash_type,intersection_related_i,damage,date_police_notified,prim_contributory_cause,sec_contributory_cause,street_no,street_direction,street_name,beat_of_occurrence,num_units,most_severe_injury,injuries_total,injuries_fatal,injuries_incapacitating,injuries_non_incapacitating,injuries_reported_not_evident,injuries_no_indication,injuries_unknown,crash_hour,crash_day_of_week,crash_month,latitude,longitude,location,private_property_i,photos_taken_i,hit_and_run_i,statements_taken_i,crash_date_est_i,work_zone_i,work_zone_type,dooring_i,lane_cnt,workers_present_i
95104003d5b9727d1789ada03cb4dab3a413215f51fe7193ec3a8d6037efcb3b7133740baa159c936d3ffadf0d263ccd581531465cdf597a71b7bfb17a96d0e8,2025-08-03T22:40:00.000,20,NO CONTROLS,NO CONTROLS,CLEAR,"DARKNESS, LIGHTED ROAD",PARKED MOTOR VEHICLE,NOT DIVIDED,STRAIGHT AND LEVEL,DRY,UNKNOWN,NOT ON SCENE (DESK REPORT),NO INJURY / DRIVE AWAY,,"OVER $1,500",2025-08-04T14:00:00.000,UNABLE TO DETERMINE,NOT APPLICABLE,1500,N,LARRABEE ST,1822,2,NO INDICATION OF INJURY,0,0,0,0,0,1,0,22,1,8,41.9092339029,-87.6435264084,"{'type': 'Point', 'coordinates': [-87.643526408384, 41.90923390285]}",,,,,,,,,,
f1754dde5a663da91ce106581cb6b9d4d6da80053be5e1e929258c566eb2312efc2cfa65e88e9a10764787ab94b28d96cd058d99ffe78247c1e9ca0a8f46a1d9,2025-08-03T22:40:00.000,30,TRAFFIC SIGNAL,FUNCTIONING PROPERLY,CLEAR,"DARKNESS, LIGHTED ROAD",REAR END,NOT DIVIDED,STRAIGHT AND LEVEL,DRY,NO DEFECTS,ON SCENE,NO INJURY / DRIVE AWAY,Y,$500 OR LESS,2025-08-03T23:13:00.000,DRIVING SKILLS/KNOWLEDGE/EXPERIENCE,NOT APPLICABLE,4806,N,KIMBALL AVE,1712,2,NO INDICATION OF INJURY,0,0,0,0,0,5,0,22,1,8,41.9686584876,-87.7135198098,"{'type': 'Point', 'coordinates': [-87.713519809769, 41.96865848757]}",,,,,,,,,,
1af8c0885853e3f2593c046b4c3a91ae6243d823e7f1621e6b3c84ca9b3220a04bf0b54f48a01769b4e4486be01f03a95d8fe520903d7b27d02cdf3833053687,2025-08-03T22:35:00.000,30,NO CONTROLS,NO CONTROLS,CLEAR,"DARKNESS, LIGHTED ROAD",SIDESWIPE SAME DIRECTION,NOT DIVIDED,STRAIGHT AND LEVEL,DRY,NO DEFECTS,NOT ON SCENE (DESK REPORT),NO INJURY / DRIVE AWAY,,"OVER $1,500",2025-08-03T23:42:00.000,FAILING TO YIELD RIGHT-OF-WAY,IMPROPER LANE USAGE,1008,W,18TH ST,1235,2,NO INDICATION OF INJURY,0,0,0,0,0,4,0,22,1,8,41.8581246777,-87.6519748233,"{'type': 'Point', 'coordinates': [-87.65197482334, 41.8581246777]}",,,,,,,,,,
d807ca69dd01c5c5ec3b8c7152436c4e6da9967252bd5cc28849f8379efbf3f6dc06fcf6aace288387f64bf279d17310772948f522fc2503144304121da1b120,2025-08-03T22:35:00.000,30,TRAFFIC SIGNAL,FUNCTIONING PROPERLY,CLEAR,"DARKNESS, LIGHTED ROAD",SIDESWIPE SAME DIRECTION,DIVIDED - W/MEDIAN (NOT RAISED),STRAIGHT AND LEVEL,DRY,NO DEFECTS,NOT ON SCENE (DESK REPORT),NO INJURY / DRIVE AWAY,Y,"OVER $1,500",2025-08-03T22:45:00.000,IMPROPER LANE USAGE,NOT APPLICABLE,1150,S,WABASH AVE,123,2,NO INDICATION OF INJURY,0,0,0,0,0,2,0,22,1,8,41.8677514672,-87.6259795303,"{'type': 'Point', 'coordinates': [-87.625979530259, 41.867751467227]}",,,,,,,,,,
64d61bd3ae64896149d8b56263e51225ca7717079f1dc213204a92de8878923984d5128bc5bf1436a9ee22401cd0b71f2128981edcc0b2c557bbb4ed99002b6f,2025-08-03T22:30:00.000,30,TRAFFIC SIGNAL,FUNCTIONING PROPERLY,CLEAR,"DARKNESS, LIGHTED ROAD",REAR END,ONE-WAY,STRAIGHT AND LEVEL,DRY,UNKNOWN,NOT ON SCENE (DESK REPORT),INJURY AND / OR TOW DUE TO CRASH,,"OVER $1,500",2025-08-04T00:35:00.000,UNABLE TO DETERMINE,NOT APPLICABLE,20,W,MONROE ST,112,2,"REPORTED, NOT EVIDENT",1,0,0,0,1,1,0,22,1,8,41.8808465511,-87.6285133126,"{'type': 'Point', 'coordinates': [-87.628513312614, 41.880846551058]}",,,,,,,,,,
af7fa5d06bb20327fe9fe2f7deb1034f7be03f3c737a5e2bb5014095be52cb7f7fd1a9e25046e81918e3c74bb4ef60fa474d63b99aaf42eb2be0f88ffc95b424,2025-08-03T22:30:00.000,30,TRAFFIC SIGNAL,FUNCTIONING PROPERLY,CLEAR,"DARKNESS, LIGHTED ROAD",REAR END,NOT DIVIDED,STRAIGHT AND LEVEL,DRY,NO DEFECTS,NOT ON SCENE (DESK REPORT),NO INJURY / DRIVE AWAY,,"$501 - $1,500",2025-08-04T12:40:00.000,UNABLE TO DETERMINE,UNABLE TO DETERMINE,1211,N,CALIFORNIA AVE,1423,2,NO INDICATION OF INJURY,0,0,0,0,0,3,0,22,1,8,41.9033283837,-87.6967442354,"{'type': 'Point', 'coordinates': [-87.69674423544, 41.90332838372]}",,,Y,,,,,,,
4578b0f842e631b2002bb5c263d91e12684d7f668a352016bd1bc06ce2b8a1910f8ca5574a93071c656aed132b672ba06f200fc3f653718143a5cb156bd1c2b0,2025-08-03T22:29:00.000,30,TRAFFIC SIGNAL,FUNCTIONING PROPERLY,CLEAR,"DARKNESS, LIGHTED ROAD",REAR END,FOUR WAY,STRAIGHT AND LEVEL,DRY,NO DEFECTS,NOT ON SCENE (DESK REPORT),INJURY AND / OR TOW DUE TO CRASH,,"OVER $1,500",2025-08-03T23:10:00.000,FAILING TO REDUCE SPEED TO AVOID CRASH,UNABLE TO DETERMINE,4801,W,CHICAGO AVE,1531,2,"REPORTED, NOT EVIDENT",2,0,0,0,2,1,0,22,1,8,41.8948927214,-87.7459270239,"{'type': 'Point', 'coordinates': [-87.745927023949, 41.894892721418]}",,,,,,,,,,
254f745942f74b7966249ddba80ac6807773df0655c7df68b119c12105c5a2e7f2b562c383911ab628c6c9a91ae71e4acf870b1363cc03aca2a812c27bf7b540,2025-08-03T22:24:00.000,30,NO CONTROLS,NO CONTROLS,CLEAR,"DARKNESS, LIGHTED ROAD",PEDALCYCLIST,NOT DIVIDED,STRAIGHT AND LEVEL,DRY,NO DEFECTS,ON SCENE,INJURY AND / OR TOW DUE TO CRASH,,"OVER $1,500",2025-08-03T22:24:00.000,FAILING TO REDUCE SPEED TO AVOID CRASH,DRIVING SKILLS/KNOWLEDGE/EXPERIENCE,1015,S,WABASH AVE,123,2,"REPORTED, NOT EVIDENT",1,0,0,0,1,5,0,22,1,8,41.8695830899,-87.6257373175,"{'type': 'Point', 'coordinates': [-87.625737317533, 41.869583089889]}",,,,,,,,,,
8a7c437531962c01479ab9a8142bfe6fae87e929965f173c7c15b97e2f8e052f8980ef4bc9977f737c1074324d201bcdf3f7fd9be23d3d1c236206b535f9b70c,2025-08-03T22:13:00.000,30,NO CONTROLS,NO CONTROLS,CLEAR,"DARKNESS, LIGHTED ROAD",ANGLE,DIVIDED - W/MEDIAN (NOT RAISED),STRAIGHT AND LEVEL,DRY,NO DEFECTS,ON SCENE,INJURY AND / OR TOW DUE TO CRASH,,"OVER $1,500",2025-08-03T23:10:00.000,FAILING TO REDUCE SPEED TO AVOID CRASH,NOT APPLICABLE,2701,W,79TH ST,835,2,NONINCAPACITATING INJURY,1,0,0,1,0,1,0,22,1,8,41.749815701,-87.6902358596,"{'type': 'Point', 'coordinates': [-87.690235859636, 41.749815701027]}",,,,,,,,,,
3cabcd515bb33f904b830797669080cdf7f1a721a19d24fe79ccee893157b4a010f71d880ad368c44a8161bcb31cdb33b92d82d14e89ea003ba8e1406829cbb1,2025-08-03T22:12:00.000,30,TRAFFIC SIGNAL,FUNCTIONING PROPERLY,CLEAR,"DARKNESS, LIGHTED ROAD",REAR END,NOT DIVIDED,STRAIGHT AND LEVEL,DRY,NO DEFECTS,ON SCENE,INJURY AND / OR TOW DUE TO CRASH,Y,"OVER $1,500",2025-08-03T22:12:00.000,FOLLOWING TOO CLOSELY,NOT APPLICABLE,3001,W,JACKSON BLVD,1124,2,NONINCAPACITATING INJURY,2,0,0,1,1,1,0,22,1,8,41.8772656492,-87.7011656305,"{'type': 'Point', 'coordinates': [-87.701165630475, 41.877265649213]}",,,,,,,,,,
52b38b3c3d04559f05ce32a41a5ab6debbc636cdbace8cb24cfe5976a54832ec2e711c859630b21ae1499a4c5ce5f6fb7a0c242c77c9ef9b3d01365f0964a0a5,2025-08-03T22:00:00.000,30,NO CONTROLS,NO CONTROLS,UNKNOWN,UNKNOWN,PEDALCYCLIST,NOT DIVIDED,STRAIGHT AND LEVEL,UNKNOWN,UNKNOWN,NOT ON SCENE (DESK REPORT),INJURY AND / OR TOW DUE TO CRASH,,"OVER $1,500",2025-08-03T22:00:00.000,UNABLE TO DETERMINE,NOT APPLICABLE,3241,W,CHICAGO AVE,1121,2,"REPORTED, NOT EVIDENT",1,0,0,0,1,2,0,22,1,8,41.8954290243,-87.7080924342,"{'type': 'Point', 'coordinates': [-87.708092434216, 41.89542902435]}",,,N,,,,,,,
45981fe9d3b69d4972ce6747406995db71526f2412e258db68e0597da4f127c6658f92c03cf93deb1b336f02f5c6710870eb257d35d7a3e27f799ab0ded7df65,2025-08-03T21:59:00.000,30,NO CONTROLS,NO CONTROLS,CLEAR,"DARKNESS, LIGHTED ROAD",SIDESWIPE SAME DIRECTION,NOT DIVIDED,STRAIGHT AND LEVEL,DRY,NO DEFECTS,NOT ON SCENE (DESK REPORT),NO INJURY / DRIVE AWAY,,"OVER $1,500",2025-08-03T22:30:00.000,FAILING TO YIELD RIGHT-OF-WAY,NOT APPLICABLE,3930,N,PULASKI RD,1732,2,NO INDICATION OF INJURY,0,0,0,0,0,4,0,21,1,8,41.9527655539,-87.7277366939,"{'type': 'Point', 'coordinates': [-87.727736693855, 41.952765553864]}",,,,,,,,,,
2ceb7a51547edbd9638edc42bb8a04aeb89f7f3aaafbaf6d6945417150b9355c50493e5cce910c1a710f6234d6786a9f2816aaa06770e1a9b53b242fb889567c,2025-08-03T21:57:00.000,30,TRAFFIC SIGNAL,FUNCTIONING PROPERLY,CLEAR,"DARKNESS, LIGHTED ROAD",TURNING,T-INTERSECTION,STRAIGHT AND LEVEL,DRY,NO DEFECTS,,INJURY AND / OR TOW DUE TO CRASH,Y,"OVER $1,500",2025-08-04T00:43:00.000,UNABLE TO DETERMINE,UNABLE TO DETERMINE,504,S,KOSTNER AVE,1131,2,NO INDICATION OF INJURY,0,0,0,0,0,3,0,21,1,8,41.8739328457,-87.7353762314,"{'type': 'Point', 'coordinates': [-87.735376231386, 41.873932845698]}",,,,,,,,,,
baa39658a1dc09d08e548caa0f263cf160bc658ec13fffebbe4ee086be7e565e4f1a88ec6fc0908ffec110ff3fd45412b4ce8aa3dcea90d61957a80d4877f0db,2025-08-03T21:30:00.000,30,NO CONTROLS,NO CONTROLS,CLEAR,"DARKNESS, LIGHTED ROAD",PEDALCYCLIST,ONE-WAY,STRAIGHT AND LEVEL,DRY,NO DEFECTS,NOT ON SCENE (DESK REPORT),INJURY AND / OR TOW DUE TO CRASH,,$500 OR LESS,2025-08-04T22:20:00.000,UNABLE TO DETERMINE,NOT APPLICABLE,6958,S,KOMENSKY AVE,833,2,NONINCAPACITATING INJURY,1,0,0,1,0,1,0,21,1,8,41.7660130088,-87.7238067518,"{'type': 'Point', 'coordinates': [-87.723806751808, 41.766013008754]}",,,,,,,,,,
fb3af24b852c24aa1f5e698191e8a667430331e4792ed2b09cb54c75d1b614991d88d4a3d99b3e11bdff9057536d219415a299189df1d78ed688ebd4367d4170,2025-08-03T21:27:00.000,30,TRAFFIC SIGNAL,FUNCTIONING PROPERLY,CLEAR,"DARKNESS, LIGHTED ROAD",SIDESWIPE SAME DIRECTION,NOT DIVIDED,STRAIGHT AND LEVEL,DRY,NO DEFECTS,NOT ON SCENE (DESK REPORT),NO INJURY / DRIVE AWAY,,"OVER $1,500",2025-08-04T11:05:00.000,FAILING TO YIELD RIGHT-OF-WAY,UNABLE TO DETERMINE,1525,W,IRVING PARK RD,1922,2,NO INDICATION OF INJURY,0,0,0,0,0,2,0,21,1,8,41.9541860294,-87.6686256607,"{'type': 'Point', 'coordinates': [-87.668625660656, 41.954186029405]}",,,,,,,,,,
74e342c444e67967c6d3888d829c6afca5d1b8e46dea3b3dbdb093357a8f2a30fcbc28aaab22aac52790e512ac79746926597ecc999d3964cc4a2da5a18171ad,2025-08-03T21:25:00.000,35,NO CONTROLS,NO CONTROLS,CLEAR,DARKNESS,HEAD ON,NOT DIVIDED,STRAIGHT AND LEVEL,DRY,NO DEFECTS,NOT ON SCENE (DESK REPORT),NO INJURY / DRIVE AWAY,,$500 OR LESS,2025-08-03T23:30:00.000,"OPERATING VEHICLE IN ERRATIC, RECKLESS, CARELESS, NEGLIGENT OR AGGRESSIVE MANNER",NOT APPLICABLE,4003,W,16TH ST,1012,2,NO INDICATION OF INJURY,0,0,0,0,0,2,0,21,1,8,41.8587589607,-87.7251086537,"{'type': 'Point', 'coordinates': [-87.725108653663, 41.858758960729]}",,,,,,,,,,
9807fc4986b78fe2c3077ef17950e8544732c7e2d257331f8494074d6d0de380c6d1b16b34e8e33e95aa7a3758dd1275247f6608e719a3f70fe640ca4df79aa1,2025-08-03T21:18:00.000,30,NO CONTROLS,NO CONTROLS,CLEAR,"DARKNESS, LIGHTED ROAD",PARKED MOTOR VEHICLE,ONE-WAY,STRAIGHT AND LEVEL,DRY,UNKNOWN,NOT ON SCENE (DESK REPORT),INJURY AND / OR TOW DUE TO CRASH,,"OVER $1,500",2025-08-03T22:50:00.000,UNABLE TO DETERMINE,UNABLE TO DETERMINE,1477,W,73RD PL,734,2,NO INDICATION OF INJURY,0,0,0,0,0,1,0,21,1,8,41.7602787241,-87.6618349398,"{'type': 'Point', 'coordinates': [-87.661834939822, 41.760278724136]}",,,Y,,,,,,,
0f1119ca192c52bc64659e35111e11f5c3a432237979725cb825e55e8e8b1d9ed6b31b64ae9159f760909a09b7df1d3a01427661e432c9e21004341de572b939,2025-08-03T21:16:00.000,30,NO CONTROLS,NO CONTROLS,CLEAR,"DARKNESS, LIGHTED ROAD",REAR END,DIVIDED - W/MEDIAN BARRIER,STRAIGHT AND LEVEL,DRY,NO DEFECTS,ON SCENE,NO INJURY / DRIVE AWAY,N,"$501 - $1,500",2025-08-03T21:20:00.000,FOLLOWING TOO CLOSELY,UNABLE TO DETERMINE,7900,S,STONY ISLAND AVE,411,2,NO INDICATION OF INJURY,0,0,0,0,0,4,0,21,1,8,41.7514606032,-87.585971993,"{'type': 'Point', 'coordinates': [-87.585971992965, 41.751460603167]}",,,,,,,,,,
a12751a332447eb2fb5896134868295fd01d1b54afc6f8e885ff7ee8e9f3bb9056b8fd33669fb5fc9d81749fecf37302c6062d5a3cb420c4663517ae3516933c,2025-08-03T21:13:00.000,30,TRAFFIC SIGNAL,UNKNOWN,CLEAR,"DARKNESS, LIGHTED ROAD",ANGLE,FOUR WAY,STRAIGHT AND LEVEL,DRY,UNKNOWN,ON SCENE,INJURY AND / OR TOW DUE TO CRASH,Y,"OVER $1,500",2025-08-03T21:13:00.000,DISREGARDING TRAFFIC SIGNALS,UNABLE TO DETERMINE,1601,W,ARMITAGE AVE,1433,2,INCAPACITATING INJURY,1,0,1,0,0,1,0,21,1,8,41.9178225143,-87.6679957708,"{'type': 'Point', 'coordinates': [-87.667995770847, 41.91782251427]}",,,,,,,,,,
ab278b717137f3032c5b2fc41e6570e6d946c4ea2eddaf64a8d8909ee7674d4af775919a13c8a366e9047a34377fc0767e53594d552de76f93507f399b97751a,2025-08-03T21:10:00.000,30,NO CONTROLS,NO CONTROLS,CLEAR,"DARKNESS, LIGHTED ROAD",PARKED MOTOR VEHICLE,ONE-WAY,STRAIGHT AND LEVEL,DRY,NO DEFECTS,ON SCENE,NO INJURY / DRIVE AWAY,,"OVER $1,500",2025-08-03T21:15:00.000,DRIVING ON WRONG SIDE/WRONG WAY,"VISION OBSCURED (SIGNS, TREE LIMBS, BUILDINGS, ETC.)",238,W,ALEXANDER ST,914,2,NO INDICATION OF INJURY,0,0,0,0,0,1,0,21,1,8,41.8515421097,-87.6335259816,"{'type': 'Point', 'coordinates': [-87.633525981589, 41.851542109749]}",,,,,,,,,,
c7d27eee375ae4bd746a043be35d244c21f251bf767666d048fc186648e0343ef6429ebefadaa5b39bf57944b099947ac4b97e6ab897792cc858a696244d1114,2025-08-03T21:08:00.000,20,NO CONTROLS,NO CONTROLS,CLEAR,DARKNESS,PEDALCYCLIST,NOT DIVIDED,STRAIGHT AND LEVEL,DRY,NO DEFECTS,NOT ON SCENE (DESK REPORT),INJURY AND / OR TOW DUE TO CRASH,,"$501 - $1,500",2025-08-04T12:42:00.000,UNABLE TO DETERMINE,FAILING TO YIELD RIGHT-OF-WAY,6958,S,KOMENSKY AVE,833,2,"REPORTED, NOT EVIDENT",1,0,0,0,1,1,0,21,1,8,41.7660130088,-87.7238067518,"{'type': 'Point', 'coordinates': [-87.723806751808, 41.766013008754]}",,,,,,,,,,
f976aa7b7307062748e93a0f1341f11d89f50f656ef33d9ffe5fd01aa14ade24429c7b8934838b272bb89765c97f5f4c1ba0a7af3a9e1f6d508fdd19ebb8dc62,2025-08-03T21:05:00.000,30,STOP SIGN/FLASHER,UNKNOWN,CLEAR,"DARKNESS, LIGHTED ROAD",ANGLE,FOUR WAY,STRAIGHT AND LEVEL,DRY,UNKNOWN,NOT ON SCENE (DESK REPORT),NO INJURY / DRIVE AWAY,,"OVER $1,500",2025-08-03T22:00:00.000,UNABLE TO DETERMINE,NOT APPLICABLE,4301,N,KEELER AVE,1722,2,NO INDICATION OF INJURY,0,0,0,0,0,3,0,21,1,8,41.9591631042,-87.7324938608,"{'type': 'Point', 'coordinates': [-87.732493860809, 41.959163104152]}",,,,,,,,,,
f9c46ffef478bc15bc06c16fe837782713c95cbd8204d7964f99b3d312e87affd3ca0e62372b6c9e3c4e94a084f431e3855fcf2a6e026cba68cc7eb9c3e7a46c,2025-08-03T21:03:00.000,30,TRAFFIC SIGNAL,UNKNOWN,CLEAR,"DARKNESS, LIGHTED ROAD",FIXED OBJECT,NOT DIVIDED,STRAIGHT AND LEVEL,DRY,UNKNOWN,ON SCENE,INJURY AND / OR TOW DUE TO CRASH,Y,"OVER $1,500",2025-08-03T21:03:00.000,"OPERATING VEHICLE IN ERRATIC, RECKLESS, CARELESS, NEGLIGENT OR AGGRESSIVE MANNER",IMPROPER OVERTAKING/PASSING,7510,S,JEFFERY BLVD,414,1,NONINCAPACITATING INJURY,1,0,0,1,0,0,0,21,1,8,41.7585018643,-87.5762806989,"{'type': 'Point', 'coordinates': [-87.576280698881, 41.758501864266]}",,,Y,,,,,,,
a076280cfd62e424134fc04e68a564819b31a1b71e40469f46d1f8531c7677071ade07d89068908682303e75df0bddbc40103e3852722e0d934e492b8878401b,2025-08-03T21:00:00.000,45,NO CONTROLS,NO CONTROLS,CLEAR,"DARKNESS, LIGHTED ROAD",SIDESWIPE SAME DIRECTION,DIVIDED - W/MEDIAN BARRIER,STRAIGHT AND LEVEL,DRY,UNKNOWN,NOT ON SCENE (DESK REPORT),NO INJURY / DRIVE AWAY,,"OVER $1,500",2025-08-03T22:30:00.000,UNABLE TO DETERMINE,UNABLE TO DETERMINE,5700,S,LAKE SHORE DR,331,2,NO INDICATION OF INJURY,0,0,0,0,0,2,0,21,1,8,41.7914202821,-87.5801477687,"{'type': 'Point', 'coordinates': [-87.580147768689, 41.791420282098]}",,,Y,,,,,,,
34486087f01697f5f43c6d38c1b01b9622e466443b0f735f2eae9cb5410e40eb6e149199a8a8d40f6c4e9712fe1bde282aa81a21d99482eb239ac7c1e77f5801,2025-08-03T20:54:00.000,30,TRAFFIC SIGNAL,UNKNOWN,CLEAR,"DARKNESS, LIGHTED ROAD",REAR END,FOUR WAY,STRAIGHT AND LEVEL,DRY,UNKNOWN,ON SCENE,NO INJURY / DRIVE AWAY,,"OVER $1,500",2025-08-03T20:58:00.000,FAILING TO REDUCE SPEED TO AVOID CRASH,UNABLE TO DETERMINE,5601,W,NORTH AVE,2531,2,NO INDICATION OF INJURY,0,0,0,0,0,4,0,20,1,8,41.9092684429,-87.7657728685,"{'type': 'Point', 'coordinates': [-87.765772868538, 41.909268442926]}",,,,,,,,,,
b47e38d8bfd284eab725e066c0dd293bcd0900c5635754d130abfbdf9d07a34ee8ee56a3f09fe399318a8cce35de09ac64d48b6e9ab0c297fe4bda2622bff1d8,2025-08-03T20:50:00.000,20,NO CONTROLS,NO CONTROLS,CLEAR,"DARKNESS, LIGHTED ROAD",REAR TO FRONT,PARKING LOT,STRAIGHT AND LEVEL,DRY,NO DEFECTS,NOT ON SCENE (DESK REPORT),NO INJURY / DRIVE AWAY,,"OVER $1,500",2025-08-03T21:15:00.000,FAILING TO YIELD RIGHT-OF-WAY,UNABLE TO DETERMINE,2731,N,ELSTON AVE,1432,2,NO INDICATION OF INJURY,0,0,0,0,0,2,0,20,1,8,41.9312664548,-87.6862720477,"{'type': 'Point', 'coordinates': [-87.6862720477, 41.931266454777]}",N,,,,,,,,,
3c776c97f3554d5b8eb9e3c1d82146f249b410fd91adae0a6861fd133e852b2ea4576525adfaa7cd9dde6d28f6aa49d65a65ca26ba199d2c6585cf184d6ad44b,2025-08-03T20:48:00.000,30,NO CONTROLS,NO CONTROLS,CLEAR,DARKNESS,PARKED MOTOR VEHICLE,ALLEY,STRAIGHT AND LEVEL,DRY,UNKNOWN,ON SCENE,INJURY AND / OR TOW DUE TO CRASH,,"OVER $1,500",2025-08-03T20:49:00.000,DRIVING SKILLS/KNOWLEDGE/EXPERIENCE,NOT APPLICABLE,4015,S,ARTESIAN AVE,921,2,"REPORTED, NOT EVIDENT",1,0,0,0,1,0,0,20,1,8,41.8206226962,-87.6858886413,"{'type': 'Point', 'coordinates': [-87.68588864132, 41.820622696171]}",,,,,,,,,,
6979e21f627198f09f7a280e1e258a3223e04a0b25c53919ddc53bf6fcb58d8f8c3e0ef9234ee766f64fd3b9b391d4e86d3fa12eb0646a9b76ed2b2473a6c0a1,2025-08-03T20:38:00.000,35,NO CONTROLS,NO CONTROLS,CLEAR,"DARKNESS, LIGHTED ROAD",REAR END,DIVIDED - W/MEDIAN BARRIER,STRAIGHT AND LEVEL,DRY,NO DEFECTS,ON SCENE,INJURY AND / OR TOW DUE TO CRASH,,"OVER $1,500",2025-08-03T20:40:00.000,FOLLOWING TOO CLOSELY,DRIVING SKILLS/KNOWLEDGE/EXPERIENCE,607,N,LAKE SHORE DR NB,1834,2,NO INDICATION OF INJURY,0,0,0,0,0,3,0,20,1,8,41.8929520091,-87.613908922,"{'type': 'Point', 'coordinates': [-87.613908921967, 41.892952009082]}",,,,,,,,,,
cc079249415175642c403d1e42409ddadc7eab06b8e57057ce5007cf6f6722bd0d96fe26ee30615e6ca1d9c3c29f1c46b0f75cf7186c088c834785c5605e213b,2025-08-03T20:30:00.000,30,TRAFFIC SIGNAL,UNKNOWN,UNKNOWN,DARKNESS,REAR END,NOT DIVIDED,STRAIGHT AND LEVEL,UNKNOWN,UNKNOWN,NOT ON SCENE (DESK REPORT),INJURY AND / OR TOW DUE TO CRASH,,"OVER $1,500",2025-08-04T13:10:00.000,FOLLOWING TOO CLOSELY,FOLLOWING TOO CLOSELY,7600,S,STONY ISLAND AVE,411,2,"REPORTED, NOT EVIDENT",3,0,0,0,3,4,0,20,1,8,41.7568971726,-87.5862342851,"{'type': 'Point', 'coordinates': [-87.58623428507, 41.756897172602]}",,,Y,,,,,,,
04503884e31dbdb776ef472e90098e03a3fc761b5d18fe6b482cdc051c0c59c31aa8d7a63fbf81a7024d3804acfe43ad3a69ad0a89af79bf185a03f4cf823fc6,2025-08-03T20:26:00.000,30,TRAFFIC SIGNAL,FUNCTIONING PROPERLY,CLEAR,"DARKNESS, LIGHTED ROAD",TURNING,NOT DIVIDED,STRAIGHT AND LEVEL,DRY,NO DEFECTS,NOT ON SCENE (DESK REPORT),NO INJURY / DRIVE AWAY,Y,"OVER $1,500",2025-08-04T07:45:00.000,IMPROPER LANE USAGE,FAILING TO REDUCE SPEED TO AVOID CRASH,2219,W,FULLERTON AVE,1432,2,NO INDICATION OF INJURY,0,0,0,0,0,3,0,20,1,8,41.924840978,-87.6839897419,"{'type': 'Point', 'coordinates': [-87.683989741901, 41.92484097798]}",,,,,,,,,,
1bb22f05e3682f2552b0f79e79d47793a05115831fcadef5c1296b9f86a0c8bbb73882b6966068bd62ac8778a582a91a0ff694b60745d7f063379dfbe1a0a06a,2025-08-03T20:25:00.000,30,TRAFFIC SIGNAL,FUNCTIONING PROPERLY,CLEAR,"DARKNESS, LIGHTED ROAD",REAR END,NOT DIVIDED,STRAIGHT AND LEVEL,DRY,NO DEFECTS,ON SCENE,NO INJURY / DRIVE AWAY,,"$501 - $1,500",2025-08-03T20:35:00.000,UNABLE TO DETERMINE,UNABLE TO DETERMINE,6500,W,IRVING PARK RD,1632,2,NO INDICATION OF INJURY,0,0,0,0,0,2,0,20,1,8,41.9529842029,-87.789083831,"{'type': 'Point', 'coordinates': [-87.789083830955, 41.952984202879]}",,,,,,,,,,
2850e7c88445ab2f01e4dddccbc9d7299da08c56247a2b68cb947bcfdd042ede596941c19f532518ef9f64ad68257fd8ebb67c863e523c5ccf08a0f75abe2fcb,2025-08-03T20:10:00.000,30,NO CONTROLS,NO CONTROLS,CLEAR,DUSK,REAR END,FOUR WAY,STRAIGHT AND LEVEL,DRY,NO DEFECTS,NOT ON SCENE (DESK REPORT),NO INJURY / DRIVE AWAY,Y,$500 OR LESS,2025-08-03T21:15:00.000,UNABLE TO DETERMINE,NOT APPLICABLE,4343,W,MADISON ST,1115,2,NO INDICATION OF INJURY,0,0,0,0,0,3,0,20,1,8,41.8805093501,-87.7347425292,"{'type': 'Point', 'coordinates': [-87.734742529158, 41.880509350084]}",,,,,,,,,,
21ef9a55d09888e96bd60dd97659b0fbe41786c2812d7b45c9719e16e2ba2536f0b5645283f926664910ab67d58736ba3775f4c2e90997c8a5c461922be051f6,2025-08-03T20:03:00.000,30,STOP SIGN/FLASHER,FUNCTIONING PROPERLY,CLEAR,DARKNESS,REAR END,NOT DIVIDED,STRAIGHT AND LEVEL,DRY,NO DEFECTS,NOT ON SCENE (DESK REPORT),NO INJURY / DRIVE AWAY,,"$501 - $1,500",2025-08-06T13:46:00.000,IMPROPER BACKING,NOT APPLICABLE,4789,W,48TH ST,815,2,NO INDICATION OF INJURY,0,0,0,0,0,2,0,20,1,8,41.8056898223,-87.7430466517,"{'type': 'Point', 'coordinates': [-87.743046651705, 41.805689822331]}",,,Y,,,,,,,
05559c389407f8a197082734454d57ac2979c201cc69048c90b798009de6e76c62183c88cf219d0a0f2b0db6ee0d68efe180251dd0c12c2579df94b526ad38da,2025-08-03T20:00:00.000,30,NO CONTROLS,NO CONTROLS,CLEAR,DAYLIGHT,PARKED MOTOR VEHICLE,DIVIDED - W/MEDIAN (NOT RAISED),STRAIGHT AND LEVEL,DRY,NO DEFECTS,NOT ON SCENE (DESK REPORT),NO INJURY / DRIVE AWAY,,"OVER $1,500",2025-08-04T12:30:00.000,UNABLE TO DETERMINE,UNABLE TO DETERMINE,2923,S,ARCHER AVE,913,2,NO INDICATION OF INJURY,0,0,0,0,0,1,0,20,1,8,41.8412634886,-87.6584792188,"{'type': 'Point', 'coordinates': [-87.658479218781, 41.841263488599]}",,,Y,,,,,,,