crash_record_id,crash_date,posted_speed_limit,traffic_control_device,device_condition,weather_condition,lighting_condition,first_crash_type,trafficway_type,alignment,roadway_surface_cond,road_defect,report_type,crash_type,intersection_related_i,damage,date_police_notified,prim_contributory_cause,sec_contributory_cause,street_no,street_direction,street_name,beat_of_occurrence,num_units,most_severe_injury,injuries_total,injuries_fatal,injuries_incapacitating,injuries_non_incapacitating,injuries_reported_not_evident,injuries_no_indication,injuries_unknown,crash_hour,crash_day_of_week,crash_month,latitude,longitude,location,private_property_i,photos_taken_i,hit_and_run_i,statements_taken_i,crash_date_est_i,work_zone_i,work_zone_type,dooring_i,lane_cnt,workers_present_i
713b667c7fe06bd7cb8e72a18c156ca26ef372c79944c5fa0f12b7b2876923539c23af0c0be7a7bff5895a4c4f9db1a20d34b65a3cea9f796c4a9584dd2ce004,2025-08-03T17:30:00.000,10,NO CONTROLS,NO CONTROLS,CLEAR,DAYLIGHT,PARKED MOTOR VEHICLE,PARKING LOT,STRAIGHT AND LEVEL,DRY,NO DEFECTS,ON SCENE,NO INJURY / DRIVE AWAY,,"OVER $1,500",2025-08-03T17:32:00.000,UNABLE TO DETERMINE,UNABLE TO DETERMINE,1140,W,EDDY ST,1924,2,NO INDICATION OF INJURY,0,0,0,0,0,1,0,17,1,8,41.9463618103,-87.6574847424,"{'type': 'Point', 'coordinates': [-87.657484742394, 41.946361810292]}",,,Y,,,,,,,
87653021489cc24638dee3468979dbc499ac5508b90f1ae464a4b3cc75615f7469931c3b2dc5f1246412ff6ea3101fe23b384c2b5749ca9a8ac1a05d8e3a3d7b,2025-08-03T17:30:00.000,25,STOP SIGN/FLASHER,FUNCTIONING PROPERLY,CLEAR,DAYLIGHT,ANGLE,TRAFFIC ROUTE,STRAIGHT AND LEVEL,DRY,NO DEFECTS,NOT ON SCENE (DESK REPORT),NO INJURY / DRIVE AWAY,,"OVER $1,500",2025-08-03T18:05:00.000,FAILING TO YIELD RIGHT-OF-WAY,FAILING TO YIELD RIGHT-OF-WAY,13501,S,AVENUE O,433,2,NO INDICATION OF INJURY,0,0,0,0,0,3,0,17,1,8,41.6499577891,-87.5397407492,"{'type': 'Point', 'coordinates': [-87.539740749237, 41.649957789138]}",,,,,,,,,,
a1c310154a48d3d1071cecd4461e116cb3f91e6838e1b23b909a052682d580f47f0bdd662013b9b3241db09bcb144df8fdaef1f3e27d3058bfe98dd696132687,2025-08-03T17:30:00.000,30,NO CONTROLS,NO CONTROLS,CLEAR,DAYLIGHT,REAR END,ONE-WAY,STRAIGHT AND LEVEL,UNKNOWN,UNKNOWN,NOT ON SCENE (DESK REPORT),NO INJURY / DRIVE AWAY,,"$501 - $1,500",2025-08-04T19:23:00.000,UNABLE TO DETERMINE,NOT APPLICABLE,401,W,ONTARIO ST,1831,2,NO INDICATION OF INJURY,0,0,0,0,0,2,0,17,1,8,41.8930159515,-87.6387716669,"{'type': 'Point', 'coordinates': [-87.638771666863, 41.893015951493]}",,,,,,,,,,
a97357603250080902b149b4f8c67d1929115fcc7971085fbf7362b25ffcd7ae8e1a8f0a3539cd53fc6ebd30ba1bf26b2f6ad09eff170bbd92cb9c53799d038f,2025-08-03T17:30:00.000,15,NO CONTROLS,NO CONTROLS,CLEAR,DAYLIGHT,ANGLE,PARKING LOT,STRAIGHT AND LEVEL,DRY,NO DEFECTS,ON SCENE,NO INJURY / DRIVE AWAY,,"OVER $1,500",2025-08-03T17:45:00.000,UNABLE TO DETERMINE,UNABLE TO DETERMINE,7309,W,IRVING PARK RD,1631,2,NO INDICATION OF INJURY,0,0,0,0,0,3,0,17,1,8,41.952584173,-87.8102291008,"{'type': 'Point', 'coordinates': [-87.810229100755, 41.952584173003]}",Y,,Y,,,,,,,
4f6782556a844b7863e727a8c541ac85bf01683f72706dedcbec54ed8ba7d306e18c43e9bfa5dd577025cae136e10ef90890be5dbe5e251f9dd74ad813691a92,2025-08-03T17:27:00.000,30,TRAFFIC SIGNAL,FUNCTIONING PROPERLY,CLEAR,DAYLIGHT,SIDESWIPE SAME DIRECTION,NOT DIVIDED,STRAIGHT AND LEVEL,DRY,NO DEFECTS,ON SCENE,NO INJURY / DRIVE AWAY,Y,"OVER $1,500",2025-08-03T17:32:00.000,IMPROPER LANE USAGE,DRIVING SKILLS/KNOWLEDGE/EXPERIENCE,2401,W,MADISON ST,1125,2,NO INDICATION OF INJURY,0,0,0,0,0,2,0,17,1,8,41.8810509889,-87.6865321683,"{'type': 'Point', 'coordinates': [-87.686532168279, 41.881050988942]}",,,Y,,,,,,,
a6a53c07611b795f592dac50a6d298e91f37818048bd21b4ef724b981fece4e6492442d46e5a9d09f41ece6d3d18bb27229a2f06c524718369c02eafd069d421,2025-08-03T17:27:00.000,30,TRAFFIC SIGNAL,FUNCTIONING PROPERLY,CLEAR,DAYLIGHT,SIDESWIPE SAME DIRECTION,DIVIDED - W/MEDIAN (NOT RAISED),STRAIGHT AND LEVEL,DRY,NO DEFECTS,ON SCENE,NO INJURY / DRIVE AWAY,,"OVER $1,500",2025-08-03T18:21:00.000,FAILING TO REDUCE SPEED TO AVOID CRASH,UNABLE TO DETERMINE,3354,W,FOSTER AVE,1712,2,NO INDICATION OF INJURY,0,0,0,0,0,2,0,17,1,8,41.9758036582,-87.7133415713,"{'type': 'Point', 'coordinates': [-87.713341571333, 41.975803658231]}",,N,Y,Y,,,,,,
21976934efc9440094cc8e46fea87d8df23cf623cf03f7c52770a04ddbb74d68f701e7078797bd548ebf3f0520bf60c74dd5bfa9fc02be7ff2dc8195d20cb919,2025-08-03T17:20:00.000,30,TRAFFIC SIGNAL,NO CONTROLS,CLEAR,DAYLIGHT,REAR END,NOT DIVIDED,STRAIGHT AND LEVEL,DRY,NO DEFECTS,ON SCENE,NO INJURY / DRIVE AWAY,Y,"OVER $1,500",2025-08-03T17:25:00.000,FAILING TO REDUCE SPEED TO AVOID CRASH,NOT APPLICABLE,4759,W,MONTROSE AVE,1722,2,NO INDICATION OF INJURY,0,0,0,0,0,2,0,17,1,8,41.9606134787,-87.7474799647,"{'type': 'Point', 'coordinates': [-87.747479964722, 41.960613478733]}",,,Y,,,,,,,
d6fa903ed2e56a05710d0a94407b99a8eb8730936a1df2f1a40615ce4e966eaf3eb091cad00640b9ff1657a10e435299058a3081366ad5dcc07abf73f698d359,2025-08-03T17:20:00.000,30,TRAFFIC SIGNAL,FUNCTIONING PROPERLY,CLEAR,DAYLIGHT,REAR END,DIVIDED - W/MEDIAN (NOT RAISED),STRAIGHT AND LEVEL,DRY,NO DEFECTS,NOT ON SCENE (DESK REPORT),NO INJURY / DRIVE AWAY,Y,"OVER $1,500",2025-08-04T18:00:00.000,UNABLE TO DETERMINE,NOT APPLICABLE,3362,N,KIMBALL AVE,1732,2,NO INDICATION OF INJURY,0,0,0,0,0,3,0,17,1,8,41.9424321207,-87.7127496384,"{'type': 'Point', 'coordinates': [-87.712749638384, 41.942432120709]}",,,,,,,,,,
80482f559a15e275ceef4fd8bb7a628bd4abe988ea8e87b1789f41f087c99f3bf018ecc5019d98c61597941b62094a38adb5a634c310208bb1d8bbf74f8c3f18,2025-08-03T17:15:00.000,30,NO CONTROLS,NO CONTROLS,CLEAR,DAYLIGHT,REAR END,DIVIDED - W/MEDIAN (NOT RAISED),STRAIGHT AND LEVEL,DRY,NO DEFECTS,ON SCENE,INJURY AND / OR TOW DUE TO CRASH,,"OVER $1,500",2025-08-03T17:20:00.000,FOLLOWING TOO CLOSELY,FAILING TO REDUCE SPEED TO AVOID CRASH,1220,W,LAWRENCE AVE,2033,3,NONINCAPACITATING INJURY,1,0,0,1,0,2,0,17,1,8,41.9691202952,-87.6606265029,"{'type': 'Point', 'coordinates': [-87.660626502914, 41.969120295248]}",,,Y,,,,,,,
e7fbda167a1f6ec8e5b25b2b9ad503d3cf7a8eae755afdd8c6d062c2bb08fcbd70aee62b761124d305c9e77999a9b3a8a2f5ede22321ae63423f319a7818b41a,2025-08-03T17:15:00.000,40,TRAFFIC SIGNAL,FUNCTIONING PROPERLY,CLEAR,DAYLIGHT,REAR END,OTHER,STRAIGHT AND LEVEL,DRY,NO DEFECTS,ON SCENE,INJURY AND / OR TOW DUE TO CRASH,,"OVER $1,500",2025-08-03T17:15:00.000,FOLLOWING TOO CLOSELY,FOLLOWING TOO CLOSELY,100,S,LAKE SHORE DR SB,114,2,NONINCAPACITATING INJURY,2,0,0,2,0,3,0,17,1,8,41.8808560477,-87.6176358918,"{'type': 'Point', 'coordinates': [-87.617635891755, 41.880856047671]}",,,,,,,,,,
d44a7cf41448b4a1672a18f02c02a8d6e135c2c9a0960779dc8d7639843b3ad8cede6cb14969b705fcbf812400fa4294e47476cf8e7ebc5608ba60d62adf785c,2025-08-03T17:11:00.000,30,TRAFFIC SIGNAL,UNKNOWN,CLEAR,DAYLIGHT,HEAD ON,NOT DIVIDED,STRAIGHT AND LEVEL,DRY,NO DEFECTS,ON SCENE,INJURY AND / OR TOW DUE TO CRASH,Y,"OVER $1,500",2025-08-03T17:11:00.000,FAILING TO REDUCE SPEED TO AVOID CRASH,UNABLE TO DETERMINE,4934,W,FIFTH AVE,1533,2,INCAPACITATING INJURY,3,0,3,0,0,3,0,17,1,8,41.8689510797,-87.7483430331,"{'type': 'Point', 'coordinates': [-87.748343033052, 41.868951079697]}",,,,,,,,,,
ba54b15fda363d70a46508c63f77611e58ff857cb7c765fca630454df3cf24b2fe23c8460f1ad58ca91f59727809c73d5f0eb2029da4dcc1aef2fb463db4d723,2025-08-03T17:10:00.000,30,NO CONTROLS,NO CONTROLS,CLEAR,DAYLIGHT,PEDALCYCLIST,NOT DIVIDED,STRAIGHT AND LEVEL,DRY,NO DEFECTS,ON SCENE,NO INJURY / DRIVE AWAY,,$500 OR LESS,2025-08-03T17:15:00.000,DRIVING ON WRONG SIDE/WRONG WAY,NOT APPLICABLE,4031,W,56TH ST,813,2,NO INDICATION OF INJURY,0,0,0,0,0,2,0,17,1,8,41.791272484,-87.7244031411,"{'type': 'Point', 'coordinates': [-87.724403141122, 41.791272483962]}",,,Y,,,,,,,
9451816b9df80bfb35fed07b8eb8da98acdfaa438b47cec0a36e876c04d61d0859062d55be17b60b06353abcdd34678922fa9e21eb6988a6a7bf28f15d0c8003,2025-08-03T17:00:00.000,30,TRAFFIC SIGNAL,FUNCTIONING PROPERLY,CLEAR,DAYLIGHT,TURNING,FOUR WAY,STRAIGHT AND LEVEL,DRY,NO DEFECTS,,NO INJURY / DRIVE AWAY,Y,"OVER $1,500",2025-08-03T18:00:00.000,UNABLE TO DETERMINE,UNABLE TO DETERMINE,1300,W,HARRISON ST,1231,2,NO INDICATION OF INJURY,0,0,0,0,0,4,0,17,1,8,41.8743467456,-87.6595551082,"{'type': 'Point', 'coordinates': [-87.659555108229, 41.874346745588]}",,,,,,,,,,
bf7aaf97ded19774b7a46aea5609011a29f6f5860a9ef6ca49c9a31b68c20dc09e26421cb750043c475e55f1ef1e688b989ef03eaf815916f43e2e33e8a842ed,2025-08-03T16:55:00.000,30,TRAFFIC SIGNAL,FUNCTIONING PROPERLY,CLEAR,DAYLIGHT,PEDESTRIAN,OTHER,STRAIGHT AND LEVEL,DRY,NO DEFECTS,ON SCENE,INJURY AND / OR TOW DUE TO CRASH,N,"OVER $1,500",2025-08-03T16:59:00.000,"OPERATING VEHICLE IN ERRATIC, RECKLESS, CARELESS, NEGLIGENT OR AGGRESSIVE MANNER",FAILING TO YIELD RIGHT-OF-WAY,1600,W,DIVISION ST,1424,2,INCAPACITATING INJURY,1,0,1,0,0,1,0,16,1,8,41.9034553165,-87.667558994,"{'type': 'Point', 'coordinates': [-87.66755899397, 41.903455316484]}",,,Y,,,,,,,
581a921b162fc5ca7c8a6dd01e9931368c61a231e0fcdf4e5a51a2006ea9a4e080d635fcc5fbaff14c5893c1cdf1ff7e54097b75b01d418b6ae97fa24e07e4c4,2025-08-03T16:50:00.000,30,NO CONTROLS,NO CONTROLS,CLEAR,DAYLIGHT,TURNING,NOT DIVIDED,STRAIGHT AND LEVEL,DRY,NO DEFECTS,NOT ON SCENE (DESK REPORT),NO INJURY / DRIVE AWAY,,"OVER $1,500",2025-08-03T17:30:00.000,FOLLOWING TOO CLOSELY,NOT APPLICABLE,3800,N,CLARK ST,1923,2,NO INDICATION OF INJURY,0,0,0,0,0,6,0,16,1,8,41.9510640531,-87.659795128,"{'type': 'Point', 'coordinates': [-87.659795128028, 41.951064053085]}",,,,,,,,,,
6778415a63979688a96dce3c95db92f7a826516a51b9da1ef19516c34d068de1a8f6c8fedd4f3241d7c56fc1cdd92832dd7c2efa5a00b671ec86d0394bf094c7,2025-08-03T16:45:00.000,30,TRAFFIC SIGNAL,FUNCTIONING PROPERLY,CLEAR,DAYLIGHT,REAR END,DIVIDED - W/MEDIAN (NOT RAISED),STRAIGHT AND LEVEL,UNKNOWN,UNKNOWN,NOT ON SCENE (DESK REPORT),INJURY AND / OR TOW DUE TO CRASH,,"$501 - $1,500",2025-08-03T18:00:00.000,FAILING TO REDUCE SPEED TO AVOID CRASH,NOT APPLICABLE,401,N,LAKE SHORE DR NB,1834,2,"REPORTED, NOT EVIDENT",1,0,0,0,1,2,0,16,1,8,41.8891462543,-87.6138431274,"{'type': 'Point', 'coordinates': [-87.613843127448, 41.889146254302]}",,,,,,,,,,
9168b1e02ee343367c2460283581b9af0c79141a156e4346cfe49983aee7d6ebb75ed0d8e0f8609d3a2d56e3c7e5026e49f5591d9f4519f38f8712424d798a01,2025-08-03T16:45:00.000,35,NO CONTROLS,NO CONTROLS,CLEAR,DAYLIGHT,REAR END,NOT DIVIDED,STRAIGHT AND LEVEL,DRY,NO DEFECTS,NOT ON SCENE (DESK REPORT),NO INJURY / DRIVE AWAY,,"$501 - $1,500",2025-08-04T13:40:00.000,UNABLE TO DETERMINE,UNABLE TO DETERMINE,5545,W,MONTROSE AVE,1624,2,NO INDICATION OF INJURY,0,0,0,0,0,2,0,16,1,8,41.9603819174,-87.7665818462,"{'type': 'Point', 'coordinates': [-87.766581846184, 41.960381917364]}",,,Y,,,,,,,
501e3f570d7225f787b229f0ff030d91ce1bc8d3c5251c2d3aed9332e358a5dc7d9b808792799bf4f240c419fc0d708a504483cf5d8bddcc60fee6efbb65d4dc,2025-08-03T16:38:00.000,30,TRAFFIC SIGNAL,UNKNOWN,UNKNOWN,DAYLIGHT,REAR END,DIVIDED - W/MEDIAN (NOT RAISED),STRAIGHT AND LEVEL,UNKNOWN,UNKNOWN,NOT ON SCENE (DESK REPORT),NO INJURY / DRIVE AWAY,,"$501 - $1,500",2025-08-03T17:40:00.000,DISTRACTION - FROM INSIDE VEHICLE,NOT APPLICABLE,5701,N,SHERIDAN RD,2022,2,NO INDICATION OF INJURY,0,0,0,0,0,3,0,16,1,8,41.985638421,-87.6550943233,"{'type': 'Point', 'coordinates': [-87.655094323271, 41.985638421049]}",,,,,,,,,,
6fa6e45d78a58d0deaf81cfe8bdb11f0d8f8f347511b41f7b91f6dff8188b248ee2caf5c6c1d1e85ee9a931747bd71e8baa9a485c6bd61bb1414a3cb65c9fd6e,2025-08-03T16:35:00.000,30,NO CONTROLS,NO CONTROLS,CLEAR,DAYLIGHT,SIDESWIPE SAME DIRECTION,DIVIDED - W/MEDIAN (NOT RAISED),STRAIGHT AND LEVEL,UNKNOWN,UNKNOWN,NOT ON SCENE (DESK REPORT),NO INJURY / DRIVE AWAY,,"OVER $1,500",2025-08-03T17:25:00.000,IMPROPER LANE USAGE,FAILING TO REDUCE SPEED TO AVOID CRASH,1546,W,CHICAGO AVE,1213,2,NO INDICATION OF INJURY,0,0,0,0,0,2,0,16,1,8,41.8961923661,-87.6667723128,"{'type': 'Point', 'coordinates': [-87.666772312793, 41.896192366103]}",,,,,,,,,,
537aa8143b22b719d0db71f7570296371584b6bc97f0f487ce300df9b126ee9e2c31ec99eb58cef8ab9bcf7fb771505d55c94c51b5cdee32a620c669db040aac,2025-08-03T16:34:00.000,30,NO CONTROLS,NO CONTROLS,CLEAR,DAYLIGHT,SIDESWIPE OPPOSITE DIRECTION,DIVIDED - W/MEDIAN (NOT RAISED),STRAIGHT AND LEVEL,DRY,NO DEFECTS,ON SCENE,INJURY AND / OR TOW DUE TO CRASH,,"OVER $1,500",2025-08-03T16:39:00.000,DISTRACTION - FROM INSIDE VEHICLE,NOT APPLICABLE,6118,S,CENTRAL AVE,812,2,NONINCAPACITATING INJURY,1,0,0,1,0,4,0,16,1,8,41.7811134931,-87.7619936484,"{'type': 'Point', 'coordinates': [-87.761993648361, 41.781113493144]}",,,,,,,,,,
ddec9c866fd05d2d84e8ea3476356695e86135d10a21d84a072df7fe633f23f17d565614e6b1fcbfed77b15397d213933f4ed9921be9cce2f08475d2b71c7bc0,2025-08-03T16:30:00.000,25,NO CONTROLS,NO CONTROLS,CLEAR,DAYLIGHT,TURNING,CENTER TURN LANE,STRAIGHT AND LEVEL,DRY,NO DEFECTS,NOT ON SCENE (DESK REPORT),NO INJURY / DRIVE AWAY,N,"OVER $1,500",2025-08-03T16:30:00.000,IMPROPER TURNING/NO SIGNAL,FAILING TO REDUCE SPEED TO AVOID CRASH,730,E,103RD ST,511,2,NO INDICATION OF INJURY,0,0,0,0,0,2,0,16,1,8,41.707575223,-87.6052324445,"{'type': 'Point', 'coordinates': [-87.605232444476, 41.707575223004]}",,,,,,,,,,
52bdbf0480eb8f84448318899c38f6e2777327f6242be5f95399dc7af945e5dae8ddc4c1f14018e1d8dcefbe0675164cd30fb4df7bfc243d04f630534abfe791,2025-08-03T16:29:00.000,30,NO CONTROLS,NO CONTROLS,CLEAR,DAYLIGHT,SIDESWIPE SAME DIRECTION,NOT DIVIDED,STRAIGHT AND LEVEL,DRY,NO DEFECTS,ON SCENE,NO INJURY / DRIVE AWAY,,"OVER $1,500",2025-08-03T16:30:00.000,DRIVING SKILLS/KNOWLEDGE/EXPERIENCE,DRIVING SKILLS/KNOWLEDGE/EXPERIENCE,7200,N,SHERIDAN RD,2423,2,NO INDICATION OF INJURY,0,0,0,0,0,2,0,16,1,8,42.0128473324,-87.6636197775,"{'type': 'Point', 'coordinates': [-87.663619777525, 42.012847332398]}",,,,,,,,,,
83be57e1942d62bb26a165e2274751e8cc7a010b5486a05fcc6b71de1bbe9edad26505c8bb843d754a00ea408cfe67bc66ebf404151fba51a382845000f64459,2025-08-03T16:18:00.000,30,NO CONTROLS,NO CONTROLS,CLEAR,DAYLIGHT,PARKED MOTOR VEHICLE,DIVIDED - W/MEDIAN BARRIER,STRAIGHT AND LEVEL,DRY,UNKNOWN,NOT ON SCENE (DESK REPORT),NO INJURY / DRIVE AWAY,,"OVER $1,500",2025-08-04T09:00:00.000,UNABLE TO DETERMINE,UNABLE TO DETERMINE,6127,S,LAFLIN ST,713,2,NO INDICATION OF INJURY,0,0,0,0,0,1,0,16,1,8,41.782322558,-87.6616996864,"{'type': 'Point', 'coordinates': [-87.661699686443, 41.78232255801]}",,Y,,,,,,,,
02450f4c0d136788184da0f420de501b6bd3105f4899d5343006c5fd59eeed61bb473ce597260229a174134ea3003c968bbc46a51307ff61b2ca76101dca87f0,2025-08-03T16:17:00.000,30,TRAFFIC SIGNAL,FUNCTIONING PROPERLY,CLEAR,DAYLIGHT,SIDESWIPE SAME DIRECTION,DIVIDED - W/MEDIAN BARRIER,STRAIGHT AND LEVEL,DRY,NO DEFECTS,NOT ON SCENE (DESK REPORT),NO INJURY / DRIVE AWAY,,"OVER $1,500",2025-08-03T17:30:00.000,IMPROPER OVERTAKING/PASSING,IMPROPER OVERTAKING/PASSING,225,S,MICHIGAN AVE,114,2,NO INDICATION OF INJURY,0,0,0,0,0,2,0,16,1,8,41.8789419998,-87.6241895866,"{'type': 'Point', 'coordinates': [-87.624189586631, 41.878941999762]}",,,,,,,,,,
f76a00903f8424c620fa679d5474bfac29bb31ba5a8448814c51260e072c3aaed30a427d9d50a8730c8007c93316fba1b634217cf9b3fb5f9e79fb1f60bf943e,2025-08-03T16:17:00.000,20,TRAFFIC SIGNAL,FUNCTIONING PROPERLY,CLEAR,DAYLIGHT,HEAD ON,NOT DIVIDED,STRAIGHT AND LEVEL,DRY,UNKNOWN,ON SCENE,INJURY AND / OR TOW DUE TO CRASH,Y,"$501 - $1,500",2025-08-03T16:19:00.000,UNABLE TO DETERMINE,NOT APPLICABLE,2400,W,ADAMS ST,1125,2,NO INDICATION OF INJURY,0,0,0,0,0,2,0,16,1,8,41.87870126,-87.6864823197,"{'type': 'Point', 'coordinates': [-87.686482319658, 41.878701259979]}",,,,,,,,,,
5feb33a263cf0a37b9af51f994e6b3f24c07bdefccde897078f1bb9a0df0af5b4378c53f5d961b0d8c46fa0641f69275d11bf8dd1b8f5f1ca068515dcd606b0a,2025-08-03T16:10:00.000,30,NO CONTROLS,NO CONTROLS,CLEAR,DAYLIGHT,TURNING,ONE-WAY,STRAIGHT AND LEVEL,DRY,NO DEFECTS,ON SCENE,INJURY AND / OR TOW DUE TO CRASH,Y,"OVER $1,500",2025-08-03T16:12:00.000,FAILING TO YIELD RIGHT-OF-WAY,FAILING TO REDUCE SPEED TO AVOID CRASH,4815,N,AVERS AVE,1712,2,"REPORTED, NOT EVIDENT",2,0,0,0,2,2,0,16,1,8,41.9688310627,-87.7242725343,"{'type': 'Point', 'coordinates': [-87.724272534306, 41.968831062686]}",,Y,,,,,,,,
ca3de3f14ef16cd4b692ef6e0bd7dc4abaaee01d59a6c0413024785e37f41b3d91abda294470ea771eee4ba54bf96d0c2945b4144c09c071e4b7724d3f344eeb,2025-08-03T16:10:00.000,35,NO CONTROLS,UNKNOWN,CLEAR,DAYLIGHT,PEDALCYCLIST,NOT DIVIDED,STRAIGHT AND LEVEL,DRY,NO DEFECTS,NOT ON SCENE (DESK REPORT),NO INJURY / DRIVE AWAY,,$500 OR LESS,2025-08-05T21:25:00.000,DISREGARDING TRAFFIC SIGNALS,NOT APPLICABLE,5930,N,SHERIDAN RD,2022,2,NO INDICATION OF INJURY,0,0,0,0,0,2,0,16,1,8,41.9900568134,-87.655531287,"{'type': 'Point', 'coordinates': [-87.655531287039, 41.990056813424]}",,,Y,,,,,,,
9bdcf1ab2707d263b207487dad494d01065e6e554fc29b1f4f0a0187f17fa29fffcbfa34c544640c06948c4f2cdb30bc19e824be575be2968c4852f4b0410298,2025-08-03T16:04:00.000,30,NO CONTROLS,NO CONTROLS,CLEAR,DAYLIGHT,SIDESWIPE SAME DIRECTION,NOT DIVIDED,STRAIGHT AND LEVEL,DRY,NO DEFECTS,ON SCENE,NO INJURY / DRIVE AWAY,N,"$501 - $1,500",2025-08-03T16:06:00.000,UNABLE TO DETERMINE,UNABLE TO DETERMINE,4016,N,NARRAGANSETT AVE,1632,2,NO INDICATION OF INJURY,0,0,0,0,0,5,0,16,1,8,41.9534666862,-87.7867286205,"{'type': 'Point', 'coordinates': [-87.786728620499, 41.953466686216]}",,,,,,,,,,
2a232972560fd7769feff0a60c460d8c3e2e67a7123c04ced9bc6dcc72dec5bcdd21d023275b1ba7965431e5ea4352605dd488893eebe3f33afa81ebf8a0e0ec,2025-08-03T16:00:00.000,30,UNKNOWN,UNKNOWN,CLEAR,DAYLIGHT,PARKED MOTOR VEHICLE,NOT DIVIDED,STRAIGHT AND LEVEL,DRY,NO DEFECTS,ON SCENE,NO INJURY / DRIVE AWAY,,"OVER $1,500",2025-08-04T17:30:00.000,UNABLE TO DETERMINE,UNABLE TO DETERMINE,9801,S,AVENUE G DR,432,2,NO INDICATION OF INJURY,0,0,0,0,0,1,0,16,1,8,41.7177200445,-87.5315081152,"{'type': 'Point', 'coordinates': [-87.531508115233, 41.717720044469]}",,,,,,,,,,
87a86b185fb83c66893f858d8ce9122697eb576ebd1f7602cf0fb6348eea945c914e7ef44c6b392172b73982cda7aebc1302670f8353f51e1b4e86a4362304fd,2025-08-03T16:00:00.000,25,NO CONTROLS,NO CONTROLS,CLEAR,DAYLIGHT,REAR TO FRONT,ONE-WAY,STRAIGHT AND LEVEL,DRY,NO DEFECTS,ON SCENE,NO INJURY / DRIVE AWAY,,"OVER $1,500",2025-08-03T16:09:00.000,IMPROPER BACKING,NOT APPLICABLE,2850,N,TROY ST,1411,2,NO INDICATION OF INJURY,0,0,0,0,0,2,0,16,1,8,41.9335438787,-87.706387169,"{'type': 'Point', 'coordinates': [-87.706387169033, 41.933543878739]}",,,,,,,,,,
aef14eb98d9c0142377f22403e8a006a0aba49f7cb761b262abb61598427aee235f6b5227a1ce676cb86575fbba6db4b04fb6788d40af43b79628c9659c10c6e,2025-08-03T16:00:00.000,5,NO CONTROLS,NO CONTROLS,UNKNOWN,UNKNOWN,OTHER OBJECT,PARKING LOT,STRAIGHT AND LEVEL,UNKNOWN,UNKNOWN,ON SCENE,INJURY AND / OR TOW DUE TO CRASH,,$500 OR LESS,2025-08-04T18:11:00.000,UNABLE TO DETERMINE,NOT APPLICABLE,3820,W,BELMONT AVE,1732,2,"REPORTED, NOT EVIDENT",1,0,0,0,1,1,0,16,1,8,41.9392533,-87.7232059875,"{'type': 'Point', 'coordinates': [-87.723205987539, 41.939253300022]}",Y,,Y,,Y,,,,,
eb2621743ef6ffda4bfe62792bc0ca741f8d63122c86d1e656c5afeb6d360fa904bf7274b6c82d4fb3e02a93e67255d1af9d6d389acec7db6fdbe4086ce49d2d,2025-08-03T15:55:00.000,30,NO CONTROLS,NO CONTROLS,CLEAR,DAYLIGHT,PARKED MOTOR VEHICLE,NOT DIVIDED,STRAIGHT AND LEVEL,DRY,NO DEFECTS,ON SCENE,NO INJURY / DRIVE AWAY,,"OVER $1,500",2025-08-03T16:02:00.000,UNABLE TO DETERMINE,NOT APPLICABLE,538,W,WEBSTER AVE,1812,2,NO INDICATION OF INJURY,0,0,0,0,0,1,0,15,1,8,41.922010794,-87.6429175658,"{'type': 'Point', 'coordinates': [-87.642917565833, 41.922010793989]}",,,Y,,,,,,,
52d37996a62688f78453762836dc8aed0a3136086a26656323c5417d26e8f1099e6ce2993fe005e1b332140a7270cd71281955242538e74802e52ee7217ce2ae,2025-08-03T15:52:00.000,35,NO CONTROLS,NO CONTROLS,CLEAR,DAYLIGHT,SIDESWIPE SAME DIRECTION,ONE-WAY,STRAIGHT AND LEVEL,DRY,NO DEFECTS,ON SCENE,NO INJURY / DRIVE AWAY,,"OVER $1,500",2025-08-03T16:05:00.000,IMPROPER TURNING/NO SIGNAL,NOT APPLICABLE,3,W,TERMINAL ST,1653,2,NO INDICATION OF INJURY,0,0,0,0,0,2,0,15,1,8,,,,,,Y,,,,,,,
d1539265699db621005bd32ec620afe05016947bec3d6c3d6ad20dd111f1633aef4c60fbdbc45a6a14be41312c8d049fc90b2425108a945e58e289194ecaac21,2025-08-03T15:52:00.000,25,NO CONTROLS,NO CONTROLS,CLEAR,DAYLIGHT,SIDESWIPE SAME DIRECTION,NOT DIVIDED,STRAIGHT AND LEVEL,DRY,NO DEFECTS,ON SCENE,INJURY AND / OR TOW DUE TO CRASH,,"OVER $1,500",2025-08-03T15:55:00.000,FAILING TO YIELD RIGHT-OF-WAY,UNABLE TO DETERMINE,509,W,ADDISON ST,1925,2,NONINCAPACITATING INJURY,3,0,0,2,1,3,0,15,1,8,41.9484085737,-87.6437834828,"{'type': 'Point', 'coordinates': [-87.643783482817, 41.948408573654]}",,,,,,,,,,
e7976e4ed4ec448fc96551a01f689bea2fde83e2d33d2ada4aca79d9c5c2e7c7f85e317edbd1db113d9ac2648249e2cf9216614a8c0377fee2942e012d07d717,2025-08-03T15:51:00.000,20,NO CONTROLS,NO CONTROLS,CLEAR,DAYLIGHT,PARKED MOTOR VEHICLE,ONE-WAY,STRAIGHT AND LEVEL,DRY,NO DEFECTS,ON SCENE,NO INJURY / DRIVE AWAY,,"$501 - $1,500",2025-08-03T15:51:00.000,DRIVING ON WRONG SIDE/WRONG WAY,FAILING TO YIELD RIGHT-OF-WAY,1441,W,72ND PL,734,2,NO INDICATION OF INJURY,0,0,0,0,0,1,0,15,1,8,41.762120062,-87.6604286901,"{'type': 'Point', 'coordinates': [-87.660428690064, 41.762120062034]}",Y,,N,,,,,,,