crash_record_id,crash_date,posted_speed_limit,traffic_control_device,device_condition,weather_condition,lighting_condition,first_crash_type,trafficway_type,alignment,roadway_surface_cond,road_defect,report_type,crash_type,intersection_related_i,damage,date_police_notified,prim_contributory_cause,sec_contributory_cause,street_no,street_direction,street_name,beat_of_occurrence,num_units,most_severe_injury,injuries_total,injuries_fatal,injuries_incapacitating,injuries_non_incapacitating,injuries_reported_not_evident,injuries_no_indication,injuries_unknown,crash_hour,crash_day_of_week,crash_month,latitude,longitude,location,private_property_i,photos_taken_i,hit_and_run_i,statements_taken_i,crash_date_est_i,work_zone_i,work_zone_type,dooring_i,lane_cnt,workers_present_i
1df356d45e2816322254f2b9cb0c6d56b53b24cf6d63661443daa04d5cd7ecbea9200436c3bb8302f1f20a7479a8b8776975a88942ca8115a2a26c245a68f238,2025-08-03T09:00:00.000,25,NO CONTROLS,NO CONTROLS,CLEAR,DAYLIGHT,PARKED MOTOR VEHICLE,ONE-WAY,STRAIGHT AND LEVEL,DRY,NO DEFECTS,ON SCENE,NO INJURY / DRIVE AWAY,,"OVER $1,500",2025-08-03T10:27:00.000,UNABLE TO DETERMINE,UNABLE TO DETERMINE,745,N,LEAMINGTON AVE,1531,3,NO INDICATION OF INJURY,0,0,0,0,0,1,0,9,1,8,41.8943497009,-87.7542081502,"{'type': 'Point', 'coordinates': [-87.754208150197, 41.894349700854]}",,,Y,,,,,,,
635b187e01b0f72794f4111c2d3a352b4dead3318d6ae9d283e5f7299dcac60438a741e393f07455a090c5a68f5556342f537fcb5403103a4d3431c73799620e,2025-08-03T09:00:00.000,30,TRAFFIC SIGNAL,FUNCTIONING PROPERLY,CLEAR,DAYLIGHT,ANGLE,NOT DIVIDED,STRAIGHT AND LEVEL,DRY,NO DEFECTS,NOT ON SCENE (DESK REPORT),NO INJURY / DRIVE AWAY,Y,"OVER $1,500",2025-08-03T11:30:00.000,DISREGARDING TRAFFIC SIGNALS,UNABLE TO DETERMINE,3000,W,BELMONT AVE,1733,2,NO INDICATION OF INJURY,0,0,0,0,0,2,0,9,1,8,41.9394728719,-87.7027870926,"{'type': 'Point', 'coordinates': [-87.702787092638, 41.939472871943]}",,,Y,,,,,,,
41e1756039570da526eca5d435579df8a79fc09ae6b163c67eb0575b6899168d1b80d0c67d7bbf5a66d421be87dcd36dc11d6aa22e7a2c63838ad94b583b0be4,2025-08-03T08:57:00.000,30,TRAFFIC SIGNAL,FUNCTIONING PROPERLY,CLEAR,DAYLIGHT,ANGLE,FOUR WAY,STRAIGHT AND LEVEL,DRY,NO DEFECTS,ON SCENE,INJURY AND / OR TOW DUE TO CRASH,Y,"OVER $1,500",2025-08-03T09:05:00.000,DISREGARDING OTHER TRAFFIC SIGNS,NOT APPLICABLE,3200,N,SACRAMENTO AVE,1733,2,NO INDICATION OF INJURY,0,0,0,0,0,2,0,8,1,8,41.9394459656,-87.7028745381,"{'type': 'Point', 'coordinates': [-87.702874538119, 41.939445965615]}",N,,Y,Y,,,,,,
7e5bca5a8018117f9233348181fcc9b45190c0b4f17cb6418ba522958bbaf24917ee3128104c48f1b55ccec5bae1e2ad266e981a290494b350e13dfcb22684b2,2025-08-03T08:50:00.000,30,NO CONTROLS,NO CONTROLS,CLEAR,DAYLIGHT,PARKED MOTOR VEHICLE,NOT DIVIDED,STRAIGHT AND LEVEL,DRY,NO DEFECTS,NOT ON SCENE (DESK REPORT),NO INJURY / DRIVE AWAY,,"$501 - $1,500",2025-08-06T13:10:00.000,UNABLE TO DETERMINE,NOT APPLICABLE,1505,W,WINNEMAC AVE,2032,2,NO INDICATION OF INJURY,0,0,0,0,0,1,0,8,1,8,41.9733233988,-87.6683479396,"{'type': 'Point', 'coordinates': [-87.66834793959, 41.973323398772]}",,,Y,,Y,,,,,
b3862e6fe9aa7233939c279f0cdb5eed39592fdf11213c374787059137d641fa0be41ee216183f667054ad29195ccf112ab35f76c5c62999397b08104fea1060,2025-08-03T08:28:00.000,30,NO CONTROLS,NO CONTROLS,CLEAR,DAYLIGHT,TURNING,NOT DIVIDED,STRAIGHT AND LEVEL,DRY,NO DEFECTS,ON SCENE,INJURY AND / OR TOW DUE TO CRASH,,"OVER $1,500",2025-08-03T08:37:00.000,FAILING TO YIELD RIGHT-OF-WAY,UNABLE TO DETERMINE,5912,W,63RD ST,812,2,NO INDICATION OF INJURY,0,0,0,0,0,2,0,8,1,8,41.7780062463,-87.7696646752,"{'type': 'Point', 'coordinates': [-87.769664675228, 41.778006246275]}",,,,,,,,,,
c65674249b543218b7fb61c80e91002c061375fd421aacadb6797a051ddd44e5b8b74580464058542f73caf3e7e1eb9cffdcc7aaa84a7cb2b6a09bfd8b7949da,2025-08-03T08:28:00.000,30,NO CONTROLS,NO CONTROLS,CLEAR,DAYLIGHT,TURNING,NOT DIVIDED,STRAIGHT AND LEVEL,DRY,NO DEFECTS,ON SCENE,NO INJURY / DRIVE AWAY,,"OVER $1,500",2025-08-03T08:30:00.000,IMPROPER TURNING/NO SIGNAL,IMPROPER TURNING/NO SIGNAL,3555,S,COTTAGE GROVE AVE,212,3,NO INDICATION OF INJURY,0,0,0,0,0,2,0,8,1,8,41.8297361918,-87.6097072907,"{'type': 'Point', 'coordinates': [-87.609707290688, 41.829736191811]}",,,Y,,,,,,,
5dbda3a1359919d668518f3c378a666fda57e831ff9a77ad1d9f6dd36ac081847bc37e1227404ab6d6a01d771c1f1269e35e3343185ee690e17b6fce2d65d08f,2025-08-03T08:10:00.000,20,OTHER,FUNCTIONING PROPERLY,CLEAR,DAYLIGHT,PARKED MOTOR VEHICLE,ONE-WAY,STRAIGHT AND LEVEL,DRY,NO DEFECTS,ON SCENE,INJURY AND / OR TOW DUE TO CRASH,,"OVER $1,500",2025-08-03T08:13:00.000,DRIVING ON WRONG SIDE/WRONG WAY,DRIVING SKILLS/KNOWLEDGE/EXPERIENCE,5215,W,BARRY AVE,2514,3,NO INDICATION OF INJURY,0,0,0,0,0,1,0,8,1,8,41.9367573851,-87.7572732695,"{'type': 'Point', 'coordinates': [-87.757273269485, 41.936757385063]}",,,,,,,,,,
cccd5ef95418c6296a40f07112fb8750c16fb7b10a1c39f5053a2c4b0ed65dafd66b623578a6859313a6a8e1f042666d28f006288f5d72c1c039cc2d47be2ac1,2025-08-03T08:08:00.000,30,NO CONTROLS,NO CONTROLS,CLEAR,DAYLIGHT,SIDESWIPE SAME DIRECTION,NOT DIVIDED,STRAIGHT AND LEVEL,UNKNOWN,UNKNOWN,NOT ON SCENE (DESK REPORT),NO INJURY / DRIVE AWAY,,"OVER $1,500",2025-08-03T12:01:00.000,UNABLE TO DETERMINE,FAILING TO REDUCE SPEED TO AVOID CRASH,4200,W,DIVISION ST,2534,3,NO INDICATION OF INJURY,0,0,0,0,0,3,0,8,1,8,41.9026986955,-87.7313510556,"{'type': 'Point', 'coordinates': [-87.731351055621, 41.902698695504]}",,,Y,,,,,,,
2f0bd6e6bcb40f9e226197a7818245df498c0681c32c6ec5fd36a6aef135217a5ce3b33af7d0bc5ac92e2e8d56a80a1fdbe683fac02da9fe28157e8b67e6f360,2025-08-03T08:00:00.000,30,TRAFFIC SIGNAL,FUNCTIONING PROPERLY,CLEAR,DAYLIGHT,REAR END,NOT DIVIDED,STRAIGHT AND LEVEL,DRY,NO DEFECTS,NOT ON SCENE (DESK REPORT),NO INJURY / DRIVE AWAY,,"$501 - $1,500",2025-08-03T09:00:00.000,FAILING TO REDUCE SPEED TO AVOID CRASH,NOT APPLICABLE,3958,W,GRAND AVE,2535,2,NO INDICATION OF INJURY,0,0,0,0,0,2,0,8,1,8,41.9061011278,-87.7259603741,"{'type': 'Point', 'coordinates': [-87.725960374107, 41.906101127774]}",,,,,,,,,,
a45413085587d39b1f78e0a90041621c8b74718d8189d62879b1bc652107a668c6df673ced709a3c4ab5596a56cddc6069bd6f5792e229e1b17a1bf1cc93fd40,2025-08-03T08:00:00.000,30,NO CONTROLS,NO CONTROLS,CLEAR,DAYLIGHT,PARKED MOTOR VEHICLE,DIVIDED - W/MEDIAN (NOT RAISED),STRAIGHT AND LEVEL,DRY,NO DEFECTS,ON SCENE,NO INJURY / DRIVE AWAY,,"OVER $1,500",2025-08-03T08:48:00.000,UNABLE TO DETERMINE,NOT APPLICABLE,2443,S,WESTERN AVE,1034,2,NO INDICATION OF INJURY,0,0,0,0,0,1,0,8,1,8,41.847134137,-87.6853569912,"{'type': 'Point', 'coordinates': [-87.685356991167, 41.847134136977]}",,,Y,,Y,,,,,
07d43ee49440397e113108e4a65c98d8ede72ea4e9f42e14a7bbb7c0f3e78f8a3ee4295d5d411873412d9b60d319b0fe5476b46267220eef547eedf527b1ebb4,2025-08-03T07:38:00.000,30,NO CONTROLS,NO CONTROLS,CLEAR,DAYLIGHT,TURNING,DIVIDED - W/MEDIAN (NOT RAISED),STRAIGHT AND LEVEL,DRY,NO DEFECTS,ON SCENE,NO INJURY / DRIVE AWAY,,"OVER $1,500",2025-08-03T08:03:00.000,IMPROPER TURNING/NO SIGNAL,NOT APPLICABLE,3850,W,NORTH AVE,2535,2,NO INDICATION OF INJURY,0,0,0,0,0,2,0,7,1,8,41.9100281927,-87.7235137036,"{'type': 'Point', 'coordinates': [-87.723513703642, 41.910028192695]}",,,,,,,,,,
9618802d3090a6ed4f27fb1dea6cfbbc90156f1cd897bfa2e4304342e58bcd596a74698d8bb4f0d1c9dc940de18b02271cb4d5e7a99edcb644d5057a3f5a5029,2025-08-03T07:30:00.000,30,NO CONTROLS,NO CONTROLS,CLEAR,DAYLIGHT,PARKED MOTOR VEHICLE,NOT DIVIDED,STRAIGHT AND LEVEL,DRY,NO DEFECTS,NOT ON SCENE (DESK REPORT),NO INJURY / DRIVE AWAY,,$500 OR LESS,2025-08-03T17:30:00.000,UNABLE TO DETERMINE,UNABLE TO DETERMINE,11927,S,WENTWORTH AVE,522,2,NO INDICATION OF INJURY,0,0,0,0,0,1,0,7,1,8,41.6771478185,-87.6272963872,"{'type': 'Point', 'coordinates': [-87.627296387165, 41.677147818479]}",,,Y,,,,,,,
f6d45ce216ca279baa9464db8cdfb4d60e7150be2f0d60153a0ca535f12d5a21adf56483171631ce0d584b8b8bf4fd2e57725989708144239c5017f141dc7aa3,2025-08-03T07:26:00.000,30,TRAFFIC SIGNAL,FUNCTIONING PROPERLY,CLEAR,DAYLIGHT,ANGLE,DIVIDED - W/MEDIAN (NOT RAISED),STRAIGHT AND LEVEL,DRY,NO DEFECTS,ON SCENE,INJURY AND / OR TOW DUE TO CRASH,,"OVER $1,500",2025-08-03T07:37:00.000,IMPROPER LANE USAGE,DRIVING SKILLS/KNOWLEDGE/EXPERIENCE,1202,S,MICHIGAN AVE,131,2,NO INDICATION OF INJURY,0,0,0,0,0,2,0,7,1,8,41.867325937,-87.624285988,"{'type': 'Point', 'coordinates': [-87.624285988035, 41.867325936978]}",,,,Y,,,,,,
616ac51195dfa675538cb17b1bbbbb46f2cca7bae60d2e29a9cc6954b9eb9845d8c60bf5c7bb88ceefb8c2cee7d942f874ceba48332841f41d84dfc1cbf0bbd8,2025-08-03T07:19:00.000,35,STOP SIGN/FLASHER,FUNCTIONING PROPERLY,CLEAR,DAYLIGHT,REAR END,NOT DIVIDED,STRAIGHT AND LEVEL,DRY,UNKNOWN,ON SCENE,NO INJURY / DRIVE AWAY,,$500 OR LESS,2025-08-03T07:40:00.000,UNABLE TO DETERMINE,NOT APPLICABLE,5100,S,WESTERN AVE,923,2,NO INDICATION OF INJURY,0,0,0,0,0,3,0,7,1,8,41.8010528356,-87.6843676488,"{'type': 'Point', 'coordinates': [-87.684367648824, 41.801052835623]}",,,Y,,,,,,,
cf7277c33ff0ba5ef1c93b2283d1961c83de3f31d38a1af6ba49756998ca26a0def1c734599546487f8e5acc2bae216153c588c102b269579f27e0c4d9ff885f,2025-08-03T07:19:00.000,30,NO CONTROLS,NO CONTROLS,CLEAR,DAYLIGHT,FIXED OBJECT,NOT DIVIDED,STRAIGHT AND LEVEL,DRY,NO DEFECTS,ON SCENE,INJURY AND / OR TOW DUE TO CRASH,,"OVER $1,500",2025-08-03T07:59:00.000,UNABLE TO DETERMINE,UNABLE TO DETERMINE,1401,S,WESTERN AVE,1233,1,NO INDICATION OF INJURY,0,0,0,0,0,1,0,7,1,8,41.8629454726,-87.6857878277,"{'type': 'Point', 'coordinates': [-87.685787827667, 41.862945472634]}",,,Y,,,,,,,
03f503801b69ce2f36951363bed3c553f3930672ddfac1274bac4e6ca126e32701985629d0a956299ba0010e625c9ade70d35237fe5fccf28fe6cf7765206b2b,2025-08-03T07:00:00.000,30,UNKNOWN,UNKNOWN,CLEAR,DAYLIGHT,PARKED MOTOR VEHICLE,NOT DIVIDED,STRAIGHT AND LEVEL,UNKNOWN,UNKNOWN,NOT ON SCENE (DESK REPORT),NO INJURY / DRIVE AWAY,,"OVER $1,500",2025-08-06T17:30:00.000,UNABLE TO DETERMINE,UNABLE TO DETERMINE,1543,N,KINGSBURY ST,1822,2,NO INDICATION OF INJURY,0,0,0,0,0,1,0,7,1,8,41.9093540945,-87.6526699586,"{'type': 'Point', 'coordinates': [-87.652669958631, 41.90935409449]}",,,Y,,,,,,,
658541783d000c965c5e99b423a9e7bf6d38ca7ada65b9caf6f84a4c7eeb31851c5d529b6dd39666c4b92b15ed53439aa772a077dbc4f7f41fcf9cc16945e705,2025-08-03T06:43:00.000,30,TRAFFIC SIGNAL,FUNCTIONING PROPERLY,CLEAR,DAYLIGHT,PEDALCYCLIST,DIVIDED - W/MEDIAN (NOT RAISED),STRAIGHT AND LEVEL,DRY,NO DEFECTS,ON SCENE,INJURY AND / OR TOW DUE TO CRASH,,"$501 - $1,500",2025-08-03T06:44:00.000,DISREGARDING OTHER TRAFFIC SIGNS,UNABLE TO DETERMINE,4000,W,MARQUETTE RD,833,2,NONINCAPACITATING INJURY,1,0,0,1,0,1,0,6,1,8,41.7714827844,-87.7226398352,"{'type': 'Point', 'coordinates': [-87.722639835183, 41.771482784393]}",,,Y,,,,,,,
674632e71886d0d0b932ba37f2ff478fa24b19801ea6999226b45dfc0e7ebae0dae5f54e980eceb9ce76e97111eb1a29a8ad12157aedc48c47459e427ccee482,2025-08-03T06:40:00.000,30,NO CONTROLS,NO CONTROLS,CLEAR,DAWN,PARKED MOTOR VEHICLE,NOT DIVIDED,STRAIGHT AND LEVEL,DRY,NO DEFECTS,ON SCENE,NO INJURY / DRIVE AWAY,,"OVER $1,500",2025-08-03T06:42:00.000,UNABLE TO DETERMINE,UNABLE TO DETERMINE,5906,S,DR MARTIN LUTHER KING JR DR,232,3,NO INDICATION OF INJURY,0,0,0,0,0,1,0,6,1,8,41.7872595519,-87.6159419174,"{'type': 'Point', 'coordinates': [-87.615941917417, 41.787259551866]}",,,Y,,,,,,,
1f313fafab3a118768955183febf28c20d0e943a1255448c3c323201639355fe63849cad4fc737123c675f5c71fb1f77e472a77415dacd66c7ad896b1ba623a4,2025-08-03T06:30:00.000,30,NO CONTROLS,NO CONTROLS,CLEAR,DAYLIGHT,PARKED MOTOR VEHICLE,DIVIDED - W/MEDIAN (NOT RAISED),STRAIGHT AND LEVEL,DRY,NO DEFECTS,ON SCENE,INJURY AND / OR TOW DUE TO CRASH,,"OVER $1,500",2025-08-03T06:38:00.000,UNABLE TO DETERMINE,UNABLE TO DETERMINE,3741,W,47TH ST,821,2,NO INDICATION OF INJURY,0,0,0,0,0,1,0,6,1,8,41.8078343539,-87.7178521045,"{'type': 'Point', 'coordinates': [-87.71785210453, 41.807834353892]}",,,,,,,,,,
3226aac4e50a9e35da99ac4eb8b7a84b4bdc7d6fc78c8a3ada065d7724ea3ef084d47b9b93d83fab495bf9252d6ff5e658e11f33b3a85b0fc19a23654b74e317,2025-08-03T06:30:00.000,30,NO CONTROLS,NO CONTROLS,CLEAR,DAYLIGHT,SIDESWIPE SAME DIRECTION,ONE-WAY,STRAIGHT AND LEVEL,DRY,NO DEFECTS,NOT ON SCENE (DESK REPORT),NO INJURY / DRIVE AWAY,,"$501 - $1,500",2025-08-03T07:30:00.000,UNABLE TO DETERMINE,UNABLE TO DETERMINE,2,W,TERMINAL ST,1652,2,NO INDICATION OF INJURY,0,0,0,0,0,2,0,6,1,8,,,,,,Y,,,,,,,
986f9928f144fd6f0405df5e9fb56e1b7653db4aed0188ecbd95d1b4df5dbf663028c012fcc63c54395382c26696d60a90d2252581f62a509842bfbe8457685e,2025-08-03T06:22:00.000,30,TRAFFIC SIGNAL,FUNCTIONING PROPERLY,CLEAR,DAYLIGHT,REAR END,DIVIDED - W/MEDIAN (NOT RAISED),STRAIGHT AND LEVEL,DRY,NO DEFECTS,NOT ON SCENE (DESK REPORT),NO INJURY / DRIVE AWAY,,"OVER $1,500",2025-08-12T07:00:00.000,UNABLE TO DETERMINE,UNABLE TO DETERMINE,4430,N,WESTERN AVE,1911,2,NO INDICATION OF INJURY,0,0,0,0,0,4,0,6,1,8,41.9622517321,-87.688856729,"{'type': 'Point', 'coordinates': [-87.688856729011, 41.962251732118]}",,,,,,,,,,
956de236b558ef831ee8ad769b6037d87c3947744c140ee981bf5453acdf11abbb78cc2671bea46ad200489f4fbbaba09177374fd14886f8c525c9272f84e77f,2025-08-03T06:20:00.000,25,STOP SIGN/FLASHER,FUNCTIONING PROPERLY,CLEAR,DAYLIGHT,PARKED MOTOR VEHICLE,ONE-WAY,STRAIGHT AND LEVEL,DRY,NO DEFECTS,ON SCENE,INJURY AND / OR TOW DUE TO CRASH,Y,"OVER $1,500",2025-08-03T07:59:00.000,UNABLE TO DETERMINE,UNABLE TO DETERMINE,1503,S,SPRINGFIELD AVE,1014,4,NO INDICATION OF INJURY,0,0,0,0,0,1,0,6,1,8,41.8605749365,-87.7224246724,"{'type': 'Point', 'coordinates': [-87.722424672449, 41.860574936485]}",,,Y,,,,,,,
4b617e090fa8762e315cf09f234f50cf9bdcc0c6358eda6fc2325f5de16ade2eb48bbb42576a6af782fa4230540c3b2e7ec4e8cf8c9febf2ec942fefb5c124cb,2025-08-03T06:00:00.000,20,STOP SIGN/FLASHER,FUNCTIONING PROPERLY,CLEAR,DAWN,ANGLE,FOUR WAY,STRAIGHT AND LEVEL,UNKNOWN,UNKNOWN,NOT ON SCENE (DESK REPORT),INJURY AND / OR TOW DUE TO CRASH,Y,"OVER $1,500",2025-08-03T07:00:00.000,FAILING TO YIELD RIGHT-OF-WAY,NOT APPLICABLE,1100,S,SACRAMENTO BLVD,1134,2,NO INDICATION OF INJURY,0,0,0,0,0,2,0,6,1,8,41.868184239,-87.7009841415,"{'type': 'Point', 'coordinates': [-87.700984141539, 41.868184239007]}",,,Y,,,,,,,
981bd10dc86fb62faf471941365c94abb5b630d39b5d2cf8c2cdd74fc72b09e94216a15123799e66619aefee1c56f3a9f9c69be15b070c3e600b7138eb026363,2025-08-03T06:00:00.000,30,NO CONTROLS,NO CONTROLS,CLEAR,DAWN,TURNING,PARKING LOT,STRAIGHT AND LEVEL,DRY,NO DEFECTS,NOT ON SCENE (DESK REPORT),NO INJURY / DRIVE AWAY,,"OVER $1,500",2025-08-09T21:15:00.000,UNABLE TO DETERMINE,NOT APPLICABLE,3910,S,COTTAGE GROVE AVE,214,2,NO INDICATION OF INJURY,0,0,0,0,0,2,0,6,1,8,41.8235919818,-87.6070108192,"{'type': 'Point', 'coordinates': [-87.607010819206, 41.823591981817]}",,,Y,,,,,,,
80b61ba5d7d027827ab96d2ec62809bdf719f75a12623d19b7c4f92cfcf40b2e1f2462a01f05516101e5ca8771aad112a3c879eaa448552096cf5a8030833604,2025-08-03T05:35:00.000,30,NO CONTROLS,NO CONTROLS,CLEAR,DAYLIGHT,FIXED OBJECT,OTHER,STRAIGHT AND LEVEL,DRY,NO DEFECTS,ON SCENE,INJURY AND / OR TOW DUE TO CRASH,,"OVER $1,500",2025-08-03T05:55:00.000,UNABLE TO DETERMINE,NOT APPLICABLE,6410,S,STEWART AVE,722,1,NO INDICATION OF INJURY,0,0,0,0,0,1,0,5,1,8,41.7777290634,-87.6351361669,"{'type': 'Point', 'coordinates': [-87.635136166874, 41.777729063448]}",,,,,,,,,,
c01a81ee575b25df2bc80311c1ea061d23646d52d43729accb667a7dd0bce34dc5e3380f8fd7bf158bd3596cb605e09f7f7074ae2649b2b9251548fcc71b6419,2025-08-03T05:30:00.000,30,TRAFFIC SIGNAL,FUNCTIONING PROPERLY,CLEAR,UNKNOWN,ANGLE,FOUR WAY,STRAIGHT AND LEVEL,DRY,NO DEFECTS,NOT ON SCENE (DESK REPORT),INJURY AND / OR TOW DUE TO CRASH,Y,"OVER $1,500",2025-08-03T05:39:00.000,UNABLE TO DETERMINE,UNABLE TO DETERMINE,7500,S,YATES BLVD,414,2,NONINCAPACITATING INJURY,1,0,0,1,0,1,0,5,1,8,41.7588946702,-87.5665178399,"{'type': 'Point', 'coordinates': [-87.566517839923, 41.758894670165]}",,,,,,,,,,
e29e549883ef4938caacf0266969628930ae796d2f7ce9a68fb68c19b0e6161262a31771a9ab4a7a4aaae5e256eab6401af3efb6e45c6949e1e763226d4c6225,2025-08-03T05:30:00.000,30,NO CONTROLS,NO CONTROLS,CLEAR,DAWN,SIDESWIPE OPPOSITE DIRECTION,NOT DIVIDED,STRAIGHT AND LEVEL,DRY,UNKNOWN,ON SCENE,INJURY AND / OR TOW DUE TO CRASH,,"OVER $1,500",2025-08-03T05:30:00.000,IMPROPER LANE USAGE,NOT APPLICABLE,3656,W,HURON ST,1112,2,NO INDICATION OF INJURY,0,0,0,0,0,2,0,5,1,8,41.8937119081,-87.7185549396,"{'type': 'Point', 'coordinates': [-87.718554939628, 41.893711908133]}",,,,,,,,,,
30a0ecaec43b4525b6a8b99c781e64522a4dc75dd9da36414ff8d6e017665412e62607ef22dd6fe09a70ad2fe50a6aa4f621c38ed480c28fcac91f5da4058e8c,2025-08-03T05:15:00.000,30,TRAFFIC SIGNAL,FUNCTIONING PROPERLY,CLEAR,DAWN,ANGLE,NOT DIVIDED,STRAIGHT AND LEVEL,DRY,NO DEFECTS,ON SCENE,INJURY AND / OR TOW DUE TO CRASH,,"OVER $1,500",2025-08-03T05:20:00.000,DISREGARDING TRAFFIC SIGNALS,NOT APPLICABLE,6700,S,WESTERN AVE,832,2,NONINCAPACITATING INJURY,1,0,0,1,0,3,0,5,1,8,41.7718840277,-87.6835884021,"{'type': 'Point', 'coordinates': [-87.683588402063, 41.771884027712]}",,,Y,,,,,,,
623ad393b00296aedc536ef4f66f45ce76960c7391b4393a17b553d06d1d168e206173a6a24eee42ae25722a9c8c55da261927e729132dba03db3ac322e284c6,2025-08-03T05:00:00.000,30,TRAFFIC SIGNAL,FUNCTIONING PROPERLY,OTHER,DUSK,ANGLE,NOT DIVIDED,STRAIGHT AND LEVEL,DRY,OTHER,NOT ON SCENE (DESK REPORT),NO INJURY / DRIVE AWAY,,"OVER $1,500",2025-08-03T05:27:00.000,UNABLE TO DETERMINE,UNABLE TO DETERMINE,1749,W,87TH ST,2221,2,NO INDICATION OF INJURY,0,0,0,0,0,4,0,5,1,8,41.735620946,-87.6674710462,"{'type': 'Point', 'coordinates': [-87.667471046212, 41.735620945965]}",,,,Y,,,,,,
f6e376e30b685f695f0c5e4d51782793ff4a55943505630b0502704a12b9a3c68d09b511f980bfcd1afc931e31ba5bc25cbbfd0623e1d112a564869a62402e91,2025-08-03T04:49:00.000,15,NO CONTROLS,NO CONTROLS,UNKNOWN,UNKNOWN,PARKED MOTOR VEHICLE,ONE-WAY,STRAIGHT AND LEVEL,UNKNOWN,NO DEFECTS,ON SCENE,INJURY AND / OR TOW DUE TO CRASH,,"OVER $1,500",2025-08-03T07:37:00.000,UNABLE TO DETERMINE,UNABLE TO DETERMINE,7550,S,MARSHFIELD AVE,611,2,NO INDICATION OF INJURY,0,0,0,0,0,1,0,4,1,8,41.7560932968,-87.6649446894,"{'type': 'Point', 'coordinates': [-87.664944689413, 41.756093296759]}",,,Y,,,,,,,
4d6551e50136e28311659b2e1aaa4746558046a2589a9bd1e1c88c17b5227cabbfddd4db26740c2fbc672afd51c10e9fd3686fde2de80893013dadc6eb415cca,2025-08-03T04:42:00.000,30,NO CONTROLS,NO CONTROLS,CLEAR,"DARKNESS, LIGHTED ROAD",PARKED MOTOR VEHICLE,ONE-WAY,STRAIGHT AND LEVEL,DRY,NO DEFECTS,NOT ON SCENE (DESK REPORT),INJURY AND / OR TOW DUE TO CRASH,,"OVER $1,500",2025-08-03T04:42:00.000,UNABLE TO DETERMINE,NOT APPLICABLE,5231,S,CAMPBELL AVE,923,4,NO INDICATION OF INJURY,0,0,0,0,0,1,0,4,1,8,41.7983510358,-87.6864585426,"{'type': 'Point', 'coordinates': [-87.686458542559, 41.798351035838]}",,,,,,,,,,
4f668f0416cd5c01bab1fb695517919337825fcde4abfd4797d64a35f0a9280ce32451628f1c1d8fbdd70f65f0968a6a4f590ddb680e7c86f5eefdcc42bb4065,2025-08-03T04:30:00.000,30,NO CONTROLS,NO CONTROLS,CLEAR,"DARKNESS, LIGHTED ROAD",PARKED MOTOR VEHICLE,NOT DIVIDED,STRAIGHT AND LEVEL,DRY,UNKNOWN,NOT ON SCENE (DESK REPORT),NO INJURY / DRIVE AWAY,,$500 OR LESS,2025-08-03T11:15:00.000,UNABLE TO DETERMINE,UNABLE TO DETERMINE,1977,W,OGDEN AVE,1231,2,NO INDICATION OF INJURY,0,0,0,0,0,1,0,4,1,8,41.8730392273,-87.675887127,"{'type': 'Point', 'coordinates': [-87.675887127047, 41.873039227283]}",,,,,,,,,,
8d25bcdb3f0d918ff834ecf0ccce806853b94ecd1b1df023a56a872df177760974d5d950437a16bbe920fdaede186ce8ac696ed94a49627d66db80bc9bcdaf76,2025-08-03T04:30:00.000,30,STOP SIGN/FLASHER,FUNCTIONING PROPERLY,CLEAR,DARKNESS,PARKED MOTOR VEHICLE,ONE-WAY,STRAIGHT AND LEVEL,DRY,NO DEFECTS,ON SCENE,NO INJURY / DRIVE AWAY,Y,"$501 - $1,500",2025-08-03T18:37:00.000,UNABLE TO DETERMINE,UNABLE TO DETERMINE,2932,W,54TH ST,923,2,NO INDICATION OF INJURY,0,0,0,0,0,1,0,4,1,8,41.7955587978,-87.6975753179,"{'type': 'Point', 'coordinates': [-87.697575317933, 41.795558797764]}",,,,,Y,,,,,
9d43e6b52838b35b885deee663695785dcdc62bd99ef27694fac8d83bf8840879d7b51a1d79cdb95b6465aa780ab2b5346702a380c3f29aef6ed6b6cc7a9d0a3,2025-08-03T04:30:00.000,20,NO CONTROLS,NO CONTROLS,CLEAR,"DARKNESS, LIGHTED ROAD",PARKED MOTOR VEHICLE,ONE-WAY,STRAIGHT AND LEVEL,DRY,NO DEFECTS,NOT ON SCENE (DESK REPORT),NO INJURY / DRIVE AWAY,,"OVER $1,500",2025-08-07T09:50:00.000,UNABLE TO DETERMINE,UNABLE TO DETERMINE,5712,S,TRIPP AVE,813,2,NO INDICATION OF INJURY,0,0,0,0,0,2,0,4,1,8,41.7890820844,-87.7293138991,"{'type': 'Point', 'coordinates': [-87.72931389912, 41.789082084365]}",,,,,,,,,,
378395e6a2fed092ed57b82190a639e91044667a7b624de6eadf3dda658d36e204b9bf336e7439c008e2d9b38b89c66ea3875843db9efa526c732f2b616b3768,2025-08-03T04:22:00.000,30,TRAFFIC SIGNAL,FUNCTIONING PROPERLY,CLEAR,"DARKNESS, LIGHTED ROAD",ANGLE,NOT DIVIDED,STRAIGHT AND LEVEL,UNKNOWN,UNKNOWN,ON SCENE,INJURY AND / OR TOW DUE TO CRASH,Y,"OVER $1,500",2025-08-03T04:26:00.000,DISREGARDING TRAFFIC SIGNALS,IMPROPER OVERTAKING/PASSING,1000,N,DEARBORN ST,1824,4,NO INDICATION OF INJURY,0,0,0,0,0,2,0,4,1,8,41.9006344839,-87.6300377446,"{'type': 'Point', 'coordinates': [-87.630037744621, 41.900634483896]}",,,,,,,,,,