crash_record_id,crash_date,posted_speed_limit,traffic_control_device,device_condition,weather_condition,lighting_condition,first_crash_type,trafficway_type,alignment,roadway_surface_cond,road_defect,report_type,crash_type,intersection_related_i,damage,date_police_notified,prim_contributory_cause,sec_contributory_cause,street_no,street_direction,street_name,beat_of_occurrence,num_units,most_severe_injury,injuries_total,injuries_fatal,injuries_incapacitating,injuries_non_incapacitating,injuries_reported_not_evident,injuries_no_indication,injuries_unknown,crash_hour,crash_day_of_week,crash_month,latitude,longitude,location,private_property_i,photos_taken_i,hit_and_run_i,statements_taken_i,crash_date_est_i,work_zone_i,work_zone_type,dooring_i,lane_cnt,workers_present_i
2b4e94914ab6723ee5c21329eff4e16413fd169969ff5ca37a31f54268e4111104fb57422e661582f0ec240f99f376955d12360d12f60eba634706cb2d2fec6b,2025-08-03T04:17:00.000,30,STOP SIGN/FLASHER,FUNCTIONING PROPERLY,CLEAR,"DARKNESS, LIGHTED ROAD",ANGLE,FOUR WAY,STRAIGHT AND LEVEL,DRY,UNKNOWN,ON SCENE,INJURY AND / OR TOW DUE TO CRASH,Y,"OVER $1,500",2025-08-03T05:20:00.000,FAILING TO YIELD RIGHT-OF-WAY,NOT APPLICABLE,5328,W,AUGUSTA BLVD,1524,2,NO INDICATION OF INJURY,0,0,0,0,0,2,0,4,1,8,41.898664085,-87.7593691731,"{'type': 'Point', 'coordinates': [-87.759369173051, 41.898664085026]}",,,Y,,,,,,,
8b81bf66703c0ed4fcfaad839da75732d981b6096d9dbeec85c4df206759a9891b14f2ef18c9a3a18ed26293c249b88c0d45a499fe4fe49ee26f0c8110126340,2025-08-03T04:15:00.000,30,TRAFFIC SIGNAL,FUNCTIONING PROPERLY,CLEAR,"DARKNESS, LIGHTED ROAD",SIDESWIPE SAME DIRECTION,ONE-WAY,STRAIGHT AND LEVEL,DRY,NO DEFECTS,NOT ON SCENE (DESK REPORT),NO INJURY / DRIVE AWAY,,"OVER $1,500",2025-08-10T09:05:00.000,IMPROPER LANE USAGE,UNABLE TO DETERMINE,36,W,ILLINOIS ST,1831,2,NO INDICATION OF INJURY,0,0,0,0,0,5,0,4,1,8,41.8909446567,-87.629554048,"{'type': 'Point', 'coordinates': [-87.629554048003, 41.890944656709]}",,,,,,,,,,
301fb5921109fa3cebdc9c3994081f22070a161c7bae29492c93460585902d9ad955f574172596ad95c46d1058100984b9ca891f63eae5f138ab9300bc7bc8d3,2025-08-03T04:08:00.000,30,NO CONTROLS,NO CONTROLS,CLEAR,"DARKNESS, LIGHTED ROAD",PEDESTRIAN,DIVIDED - W/MEDIAN (NOT RAISED),STRAIGHT AND LEVEL,DRY,NO DEFECTS,ON SCENE,INJURY AND / OR TOW DUE TO CRASH,,"$501 - $1,500",2025-08-03T04:08:00.000,UNABLE TO DETERMINE,UNABLE TO DETERMINE,399,W,76TH ST,623,2,FATAL,1,1,0,0,0,1,0,4,1,8,41.7561457767,-87.6343547572,"{'type': 'Point', 'coordinates': [-87.634354757219, 41.756145776651]}",,Y,Y,,Y,,,,,
28393d90ba85abf8bfa4caa3368504a270854869bdc9cf1e03381baccb511ce109717640204bf5a4ee22a7ab01d0828bb4e10d85d6653e75b65529b58d67df40,2025-08-03T04:00:00.000,30,TRAFFIC SIGNAL,FUNCTIONING PROPERLY,CLEAR,"DARKNESS, LIGHTED ROAD",PARKED MOTOR VEHICLE,DIVIDED - W/MEDIAN (NOT RAISED),STRAIGHT AND LEVEL,DRY,NO DEFECTS,NOT ON SCENE (DESK REPORT),NO INJURY / DRIVE AWAY,,"OVER $1,500",2025-08-04T14:40:00.000,UNABLE TO DETERMINE,UNABLE TO DETERMINE,1600,W,31ST ST,912,2,NO INDICATION OF INJURY,0,0,0,0,0,1,0,4,1,8,41.8388068824,-87.6658982608,"{'type': 'Point', 'coordinates': [-87.665898260795, 41.838806882365]}",,,,,,,,,,
35bc8853275d693cab498beced8ae9f557e2dd6ae6647ba7c0eca1d7f0a2b15419e1499a9eedfb9646583e1f1f4cc536fd0980e689422542ad132a05a6327796,2025-08-03T04:00:00.000,30,NO CONTROLS,NO CONTROLS,CLEAR,"DARKNESS, LIGHTED ROAD",PARKED MOTOR VEHICLE,NOT DIVIDED,STRAIGHT AND LEVEL,DRY,NO DEFECTS,ON SCENE,INJURY AND / OR TOW DUE TO CRASH,,"$501 - $1,500",2025-08-03T07:48:00.000,DRIVING SKILLS/KNOWLEDGE/EXPERIENCE,NOT APPLICABLE,5321,S,KEDZIE AVE,923,3,NONINCAPACITATING INJURY,2,0,0,2,0,3,0,4,1,8,41.7964379609,-87.7034931248,"{'type': 'Point', 'coordinates': [-87.703493124845, 41.796437960938]}",,,,,,,,,,
85cbc20cf86a9936d6323ad9b1261a4526afd46e643166db62c7b3d1f972d45c0e3b0c0e07b2556d771c5c166d7b411f3c45ab9f346c85ad0d59837b1bca8125,2025-08-03T04:00:00.000,30,NO CONTROLS,NO CONTROLS,UNKNOWN,UNKNOWN,PARKED MOTOR VEHICLE,NOT DIVIDED,STRAIGHT AND LEVEL,UNKNOWN,UNKNOWN,NOT ON SCENE (DESK REPORT),NO INJURY / DRIVE AWAY,,"OVER $1,500",2025-08-04T15:10:00.000,UNABLE TO DETERMINE,NOT APPLICABLE,2816,S,LOWE AVE,914,2,NO INDICATION OF INJURY,0,0,0,0,0,1,0,4,1,8,41.8430098029,-87.6429064708,"{'type': 'Point', 'coordinates': [-87.64290647082, 41.843009802897]}",,,Y,,Y,,,,,
ea468bc40a21d31d48295d33e0196f52a368b00a359b72da61005b3e74a12d4f21a43cb81f3895d2893d24b5a191423f682afee79c1d38cdc8a4cf4be3eb9394,2025-08-03T03:46:00.000,30,NO CONTROLS,NO CONTROLS,CLEAR,"DARKNESS, LIGHTED ROAD",PARKED MOTOR VEHICLE,DIVIDED - W/MEDIAN (NOT RAISED),STRAIGHT AND LEVEL,DRY,NO DEFECTS,ON SCENE,NO INJURY / DRIVE AWAY,,"OVER $1,500",2025-08-03T03:47:00.000,UNABLE TO DETERMINE,NOT APPLICABLE,5100,S,ELLSWORTH DR,233,2,NO INDICATION OF INJURY,0,0,0,0,0,1,0,3,1,8,41.8019629697,-87.616170934,"{'type': 'Point', 'coordinates': [-87.616170933963, 41.801962969654]}",,,,,,,,,,
b2be98866f9f86f77f5417bf22e2535f52677f3290b57a56005881335162a71e14ee1c6d9d6dae624e8dd600117fe717c92bc8437c8a8ad609af99d60e278a29,2025-08-03T03:43:00.000,30,TRAFFIC SIGNAL,FUNCTIONING PROPERLY,CLEAR,"DARKNESS, LIGHTED ROAD",FIXED OBJECT,OTHER,STRAIGHT AND LEVEL,DRY,NO DEFECTS,ON SCENE,INJURY AND / OR TOW DUE TO CRASH,,"OVER $1,500",2025-08-03T03:43:00.000,UNABLE TO DETERMINE,UNABLE TO DETERMINE,2,W,76TH ST,623,1,NONINCAPACITATING INJURY,1,0,0,1,0,0,0,3,1,8,41.7565464046,-87.6247589043,"{'type': 'Point', 'coordinates': [-87.624758904335, 41.756546404563]}",,,,,,,,,,
ba91780c4f62669477b928d9b2c29db6111fe257487e1e4986bac5207950629616991b344208bde5b46334739c385bb90d44308dad16af156e469d0a02aad3a2,2025-08-03T03:40:00.000,30,NO CONTROLS,NO CONTROLS,CLEAR,"DARKNESS, LIGHTED ROAD",PARKED MOTOR VEHICLE,NOT DIVIDED,STRAIGHT AND LEVEL,DRY,NO DEFECTS,ON SCENE,NO INJURY / DRIVE AWAY,,"OVER $1,500",2025-08-03T03:41:00.000,UNABLE TO DETERMINE,UNABLE TO DETERMINE,200,N,LAFLIN ST,1215,2,NO INDICATION OF INJURY,0,0,0,0,0,2,0,3,1,8,41.885437054,-87.6644331284,"{'type': 'Point', 'coordinates': [-87.664433128402, 41.885437054048]}",,,Y,,,,,,,
d35e11561a4de7483b377eaa5d569c1937b1d5aebe813dc15a513a5d43b3d14c33c6c7ce4ded2e0b512b03266a031dc373084c79e8e3a9ee43cd08c312221a6b,2025-08-03T03:38:00.000,30,NO CONTROLS,NO CONTROLS,CLEAR,DARKNESS,FIXED OBJECT,DIVIDED - W/MEDIAN (NOT RAISED),STRAIGHT ON GRADE,DRY,OTHER,ON SCENE,INJURY AND / OR TOW DUE TO CRASH,,"OVER $1,500",2025-08-03T03:45:00.000,DRIVING SKILLS/KNOWLEDGE/EXPERIENCE,DRIVING SKILLS/KNOWLEDGE/EXPERIENCE,465,W,CERMAK RD,914,1,NO INDICATION OF INJURY,0,0,0,0,0,1,0,3,1,8,41.8526704996,-87.639370236,"{'type': 'Point', 'coordinates': [-87.639370235961, 41.852670499608]}",,,Y,,,,,,,
4cd825a6bad0b824499e49df15045132a6a7b2dedf3b64ec7a86aa16484c4f62c5213507dc37f62f992c0995b73701d1f7f6dedf5f689cdf4a691ce682e294be,2025-08-03T03:30:00.000,30,NO CONTROLS,NO CONTROLS,CLEAR,"DARKNESS, LIGHTED ROAD",REAR END,DIVIDED - W/MEDIAN (NOT RAISED),STRAIGHT AND LEVEL,DRY,NO DEFECTS,NOT ON SCENE (DESK REPORT),NO INJURY / DRIVE AWAY,,"$501 - $1,500",2025-08-03T04:00:00.000,UNABLE TO DETERMINE,NOT APPLICABLE,2601,W,63RD ST,825,2,NO INDICATION OF INJURY,0,0,0,0,0,2,0,3,1,8,41.7790774594,-87.6885818689,"{'type': 'Point', 'coordinates': [-87.688581868866, 41.779077459399]}",,,,,,,,,,
9adf3379efc4983ec2aabacd2b82a3f0e141dbf1339ff50f4ccaacb76a8f6c541bf086264dc9ad9eefecdd09776b2161bee155525e18dc82563e9cb768e6e33f,2025-08-03T03:30:00.000,20,NO CONTROLS,NO CONTROLS,CLEAR,DAWN,PARKED MOTOR VEHICLE,ONE-WAY,STRAIGHT AND LEVEL,DRY,NO DEFECTS,ON SCENE,NO INJURY / DRIVE AWAY,,"OVER $1,500",2025-08-03T03:36:00.000,CELL PHONE USE OTHER THAN TEXTING,NOT APPLICABLE,7920,S,LANGLEY AVE,624,2,NO INDICATION OF INJURY,0,0,0,0,0,1,0,3,1,8,41.7505831976,-87.6077882747,"{'type': 'Point', 'coordinates': [-87.607788274664, 41.750583197561]}",,,,,,,,,,
dc717d095fa70416763cb735e1ef08bf1c8deb3618cbfa0e0c32929617167b70d118745ac0ff7b73ac09f394d551b9db3b8ddc76ddc38ec42d756a083b2736a8,2025-08-03T03:30:00.000,15,NO CONTROLS,NO CONTROLS,CLEAR,"DARKNESS, LIGHTED ROAD",FIXED OBJECT,ALLEY,STRAIGHT AND LEVEL,DRY,NO DEFECTS,NOT ON SCENE (DESK REPORT),NO INJURY / DRIVE AWAY,,$500 OR LESS,2025-08-03T03:30:00.000,NOT APPLICABLE,NOT APPLICABLE,1053,S,MENARD AVE,1513,1,NO INDICATION OF INJURY,0,0,0,0,0,2,0,3,1,8,41.867620866,-87.7691423999,"{'type': 'Point', 'coordinates': [-87.769142399855, 41.867620865972]}",,,,,Y,,,,,
19ee986ce832ea06204bc8085fde09861834cf737e99b5d94a5dcbcce28a1e56ea6294c0f72361f2ca87a069b8e0a224a225f46357b06ab9e01a9d514460707a,2025-08-03T03:27:00.000,30,TRAFFIC SIGNAL,FUNCTIONING PROPERLY,CLEAR,"DARKNESS, LIGHTED ROAD",FIXED OBJECT,FOUR WAY,STRAIGHT AND LEVEL,DRY,NO DEFECTS,ON SCENE,INJURY AND / OR TOW DUE TO CRASH,Y,"OVER $1,500",2025-08-03T03:29:00.000,UNABLE TO DETERMINE,UNABLE TO DETERMINE,2,N,CICERO AVE,1533,3,NO INDICATION OF INJURY,0,0,0,0,0,3,0,3,1,8,41.8805608804,-87.7454268433,"{'type': 'Point', 'coordinates': [-87.745426843318, 41.880560880395]}",,Y,Y,Y,,,,,,
015aa2ce4038704fa147d2e5f0e5ed6e5c1e42de691698b390e6351f96ebe241c7316414e31885fc4395f337f4cc68b72835131bb7985e1fc99eff25a5394043,2025-08-03T03:25:00.000,30,NO CONTROLS,NO CONTROLS,CLEAR,"DARKNESS, LIGHTED ROAD",PARKED MOTOR VEHICLE,ONE-WAY,STRAIGHT AND LEVEL,DRY,NO DEFECTS,ON SCENE,INJURY AND / OR TOW DUE TO CRASH,,"OVER $1,500",2025-08-03T03:27:00.000,UNABLE TO DETERMINE,NOT APPLICABLE,4028,N,SAWYER AVE,1724,3,NO INDICATION OF INJURY,0,0,0,0,0,1,0,3,1,8,41.9547870852,-87.7094142991,"{'type': 'Point', 'coordinates': [-87.709414299105, 41.954787085156]}",,,,,,,,,,
4375d5c2449586cc14e94717ca73d6924776fd37d7b6954633f73173abbf0e957c0768622be8a64cef54e947925a6cab5843bd605454c7aa06720f4a857dcc78,2025-08-03T03:20:00.000,30,NO CONTROLS,NO CONTROLS,CLEAR,"DARKNESS, LIGHTED ROAD",PARKED MOTOR VEHICLE,ONE-WAY,STRAIGHT AND LEVEL,DRY,NO DEFECTS,ON SCENE,INJURY AND / OR TOW DUE TO CRASH,,"OVER $1,500",2025-08-03T03:40:00.000,UNABLE TO DETERMINE,UNABLE TO DETERMINE,7601,S,MAPLEWOOD AVE,835,2,NONINCAPACITATING INJURY,1,0,0,1,0,0,0,3,1,8,41.7552391999,-87.6865012319,"{'type': 'Point', 'coordinates': [-87.686501231922, 41.755239199933]}",,,,,,,,,,
e489efe947bee385109314d557479fe7dcb35cba3a1b96da60c1099a09b85a2654ef47aff271c815b249c9729799f8a09080e14c0740b716d2226513070f45e4,2025-08-03T03:20:00.000,20,NO CONTROLS,NO CONTROLS,UNKNOWN,UNKNOWN,PARKED MOTOR VEHICLE,ONE-WAY,STRAIGHT AND LEVEL,UNKNOWN,UNKNOWN,NOT ON SCENE (DESK REPORT),NO INJURY / DRIVE AWAY,,"OVER $1,500",2025-08-03T13:45:00.000,UNABLE TO DETERMINE,NOT APPLICABLE,3633,W,HURON ST,1122,2,NO INDICATION OF INJURY,0,0,0,0,0,1,0,3,1,8,41.8935026461,-87.7175382618,"{'type': 'Point', 'coordinates': [-87.717538261829, 41.893502646092]}",,,Y,,Y,,,,,
00f2db643eb846afff002be54ac314dfc186814270383ab045ba1d19a1b980fb5d6f08b8725e05564aeca8ddb5d308d76f80f34199b921acd578cf3241567d4a,2025-08-03T03:19:00.000,30,NO CONTROLS,NO CONTROLS,CLEAR,"DARKNESS, LIGHTED ROAD",PARKED MOTOR VEHICLE,ONE-WAY,STRAIGHT AND LEVEL,DRY,NO DEFECTS,ON SCENE,INJURY AND / OR TOW DUE TO CRASH,,"OVER $1,500",2025-08-03T03:20:00.000,"OPERATING VEHICLE IN ERRATIC, RECKLESS, CARELESS, NEGLIGENT OR AGGRESSIVE MANNER",FAILING TO REDUCE SPEED TO AVOID CRASH,1862,S,BLUE ISLAND AVE,1233,3,NO INDICATION OF INJURY,0,0,0,0,0,1,0,3,1,8,41.8563481928,-87.6626235745,"{'type': 'Point', 'coordinates': [-87.662623574461, 41.856348192797]}",,,Y,,Y,,,,,
88f3641924b86a40900625e4b86f51d0c9007149538ffe4cb84e1e8f9dd6a3b5bdf9a4b155d58c19ab7fdf01c3c0154a507e9468044ae94ba8f196ea5be92fcb,2025-08-03T03:09:00.000,30,NO CONTROLS,NO CONTROLS,CLEAR,"DARKNESS, LIGHTED ROAD",PARKED MOTOR VEHICLE,NOT DIVIDED,STRAIGHT AND LEVEL,DRY,NO DEFECTS,NOT ON SCENE (DESK REPORT),INJURY AND / OR TOW DUE TO CRASH,,"OVER $1,500",2025-08-03T03:39:00.000,UNABLE TO DETERMINE,UNABLE TO DETERMINE,6122,S,LOOMIS BLVD,713,2,NO INDICATION OF INJURY,0,0,0,0,0,1,0,3,1,8,41.7824632169,-87.6595796573,"{'type': 'Point', 'coordinates': [-87.659579657335, 41.782463216902]}",,,,,,,,,,
29db89c24d6cd676af967f84bcfb151aa69e7cd8120776b8424ef4e55b1b83427452ebd76a2a806271f23ab8b840c87d4d1a75e7ccc8186538940be8ec990fd7,2025-08-03T03:04:00.000,30,TRAFFIC SIGNAL,FUNCTIONING PROPERLY,CLEAR,"DARKNESS, LIGHTED ROAD",REAR END,NOT DIVIDED,STRAIGHT AND LEVEL,DRY,NO DEFECTS,NOT ON SCENE (DESK REPORT),NO INJURY / DRIVE AWAY,,"$501 - $1,500",2025-08-03T05:24:00.000,UNABLE TO DETERMINE,UNABLE TO DETERMINE,1000,W,NORTH AVE,1811,2,NO INDICATION OF INJURY,0,0,0,0,0,3,0,3,1,8,41.9109487626,-87.6531595513,"{'type': 'Point', 'coordinates': [-87.653159551272, 41.910948762561]}",,,Y,,,,,,,
ad85d9c30f2b59fa69ed710d8937aad4966d479932ebc969f2b7a3f13f4f24e9d3daae2f203b554b82b72b7b970a1d8c9375ccfdf7d39d22f621fbbe5c0a366e,2025-08-03T03:00:00.000,30,UNKNOWN,UNKNOWN,CLEAR,DARKNESS,SIDESWIPE SAME DIRECTION,FOUR WAY,STRAIGHT AND LEVEL,UNKNOWN,UNKNOWN,NOT ON SCENE (DESK REPORT),NO INJURY / DRIVE AWAY,,"OVER $1,500",2025-08-04T17:51:00.000,IMPROPER OVERTAKING/PASSING,NOT APPLICABLE,7601,S,STATE ST,623,2,NO INDICATION OF INJURY,0,0,0,0,0,2,0,3,1,8,41.7564030926,-87.6245765157,"{'type': 'Point', 'coordinates': [-87.624576515698, 41.756403092616]}",,,,,,,,,,
e8c6f03e5c0bf3e581eeedb2904bb1fdc4a40f19475aecb39fc1861042794cd1025cd190e6112206d7f2e9a7791bb334b394a4050683b6677bbeb3d123923824,2025-08-03T03:00:00.000,30,STOP SIGN/FLASHER,FUNCTIONING PROPERLY,CLEAR,"DARKNESS, LIGHTED ROAD",PARKED MOTOR VEHICLE,ONE-WAY,STRAIGHT AND LEVEL,DRY,NO DEFECTS,NOT ON SCENE (DESK REPORT),NO INJURY / DRIVE AWAY,,"OVER $1,500",2025-08-12T17:40:00.000,UNABLE TO DETERMINE,NOT APPLICABLE,8111,S,LANGLEY AVE,631,2,NO INDICATION OF INJURY,0,0,0,0,0,1,0,3,1,8,41.7472153028,-87.6074019143,"{'type': 'Point', 'coordinates': [-87.607401914326, 41.747215302781]}",,,Y,,,,,,,
3a564a862e3e685a910a5016ef1f9034d0c22c8a90fec14e45a356c0c03fd7b5cf91d6eee885a8ed06f2a96cbfd9f90a8db91583d5488f2a84f30f82117d7956,2025-08-03T02:53:00.000,30,TRAFFIC SIGNAL,FUNCTIONING PROPERLY,CLEAR,"DARKNESS, LIGHTED ROAD",REAR END,NOT DIVIDED,STRAIGHT AND LEVEL,DRY,NO DEFECTS,NOT ON SCENE (DESK REPORT),NO INJURY / DRIVE AWAY,,"OVER $1,500",2025-08-03T03:30:00.000,FAILING TO REDUCE SPEED TO AVOID CRASH,DISREGARDING TRAFFIC SIGNALS,2800,S,KEDZIE AVE,1032,2,NO INDICATION OF INJURY,0,0,0,0,0,2,0,2,1,8,41.8408096454,-87.7050749478,"{'type': 'Point', 'coordinates': [-87.705074947842, 41.840809645357]}",,,,,,,,,,
dce839d79aef4d5351d7d90c1feb01ac4e75a2fffaf4ac066864b076d68f3d26555e956d742f089c08b422e15b52b6ff59a1d04805706e70fb83e97d28794561,2025-08-03T02:53:00.000,30,TRAFFIC SIGNAL,FUNCTIONING PROPERLY,CLEAR,"DARKNESS, LIGHTED ROAD",REAR END,NOT DIVIDED,STRAIGHT AND LEVEL,DRY,NO DEFECTS,ON SCENE,INJURY AND / OR TOW DUE TO CRASH,,"OVER $1,500",2025-08-03T02:53:00.000,FAILING TO REDUCE SPEED TO AVOID CRASH,FOLLOWING TOO CLOSELY,4502,S,WESTERN BLVD,922,2,NONINCAPACITATING INJURY,1,0,0,1,0,2,0,2,1,8,41.811968529,-87.6841078084,"{'type': 'Point', 'coordinates': [-87.684107808385, 41.811968528957]}",,,,,,,,,,
124108fcb35c787c22de87bedb850407ace00ace4746c844f8793d02f13e67c9f751f0ad9fda66c78eadc90a842ba33eeebeec62ca406a574be3f372c7f73d47,2025-08-03T02:51:00.000,30,UNKNOWN,UNKNOWN,UNKNOWN,UNKNOWN,PARKED MOTOR VEHICLE,PARKING LOT,STRAIGHT AND LEVEL,UNKNOWN,UNKNOWN,,NO INJURY / DRIVE AWAY,,"$501 - $1,500",2025-08-07T20:45:00.000,UNABLE TO DETERMINE,UNABLE TO DETERMINE,8943,S,STONY ISLAND AVE,413,2,NO INDICATION OF INJURY,0,0,0,0,0,1,0,2,1,8,41.7320964675,-87.5849531968,"{'type': 'Point', 'coordinates': [-87.584953196849, 41.732096467546]}",,,,,,,,,,
b62dc95825690488292cc7734401b8d067018891d591e065b8e8362c69500ac3a11351f3d5696493f06c2b05d2a7d7b2eafe37bcdd301ba14c2e590a19729ee7,2025-08-03T02:48:00.000,30,NO CONTROLS,NO CONTROLS,CLEAR,"DARKNESS, LIGHTED ROAD",FIXED OBJECT,NOT DIVIDED,STRAIGHT AND LEVEL,DRY,NO DEFECTS,ON SCENE,INJURY AND / OR TOW DUE TO CRASH,,"OVER $1,500",2025-08-03T02:56:00.000,UNABLE TO DETERMINE,NOT APPLICABLE,530,W,79TH ST,621,1,NONINCAPACITATING INJURY,1,0,0,1,0,2,0,2,1,8,41.7508362809,-87.6380664813,"{'type': 'Point', 'coordinates': [-87.638066481329, 41.750836280896]}",,,,,,,,,,
ad1ecdb67876c2384996aa1cfb9a0d067bd8039769c9cd96ae5ad8ddf1f15f81253e308b8969d3734c143c3bea3f3f3d2defad92071bdc612dc0c85e4c67cc10,2025-08-03T02:41:00.000,30,STOP SIGN/FLASHER,FUNCTIONING PROPERLY,CLEAR,"DARKNESS, LIGHTED ROAD",ANGLE,FOUR WAY,STRAIGHT AND LEVEL,DRY,NO DEFECTS,NOT ON SCENE (DESK REPORT),NO INJURY / DRIVE AWAY,Y,"OVER $1,500",2025-08-03T17:20:00.000,FAILING TO YIELD RIGHT-OF-WAY,FAILING TO REDUCE SPEED TO AVOID CRASH,2700,N,PARKSIDE AVE,2514,2,NO INDICATION OF INJURY,0,0,0,0,0,2,0,2,1,8,41.9295231864,-87.7675483533,"{'type': 'Point', 'coordinates': [-87.767548353301, 41.929523186437]}",,,Y,,,,,,,
cad11dff309c2d85ee35a94de4bee69b71edda23b8ec6a277fdc921d82f82516f869e736a8f560135f9bc3d942a916615084293e20023d4a198757b4b840b4fb,2025-08-03T02:33:00.000,30,TRAFFIC SIGNAL,FUNCTIONING PROPERLY,CLEAR,"DARKNESS, LIGHTED ROAD",ANGLE,FOUR WAY,STRAIGHT AND LEVEL,DRY,NO DEFECTS,ON SCENE,INJURY AND / OR TOW DUE TO CRASH,Y,"OVER $1,500",2025-08-03T02:42:00.000,DISREGARDING TRAFFIC SIGNALS,NOT APPLICABLE,7099,S,HALSTED ST,732,2,NO INDICATION OF INJURY,0,0,0,0,0,3,0,2,1,8,41.7652957077,-87.6442689609,"{'type': 'Point', 'coordinates': [-87.644268960915, 41.765295707734]}",,,Y,,,,,,,
274f9ba2c8755d23c107fd477e9f3d61f8e68892ef6ed26d567040a6835483ea024e2d39093bd5bdec11b60b0a0312550ed4e16009d093e103f0c81c011860b1,2025-08-03T02:30:00.000,25,NO CONTROLS,NO CONTROLS,CLEAR,"DARKNESS, LIGHTED ROAD",PARKED MOTOR VEHICLE,ONE-WAY,STRAIGHT AND LEVEL,DRY,NO DEFECTS,ON SCENE,INJURY AND / OR TOW DUE TO CRASH,,"OVER $1,500",2025-08-03T02:55:00.000,EQUIPMENT - VEHICLE CONDITION,EQUIPMENT - VEHICLE CONDITION,6736,S,RIDGELAND AVE,332,4,NO INDICATION OF INJURY,0,0,0,0,0,1,0,2,1,8,41.7722470017,-87.5827652005,"{'type': 'Point', 'coordinates': [-87.582765200469, 41.772247001661]}",,,,,,,,,,
2e006a11f819da91158ed5d5c9232b8ec6bf5377038c2e8d4907b0abdf63e038697765be13ef6a08eac999a24cfe23772fb78423fb7056dc4c0b6a9830c759a1,2025-08-03T02:30:00.000,20,NO CONTROLS,NO CONTROLS,CLEAR,"DARKNESS, LIGHTED ROAD",TURNING,PARKING LOT,STRAIGHT AND LEVEL,DRY,NO DEFECTS,NOT ON SCENE (DESK REPORT),NO INJURY / DRIVE AWAY,,"OVER $1,500",2025-08-03T14:25:00.000,UNABLE TO DETERMINE,NOT APPLICABLE,4901,W,NORTH AVE,2533,2,NO INDICATION OF INJURY,0,0,0,0,0,2,0,2,1,8,41.9094821915,-87.7486983106,"{'type': 'Point', 'coordinates': [-87.748698310623, 41.909482191491]}",Y,,,,,,,,,
cbd6fb62561ec1fa569aacf4081ce705ea1c0099572a7cef2f8885fabf5ed9b7fc35681458a62dd2b5b67af23a9f3974c452b752e260d21ab32184a14a1a6dcf,2025-08-03T02:30:00.000,30,NO CONTROLS,NO CONTROLS,CLEAR,"DARKNESS, LIGHTED ROAD",PARKED MOTOR VEHICLE,ONE-WAY,STRAIGHT AND LEVEL,DRY,NO DEFECTS,ON SCENE,NO INJURY / DRIVE AWAY,,"$501 - $1,500",2025-08-03T12:42:00.000,UNABLE TO DETERMINE,UNABLE TO DETERMINE,11339,S,CALUMET AVE,531,2,NO INDICATION OF INJURY,0,0,0,0,0,1,0,2,1,8,41.6879781452,-87.6143042264,"{'type': 'Point', 'coordinates': [-87.614304226375, 41.687978145235]}",,,Y,,,,,,,
37a7812b877f6412093d6627a0ea1a59e2e2f5b0a8cf6e9cc5ae4bf173b7d535e3f2dc2e0693caa68c07cdec1b60cb1a6e03764df9933f0d7b81e2d3cd05add3,2025-08-03T02:25:00.000,30,UNKNOWN,UNKNOWN,CLEAR,DUSK,TURNING,FOUR WAY,STRAIGHT AND LEVEL,DRY,UNKNOWN,NOT ON SCENE (DESK REPORT),NO INJURY / DRIVE AWAY,Y,"$501 - $1,500",2025-08-03T04:05:00.000,NOT APPLICABLE,UNABLE TO DETERMINE,800,N,ASHLAND AVE,1213,2,NO INDICATION OF INJURY,0,0,0,0,0,2,0,2,1,8,41.8961138672,-87.6674395814,"{'type': 'Point', 'coordinates': [-87.6674395814, 41.896113867204]}",,,Y,,,,,,,
2d119072cf471f8fc61106495a94235b83bc7b5550bf8794db83e66bbdd4c5a154bbad354b881a3350cffa1b54acd0ad2a33d863645ad95364a5bcd28343af09,2025-08-03T02:21:00.000,30,STOP SIGN/FLASHER,FUNCTIONING PROPERLY,CLEAR,"DARKNESS, LIGHTED ROAD",ANGLE,FOUR WAY,STRAIGHT AND LEVEL,DRY,UNKNOWN,ON SCENE,INJURY AND / OR TOW DUE TO CRASH,Y,"OVER $1,500",2025-08-03T03:39:00.000,DISREGARDING STOP SIGN,NOT APPLICABLE,9200,S,BLACKSTONE AVE,413,3,NONINCAPACITATING INJURY,2,0,0,1,1,1,0,2,1,8,41.7276906321,-87.5880762734,"{'type': 'Point', 'coordinates': [-87.588076273384, 41.727690632092]}",,,,,,,,,,
55765f8c0700207a96d9ed2adeb87bcaa71df5ba618adfa9f26d7fd0a5df4da506b3ba1b20e692768f7f6f163d60d3e516ae8faec0d053c3477493893f12bbbb,2025-08-03T02:15:00.000,30,TRAFFIC SIGNAL,FUNCTIONING PROPERLY,CLEAR,"DARKNESS, LIGHTED ROAD",TURNING,NOT DIVIDED,STRAIGHT AND LEVEL,DRY,NO DEFECTS,ON SCENE,INJURY AND / OR TOW DUE TO CRASH,Y,"$501 - $1,500",2025-08-03T02:17:00.000,IMPROPER OVERTAKING/PASSING,IMPROPER LANE USAGE,4000,W,GRAND AVE,2534,2,NONINCAPACITATING INJURY,4,0,0,4,0,0,0,2,1,8,41.9062588709,-87.7263534764,"{'type': 'Point', 'coordinates': [-87.726353476362, 41.90625887086]}",,,,,,,,,,