crash_record_id,crash_date,posted_speed_limit,traffic_control_device,device_condition,weather_condition,lighting_condition,first_crash_type,trafficway_type,alignment,roadway_surface_cond,road_defect,report_type,crash_type,intersection_related_i,damage,date_police_notified,prim_contributory_cause,sec_contributory_cause,street_no,street_direction,street_name,beat_of_occurrence,num_units,most_severe_injury,injuries_total,injuries_fatal,injuries_incapacitating,injuries_non_incapacitating,injuries_reported_not_evident,injuries_no_indication,injuries_unknown,crash_hour,crash_day_of_week,crash_month,latitude,longitude,location,private_property_i,photos_taken_i,hit_and_run_i,statements_taken_i,crash_date_est_i,work_zone_i,work_zone_type,dooring_i,lane_cnt,workers_present_i
4448f4ae880e78ae0bbf46bb6ffb31ddcd929b680cf6efe832a938effef079fb809660dd2dbbe11d879ab4a20c83585e7a906dea98892f3a8fba5eab6cd2773e,2025-08-02T23:37:00.000,30,TRAFFIC SIGNAL,FUNCTIONING PROPERLY,CLEAR,"DARKNESS, LIGHTED ROAD",SIDESWIPE SAME DIRECTION,FOUR WAY,STRAIGHT AND LEVEL,DRY,UNKNOWN,ON SCENE,INJURY AND / OR TOW DUE TO CRASH,,"OVER $1,500",2025-08-02T23:43:00.000,UNABLE TO DETERMINE,NOT APPLICABLE,5256,N,CENTRAL AVE,1622,2,NO INDICATION OF INJURY,0,0,0,0,0,2,0,23,7,8,41.9771214027,-87.7685978245,"{'type': 'Point', 'coordinates': [-87.768597824455, 41.977121402737]}",,,Y,,,,,,,
28c3c2a42364e75f576ccc03a048464aefcd81742a86bbf03b02c3e8d8414c0945edb9a29d51af460fed7d0e22c1b6a582b65a25f5b798b65eef57eac4a1f770,2025-08-02T23:30:00.000,30,NO CONTROLS,NO CONTROLS,CLEAR,"DARKNESS, LIGHTED ROAD",PARKED MOTOR VEHICLE,FOUR WAY,STRAIGHT AND LEVEL,DRY,NO DEFECTS,NOT ON SCENE (DESK REPORT),INJURY AND / OR TOW DUE TO CRASH,,"OVER $1,500",2025-08-03T10:32:00.000,UNABLE TO DETERMINE,NOT APPLICABLE,2056,W,23RD ST,1034,2,NO INDICATION OF INJURY,0,0,0,0,0,1,0,23,7,8,41.8504342315,-87.6781166751,"{'type': 'Point', 'coordinates': [-87.678116675054, 41.850434231494]}",,,Y,,,,,,,
ab3361fe697281aa849bc03afdd5cef61c172a07fc3c1c84b965bccdb47b59de03ef658d8a697c63ccac7c7f2cf15bdf4040eb8f821dc5481c3c4303f890821a,2025-08-02T23:30:00.000,30,NO CONTROLS,NO CONTROLS,CLEAR,"DARKNESS, LIGHTED ROAD",TURNING,FOUR WAY,STRAIGHT AND LEVEL,DRY,NO DEFECTS,ON SCENE,INJURY AND / OR TOW DUE TO CRASH,Y,"OVER $1,500",2025-08-02T23:34:00.000,FAILING TO YIELD RIGHT-OF-WAY,NOT APPLICABLE,5500,W,DIVERSEY AVE,2514,2,NO INDICATION OF INJURY,0,0,0,0,0,4,0,23,7,8,41.9314188965,-87.7638541446,"{'type': 'Point', 'coordinates': [-87.763854144612, 41.931418896513]}",,,,,,,,,,
f4b7a2e35c3c2c694fba99d30f13b7b96524c151f8fe7d9802e3637be835450c9ded64a760fc701c70f6bafa8cae7459607b7cb6135e420ce14900ea5e164229,2025-08-02T23:30:00.000,30,TRAFFIC SIGNAL,FUNCTIONING PROPERLY,CLEAR,"DARKNESS, LIGHTED ROAD",TURNING,NOT DIVIDED,STRAIGHT AND LEVEL,DRY,UNKNOWN,ON SCENE,NO INJURY / DRIVE AWAY,,"OVER $1,500",2025-08-02T23:50:00.000,IMPROPER TURNING/NO SIGNAL,NOT APPLICABLE,2401,W,ADDISON ST,1921,2,NO INDICATION OF INJURY,0,0,0,0,0,2,0,23,7,8,41.9466204778,-87.6883164515,"{'type': 'Point', 'coordinates': [-87.688316451533, 41.946620477784]}",,,,,Y,,,,,
508a8cb7e34d0a53c9385e77ccee0e9bbd15cf5936c74be760507ce1a3e9db01e54d840d91a8ac9c4c5d7f0eabaae1814ebdc6abba806084e9e3ccb3fca67f44,2025-08-02T23:24:00.000,30,STOP SIGN/FLASHER,UNKNOWN,CLEAR,"DARKNESS, LIGHTED ROAD",OTHER OBJECT,NOT DIVIDED,STRAIGHT AND LEVEL,DRY,UNKNOWN,ON SCENE,INJURY AND / OR TOW DUE TO CRASH,,"OVER $1,500",2025-08-02T23:36:00.000,UNABLE TO DETERMINE,NOT APPLICABLE,1640,W,115TH ST,2234,1,NO INDICATION OF INJURY,0,0,0,0,0,1,0,23,7,8,41.6848990854,-87.6633520664,"{'type': 'Point', 'coordinates': [-87.663352066438, 41.684899085362]}",,,,,,,,,,
462419b8b684d3482f2212667604fe0638e36b27942a2647db54dc3b4ad2ecaa0f9ba889714f0573d9172db40764462a28874bd6107cd26e5f2ca1f2e72d8b6d,2025-08-02T23:21:00.000,15,NO CONTROLS,NO CONTROLS,CLEAR,DARKNESS,FIXED OBJECT,ALLEY,STRAIGHT AND LEVEL,DRY,NO DEFECTS,ON SCENE,NO INJURY / DRIVE AWAY,,$500 OR LESS,2025-08-02T23:31:00.000,UNABLE TO DETERMINE,NOT APPLICABLE,7448,S,CALUMET AVE,323,1,NO INDICATION OF INJURY,0,0,0,0,0,1,0,23,7,8,41.7587517737,-87.6168572451,"{'type': 'Point', 'coordinates': [-87.616857245143, 41.758751773679]}",,,,,,,,,,
2eaa736bbd2f633550ddbc1d31f76d9bc563788ead4d8e90a207ffe5e37276eae2ea9fa5c4299014860edcb602d8f25633dc1fe1d6a7fbbcee5747d56513094a,2025-08-02T23:05:00.000,30,TRAFFIC SIGNAL,FUNCTIONING PROPERLY,UNKNOWN,DARKNESS,SIDESWIPE SAME DIRECTION,NOT DIVIDED,STRAIGHT AND LEVEL,UNKNOWN,UNKNOWN,NOT ON SCENE (DESK REPORT),NO INJURY / DRIVE AWAY,,"OVER $1,500",2025-08-05T19:00:00.000,UNABLE TO DETERMINE,NOT APPLICABLE,3411,W,ADDISON ST,1732,2,NO INDICATION OF INJURY,0,0,0,0,0,2,0,23,7,8,41.9464515635,-87.7131683047,"{'type': 'Point', 'coordinates': [-87.713168304716, 41.946451563513]}",,,,,Y,,,,,
23a3b442eba22fa6275cd30ed325002bf26baf8f943f3a6cebf96597ebbec900d2ded0b61eb3fe544d7cf15942141ab1021fb0c42bf6c62cbab163554e920ad3,2025-08-02T23:00:00.000,30,TRAFFIC SIGNAL,FUNCTIONING PROPERLY,CLEAR,DARKNESS,REAR END,NOT DIVIDED,STRAIGHT AND LEVEL,DRY,NO DEFECTS,NOT ON SCENE (DESK REPORT),NO INJURY / DRIVE AWAY,,"OVER $1,500",2025-08-03T12:00:00.000,FOLLOWING TOO CLOSELY,NOT APPLICABLE,6300,S,PULASKI RD,813,2,NO INDICATION OF INJURY,0,0,0,0,0,3,0,23,7,8,41.7786364688,-87.7229063557,"{'type': 'Point', 'coordinates': [-87.722906355685, 41.778636468781]}",,,,,,,,,,
2f445b5e20f7d7e31819f2af5135ff8af8a792df326da28c4650fda6f4a8a7b99af7a5ec76d4190e0587548538cfbafa3479fad0886d9a47a83827d4140b32b5,2025-08-02T23:00:00.000,30,NO CONTROLS,NO CONTROLS,CLEAR,DARKNESS,PARKED MOTOR VEHICLE,DIVIDED - W/MEDIAN (NOT RAISED),STRAIGHT AND LEVEL,DRY,NO DEFECTS,NOT ON SCENE (DESK REPORT),NO INJURY / DRIVE AWAY,,"OVER $1,500",2025-08-09T10:30:00.000,UNABLE TO DETERMINE,UNABLE TO DETERMINE,5701,S,STATE ST,232,2,NO INDICATION OF INJURY,0,0,0,0,0,1,0,23,7,8,41.7909552796,-87.6254591349,"{'type': 'Point', 'coordinates': [-87.625459134906, 41.790955279552]}",,Y,,Y,,,,,,
3ad2d7077657c04fc135b677d03f6ceaf0f6659f161147437b77fd4b1b07f8ce76e85b8cd4da08a1faaed65f528cdba91120c5d900fb0e0f5f38ca5c6cc478ab,2025-08-02T23:00:00.000,30,NO CONTROLS,NO CONTROLS,CLEAR,"DARKNESS, LIGHTED ROAD",PARKED MOTOR VEHICLE,NOT DIVIDED,STRAIGHT AND LEVEL,DRY,NO DEFECTS,NOT ON SCENE (DESK REPORT),NO INJURY / DRIVE AWAY,,$500 OR LESS,2025-08-03T07:53:00.000,UNABLE TO DETERMINE,UNABLE TO DETERMINE,1615,E,56TH ST,331,2,NO INDICATION OF INJURY,0,0,0,0,0,1,0,23,7,8,41.7932850116,-87.5858697456,"{'type': 'Point', 'coordinates': [-87.585869745619, 41.793285011604]}",,,Y,,,,,,,
7ead7b0120b3d91df19b95b1919ff639cee092f9380c0cfecc1f8b9297f73705c0f87596bf9f0a1810b63327385630633dec44167900874c571f40e54c048f37,2025-08-02T23:00:00.000,25,NO CONTROLS,NO CONTROLS,CLEAR,UNKNOWN,PARKED MOTOR VEHICLE,ONE-WAY,STRAIGHT AND LEVEL,DRY,UNKNOWN,NOT ON SCENE (DESK REPORT),NO INJURY / DRIVE AWAY,,$500 OR LESS,2025-08-04T11:00:00.000,UNABLE TO DETERMINE,UNABLE TO DETERMINE,2959,N,LUNA AVE,2514,2,NO INDICATION OF INJURY,0,0,0,0,0,1,0,23,7,8,41.9348562357,-87.7649946673,"{'type': 'Point', 'coordinates': [-87.764994667314, 41.934856235722]}",,,Y,,,,,,,
f91292b1167b92923f15c3ea558cdcfc6389fb079539aa148bf0851e98280695b9fd02ed77519fc8b7eb842f631458250a5f3793b77302cda010eb3cb4849c0b,2025-08-02T23:00:00.000,30,STOP SIGN/FLASHER,FUNCTIONING PROPERLY,CLEAR,"DARKNESS, LIGHTED ROAD",ANGLE,ONE-WAY,STRAIGHT AND LEVEL,DRY,NO DEFECTS,NOT ON SCENE (DESK REPORT),NO INJURY / DRIVE AWAY,,"$501 - $1,500",2025-08-03T10:00:00.000,UNABLE TO DETERMINE,UNABLE TO DETERMINE,6999,S,WABASH AVE,322,2,NO INDICATION OF INJURY,0,0,0,0,0,2,0,23,7,8,41.7674581912,-87.6232025272,"{'type': 'Point', 'coordinates': [-87.623202527247, 41.76745819122]}",,,Y,,,,,,,
fb80846e8e07e22c5977536d6e67820e3e765ed1df1ec84ed4ff7d22e3cee1fd8afba83a6ebe530c6eedc9c7f1050caa6a854c99dab7498384962ceb8715d591,2025-08-02T22:50:00.000,30,NO CONTROLS,NO CONTROLS,CLEAR,"DARKNESS, LIGHTED ROAD",FIXED OBJECT,DIVIDED - W/MEDIAN (NOT RAISED),STRAIGHT AND LEVEL,DRY,NO DEFECTS,ON SCENE,INJURY AND / OR TOW DUE TO CRASH,,"OVER $1,500",2025-08-02T22:53:00.000,DISTRACTION - FROM OUTSIDE VEHICLE,NOT APPLICABLE,1148,S,SPRINGFIELD AVE,1132,1,NO INDICATION OF INJURY,0,0,0,0,0,1,0,22,7,8,41.8665182892,-87.7228952188,"{'type': 'Point', 'coordinates': [-87.722895218789, 41.866518289201]}",,,,,,,,,,
8fbcd82d88be4b1c025fb176f43fc038e1c0c9e61e4197253dfb832a3f2c4bc9e80ceba8fa771b41c1e6b2291fed657f227f253dd9ccfb06bfbf3c528071af1c,2025-08-02T22:47:00.000,30,TRAFFIC SIGNAL,FUNCTIONING PROPERLY,CLEAR,DARKNESS,TURNING,DIVIDED - W/MEDIAN (NOT RAISED),STRAIGHT AND LEVEL,DRY,NO DEFECTS,ON SCENE,INJURY AND / OR TOW DUE TO CRASH,Y,"OVER $1,500",2025-08-02T23:05:00.000,FAILING TO YIELD RIGHT-OF-WAY,FAILING TO YIELD RIGHT-OF-WAY,5601,W,FULLERTON AVE,2515,2,"REPORTED, NOT EVIDENT",1,0,0,0,1,3,0,22,7,8,41.9238706888,-87.7660492214,"{'type': 'Point', 'coordinates': [-87.766049221352, 41.923870688815]}",,,N,,,,,,,
09670baabf18de52daa859191dbc3c37c14a1af4e7e76b13f87be0f4afa3da340631c40589959f4cd3f566fd050f26a44a45176876b07a82c8e6c5c6ac89ddab,2025-08-02T22:45:00.000,30,STOP SIGN/FLASHER,NO CONTROLS,CLEAR,"DARKNESS, LIGHTED ROAD",ANGLE,FOUR WAY,STRAIGHT AND LEVEL,DRY,NO DEFECTS,ON SCENE,INJURY AND / OR TOW DUE TO CRASH,Y,"OVER $1,500",2025-08-02T23:53:00.000,UNABLE TO DETERMINE,NOT APPLICABLE,6400,S,STEWART AVE,722,2,NO INDICATION OF INJURY,0,0,0,0,0,2,0,22,7,8,41.7779988663,-87.6351433981,"{'type': 'Point', 'coordinates': [-87.635143398111, 41.777998866289]}",,,Y,,,,,,,
2029a67ce6ce38d6a9523b6c20b6451832bde4669fac32394f18f74ce626d96f620f9e54b1f1dc1c39093efc3e71b53e3644372e2edd1b8ee4cf8b00b6aa7852,2025-08-02T22:45:00.000,30,UNKNOWN,UNKNOWN,CLEAR,DUSK,SIDESWIPE SAME DIRECTION,NOT DIVIDED,STRAIGHT AND LEVEL,DRY,UNKNOWN,NOT ON SCENE (DESK REPORT),NO INJURY / DRIVE AWAY,,$500 OR LESS,2025-08-02T23:10:00.000,UNABLE TO DETERMINE,NOT APPLICABLE,200,S,RACINE AVE,1231,2,NO INDICATION OF INJURY,0,0,0,0,0,2,0,22,7,8,41.8790107233,-87.657200592,"{'type': 'Point', 'coordinates': [-87.657200591996, 41.879010723339]}",,,Y,,,,,,,
8bbcb14b8ff0dab745522009ff88c61b419ea8ff4069afcaa986c58a353de28f121ae8970412f9a4ce58603bdfca5bf50096a0e7f91bb3862c40cde59e2a302c,2025-08-02T22:45:00.000,30,OTHER,NO CONTROLS,CLEAR,DARKNESS,SIDESWIPE SAME DIRECTION,OTHER,STRAIGHT AND LEVEL,WET,OTHER,NOT ON SCENE (DESK REPORT),NO INJURY / DRIVE AWAY,,"OVER $1,500",2025-08-03T00:23:00.000,UNABLE TO DETERMINE,NOT APPLICABLE,345,N,WESTERN AVE,1223,2,NO INDICATION OF INJURY,0,0,0,0,0,2,0,22,7,8,41.88801941,-87.6864518998,"{'type': 'Point', 'coordinates': [-87.68645189977, 41.88801940995]}",,,,,,,,,,
72144744a2fe46b2432ca89f471ffd9ded483fd496029197d07019030bfe0a3fa23dd09b2369679f9a8b42aa70f7b60e8c956e1a05dcf3b98d26c0ca773f85c3,2025-08-02T22:39:00.000,30,NO CONTROLS,NO CONTROLS,CLEAR,"DARKNESS, LIGHTED ROAD",REAR END,DIVIDED - W/MEDIAN (NOT RAISED),STRAIGHT AND LEVEL,DRY,NO DEFECTS,ON SCENE,INJURY AND / OR TOW DUE TO CRASH,,"OVER $1,500",2025-08-02T22:39:00.000,IMPROPER LANE USAGE,DRIVING SKILLS/KNOWLEDGE/EXPERIENCE,3851,S,WESTERN AVE,911,2,INCAPACITATING INJURY,5,0,1,4,0,1,0,22,7,8,41.8232836182,-87.6847403356,"{'type': 'Point', 'coordinates': [-87.684740335591, 41.823283618182]}",,,,,,,,,,
20af2c45ca7fc446aa87a771eaab1f7ba98cb41d78bc4d6ee203f91d5cca58c4fb1e6bb2b4e707d3175878850d1fbdf3de80f162527d47719f31ad5fba353e43,2025-08-02T22:36:00.000,30,NO CONTROLS,NO CONTROLS,CLEAR,"DARKNESS, LIGHTED ROAD",OTHER NONCOLLISION,NOT DIVIDED,STRAIGHT AND LEVEL,DRY,NO DEFECTS,,NO INJURY / DRIVE AWAY,,"OVER $1,500",2025-08-02T22:43:00.000,IMPROPER OVERTAKING/PASSING,UNABLE TO DETERMINE,10890,S,RHODES AVE,513,5,NO INDICATION OF INJURY,0,0,0,0,0,2,0,22,7,8,41.6966051403,-87.6101399729,"{'type': 'Point', 'coordinates': [-87.610139972897, 41.69660514026]}",,,N,,,,,,,
2f375bb7009651ec30ead8f128041aaf1d935cfedfb58e55ff6a210591f10cb07e0c0886deb415a06f9b36e94f0f923f1bafcb495b9610eec13a30fd3c30f57d,2025-08-02T22:30:00.000,30,NO CONTROLS,NO CONTROLS,CLEAR,"DARKNESS, LIGHTED ROAD",ANGLE,T-INTERSECTION,STRAIGHT AND LEVEL,DRY,NO DEFECTS,NOT ON SCENE (DESK REPORT),INJURY AND / OR TOW DUE TO CRASH,,"$501 - $1,500",2025-08-03T00:20:00.000,UNABLE TO DETERMINE,NOT APPLICABLE,4900,S,VINCENNES AVE,223,2,NONINCAPACITATING INJURY,1,0,0,1,0,2,0,22,7,8,41.8056922251,-87.6140137533,"{'type': 'Point', 'coordinates': [-87.614013753251, 41.805692225134]}",,,,,,,,,,
cafe7272918d816e943b4ad3a658a08e788777bb42ae8a1761b1dda32a4011b7c80cb426aebefba9c97eb7978d998472503c46c956820cbd4a8e703f4b037c49,2025-08-02T22:30:00.000,35,NO CONTROLS,NO CONTROLS,CLEAR,"DARKNESS, LIGHTED ROAD",SIDESWIPE SAME DIRECTION,ONE-WAY,STRAIGHT AND LEVEL,DRY,NO DEFECTS,NOT ON SCENE (DESK REPORT),NO INJURY / DRIVE AWAY,,"OVER $1,500",2025-08-02T23:15:00.000,UNABLE TO DETERMINE,NOT APPLICABLE,49,E,GRAND AVE,1834,2,NO INDICATION OF INJURY,0,0,0,0,0,3,0,22,7,8,41.8915850334,-87.6261269319,"{'type': 'Point', 'coordinates': [-87.626126931911, 41.89158503337]}",,,,,,,,,,
d54bcefd793654036dc38a5f2500f747f0774611d86f8d70c481e5b8cd7cd424a7b0c3e6b2eaabfae81de1b9461a75bcf57dce79d0b3fadd05e024ae65dd870f,2025-08-02T22:30:00.000,30,TRAFFIC SIGNAL,FUNCTIONING PROPERLY,UNKNOWN,DARKNESS,REAR END,NOT DIVIDED,STRAIGHT AND LEVEL,UNKNOWN,UNKNOWN,NOT ON SCENE (DESK REPORT),NO INJURY / DRIVE AWAY,,"OVER $1,500",2025-08-07T20:10:00.000,UNABLE TO DETERMINE,NOT APPLICABLE,121,W,LA SALLE DR,1814,2,NO INDICATION OF INJURY,0,0,0,0,0,2,0,22,7,8,41.9130289268,-87.6326970688,"{'type': 'Point', 'coordinates': [-87.632697068774, 41.913028926791]}",,,Y,,Y,,,,,
ff9c1fba878076ebf9cf4c870537113f4ec383d40b76ba0b9038d6a1e942ce02ece6d39076d4b2399a02cc4433c6de4d0458950aab3422c7d837ca3f9e9947e2,2025-08-02T22:30:00.000,30,TRAFFIC SIGNAL,FUNCTIONING PROPERLY,CLEAR,"DARKNESS, LIGHTED ROAD",REAR END,NOT DIVIDED,STRAIGHT AND LEVEL,DRY,NO DEFECTS,NOT ON SCENE (DESK REPORT),NO INJURY / DRIVE AWAY,,"OVER $1,500",2025-08-02T23:15:00.000,FOLLOWING TOO CLOSELY,UNABLE TO DETERMINE,4200,S,PULASKI RD,815,2,NO INDICATION OF INJURY,0,0,0,0,0,2,0,22,7,8,41.8169017075,-87.7240515363,"{'type': 'Point', 'coordinates': [-87.724051536308, 41.816901707548]}",,,,,,,,,,
a40f448650e08a4b6d591406ad6d36d67c72028a5fd15ecac60bb880f6e2b8ee991b7ecfbfab3af53a07835298f2af27f3ec63016bf3d7154179cf3e5db5103c,2025-08-02T22:18:00.000,25,NO CONTROLS,NO CONTROLS,CLEAR,"DARKNESS, LIGHTED ROAD",PARKED MOTOR VEHICLE,ONE-WAY,STRAIGHT AND LEVEL,DRY,NO DEFECTS,NOT ON SCENE (DESK REPORT),NO INJURY / DRIVE AWAY,,"OVER $1,500",2025-08-03T18:50:00.000,IMPROPER OVERTAKING/PASSING,DRIVING SKILLS/KNOWLEDGE/EXPERIENCE,1917,N,KEYSTONE AVE,2534,2,NO INDICATION OF INJURY,0,0,0,0,0,1,0,22,7,8,41.9158738345,-87.7275941355,"{'type': 'Point', 'coordinates': [-87.727594135514, 41.915873834525]}",,,Y,,,,,,,
61ac8cb4b2db657b145053c34623915da28889056947c511ec4bce3ad8c133f111bc6aaa831cb8c261debefd895318fb56bc992f201c8096ed342572e83c8102,2025-08-02T22:10:00.000,30,TRAFFIC SIGNAL,FUNCTIONING PROPERLY,CLEAR,"DARKNESS, LIGHTED ROAD",REAR END,DIVIDED - W/MEDIAN (NOT RAISED),STRAIGHT AND LEVEL,DRY,NO DEFECTS,NOT ON SCENE (DESK REPORT),NO INJURY / DRIVE AWAY,,"OVER $1,500",2025-08-05T00:06:00.000,FOLLOWING TOO CLOSELY,FOLLOWING TOO CLOSELY,2,N,MICHIGAN AVE,112,2,NO INDICATION OF INJURY,0,0,0,0,0,2,0,22,7,8,41.8821641673,-87.6245142736,"{'type': 'Point', 'coordinates': [-87.624514273622, 41.88216416733]}",,,,,,,,,,
3875b5b6f8492a8c55c04049587b0bf419a627f0ca4456de248b3d68426aada07dccc0aefb2dea349ee686cc5b648332a2fe9849a98c32c7dc9b032e1807e1e9,2025-08-02T22:00:00.000,10,NO CONTROLS,NO CONTROLS,CLEAR,"DARKNESS, LIGHTED ROAD",PARKED MOTOR VEHICLE,PARKING LOT,STRAIGHT AND LEVEL,DRY,NO DEFECTS,ON SCENE,INJURY AND / OR TOW DUE TO CRASH,,"OVER $1,500",2025-08-02T22:08:00.000,DRIVING SKILLS/KNOWLEDGE/EXPERIENCE,UNABLE TO DETERMINE,7923,S,HALSTED ST,621,2,NO INDICATION OF INJURY,0,0,0,0,0,1,0,22,7,8,41.7499314582,-87.6438771253,"{'type': 'Point', 'coordinates': [-87.643877125327, 41.749931458226]}",Y,,,,,,,,,
86689a3ad72e79160a626a952fd9058bc806498a0706877f423d53ed24287981a246f24efaa812a0787e8a5c7adf2c7ec53b831cb7b1174dd02a043682aabfa4,2025-08-02T21:49:00.000,30,NO CONTROLS,NO CONTROLS,CLEAR,DARKNESS,FIXED OBJECT,OTHER,STRAIGHT AND LEVEL,DRY,NO DEFECTS,NOT ON SCENE (DESK REPORT),NO INJURY / DRIVE AWAY,,"OVER $1,500",2025-08-03T13:19:00.000,IMPROPER LANE USAGE,NOT APPLICABLE,5442,S,RICHMOND ST,923,1,NO INDICATION OF INJURY,0,0,0,0,0,1,0,21,7,8,41.794168185,-87.6976216043,"{'type': 'Point', 'coordinates': [-87.697621604313, 41.794168184995]}",,,Y,,,,,,,
4eb0765e6e9e820f1b5a9ef0d81e7e592144b87565682e79241be32b5d1dc82a8e4ea99c51fff63eeb27d18eb894111a43502f0c442b7cbc72994ebe0344fc0c,2025-08-02T21:45:00.000,30,UNKNOWN,UNKNOWN,CLEAR,UNKNOWN,PARKED MOTOR VEHICLE,DIVIDED - W/MEDIAN (NOT RAISED),STRAIGHT AND LEVEL,DRY,NO DEFECTS,NOT ON SCENE (DESK REPORT),NO INJURY / DRIVE AWAY,,"OVER $1,500",2025-08-02T22:50:00.000,DRIVING SKILLS/KNOWLEDGE/EXPERIENCE,UNABLE TO DETERMINE,910,N,HAMLIN AVE,1112,2,NO INDICATION OF INJURY,0,0,0,0,0,1,0,21,7,8,41.8976090663,-87.7214113352,"{'type': 'Point', 'coordinates': [-87.721411335218, 41.897609066348]}",,,Y,,Y,,,,,
469ae4385ba1e979457c6a4a09a8364a9f4d7ce94dc282b6282193e4d4c847f1dcd49c02945241c457a3c301db84d5ef8b35b770429e568bb284892105520c45,2025-08-02T21:30:00.000,30,UNKNOWN,UNKNOWN,CLEAR,"DARKNESS, LIGHTED ROAD",REAR TO FRONT,NOT DIVIDED,STRAIGHT AND LEVEL,DRY,NO DEFECTS,NOT ON SCENE (DESK REPORT),NO INJURY / DRIVE AWAY,,"$501 - $1,500",2025-08-03T03:00:00.000,IMPROPER BACKING,UNABLE TO DETERMINE,3937,W,FILLMORE ST,1132,2,NO INDICATION OF INJURY,0,0,0,0,0,2,0,21,7,8,41.8678930605,-87.7242826879,"{'type': 'Point', 'coordinates': [-87.724282687906, 41.867893060492]}",,,Y,Y,,,,,,
619d4f692f84cc9306230b03993303aa15587bc32b00c1eb74878dc7ca30e3b9ca930049d8a088032f2edd0ebcfc7b52d61dfdc53cdb414d7f9a3c62c685a06b,2025-08-02T21:30:00.000,40,NO CONTROLS,NO CONTROLS,CLEAR,DUSK,REAR END,DIVIDED - W/MEDIAN BARRIER,STRAIGHT AND LEVEL,DRY,UNKNOWN,ON SCENE,INJURY AND / OR TOW DUE TO CRASH,,"OVER $1,500",2025-08-02T21:45:00.000,FAILING TO REDUCE SPEED TO AVOID CRASH,NOT APPLICABLE,600,N,LAKE SHORE DR NB,1834,2,NO INDICATION OF INJURY,0,0,0,0,0,4,0,21,7,8,41.8926672756,-87.6143625489,"{'type': 'Point', 'coordinates': [-87.614362548909, 41.89266727562]}",,,,,,,,,,
7513dec8c446bcbcd18552f8724767f090fb5d99ec0f568d1f48524fb38f01162a956c2f9679afc4919389900b1ec5d437a9b13a552ef69d0352124382ff3300,2025-08-02T21:30:00.000,30,NO CONTROLS,NO CONTROLS,CLEAR,"DARKNESS, LIGHTED ROAD",PARKED MOTOR VEHICLE,DIVIDED - W/MEDIAN (NOT RAISED),STRAIGHT AND LEVEL,DRY,UNKNOWN,NOT ON SCENE (DESK REPORT),NO INJURY / DRIVE AWAY,,"$501 - $1,500",2025-08-04T15:40:00.000,UNABLE TO DETERMINE,UNABLE TO DETERMINE,1545,W,SUMMERDALE AVE,2012,2,NO INDICATION OF INJURY,0,0,0,0,0,1,0,21,7,8,41.9788015908,-87.6696186794,"{'type': 'Point', 'coordinates': [-87.66961867935, 41.978801590808]}",,,Y,,,,,,,
a92cd0fa98a13279df2337afa1954ef18fda155bae2bca423ac0a6d2b9482b6b594518f0a4882374af51ef09505dd22c48171a1bbec92d1b940ed66a143f7e81,2025-08-02T21:30:00.000,30,STOP SIGN/FLASHER,FUNCTIONING PROPERLY,CLEAR,"DARKNESS, LIGHTED ROAD",FIXED OBJECT,T-INTERSECTION,STRAIGHT AND LEVEL,DRY,NO DEFECTS,ON SCENE,INJURY AND / OR TOW DUE TO CRASH,,$500 OR LESS,2025-08-02T21:30:00.000,FAILING TO REDUCE SPEED TO AVOID CRASH,DRIVING SKILLS/KNOWLEDGE/EXPERIENCE,4101,W,CONGRESS PKWY,1132,1,"REPORTED, NOT EVIDENT",1,0,0,0,1,0,0,21,7,8,41.8742160667,-87.7280155868,"{'type': 'Point', 'coordinates': [-87.728015586818, 41.87421606674]}",,,,,,,,,,
bc48ad3371345ee1b2b32b128a77844b8e1e1d434b9794f739251313ff64acec3dd418fdef70a177eae8cdafbd0a5f136e28b47cfb277db6021317fae2b65537,2025-08-02T21:30:00.000,35,TRAFFIC SIGNAL,FUNCTIONING PROPERLY,CLEAR,"DARKNESS, LIGHTED ROAD",REAR END,DIVIDED - W/MEDIAN (NOT RAISED),STRAIGHT AND LEVEL,DRY,UNKNOWN,NOT ON SCENE (DESK REPORT),NO INJURY / DRIVE AWAY,,"OVER $1,500",2025-08-02T23:15:00.000,UNABLE TO DETERMINE,NOT APPLICABLE,759,E,95TH ST,511,2,NO INDICATION OF INJURY,0,0,0,0,0,4,0,21,7,8,41.7219351163,-87.6046031594,"{'type': 'Point', 'coordinates': [-87.604603159395, 41.721935116339]}",,,Y,,,,,,,
ceb37311863d2266459da7b969f7ce8d4d9f02cbf9d3fd7bbe0f8aa3392ea263ba6698038c7919383c510e8dfe17a2dfd730962ffc76a4a7cf2eacb0f0bf5945,2025-08-02T21:30:00.000,30,TRAFFIC SIGNAL,FUNCTIONING PROPERLY,CLEAR,"DARKNESS, LIGHTED ROAD",TURNING,FOUR WAY,STRAIGHT AND LEVEL,DRY,NO DEFECTS,NOT ON SCENE (DESK REPORT),NO INJURY / DRIVE AWAY,Y,$500 OR LESS,2025-08-02T22:00:00.000,IMPROPER LANE USAGE,UNABLE TO DETERMINE,9900,S,HALSTED ST,2232,2,NO INDICATION OF INJURY,0,0,0,0,0,2,0,21,7,8,41.7141188681,-87.6431454082,"{'type': 'Point', 'coordinates': [-87.643145408182, 41.71411886809]}",,,,,,,,,,