crash_record_id,crash_date,posted_speed_limit,traffic_control_device,device_condition,weather_condition,lighting_condition,first_crash_type,trafficway_type,alignment,roadway_surface_cond,road_defect,report_type,crash_type,intersection_related_i,damage,date_police_notified,prim_contributory_cause,sec_contributory_cause,street_no,street_direction,street_name,beat_of_occurrence,num_units,most_severe_injury,injuries_total,injuries_fatal,injuries_incapacitating,injuries_non_incapacitating,injuries_reported_not_evident,injuries_no_indication,injuries_unknown,crash_hour,crash_day_of_week,crash_month,latitude,longitude,location,private_property_i,photos_taken_i,hit_and_run_i,statements_taken_i,crash_date_est_i,work_zone_i,work_zone_type,dooring_i,lane_cnt,workers_present_i
7ad54eaf4d875108a91485666db4cd0f8aab0f630c14dacff0e5cbf5c17b1e3bb19d704643504bd3b3dc2336bd35f77ac3740efc2940d661d3c1f2180511f9a5,2025-08-02T21:29:00.000,30,UNKNOWN,FUNCTIONING PROPERLY,UNKNOWN,UNKNOWN,SIDESWIPE SAME DIRECTION,UNKNOWN,STRAIGHT AND LEVEL,UNKNOWN,UNKNOWN,NOT ON SCENE (DESK REPORT),NO INJURY / DRIVE AWAY,,"OVER $1,500",2025-08-07T22:45:00.000,FAILING TO YIELD RIGHT-OF-WAY,UNABLE TO DETERMINE,100,E,ROOSEVELT RD,114,2,NO INDICATION OF INJURY,0,0,0,0,0,2,0,21,7,8,41.8675665406,-87.6240941748,"{'type': 'Point', 'coordinates': [-87.624094174802, 41.867566540607]}",,,Y,,,,,,,
255b2e09b9ac3f30340d4003d0d67c2baca42526368a7369681562a1f960610788e9aab5aa1f3270a6414760bb120f85558595c5b86a153304464beb715dbc41,2025-08-02T21:28:00.000,30,STOP SIGN/FLASHER,NO CONTROLS,CLEAR,"DARKNESS, LIGHTED ROAD",REAR END,FOUR WAY,STRAIGHT AND LEVEL,DRY,NO DEFECTS,ON SCENE,NO INJURY / DRIVE AWAY,,"OVER $1,500",2025-08-02T21:28:00.000,UNDER THE INFLUENCE OF ALCOHOL/DRUGS (USE WHEN ARREST IS EFFECTED),UNDER THE INFLUENCE OF ALCOHOL/DRUGS (USE WHEN ARREST IS EFFECTED),200,S,LARAMIE AVE,1522,2,NO INDICATION OF INJURY,0,0,0,0,0,2,0,21,7,8,41.8784231733,-87.7551414485,"{'type': 'Point', 'coordinates': [-87.755141448529, 41.878423173272]}",,,,,,,,,,
444b0980bedf7c634026fa4b8ac2672ca7eab73f2ebac23ff40cc295662ad7e58e0467bf655d0b41de9c57495b31120dcbdf3aa0bdbe9a5241afe4da6d95afc0,2025-08-02T21:25:00.000,30,NO CONTROLS,NO CONTROLS,CLEAR,"DARKNESS, LIGHTED ROAD",TURNING,NOT DIVIDED,STRAIGHT AND LEVEL,DRY,NO DEFECTS,ON SCENE,INJURY AND / OR TOW DUE TO CRASH,Y,"OVER $1,500",2025-08-02T21:32:00.000,IMPROPER TURNING/NO SIGNAL,NOT APPLICABLE,875,S,AUSTIN BLVD,1513,2,"REPORTED, NOT EVIDENT",2,0,0,0,2,1,0,21,7,8,,,,,,,,,,,,,
f0c044e484476da9bf93e11b454aad201220a943936a4f29c62d161970524aa6fc0121c132ba7cfa745eb9fca35f320e66a762d8cf5fad26901aea56756c3adb,2025-08-02T21:24:00.000,30,NO CONTROLS,NO CONTROLS,CLEAR,"DARKNESS, LIGHTED ROAD",PARKED MOTOR VEHICLE,ALLEY,STRAIGHT AND LEVEL,DRY,NO DEFECTS,NOT ON SCENE (DESK REPORT),NO INJURY / DRIVE AWAY,,"$501 - $1,500",2025-08-02T21:24:00.000,UNABLE TO DETERMINE,UNABLE TO DETERMINE,6208,S,KEATING AVE,813,2,NO INDICATION OF INJURY,0,0,0,0,0,1,0,21,7,8,41.7799494506,-87.7412656502,"{'type': 'Point', 'coordinates': [-87.74126565023, 41.779949450556]}",,,,,,,,,,
81a67de5f852aa12efb504b7e5fffc428a4c545c75ed7e495702213c186e8945d38fcd40a521997117250f746bb9b701fc7bacdf935708b4fc6c6d0e59e492a5,2025-08-02T21:00:00.000,35,TRAFFIC SIGNAL,FUNCTIONING PROPERLY,CLEAR,"DARKNESS, LIGHTED ROAD",SIDESWIPE SAME DIRECTION,NOT DIVIDED,STRAIGHT AND LEVEL,DRY,NO DEFECTS,NOT ON SCENE (DESK REPORT),NO INJURY / DRIVE AWAY,,$500 OR LESS,2025-08-02T21:20:00.000,FOLLOWING TOO CLOSELY,UNABLE TO DETERMINE,6000,N,BROADWAY,2433,2,NO INDICATION OF INJURY,0,0,0,0,0,2,0,21,7,8,41.9909592382,-87.6604427454,"{'type': 'Point', 'coordinates': [-87.660442745415, 41.990959238233]}",,,,,,,,,,
8c38b59cae34f79c4f7f676cb19826c9d0f4a6d0d39d2ab7665979ced65e56f6b68d5718a9158c66db7efc0e3390ed71b7bccc3453b2ec90a66fd8c2abafc447,2025-08-02T21:00:00.000,35,UNKNOWN,UNKNOWN,CLEAR,"DARKNESS, LIGHTED ROAD",TURNING,NOT DIVIDED,STRAIGHT AND LEVEL,DRY,NO DEFECTS,NOT ON SCENE (DESK REPORT),NO INJURY / DRIVE AWAY,,"OVER $1,500",2025-08-02T21:30:00.000,NOT APPLICABLE,NOT APPLICABLE,2099,E,67TH ST,331,2,NO INDICATION OF INJURY,0,0,0,0,0,3,0,21,7,8,41.7733656986,-87.5741065585,"{'type': 'Point', 'coordinates': [-87.574106558485, 41.773365698592]}",,,Y,,,,,,,
c2019f3d19493f8665dd83693b7274a559ddb0016c83c19a0851db12a2a3242d8c47eb950233af606fde6235a81346e250484f6eb15da7f0632fe193dda9636f,2025-08-02T21:00:00.000,30,TRAFFIC SIGNAL,FUNCTIONING PROPERLY,CLEAR,"DARKNESS, LIGHTED ROAD",PARKED MOTOR VEHICLE,ONE-WAY,STRAIGHT AND LEVEL,DRY,NO DEFECTS,,NO INJURY / DRIVE AWAY,Y,"OVER $1,500",2025-08-03T10:00:00.000,TURNING RIGHT ON RED,TURNING RIGHT ON RED,7110,S,INDIANA AVE,323,2,NO INDICATION OF INJURY,0,0,0,0,0,2,0,21,7,8,41.7652376638,-87.6202184551,"{'type': 'Point', 'coordinates': [-87.62021845508, 41.765237663786]}",,,,,,,,,,
28d43af3adfa6bd82af9ce9eb727ac027643e1bccc6c4dd6bcfd4da321c22c6d3ce41b45c3ad6ee25c430cd83409aa035843ec770caf5cba27a9bc397d636dea,2025-08-02T20:45:00.000,30,NO CONTROLS,NO CONTROLS,CLEAR,DUSK,FIXED OBJECT,DIVIDED - W/MEDIAN BARRIER,STRAIGHT AND LEVEL,DRY,NO DEFECTS,ON SCENE,INJURY AND / OR TOW DUE TO CRASH,,"OVER $1,500",2025-08-02T20:55:00.000,UNABLE TO DETERMINE,NOT APPLICABLE,11000,S,HALSTED ST,2233,1,NO INDICATION OF INJURY,0,0,0,0,0,1,0,20,7,8,41.6940831769,-87.6425798709,"{'type': 'Point', 'coordinates': [-87.642579870887, 41.694083176886]}",,,,,,,,,,
971e219e59b4c55e7a574aea9baef5b932c7cc25b1f0e76cf16454785a5e5ea646feaac8d7e4524f4c3a954703ab7412d0fb2d5fa6e79edab4ce7b705e75c716,2025-08-02T20:31:00.000,30,TRAFFIC SIGNAL,UNKNOWN,CLEAR,"DARKNESS, LIGHTED ROAD",ANGLE,FOUR WAY,STRAIGHT AND LEVEL,DRY,NO DEFECTS,NOT ON SCENE (DESK REPORT),INJURY AND / OR TOW DUE TO CRASH,Y,"OVER $1,500",2025-08-03T00:00:00.000,FAILING TO YIELD RIGHT-OF-WAY,NOT APPLICABLE,3122,E,79TH ST,421,2,NO INDICATION OF INJURY,0,0,0,0,0,2,0,20,7,8,41.7520854219,-87.5481633232,"{'type': 'Point', 'coordinates': [-87.548163323238, 41.75208542187]}",,,Y,,,,,,,
188a08e0650389617065f3401205d13fbc035ce72c755477c46b11e78e8e8c3e776ec99ee45696225435dd6f7c07c71f6075b3c889497953fee6ce27634a4aa0,2025-08-02T20:30:00.000,30,TRAFFIC SIGNAL,UNKNOWN,CLEAR,DUSK,TURNING,NOT DIVIDED,STRAIGHT AND LEVEL,UNKNOWN,UNKNOWN,NOT ON SCENE (DESK REPORT),INJURY AND / OR TOW DUE TO CRASH,Y,"OVER $1,500",2025-08-03T12:23:00.000,UNABLE TO DETERMINE,UNABLE TO DETERMINE,9501,S,HALSTED ST,2223,2,"REPORTED, NOT EVIDENT",1,0,0,0,1,1,0,20,7,8,41.7213688223,-87.6430650519,"{'type': 'Point', 'coordinates': [-87.643065051892, 41.721368822306]}",,,,,,,,,,
9171c73611a9e4bc5c9e1cb9b6bac577d8f787d3ef5da1376bb4ef7c2ed7bfc060137857678a4921b351d49df0d3edc979c4d3ab52a48e3fbb6a4c7e1ad4a7af,2025-08-02T20:30:00.000,30,TRAFFIC SIGNAL,FUNCTIONING PROPERLY,CLEAR,DAWN,REAR END,NOT DIVIDED,STRAIGHT AND LEVEL,DRY,NO DEFECTS,ON SCENE,NO INJURY / DRIVE AWAY,,"OVER $1,500",2025-08-02T21:00:00.000,FOLLOWING TOO CLOSELY,NOT APPLICABLE,401,N,WELLS ST,1831,2,NO INDICATION OF INJURY,0,0,0,0,0,2,0,20,7,8,41.8892152218,-87.6338644008,"{'type': 'Point', 'coordinates': [-87.633864400819, 41.889215221757]}",,,,,,,,,,
cebc8b136091d5dca02838b7579246b67ef9354c740a806ecf105fd61aeee97bf314966c098c829ff25822f31b3ca5993ef1633380fa30b2bcb917fac503fd29,2025-08-02T20:30:00.000,30,NO CONTROLS,NO CONTROLS,UNKNOWN,UNKNOWN,REAR TO FRONT,DIVIDED - W/MEDIAN (NOT RAISED),STRAIGHT AND LEVEL,UNKNOWN,UNKNOWN,NOT ON SCENE (DESK REPORT),NO INJURY / DRIVE AWAY,,"OVER $1,500",2025-08-04T13:30:00.000,IMPROPER BACKING,IMPROPER BACKING,1820,W,CULLERTON ST,1234,2,NO INDICATION OF INJURY,0,0,0,0,0,3,0,20,7,8,41.8550893282,-87.6719076071,"{'type': 'Point', 'coordinates': [-87.671907607064, 41.855089328215]}",,,,,,,,,,
d68011f18ae5b364081aa939c51c19000ab77ce26034e92908a42d4abd68a13f2c84bbd2d138219f8f94639a7627397e0a13528776c3e4ba57a883aed64c0a59,2025-08-02T20:30:00.000,30,UNKNOWN,UNKNOWN,CLEAR,UNKNOWN,PARKED MOTOR VEHICLE,ONE-WAY,STRAIGHT AND LEVEL,DRY,UNKNOWN,NOT ON SCENE (DESK REPORT),NO INJURY / DRIVE AWAY,,"OVER $1,500",2025-08-02T21:30:00.000,UNABLE TO DETERMINE,NOT APPLICABLE,1524,W,61ST ST,713,2,NO INDICATION OF INJURY,0,0,0,0,0,1,0,20,7,8,41.7832376342,-87.6630246401,"{'type': 'Point', 'coordinates': [-87.663024640127, 41.783237634223]}",,,Y,,,,,,,
ed640d26e5ba081ef64df26638f95b2144cf0cae7e392626a07fe57c3608314edbd73fd07dc2f21c2ad6d2122fb6a3d7e742a8366eb77a0c9bebed1ddbb91091,2025-08-02T20:30:00.000,30,TRAFFIC SIGNAL,FUNCTIONING PROPERLY,CLEAR,"DARKNESS, LIGHTED ROAD",SIDESWIPE SAME DIRECTION,ONE-WAY,STRAIGHT AND LEVEL,DRY,NO DEFECTS,NOT ON SCENE (DESK REPORT),NO INJURY / DRIVE AWAY,,"$501 - $1,500",2025-08-03T10:50:00.000,IMPROPER LANE USAGE,IMPROPER LANE USAGE,55,E,GRAND AVE,1834,2,NO INDICATION OF INJURY,0,0,0,0,0,5,0,20,7,8,41.8915907411,-87.6258671372,"{'type': 'Point', 'coordinates': [-87.625867137245, 41.891590741084]}",,,,,,,,,,
1fec6236a25140e0cc4bb266fa3f09ca5417fb1793f32bf0b29de878076268f7776a36a80afdfb1b025b601d5c1e2e9ced6e59054c706fef80b32ce52abb8833,2025-08-02T20:20:00.000,30,STOP SIGN/FLASHER,FUNCTIONING PROPERLY,CLEAR,DUSK,ANGLE,NOT DIVIDED,STRAIGHT AND LEVEL,DRY,NO DEFECTS,ON SCENE,NO INJURY / DRIVE AWAY,,$500 OR LESS,2025-08-02T20:20:00.000,FAILING TO YIELD RIGHT-OF-WAY,PHYSICAL CONDITION OF DRIVER,6431,W,CORNELIA AVE,1632,2,NO INDICATION OF INJURY,0,0,0,0,0,4,0,20,7,8,41.9436962666,-87.7875543187,"{'type': 'Point', 'coordinates': [-87.787554318736, 41.943696266584]}",,,,,,,,,,
b38b6000d14cfb5168e548ef5cf8134c9729fe2cdb1bf75c90ffe56c1b79cb5c905baf15674dc8dda134468e4d8b116fb07300b35714aa9c50a13f01e3f395aa,2025-08-02T20:16:00.000,30,NO CONTROLS,NO CONTROLS,CLEAR,"DARKNESS, LIGHTED ROAD",TURNING,NOT DIVIDED,STRAIGHT AND LEVEL,DRY,NO DEFECTS,ON SCENE,INJURY AND / OR TOW DUE TO CRASH,,"OVER $1,500",2025-08-02T20:16:00.000,UNABLE TO DETERMINE,NOT APPLICABLE,7532,W,BELMONT AVE,1631,2,NONINCAPACITATING INJURY,1,0,0,1,0,2,0,20,7,8,41.9380669615,-87.8153580365,"{'type': 'Point', 'coordinates': [-87.815358036454, 41.938066961537]}",,,,,,,,,,
caf13cf6e7dc58ac3a77ac4262b8f7d1f37220a9958d32b1122e51689073d9170a24e5dd6bf95743cbb9931b2587f6bafa08393f8a87316fd5455997270992e9,2025-08-02T20:02:00.000,35,TRAFFIC SIGNAL,FUNCTIONING PROPERLY,CLEAR,"DARKNESS, LIGHTED ROAD",TURNING,FOUR WAY,STRAIGHT AND LEVEL,DRY,NO DEFECTS,NOT ON SCENE (DESK REPORT),NO INJURY / DRIVE AWAY,Y,"OVER $1,500",2025-08-02T23:45:00.000,UNABLE TO DETERMINE,NOT APPLICABLE,1152,S,WABASH AVE,123,2,NO INDICATION OF INJURY,0,0,0,0,0,2,0,20,7,8,41.8676943781,-87.6259790275,"{'type': 'Point', 'coordinates': [-87.625979027491, 41.867694378114]}",,,,,,,,,,
03a58d02aa60e9eb69c2c0688623e4347e860c8b569484dbf6aa7652f1ae2ae92b5a949ea02191c84598d68d5ed2a293810ca8400068f1a9fa144f64d38fc9a7,2025-08-02T20:00:00.000,10,NO CONTROLS,NO CONTROLS,CLEAR,DUSK,REAR TO FRONT,DIVIDED - W/MEDIAN (NOT RAISED),STRAIGHT AND LEVEL,DRY,NO DEFECTS,NOT ON SCENE (DESK REPORT),NO INJURY / DRIVE AWAY,,"$501 - $1,500",2025-08-03T11:15:00.000,UNABLE TO DETERMINE,NOT APPLICABLE,4432,S,SHIELDS AVE,925,2,NO INDICATION OF INJURY,0,0,0,0,0,2,0,20,7,8,41.81352109,-87.6347815773,"{'type': 'Point', 'coordinates': [-87.634781577326, 41.813521090044]}",,,,,,,,,,
09d2c687d08888d43b6ff261bdeda0fc661319a7f8c262e81837bb1ddd05e8dc94e320c29e6c7170b0f31049b01a4b79bb0dc63ff8f42564430253df244bb2d9,2025-08-02T20:00:00.000,35,NO CONTROLS,NO CONTROLS,CLEAR,"DARKNESS, LIGHTED ROAD",PARKED MOTOR VEHICLE,ONE-WAY,STRAIGHT AND LEVEL,DRY,NO DEFECTS,NOT ON SCENE (DESK REPORT),NO INJURY / DRIVE AWAY,,"OVER $1,500",2025-08-02T21:30:00.000,UNABLE TO DETERMINE,NOT APPLICABLE,710,N,RUSH ST,1834,2,NO INDICATION OF INJURY,0,0,0,0,0,2,0,20,7,8,41.8953208203,-87.6256200989,"{'type': 'Point', 'coordinates': [-87.625620098928, 41.895320820292]}",,,,,,,,,,
8e5a1dd902947472a0f0328984e604c5ca59afc76f684982806c01d19e793e1a298492411467c4ba4c747f690025cdc449611ff797c2c3105ada0d4cb6b54d90,2025-08-02T20:00:00.000,35,TRAFFIC SIGNAL,FUNCTIONING PROPERLY,CLEAR,"DARKNESS, LIGHTED ROAD",ANGLE,FOUR WAY,STRAIGHT AND LEVEL,DRY,NO DEFECTS,NOT ON SCENE (DESK REPORT),NO INJURY / DRIVE AWAY,Y,"$501 - $1,500",2025-08-03T00:30:00.000,FAILING TO YIELD RIGHT-OF-WAY,UNABLE TO DETERMINE,2000,N,SHEFFIELD AVE,1811,2,NO INDICATION OF INJURY,0,0,0,0,0,2,0,20,7,8,41.9181927953,-87.6535177534,"{'type': 'Point', 'coordinates': [-87.653517753448, 41.918192795344]}",,,,,,,,,,
803a88b2a72faecb121b509f823b75dc5af3c3349bdc4f3cac745efefd9982a688ba9b63568fe48b120635e7d9e952c9380a2b1ffbea0c6c3886dde5da7be9f6,2025-08-02T19:48:00.000,20,NO CONTROLS,NO CONTROLS,CLEAR,DAYLIGHT,REAR TO FRONT,ONE-WAY,STRAIGHT AND LEVEL,DRY,NO DEFECTS,ON SCENE,NO INJURY / DRIVE AWAY,,"OVER $1,500",2025-08-02T19:50:00.000,IMPROPER BACKING,NOT APPLICABLE,1325,S,TRIPP AVE,1011,2,NO INDICATION OF INJURY,0,0,0,0,0,2,0,19,7,8,41.8634892181,-87.7310588114,"{'type': 'Point', 'coordinates': [-87.731058811431, 41.863489218116]}",,,,,,,,,,
afde674276e65c156ec71d8e342a475d795569f950943305f01ab7a4253dd56e51d84d2fc4c80d87204bd6bef5958c9af43d71b165729499da4e426918f58680,2025-08-02T19:45:00.000,30,NO CONTROLS,NO CONTROLS,CLEAR,"DARKNESS, LIGHTED ROAD",REAR TO SIDE,PARKING LOT,STRAIGHT AND LEVEL,DRY,UNKNOWN,NOT ON SCENE (DESK REPORT),NO INJURY / DRIVE AWAY,,$500 OR LESS,2025-08-02T20:40:00.000,NOT APPLICABLE,NOT APPLICABLE,3100,N,LAKE SHORE DR,1934,2,NO INDICATION OF INJURY,0,0,0,0,0,2,0,19,7,8,41.9377712633,-87.6374559758,"{'type': 'Point', 'coordinates': [-87.637455975797, 41.937771263338]}",,,Y,,,,,,,
6a60c2957e159c732bdfa793da2be791be9c1f104c989fd032d783c64a84e74abbf76118134f0c15cfe5f7e0ff7d5674fe639d6d8a716bc81d96fed158bfa98c,2025-08-02T19:41:00.000,30,NO CONTROLS,NO CONTROLS,CLEAR,DARKNESS,TURNING,DIVIDED - W/MEDIAN (NOT RAISED),STRAIGHT AND LEVEL,DRY,NO DEFECTS,ON SCENE,NO INJURY / DRIVE AWAY,,"OVER $1,500",2025-08-02T19:42:00.000,UNABLE TO DETERMINE,NOT APPLICABLE,4600,W,LAKE ST,1113,2,NO INDICATION OF INJURY,0,0,0,0,0,7,0,19,7,8,41.8864048359,-87.740285418,"{'type': 'Point', 'coordinates': [-87.740285417973, 41.886404835909]}",,,,,,,,,,
2ec110396bcda7c9406d4c94a8ae58c7e4cf2ada31a085bea3780485daff506637d9402ca221c8e3388e777f0c21b48fcdb13aa42d24eadde03f812a63401499,2025-08-02T19:40:00.000,15,NO CONTROLS,NO CONTROLS,CLEAR,DAYLIGHT,REAR END,OTHER,STRAIGHT AND LEVEL,DRY,NO DEFECTS,NOT ON SCENE (DESK REPORT),NO INJURY / DRIVE AWAY,,"$501 - $1,500",2025-08-02T20:00:00.000,CELL PHONE USE OTHER THAN TEXTING,"OPERATING VEHICLE IN ERRATIC, RECKLESS, CARELESS, NEGLIGENT OR AGGRESSIVE MANNER",11131,S,CORLISS AVE,531,2,NO INDICATION OF INJURY,0,0,0,0,0,2,0,19,7,8,41.6919560066,-87.6005582471,"{'type': 'Point', 'coordinates': [-87.60055824713, 41.691956006633]}",Y,,,,,,,,,
984b4cdced2485cad953ab159ae5da72bc7ec26748d9a9539039227b924e09f368b1dc0a34e874c2b803f0a36bafdca39c4c944d5c2b983885098842fca26451,2025-08-02T19:40:00.000,30,NO CONTROLS,NO CONTROLS,UNKNOWN,DUSK,TURNING,NOT DIVIDED,STRAIGHT AND LEVEL,UNKNOWN,UNKNOWN,NOT ON SCENE (DESK REPORT),NO INJURY / DRIVE AWAY,,"OVER $1,500",2025-08-06T17:00:00.000,UNABLE TO DETERMINE,UNABLE TO DETERMINE,3310,N,LINDER AVE,1633,2,NO INDICATION OF INJURY,0,0,0,0,0,2,0,19,7,8,41.9407914101,-87.7642704162,"{'type': 'Point', 'coordinates': [-87.764270416187, 41.940791410062]}",,,,,,,,,,
4d2b30a459638eb4f56bdd5be542683ed74acf304fdf078f182dccafc3df3a94d6f4ef19832932c69424625bc5ef900be0ca9cbb5335aab2ac491782ead9b2f0,2025-08-02T19:30:00.000,30,NO CONTROLS,NO CONTROLS,CLEAR,"DARKNESS, LIGHTED ROAD",PARKED MOTOR VEHICLE,ONE-WAY,STRAIGHT AND LEVEL,DRY,NO DEFECTS,ON SCENE,NO INJURY / DRIVE AWAY,,"OVER $1,500",2025-08-02T19:56:00.000,UNABLE TO DETERMINE,NOT APPLICABLE,4511,S,JUSTINE ST,924,2,NO INDICATION OF INJURY,0,0,0,0,0,2,0,19,7,8,41.8118565607,-87.6636936169,"{'type': 'Point', 'coordinates': [-87.663693616935, 41.811856560706]}",,,Y,,,,,,,
93a03f0f05fd2b53a6a719db886564498bbffb8630921d739becbcfa6e646172c422ffb65f582156913bdc007ef866e80c5db4d780b7468e1dd1c01b085cf8d8,2025-08-02T19:30:00.000,30,NO CONTROLS,NO CONTROLS,CLEAR,DAYLIGHT,REAR END,NOT DIVIDED,STRAIGHT AND LEVEL,DRY,NO DEFECTS,NOT ON SCENE (DESK REPORT),NO INJURY / DRIVE AWAY,,"$501 - $1,500",2025-08-03T17:25:00.000,UNABLE TO DETERMINE,NOT APPLICABLE,1818,N,CAMPBELL AVE,1434,2,NO INDICATION OF INJURY,0,0,0,0,0,2,0,19,7,8,41.9145954216,-87.689920461,"{'type': 'Point', 'coordinates': [-87.689920460965, 41.914595421597]}",,,,,,,,,,
b838f11b32682bc626f9442808a343404c6f67fb63a6ac45e24aa6865a39426d42c8dafe40a39d6ba8396fb6a06ccba44664caadabee7dfa5dbcf10c07525a8b,2025-08-02T19:30:00.000,25,STOP SIGN/FLASHER,FUNCTIONING PROPERLY,CLEAR,"DARKNESS, LIGHTED ROAD",REAR TO FRONT,ROUNDABOUT,STRAIGHT AND LEVEL,DRY,NO DEFECTS,NOT ON SCENE (DESK REPORT),NO INJURY / DRIVE AWAY,Y,"OVER $1,500",2025-08-02T20:10:00.000,IMPROPER BACKING,FAILING TO YIELD RIGHT-OF-WAY,500,S,LOTUS AVE,1522,2,NO INDICATION OF INJURY,0,0,0,0,0,2,0,19,7,8,41.8738105961,-87.7617343766,"{'type': 'Point', 'coordinates': [-87.761734376622, 41.873810596059]}",,,,,,,,,,
9c484526c64b8bc1710f9481dca89b561955c3e04c60ce5c0fa42270fac434d3604c2d5463a862f0a3d5b39500a2171c75985ac7098900413e8b704bc141ddd7,2025-08-02T19:25:00.000,30,STOP SIGN/FLASHER,FUNCTIONING PROPERLY,CLEAR,DAYLIGHT,REAR END,NOT DIVIDED,STRAIGHT AND LEVEL,DRY,NO DEFECTS,NOT ON SCENE (DESK REPORT),NO INJURY / DRIVE AWAY,,"OVER $1,500",2025-08-04T12:20:00.000,FOLLOWING TOO CLOSELY,NOT APPLICABLE,3501,S,PULASKI RD,1031,2,NO INDICATION OF INJURY,0,0,0,0,0,3,0,19,7,8,41.8302270425,-87.7240584597,"{'type': 'Point', 'coordinates': [-87.724058459741, 41.83022704248]}",,,,,,,,,,
10e3dc50f927e76f5eed82c215bcb4c66ac24fc939d34666094db9e44ca447c1f6545fdb8ffd4a4e4fe80100c745db5f22cf571c69f503ad477a68afbcc16996,2025-08-02T19:20:00.000,30,NO CONTROLS,NO CONTROLS,CLEAR,DAYLIGHT,PARKED MOTOR VEHICLE,PARKING LOT,STRAIGHT AND LEVEL,DRY,NO DEFECTS,NOT ON SCENE (DESK REPORT),NO INJURY / DRIVE AWAY,,"$501 - $1,500",2025-08-02T19:50:00.000,UNABLE TO DETERMINE,UNABLE TO DETERMINE,1320,E,47TH ST,222,2,NO INDICATION OF INJURY,0,0,0,0,0,1,0,19,7,8,41.809781151,-87.594212812,"{'type': 'Point', 'coordinates': [-87.594212812011, 41.809781151018]}",Y,,,,,,,,,
972dff50930daf505b1af579f30692e649afd39d75c4997530060e5c77522ef0cc3d6833e605984af3388368a17c0ad8c533d62ca6f43c67b8cfcab578eeda04,2025-08-02T19:20:00.000,30,UNKNOWN,UNKNOWN,CLEAR,UNKNOWN,REAR END,UNKNOWN,STRAIGHT AND LEVEL,UNKNOWN,UNKNOWN,NOT ON SCENE (DESK REPORT),NO INJURY / DRIVE AWAY,,"OVER $1,500",2025-08-02T19:40:00.000,UNABLE TO DETERMINE,UNABLE TO DETERMINE,5450,N,ELSTON AVE,1623,2,NO INDICATION OF INJURY,0,0,0,0,0,2,0,19,7,8,41.9802798869,-87.7601715949,"{'type': 'Point', 'coordinates': [-87.760171594929, 41.980279886943]}",,,,,,,,,,
9426c288499a0fc8849ccbc2881d04592a81690e18b8b3293af28a38869a8ffd1197cc6165db2363307082b1512d3fc467da52e4375cfc44d05c45c3cd5a4337,2025-08-02T19:19:00.000,35,NO CONTROLS,UNKNOWN,CLEAR,DAYLIGHT,SIDESWIPE SAME DIRECTION,UNKNOWN,STRAIGHT AND LEVEL,DRY,UNKNOWN,,INJURY AND / OR TOW DUE TO CRASH,,"$501 - $1,500",2025-08-02T21:40:00.000,NOT APPLICABLE,NOT APPLICABLE,6444,S,CICERO AVE,813,2,NONINCAPACITATING INJURY,1,0,0,1,0,2,0,19,7,8,41.775266584,-87.7423317057,"{'type': 'Point', 'coordinates': [-87.742331705664, 41.775266583954]}",,,Y,,,,,,,
e6d47e2b4d31be62b528306171ce5bae5c4391a5b37fcababc3242caac36539f0064f0842f3a3d9878ec8c5fa9a2460319e12fd9cd90baf300d14a0a477963e2,2025-08-02T19:15:00.000,30,TRAFFIC SIGNAL,FUNCTIONING PROPERLY,CLEAR,DAYLIGHT,PEDESTRIAN,NOT DIVIDED,STRAIGHT AND LEVEL,DRY,NO DEFECTS,ON SCENE,INJURY AND / OR TOW DUE TO CRASH,,"OVER $1,500",2025-08-02T19:42:00.000,FAILING TO YIELD RIGHT-OF-WAY,FAILING TO YIELD RIGHT-OF-WAY,4358,N,ASHLAND AVE,1912,2,NONINCAPACITATING INJURY,1,0,0,1,0,1,0,19,7,8,41.9614968451,-87.6694011163,"{'type': 'Point', 'coordinates': [-87.669401116349, 41.961496845112]}",,,,,,,,,,
a5b1cb278d386d6a0ace05da6802f569876100a383b9dd2c5473860571ab79a9888c5c5a836b51849820a476763b47e2b18b5b9a29210a21ecf3f63bd8d63b7c,2025-08-02T19:14:00.000,30,TRAFFIC SIGNAL,FUNCTIONING PROPERLY,CLEAR,DAYLIGHT,PEDALCYCLIST,FOUR WAY,STRAIGHT AND LEVEL,DRY,NO DEFECTS,ON SCENE,INJURY AND / OR TOW DUE TO CRASH,Y,$500 OR LESS,2025-08-02T19:25:00.000,DISREGARDING STOP SIGN,NOT APPLICABLE,5927,N,CLARK ST,2013,2,NONINCAPACITATING INJURY,1,0,0,1,0,4,0,19,7,8,41.9892390479,-87.6698040107,"{'type': 'Point', 'coordinates': [-87.669804010688, 41.989239047872]}",,,,,,,,,,
023e8976b0d1b56b32035ace30b8f6a692977f1442008e798c6678e36c99118c98da05c89621f84a2ccf22415f2411d911a877ae9b565396027f3a4ac124f5f6,2025-08-02T19:00:00.000,30,NO CONTROLS,NO CONTROLS,CLEAR,DAYLIGHT,SIDESWIPE SAME DIRECTION,NOT DIVIDED,STRAIGHT AND LEVEL,DRY,NO DEFECTS,NOT ON SCENE (DESK REPORT),NO INJURY / DRIVE AWAY,,$500 OR LESS,2025-08-02T20:04:00.000,IMPROPER OVERTAKING/PASSING,NOT APPLICABLE,4045,W,76TH ST,833,2,NO INDICATION OF INJURY,0,0,0,0,0,2,0,19,7,8,41.7549556939,-87.7237805657,"{'type': 'Point', 'coordinates': [-87.723780565735, 41.754955693853]}",,,Y,,,,,,,