crash_record_id,crash_date,posted_speed_limit,traffic_control_device,device_condition,weather_condition,lighting_condition,first_crash_type,trafficway_type,alignment,roadway_surface_cond,road_defect,report_type,crash_type,intersection_related_i,damage,date_police_notified,prim_contributory_cause,sec_contributory_cause,street_no,street_direction,street_name,beat_of_occurrence,num_units,most_severe_injury,injuries_total,injuries_fatal,injuries_incapacitating,injuries_non_incapacitating,injuries_reported_not_evident,injuries_no_indication,injuries_unknown,crash_hour,crash_day_of_week,crash_month,latitude,longitude,location,private_property_i,photos_taken_i,hit_and_run_i,statements_taken_i,crash_date_est_i,work_zone_i,work_zone_type,dooring_i,lane_cnt,workers_present_i
1c2441c77b178ac394a4b5b6a3c81c2b4849241a7138cc9cfd2e49692caad72416dea565283f830ba1d922fa120d71cbd4a16e1eda9059fa7263a58e67a7035d,2025-08-02T19:00:00.000,30,NO CONTROLS,NO CONTROLS,CLEAR,DUSK,SIDESWIPE SAME DIRECTION,NOT DIVIDED,STRAIGHT AND LEVEL,DRY,WORN SURFACE,NOT ON SCENE (DESK REPORT),NO INJURY / DRIVE AWAY,,"$501 - $1,500",2025-08-07T18:20:00.000,IMPROPER OVERTAKING/PASSING,NOT APPLICABLE,2429,W,44TH ST,922,2,NO INDICATION OF INJURY,0,0,0,0,0,2,0,19,7,8,41.8137558496,-87.685785285,"{'type': 'Point', 'coordinates': [-87.685785284953, 41.813755849556]}",,,,,,,,,,
5f58d6d1396c21f7d7762bd1ea62de52245978e0917e432cdb130fa500b78d492980f5264a7a7fe40363ea705dea97a950fe154380dbb12bab1f4334f8cf76ff,2025-08-02T19:00:00.000,15,NO CONTROLS,NO CONTROLS,CLEAR,DAYLIGHT,PARKED MOTOR VEHICLE,PARKING LOT,STRAIGHT AND LEVEL,DRY,NO DEFECTS,ON SCENE,NO INJURY / DRIVE AWAY,,"OVER $1,500",2025-08-02T19:14:00.000,UNABLE TO DETERMINE,FAILING TO REDUCE SPEED TO AVOID CRASH,6922,S,PULASKI RD,833,2,NO INDICATION OF INJURY,0,0,0,0,0,1,0,19,7,8,41.767043358,-87.7226141801,"{'type': 'Point', 'coordinates': [-87.72261418012, 41.767043357996]}",,,Y,,,,,,,
7cb1acdb3075744a8699a0050f670f3a07b3c852768a3fbc07c573768d18c22b84dffec17defa95557c7145cc5af6127685381afa2e0351a67c07ea49223828c,2025-08-02T19:00:00.000,25,NO CONTROLS,NO CONTROLS,CLEAR,DUSK,PARKED MOTOR VEHICLE,DIVIDED - W/MEDIAN (NOT RAISED),STRAIGHT AND LEVEL,DRY,NO DEFECTS,NOT ON SCENE (DESK REPORT),NO INJURY / DRIVE AWAY,,"OVER $1,500",2025-08-04T18:45:00.000,DRIVING SKILLS/KNOWLEDGE/EXPERIENCE,UNABLE TO DETERMINE,4007,N,KOLMAR AVE,1722,2,NO INDICATION OF INJURY,0,0,0,0,0,1,0,19,7,8,41.9537472918,-87.7416114527,"{'type': 'Point', 'coordinates': [-87.741611452684, 41.953747291768]}",,,,,,,,,,
fb6deca7a1e39a1aaa0050744c67f78fd21ed953375c2ac7cd6892cab085b4b50f2c57b972fb4247f8cd2439b5b6cdeb0883a9ab6a9199f3bb1eca7be49131f0,2025-08-02T19:00:00.000,25,NO CONTROLS,NO CONTROLS,CLEAR,DAYLIGHT,REAR TO FRONT,ONE-WAY,STRAIGHT AND LEVEL,DRY,NO DEFECTS,NOT ON SCENE (DESK REPORT),NO INJURY / DRIVE AWAY,,"OVER $1,500",2025-08-02T19:30:00.000,IMPROPER BACKING,NOT APPLICABLE,5177,N,SPRINGFIELD AVE,1712,2,NO INDICATION OF INJURY,0,0,0,0,0,2,0,19,7,8,41.9754685692,-87.7256535331,"{'type': 'Point', 'coordinates': [-87.725653533065, 41.975468569156]}",,,Y,,,,,,,
bcb3b22bdefe25151c43ff408eed37bc2848695d4d7ae64013f58247077f8e611f770b6f1270ddd7cac26d92382188f60f4a465e40998f88f8ddc1fe891f29b3,2025-08-02T18:57:00.000,30,NO CONTROLS,NO CONTROLS,CLEAR,"DARKNESS, LIGHTED ROAD",SIDESWIPE SAME DIRECTION,NOT DIVIDED,STRAIGHT AND LEVEL,DRY,UNKNOWN,ON SCENE,NO INJURY / DRIVE AWAY,,"OVER $1,500",2025-08-02T19:19:00.000,FAILING TO REDUCE SPEED TO AVOID CRASH,IMPROPER OVERTAKING/PASSING,340,E,NORTH WATER ST,1834,2,NO INDICATION OF INJURY,0,0,0,0,0,2,0,18,7,8,41.889625934,-87.6189734999,"{'type': 'Point', 'coordinates': [-87.618973499867, 41.889625933968]}",,,,,,,,,,
641d6e03e68aff8441dd5c3dbf298a1d3efbc9e4b420428a25c0300d5a687a4a7a419e2dec44895f72f60209362bb061786f61102bfe3683542448f041b12316,2025-08-02T18:56:00.000,30,TRAFFIC SIGNAL,FUNCTIONING PROPERLY,CLEAR,DAYLIGHT,PEDESTRIAN,DIVIDED - W/MEDIAN (NOT RAISED),STRAIGHT AND LEVEL,DRY,NO DEFECTS,NOT ON SCENE (DESK REPORT),INJURY AND / OR TOW DUE TO CRASH,Y,"OVER $1,500",2025-08-02T21:25:00.000,DISREGARDING TRAFFIC SIGNALS,UNABLE TO DETERMINE,260,N,STATE ST,111,2,NONINCAPACITATING INJURY,1,0,0,1,0,1,0,18,7,8,41.8874416979,-87.6281476395,"{'type': 'Point', 'coordinates': [-87.628147639483, 41.887441697944]}",,,,,,,,,,
538837c58122cd202a3a0030002e1ac2e82f695502ece972819450961b2bc91281b82ce99f3e45606df22901b7b2016f8b6fd75bbeeccd80c5addee8a6a13a04,2025-08-02T18:55:00.000,30,NO CONTROLS,NO CONTROLS,CLEAR,DAYLIGHT,SIDESWIPE SAME DIRECTION,DIVIDED - W/MEDIAN BARRIER,STRAIGHT AND LEVEL,DRY,"RUT, HOLES",ON SCENE,NO INJURY / DRIVE AWAY,,"$501 - $1,500",2025-08-02T18:56:00.000,UNABLE TO DETERMINE,UNABLE TO DETERMINE,3114,S,WESTERN AVE,911,2,NO INDICATION OF INJURY,0,0,0,0,0,3,0,18,7,8,41.836857593,-87.6849099946,"{'type': 'Point', 'coordinates': [-87.684909994566, 41.836857592999]}",,,,,,Y,MAINTENANCE,,,
b3891228477db5596a33a118661c9c74f23b745f53f873eed0ff697ffcee09c3ec6a3cef9c1391c7e569e85fb033ecc1cc970d20369c487910a5aadef3395d82,2025-08-02T18:51:00.000,5,NO CONTROLS,NO CONTROLS,CLEAR,DAYLIGHT,PARKED MOTOR VEHICLE,PARKING LOT,STRAIGHT AND LEVEL,DRY,NO DEFECTS,NOT ON SCENE (DESK REPORT),NO INJURY / DRIVE AWAY,,"OVER $1,500",2025-08-02T19:28:00.000,IMPROPER BACKING,NOT APPLICABLE,835,S,WABASH AVE,123,2,NO INDICATION OF INJURY,0,0,0,0,0,4,0,18,7,8,41.8713768344,-87.6257799633,"{'type': 'Point', 'coordinates': [-87.625779963288, 41.871376834436]}",Y,,,,,,,,,
c8257133208941f37010ddda77819fa00c64fc2dafb5a165e27da390089ec923b236fed588fc960bc603fba53af42faf362eacacae7d686bb4e46503ef7e23ff,2025-08-02T18:50:00.000,30,NO CONTROLS,NO CONTROLS,CLEAR,DAYLIGHT,PARKED MOTOR VEHICLE,DIVIDED - W/MEDIAN BARRIER,STRAIGHT AND LEVEL,DRY,UNKNOWN,ON SCENE,INJURY AND / OR TOW DUE TO CRASH,,"OVER $1,500",2025-08-02T18:53:00.000,FAILING TO REDUCE SPEED TO AVOID CRASH,IMPROPER LANE USAGE,6336,N,MILWAUKEE AVE,1611,3,NO INDICATION OF INJURY,0,0,0,0,0,1,0,18,7,8,41.9959330913,-87.7867193987,"{'type': 'Point', 'coordinates': [-87.786719398716, 41.995933091277]}",,,,,,,,,,
e18f8ac17734fb9beaa13f3b7d4b7ccf6e6f2bce1b5ae91ab6a5d4608e5c94a5ff5f1dfc7aa8b3d9ccd01452c94c5aa5ea352d34996de4ce2a0531c33f8736da,2025-08-02T18:35:00.000,30,UNKNOWN,UNKNOWN,UNKNOWN,UNKNOWN,TURNING,UNKNOWN,STRAIGHT AND LEVEL,UNKNOWN,UNKNOWN,NOT ON SCENE (DESK REPORT),NO INJURY / DRIVE AWAY,,"OVER $1,500",2025-08-02T19:00:00.000,UNABLE TO DETERMINE,NOT APPLICABLE,3400,N,CICERO AVE,1634,2,NO INDICATION OF INJURY,0,0,0,0,0,2,0,18,7,8,41.9425200062,-87.7471128212,"{'type': 'Point', 'coordinates': [-87.747112821184, 41.942520006214]}",,,,,,,,,,
972c08d8a7604f9b812620c587ba2b2b9001134f6d0f42d60509b54e7b6a9a1b1b76e4ce58952b89f4169281fc63561fcf233e9b87720ca7034d307edd20cb3f,2025-08-02T18:28:00.000,30,NO CONTROLS,NO CONTROLS,CLEAR,DAYLIGHT,REAR END,NOT DIVIDED,STRAIGHT AND LEVEL,DRY,WORN SURFACE,NOT ON SCENE (DESK REPORT),NO INJURY / DRIVE AWAY,,$500 OR LESS,2025-08-02T18:45:00.000,UNABLE TO DETERMINE,UNABLE TO DETERMINE,944,W,76TH ST,621,2,NO INDICATION OF INJURY,0,0,0,0,0,4,0,18,7,8,41.7561473487,-87.6483855103,"{'type': 'Point', 'coordinates': [-87.648385510327, 41.756147348652]}",,,Y,,,,,,,
bdf0965bdf6a766569246b97fec8847569cc965ddee060e428daaed90b5db833fadb7d491358f0717a2e31afd081d3fde90b8f4617a260deb6715dae45493e3f,2025-08-02T18:22:00.000,30,UNKNOWN,UNKNOWN,CLEAR,DAYLIGHT,SIDESWIPE OPPOSITE DIRECTION,DIVIDED - W/MEDIAN (NOT RAISED),STRAIGHT AND LEVEL,UNKNOWN,UNKNOWN,NOT ON SCENE (DESK REPORT),NO INJURY / DRIVE AWAY,,"$501 - $1,500",2025-08-02T19:10:00.000,UNABLE TO DETERMINE,NOT APPLICABLE,427,E,PERSHING RD,214,2,NO INDICATION OF INJURY,0,0,0,0,0,2,0,18,7,8,41.8237429989,-87.615686201,"{'type': 'Point', 'coordinates': [-87.615686200955, 41.823742998867]}",,,Y,,,,,,,
da91857024b23c50a93b6031fe21511a126b859fe1982317223ad3315f12ce5c81140ad0f7ab04d3b34a621f84824f5187155d7bb501d43854dd3dcd8da7fa8c,2025-08-02T18:19:00.000,35,NO CONTROLS,NO CONTROLS,CLEAR,DAYLIGHT,REAR END,DIVIDED - W/MEDIAN (NOT RAISED),STRAIGHT AND LEVEL,DRY,NO DEFECTS,NOT ON SCENE (DESK REPORT),NO INJURY / DRIVE AWAY,,"OVER $1,500",2025-08-02T18:47:00.000,FOLLOWING TOO CLOSELY,NOT APPLICABLE,1707,W,ADDISON ST,1922,2,NO INDICATION OF INJURY,0,0,0,0,0,2,0,18,7,8,41.9468438351,-87.6716177001,"{'type': 'Point', 'coordinates': [-87.671617700105, 41.946843835082]}",,,Y,,,,,,,
64ff51e50b3449d09acf3507bfa5af54d3a79734b7377d87ce66f9913e17d76db0cdc1d21788bcd3ade97937681866facf05000f02c3a858036b4edbbd079947,2025-08-02T18:16:00.000,30,NO CONTROLS,NO CONTROLS,CLEAR,DAYLIGHT,SIDESWIPE SAME DIRECTION,FOUR WAY,STRAIGHT AND LEVEL,DRY,NO DEFECTS,NOT ON SCENE (DESK REPORT),NO INJURY / DRIVE AWAY,,"OVER $1,500",2025-08-02T19:00:00.000,FAILING TO YIELD RIGHT-OF-WAY,NOT APPLICABLE,7900,S,HERMITAGE AVE,611,2,NO INDICATION OF INJURY,0,0,0,0,0,2,0,18,7,8,41.7502185758,-87.6672248244,"{'type': 'Point', 'coordinates': [-87.667224824351, 41.750218575838]}",,,,,,,,,,
8f58ddc0412b31713f4d43db79b3ee9c3362cdd6fe3590e69645706adc4b627b65ee2d762cf951647d739377c9eebbdea15ca28a0c640a7a9947f330c97f9634,2025-08-02T18:15:00.000,20,TRAFFIC SIGNAL,FUNCTIONING PROPERLY,CLEAR,DAYLIGHT,ANGLE,FOUR WAY,STRAIGHT AND LEVEL,DRY,NO DEFECTS,ON SCENE,INJURY AND / OR TOW DUE TO CRASH,Y,"OVER $1,500",2025-08-02T18:35:00.000,DISREGARDING TRAFFIC SIGNALS,FAILING TO YIELD RIGHT-OF-WAY,329,N,KILBOURN AVE,1113,2,NO INDICATION OF INJURY,0,0,0,0,0,3,0,18,7,8,41.886128829,-87.7379605562,"{'type': 'Point', 'coordinates': [-87.737960556234, 41.886128828967]}",,,Y,,,,,,,
2e9824b4e523ae1c9a5d6d6c504e9e19bfa2e19f5809c197f2d1fbbeeacf196db53a5f588a26ac8db13878897aabc8b458c1223680df85159c0ba8cb24deaf85,2025-08-02T18:00:00.000,35,NO CONTROLS,UNKNOWN,CLEAR,DAYLIGHT,TURNING,CENTER TURN LANE,STRAIGHT AND LEVEL,DRY,NO DEFECTS,ON SCENE,NO INJURY / DRIVE AWAY,,"OVER $1,500",2025-08-02T18:15:00.000,IMPROPER LANE USAGE,NOT APPLICABLE,7923,S,HALSTED ST,621,2,NO INDICATION OF INJURY,0,0,0,0,0,7,0,18,7,8,41.7499314582,-87.6438771253,"{'type': 'Point', 'coordinates': [-87.643877125327, 41.749931458226]}",,,Y,,,,,,,
2fef901d056137e97883284e1e9ee5374d3761e5d18267725b3cc5bfe9b8b753be7f97c9832109415ae572d5a6ebfebf3c2b11b1278a102ee8ae1e8257e0a887,2025-08-02T18:00:00.000,30,TRAFFIC SIGNAL,FUNCTIONING PROPERLY,CLEAR,DAYLIGHT,PEDALCYCLIST,FOUR WAY,STRAIGHT AND LEVEL,DRY,NO DEFECTS,NOT ON SCENE (DESK REPORT),NO INJURY / DRIVE AWAY,Y,"$501 - $1,500",2025-08-02T18:55:00.000,UNABLE TO DETERMINE,NOT APPLICABLE,200,S,STATE ST,113,2,NO INDICATION OF INJURY,0,0,0,0,0,3,0,18,7,8,41.879427045,-87.6278564858,"{'type': 'Point', 'coordinates': [-87.627856485786, 41.879427045001]}",,,,,,,,,,
7e1bb0d71ad17be7fbb43b22cf249a6f83fc03e2e036a88bb9d4d5813f96812ff0ba507285ae41528471f65f907e16d2a7e21c44b137da5d0038445a2060373f,2025-08-02T18:00:00.000,20,NO CONTROLS,NO CONTROLS,CLEAR,DARKNESS,PARKED MOTOR VEHICLE,ONE-WAY,STRAIGHT AND LEVEL,DRY,NO DEFECTS,ON SCENE,NO INJURY / DRIVE AWAY,,"OVER $1,500",2025-08-03T15:02:00.000,UNABLE TO DETERMINE,UNABLE TO DETERMINE,2259,N,PARKSIDE AVE,2515,2,NO INDICATION OF INJURY,0,0,0,0,0,1,0,18,7,8,41.9220490248,-87.7669880968,"{'type': 'Point', 'coordinates': [-87.76698809684, 41.922049024844]}",,,Y,N,Y,,,,,
e428c5f06dcf957914f4d5e835dfd813563b37b84265229a2e3ac50651761dcee62837cbfc11a623c3ccf411f0c91822c8861e933ff0922bd124e98937ca0bc5,2025-08-02T17:55:00.000,30,TRAFFIC SIGNAL,FUNCTIONING PROPERLY,CLEAR,DAYLIGHT,SIDESWIPE SAME DIRECTION,TRAFFIC ROUTE,STRAIGHT AND LEVEL,DRY,NO DEFECTS,ON SCENE,NO INJURY / DRIVE AWAY,,"OVER $1,500",2025-08-02T17:55:00.000,NOT APPLICABLE,NOT APPLICABLE,5520,S,WENTWORTH AVE,225,3,NO INDICATION OF INJURY,0,0,0,0,0,5,0,17,7,8,41.7934996445,-87.6306372504,"{'type': 'Point', 'coordinates': [-87.630637250407, 41.793499644498]}",,,Y,N,,,,,,
c680521ff4f693744d9bfacf13ef5780bc55220ea92dd9653fe914554037eaff1c287f7b700846a74dd305e7322e81b7855a1dd62adedb1fdc3e950edb2726ac,2025-08-02T17:51:00.000,30,NO CONTROLS,NO CONTROLS,CLEAR,DAYLIGHT,FIXED OBJECT,NOT DIVIDED,STRAIGHT AND LEVEL,DRY,UNKNOWN,ON SCENE,INJURY AND / OR TOW DUE TO CRASH,,"OVER $1,500",2025-08-02T17:51:00.000,UNABLE TO DETERMINE,UNABLE TO DETERMINE,2998,E,86TH ST,423,1,NONINCAPACITATING INJURY,1,0,0,1,0,0,0,17,7,8,41.7393088169,-87.5515288237,"{'type': 'Point', 'coordinates': [-87.551528823662, 41.739308816894]}",,,,,,,,,,
90b9c4043df334099779888d97e5b8ff0a7bbc3a3fd8f1c1769d9500f9300754280b00b68f414f007a0abc9ed26fae505633a1f249df84943d8aa4e7a70d8488,2025-08-02T17:45:00.000,30,TRAFFIC SIGNAL,FUNCTIONING PROPERLY,CLEAR,DAYLIGHT,ANGLE,DIVIDED - W/MEDIAN (NOT RAISED),STRAIGHT AND LEVEL,DRY,UNKNOWN,ON SCENE,INJURY AND / OR TOW DUE TO CRASH,,"$501 - $1,500",2025-08-02T18:22:00.000,UNABLE TO DETERMINE,UNABLE TO DETERMINE,1653,W,ROOSEVELT RD,1233,2,NONINCAPACITATING INJURY,1,0,0,1,0,2,0,17,7,8,41.8667492941,-87.6685422428,"{'type': 'Point', 'coordinates': [-87.668542242776, 41.866749294123]}",,,,,,,,,,
a51af2bc2d575682446fa14eef3e588d30844762f8960177df84dcc880204bc997b07447970e687f527e2d917ceb6ae3076944ae5327529f29c513dc313b2ae4,2025-08-02T17:45:00.000,30,TRAFFIC SIGNAL,FUNCTIONING PROPERLY,CLEAR,DAYLIGHT,SIDESWIPE SAME DIRECTION,NOT DIVIDED,STRAIGHT AND LEVEL,DRY,NO DEFECTS,NOT ON SCENE (DESK REPORT),NO INJURY / DRIVE AWAY,,"OVER $1,500",2025-08-02T18:20:00.000,FAILING TO YIELD RIGHT-OF-WAY,FAILING TO YIELD RIGHT-OF-WAY,1759,W,OGDEN AVE,1231,2,NO INDICATION OF INJURY,0,0,0,0,0,3,0,17,7,8,41.8774060855,-87.6706849375,"{'type': 'Point', 'coordinates': [-87.670684937532, 41.877406085464]}",,,,,,,,,,
d51433c641ceebaa09a2eeef284c12e31a6ee90c163b66fb4c275c523d81a190b0f2cf2391e74caedad69126e09f4783ebd4b5e7a6e83052dd3ccfb30b7ae07d,2025-08-02T17:45:00.000,0,NO CONTROLS,NO CONTROLS,CLEAR,UNKNOWN,PARKED MOTOR VEHICLE,OTHER,STRAIGHT AND LEVEL,UNKNOWN,UNKNOWN,ON SCENE,NO INJURY / DRIVE AWAY,,"$501 - $1,500",2025-08-03T10:00:00.000,UNABLE TO DETERMINE,UNABLE TO DETERMINE,1230,S,WESTERN AVE,1023,2,NO INDICATION OF INJURY,0,0,0,0,0,1,0,17,7,8,41.8656530748,-87.6861625238,"{'type': 'Point', 'coordinates': [-87.686162523762, 41.865653074809]}",Y,,,,,,,,,
7085de679e86e5fd11ddcccc7b22382528224eab68ac16f2002eac61eda8204b32baf277560e75f2eeb0ae5208c8feea43d48d638cea8c2acf79dc1a91a809f8,2025-08-02T17:42:00.000,30,NO CONTROLS,NO CONTROLS,CLEAR,DAYLIGHT,REAR END,DIVIDED - W/MEDIAN (NOT RAISED),STRAIGHT AND LEVEL,DRY,NO DEFECTS,ON SCENE,INJURY AND / OR TOW DUE TO CRASH,,"OVER $1,500",2025-08-02T17:44:00.000,IMPROPER OVERTAKING/PASSING,DISREGARDING ROAD MARKINGS,7482,S,DAMEN AVE,735,2,NO INDICATION OF INJURY,0,0,0,0,0,2,0,17,7,8,41.7577394237,-87.6734914056,"{'type': 'Point', 'coordinates': [-87.673491405592, 41.757739423731]}",,,Y,,,,,,,
24e1455a6d2d6f55d7394482ebe8ee39692b08ac320950906d0bdfe4a68c1fc6c712f8f7dc2f58d16ad1da63a64ab2183cd2f051ab9e77e8e9629e25f1da3794,2025-08-02T17:38:00.000,30,TRAFFIC SIGNAL,UNKNOWN,CLEAR,DAYLIGHT,TURNING,DIVIDED - W/MEDIAN (NOT RAISED),STRAIGHT AND LEVEL,DRY,UNKNOWN,ON SCENE,INJURY AND / OR TOW DUE TO CRASH,Y,"OVER $1,500",2025-08-02T18:08:00.000,FAILING TO YIELD RIGHT-OF-WAY,NOT APPLICABLE,3360,N,KIMBALL AVE,1732,2,NO INDICATION OF INJURY,0,0,0,0,0,3,0,17,7,8,41.9424321207,-87.7127496384,"{'type': 'Point', 'coordinates': [-87.712749638384, 41.942432120709]}",,,,,,,,,,
efd018270e41fc6b370a8d39b4479301496235267c3c635269e6f6919f964ec003721bdf8f2a8bfdb4ddf7a138a035374825418210594b00b59fe3f423b8eb5f,2025-08-02T17:38:00.000,10,OTHER,OTHER,CLEAR,DAYLIGHT,OTHER OBJECT,OTHER,STRAIGHT AND LEVEL,DRY,UNKNOWN,ON SCENE,NO INJURY / DRIVE AWAY,,"OVER $1,500",2025-08-04T15:53:00.000,IMPROPER BACKING,NOT APPLICABLE,8659,S,STATE ST,632,1,NO INDICATION OF INJURY,0,0,0,0,0,1,0,17,7,8,41.7363580134,-87.6240150581,"{'type': 'Point', 'coordinates': [-87.624015058087, 41.736358013424]}",,,Y,,,,,,,
31f3fd4444b28134abc2487b0e3ae35ef4da6c16ecaf674fe3b4853d33d09e0836606715814e1da6098abaf0229d5371367ac0428f350ad665dea7ec2f62800e,2025-08-02T17:32:00.000,30,TRAFFIC SIGNAL,FUNCTIONING PROPERLY,CLEAR,DAYLIGHT,REAR END,DIVIDED - W/MEDIAN BARRIER,STRAIGHT AND LEVEL,DRY,NO DEFECTS,ON SCENE,INJURY AND / OR TOW DUE TO CRASH,,"$501 - $1,500",2025-08-02T17:36:00.000,FOLLOWING TOO CLOSELY,NOT APPLICABLE,9300,S,STONY ISLAND AVE,413,3,NONINCAPACITATING INJURY,1,0,0,1,0,3,0,17,7,8,41.7258881,-87.5855587858,"{'type': 'Point', 'coordinates': [-87.585558785787, 41.725888099989]}",,,,,,,,,,
56e6851437d9e83ef5406ae621d8c31eb4ec5295e54992e2326351bc84c9dc9b7e6683ca6ae8172557b7e992920bdd9b3cc63dc68b599af5ed15a176bd10e749,2025-08-02T17:31:00.000,30,TRAFFIC SIGNAL,FUNCTIONING PROPERLY,CLEAR,DAYLIGHT,REAR END,NOT DIVIDED,STRAIGHT AND LEVEL,DRY,NO DEFECTS,NOT ON SCENE (DESK REPORT),NO INJURY / DRIVE AWAY,,"$501 - $1,500",2025-08-02T18:20:00.000,FOLLOWING TOO CLOSELY,FOLLOWING TOO CLOSELY,430,W,ROOSEVELT RD,124,2,NO INDICATION OF INJURY,0,0,0,0,0,2,0,17,7,8,41.8673676366,-87.6387112212,"{'type': 'Point', 'coordinates': [-87.638711221216, 41.867367636623]}",,,,,,,,,,
81d937b6628244a57db1fead62aef8243b9820ee26c2503bc596fc1d92a5a1a98abcd7d413524a26202afb2d7f962b1692426f0b10546ff6db785310958571cd,2025-08-02T17:30:00.000,30,STOP SIGN/FLASHER,FUNCTIONING PROPERLY,CLEAR,DAYLIGHT,ANGLE,NOT DIVIDED,STRAIGHT AND LEVEL,DRY,NO DEFECTS,NOT ON SCENE (DESK REPORT),INJURY AND / OR TOW DUE TO CRASH,,"OVER $1,500",2025-08-02T18:50:00.000,NOT APPLICABLE,NOT APPLICABLE,6398,W,59TH ST,811,2,NO INDICATION OF INJURY,0,0,0,0,0,5,0,17,7,8,41.7851214761,-87.7814804139,"{'type': 'Point', 'coordinates': [-87.781480413863, 41.785121476113]}",,,,,,,,,,
2d506402a71e38ed637ea93e80b9590665492da9488b354b60a9dd4e7ef9839f6cdfff078f065f7a512468823e748c89eef11c86bf27b1ddac323076a226cadb,2025-08-02T17:25:00.000,30,TRAFFIC SIGNAL,FUNCTIONING PROPERLY,CLEAR,DAYLIGHT,ANGLE,FOUR WAY,STRAIGHT AND LEVEL,DRY,NO DEFECTS,ON SCENE,INJURY AND / OR TOW DUE TO CRASH,Y,"OVER $1,500",2025-08-02T17:30:00.000,DISREGARDING TRAFFIC SIGNALS,UNABLE TO DETERMINE,7500,S,ST LAWRENCE AVE,624,2,NONINCAPACITATING INJURY,2,0,0,2,0,1,0,17,7,8,41.7583928091,-87.610400252,"{'type': 'Point', 'coordinates': [-87.610400252018, 41.758392809135]}",,,,,,,,,,
86d6784f7fd86287335a59ef27d4913e0007622560b00f714f91a4a044266b137639cc7ed2c7c6866afff0b9f7d333a31e08f739c7b35a1fc8a391c0b5931dfa,2025-08-02T17:10:00.000,30,OTHER,UNKNOWN,CLEAR,DAYLIGHT,SIDESWIPE SAME DIRECTION,OTHER,STRAIGHT AND LEVEL,DRY,UNKNOWN,ON SCENE,NO INJURY / DRIVE AWAY,,"OVER $1,500",2025-08-02T17:12:00.000,IMPROPER OVERTAKING/PASSING,NOT APPLICABLE,8699,S,LAFAYETTE AVE,622,2,NO INDICATION OF INJURY,0,0,0,0,0,4,0,17,7,8,41.736364533,-87.6252999684,"{'type': 'Point', 'coordinates': [-87.625299968415, 41.736364532966]}",,,,,,,,,,
a819c9ab995d529ac96f2981c3e8d54f0929cc36828f0dfbbdb32ea1632b4c7e356926c391c6881cc0b24cff8ca0f9478a8eaba81937486ae0b487e248e90229,2025-08-02T17:09:00.000,30,RAILROAD CROSSING GATE,FUNCTIONING PROPERLY,CLEAR,DAYLIGHT,TRAIN,NOT DIVIDED,STRAIGHT AND LEVEL,DRY,NO DEFECTS,ON SCENE,INJURY AND / OR TOW DUE TO CRASH,Y,"OVER $1,500",2025-08-02T17:09:00.000,UNABLE TO DETERMINE,NOT APPLICABLE,3002,W,111TH ST,2211,3,NONINCAPACITATING INJURY,1,0,0,1,0,3,0,17,7,8,41.691730609,-87.6962946207,"{'type': 'Point', 'coordinates': [-87.696294620679, 41.691730609049]}",,,,,,,,,,
513d407bf0d7f6c27f424ec4797d887498099ccebc2e20849890d0447f27a2a7d72d32c46982412635bc6df1309fd283ab7ab94b3ae5bd70db6d8ace3d176e72,2025-08-02T17:06:00.000,30,STOP SIGN/FLASHER,FUNCTIONING PROPERLY,CLEAR,DAYLIGHT,TURNING,DIVIDED - W/MEDIAN (NOT RAISED),STRAIGHT AND LEVEL,DRY,NO DEFECTS,NOT ON SCENE (DESK REPORT),NO INJURY / DRIVE AWAY,N,"OVER $1,500",2025-08-02T17:40:00.000,UNABLE TO DETERMINE,NOT APPLICABLE,3101,S,RACINE AVE,913,2,NO INDICATION OF INJURY,0,0,0,0,0,2,0,17,7,8,41.8378710259,-87.6558714821,"{'type': 'Point', 'coordinates': [-87.655871482095, 41.837871025885]}",,,,,,,,,,
3498de351cd8b37960864d7ba29f217e21e389f7d9aa18f1157d2952dc19feadb042fa95061c72db24582b416d47613e039c8e6d5c82d16e9d2c18134d6d90c4,2025-08-02T17:05:00.000,10,NO CONTROLS,NO CONTROLS,CLEAR,DAYLIGHT,ANGLE,PARKING LOT,STRAIGHT AND LEVEL,DRY,UNKNOWN,NOT ON SCENE (DESK REPORT),NO INJURY / DRIVE AWAY,,"OVER $1,500",2025-08-02T17:30:00.000,DISTRACTION - FROM INSIDE VEHICLE,NOT APPLICABLE,801,S,WELLS ST,123,2,NO INDICATION OF INJURY,0,0,0,0,0,2,0,17,7,8,41.8720910236,-87.6334248143,"{'type': 'Point', 'coordinates': [-87.633424814286, 41.872091023619]}",Y,Y,,,,,,,,
d57a1df7a5f9edd2fecc9178b04ad144e4f128dc444ace6d19f968fd45525a311c6ecb305c20edb16f83628aed16d66674f573d31f7bd4392e93be6586c817ed,2025-08-02T17:05:00.000,30,NO CONTROLS,NO CONTROLS,CLEAR,DAYLIGHT,PEDESTRIAN,NOT DIVIDED,STRAIGHT AND LEVEL,DRY,NO DEFECTS,NOT ON SCENE (DESK REPORT),INJURY AND / OR TOW DUE TO CRASH,,"OVER $1,500",2025-08-04T15:29:00.000,UNABLE TO DETERMINE,NOT APPLICABLE,5731,S,KEDZIE AVE,824,2,"REPORTED, NOT EVIDENT",1,0,0,0,1,1,0,17,7,8,41.7889481276,-87.7032813085,"{'type': 'Point', 'coordinates': [-87.703281308517, 41.788948127599]}",,,,,,,,,,