crash_record_id,crash_date,posted_speed_limit,traffic_control_device,device_condition,weather_condition,lighting_condition,first_crash_type,trafficway_type,alignment,roadway_surface_cond,road_defect,report_type,crash_type,intersection_related_i,damage,date_police_notified,prim_contributory_cause,sec_contributory_cause,street_no,street_direction,street_name,beat_of_occurrence,num_units,most_severe_injury,injuries_total,injuries_fatal,injuries_incapacitating,injuries_non_incapacitating,injuries_reported_not_evident,injuries_no_indication,injuries_unknown,crash_hour,crash_day_of_week,crash_month,latitude,longitude,location,private_property_i,photos_taken_i,hit_and_run_i,statements_taken_i,crash_date_est_i,work_zone_i,work_zone_type,dooring_i,lane_cnt,workers_present_i
9125d3478632e66b82cbebc6df3812b4c816098e4e3dd89172eeacaadf2d540c0b9896a0c4fb5af1b7ed24afab9499b6aadb3dace4fcd79747925d04198c4833,2025-08-02T15:37:00.000,15,NO CONTROLS,NO CONTROLS,CLEAR,DAYLIGHT,PARKED MOTOR VEHICLE,PARKING LOT,STRAIGHT AND LEVEL,DRY,NO DEFECTS,ON SCENE,NO INJURY / DRIVE AWAY,,$500 OR LESS,2025-08-02T15:37:00.000,IMPROPER BACKING,FAILING TO REDUCE SPEED TO AVOID CRASH,5836,N,PULASKI RD,1711,2,NO INDICATION OF INJURY,0,0,0,0,0,1,0,15,7,8,41.9872111982,-87.7286958136,"{'type': 'Point', 'coordinates': [-87.728695813612, 41.98721119819]}",N,,,,,,,,,
6c2f61a13e24aae31e37b22470c18952c1716b9b6058e09580837f52bc344ff51d0e247217ecc2bae4ade6abda96498915f32d7cf48bb1b911c0731faff510d3,2025-08-02T15:35:00.000,30,NO CONTROLS,NO CONTROLS,CLEAR,DAYLIGHT,TURNING,NOT DIVIDED,STRAIGHT AND LEVEL,DRY,NO DEFECTS,NOT ON SCENE (DESK REPORT),NO INJURY / DRIVE AWAY,,"OVER $1,500",2025-08-02T16:50:00.000,UNABLE TO DETERMINE,NOT APPLICABLE,1227,N,HUMBOLDT DR,1423,2,NO INDICATION OF INJURY,0,0,0,0,0,2,0,15,7,8,41.9037090366,-87.7020169108,"{'type': 'Point', 'coordinates': [-87.702016910791, 41.903709036642]}",,,Y,,,,,,,
31531689441aa667430db369ff8a29a76e8845b019b9c2618ea5b526626f6ceec0257a7a80b5777a65cec2393f9d19535e70f16b11b5fded1633879749125d45,2025-08-02T15:30:00.000,25,TRAFFIC SIGNAL,FUNCTIONING PROPERLY,CLEAR,DAYLIGHT,SIDESWIPE SAME DIRECTION,NOT DIVIDED,STRAIGHT AND LEVEL,DRY,NO DEFECTS,ON SCENE,INJURY AND / OR TOW DUE TO CRASH,,"OVER $1,500",2025-08-02T15:37:00.000,DRIVING SKILLS/KNOWLEDGE/EXPERIENCE,UNABLE TO DETERMINE,900,W,HOLLYWOOD AVE,2022,2,NONINCAPACITATING INJURY,3,0,0,3,0,2,0,15,7,8,41.9855948941,-87.6535421836,"{'type': 'Point', 'coordinates': [-87.65354218362, 41.985594894114]}",,,Y,,,,,,,
5cff20db272dd11a4a3e4bac962d5e27aa2e00d7d7451742e7773ac85ac4724d937de47305dc8e939db5fe311c77ead8ed750c50872d15b7b9e4a14e22382934,2025-08-02T15:30:00.000,20,NO CONTROLS,NO CONTROLS,UNKNOWN,UNKNOWN,PARKED MOTOR VEHICLE,OTHER,STRAIGHT AND LEVEL,UNKNOWN,UNKNOWN,NOT ON SCENE (DESK REPORT),INJURY AND / OR TOW DUE TO CRASH,,"OVER $1,500",2025-08-02T16:00:00.000,UNABLE TO DETERMINE,NOT APPLICABLE,9501,S,MANISTEE AVE,431,2,NO INDICATION OF INJURY,0,0,0,0,0,1,0,15,7,8,41.7226105289,-87.5564556182,"{'type': 'Point', 'coordinates': [-87.55645561815, 41.722610528853]}",,,Y,,,,,,,
667765c9a4f6895b1dbe54aafd6c6c62c947f3f9a1d1976d2b7acd9dd6e985cce55481d141412cbb1a91147054ba93cdbba6248d8b4bb7fac9ca0a79f52693bf,2025-08-02T15:30:00.000,30,STOP SIGN/FLASHER,FUNCTIONING PROPERLY,CLEAR,DAYLIGHT,ANGLE,FOUR WAY,STRAIGHT ON GRADE,DRY,NO DEFECTS,NOT ON SCENE (DESK REPORT),INJURY AND / OR TOW DUE TO CRASH,Y,"OVER $1,500",2025-08-06T14:31:00.000,FAILING TO YIELD RIGHT-OF-WAY,FAILING TO YIELD RIGHT-OF-WAY,660,W,LAKE ST,1214,2,NO INDICATION OF INJURY,0,0,0,0,0,2,0,15,7,8,41.8858060689,-87.6450875438,"{'type': 'Point', 'coordinates': [-87.645087543795, 41.885806068868]}",,,,,,,,,,
eb65a30eebaab13b84df834729c30c94bf3372434d5d57ddf59611ce936ff5555dbd5dc4b1ae4b7cd0e317e3ff0e5481f000e7ea233e64790e7285db9e4aae14,2025-08-02T15:28:00.000,30,NO CONTROLS,NO CONTROLS,CLEAR,DAYLIGHT,TURNING,NOT DIVIDED,STRAIGHT AND LEVEL,DRY,NO DEFECTS,ON SCENE,INJURY AND / OR TOW DUE TO CRASH,N,"OVER $1,500",2025-08-02T15:39:00.000,EQUIPMENT - VEHICLE CONDITION,DRIVING SKILLS/KNOWLEDGE/EXPERIENCE,6407,N,MINNEHAHA AVE,1621,2,"REPORTED, NOT EVIDENT",2,0,0,0,2,0,0,15,7,8,41.9974744751,-87.7618845919,"{'type': 'Point', 'coordinates': [-87.761884591936, 41.997474475083]}",,,,,,,,,,
eba188ae7d9e202c293832fb712dce4124fbd4c5daacfb105aa81f410f8f0ace7b85efaa6b1c73f5e9eb1c3a3ecb4d8169dcc0e585368c2633ca2ff5a0bdf31f,2025-08-02T15:26:00.000,30,TRAFFIC SIGNAL,FUNCTIONING PROPERLY,CLEAR,DAYLIGHT,REAR END,NOT DIVIDED,STRAIGHT AND LEVEL,DRY,UNKNOWN,ON SCENE,INJURY AND / OR TOW DUE TO CRASH,,"OVER $1,500",2025-08-02T15:26:00.000,UNABLE TO DETERMINE,NOT APPLICABLE,5903,S,ARCHER AVE,811,2,INCAPACITATING INJURY,1,0,1,0,0,4,0,15,7,8,41.795506096,-87.7629908985,"{'type': 'Point', 'coordinates': [-87.76299089854, 41.795506095953]}",,,,,,,,,,
6da5c33041a67f7875a874bcf448b4bd8c14a5ce04d4e8602644e19b9f3fe18f7bde74fdcbb3130132b190c9018a1079e4882dda6b85456c522c6603e86877c1,2025-08-02T15:20:00.000,25,STOP SIGN/FLASHER,FUNCTIONING IMPROPERLY,CLEAR,DAYLIGHT,REAR END,NOT DIVIDED,STRAIGHT AND LEVEL,DRY,NO DEFECTS,ON SCENE,NO INJURY / DRIVE AWAY,,"$501 - $1,500",2025-08-02T15:21:00.000,UNABLE TO DETERMINE,NOT APPLICABLE,2009,W,69TH ST,735,2,NO INDICATION OF INJURY,0,0,0,0,0,2,0,15,7,8,41.7683259784,-87.6740469712,"{'type': 'Point', 'coordinates': [-87.674046971222, 41.768325978381]}",,,,,Y,,,,,
2ed5e8f345e9d996cd6b7f2c3f9d1583ff36b2323bf0c99c5745e631cbfbca7b24fbfde7daa815dd3d187139b400e12b9931b4290f5543ad04369608ca5630b4,2025-08-02T15:08:00.000,30,TRAFFIC SIGNAL,FUNCTIONING PROPERLY,CLEAR,DAYLIGHT,PARKED MOTOR VEHICLE,DIVIDED - W/MEDIAN (NOT RAISED),STRAIGHT AND LEVEL,DRY,NO DEFECTS,ON SCENE,INJURY AND / OR TOW DUE TO CRASH,,"OVER $1,500",2025-08-02T15:08:00.000,IMPROPER TURNING/NO SIGNAL,IMPROPER TURNING/NO SIGNAL,6700,S,DAMEN AVE,726,2,NO INDICATION OF INJURY,0,0,0,0,0,3,0,15,7,8,41.7720309151,-87.6738595381,"{'type': 'Point', 'coordinates': [-87.673859538093, 41.772030915088]}",,,,,,,,,,
571335b507878e9c9601e38dffa1ef5740b1f13dc4b6283ffa7f6908afcf47a2f35fc91f6b8aaa690f16e47ba7abb9b228242aacbab41f2d788ad71f0aaab19b,2025-08-02T15:00:00.000,35,NO CONTROLS,NO CONTROLS,CLEAR,DAYLIGHT,REAR END,NOT DIVIDED,STRAIGHT AND LEVEL,DRY,NO DEFECTS,NOT ON SCENE (DESK REPORT),NO INJURY / DRIVE AWAY,,"OVER $1,500",2025-08-02T16:30:00.000,FOLLOWING TOO CLOSELY,UNABLE TO DETERMINE,1800,N,PULASKI RD,2534,2,NO INDICATION OF INJURY,0,0,0,0,0,4,0,15,7,8,41.9136764837,-87.7265974998,"{'type': 'Point', 'coordinates': [-87.726597499815, 41.913676483683]}",,,Y,,,,,,,
651c050bd0205ec10504e466f7d901d91a6c28c84a34a3bd81c93aa00dc786793add4c5464c684ff7f25c1cfb6748720068ebf60e8c7afa15e05f0dcc85c1f0a,2025-08-02T15:00:00.000,30,UNKNOWN,UNKNOWN,CLEAR,DAYLIGHT,SIDESWIPE SAME DIRECTION,NOT DIVIDED,STRAIGHT AND LEVEL,UNKNOWN,UNKNOWN,NOT ON SCENE (DESK REPORT),NO INJURY / DRIVE AWAY,,"OVER $1,500",2025-08-03T18:00:00.000,UNABLE TO DETERMINE,UNABLE TO DETERMINE,5300,S,LAKE PARK AVE,234,2,NO INDICATION OF INJURY,0,0,0,0,0,2,0,15,7,8,41.7994838255,-87.5874420363,"{'type': 'Point', 'coordinates': [-87.587442036314, 41.799483825503]}",,,,,,,,,,
86313c16d23cc004fe9ee4e82acec5452c101b1a2cab82a04bc7e9d070dae4c1aab7f19372e732755dfe475b162b8a44886106f7710b83176d89368d77723dc5,2025-08-02T15:00:00.000,30,NO CONTROLS,NO CONTROLS,CLEAR,DAYLIGHT,PARKED MOTOR VEHICLE,ONE-WAY,STRAIGHT AND LEVEL,DRY,NO DEFECTS,NOT ON SCENE (DESK REPORT),NO INJURY / DRIVE AWAY,,"OVER $1,500",2025-08-03T18:15:00.000,UNABLE TO DETERMINE,UNABLE TO DETERMINE,5108,W,HURON ST,1531,2,NO INDICATION OF INJURY,0,0,0,0,0,1,0,15,7,8,41.8931252226,-87.7535158114,"{'type': 'Point', 'coordinates': [-87.75351581144, 41.893125222644]}",,,,,Y,,,,,
2354b802d71cc4c70662cdc69f5a74b14d1875ef5ccb8e29b19857de9f7af543af32c583c22c3caf3fc3e800ad03ae28939e045b51ef0e93cb82e66f8cf305da,2025-08-02T14:58:00.000,30,STOP SIGN/FLASHER,FUNCTIONING PROPERLY,CLEAR,DAYLIGHT,TURNING,T-INTERSECTION,STRAIGHT AND LEVEL,DRY,NO DEFECTS,ON SCENE,INJURY AND / OR TOW DUE TO CRASH,Y,"OVER $1,500",2025-08-02T15:00:00.000,FAILING TO YIELD RIGHT-OF-WAY,NOT APPLICABLE,6900,S,SOUTH SHORE DR,331,2,NONINCAPACITATING INJURY,2,0,0,2,0,2,0,14,7,8,41.7698126121,-87.5666923948,"{'type': 'Point', 'coordinates': [-87.566692394772, 41.769812612097]}",,,,,,,,,,
847d86aac04b02c557a257b35d82842590e561cfaece5c76aa8fd914fffeeb8027694d2bc760f4727b7526380f0680787f71625a2d5634ca2d72ff0343ca5af5,2025-08-02T14:56:00.000,30,NO CONTROLS,NO CONTROLS,CLEAR,DAYLIGHT,TURNING,DIVIDED - W/MEDIAN (NOT RAISED),STRAIGHT AND LEVEL,DRY,NO DEFECTS,ON SCENE,INJURY AND / OR TOW DUE TO CRASH,,"OVER $1,500",2025-08-02T15:06:00.000,IMPROPER OVERTAKING/PASSING,IMPROPER OVERTAKING/PASSING,2001,N,MILWAUKEE AVE,1431,2,NO INDICATION OF INJURY,0,0,0,0,0,2,0,14,7,8,41.9176669443,-87.6885341826,"{'type': 'Point', 'coordinates': [-87.68853418258, 41.917666944263]}",,,,,,,,,,
a282ee1eb0f21923661d5f7ba641e6cd4b7171e52bb89306738bc07aaa5b3d8671b90b73b62f5c7f1630c06cf597db90a4631ed91085dc90d08d9179748f6a28,2025-08-02T14:53:00.000,25,STOP SIGN/FLASHER,FUNCTIONING PROPERLY,CLEAR,DAYLIGHT,PEDESTRIAN,FOUR WAY,STRAIGHT AND LEVEL,DRY,UNKNOWN,ON SCENE,INJURY AND / OR TOW DUE TO CRASH,Y,"OVER $1,500",2025-08-02T14:57:00.000,FAILING TO YIELD RIGHT-OF-WAY,UNABLE TO DETERMINE,7549,N,HOYNE AVE,2424,2,NONINCAPACITATING INJURY,1,0,0,1,0,1,0,14,7,8,42.0193904512,-87.6828301196,"{'type': 'Point', 'coordinates': [-87.682830119578, 42.019390451179]}",,,,,,,,,,
31d4c6e02da451896711f8c6c41459d72c6886725cd8d952aeeea96b835a0f681cbed83cfd467b796a791342e4722520e625fc9d7eca40b518edfa666dc15aaa,2025-08-02T14:50:00.000,30,TRAFFIC SIGNAL,FUNCTIONING PROPERLY,CLEAR,DAYLIGHT,SIDESWIPE SAME DIRECTION,NOT DIVIDED,STRAIGHT AND LEVEL,DRY,NO DEFECTS,ON SCENE,NO INJURY / DRIVE AWAY,,$500 OR LESS,2025-08-02T15:14:00.000,IMPROPER OVERTAKING/PASSING,NOT APPLICABLE,7201,S,CICERO AVE,833,2,NO INDICATION OF INJURY,0,0,0,0,0,2,0,14,7,8,41.7618480636,-87.7416706473,"{'type': 'Point', 'coordinates': [-87.741670647349, 41.761848063557]}",,,Y,,,,,,,
c3f7fb703c1e4812e67e013d600cf4d432690ef6eafe55a0721043e372de124f693f217b1b0850626bf112afe9e21610bf7eabbccc84a0a96563e4327ed9093e,2025-08-02T14:50:00.000,30,STOP SIGN/FLASHER,FUNCTIONING PROPERLY,CLEAR,DAYLIGHT,TURNING,T-INTERSECTION,STRAIGHT AND LEVEL,DRY,NO DEFECTS,ON SCENE,NO INJURY / DRIVE AWAY,Y,"OVER $1,500",2025-08-02T14:59:00.000,UNABLE TO DETERMINE,UNABLE TO DETERMINE,6028,W,BLOOMINGDALE AVE,2513,2,NO INDICATION OF INJURY,0,0,0,0,0,2,0,14,7,8,41.9130014401,-87.7765004406,"{'type': 'Point', 'coordinates': [-87.776500440647, 41.913001440072]}",,,,,,,,,,
acfdfe5c7c099789bd9d1d5a7484c0d130945beeeb7f2feba559ec8bb672fad01f47474ad2c7c1e7783822aa3c76bc56c4d6af7683a5c6080c14b6fd27abfa0e,2025-08-02T14:42:00.000,30,STOP SIGN/FLASHER,FUNCTIONING PROPERLY,CLEAR,DAYLIGHT,SIDESWIPE SAME DIRECTION,NOT DIVIDED,STRAIGHT AND LEVEL,DRY,NO DEFECTS,NOT ON SCENE (DESK REPORT),NO INJURY / DRIVE AWAY,,"OVER $1,500",2025-08-02T15:45:00.000,FAILING TO YIELD RIGHT-OF-WAY,FAILING TO YIELD RIGHT-OF-WAY,53,W,26TH ST,133,2,NO INDICATION OF INJURY,0,0,0,0,0,2,0,14,7,8,41.8454474773,-87.629113567,"{'type': 'Point', 'coordinates': [-87.62911356697, 41.845447477327]}",,,,,,,,,,
fe683fcc4be41c674d782d022385c44562849c81a1b2295baeecda645fff091025f61a02ea570239d628826dd40b6db74e342681c7477fb455d2d7565a35a570,2025-08-02T14:38:00.000,30,TRAFFIC SIGNAL,FUNCTIONING PROPERLY,CLEAR,DAYLIGHT,PEDALCYCLIST,NOT DIVIDED,STRAIGHT AND LEVEL,DRY,NO DEFECTS,ON SCENE,INJURY AND / OR TOW DUE TO CRASH,Y,$500 OR LESS,2025-08-02T15:11:00.000,FAILING TO YIELD RIGHT-OF-WAY,TURNING RIGHT ON RED,2601,S,HALSTED ST,914,2,"REPORTED, NOT EVIDENT",1,0,0,0,1,1,0,14,7,8,41.8452880844,-87.6463015022,"{'type': 'Point', 'coordinates': [-87.64630150223, 41.845288084396]}",,,Y,,,,,,,
11fc94111c46a7cad33bddcc5ff176c39e77cdc70b4aa285caad80158debd87e7ee8f1495cba17515dce9cf767d8d813ba098b34981228a57ce6ebf2748e2ce5,2025-08-02T14:30:00.000,25,NO CONTROLS,NO CONTROLS,CLEAR,DAYLIGHT,REAR TO SIDE,PARKING LOT,STRAIGHT AND LEVEL,DRY,NO DEFECTS,NOT ON SCENE (DESK REPORT),NO INJURY / DRIVE AWAY,,"OVER $1,500",2025-08-04T14:10:00.000,FAILING TO YIELD RIGHT-OF-WAY,NOT APPLICABLE,2570,N,ELSTON AVE,1432,2,NO INDICATION OF INJURY,0,0,0,0,0,2,0,14,7,8,41.9282040802,-87.6822548266,"{'type': 'Point', 'coordinates': [-87.682254826596, 41.928204080164]}",,,,,,,,,,
14fec28f01e8cac27f6d07e44fa9e02b9dba0931efb378028a113d5bb35e675b810c594e92decf8fc0d679946f559ee92018e39e22c417bd0c52ac623fd53427,2025-08-02T14:30:00.000,30,STOP SIGN/FLASHER,FUNCTIONING PROPERLY,CLEAR,DAYLIGHT,SIDESWIPE SAME DIRECTION,DIVIDED - W/MEDIAN (NOT RAISED),STRAIGHT AND LEVEL,DRY,NO DEFECTS,NOT ON SCENE (DESK REPORT),NO INJURY / DRIVE AWAY,,"OVER $1,500",2025-08-02T19:30:00.000,IMPROPER OVERTAKING/PASSING,IMPROPER OVERTAKING/PASSING,7401,S,ASHLAND AVE,734,2,NO INDICATION OF INJURY,0,0,0,0,0,2,0,14,7,8,41.7593705404,-87.6634925229,"{'type': 'Point', 'coordinates': [-87.663492522861, 41.759370540403]}",,,,,,,,,,
a71a9d9d669110e40cb40bfce14d1eb1b01c47474193a7177b5588bdd9a0b2dfc55020d2e730dd458312d5a3b8301f7f79517d49bb5b8ff5c3c829a1c8aede2e,2025-08-02T14:25:00.000,15,NO CONTROLS,NO CONTROLS,CLEAR,DAYLIGHT,TURNING,PARKING LOT,STRAIGHT AND LEVEL,DRY,NO DEFECTS,NOT ON SCENE (DESK REPORT),NO INJURY / DRIVE AWAY,,"OVER $1,500",2025-08-02T15:00:00.000,IMPROPER TURNING/NO SIGNAL,UNABLE TO DETERMINE,1630,W,95TH ST,2221,2,NO INDICATION OF INJURY,0,0,0,0,0,2,0,14,7,8,41.7213056317,-87.6639149642,"{'type': 'Point', 'coordinates': [-87.663914964192, 41.721305631733]}",Y,,,,,,,,,
f2f2fe4654c8bdcf7329f1c5a34e10c457d172cde0c266680955a62b789333a55ab851ca26c857a391392bf8f477104202c16848b9053fe6296821a0b11f2f0b,2025-08-02T14:24:00.000,30,NO CONTROLS,NO CONTROLS,CLEAR,DAYLIGHT,REAR TO FRONT,PARKING LOT,STRAIGHT AND LEVEL,DRY,NO DEFECTS,NOT ON SCENE (DESK REPORT),NO INJURY / DRIVE AWAY,,"$501 - $1,500",2025-08-02T17:00:00.000,FAILING TO REDUCE SPEED TO AVOID CRASH,UNABLE TO DETERMINE,4150,N,BROADWAY,1915,2,NO INDICATION OF INJURY,0,0,0,0,0,3,0,14,7,8,41.9582012265,-87.6530347724,"{'type': 'Point', 'coordinates': [-87.653034772432, 41.95820122649]}",,,,,,,,,,
b473975bcac350d84bd44e6525f6b0301fef7b1b330349e9a9f4914458a2f6fc3ebbde3d2bef55a2d6aef87de7b72e77ed4776c2230481ee012ba782ffe353f1,2025-08-02T14:17:00.000,30,NO CONTROLS,NO CONTROLS,CLEAR,DAYLIGHT,PARKED MOTOR VEHICLE,ONE-WAY,STRAIGHT AND LEVEL,DRY,NO DEFECTS,ON SCENE,NO INJURY / DRIVE AWAY,,$500 OR LESS,2025-08-02T14:19:00.000,UNABLE TO DETERMINE,UNABLE TO DETERMINE,938,W,NEWPORT AVE,1924,2,NO INDICATION OF INJURY,0,0,0,0,0,2,0,14,7,8,41.9445764512,-87.6534315677,"{'type': 'Point', 'coordinates': [-87.653431567675, 41.944576451183]}",,,,,,,,,,
ae038e216b6d918cb56ebb7d74db22ec115d681f78d3a006fe004d9537e254734401fd17420a00e532b47c21d1c9c5c88291541fb2d5ded607195e16f5cc543c,2025-08-02T14:13:00.000,30,NO CONTROLS,NO CONTROLS,CLEAR,DAYLIGHT,REAR END,NOT DIVIDED,STRAIGHT AND LEVEL,DRY,NO DEFECTS,NOT ON SCENE (DESK REPORT),NO INJURY / DRIVE AWAY,,"OVER $1,500",2025-08-02T15:19:00.000,FOLLOWING TOO CLOSELY,DISTRACTION - FROM INSIDE VEHICLE,6300,S,CENTRAL AVE,812,2,NO INDICATION OF INJURY,0,0,0,0,0,2,0,14,7,8,41.7780045905,-87.7618593547,"{'type': 'Point', 'coordinates': [-87.761859354734, 41.778004590539]}",,,,,,,,,,
e59f570f7502715f9eebc0d01479629cd804bba590f357043fe927806502f7f8276c1b3503cb675a3bd350b3a49e64e0141f4ba39e58493e19d934addcf0bc13,2025-08-02T14:06:00.000,30,TRAFFIC SIGNAL,UNKNOWN,CLEAR,DAYLIGHT,REAR END,FOUR WAY,STRAIGHT AND LEVEL,DRY,UNKNOWN,,NO INJURY / DRIVE AWAY,,$500 OR LESS,2025-08-02T15:55:00.000,FOLLOWING TOO CLOSELY,FAILING TO REDUCE SPEED TO AVOID CRASH,1220,N,CICERO AVE,2533,2,NO INDICATION OF INJURY,0,0,0,0,0,2,0,14,7,8,41.9030804648,-87.7461340022,"{'type': 'Point', 'coordinates': [-87.746134002182, 41.90308046483]}",,,,,,,,,,
1272bd74a151f3cb7f2d14246ace1cbb6bbad112ea1b815fefef1c7531cc3ae4377dc699eac0d103e5f830f1dc6d556f56dc813f783c9e2d078a1afc4290547c,2025-08-02T14:05:00.000,30,TRAFFIC SIGNAL,FUNCTIONING PROPERLY,CLEAR,DAYLIGHT,SIDESWIPE SAME DIRECTION,DIVIDED - W/MEDIAN (NOT RAISED),STRAIGHT AND LEVEL,UNKNOWN,UNKNOWN,NOT ON SCENE (DESK REPORT),NO INJURY / DRIVE AWAY,,"$501 - $1,500",2025-08-02T14:50:00.000,UNABLE TO DETERMINE,NOT APPLICABLE,9300,S,STONY ISLAND AVE,413,2,NO INDICATION OF INJURY,0,0,0,0,0,2,0,14,7,8,41.7258881,-87.5855587858,"{'type': 'Point', 'coordinates': [-87.585558785787, 41.725888099989]}",,,Y,,,,,,,
299ea31d0d2afabe46a7603199e2a5597be577f291af1ed982e25f3b2c3b309358e072e9547518d23cf0d32a82b1b294e90bc54390b44e702bc5a762f3db8fc3,2025-08-02T14:00:00.000,30,NO CONTROLS,NO CONTROLS,CLEAR,DAYLIGHT,TURNING,NOT DIVIDED,STRAIGHT AND LEVEL,DRY,NO DEFECTS,NOT ON SCENE (DESK REPORT),NO INJURY / DRIVE AWAY,,"OVER $1,500",2025-08-02T15:00:00.000,UNABLE TO DETERMINE,NOT APPLICABLE,400,W,BELMONT AVE,1925,2,NO INDICATION OF INJURY,0,0,0,0,0,2,0,14,7,8,41.9402411933,-87.6396391143,"{'type': 'Point', 'coordinates': [-87.639639114276, 41.940241193256]}",,,Y,,,,,,,
33d7dc121ba51c36a223828a9bf55c9ebde2b6b3289782afc011c68bb00ad00530df3e85f64341e178fcb2b96f68233ca233b9be1b8102e7f09b2d51fd8258be,2025-08-02T14:00:00.000,25,STOP SIGN/FLASHER,FUNCTIONING PROPERLY,CLEAR,DAYLIGHT,PARKED MOTOR VEHICLE,FOUR WAY,STRAIGHT AND LEVEL,DRY,NO DEFECTS,NOT ON SCENE (DESK REPORT),NO INJURY / DRIVE AWAY,,"OVER $1,500",2025-08-02T17:45:00.000,UNABLE TO DETERMINE,UNABLE TO DETERMINE,6899,W,WRIGHTWOOD AVE,2512,2,NO INDICATION OF INJURY,0,0,0,0,0,1,0,14,7,8,41.9271069723,-87.7977300212,"{'type': 'Point', 'coordinates': [-87.797730021197, 41.927106972311]}",,,Y,,,,,,,
555c275a66253266a422dc84f42c6cc19d3d79ab1f4fe2152362d83449fe38ec682e08ddfe756bd3212077565f844ed3d65a15de7bd18d8c5e6f39d023cdf909,2025-08-02T14:00:00.000,30,UNKNOWN,UNKNOWN,UNKNOWN,UNKNOWN,PARKED MOTOR VEHICLE,PARKING LOT,STRAIGHT AND LEVEL,UNKNOWN,UNKNOWN,NOT ON SCENE (DESK REPORT),NO INJURY / DRIVE AWAY,,"OVER $1,500",2025-08-02T14:35:00.000,UNABLE TO DETERMINE,NOT APPLICABLE,3637,W,ADDISON ST,1732,2,NO INDICATION OF INJURY,0,0,0,0,0,1,0,14,7,8,41.9463730086,-87.719183846,"{'type': 'Point', 'coordinates': [-87.719183846036, 41.946373008594]}",Y,,,,,,,,,
9c932c7d3bf396902d0c2b1fa34e6bb94b30084cb0ad3d118e150b995711d29e78d60eeb0bd4fbe022d532d3f5cd4a970c2cd4603fa22a8e575b3ffb1d88cfb3,2025-08-02T14:00:00.000,30,TRAFFIC SIGNAL,FUNCTIONING PROPERLY,CLEAR,DAYLIGHT,TURNING,FOUR WAY,STRAIGHT AND LEVEL,DRY,NO DEFECTS,,NO INJURY / DRIVE AWAY,Y,"$501 - $1,500",2025-08-04T08:30:00.000,DISREGARDING TRAFFIC SIGNALS,NOT APPLICABLE,3230,N,KIMBALL AVE,1732,2,NO INDICATION OF INJURY,0,0,0,0,0,2,0,14,7,8,41.9402014776,-87.7126817724,"{'type': 'Point', 'coordinates': [-87.712681772371, 41.940201477566]}",,,,,,,,,,
c2a91835bd6dbaf84b10187a2942b603e48d0d0ceffbef8fe1671cc776efa56b24bb1cb24897b6a89cac1b31af9fac84d98b393a9ff83a2987f8c8c9a8463e12,2025-08-02T14:00:00.000,30,TRAFFIC SIGNAL,FUNCTIONING PROPERLY,CLEAR,DAYLIGHT,SIDESWIPE SAME DIRECTION,DIVIDED - W/MEDIAN (NOT RAISED),STRAIGHT AND LEVEL,DRY,NO DEFECTS,NOT ON SCENE (DESK REPORT),NO INJURY / DRIVE AWAY,,"OVER $1,500",2025-08-02T15:00:00.000,FOLLOWING TOO CLOSELY,FAILING TO REDUCE SPEED TO AVOID CRASH,4342,W,NORTH AVE,2534,2,NO INDICATION OF INJURY,0,0,0,0,0,3,0,14,7,8,41.9098788572,-87.7353245241,"{'type': 'Point', 'coordinates': [-87.735324524142, 41.909878857174]}",,,,,,,,,,
e60d9acdc6ae15c085457ee8c70ddef5a988a48ccdb74159322be447b0e0dd1cfcfd7c234dc0b6cbc9001164a79f9e957d525e90d846ea127c9a2ff79377e9bd,2025-08-02T14:00:00.000,30,TRAFFIC SIGNAL,UNKNOWN,CLEAR,DAYLIGHT,TURNING,NOT DIVIDED,STRAIGHT AND LEVEL,DRY,UNKNOWN,NOT ON SCENE (DESK REPORT),NO INJURY / DRIVE AWAY,,"$501 - $1,500",2025-08-02T14:25:00.000,UNABLE TO DETERMINE,NOT APPLICABLE,2000,W,111TH ST,2212,2,NO INDICATION OF INJURY,0,0,0,0,0,2,0,14,7,8,41.6920403218,-87.672004942,"{'type': 'Point', 'coordinates': [-87.672004941955, 41.692040321783]}",,,Y,,,,,,,
faa1814b060da65ec06bea7b6c95d94d84272b931689aa71ad539b87e499ecb45d03a2e0e84d6eb9b3d11edaa2362736b2d843579815eebdbed67fb968f04229,2025-08-02T13:53:00.000,30,NO CONTROLS,NO CONTROLS,CLEAR,DAYLIGHT,REAR END,NOT DIVIDED,STRAIGHT AND LEVEL,DRY,NO DEFECTS,ON SCENE,INJURY AND / OR TOW DUE TO CRASH,,"OVER $1,500",2025-08-02T14:02:00.000,FAILING TO REDUCE SPEED TO AVOID CRASH,DISTRACTION - FROM OUTSIDE VEHICLE,4313,W,IRVING PARK RD,1731,2,NONINCAPACITATING INJURY,1,0,0,1,0,2,0,13,7,8,41.9534402475,-87.736028424,"{'type': 'Point', 'coordinates': [-87.736028423952, 41.953440247464]}",,,,,,,,,,
e15631828c22b70b1346db7da533206b3d3bcd22c967cba694420cf579ddd5d1c0eb789a71b8d352409dc035c45f5b0072e386f28d04853c164300f4a2e5f265,2025-08-02T13:45:00.000,40,UNKNOWN,UNKNOWN,UNKNOWN,UNKNOWN,SIDESWIPE SAME DIRECTION,OTHER,STRAIGHT AND LEVEL,UNKNOWN,UNKNOWN,NOT ON SCENE (DESK REPORT),NO INJURY / DRIVE AWAY,,"$501 - $1,500",2025-08-02T15:15:00.000,UNABLE TO DETERMINE,NOT APPLICABLE,3200,N,LAKE SHORE DR NB,1925,2,NO INDICATION OF INJURY,0,0,0,0,0,3,0,13,7,8,41.9404429026,-87.6386335392,"{'type': 'Point', 'coordinates': [-87.638633539238, 41.940442902597]}",,,,,,,,,,