crash_record_id,crash_date,posted_speed_limit,traffic_control_device,device_condition,weather_condition,lighting_condition,first_crash_type,trafficway_type,alignment,roadway_surface_cond,road_defect,report_type,crash_type,intersection_related_i,damage,date_police_notified,prim_contributory_cause,sec_contributory_cause,street_no,street_direction,street_name,beat_of_occurrence,num_units,most_severe_injury,injuries_total,injuries_fatal,injuries_incapacitating,injuries_non_incapacitating,injuries_reported_not_evident,injuries_no_indication,injuries_unknown,crash_hour,crash_day_of_week,crash_month,latitude,longitude,location,private_property_i,photos_taken_i,hit_and_run_i,statements_taken_i,crash_date_est_i,work_zone_i,work_zone_type,dooring_i,lane_cnt,workers_present_i
8ecfc8c662ace8cea7e72b281171c7b1f798a81bf9093faa122e792c9655c6276ff8e48629a7c1728ebec30034ccc211255b357acc5c2b1672bb93e333846bdb,2025-08-02T11:40:00.000,25,NO CONTROLS,NO CONTROLS,CLEAR,DAYLIGHT,REAR TO FRONT,ONE-WAY,STRAIGHT AND LEVEL,DRY,NO DEFECTS,NOT ON SCENE (DESK REPORT),NO INJURY / DRIVE AWAY,,"$501 - $1,500",2025-08-02T13:16:00.000,IMPROPER BACKING,NOT APPLICABLE,214,N,CLARK ST,122,2,NO INDICATION OF INJURY,0,0,0,0,0,3,0,11,7,8,41.8860136402,-87.6311301818,"{'type': 'Point', 'coordinates': [-87.631130181818, 41.886013640229]}",,,,,,,,,,
c36482397e0178d80ccf3bb4ab8456889ebab0770c23125ceff787ec40f8bab4912fe034235cc8d725e20d54e4df615f58ffdb01e63d1febfdf6c9112ef9edf8,2025-08-02T11:40:00.000,35,NO CONTROLS,NO CONTROLS,CLEAR,DAYLIGHT,TURNING,NOT DIVIDED,STRAIGHT AND LEVEL,DRY,NO DEFECTS,ON SCENE,INJURY AND / OR TOW DUE TO CRASH,,"OVER $1,500",2025-08-02T11:42:00.000,UNABLE TO DETERMINE,UNABLE TO DETERMINE,2621,W,59TH ST,824,3,NONINCAPACITATING INJURY,1,0,0,1,0,2,0,11,7,8,41.7863617959,-87.6896897317,"{'type': 'Point', 'coordinates': [-87.689689731707, 41.786361795915]}",,,Y,,,,,,,
75c64c528a915381fe0b9f535dbe46a96fd57d081d3c1c9370401597b5b746067e242d13237081272ec475982597cd577f521db709283a1d9cd4cf524f2341d0,2025-08-02T11:37:00.000,10,NO CONTROLS,NO CONTROLS,CLEAR,DAWN,PARKED MOTOR VEHICLE,ONE-WAY,STRAIGHT AND LEVEL,DRY,NO DEFECTS,NOT ON SCENE (DESK REPORT),NO INJURY / DRIVE AWAY,,"OVER $1,500",2025-08-02T13:30:00.000,UNABLE TO DETERMINE,NOT APPLICABLE,7435,S,EUCLID AVE,333,2,NO INDICATION OF INJURY,0,0,0,0,0,1,0,11,7,8,41.7596334317,-87.577227906,"{'type': 'Point', 'coordinates': [-87.577227905987, 41.759633431704]}",,,Y,,,,,,,
035f64fa79c53bd9f414df753e30b1d3a8dc562c2ad7ab9e401b0237f3b65708d773114447c47b0652c9c99ddbc523352b9032e03e9a48fdc1219a8ee69bf7dd,2025-08-02T11:36:00.000,30,STOP SIGN/FLASHER,FUNCTIONING PROPERLY,CLEAR,DAYLIGHT,REAR END,NOT DIVIDED,CURVE ON GRADE,DRY,NO DEFECTS,NOT ON SCENE (DESK REPORT),NO INJURY / DRIVE AWAY,,"OVER $1,500",2025-08-02T12:20:00.000,UNABLE TO DETERMINE,UNABLE TO DETERMINE,800,E,111TH ST,513,2,NO INDICATION OF INJURY,0,0,0,0,0,3,0,11,7,8,41.6929821609,-87.6023386929,"{'type': 'Point', 'coordinates': [-87.602338692933, 41.692982160898]}",,,,,,,,,,
a91b286a79743505d4ef50c7aa864b07514b8afa752dcf1f78c4af6cd7b009701f2a377c2e2d79b1f86b41d426c9da320591620cd931ae855b2abaf68ea2a02c,2025-08-02T11:30:00.000,15,NO CONTROLS,NO CONTROLS,CLEAR,DAYLIGHT,PEDALCYCLIST,ALLEY,STRAIGHT AND LEVEL,DRY,UNKNOWN,NOT ON SCENE (DESK REPORT),INJURY AND / OR TOW DUE TO CRASH,,"OVER $1,500",2025-08-03T10:45:00.000,FAILING TO REDUCE SPEED TO AVOID CRASH,UNABLE TO DETERMINE,4409,W,AINSLIE ST,1712,2,"REPORTED, NOT EVIDENT",1,0,0,0,1,1,0,11,7,8,41.9698384572,-87.7383667294,"{'type': 'Point', 'coordinates': [-87.738366729379, 41.969838457245]}",,,,,,,,,,
a99dd69f049e462c34500bbc17bbcad3ceb4eac3077a00502dee934d8c7badc82deb9aa14d80956d81b3c88053ebe5be98ce5e092b41ed236fe57d194ee512d5,2025-08-02T11:30:00.000,30,NO CONTROLS,NO CONTROLS,CLEAR,DAYLIGHT,PARKED MOTOR VEHICLE,NOT DIVIDED,STRAIGHT AND LEVEL,DRY,NO DEFECTS,NOT ON SCENE (DESK REPORT),NO INJURY / DRIVE AWAY,,"OVER $1,500",2025-08-02T12:15:00.000,UNABLE TO DETERMINE,UNABLE TO DETERMINE,1801,W,CHICAGO AVE,1221,2,NO INDICATION OF INJURY,0,0,0,0,0,1,0,11,7,8,41.8958798852,-87.6722914494,"{'type': 'Point', 'coordinates': [-87.672291449422, 41.895879885229]}",,,Y,,,,,,,
dd3908ad0d511081939b981a23679fb2815552a287265cb155a120352bd8d434e8d560776ef65150ac87292cae7de95d21c3fc6cb9843f0dd9ca4c2ee2fded08,2025-08-02T11:30:00.000,30,TRAFFIC SIGNAL,FUNCTIONING PROPERLY,CLEAR,DAYLIGHT,ANGLE,FOUR WAY,STRAIGHT AND LEVEL,DRY,UNKNOWN,ON SCENE,INJURY AND / OR TOW DUE TO CRASH,Y,"OVER $1,500",2025-08-02T11:32:00.000,FAILING TO YIELD RIGHT-OF-WAY,UNABLE TO DETERMINE,1400,W,83RD ST,614,2,NO INDICATION OF INJURY,0,0,0,0,0,2,0,11,7,8,41.7432528874,-87.6584624216,"{'type': 'Point', 'coordinates': [-87.658462421619, 41.743252887351]}",,,Y,,,,,,,
eaeb9d6d32799c1c70e2cec89f65030ebfde830de68a0f2f4e3f310b3b1dfcbe6bd6ce00ce94bbe457a0e5489ae3e360e89a52e48b655dbb7f68ffe6837ec644,2025-08-02T11:30:00.000,25,NO CONTROLS,UNKNOWN,CLEAR,"DARKNESS, LIGHTED ROAD",REAR END,NOT DIVIDED,STRAIGHT AND LEVEL,DRY,NO DEFECTS,ON SCENE,INJURY AND / OR TOW DUE TO CRASH,,"OVER $1,500",2025-08-03T00:30:00.000,NOT APPLICABLE,NOT APPLICABLE,4641,N,BROADWAY,1914,2,NO INDICATION OF INJURY,0,0,0,0,0,2,0,11,7,8,41.9665044218,-87.6580152484,"{'type': 'Point', 'coordinates': [-87.658015248437, 41.966504421827]}",,,Y,,,,,,,
c4c053ff210944b1fe0a525a25f61a84d409da031c3d627fa4ff8e16dc0bfc713740626096dd40e6aeac22ee7ebdd105a5994b9df30805c44c7b3ef6acc30379,2025-08-02T11:26:00.000,30,NO CONTROLS,NO CONTROLS,CLEAR,DAYLIGHT,REAR END,DIVIDED - W/MEDIAN BARRIER,STRAIGHT AND LEVEL,DRY,NO DEFECTS,NOT ON SCENE (DESK REPORT),NO INJURY / DRIVE AWAY,,"OVER $1,500",2025-08-02T19:05:00.000,FOLLOWING TOO CLOSELY,NOT APPLICABLE,856,N,LAKE SHORE DR,1833,2,NO INDICATION OF INJURY,0,0,0,0,0,2,0,11,7,8,41.8982706248,-87.6182118682,"{'type': 'Point', 'coordinates': [-87.618211868216, 41.898270624777]}",,,Y,,,,,,,
b189d6f69c012ddd46a66f59c1315602e5ff676cd725258397bcf478a79762cd86374cb989fcfe697edb19abb8cf0012675c6b4709928c312be6ff42872f1d25,2025-08-02T11:25:00.000,40,NO CONTROLS,NO CONTROLS,CLEAR,"DARKNESS, LIGHTED ROAD",REAR END,DIVIDED - W/MEDIAN BARRIER,STRAIGHT AND LEVEL,UNKNOWN,UNKNOWN,ON SCENE,INJURY AND / OR TOW DUE TO CRASH,,"OVER $1,500",2025-08-02T23:28:00.000,FAILING TO REDUCE SPEED TO AVOID CRASH,NOT APPLICABLE,2103,S,LAKE SHORE DR NB,132,2,NONINCAPACITATING INJURY,2,0,0,2,0,1,0,11,7,8,41.8543795362,-87.6144078657,"{'type': 'Point', 'coordinates': [-87.614407865663, 41.85437953624]}",,,,,,,,,,
f1921c74a964dcecc33b8a7715437f0817b11d373593d709697db1313a683db464ef218abdf81aa01ae5193404f0fe4608aa5ee5228878eb266bcdb29876a616,2025-08-02T11:25:00.000,30,NO CONTROLS,NO CONTROLS,CLEAR,DAYLIGHT,TURNING,NOT DIVIDED,STRAIGHT AND LEVEL,DRY,NO DEFECTS,ON SCENE,INJURY AND / OR TOW DUE TO CRASH,,"OVER $1,500",2025-08-02T11:35:00.000,IMPROPER TURNING/NO SIGNAL,UNABLE TO DETERMINE,4009,W,47TH ST,815,2,NONINCAPACITATING INJURY,1,0,0,1,0,2,0,11,7,8,41.807768023,-87.7240106181,"{'type': 'Point', 'coordinates': [-87.724010618134, 41.807768023047]}",,,,,,,,,,
c0e4550414c25fa73bd166656cf338d2797a21c7354d33aa2bb865d5d874d95631e9265cae73e3301e6c0ba0202ee2e232162db5fd8d50a2d89782d632aaafdc,2025-08-02T11:13:00.000,30,UNKNOWN,UNKNOWN,CLEAR,DAYLIGHT,SIDESWIPE SAME DIRECTION,ONE-WAY,STRAIGHT AND LEVEL,UNKNOWN,UNKNOWN,NOT ON SCENE (DESK REPORT),NO INJURY / DRIVE AWAY,,"OVER $1,500",2025-08-02T11:40:00.000,UNABLE TO DETERMINE,UNABLE TO DETERMINE,591,W,98TH PL,2223,2,NO INDICATION OF INJURY,0,0,0,0,0,2,0,11,7,8,41.7150637006,-87.638060275,"{'type': 'Point', 'coordinates': [-87.63806027499, 41.715063700569]}",,,Y,,,,,,,
137d56924564e536c5c5dc794266ce9cc7eb6f7db6eb7cbb3a2b5b2a90f85ddf6334fb0aa60f87ecc30881d526be0d8d76e139312bcd47b8ad3c93cfbd45a370,2025-08-02T11:00:00.000,30,NO CONTROLS,NO CONTROLS,CLEAR,DAYLIGHT,REAR TO REAR,PARKING LOT,STRAIGHT AND LEVEL,DRY,NO DEFECTS,NOT ON SCENE (DESK REPORT),NO INJURY / DRIVE AWAY,,"$501 - $1,500",2025-08-02T12:15:00.000,DRIVING SKILLS/KNOWLEDGE/EXPERIENCE,"VISION OBSCURED (SIGNS, TREE LIMBS, BUILDINGS, ETC.)",87,W,87TH ST,634,2,NO INDICATION OF INJURY,0,0,0,0,0,2,0,11,7,8,41.7361451282,-87.626917844,"{'type': 'Point', 'coordinates': [-87.626917843973, 41.736145128237]}",,,,,,,,,,
34f7d42dde5d711f4f880741ae51e38c069a254daae67d9370ee72a6a4a1aefa2c043c293605b9799fe5cbe90c1d668310d3c08d7fadad4002bdeafcec4071ab,2025-08-02T11:00:00.000,25,NO CONTROLS,NO CONTROLS,CLEAR,DAYLIGHT,PARKED MOTOR VEHICLE,NOT DIVIDED,STRAIGHT AND LEVEL,DRY,NO DEFECTS,NOT ON SCENE (DESK REPORT),NO INJURY / DRIVE AWAY,,"OVER $1,500",2025-08-03T08:15:00.000,UNABLE TO DETERMINE,NOT APPLICABLE,341,W,105TH ST,512,2,NO INDICATION OF INJURY,0,0,0,0,0,1,0,11,7,8,41.7032989679,-87.6323020452,"{'type': 'Point', 'coordinates': [-87.632302045244, 41.703298967862]}",,,Y,,,,,,,
3fdf9ee83d50c54ba8d4323a144f15cb1dad0130ef428a43ae4da8fd3b9e5c9494ea71cc2327579154f3b13231d5a3b01b4e277501789971a76c7d7a988afdbe,2025-08-02T11:00:00.000,20,STOP SIGN/FLASHER,FUNCTIONING PROPERLY,CLEAR,"DARKNESS, LIGHTED ROAD",REAR END,ONE-WAY,STRAIGHT AND LEVEL,DRY,NO DEFECTS,NOT ON SCENE (DESK REPORT),NO INJURY / DRIVE AWAY,,"OVER $1,500",2025-08-02T22:00:00.000,FOLLOWING TOO CLOSELY,UNABLE TO DETERMINE,7917,S,ELIZABETH ST,612,2,NO INDICATION OF INJURY,0,0,0,0,0,2,0,11,7,8,41.7498461584,-87.6547889257,"{'type': 'Point', 'coordinates': [-87.654788925678, 41.74984615843]}",,,,,,,,,,
6a3097b85b666eb7678e6b854cd96cf6e516a0dfe5dd4155d99c2f0061a82ca4429dc828e32694da4fa1c8b446d21a19c49fd7251cc49a4c06e6894805212437,2025-08-02T11:00:00.000,30,STOP SIGN/FLASHER,UNKNOWN,CLEAR,DAYLIGHT,REAR END,NOT DIVIDED,STRAIGHT AND LEVEL,DRY,UNKNOWN,NOT ON SCENE (DESK REPORT),NO INJURY / DRIVE AWAY,,"OVER $1,500",2025-08-02T11:00:00.000,FOLLOWING TOO CLOSELY,FOLLOWING TOO CLOSELY,1807,W,71ST ST,735,2,NO INDICATION OF INJURY,0,0,0,0,0,2,0,11,7,8,41.7647433242,-87.6689868927,"{'type': 'Point', 'coordinates': [-87.668986892713, 41.76474332418]}",,,,,,,,,,
8e9c8b790d2009f75ba2d5939237e76d88f5a39f1bbb67114f6f1e5858be042494adc7aa9d4da66b12a28c97167fbf4c42495da1326b1eb39d663ba69aa316c5,2025-08-02T11:00:00.000,30,NO CONTROLS,NO CONTROLS,CLEAR,DAYLIGHT,PEDALCYCLIST,NOT DIVIDED,STRAIGHT AND LEVEL,DRY,NO DEFECTS,ON SCENE,INJURY AND / OR TOW DUE TO CRASH,,$500 OR LESS,2025-08-02T11:00:00.000,UNABLE TO DETERMINE,UNABLE TO DETERMINE,1335,N,PAULINA ST,1433,2,NONINCAPACITATING INJURY,1,0,0,1,0,0,0,11,7,8,41.9060866657,-87.6698578756,"{'type': 'Point', 'coordinates': [-87.669857875603, 41.906086665669]}",,,,,,,,Y,,
ed0e83b0b7903c1530fc5ee2457fc64543b05a04ce15f3718ca8ae0a78760b0cc6980d1da08bbd95dc1eae28ca329701ad5d2f698f0f712ed39b70212554e88b,2025-08-02T11:00:00.000,30,UNKNOWN,UNKNOWN,CLEAR,DAYLIGHT,FIXED OBJECT,FOUR WAY,STRAIGHT AND LEVEL,UNKNOWN,UNKNOWN,NOT ON SCENE (DESK REPORT),NO INJURY / DRIVE AWAY,Y,"OVER $1,500",2025-08-02T12:20:00.000,DRIVING ON WRONG SIDE/WRONG WAY,IMPROPER OVERTAKING/PASSING,238,N,HAMLIN BLVD,1122,1,NO INDICATION OF INJURY,0,0,0,0,0,1,0,11,7,8,41.8840306123,-87.7210346494,"{'type': 'Point', 'coordinates': [-87.721034649359, 41.884030612278]}",,,,,,,,,,
015a9fbc63f60a7dd99d129f80519c9b9717ca0b1f449cf469a94e5876baa834f6ba37c95ebb7be134cc55e507bd2cfb8ac9d86e6875e42ed13fea0b583141b3,2025-08-02T10:45:00.000,30,STOP SIGN/FLASHER,FUNCTIONING PROPERLY,CLEAR,DAYLIGHT,TURNING,FOUR WAY,STRAIGHT AND LEVEL,DRY,NO DEFECTS,ON SCENE,INJURY AND / OR TOW DUE TO CRASH,Y,"OVER $1,500",2025-08-02T10:45:00.000,UNABLE TO DETERMINE,NOT APPLICABLE,4501,N,AUSTIN AVE,1622,2,"REPORTED, NOT EVIDENT",1,0,0,0,1,1,0,10,7,8,41.9623156491,-87.7769379244,"{'type': 'Point', 'coordinates': [-87.776937924396, 41.962315649146]}",,,,,,,,,,
5eb93b4d20440ed9f8620dba257e6cd772cbd06d07fb9cb41295cf4f7c18000a8fc5f384a500ba32bcf1a096c300c95d7aa6009bbc2a0dd592a32678d1ddfe88,2025-08-02T10:45:00.000,10,NO CONTROLS,NO CONTROLS,UNKNOWN,DAYLIGHT,REAR TO SIDE,PARKING LOT,STRAIGHT AND LEVEL,UNKNOWN,NO DEFECTS,NOT ON SCENE (DESK REPORT),NO INJURY / DRIVE AWAY,,"OVER $1,500",2025-08-12T06:25:00.000,FOLLOWING TOO CLOSELY,UNABLE TO DETERMINE,1300,S,CLINTON ST,124,2,NO INDICATION OF INJURY,0,0,0,0,0,2,0,10,7,8,41.8655346778,-87.6408133123,"{'type': 'Point', 'coordinates': [-87.64081331229, 41.865534677771]}",,,,,,,,,,
65a731e9e2c0d813820e8102980af965667ffdfbcef7e453939bf450114f342614d585920c6c7d8d6a136aeff6acf8e6aee80c3ceffea6c94ab320a300a24818,2025-08-02T10:43:00.000,30,NO CONTROLS,NO CONTROLS,CLEAR,DAYLIGHT,PARKED MOTOR VEHICLE,ONE-WAY,STRAIGHT AND LEVEL,DRY,UNKNOWN,ON SCENE,NO INJURY / DRIVE AWAY,,"OVER $1,500",2025-08-02T10:49:00.000,UNABLE TO DETERMINE,NOT APPLICABLE,7508,S,KINGSTON AVE,421,2,NO INDICATION OF INJURY,0,0,0,0,0,1,0,10,7,8,41.7587164239,-87.5628758638,"{'type': 'Point', 'coordinates': [-87.562875863824, 41.758716423897]}",,,Y,,,,,,,
0005c675f2cb486fd3636f5f8d47df9ccb922abeba2e458d68a1d95997e49f3b38e94856505ef0b1f8c5452f9abfcd593cb7a89bbd04ae499809b347b643ad4b,2025-08-02T10:42:00.000,30,NO CONTROLS,NO CONTROLS,CLEAR,DAYLIGHT,PARKED MOTOR VEHICLE,NOT DIVIDED,STRAIGHT AND LEVEL,DRY,NO DEFECTS,ON SCENE,NO INJURY / DRIVE AWAY,,"OVER $1,500",2025-08-02T10:43:00.000,UNABLE TO DETERMINE,NOT APPLICABLE,8523,S,RACINE AVE,613,2,NO INDICATION OF INJURY,0,0,0,0,0,1,0,10,7,8,41.738866172,-87.6532738049,"{'type': 'Point', 'coordinates': [-87.653273804932, 41.738866172016]}",,,,,,,,,,
58bd3253fb7256adbf416bbca10eb314fb4c6f95982e3d44c102c506a465007aa632752697fe0168b6081b67f380878c2979ccb628ee17a36a6753cabb5e5ac4,2025-08-02T10:38:00.000,30,STOP SIGN/FLASHER,NO CONTROLS,CLEAR,DAYLIGHT,ANGLE,FOUR WAY,STRAIGHT AND LEVEL,DRY,NO DEFECTS,ON SCENE,INJURY AND / OR TOW DUE TO CRASH,Y,"OVER $1,500",2025-08-02T10:38:00.000,UNABLE TO DETERMINE,UNABLE TO DETERMINE,8200,S,STONY ISLAND AVE,411,2,NONINCAPACITATING INJURY,1,0,0,1,0,1,0,10,7,8,41.7459282584,-87.5859949102,"{'type': 'Point', 'coordinates': [-87.585994910205, 41.745928258449]}",,,,,,,,,,
12dad893756b13a300e4b857d2e46ab42ed0bea641869fb7fb465447dee0dca3b37215449c3bc9852b3f2de2b1079d202a6b7e50807b7c81f069db51c1797354,2025-08-02T10:37:00.000,30,UNKNOWN,NO CONTROLS,CLEAR,DAYLIGHT,ANGLE,PARKING LOT,STRAIGHT AND LEVEL,UNKNOWN,UNKNOWN,NOT ON SCENE (DESK REPORT),NO INJURY / DRIVE AWAY,,"OVER $1,500",2025-08-02T12:54:00.000,UNABLE TO DETERMINE,UNABLE TO DETERMINE,3220,W,111TH ST,2211,2,NO INDICATION OF INJURY,0,0,0,0,0,2,0,10,7,8,41.6916649245,-87.7017536658,"{'type': 'Point', 'coordinates': [-87.701753665789, 41.691664924456]}",Y,,,,,,,,,
213ee574c41b40c547a3cd56c8e4e8702f6066a45a38af64dcd9f935d49f8e959055bdf869599e09048a6c8c0ca9a12800fa2e1b38ffec0c6cbb8d0790a17ff3,2025-08-02T10:30:00.000,20,NO CONTROLS,NO CONTROLS,CLEAR,DAYLIGHT,REAR TO SIDE,NOT DIVIDED,STRAIGHT AND LEVEL,DRY,NO DEFECTS,NOT ON SCENE (DESK REPORT),NO INJURY / DRIVE AWAY,,"OVER $1,500",2025-08-02T11:30:00.000,FAILING TO YIELD RIGHT-OF-WAY,NOT APPLICABLE,7195,W,ALTGELD ST,2512,2,NO INDICATION OF INJURY,0,0,0,0,0,2,0,10,7,8,41.9252115502,-87.8062399247,"{'type': 'Point', 'coordinates': [-87.806239924717, 41.925211550202]}",,,,,,,,,,
2de3c13b76207fcb4f1b36ed9f88a50fe9a07bff4bb9db214a49a71032440109966fe8ab1de59e3320c582ca4f531882de4cf6d0e62f53f2e546447077e41528,2025-08-02T10:30:00.000,30,TRAFFIC SIGNAL,FUNCTIONING PROPERLY,CLEAR,DAYLIGHT,REAR END,DIVIDED - W/MEDIAN (NOT RAISED),STRAIGHT AND LEVEL,DRY,NO DEFECTS,ON SCENE,NO INJURY / DRIVE AWAY,,"OVER $1,500",2025-08-02T10:32:00.000,UNABLE TO DETERMINE,UNABLE TO DETERMINE,3956,W,55TH ST,822,2,NO INDICATION OF INJURY,0,0,0,0,0,2,0,10,7,8,41.7933161165,-87.7230125143,"{'type': 'Point', 'coordinates': [-87.723012514272, 41.793316116494]}",,,,,,,,,,
b8e4b22bc9c220c5a2e2a1496578cc6c230a39ee7fa8b1ae59fbef4cf658bc2ac949a409fe9c59823022516e82f706ade441c0c06ea8d756fa696c014c28c003,2025-08-02T10:30:00.000,30,NO CONTROLS,NO CONTROLS,CLEAR,DAYLIGHT,PARKED MOTOR VEHICLE,ONE-WAY,STRAIGHT AND LEVEL,DRY,NO DEFECTS,NOT ON SCENE (DESK REPORT),NO INJURY / DRIVE AWAY,,"$501 - $1,500",2025-08-02T12:00:00.000,IMPROPER LANE USAGE,NOT APPLICABLE,2517,E,77TH ST,421,2,NO INDICATION OF INJURY,0,0,0,0,0,1,0,10,7,8,41.7552910132,-87.5631427837,"{'type': 'Point', 'coordinates': [-87.563142783701, 41.755291013209]}",,,Y,,,,,,,
1d1efeb839537c6bf154840fbf9d785c94afff22391f200bf6163301ffab298ca52863a77947d47a60e5fcff7defa8ad5658bdf7ee9753bef3cba81c7f3c9aea,2025-08-02T10:20:00.000,30,NO CONTROLS,NO CONTROLS,CLEAR,DAYLIGHT,PARKED MOTOR VEHICLE,DIVIDED - W/MEDIAN (NOT RAISED),STRAIGHT AND LEVEL,DRY,UNKNOWN,NOT ON SCENE (DESK REPORT),NO INJURY / DRIVE AWAY,,"OVER $1,500",2025-08-02T13:45:00.000,UNABLE TO DETERMINE,UNABLE TO DETERMINE,2800,N,CLARK ST,1934,2,NO INDICATION OF INJURY,0,0,0,0,0,1,0,10,7,8,41.9328286998,-87.645080351,"{'type': 'Point', 'coordinates': [-87.645080351015, 41.932828699843]}",,,,,,,,,,
1ebb50aefa0cc6c538c21a86d0787796fe782a13280f74a5bf539456375dd364aa3fb6460705b03f26f346200c8ce5a77d0b8300618ab8f6f397dc4c0e6809ee,2025-08-02T10:15:00.000,30,NO CONTROLS,NO CONTROLS,CLEAR,DAYLIGHT,SIDESWIPE SAME DIRECTION,NOT DIVIDED,STRAIGHT AND LEVEL,DRY,NO DEFECTS,NOT ON SCENE (DESK REPORT),NO INJURY / DRIVE AWAY,,"OVER $1,500",2025-08-02T10:50:00.000,UNABLE TO DETERMINE,NOT APPLICABLE,3303,W,BELMONT AVE,1412,2,NO INDICATION OF INJURY,0,0,0,0,0,2,0,10,7,8,41.9391941275,-87.7101879115,"{'type': 'Point', 'coordinates': [-87.710187911532, 41.93919412747]}",,,,,,,,,,
26fa77d14e475e72b46099d94a5238d163d40701b219412b434c7df4cb108b7a5b797a5ad9806fe88103c2c17673782f4c03054a84b1233650edb8646b8f12d1,2025-08-02T10:15:00.000,30,NO CONTROLS,NO CONTROLS,CLEAR,DAYLIGHT,REAR END,NOT DIVIDED,STRAIGHT AND LEVEL,DRY,NO DEFECTS,NOT ON SCENE (DESK REPORT),NO INJURY / DRIVE AWAY,,"OVER $1,500",2025-08-02T10:51:00.000,UNABLE TO DETERMINE,UNABLE TO DETERMINE,7903,S,PULASKI RD,834,2,NO INDICATION OF INJURY,0,0,0,0,0,2,0,10,7,8,41.7492907752,-87.7217570345,"{'type': 'Point', 'coordinates': [-87.721757034497, 41.74929077517]}",,,Y,,,,,,,
cd93e1eed73b57cafe60dc56cb1a8f5d1b54cc407e2d23b72ace9d28e4bb6286639dea02e4a3fe2b10cbf67376925574587e6bcba8237f4d42173f1fa298891b,2025-08-02T10:15:00.000,30,NO CONTROLS,NO CONTROLS,CLEAR,DAYLIGHT,TURNING,DIVIDED - W/MEDIAN (NOT RAISED),STRAIGHT AND LEVEL,DRY,NO DEFECTS,ON SCENE,NO INJURY / DRIVE AWAY,,"$501 - $1,500",2025-08-02T10:55:00.000,FAILING TO YIELD RIGHT-OF-WAY,NOT APPLICABLE,1325,W,GRAND AVE,1215,2,NO INDICATION OF INJURY,0,0,0,0,0,2,0,10,7,8,41.8909410885,-87.6600115784,"{'type': 'Point', 'coordinates': [-87.66001157837, 41.890941088472]}",,,,,,,,,,
a311c0c8bdb8ada90f244c645730010f0055af1c9423a5e9b80a437fdf33bd68c4268bacdcd67935dcfe8488aad48775e62ce4612fe6f6ceffd1a8d792cdbd53,2025-08-02T10:13:00.000,30,STOP SIGN/FLASHER,FUNCTIONING PROPERLY,CLEAR,DAYLIGHT,ANGLE,FOUR WAY,STRAIGHT AND LEVEL,DRY,NO DEFECTS,ON SCENE,INJURY AND / OR TOW DUE TO CRASH,Y,"OVER $1,500",2025-08-02T10:14:00.000,FAILING TO YIELD RIGHT-OF-WAY,NOT APPLICABLE,2200,S,RIDGEWAY AVE,1013,2,NO INDICATION OF INJURY,0,0,0,0,0,3,0,10,7,8,41.8515437631,-87.7187967624,"{'type': 'Point', 'coordinates': [-87.718796762371, 41.851543763146]}",,,,,,,,,,
29f49b37b6e4a0e1667d64d1fec41d94644299553c2e41f5286f4aa17f18b680276bcac8ce155ea47869ccb9921f1200760c1e34dac6ec158365229924c8d75a,2025-08-02T10:12:00.000,35,STOP SIGN/FLASHER,FUNCTIONING PROPERLY,CLEAR,DAYLIGHT,ANGLE,FOUR WAY,STRAIGHT AND LEVEL,DRY,NO DEFECTS,ON SCENE,INJURY AND / OR TOW DUE TO CRASH,Y,"OVER $1,500",2025-08-02T10:17:00.000,"VISION OBSCURED (SIGNS, TREE LIMBS, BUILDINGS, ETC.)",NOT APPLICABLE,6100,N,CALDWELL AVE,1621,2,NO INDICATION OF INJURY,0,0,0,0,0,4,0,10,7,8,41.991867173,-87.755345739,"{'type': 'Point', 'coordinates': [-87.755345738978, 41.991867173008]}",,,,,,,,,,
e89377b645c70189a082530456097e150bcc73a099073e8a19ec1cc99672bfdca55fd0c013a713117ce9f020e36ed2145cf4f2e9c216a59bb050ccc16e9e4efb,2025-08-02T10:05:00.000,30,TRAFFIC SIGNAL,FUNCTIONING PROPERLY,CLEAR,DAYLIGHT,FIXED OBJECT,T-INTERSECTION,STRAIGHT AND LEVEL,DRY,NO DEFECTS,NOT ON SCENE (DESK REPORT),NO INJURY / DRIVE AWAY,Y,$500 OR LESS,2025-08-02T12:05:00.000,EQUIPMENT - VEHICLE CONDITION,UNABLE TO DETERMINE,9901,S,BEVERLY AVE,2213,1,NO INDICATION OF INJURY,0,0,0,0,0,1,0,10,7,8,41.7139129523,-87.6594372549,"{'type': 'Point', 'coordinates': [-87.659437254942, 41.713912952294]}",,,,,,,,,,
3eacda6fb651df221de78d3a30c341155af99e7ab91789b72446176688f82c3a852f564c3e6648e92d8b6ddcd1a6012030564961f4649c6ba74d7c990efb1303,2025-08-02T10:00:00.000,30,STOP SIGN/FLASHER,FUNCTIONING PROPERLY,CLEAR,DAYLIGHT,ANGLE,ONE-WAY,STRAIGHT AND LEVEL,DRY,NO DEFECTS,ON SCENE,INJURY AND / OR TOW DUE TO CRASH,N,"OVER $1,500",2025-08-02T10:02:00.000,FAILING TO YIELD RIGHT-OF-WAY,FAILING TO YIELD RIGHT-OF-WAY,5499,W,OHIO ST,1523,2,NONINCAPACITATING INJURY,3,0,0,1,2,2,0,10,7,8,41.8910017478,-87.7633446862,"{'type': 'Point', 'coordinates': [-87.763344686246, 41.891001747789]}",,,Y,,,,,,,