crash_record_id,crash_date,posted_speed_limit,traffic_control_device,device_condition,weather_condition,lighting_condition,first_crash_type,trafficway_type,alignment,roadway_surface_cond,road_defect,report_type,crash_type,intersection_related_i,damage,date_police_notified,prim_contributory_cause,sec_contributory_cause,street_no,street_direction,street_name,beat_of_occurrence,num_units,most_severe_injury,injuries_total,injuries_fatal,injuries_incapacitating,injuries_non_incapacitating,injuries_reported_not_evident,injuries_no_indication,injuries_unknown,crash_hour,crash_day_of_week,crash_month,latitude,longitude,location,private_property_i,photos_taken_i,hit_and_run_i,statements_taken_i,crash_date_est_i,work_zone_i,work_zone_type,dooring_i,lane_cnt,workers_present_i
f5617e6e02f492cb82ca84d77e4c25ace4e232e47193a24a169f089fdb212dffb75da712d0a7a6808dc42517b81e0fffc7473e1942f142fdaa457636bd51810d,2025-08-02T05:30:00.000,30,NO CONTROLS,NO CONTROLS,UNKNOWN,UNKNOWN,SIDESWIPE OPPOSITE DIRECTION,NOT DIVIDED,STRAIGHT AND LEVEL,UNKNOWN,UNKNOWN,NOT ON SCENE (DESK REPORT),NO INJURY / DRIVE AWAY,,"OVER $1,500",2025-08-04T11:00:00.000,UNABLE TO DETERMINE,UNABLE TO DETERMINE,7321,S,SOUTH SHORE DR,334,2,NO INDICATION OF INJURY,0,0,0,0,0,2,0,5,7,8,41.7635913558,-87.559967135,"{'type': 'Point', 'coordinates': [-87.559967135017, 41.76359135583]}",,,Y,,,,,,,
d0c1df50b5b4d7ace50ecd1008457fd85f87c95dd531cf0ee6cbbfb1db809b71a6ff3d4757158cc12b4f090b5471009c32ac72f4ff10de682b3277a6ab518034,2025-08-02T05:15:00.000,30,TRAFFIC SIGNAL,UNKNOWN,CLEAR,"DARKNESS, LIGHTED ROAD",ANGLE,NOT DIVIDED,STRAIGHT AND LEVEL,UNKNOWN,UNKNOWN,,NO INJURY / DRIVE AWAY,Y,"OVER $1,500",2025-08-02T05:28:00.000,UNABLE TO DETERMINE,DRIVING SKILLS/KNOWLEDGE/EXPERIENCE,5900,S,PRINCETON AVE,711,2,NO INDICATION OF INJURY,0,0,0,0,0,2,0,5,7,8,41.7871690244,-87.6329472395,"{'type': 'Point', 'coordinates': [-87.632947239538, 41.787169024407]}",,,Y,,,,,,,
c57a48a980ea2210127b1bc60de1e96abe36160ecf397767d93328e40f5fc16c0f7dadf815636744f23db40b1511254c56cbe435fd68c0bdc23d41ea49370937,2025-08-02T05:00:00.000,30,NO CONTROLS,NO CONTROLS,CLEAR,DAYLIGHT,PARKED MOTOR VEHICLE,NOT DIVIDED,STRAIGHT AND LEVEL,DRY,NO DEFECTS,NOT ON SCENE (DESK REPORT),NO INJURY / DRIVE AWAY,,"OVER $1,500",2025-08-02T11:22:00.000,UNABLE TO DETERMINE,NOT APPLICABLE,33,W,CHICAGO AVE,1832,2,NO INDICATION OF INJURY,0,0,0,0,0,1,0,5,7,8,41.8965479768,-87.6296098131,"{'type': 'Point', 'coordinates': [-87.629609813141, 41.896547976807]}",,,Y,,,,,,,
e92fe1a7eb61cba8fefdb8156ed61e6d7f829be7dbe88b4f5bcdc97c3f6ae98be10b004b8fc1bbf9fe7a8c3d9040cbee5531879f1cc2139375be5f11616b7272,2025-08-02T05:00:00.000,30,NO CONTROLS,NO CONTROLS,UNKNOWN,DAYLIGHT,PARKED MOTOR VEHICLE,T-INTERSECTION,STRAIGHT AND LEVEL,DRY,UNKNOWN,NOT ON SCENE (DESK REPORT),INJURY AND / OR TOW DUE TO CRASH,,"OVER $1,500",2025-08-02T14:21:00.000,FAILING TO REDUCE SPEED TO AVOID CRASH,UNABLE TO DETERMINE,4834,W,RACE AVE,1532,2,NO INDICATION OF INJURY,0,0,0,0,0,1,0,5,7,8,41.8905726737,-87.7471421822,"{'type': 'Point', 'coordinates': [-87.747142182243, 41.89057267371]}",,,N,,,,,,,
29150ef35550425c9f679fb4ad2b4a67ec62623f2a4b859e70091a011c6a509d8d684bfd2c3b80318d0366727c0cb2c13adb186556aba070dafe33f2fa20d0bf,2025-08-02T04:50:00.000,30,NO CONTROLS,NO CONTROLS,CLEAR,"DARKNESS, LIGHTED ROAD",PARKED MOTOR VEHICLE,NOT DIVIDED,STRAIGHT AND LEVEL,DRY,UNKNOWN,,INJURY AND / OR TOW DUE TO CRASH,,"OVER $1,500",2025-08-02T04:56:00.000,UNABLE TO DETERMINE,UNABLE TO DETERMINE,4334,N,HAZEL ST,1915,5,NO INDICATION OF INJURY,0,0,0,0,0,1,0,4,7,8,41.9612176267,-87.6524585474,"{'type': 'Point', 'coordinates': [-87.652458547361, 41.961217626675]}",,,Y,,Y,,,,,
1d78213aa64fd767476ee831a944f0324464e6315a6080907ca8a1c60da1510d925dda20ac9a4b6d8ba3772a5ddc826798e41feb3f343869e2bb5ac64ce61f5b,2025-08-02T04:47:00.000,30,NO CONTROLS,NO CONTROLS,CLEAR,DAWN,PARKED MOTOR VEHICLE,ONE-WAY,STRAIGHT AND LEVEL,DRY,NO DEFECTS,ON SCENE,INJURY AND / OR TOW DUE TO CRASH,,"OVER $1,500",2025-08-02T05:28:00.000,UNABLE TO DETERMINE,NOT APPLICABLE,10304,S,AVENUE O,432,2,NO INDICATION OF INJURY,0,0,0,0,0,1,0,4,7,8,41.7079899503,-87.5402719825,"{'type': 'Point', 'coordinates': [-87.540271982522, 41.707989950251]}",,,,,,,,,,
970dbb485a5ea318b3c26d73c0da2fb50fb8bfefda6d0e56105dc3061883fe41c120d34ca6fe8cce55c71334e8d060f453db84089df6f5b35bf971477c2acc85,2025-08-02T04:45:00.000,30,TRAFFIC SIGNAL,FUNCTIONING PROPERLY,CLEAR,"DARKNESS, LIGHTED ROAD",TURNING,DIVIDED - W/MEDIAN (NOT RAISED),STRAIGHT AND LEVEL,DRY,NO DEFECTS,ON SCENE,INJURY AND / OR TOW DUE TO CRASH,Y,"OVER $1,500",2025-08-02T04:55:00.000,IMPROPER TURNING/NO SIGNAL,NOT APPLICABLE,1717,W,ARMITAGE AVE,1433,2,NONINCAPACITATING INJURY,2,0,0,1,1,0,0,4,7,8,41.9177689999,-87.6710689478,"{'type': 'Point', 'coordinates': [-87.671068947797, 41.91776899988]}",,,,,,,,,,
2c291fcc4d20eb8efe3482b098bbc58c02adf8d68283dae4d4c134e6aa03b3035ac795c925e0c536111428a06969af0ecc12e922443eaed9ce0931b004f8ece4,2025-08-02T04:30:00.000,20,STOP SIGN/FLASHER,NO CONTROLS,CLEAR,"DARKNESS, LIGHTED ROAD",PARKED MOTOR VEHICLE,NOT DIVIDED,STRAIGHT AND LEVEL,DRY,NO DEFECTS,ON SCENE,INJURY AND / OR TOW DUE TO CRASH,,"OVER $1,500",2025-08-02T07:38:00.000,UNABLE TO DETERMINE,IMPROPER LANE USAGE,5750,W,WABANSIA AVE,2531,3,NO INDICATION OF INJURY,0,0,0,0,0,1,0,4,7,8,41.9112576583,-87.7699844454,"{'type': 'Point', 'coordinates': [-87.769984445439, 41.911257658278]}",,,Y,,Y,,,,,
608e4ecaab32640c2c29b4f2d1415970498a2387e0a31be7bb1067f6da16e7c63ffd6ac4cc4af85f161b3c7d56b8bc192ab4ea0d6c85604721944ab2bf3f5326,2025-08-02T04:10:00.000,30,STOP SIGN/FLASHER,FUNCTIONING PROPERLY,CLEAR,DARKNESS,PARKED MOTOR VEHICLE,ONE-WAY,STRAIGHT AND LEVEL,DRY,NO DEFECTS,ON SCENE,INJURY AND / OR TOW DUE TO CRASH,,"OVER $1,500",2025-08-02T04:10:00.000,UNABLE TO DETERMINE,UNABLE TO DETERMINE,4451,W,MONTANA ST,2524,4,NONINCAPACITATING INJURY,2,0,0,1,1,0,0,4,7,8,41.9252320051,-87.7386103243,"{'type': 'Point', 'coordinates': [-87.738610324339, 41.925232005059]}",,,,,,,,,,
e391801608af831257f13a8e535ce6858634da79877bc6ee79c602790057252eb69c2f98106f9f71d0121215a46e6e69bd5faf9bad91e9e6f79b3e0ef4ea1cb6,2025-08-02T04:05:00.000,30,TRAFFIC SIGNAL,FUNCTIONING PROPERLY,CLEAR,"DARKNESS, LIGHTED ROAD",REAR END,FOUR WAY,STRAIGHT AND LEVEL,DRY,UNKNOWN,ON SCENE,NO INJURY / DRIVE AWAY,,"OVER $1,500",2025-08-02T04:24:00.000,UNABLE TO DETERMINE,UNABLE TO DETERMINE,5601,N,PULASKI RD,1711,2,NO INDICATION OF INJURY,0,0,0,0,0,2,0,4,7,8,41.9829070578,-87.7282871487,"{'type': 'Point', 'coordinates': [-87.728287148718, 41.982907057828]}",,,,,,,,,,
485d5eaaf72961c3300a12947b44b33752f039b94ff395068364c738b8d23d66ed95acff6243606432354a3e0990f37ad109da23036730cdb42297c91d0f3347,2025-08-02T04:03:00.000,30,TRAFFIC SIGNAL,FUNCTIONING PROPERLY,CLEAR,"DARKNESS, LIGHTED ROAD",REAR END,NOT DIVIDED,STRAIGHT AND LEVEL,DRY,NO DEFECTS,ON SCENE,NO INJURY / DRIVE AWAY,,"$501 - $1,500",2025-08-02T04:31:00.000,FOLLOWING TOO CLOSELY,DRIVING SKILLS/KNOWLEDGE/EXPERIENCE,798,N,HAMLIN AVE,1112,2,NO INDICATION OF INJURY,0,0,0,0,0,2,0,4,7,8,41.8953178517,-87.7213346914,"{'type': 'Point', 'coordinates': [-87.721334691396, 41.895317851704]}",,,,,,,,,,
5725582e5fdd5b0274e8e2a36e27d0152acf3b94bb74167cde0d877be4ea7106518864e7295d7df82124ae8e62cc79d38209174f652ffc6b325a18f9e7bb8ea9,2025-08-02T04:03:00.000,30,TRAFFIC SIGNAL,FUNCTIONING PROPERLY,CLEAR,"DARKNESS, LIGHTED ROAD",REAR END,FOUR WAY,STRAIGHT AND LEVEL,DRY,NO DEFECTS,ON SCENE,NO INJURY / DRIVE AWAY,,"$501 - $1,500",2025-08-02T04:06:00.000,PHYSICAL CONDITION OF DRIVER,PHYSICAL CONDITION OF DRIVER,6359,N,WESTERN AVE,2413,2,NO INDICATION OF INJURY,0,0,0,0,0,3,0,4,7,8,41.9976415581,-87.6897328878,"{'type': 'Point', 'coordinates': [-87.689732887783, 41.997641558143]}",,,,,,,,,,
6812dbca998fe7057a162d42a71a77eafcb12786bfb79266b23a67d3792a8a0ad95ee9b0ba28411ee301f49354b3e262f111e3a0ef45da94c951d8d4cd096f47,2025-08-02T03:55:00.000,30,NO CONTROLS,NO CONTROLS,CLEAR,"DARKNESS, LIGHTED ROAD",PARKED MOTOR VEHICLE,ONE-WAY,STRAIGHT AND LEVEL,DRY,NO DEFECTS,ON SCENE,NO INJURY / DRIVE AWAY,,"OVER $1,500",2025-08-02T04:00:00.000,UNABLE TO DETERMINE,FAILING TO REDUCE SPEED TO AVOID CRASH,2737,W,FLOURNOY ST,1135,2,NO INDICATION OF INJURY,0,0,0,0,0,1,0,3,7,8,41.8727807582,-87.6951139767,"{'type': 'Point', 'coordinates': [-87.695113976686, 41.872780758161]}",,,Y,,,,,,,
9c965398b216dda070999ad1083c4b971926766b817a764528babaad5a0c8efb71af33fbf826895d6386dbf5e25c7b6516dca979051765dac1e8b9748465e890,2025-08-02T03:50:00.000,15,NO CONTROLS,NO CONTROLS,CLEAR,"DARKNESS, LIGHTED ROAD",FIXED OBJECT,PARKING LOT,STRAIGHT AND LEVEL,DRY,NO DEFECTS,ON SCENE,INJURY AND / OR TOW DUE TO CRASH,,$500 OR LESS,2025-08-02T03:51:00.000,UNDER THE INFLUENCE OF ALCOHOL/DRUGS (USE WHEN ARREST IS EFFECTED),NOT APPLICABLE,5555,W,GRAND AVE,2515,1,NO INDICATION OF INJURY,0,0,0,0,0,1,0,3,7,8,41.9186088912,-87.765574479,"{'type': 'Point', 'coordinates': [-87.765574478976, 41.918608891151]}",Y,,,,,,,,,
d4f15c1bb389f793d1bcf4ca514bdf881a4e0249c53e790beaf367faa6303581d9caeb8c5876b20389ec49e0f04f52e956a13d7650e8ee7a666c922c9868b5af,2025-08-02T03:31:00.000,30,TRAFFIC SIGNAL,FUNCTIONING PROPERLY,CLEAR,"DARKNESS, LIGHTED ROAD",REAR END,NOT DIVIDED,STRAIGHT AND LEVEL,DRY,NO DEFECTS,NOT ON SCENE (DESK REPORT),NO INJURY / DRIVE AWAY,,"OVER $1,500",2025-08-02T04:25:00.000,FAILING TO REDUCE SPEED TO AVOID CRASH,NOT APPLICABLE,1200,S,LAKE SHORE DR SB,132,2,NO INDICATION OF INJURY,0,0,0,0,0,2,0,3,7,8,41.8674842272,-87.6191503834,"{'type': 'Point', 'coordinates': [-87.619150383382, 41.867484227164]}",,,Y,,,,,,,
45438ba0a729ea96fd7058057175caff01a832e55d6b56997759192da23bded7609d50d646c1648b16c024830d6d14a9c0c76707b8980a479b469fd0dfcb53f7,2025-08-02T03:20:00.000,20,NO CONTROLS,NO CONTROLS,CLEAR,DAYLIGHT,PARKED MOTOR VEHICLE,NOT DIVIDED,STRAIGHT AND LEVEL,DRY,NO DEFECTS,NOT ON SCENE (DESK REPORT),NO INJURY / DRIVE AWAY,,"OVER $1,500",2025-08-03T10:29:00.000,FOLLOWING TOO CLOSELY,IMPROPER BACKING,2398,W,92ND PL,2221,2,NO INDICATION OF INJURY,0,0,0,0,0,2,0,3,7,8,41.7253811701,-87.682176046,"{'type': 'Point', 'coordinates': [-87.682176046005, 41.725381170062]}",,,,,,,,,,
812aad5af5f13c1e102b17001493370783fb34be1b480e96cde055c5ea856c5ade630b922122c35bd7e248fdb044f0db6b12c1074a644a5b74e7cfff7356e220,2025-08-02T03:20:00.000,30,NO CONTROLS,NO CONTROLS,CLEAR,DARKNESS,PARKED MOTOR VEHICLE,ONE-WAY,STRAIGHT AND LEVEL,DRY,NO DEFECTS,ON SCENE,NO INJURY / DRIVE AWAY,,$500 OR LESS,2025-08-02T03:20:00.000,IMPROPER BACKING,NOT APPLICABLE,798,S,JEFFERSON ST,124,2,NO INDICATION OF INJURY,0,0,0,0,0,2,0,3,7,8,41.8720276951,-87.6424951425,"{'type': 'Point', 'coordinates': [-87.642495142465, 41.872027695094]}",,,,,,,,,,
7e3bb499ec15ea1604b1d3d7c3396e5f615712ebfb60f51626c2f9639263dc4d4a189da0abfdb368dd613f8c86b5b65ab661838e4c95bf7ee7d1f093c4960f4f,2025-08-02T03:01:00.000,30,NO CONTROLS,NO CONTROLS,CLEAR,"DARKNESS, LIGHTED ROAD",PARKED MOTOR VEHICLE,FOUR WAY,STRAIGHT AND LEVEL,DRY,NO DEFECTS,NOT ON SCENE (DESK REPORT),INJURY AND / OR TOW DUE TO CRASH,,"OVER $1,500",2025-08-02T03:09:00.000,UNABLE TO DETERMINE,FAILING TO REDUCE SPEED TO AVOID CRASH,2635,W,55TH ST,824,5,NO INDICATION OF INJURY,0,0,0,0,0,1,0,3,7,8,41.7936459093,-87.6902836453,"{'type': 'Point', 'coordinates': [-87.690283645324, 41.793645909308]}",,,Y,,,,,,,
64ceed073ff962f53d641dde8c6e6802f813bc343263169e7d8d93a2093e851e712ab9b740f45f1222585655381f96be1f25b230be91f15eb7cbb3f26d2d665a,2025-08-02T03:00:00.000,30,STOP SIGN/FLASHER,UNKNOWN,UNKNOWN,UNKNOWN,REAR END,NOT DIVIDED,STRAIGHT AND LEVEL,UNKNOWN,UNKNOWN,NOT ON SCENE (DESK REPORT),NO INJURY / DRIVE AWAY,,"OVER $1,500",2025-08-03T07:50:00.000,DRIVING SKILLS/KNOWLEDGE/EXPERIENCE,UNABLE TO DETERMINE,900,W,LAKE ST,1214,2,NO INDICATION OF INJURY,0,0,0,0,0,2,0,3,7,8,41.8857361678,-87.649869372,"{'type': 'Point', 'coordinates': [-87.649869372029, 41.88573616776]}",,,,,,,,,,
b40f2e8f68dc666ae9b38be57146268a3934541596f008af30878901481ff50d4cb92b75bdaf9a2f2579b1fb33d0dc5dc8aedba42cda826cf65ae9560dc2b3b2,2025-08-02T03:00:00.000,30,NO CONTROLS,NO CONTROLS,CLEAR,DAYLIGHT,PARKED MOTOR VEHICLE,ONE-WAY,STRAIGHT AND LEVEL,DRY,NO DEFECTS,ON SCENE,NO INJURY / DRIVE AWAY,,"$501 - $1,500",2025-08-02T08:43:00.000,UNABLE TO DETERMINE,UNABLE TO DETERMINE,2648,N,MEADE AVE,2512,2,NO INDICATION OF INJURY,0,0,0,0,0,1,0,3,7,8,41.9288977417,-87.7784677971,"{'type': 'Point', 'coordinates': [-87.77846779706, 41.928897741695]}",,,Y,,Y,,,,,
6583010b6698151d4ad000d0d4a8b6949e5889b602a44ad30aa0b72a642b8b48eefe9c2c8e4272fb91fc3f7c6ba299825f107433f305582e8601dc6f54ae236d,2025-08-02T02:40:00.000,30,TRAFFIC SIGNAL,NO CONTROLS,CLEAR,"DARKNESS, LIGHTED ROAD",REAR END,DIVIDED - W/MEDIAN (NOT RAISED),STRAIGHT AND LEVEL,DRY,NO DEFECTS,ON SCENE,INJURY AND / OR TOW DUE TO CRASH,,"OVER $1,500",2025-08-02T02:46:00.000,"DISTRACTION - OTHER ELECTRONIC DEVICE (NAVIGATION DEVICE, DVD PLAYER, ETC.)",FAILING TO REDUCE SPEED TO AVOID CRASH,2,E,63RD ST,311,2,"REPORTED, NOT EVIDENT",1,0,0,0,1,1,0,2,7,8,41.7801686309,-87.6252922674,"{'type': 'Point', 'coordinates': [-87.625292267357, 41.780168630918]}",,N,,,,,,,,
b6d7717c4ffb8db447bea10e948c4f096f013da3fcfc760edb4d36c7c57c900e51515cbac4239c260e06c65a2dff69dcb3ba7164ca87752566d95cb9ec1e68a6,2025-08-02T02:40:00.000,30,UNKNOWN,UNKNOWN,UNKNOWN,UNKNOWN,PEDALCYCLIST,NOT DIVIDED,STRAIGHT AND LEVEL,UNKNOWN,UNKNOWN,ON SCENE,INJURY AND / OR TOW DUE TO CRASH,,$500 OR LESS,2025-08-02T03:30:00.000,UNABLE TO DETERMINE,NOT APPLICABLE,312,N,CENTRAL AVE,1512,2,INCAPACITATING INJURY,1,0,1,0,0,1,0,2,7,8,41.8861429058,-87.7652186945,"{'type': 'Point', 'coordinates': [-87.765218694512, 41.886142905784]}",,,Y,,,,,,,
02151ce1c814dc6b95c40f03ce9f7b0dc205ec8a23e31f06d4472209fe2768398c60033941787e9ebab7d66f78e836e8f1db937fd3b4fe6d078d89d3db8f4eb3,2025-08-02T02:30:00.000,30,NO CONTROLS,NO CONTROLS,CLEAR,"DARKNESS, LIGHTED ROAD",FIXED OBJECT,DIVIDED - W/MEDIAN BARRIER,STRAIGHT AND LEVEL,DRY,NO DEFECTS,ON SCENE,INJURY AND / OR TOW DUE TO CRASH,,"$501 - $1,500",2025-08-02T02:30:00.000,UNABLE TO DETERMINE,DRIVING SKILLS/KNOWLEDGE/EXPERIENCE,2836,W,63RD ST,823,1,NO INDICATION OF INJURY,0,0,0,0,0,2,0,2,7,8,41.7792047577,-87.6948437499,"{'type': 'Point', 'coordinates': [-87.694843749935, 41.779204757675]}",,,,Y,,,,,,
5c90a6a6d0a651aedd44f4d874b636b4ba76e403fd246bd294dddbccbdc58ba1680cd5dfaecf935747b295d271c9731e8ea706d0c3742ac40439ec75e1d0c0cd,2025-08-02T02:30:00.000,30,NO CONTROLS,NO CONTROLS,CLEAR,"DARKNESS, LIGHTED ROAD",SIDESWIPE SAME DIRECTION,DIVIDED - W/MEDIAN (NOT RAISED),STRAIGHT AND LEVEL,DRY,NO DEFECTS,ON SCENE,NO INJURY / DRIVE AWAY,,"$501 - $1,500",2025-08-02T02:30:00.000,IMPROPER LANE USAGE,NOT APPLICABLE,640,W,CERMAK RD,1235,2,NO INDICATION OF INJURY,0,0,0,0,0,2,0,2,7,8,41.8527970965,-87.6432930778,"{'type': 'Point', 'coordinates': [-87.643293077755, 41.852797096499]}",,,Y,,,,,,,
19ae9681414f5bc5c10d50ccdfd7ebbc5e8bdbc1a191832603248f7336fdd9d662ab5e2d98fc80fd5578b6ab030fc110dc26d0d98be5560b5676c1404fa09fd1,2025-08-02T02:20:00.000,30,NO CONTROLS,NO CONTROLS,CLEAR,"DARKNESS, LIGHTED ROAD",TURNING,NOT DIVIDED,STRAIGHT AND LEVEL,DRY,NO DEFECTS,,NO INJURY / DRIVE AWAY,,"$501 - $1,500",2025-08-02T04:00:00.000,IMPROPER LANE USAGE,IMPROPER LANE USAGE,207,W,79TH ST,623,2,NO INDICATION OF INJURY,0,0,0,0,0,4,0,2,7,8,41.750749996,-87.6297922443,"{'type': 'Point', 'coordinates': [-87.629792244319, 41.750749995985]}",,,,,,,,,,
34155c759612d68d45a60f94bb5189c13aeaac93520e0da9900d9c367089669db371829b481a343d0f1e558dd298abf2d6c9a473a441738c64081c4a2fba544e,2025-08-02T02:18:00.000,30,TRAFFIC SIGNAL,FUNCTIONING PROPERLY,CLEAR,"DARKNESS, LIGHTED ROAD",TURNING,FOUR WAY,STRAIGHT AND LEVEL,DRY,NO DEFECTS,ON SCENE,INJURY AND / OR TOW DUE TO CRASH,Y,"OVER $1,500",2025-08-02T03:11:00.000,FAILING TO YIELD RIGHT-OF-WAY,UNABLE TO DETERMINE,5200,W,NORTH AVE,2532,2,NO INDICATION OF INJURY,0,0,0,0,0,2,0,2,7,8,41.9096103676,-87.7558522787,"{'type': 'Point', 'coordinates': [-87.755852278737, 41.909610367569]}",,,,,,,,,,
d4c2ee277142471e1375d258e1c58e8340209019a083559732a32d99521d229af4c1ff8f7a5cf03c2845b20aad9b9f2b717c95ce4fc5ad02da352c796c90a023,2025-08-02T02:10:00.000,30,NO CONTROLS,NO CONTROLS,CLEAR,DARKNESS,PARKED MOTOR VEHICLE,OTHER,STRAIGHT AND LEVEL,DRY,NO DEFECTS,ON SCENE,INJURY AND / OR TOW DUE TO CRASH,,"OVER $1,500",2025-08-02T03:16:00.000,UNABLE TO DETERMINE,UNABLE TO DETERMINE,423,E,69TH ST,322,2,NO INDICATION OF INJURY,0,0,0,0,0,1,0,2,7,8,41.7692479034,-87.6143684136,"{'type': 'Point', 'coordinates': [-87.614368413579, 41.769247903407]}",,,,,,,,,,
1cf7d39190eb211c57f7bb582ebeb0ac791185c6af213ebb7a4c57cdf23e7ec654a2fb466738c93efd7c05fb1ad8c16c4aba6611c712ec9fe750f359daebcdc2,2025-08-02T02:00:00.000,30,TRAFFIC SIGNAL,FUNCTIONING PROPERLY,CLEAR,DUSK,TURNING,FOUR WAY,STRAIGHT AND LEVEL,DRY,NO DEFECTS,ON SCENE,INJURY AND / OR TOW DUE TO CRASH,Y,"OVER $1,500",2025-08-02T02:25:00.000,UNABLE TO DETERMINE,NOT APPLICABLE,7400,S,DR MARTIN LUTHER KING JR DR,323,2,NONINCAPACITATING INJURY,1,0,0,1,0,1,0,2,7,8,41.7601403748,-87.6153087718,"{'type': 'Point', 'coordinates': [-87.61530877184, 41.760140374778]}",,,Y,,,,,,,
ce6cf5b02725bbb76319d167a145ca226e750952cb5f68ca62007e2dac9e827f8d600ee8c88d52110d58f3c4e44a6e00cca1664137d6769e979bb07e69e0793a,2025-08-02T02:00:00.000,30,NO CONTROLS,NO CONTROLS,CLEAR,DAYLIGHT,PARKED MOTOR VEHICLE,ONE-WAY,STRAIGHT AND LEVEL,DRY,NO DEFECTS,NOT ON SCENE (DESK REPORT),NO INJURY / DRIVE AWAY,,"$501 - $1,500",2025-08-02T15:30:00.000,FOLLOWING TOO CLOSELY,NOT APPLICABLE,6444,N,WASHTENAW AVE,2412,2,NO INDICATION OF INJURY,0,0,0,0,0,1,0,2,7,8,41.9989379722,-87.6973895154,"{'type': 'Point', 'coordinates': [-87.697389515397, 41.998937972175]}",,,,,,,,,,
161dba0516f573d8a9d3ff3b7b341a0625fb4f307f9147decd4a0b1c08df4b4a2ba53ac0215024f38abc2ffdb7d080304dc779d43375689f4ac4bd5587aff1a2,2025-08-02T01:56:00.000,30,TRAFFIC SIGNAL,FUNCTIONING PROPERLY,CLEAR,"DARKNESS, LIGHTED ROAD",TURNING,FOUR WAY,STRAIGHT AND LEVEL,DRY,NO DEFECTS,ON SCENE,NO INJURY / DRIVE AWAY,Y,"OVER $1,500",2025-08-02T01:56:00.000,DISREGARDING TRAFFIC SIGNALS,FAILING TO REDUCE SPEED TO AVOID CRASH,4401,W,BELMONT AVE,2523,2,NO INDICATION OF INJURY,0,0,0,0,0,3,0,1,7,8,41.9388509135,-87.7370925264,"{'type': 'Point', 'coordinates': [-87.737092526384, 41.938850913532]}",,,,,,,,,,
490a1a122daf40763f165adb47cd57fc3e6003244fe052880f523d02d3a9718156022a2dc2274f4c6e765b2a472823b121ccfe3282a5f24e3b48daaf92f3678e,2025-08-02T01:54:00.000,30,TRAFFIC SIGNAL,FUNCTIONING PROPERLY,CLEAR,"DARKNESS, LIGHTED ROAD",TURNING,DIVIDED - W/MEDIAN (NOT RAISED),STRAIGHT AND LEVEL,DRY,NO DEFECTS,ON SCENE,INJURY AND / OR TOW DUE TO CRASH,N,"OVER $1,500",2025-08-02T01:55:00.000,FAILING TO YIELD RIGHT-OF-WAY,FAILING TO YIELD RIGHT-OF-WAY,800,N,WELLS ST,1823,2,NONINCAPACITATING INJURY,1,0,0,1,0,1,0,1,7,8,41.896633749,-87.6343513372,"{'type': 'Point', 'coordinates': [-87.634351337228, 41.896633749002]}",,,,,,,,,,
2261ca936be8e04065b39d9984dc1ff816e280182668dc27c21e5dd1a87e40a7e68cfdf319b5652fb9ca71f072d6c1b3e3ca86d773471dc0d036aa66ee7765b6,2025-08-02T01:52:00.000,30,NO CONTROLS,NO CONTROLS,CLEAR,"DARKNESS, LIGHTED ROAD",REAR END,ONE-WAY,STRAIGHT AND LEVEL,DRY,UNKNOWN,ON SCENE,INJURY AND / OR TOW DUE TO CRASH,,"OVER $1,500",2025-08-02T01:52:00.000,FAILING TO REDUCE SPEED TO AVOID CRASH,NOT APPLICABLE,1864,S,HOMAN AVE,1024,4,NONINCAPACITATING INJURY,1,0,0,1,0,1,0,1,7,8,41.8553346224,-87.7103770104,"{'type': 'Point', 'coordinates': [-87.71037701037, 41.855334622444]}",,,,,,,,,,
f099c8fac974c2357ebc6aea413846fc0fef13abd77073c4f2bc6eb98a1a4b7a9f53308ce48aa3164dfdb900a57415ef6326de031e2d606373fee22321cac684,2025-08-02T01:45:00.000,30,NO CONTROLS,NO CONTROLS,CLEAR,"DARKNESS, LIGHTED ROAD",PARKED MOTOR VEHICLE,ONE-WAY,STRAIGHT AND LEVEL,DRY,NO DEFECTS,ON SCENE,INJURY AND / OR TOW DUE TO CRASH,,"OVER $1,500",2025-08-02T01:50:00.000,UNABLE TO DETERMINE,UNABLE TO DETERMINE,5305,W,ADAMS ST,1522,3,NO INDICATION OF INJURY,0,0,0,0,0,1,0,1,7,8,41.8783259913,-87.7578667923,"{'type': 'Point', 'coordinates': [-87.75786679227, 41.878325991285]}",,,N,,,,,,,
458d151027011101bbcec18184cde07c54e89ffa73ec3ecc80d96d7f8563e90aea4424e7dcd92c3f073e3d5b5b1b77971c006443df0f106a4d30b893bf272f2a,2025-08-02T01:39:00.000,30,TRAFFIC SIGNAL,UNKNOWN,CLEAR,"DARKNESS, LIGHTED ROAD",ANGLE,FOUR WAY,STRAIGHT AND LEVEL,DRY,UNKNOWN,ON SCENE,INJURY AND / OR TOW DUE TO CRASH,Y,"OVER $1,500",2025-08-02T02:26:00.000,FAILING TO YIELD RIGHT-OF-WAY,UNABLE TO DETERMINE,41,E,GARFIELD BLVD,225,2,"REPORTED, NOT EVIDENT",2,0,0,0,2,4,0,1,7,8,41.7942246722,-87.6241571191,"{'type': 'Point', 'coordinates': [-87.624157119078, 41.794224672173]}",,,,,,,,,,