crash_record_id,crash_date,posted_speed_limit,traffic_control_device,device_condition,weather_condition,lighting_condition,first_crash_type,trafficway_type,alignment,roadway_surface_cond,road_defect,report_type,crash_type,intersection_related_i,damage,date_police_notified,prim_contributory_cause,sec_contributory_cause,street_no,street_direction,street_name,beat_of_occurrence,num_units,most_severe_injury,injuries_total,injuries_fatal,injuries_incapacitating,injuries_non_incapacitating,injuries_reported_not_evident,injuries_no_indication,injuries_unknown,crash_hour,crash_day_of_week,crash_month,latitude,longitude,location,private_property_i,photos_taken_i,hit_and_run_i,statements_taken_i,crash_date_est_i,work_zone_i,work_zone_type,dooring_i,lane_cnt,workers_present_i
b59312bcb77b6b0ea769831eee2737b75a3bdbf7bd6756e8a0e844bb97aa2af690a2710c1d70613159237d22217cb4444b94774adb7118d92da976282de93877,2025-08-02T01:27:00.000,15,NO CONTROLS,NO CONTROLS,UNKNOWN,UNKNOWN,PARKED MOTOR VEHICLE,PARKING LOT,STRAIGHT AND LEVEL,UNKNOWN,UNKNOWN,,NO INJURY / DRIVE AWAY,,"OVER $1,500",2025-08-03T17:55:00.000,IMPROPER BACKING,UNABLE TO DETERMINE,5518,S,ARCHER AVE,814,2,NO INDICATION OF INJURY,0,0,0,0,0,1,0,1,7,8,41.7981266245,-87.747416514,"{'type': 'Point', 'coordinates': [-87.747416513968, 41.79812662455]}",,,Y,,,,,,,
d7e2a671e02c85f6040e9e6286077c191c16a5dcc3e49ae707a752ce3e5bf00b7aa39a29da0668da3779b4ceaa47772c325f8326bfd24961302a9dc5b781ee7a,2025-08-02T01:20:00.000,20,NO CONTROLS,NO CONTROLS,CLEAR,"DARKNESS, LIGHTED ROAD",SIDESWIPE SAME DIRECTION,ONE-WAY,STRAIGHT AND LEVEL,DRY,NO DEFECTS,ON SCENE,NO INJURY / DRIVE AWAY,,"OVER $1,500",2025-08-02T01:33:00.000,"OPERATING VEHICLE IN ERRATIC, RECKLESS, CARELESS, NEGLIGENT OR AGGRESSIVE MANNER",NOT APPLICABLE,750,N,LOREL AVE,1524,3,NO INDICATION OF INJURY,0,0,0,0,0,3,0,1,7,8,41.8944648904,-87.7594678346,"{'type': 'Point', 'coordinates': [-87.759467834603, 41.894464890436]}",,,Y,,Y,,,,,
a673a63f9de39492522b88e38f153df9b546bda5705bfcbcb6a4030e8271b85306513631d4ab6294878899d0e41e7efd0c2eb642410653fe3cb73fc5e6f514d1,2025-08-02T01:12:00.000,35,TRAFFIC SIGNAL,FUNCTIONING PROPERLY,CLEAR,"DARKNESS, LIGHTED ROAD",TURNING,FOUR WAY,STRAIGHT AND LEVEL,DRY,NO DEFECTS,NOT ON SCENE (DESK REPORT),NO INJURY / DRIVE AWAY,Y,"OVER $1,500",2025-08-02T03:45:00.000,UNABLE TO DETERMINE,NOT APPLICABLE,199,S,CLARK ST,112,2,NO INDICATION OF INJURY,0,0,0,0,0,3,0,1,7,8,41.8794486362,-87.6306740091,"{'type': 'Point', 'coordinates': [-87.630674009145, 41.879448636164]}",,,,,,,,,,
3c47829332a9bb691370ce1d9b8548a6d2c01c879c176a99039b9c7f9815c73acfebcd765802d0f27102cd87116a496301d90e122aafd04791ac03b9553b889b,2025-08-02T00:54:00.000,30,NO CONTROLS,NO CONTROLS,CLEAR,"DARKNESS, LIGHTED ROAD",REAR TO SIDE,PARKING LOT,STRAIGHT AND LEVEL,DRY,NO DEFECTS,ON SCENE,NO INJURY / DRIVE AWAY,,"OVER $1,500",2025-08-02T00:54:00.000,FAILING TO REDUCE SPEED TO AVOID CRASH,IMPROPER BACKING,4941,W,MADISON ST,1533,2,NO INDICATION OF INJURY,0,0,0,0,0,4,0,0,7,8,41.880338051,-87.7492069291,"{'type': 'Point', 'coordinates': [-87.7492069291, 41.880338051002]}",,,,,,,,,,
29e969112e119b64e28382200a6b5570e797d6f0d53bbfefc01534f0715fc42111f3beb43ac0237b672d82d03a4f335c9547dfb79be90c315c21e9b5d86026d0,2025-08-02T00:48:00.000,35,NO CONTROLS,NO CONTROLS,CLEAR,"DARKNESS, LIGHTED ROAD",REAR END,DIVIDED - W/MEDIAN BARRIER,STRAIGHT AND LEVEL,DRY,NO DEFECTS,,INJURY AND / OR TOW DUE TO CRASH,,"OVER $1,500",2025-08-02T01:16:00.000,UNABLE TO DETERMINE,UNABLE TO DETERMINE,10500,S,INDIANAPOLIS AVE,432,2,NO INDICATION OF INJURY,0,0,0,0,0,5,0,0,7,8,41.7043832896,-87.5264885722,"{'type': 'Point', 'coordinates': [-87.526488572157, 41.704383289607]}",,,Y,,,,,,,
ab426f20631c9ac620b3ed246ff276caaa429c372b35edfe00d603b401fbd7fc6973ac1eb442967d6e4516a1899e75730b75cca55f0fbb8ef85cb72f1fdac590,2025-08-02T00:47:00.000,35,TRAFFIC SIGNAL,FUNCTIONING PROPERLY,CLEAR,"DARKNESS, LIGHTED ROAD",REAR END,FOUR WAY,STRAIGHT AND LEVEL,DRY,NO DEFECTS,NOT ON SCENE (DESK REPORT),NO INJURY / DRIVE AWAY,Y,"OVER $1,500",2025-08-02T03:15:00.000,UNABLE TO DETERMINE,NOT APPLICABLE,530,N,DEARBORN ST,1831,2,NO INDICATION OF INJURY,0,0,0,0,0,5,0,0,7,8,41.8916820178,-87.6298011486,"{'type': 'Point', 'coordinates': [-87.629801148647, 41.891682017778]}",,,Y,,,,,,,
12e1feeb7293dd624214419e7dbee1b0422491e505a84d733a73d5e28e207819ed6874fea72c2d2888e545ffcec400626512de66e8fe5c82d3660098b2e2c027,2025-08-02T00:30:00.000,30,NO CONTROLS,NO CONTROLS,CLEAR,"DARKNESS, LIGHTED ROAD",PARKED MOTOR VEHICLE,NOT DIVIDED,STRAIGHT AND LEVEL,DRY,NO DEFECTS,,INJURY AND / OR TOW DUE TO CRASH,,"OVER $1,500",2025-08-02T01:27:00.000,EQUIPMENT - VEHICLE CONDITION,IMPROPER OVERTAKING/PASSING,5018,S,WOODLAWN AVE,222,4,NONINCAPACITATING INJURY,1,0,0,1,0,0,0,0,7,8,41.8036120777,-87.5968716791,"{'type': 'Point', 'coordinates': [-87.596871679141, 41.803612077682]}",,,,,Y,,,,,
509daffb1ef4de6ee73e05de3997c8f92c8d3bc1b4c8456385be68efc13324a0271f202e39d588754102acab85734791faa7351e56049b985b6a4e9014299586,2025-08-02T00:20:00.000,35,NO CONTROLS,NO CONTROLS,CLEAR,"DARKNESS, LIGHTED ROAD",OTHER OBJECT,NOT DIVIDED,STRAIGHT AND LEVEL,DRY,NO DEFECTS,ON SCENE,INJURY AND / OR TOW DUE TO CRASH,,"OVER $1,500",2025-08-02T00:30:00.000,UNABLE TO DETERMINE,NOT APPLICABLE,11500,S,TORRENCE AVE,434,1,"REPORTED, NOT EVIDENT",1,0,0,0,1,0,0,0,7,8,41.6863525209,-87.5595431863,"{'type': 'Point', 'coordinates': [-87.559543186284, 41.686352520912]}",,,N,,,,,,,
ba114d67b81af27a75d770632a06a0fee5b74ed456c9d5b4a36d83e44a23948d0a154bfc8f2fab748ad57c409377fb1a8040eb9375e027c3ce100f7d8b214369,2025-08-02T00:15:00.000,30,NO CONTROLS,NO CONTROLS,CLEAR,"DARKNESS, LIGHTED ROAD",PARKED MOTOR VEHICLE,NOT DIVIDED,STRAIGHT AND LEVEL,DRY,NO DEFECTS,ON SCENE,INJURY AND / OR TOW DUE TO CRASH,,"OVER $1,500",2025-08-02T00:49:00.000,DRIVING SKILLS/KNOWLEDGE/EXPERIENCE,DRIVING SKILLS/KNOWLEDGE/EXPERIENCE,3855,W,MARQUETTE RD,833,2,NO INDICATION OF INJURY,0,0,0,0,0,1,0,0,7,8,41.771307109,-87.7198459228,"{'type': 'Point', 'coordinates': [-87.719845922817, 41.771307109049]}",,,,Y,,,,,,
a7c7f450dc94ab9d1ac40d580b1ece1d23320719f13a513ee4646716dddc7f40617d0682bf9903d06e66401048d51e419aa6a3e99b38d4e6badf7188a2c80a23,2025-08-02T00:11:00.000,25,UNKNOWN,UNKNOWN,CLEAR,"DARKNESS, LIGHTED ROAD",PARKED MOTOR VEHICLE,ONE-WAY,STRAIGHT AND LEVEL,DRY,NO DEFECTS,ON SCENE,NO INJURY / DRIVE AWAY,,"OVER $1,500",2025-08-02T00:11:00.000,UNABLE TO DETERMINE,UNABLE TO DETERMINE,3944,W,19TH ST,1014,3,NO INDICATION OF INJURY,0,0,0,0,0,1,0,0,7,8,41.8551125206,-87.724096282,"{'type': 'Point', 'coordinates': [-87.724096281993, 41.855112520632]}",,,Y,,,,,,,
73bdc9e97008c63d8d1e142c5d2fd8668e205f25bcf5f27108a249153659cf94e0bccf94215056e23f00634d8a22570da878bfc0058a153fbeec27538b7c0cf1,2025-08-02T00:06:00.000,20,UNKNOWN,UNKNOWN,UNKNOWN,UNKNOWN,PARKED MOTOR VEHICLE,UNKNOWN,STRAIGHT AND LEVEL,UNKNOWN,UNKNOWN,NOT ON SCENE (DESK REPORT),NO INJURY / DRIVE AWAY,,"OVER $1,500",2025-08-02T09:30:00.000,UNABLE TO DETERMINE,NOT APPLICABLE,9956,S,EXCHANGE AVE,431,2,NO INDICATION OF INJURY,0,0,0,0,0,1,0,0,7,8,41.7137661845,-87.5524807214,"{'type': 'Point', 'coordinates': [-87.552480721396, 41.713766184548]}",,,Y,,,,,,,
b360270e165b7a4491df3e0bacd0325f7514e89135376b7a35c776ff88cef5dbb4d4e2908a505aa78d05683390c22bd27ad863b86d76ff2fc1031cc7bba9e3b8,2025-08-02T00:05:00.000,30,NO CONTROLS,NO CONTROLS,CLEAR,"DARKNESS, LIGHTED ROAD",SIDESWIPE SAME DIRECTION,DIVIDED - W/MEDIAN (NOT RAISED),STRAIGHT AND LEVEL,DRY,UNKNOWN,ON SCENE,NO INJURY / DRIVE AWAY,,$500 OR LESS,2025-08-02T00:16:00.000,UNABLE TO DETERMINE,NOT APPLICABLE,3111,N,ASHLAND AVE,1932,2,NO INDICATION OF INJURY,0,0,0,0,0,2,0,0,7,8,41.9382533056,-87.6684632018,"{'type': 'Point', 'coordinates': [-87.668463201823, 41.938253305554]}",,,,,,,,,,
a4d074026bfdd1a4d8854e3f2ade3e3635233ea70d974c34a0c154018c25d860b0a08bdc062b50604a1f7ff032defbcf88e9d341d9a84021051491b1e92f03d9,2025-08-02T00:03:00.000,30,TRAFFIC SIGNAL,UNKNOWN,UNKNOWN,"DARKNESS, LIGHTED ROAD",TURNING,FOUR WAY,STRAIGHT AND LEVEL,UNKNOWN,UNKNOWN,NOT ON SCENE (DESK REPORT),NO INJURY / DRIVE AWAY,Y,"OVER $1,500",2025-08-02T00:40:00.000,DRIVING SKILLS/KNOWLEDGE/EXPERIENCE,UNABLE TO DETERMINE,401,N,STATE ST,1834,2,NO INDICATION OF INJURY,0,0,0,0,0,3,0,0,7,8,41.889265416,-87.6278676579,"{'type': 'Point', 'coordinates': [-87.627867657864, 41.889265415961]}",,,,,,,,,,
5d0cc29fc0fcc979307bb9388665eb2f7f0fcfe00fb3584186471fd77b1fe3f43c8ce2cdc09326fdc90bc44e8c96a22ea16d71f9f83af095c097ca9e51802c24,2025-08-02T00:00:00.000,15,NO CONTROLS,NO CONTROLS,UNKNOWN,UNKNOWN,PARKED MOTOR VEHICLE,ONE-WAY,STRAIGHT AND LEVEL,UNKNOWN,NO DEFECTS,ON SCENE,NO INJURY / DRIVE AWAY,,"OVER $1,500",2025-08-02T14:50:00.000,UNABLE TO DETERMINE,NOT APPLICABLE,504,N,TRUMBULL AVE,1121,2,NO INDICATION OF INJURY,0,0,0,0,0,1,0,0,7,8,41.8904337803,-87.7126518675,"{'type': 'Point', 'coordinates': [-87.712651867489, 41.890433780264]}",,,Y,,Y,,,,,
ed0815d1fb088d9c3497b142a4e45dc46f7d8a1459e921d6cdbe1c053b2b2f4c04900a771d7f10111917c1f6e4af61b81ecaa47999399ea3edee13d4aadb44a5,2025-08-01T23:50:00.000,35,NO CONTROLS,NO CONTROLS,CLEAR,"DARKNESS, LIGHTED ROAD",ANGLE,ALLEY,STRAIGHT AND LEVEL,DRY,NO DEFECTS,NOT ON SCENE (DESK REPORT),NO INJURY / DRIVE AWAY,Y,"OVER $1,500",2025-08-02T01:55:00.000,UNABLE TO DETERMINE,NOT APPLICABLE,750,N,ORLEANS ST,1831,2,NO INDICATION OF INJURY,0,0,0,0,0,5,0,23,6,8,41.8962926548,-87.6373131671,"{'type': 'Point', 'coordinates': [-87.637313167087, 41.896292654788]}",,,,,,,,,,
475a42e371e7e8557c6de22d4b2eaeff2c5876fcc163f945c1270588afe78f6bba496e1d6ad596d2b0f098516841395ff8b920510ae3659ba720012409ac17d2,2025-08-01T23:39:00.000,30,STOP SIGN/FLASHER,FUNCTIONING PROPERLY,CLEAR,"DARKNESS, LIGHTED ROAD",TURNING,DIVIDED - W/MEDIAN BARRIER,STRAIGHT AND LEVEL,DRY,NO DEFECTS,ON SCENE,INJURY AND / OR TOW DUE TO CRASH,,"OVER $1,500",2025-08-01T23:39:00.000,FAILING TO YIELD RIGHT-OF-WAY,NOT APPLICABLE,13000,S,EBERHART AVE,533,2,NONINCAPACITATING INJURY,1,0,0,1,0,4,0,23,6,8,41.6590440795,-87.6107930964,"{'type': 'Point', 'coordinates': [-87.610793096398, 41.659044079517]}",,,,,,,,,,
7b8fbc7c1c82e080d2369660e62aa8ec6a134baa1c217992450a0033f4667b62f668c4c58e79335ac6757e9e234db7c409ac77cbfb38c7682430082f56095c87,2025-08-01T23:36:00.000,10,NO CONTROLS,NO CONTROLS,CLEAR,"DARKNESS, LIGHTED ROAD",PARKED MOTOR VEHICLE,PARKING LOT,STRAIGHT AND LEVEL,DRY,NO DEFECTS,NOT ON SCENE (DESK REPORT),NO INJURY / DRIVE AWAY,,$500 OR LESS,2025-08-02T00:15:00.000,UNABLE TO DETERMINE,NOT APPLICABLE,300,S,CICERO AVE,1533,2,NO INDICATION OF INJURY,0,0,0,0,0,3,0,23,6,8,41.8767606549,-87.7452916664,"{'type': 'Point', 'coordinates': [-87.745291666388, 41.876760654888]}",,,,,,,,,,
7b46728bf0ff9aaa3e388be14b2b16fe1a4d7c2cdbd76560890b491c74461263a7e591aabe14dab61f313236fe4aaa32db0ca3bd25e96d0ce4f8f4a8e4351aa2,2025-08-01T23:35:00.000,25,NO CONTROLS,NO CONTROLS,OTHER,DUSK,PARKED MOTOR VEHICLE,NOT DIVIDED,STRAIGHT AND LEVEL,DRY,NO DEFECTS,ON SCENE,INJURY AND / OR TOW DUE TO CRASH,,"OVER $1,500",2025-08-01T23:38:00.000,UNABLE TO DETERMINE,NOT APPLICABLE,7557,W,BELMONT AVE,2511,3,NONINCAPACITATING INJURY,1,0,0,1,0,0,0,23,6,8,41.9378348383,-87.8163654038,"{'type': 'Point', 'coordinates': [-87.816365403762, 41.937834838289]}",,,,,,,,,,
003db7e5cb3cf4a85d57f8ac9268c49f88918f188f78e46c1987bc5c6851d1f81393403613e875f547a820f8419c49da0dc334a7128614d974fafb4410cda336,2025-08-01T23:30:00.000,30,NO CONTROLS,NO CONTROLS,CLEAR,DARKNESS,PARKED MOTOR VEHICLE,NOT DIVIDED,STRAIGHT AND LEVEL,UNKNOWN,UNKNOWN,NOT ON SCENE (DESK REPORT),NO INJURY / DRIVE AWAY,,"OVER $1,500",2025-08-02T13:36:00.000,UNABLE TO DETERMINE,NOT APPLICABLE,6301,N,CALIFORNIA AVE,2413,2,NO INDICATION OF INJURY,0,0,0,0,0,1,0,23,6,8,41.9958624844,-87.6994333046,"{'type': 'Point', 'coordinates': [-87.699433304609, 41.995862484394]}",,,Y,,Y,,,,,
c26bd028b1a50ad0dd810a358eb8024a2dcb6d6110a4979aa5b3672b12e98a2277f0644d30feb1825a832e637aa833fe2fd2a24bdab4fe4686c242e224629008,2025-08-01T23:30:00.000,30,NO CONTROLS,NO CONTROLS,CLEAR,DARKNESS,PARKED MOTOR VEHICLE,OTHER,STRAIGHT AND LEVEL,DRY,NO DEFECTS,NOT ON SCENE (DESK REPORT),NO INJURY / DRIVE AWAY,,"OVER $1,500",2025-08-02T00:00:00.000,NOT APPLICABLE,NOT APPLICABLE,3801,W,HARRISON ST,1133,2,NO INDICATION OF INJURY,0,0,0,0,0,1,0,23,6,8,41.8734046453,-87.7203996283,"{'type': 'Point', 'coordinates': [-87.720399628297, 41.873404645345]}",,,Y,,,,,,,
c7e6ce793263267f0719b4d09f3b1f37f5c58be08fef58979aa188317fa1419605ee27c1ad888aa92f4c5c4cbe4432db27a09ff07ce509c861c3552224cd655c,2025-08-01T23:30:00.000,30,STOP SIGN/FLASHER,UNKNOWN,CLEAR,"DARKNESS, LIGHTED ROAD",TURNING,FOUR WAY,STRAIGHT AND LEVEL,DRY,NO DEFECTS,ON SCENE,NO INJURY / DRIVE AWAY,N,$500 OR LESS,2025-08-01T23:45:00.000,FAILING TO YIELD RIGHT-OF-WAY,IMPROPER LANE USAGE,42,E,WACKER DR,111,2,NO INDICATION OF INJURY,0,0,0,0,0,2,0,23,6,8,41.8874310866,-87.6266795065,"{'type': 'Point', 'coordinates': [-87.626679506471, 41.887431086623]}",,,,,Y,,,,,
31d1da1e02e8ff7d212b99422878bebfb25058c654bf0a82fd05259de9ede562b36b9e5a03fa52c447debf3732ca6521db1a1bd40b341c4af2c4e7bd36aad862,2025-08-01T23:25:00.000,35,NO CONTROLS,NO CONTROLS,CLEAR,"DARKNESS, LIGHTED ROAD",OTHER OBJECT,DIVIDED - W/MEDIAN (NOT RAISED),STRAIGHT AND LEVEL,DRY,NO DEFECTS,NOT ON SCENE (DESK REPORT),NO INJURY / DRIVE AWAY,Y,"OVER $1,500",2025-08-01T23:25:00.000,EQUIPMENT - VEHICLE CONDITION,NOT APPLICABLE,437,W,DIVISION ST,1823,2,NO INDICATION OF INJURY,0,0,0,0,0,3,0,23,6,8,41.9036615127,-87.6396656156,"{'type': 'Point', 'coordinates': [-87.639665615624, 41.903661512678]}",,,,,,,,,,
bfae7f0daaa8a22e22ef655384acc33e447e6a2f4676757c8301c0a2fd4f1f036b7133beae313215814726b4aeb922969314b933cd0ab9e3f62e4277e5271ae9,2025-08-01T23:24:00.000,30,NO CONTROLS,NO CONTROLS,UNKNOWN,"DARKNESS, LIGHTED ROAD",HEAD ON,NOT DIVIDED,STRAIGHT AND LEVEL,UNKNOWN,UNKNOWN,NOT ON SCENE (DESK REPORT),INJURY AND / OR TOW DUE TO CRASH,,"OVER $1,500",2025-08-03T14:00:00.000,UNABLE TO DETERMINE,NOT APPLICABLE,2101,E,73RD ST,333,2,"REPORTED, NOT EVIDENT",1,0,0,0,1,1,0,23,6,8,41.762433826,-87.5736713587,"{'type': 'Point', 'coordinates': [-87.573671358728, 41.762433826001]}",,,,,,,,,,
69bc48ff1089a13b829370a11f90c5ffd859665bad305ec099d791cd89a8029ead6bce38b9645bc95dcab5cfabe45789bdab44a63cb3dac9b0a74d692e7156ba,2025-08-01T23:18:00.000,30,NO CONTROLS,NO CONTROLS,CLEAR,"DARKNESS, LIGHTED ROAD",PARKED MOTOR VEHICLE,NOT DIVIDED,STRAIGHT AND LEVEL,DRY,NO DEFECTS,ON SCENE,INJURY AND / OR TOW DUE TO CRASH,,"OVER $1,500",2025-08-02T00:18:00.000,NOT APPLICABLE,NOT APPLICABLE,5754,N,AVONDALE AVE,1612,2,NO INDICATION OF INJURY,0,0,0,0,0,1,0,23,6,8,41.986048591,-87.7898336024,"{'type': 'Point', 'coordinates': [-87.789833602356, 41.986048591016]}",,,Y,,,,,,,
7976efd040b09bbbd28f733c43abb8fc7f7dab96ada849681e5b1f90d4dcc8911863e4024a14732d1b0d0105d060aac83cc49635e80db78d1eceb757959b2089,2025-08-01T23:15:00.000,35,UNKNOWN,UNKNOWN,CLEAR,DARKNESS,TURNING,NOT DIVIDED,STRAIGHT AND LEVEL,DRY,NO DEFECTS,ON SCENE,INJURY AND / OR TOW DUE TO CRASH,,"OVER $1,500",2025-08-01T23:20:00.000,IMPROPER TURNING/NO SIGNAL,NOT APPLICABLE,6460,N,SHERIDAN RD,2432,2,"REPORTED, NOT EVIDENT",1,0,0,0,1,2,0,23,6,8,41.9998938718,-87.660837285,"{'type': 'Point', 'coordinates': [-87.660837284997, 41.999893871758]}",,,,,,,,,,
6eedfb9007ab8f374d4182c98d1d5bee64219fd87a836707701cc7cdbf2e28db6b4c69e6a3afbc87c2c87474e07e32f47e0705aedfc79a9651d00a7b8487c8fc,2025-08-01T23:14:00.000,30,TRAFFIC SIGNAL,UNKNOWN,CLEAR,"DARKNESS, LIGHTED ROAD",REAR TO FRONT,NOT DIVIDED,STRAIGHT AND LEVEL,DRY,UNKNOWN,ON SCENE,NO INJURY / DRIVE AWAY,Y,"OVER $1,500",2025-08-01T23:27:00.000,FAILING TO YIELD RIGHT-OF-WAY,NOT APPLICABLE,4143,N,ELSTON AVE,1723,2,NO INDICATION OF INJURY,0,0,0,0,0,3,0,23,6,8,41.9562315782,-87.7226372217,"{'type': 'Point', 'coordinates': [-87.72263722172, 41.956231578222]}",,,,,,,,,,
26b85ecb974f391baa6d2ff1f1166c63a99d3bda99f7e156d13d9e23d7a9db9886bc61dbdb115adb582366cc49e1c9199131ec8023592b3e65efb6ee00745eb3,2025-08-01T23:08:00.000,30,NO CONTROLS,NO CONTROLS,CLEAR,"DARKNESS, LIGHTED ROAD",PARKED MOTOR VEHICLE,NOT DIVIDED,STRAIGHT AND LEVEL,DRY,NO DEFECTS,ON SCENE,INJURY AND / OR TOW DUE TO CRASH,,"OVER $1,500",2025-08-01T23:17:00.000,UNABLE TO DETERMINE,NOT APPLICABLE,1501,W,MADISON ST,1224,6,NONINCAPACITATING INJURY,1,0,0,1,0,0,0,23,6,8,41.8813766539,-87.664496487,"{'type': 'Point', 'coordinates': [-87.664496486978, 41.881376653875]}",,,N,,,,,,,
2fdd994e36b03f434579d25cdc215631af04fbce5697fdf39ddac38c68f6398a03efe8c84bc027182637a88c5bd06c5e9291c985fa3a2b3a37751e918a5652cb,2025-08-01T23:06:00.000,30,NO CONTROLS,NO CONTROLS,CLEAR,"DARKNESS, LIGHTED ROAD",OTHER OBJECT,NOT DIVIDED,STRAIGHT AND LEVEL,DRY,NO DEFECTS,ON SCENE,INJURY AND / OR TOW DUE TO CRASH,,"OVER $1,500",2025-08-01T23:11:00.000,UNABLE TO DETERMINE,UNABLE TO DETERMINE,421,E,65TH ST,312,1,NO INDICATION OF INJURY,0,0,0,0,0,1,0,23,6,8,41.7765105013,-87.6146377294,"{'type': 'Point', 'coordinates': [-87.61463772941, 41.776510501264]}",,,,,,,,,,
12578090814645f1fb651fe8250312bc63c56814bbe378cb00463f07057cba6f60d94a27368ec89daf063d6692ab717aeef0c4bfe9247a2f24538fa6a6b0d7e6,2025-08-01T23:00:00.000,30,NO CONTROLS,NO CONTROLS,CLEAR,DAYLIGHT,SIDESWIPE SAME DIRECTION,DIVIDED - W/MEDIAN (NOT RAISED),STRAIGHT AND LEVEL,DRY,NO DEFECTS,NOT ON SCENE (DESK REPORT),INJURY AND / OR TOW DUE TO CRASH,,"$501 - $1,500",2025-08-03T18:40:00.000,UNABLE TO DETERMINE,UNABLE TO DETERMINE,11435,S,HALSTED ST,2233,2,INCAPACITATING INJURY,1,0,1,0,0,1,0,23,6,8,41.6858536906,-87.6420305193,"{'type': 'Point', 'coordinates': [-87.642030519256, 41.685853690558]}",,,Y,,Y,,,,,
6b448aadb0d5e6c5153b7cd86d34eddd526307a3babc9ca9cee9e3613b2302c2acc0bea9a13012a0623221f9cc18b3985c743fff677d37199aebc719e71122ea,2025-08-01T23:00:00.000,30,TRAFFIC SIGNAL,FUNCTIONING PROPERLY,CLEAR,"DARKNESS, LIGHTED ROAD",SIDESWIPE SAME DIRECTION,DIVIDED - W/MEDIAN (NOT RAISED),STRAIGHT AND LEVEL,DRY,NO DEFECTS,NOT ON SCENE (DESK REPORT),NO INJURY / DRIVE AWAY,Y,"OVER $1,500",2025-08-02T01:20:00.000,IMPROPER OVERTAKING/PASSING,IMPROPER OVERTAKING/PASSING,626,N,MICHIGAN AVE,1834,2,NO INDICATION OF INJURY,0,0,0,0,0,3,0,23,6,8,41.8933722143,-87.6243614185,"{'type': 'Point', 'coordinates': [-87.624361418497, 41.893372214284]}",,,,,,,,,,
c48fd2de1a5c767ba821b75efe1badac49e9421a4969977baf67b842033c1fcc8230504aa2a7ded048fb28a1e97a578b717218eb1d3f315273f6879bc86e340e,2025-08-01T23:00:00.000,30,TRAFFIC SIGNAL,FUNCTIONING PROPERLY,CLEAR,"DARKNESS, LIGHTED ROAD",TURNING,FOUR WAY,STRAIGHT AND LEVEL,DRY,UNKNOWN,NOT ON SCENE (DESK REPORT),NO INJURY / DRIVE AWAY,Y,"$501 - $1,500",2025-08-06T21:45:00.000,IMPROPER TURNING/NO SIGNAL,IMPROPER TURNING/NO SIGNAL,1200,N,LA SALLE DR,1821,2,NO INDICATION OF INJURY,0,0,0,0,0,2,0,23,6,8,41.9039692113,-87.6330707107,"{'type': 'Point', 'coordinates': [-87.633070710665, 41.903969211265]}",,,Y,,,,,,,
1359fffc7eb3fe341792b50a7c8c2183975026b20c4da9ab73ddf12bb93ccea9d45a0e6d98d8628981ad06da6f94798b13a8ae974dee9c9732298a4f20ae4a27,2025-08-01T22:59:00.000,30,NO CONTROLS,NO CONTROLS,UNKNOWN,"DARKNESS, LIGHTED ROAD",TURNING,NOT DIVIDED,STRAIGHT AND LEVEL,UNKNOWN,UNKNOWN,NOT ON SCENE (DESK REPORT),NO INJURY / DRIVE AWAY,,$500 OR LESS,2025-08-02T09:35:00.000,UNABLE TO DETERMINE,UNABLE TO DETERMINE,181,N,DEARBORN ST,111,2,NO INDICATION OF INJURY,0,0,0,0,0,2,0,22,6,8,41.8853504636,-87.629337393,"{'type': 'Point', 'coordinates': [-87.62933739296, 41.88535046357]}",,,,,,,,,,
e94c82ea35924d5c8abc48eb69855f34f6b6bf10ac253e8d0825d22954550e46fcc6883cac400c6d1e7b5085c3c37d8411db2c9a689119d753a3f335750dd113,2025-08-01T22:57:00.000,30,NO CONTROLS,FUNCTIONING PROPERLY,CLEAR,"DARKNESS, LIGHTED ROAD",REAR END,DIVIDED - W/MEDIAN (NOT RAISED),STRAIGHT AND LEVEL,DRY,NO DEFECTS,ON SCENE,NO INJURY / DRIVE AWAY,,"$501 - $1,500",2025-08-01T22:59:00.000,UNDER THE INFLUENCE OF ALCOHOL/DRUGS (USE WHEN ARREST IS EFFECTED),UNDER THE INFLUENCE OF ALCOHOL/DRUGS (USE WHEN ARREST IS EFFECTED),39,W,IDA B WELLS DR,123,2,NO INDICATION OF INJURY,0,0,0,0,0,2,0,22,6,8,41.8755173238,-87.6291297185,"{'type': 'Point', 'coordinates': [-87.629129718529, 41.875517323766]}",,,,,,,,,,
4f3bfa223e0be0d82a4585b4a8c5d5c991a23657bd06747fc2b06d03612f619b10e7a5029afde5cea989b8e42e63cde0fcb3a3d38ef2461cdcdef58a4f57b6bb,2025-08-01T22:51:00.000,30,TRAFFIC SIGNAL,FUNCTIONING PROPERLY,CLEAR,"DARKNESS, LIGHTED ROAD",TURNING,DIVIDED - W/MEDIAN BARRIER,STRAIGHT AND LEVEL,DRY,OTHER,NOT ON SCENE (DESK REPORT),NO INJURY / DRIVE AWAY,Y,"OVER $1,500",2025-08-02T00:05:00.000,IMPROPER OVERTAKING/PASSING,NOT APPLICABLE,1100,S,CANAL ST,124,2,NO INDICATION OF INJURY,0,0,0,0,0,2,0,22,6,8,41.86888416,-87.6393925403,"{'type': 'Point', 'coordinates': [-87.639392540279, 41.868884160018]}",,,,,,,,,,