crash_record_id,crash_date,posted_speed_limit,traffic_control_device,device_condition,weather_condition,lighting_condition,first_crash_type,trafficway_type,alignment,roadway_surface_cond,road_defect,report_type,crash_type,intersection_related_i,damage,date_police_notified,prim_contributory_cause,sec_contributory_cause,street_no,street_direction,street_name,beat_of_occurrence,num_units,most_severe_injury,injuries_total,injuries_fatal,injuries_incapacitating,injuries_non_incapacitating,injuries_reported_not_evident,injuries_no_indication,injuries_unknown,crash_hour,crash_day_of_week,crash_month,latitude,longitude,location,private_property_i,photos_taken_i,hit_and_run_i,statements_taken_i,crash_date_est_i,work_zone_i,work_zone_type,dooring_i,lane_cnt,workers_present_i
9d4e2a0917f078c0933bce5d5f6a1ac09acca61a1da526d0e51ade6b6f1f0e6fa677b052225a5bb9c427aa2bcdadcaba2034dd964e1cd125b7806333f3e3b978,2025-08-01T20:00:00.000,30,NO CONTROLS,NO CONTROLS,CLEAR,"DARKNESS, LIGHTED ROAD",REAR END,DIVIDED - W/MEDIAN (NOT RAISED),STRAIGHT AND LEVEL,DRY,NO DEFECTS,NOT ON SCENE (DESK REPORT),NO INJURY / DRIVE AWAY,,"$501 - $1,500",2025-08-04T09:55:00.000,UNABLE TO DETERMINE,UNABLE TO DETERMINE,5815,S,CALIFORNIA AVE,824,2,NO INDICATION OF INJURY,0,0,0,0,0,2,0,20,6,8,41.7877447113,-87.6934860487,"{'type': 'Point', 'coordinates': [-87.693486048693, 41.787744711286]}",,,,,,,,,,
e930eafa1450217e648c357f64408fb14a0f45a8c313e7c4a0898a20e5c4083b3fa6dc4716d691cda22a839bdcfbfd3358dcef4aec8ae9507c891dca14269e91,2025-08-01T20:00:00.000,30,TRAFFIC SIGNAL,UNKNOWN,CLEAR,DAYLIGHT,REAR END,FOUR WAY,STRAIGHT AND LEVEL,DRY,NO DEFECTS,NOT ON SCENE (DESK REPORT),NO INJURY / DRIVE AWAY,,"OVER $1,500",2025-08-01T20:28:00.000,FOLLOWING TOO CLOSELY,UNABLE TO DETERMINE,800,S,INDEPENDENCE BLVD,1133,2,NO INDICATION OF INJURY,0,0,0,0,0,2,0,20,6,8,41.8707377306,-87.7204174302,"{'type': 'Point', 'coordinates': [-87.720417430161, 41.870737730633]}",,,,,,,,,,
50ddaeda2875bcbc099f627c12c5957eb683f43c7fd90aa2a399256840ce0b750bb056ab88849dc6eb1ee0f7f3b9da7fd5a72cfe7cc3e33f8933a512ad3637c4,2025-08-01T19:56:00.000,30,NO CONTROLS,NO CONTROLS,CLEAR,DAYLIGHT,PEDESTRIAN,PARKING LOT,STRAIGHT AND LEVEL,DRY,NO DEFECTS,ON SCENE,INJURY AND / OR TOW DUE TO CRASH,,"OVER $1,500",2025-08-01T19:56:00.000,DISTRACTION - FROM OUTSIDE VEHICLE,UNABLE TO DETERMINE,2910,W,87TH ST,835,2,NONINCAPACITATING INJURY,1,0,0,1,0,1,0,19,6,8,41.7354209099,-87.6951494608,"{'type': 'Point', 'coordinates': [-87.695149460826, 41.735420909934]}",,,,,,,,,,
4b8d2051bdc26c956a86a4c5dd25e88daf8d7d14866839c149aaded8dd3dc8f742985cee927bb8782a4e743d18f48fe0f68cbb6619a53eade560bd6bd3df6287,2025-08-01T19:55:00.000,30,NO CONTROLS,NO CONTROLS,CLEAR,"DARKNESS, LIGHTED ROAD",ANGLE,NOT DIVIDED,STRAIGHT ON GRADE,DRY,NO DEFECTS,NOT ON SCENE (DESK REPORT),NO INJURY / DRIVE AWAY,,"OVER $1,500",2025-08-01T20:45:00.000,FAILING TO REDUCE SPEED TO AVOID CRASH,FAILING TO YIELD RIGHT-OF-WAY,9452,S,HARVARD AVE,634,2,NO INDICATION OF INJURY,0,0,0,0,0,2,0,19,6,8,41.7227482559,-87.6323090949,"{'type': 'Point', 'coordinates': [-87.632309094946, 41.72274825594]}",,,Y,,,,,,,
6b834c72ab9cb523033eba9d36b575d6ec07d38a35e9b5c77d64eb2841a67c14ff6667d0ad5ab9e50e2122a8ac08e2f48f48c72ffcbde4048ff105e31240d2b0,2025-08-01T19:55:00.000,30,TRAFFIC SIGNAL,FUNCTIONING PROPERLY,CLEAR,DAWN,REAR END,NOT DIVIDED,STRAIGHT AND LEVEL,DRY,UNKNOWN,ON SCENE,NO INJURY / DRIVE AWAY,,"OVER $1,500",2025-08-01T20:09:00.000,FAILING TO REDUCE SPEED TO AVOID CRASH,UNABLE TO DETERMINE,2605,W,LOGAN BLVD,1431,2,NO INDICATION OF INJURY,0,0,0,0,0,5,0,19,6,8,41.9283974868,-87.6928736375,"{'type': 'Point', 'coordinates': [-87.692873637487, 41.928397486756]}",,,,,,,,,,
050254a828de9c2614a1ac77e11f254d71943d2417cbc7b36803cdf7e5edd3c4a68952625a850cec0b03b0744568ef94c6dc98e667fd0b4ffb62b586db5dceba,2025-08-01T19:50:00.000,30,TRAFFIC SIGNAL,FUNCTIONING PROPERLY,CLEAR,"DARKNESS, LIGHTED ROAD",SIDESWIPE SAME DIRECTION,DIVIDED - W/MEDIAN (NOT RAISED),STRAIGHT AND LEVEL,DRY,NO DEFECTS,NOT ON SCENE (DESK REPORT),NO INJURY / DRIVE AWAY,,$500 OR LESS,2025-08-01T19:58:00.000,IMPROPER OVERTAKING/PASSING,NOT APPLICABLE,3200,W,OGDEN AVE,1022,2,NO INDICATION OF INJURY,0,0,0,0,0,2,0,19,6,8,41.8580532553,-87.705555636,"{'type': 'Point', 'coordinates': [-87.705555636014, 41.858053255297]}",,,,,,,,,,
449bdfc25f9859feba7acd133f528d48f6bc0d7c7f715f6492f9f4d10fe22770ec2b48225a9980ac9587e3ee5b332ebeeded9736e62768be22e852a181f95511,2025-08-01T19:48:00.000,30,TRAFFIC SIGNAL,FUNCTIONING PROPERLY,CLEAR,DAYLIGHT,ANGLE,FOUR WAY,STRAIGHT AND LEVEL,DRY,NO DEFECTS,ON SCENE,INJURY AND / OR TOW DUE TO CRASH,Y,"OVER $1,500",2025-08-01T19:48:00.000,FAILING TO YIELD RIGHT-OF-WAY,NOT APPLICABLE,1998,W,ADAMS ST,1223,2,NONINCAPACITATING INJURY,2,0,0,1,1,1,0,19,6,8,41.8788548639,-87.6765168054,"{'type': 'Point', 'coordinates': [-87.676516805367, 41.878854863947]}",,,,Y,,,,,,
25df322fec94848653200f42cb8ac6d80795f58bb9f14671de2d149008882f96f8c18e30e673eee13abea2687539cc8f776ff13952e0b54a06b85fe00cdb1be8,2025-08-01T19:41:00.000,25,UNKNOWN,NO CONTROLS,CLEAR,DAWN,PARKED MOTOR VEHICLE,NOT DIVIDED,STRAIGHT AND LEVEL,DRY,NO DEFECTS,NOT ON SCENE (DESK REPORT),NO INJURY / DRIVE AWAY,,"OVER $1,500",2025-08-01T20:30:00.000,DRIVING SKILLS/KNOWLEDGE/EXPERIENCE,DRIVING SKILLS/KNOWLEDGE/EXPERIENCE,172,W,ADAMS ST,122,2,NO INDICATION OF INJURY,0,0,0,0,0,1,0,19,6,8,41.8795036502,-87.6329697416,"{'type': 'Point', 'coordinates': [-87.632969741567, 41.879503650162]}",,,,,,,,,,
2003869dfc68f415426eb246e9549500bc70f211acfc4f6149d50d73fffd3cd0651207f3ebe6019cdd86f532b3287e73feeb42d5026e397a1d897eaae639001b,2025-08-01T19:38:00.000,30,STOP SIGN/FLASHER,FUNCTIONING PROPERLY,CLEAR,DUSK,ANGLE,PARKING LOT,STRAIGHT AND LEVEL,DRY,NO DEFECTS,ON SCENE,NO INJURY / DRIVE AWAY,,"OVER $1,500",2025-08-01T19:38:00.000,UNABLE TO DETERMINE,UNABLE TO DETERMINE,7030,S,ASHLAND AVE,735,2,NO INDICATION OF INJURY,0,0,0,0,0,3,0,19,6,8,41.7657907704,-87.6639668865,"{'type': 'Point', 'coordinates': [-87.663966886455, 41.765790770432]}",,,Y,,,,,,,
e6804b92cf04e68e309aa43be6eccc1a55a869289f677ede11651b08d2893ebbcfd746bcd3f6f3399f7b57342c400d69f117099309d66f3b6041f9d4d751b7b7,2025-08-01T19:34:00.000,30,NO CONTROLS,UNKNOWN,UNKNOWN,DUSK,PARKED MOTOR VEHICLE,ONE-WAY,STRAIGHT AND LEVEL,DRY,UNKNOWN,ON SCENE,INJURY AND / OR TOW DUE TO CRASH,,"OVER $1,500",2025-08-01T19:35:00.000,UNABLE TO DETERMINE,UNABLE TO DETERMINE,5011,W,HURON ST,1532,4,NONINCAPACITATING INJURY,1,0,0,1,0,0,0,19,6,8,41.8930059151,-87.7511429511,"{'type': 'Point', 'coordinates': [-87.751142951105, 41.89300591514]}",,,,,,,,,,
efdd9483b111e9031a59d1245fc68b884442daca295d8d40a4e91c19f1ab1c9d6485ddf9a67038ea04ba6ac665c3099e045f16950e9d743d752e5f8a4d7fecfd,2025-08-01T19:30:00.000,30,UNKNOWN,UNKNOWN,CLEAR,DAYLIGHT,SIDESWIPE OPPOSITE DIRECTION,NOT DIVIDED,STRAIGHT AND LEVEL,UNKNOWN,UNKNOWN,NOT ON SCENE (DESK REPORT),NO INJURY / DRIVE AWAY,,"OVER $1,500",2025-08-01T19:50:00.000,UNABLE TO DETERMINE,UNABLE TO DETERMINE,1,S,WACKER DR,122,2,NO INDICATION OF INJURY,0,0,0,0,0,2,0,19,6,8,41.8818862275,-87.6366183305,"{'type': 'Point', 'coordinates': [-87.63661833048, 41.881886227462]}",,,Y,,,,,,,
47b1c6cc9642c29ed46b12d7b779e6a83853d1c2ad7db24a729893f28b3c8549af97c304a034e7dde7690825266f478e0ccd453b4e176c588dc129b2e30bfb26,2025-08-01T19:25:00.000,35,STOP SIGN/FLASHER,FUNCTIONING PROPERLY,CLEAR,DAWN,ANGLE,NOT DIVIDED,STRAIGHT AND LEVEL,DRY,NO DEFECTS,NOT ON SCENE (DESK REPORT),INJURY AND / OR TOW DUE TO CRASH,Y,"OVER $1,500",2025-08-01T19:58:00.000,FAILING TO YIELD RIGHT-OF-WAY,NOT APPLICABLE,2600,S,SPAULDING AVE,1032,2,NO INDICATION OF INJURY,0,0,0,0,0,2,0,19,6,8,41.8443900411,-87.7076201478,"{'type': 'Point', 'coordinates': [-87.707620147775, 41.844390041069]}",,,,,,,,,,
365c6085b6ff472f8b9d167d1ebba3899d315c73d1bd20ae7a5722cdd08a51a10fa6ef22b9fa81fadf089a63c1f357ea6d76eb0d216f76ca7554a571c41b5856,2025-08-01T19:22:00.000,30,TRAFFIC SIGNAL,FUNCTIONING PROPERLY,CLEAR,DAYLIGHT,SIDESWIPE SAME DIRECTION,DIVIDED - W/MEDIAN (NOT RAISED),STRAIGHT AND LEVEL,DRY,UNKNOWN,ON SCENE,NO INJURY / DRIVE AWAY,,"OVER $1,500",2025-08-01T19:35:00.000,IMPROPER OVERTAKING/PASSING,NOT APPLICABLE,6398,W,BELMONT AVE,1633,2,NO INDICATION OF INJURY,0,0,0,0,0,2,0,19,6,8,41.9384289292,-87.78590709,"{'type': 'Point', 'coordinates': [-87.785907089987, 41.93842892922]}",,,,,,,,,,
4e70878644b5d58b7831be71b5c41641d7e1cb1db03de60cea0874c9052fe0b781439ae4efeda96addd19348e782c589ce9f3d9efa19224e2f84cfa9525462df,2025-08-01T19:20:00.000,30,STOP SIGN/FLASHER,FUNCTIONING PROPERLY,CLEAR,DAYLIGHT,ANGLE,FOUR WAY,STRAIGHT AND LEVEL,DRY,NO DEFECTS,NOT ON SCENE (DESK REPORT),INJURY AND / OR TOW DUE TO CRASH,Y,"OVER $1,500",2025-08-01T19:24:00.000,UNABLE TO DETERMINE,NOT APPLICABLE,1501,S,KEDVALE AVE,1012,2,"REPORTED, NOT EVIDENT",1,0,0,0,1,1,0,19,6,8,41.8605534667,-87.7285260447,"{'type': 'Point', 'coordinates': [-87.728526044741, 41.860553466722]}",,,,,,,,,,
abce2e5e5e55252d99ea430e4f2aa4d46f3af59c42ac95ea6e9d00f45903cf3e9294f86f56fbd336c9d506a092678f1244c4dfacb461f9a796f05503b2524ded,2025-08-01T19:18:00.000,25,OTHER,FUNCTIONING PROPERLY,CLEAR,DAYLIGHT,REAR END,NOT DIVIDED,STRAIGHT AND LEVEL,DRY,NO DEFECTS,ON SCENE,NO INJURY / DRIVE AWAY,,"$501 - $1,500",2025-08-01T19:19:00.000,UNABLE TO DETERMINE,NOT APPLICABLE,1201,W,71ST ST,734,2,NO INDICATION OF INJURY,0,0,0,0,0,2,0,19,6,8,41.7649464637,-87.6541734346,"{'type': 'Point', 'coordinates': [-87.654173434593, 41.764946463701]}",,,,,Y,,,,,
7847b7a08489e6558d1b6d261f75fd2bc2d7703e08672b3ca84421919c5ab2389ed066b34c69aae3234759b2401b45698d0e695e32f16473b28f3b1d252b6d86,2025-08-01T19:10:00.000,30,NO CONTROLS,NO CONTROLS,CLEAR,DAYLIGHT,REAR END,NOT DIVIDED,STRAIGHT AND LEVEL,DRY,UNKNOWN,NOT ON SCENE (DESK REPORT),NO INJURY / DRIVE AWAY,,"OVER $1,500",2025-08-01T19:42:00.000,UNABLE TO DETERMINE,UNABLE TO DETERMINE,823,W,115TH ST,524,2,NO INDICATION OF INJURY,0,0,0,0,0,2,0,19,6,8,41.6849596862,-87.6430971182,"{'type': 'Point', 'coordinates': [-87.64309711816, 41.684959686242]}",,,Y,,,,,,,
41accad9d04f12e0ddd7766e171aa8dd1d4b90682fdad6600a37199546bae6ce55a809bb3b0057106ebf821202043bd87d9d00bd8d4dc991452df6e2d6f3b286,2025-08-01T19:05:00.000,30,NO CONTROLS,NO CONTROLS,CLEAR,"DARKNESS, LIGHTED ROAD",REAR END,DIVIDED - W/MEDIAN BARRIER,STRAIGHT AND LEVEL,UNKNOWN,UNKNOWN,NOT ON SCENE (DESK REPORT),NO INJURY / DRIVE AWAY,,"$501 - $1,500",2025-08-01T21:15:00.000,UNABLE TO DETERMINE,NOT APPLICABLE,1934,W,IRVING PARK RD,1912,2,NO INDICATION OF INJURY,0,0,0,0,0,2,0,19,6,8,41.9542799025,-87.6777321666,"{'type': 'Point', 'coordinates': [-87.677732166631, 41.954279902549]}",,,,,,,,,,
6b44f350c24e9c9feef7384bfb5d48d92b568c6675060f7bbd5ef0aebba9ae664ec34e0b1c0f01674af5567d023dd4e438ab443572c272b26a3cf010d044e36e,2025-08-01T19:05:00.000,30,TRAFFIC SIGNAL,FUNCTIONING PROPERLY,CLEAR,DAYLIGHT,ANGLE,FOUR WAY,STRAIGHT ON GRADE,DRY,NO DEFECTS,NOT ON SCENE (DESK REPORT),NO INJURY / DRIVE AWAY,Y,"OVER $1,500",2025-08-01T19:20:00.000,DISREGARDING TRAFFIC SIGNALS,FAILING TO YIELD RIGHT-OF-WAY,10700,S,VINCENNES AVE,2212,2,NO INDICATION OF INJURY,0,0,0,0,0,2,0,19,6,8,41.6993887419,-87.6589133573,"{'type': 'Point', 'coordinates': [-87.658913357315, 41.699388741856]}",,,Y,,,,,,,
ee4ef0e415dfe8feab5c39156f464404fbb8aabac403cb9cb53e54b1a4de579d2e208758087ffa8d1f411733460625f265ddc600ea41fb914072003a3d4871c3,2025-08-01T19:05:00.000,50,UNKNOWN,UNKNOWN,CLEAR,DAYLIGHT,SIDESWIPE SAME DIRECTION,DIVIDED - W/MEDIAN BARRIER,STRAIGHT AND LEVEL,DRY,NO DEFECTS,NOT ON SCENE (DESK REPORT),NO INJURY / DRIVE AWAY,,$500 OR LESS,2025-08-01T19:40:00.000,DRIVING SKILLS/KNOWLEDGE/EXPERIENCE,DRIVING SKILLS/KNOWLEDGE/EXPERIENCE,474,N,LAKE SHORE DR SB,1834,2,NO INDICATION OF INJURY,0,0,0,0,0,2,0,19,6,8,41.8906913834,-87.614384797,"{'type': 'Point', 'coordinates': [-87.614384796968, 41.890691383396]}",,,Y,,,,,,,
7a9e89ca90a99577acef6406dd44bd40337b6cb52ddf5b90d9f2edbd44394719f44f435be3b6a6671b0189799f155a0dac8b486fe138b64cbe8a9eacfee007c7,2025-08-01T19:01:00.000,30,NO CONTROLS,NO CONTROLS,CLEAR,DAYLIGHT,PARKED MOTOR VEHICLE,NOT DIVIDED,STRAIGHT AND LEVEL,DRY,UNKNOWN,ON SCENE,INJURY AND / OR TOW DUE TO CRASH,,"OVER $1,500",2025-08-01T19:19:00.000,UNABLE TO DETERMINE,NOT APPLICABLE,3141,W,66TH ST,831,2,"REPORTED, NOT EVIDENT",2,0,0,0,2,1,0,19,6,8,41.7734007154,-87.7021788087,"{'type': 'Point', 'coordinates': [-87.702178808718, 41.773400715409]}",,,,,,,,,,
0ef74656da16d9a8f2ceca576a62389d1568eddfd9ef9f206ca6e5964aefe01831a5aa761b726f38da0b8c9c8179026b48f2beea625f1b85dce4e97059e0b17f,2025-08-01T19:00:00.000,30,TRAFFIC SIGNAL,FUNCTIONING PROPERLY,CLEAR,DAYLIGHT,PARKED MOTOR VEHICLE,NOT DIVIDED,STRAIGHT AND LEVEL,UNKNOWN,UNKNOWN,NOT ON SCENE (DESK REPORT),NO INJURY / DRIVE AWAY,,"OVER $1,500",2025-08-01T19:54:00.000,UNABLE TO DETERMINE,NOT APPLICABLE,1946,W,IRVING PARK RD,1912,2,NO INDICATION OF INJURY,0,0,0,0,0,5,0,19,6,8,41.9542740779,-87.6781838654,"{'type': 'Point', 'coordinates': [-87.678183865351, 41.954274077934]}",,,,,,,,,,
39cf0023ae2969ffa96d2010a2a9424906d00acb4963e1a2a7898b543227c2c3fe33f5fc311d2675f38a7d76d575c0fb895351cdc57ac86975235b236073c771,2025-08-01T19:00:00.000,30,NO CONTROLS,NO CONTROLS,CLEAR,DUSK,REAR END,NOT DIVIDED,STRAIGHT AND LEVEL,DRY,NO DEFECTS,ON SCENE,NO INJURY / DRIVE AWAY,,"$501 - $1,500",2025-08-01T19:00:00.000,FOLLOWING TOO CLOSELY,NOT APPLICABLE,5040,N,CICERO AVE,1623,2,NO INDICATION OF INJURY,0,0,0,0,0,6,0,19,6,8,41.9728583665,-87.7480570936,"{'type': 'Point', 'coordinates': [-87.748057093561, 41.972858366514]}",,,,,,,,,,
a42bff320f0a6eb921a0e001321e86519be925eec4b98ea79f561892098be794bb4ef9de620064a7265e8d7f174e762614f27fb86a2e123cbeedffddbe7b7bca,2025-08-01T19:00:00.000,30,STOP SIGN/FLASHER,FUNCTIONING PROPERLY,CLEAR,DAYLIGHT,PARKED MOTOR VEHICLE,ONE-WAY,STRAIGHT AND LEVEL,DRY,NO DEFECTS,NOT ON SCENE (DESK REPORT),NO INJURY / DRIVE AWAY,,"OVER $1,500",2025-08-01T19:55:00.000,UNABLE TO DETERMINE,UNABLE TO DETERMINE,7530,S,PERRY AVE,623,2,NO INDICATION OF INJURY,0,0,0,0,0,1,0,19,6,8,41.7572402947,-87.6281273925,"{'type': 'Point', 'coordinates': [-87.628127392525, 41.757240294704]}",,Y,Y,,,,,,,
e93488df011fdc3ea2e5933c5f258a6cb43aff6ffe54fd564e4b3b17fe8ca497aaf524ca742a86e005c6c9600ca9f3c9bdf714c4fa7d1f51b6bdf7dc97bd7d85,2025-08-01T19:00:00.000,25,UNKNOWN,UNKNOWN,CLEAR,DAYLIGHT,PEDALCYCLIST,OTHER,STRAIGHT AND LEVEL,DRY,NO DEFECTS,ON SCENE,INJURY AND / OR TOW DUE TO CRASH,,"OVER $1,500",2025-08-01T19:30:00.000,FAILING TO YIELD RIGHT-OF-WAY,UNABLE TO DETERMINE,9499,S,STATE ST,634,2,NONINCAPACITATING INJURY,1,0,0,1,0,1,0,19,6,8,41.7217276685,-87.6235839863,"{'type': 'Point', 'coordinates': [-87.623583986265, 41.721727668469]}",,,,,,,,,,
5cbfdeb285b6b22dde1178f97b119a89d8818e9b2ba0f58ef5baba44adf9cdb2b6fef1f892deb338a3684c47e5d23df9107c605bb8fe9a2aa46f6cb3e69b1cf7,2025-08-01T18:58:00.000,30,NO CONTROLS,NO CONTROLS,CLEAR,DAYLIGHT,SIDESWIPE SAME DIRECTION,NOT DIVIDED,STRAIGHT AND LEVEL,DRY,NO DEFECTS,ON SCENE,INJURY AND / OR TOW DUE TO CRASH,,"OVER $1,500",2025-08-01T18:58:00.000,IMPROPER LANE USAGE,NOT APPLICABLE,3731,N,CLARK ST,1923,2,NONINCAPACITATING INJURY,2,0,0,1,1,0,0,18,6,8,41.9498042835,-87.6584370918,"{'type': 'Point', 'coordinates': [-87.65843709179, 41.949804283451]}",,,,,,,,,,
21aa723ae155d16e6760965ce66759722cfd8d8bc2b0755f8920a82bc27ed8dfcb99eda5b8ecb74d128ab3138d235e9ceff1bd9bcd41bd9896ff303eeaaff9d4,2025-08-01T18:55:00.000,30,NO CONTROLS,NO CONTROLS,CLEAR,DAWN,REAR END,ONE-WAY,STRAIGHT AND LEVEL,DRY,NO DEFECTS,NOT ON SCENE (DESK REPORT),NO INJURY / DRIVE AWAY,,"$501 - $1,500",2025-08-01T21:00:00.000,FOLLOWING TOO CLOSELY,FOLLOWING TOO CLOSELY,7325,S,PULASKI RD,833,2,NO INDICATION OF INJURY,0,0,0,0,0,2,0,18,6,8,41.7598126207,-87.7220972126,"{'type': 'Point', 'coordinates': [-87.722097212563, 41.759812620733]}",,,,,,,,,,
d2cf5a4da68dad670f39ac43e3ac64f10851353ce3a318e9badff9e804ff7a4e405882419ac1757cf21582a37da598c755ac256ebcf52bd7fc9f92a0e43481f8,2025-08-01T18:50:00.000,30,NO CONTROLS,NO CONTROLS,CLEAR,DAYLIGHT,ANGLE,T-INTERSECTION,STRAIGHT AND LEVEL,DRY,UNKNOWN,NOT ON SCENE (DESK REPORT),NO INJURY / DRIVE AWAY,Y,"OVER $1,500",2025-08-01T20:00:00.000,UNABLE TO DETERMINE,UNABLE TO DETERMINE,5528,W,FULLERTON AVE,2515,2,NO INDICATION OF INJURY,0,0,0,0,0,2,0,18,6,8,41.9241081444,-87.7647026899,"{'type': 'Point', 'coordinates': [-87.764702689917, 41.924108144382]}",,,,,,,,,,
df2b03cbbd75f2b834427ff35aadada8aed7b8c5b127b6a541b9dac9e5c23ee8cca85632df060f7383b4c55ec8c94b9bd6fc180a9b81190c3415042fafef4ef5,2025-08-01T18:48:00.000,30,NO CONTROLS,NO CONTROLS,CLEAR,DAYLIGHT,SIDESWIPE SAME DIRECTION,NOT DIVIDED,STRAIGHT AND LEVEL,DRY,NO DEFECTS,ON SCENE,NO INJURY / DRIVE AWAY,N,"OVER $1,500",2025-08-01T19:07:00.000,IMPROPER OVERTAKING/PASSING,NOT APPLICABLE,1005,N,PULASKI RD,1112,2,NO INDICATION OF INJURY,0,0,0,0,0,3,0,18,6,8,41.8992277969,-87.7260522691,"{'type': 'Point', 'coordinates': [-87.726052269051, 41.899227796886]}",,,Y,,,,,,,
ced56b383b42d3452b9bf81a3860e19d3dbe689edda7aa52460726957ec1a37e43c447db9535ceb04d19c0e3e3d9d646f763e3bbc9d5d33aca07d8bffcb4df39,2025-08-01T18:40:00.000,30,TRAFFIC SIGNAL,FUNCTIONING PROPERLY,CLEAR,DAYLIGHT,SIDESWIPE SAME DIRECTION,NOT DIVIDED,STRAIGHT AND LEVEL,DRY,NO DEFECTS,NOT ON SCENE (DESK REPORT),NO INJURY / DRIVE AWAY,,"OVER $1,500",2025-08-01T19:20:00.000,IMPROPER OVERTAKING/PASSING,IMPROPER OVERTAKING/PASSING,98,E,11TH ST,123,2,NO INDICATION OF INJURY,0,0,0,0,0,2,0,18,6,8,41.8694183385,-87.624222967,"{'type': 'Point', 'coordinates': [-87.624222967006, 41.869418338523]}",,,Y,,,,,,,
ffc6728022944106acd3956ac3f069534905b6890bb9532499d227295a09fa448ded77f8714cd5b7eedd7c0a559e5ceb6c611f94cc01f1d8d7f4fe7246c26669,2025-08-01T18:38:00.000,30,NO CONTROLS,NO CONTROLS,CLEAR,DAYLIGHT,REAR END,NOT DIVIDED,STRAIGHT AND LEVEL,DRY,NO DEFECTS,NOT ON SCENE (DESK REPORT),NO INJURY / DRIVE AWAY,,"OVER $1,500",2025-08-01T19:51:00.000,FOLLOWING TOO CLOSELY,DISTRACTION - FROM OUTSIDE VEHICLE,3306,W,ARMITAGE AVE,1413,2,NO INDICATION OF INJURY,0,0,0,0,0,2,0,18,6,8,41.9174666998,-87.7106041906,"{'type': 'Point', 'coordinates': [-87.710604190551, 41.91746669979]}",,,Y,,,,,,,
92f07d5ff092a28a8f9d0dbf0ecb02c4449eaba33e5e65a4739f1e8a270642fd0aa023924e1ae0b55ff1843e6963b41c0e910b057f6263472e9a5ed6f1238def,2025-08-01T18:30:00.000,30,NO CONTROLS,NO CONTROLS,CLEAR,DAYLIGHT,SIDESWIPE SAME DIRECTION,NOT DIVIDED,STRAIGHT AND LEVEL,DRY,NO DEFECTS,NOT ON SCENE (DESK REPORT),NO INJURY / DRIVE AWAY,Y,"OVER $1,500",2025-08-02T11:15:00.000,DRIVING SKILLS/KNOWLEDGE/EXPERIENCE,NOT APPLICABLE,839,E,63RD ST,312,2,NO INDICATION OF INJURY,0,0,0,0,0,2,0,18,6,8,41.7803228919,-87.6043215069,"{'type': 'Point', 'coordinates': [-87.604321506882, 41.780322891869]}",,,,,,,,,,
24afb8a9567982d108c916f59df3e672a724d93923f6fa4dc53a48dcd49efcae46c004530e72769cb14b7e4611b2892ec16edd2abefe090eb6358fee93f2e3c6,2025-08-01T18:27:00.000,25,STOP SIGN/FLASHER,NO CONTROLS,CLEAR,DAYLIGHT,ANGLE,NOT DIVIDED,STRAIGHT AND LEVEL,DRY,NO DEFECTS,ON SCENE,NO INJURY / DRIVE AWAY,Y,"OVER $1,500",2025-08-01T18:38:00.000,UNABLE TO DETERMINE,UNABLE TO DETERMINE,875,N,MILWAUKEE AVE,1213,2,NO INDICATION OF INJURY,0,0,0,0,0,2,0,18,6,8,41.8977315186,-87.6574941421,"{'type': 'Point', 'coordinates': [-87.657494142128, 41.897731518562]}",,,Y,,,,,,,
3300f30199b2c6f1f06201ee319a02aaa7a4f493db8ab744f9fe5bcadba905d8106d799f39e86039ad9eb377cbecf2d0dc1617fe86f50c4a846b735b721a73c7,2025-08-01T18:20:00.000,30,TRAFFIC SIGNAL,NO CONTROLS,CLEAR,DAYLIGHT,REAR END,DIVIDED - W/MEDIAN (NOT RAISED),STRAIGHT AND LEVEL,DRY,NO DEFECTS,NOT ON SCENE (DESK REPORT),NO INJURY / DRIVE AWAY,,"OVER $1,500",2025-08-01T18:53:00.000,FOLLOWING TOO CLOSELY,NOT APPLICABLE,6200,S,KEDZIE AVE,823,2,NO INDICATION OF INJURY,0,0,0,0,0,2,0,18,6,8,41.7807478543,-87.7033329372,"{'type': 'Point', 'coordinates': [-87.703332937155, 41.78074785433]}",,,,,,,,,,
cf9f7b557f9e4a48aeb3d6c0806bc41922c9e0a75f2313f1e1ab1cf5efcdec6c1f65271084990032f2b1f1248596f8b01cb0e34af2d61038e6f3d9a946a5d7fb,2025-08-01T18:20:00.000,30,NO CONTROLS,NO CONTROLS,CLEAR,"DARKNESS, LIGHTED ROAD",PARKED MOTOR VEHICLE,NOT DIVIDED,STRAIGHT AND LEVEL,DRY,NO DEFECTS,ON SCENE,NO INJURY / DRIVE AWAY,,"OVER $1,500",2025-08-01T20:59:00.000,IMPROPER LANE USAGE,NOT APPLICABLE,2125,W,83RD ST,614,3,NO INDICATION OF INJURY,0,0,0,0,0,1,0,18,6,8,41.7427873264,-87.6764559279,"{'type': 'Point', 'coordinates': [-87.676455927933, 41.742787326379]}",,,,,,,,,,
dabad9315ea9addfa56a8a737da065004a00701ec00e331cdcfb0132d41cd8c6f1a514b5aa59cd24a92ada592813d8edb072b50886e5bbb59c18c3b8209b8d47,2025-08-01T18:20:00.000,30,UNKNOWN,UNKNOWN,CLEAR,DAYLIGHT,SIDESWIPE SAME DIRECTION,DIVIDED - W/MEDIAN BARRIER,STRAIGHT AND LEVEL,UNKNOWN,UNKNOWN,NOT ON SCENE (DESK REPORT),NO INJURY / DRIVE AWAY,,"OVER $1,500",2025-08-01T19:30:00.000,UNABLE TO DETERMINE,UNABLE TO DETERMINE,400,N,LAKE SHORE DR NB,1834,2,NO INDICATION OF INJURY,0,0,0,0,0,2,0,18,6,8,41.8896563295,-87.6143595501,"{'type': 'Point', 'coordinates': [-87.614359550067, 41.889656329459]}",,,,,,,,,,