crash_record_id,crash_date,posted_speed_limit,traffic_control_device,device_condition,weather_condition,lighting_condition,first_crash_type,trafficway_type,alignment,roadway_surface_cond,road_defect,report_type,crash_type,intersection_related_i,damage,date_police_notified,prim_contributory_cause,sec_contributory_cause,street_no,street_direction,street_name,beat_of_occurrence,num_units,most_severe_injury,injuries_total,injuries_fatal,injuries_incapacitating,injuries_non_incapacitating,injuries_reported_not_evident,injuries_no_indication,injuries_unknown,crash_hour,crash_day_of_week,crash_month,latitude,longitude,location,private_property_i,photos_taken_i,hit_and_run_i,statements_taken_i,crash_date_est_i,work_zone_i,work_zone_type,dooring_i,lane_cnt,workers_present_i
0b484fa93cdd938c0caf5be1daaea020c2f89e4b11225c15935dcd2d846b17dd8444103c748c5d7c4d4ff1233cb02063bee41dd7be294303a7295f957bf4f742,2025-08-01T18:19:00.000,35,NO CONTROLS,UNKNOWN,CLEAR,DAYLIGHT,SIDESWIPE OPPOSITE DIRECTION,NOT DIVIDED,STRAIGHT AND LEVEL,DRY,NO DEFECTS,NOT ON SCENE (DESK REPORT),NO INJURY / DRIVE AWAY,,"$501 - $1,500",2025-08-01T18:35:00.000,UNABLE TO DETERMINE,NOT APPLICABLE,5101,N,AUSTIN AVE,1622,2,NO INDICATION OF INJURY,0,0,0,0,0,2,0,18,6,8,41.9740143807,-87.7780669676,"{'type': 'Point', 'coordinates': [-87.778066967629, 41.974014380687]}",,,,,,,,,,
858aea991ddbde01667b9633162dd3d75af62e753dccf65311003f6dabc5ef2f40a43bd9e15d35c8efc0e6d0e707e48051450102f3dfa9a755ea03c4e7193996,2025-08-01T18:15:00.000,30,NO CONTROLS,NO CONTROLS,CLEAR,DAYLIGHT,SIDESWIPE SAME DIRECTION,NOT DIVIDED,STRAIGHT AND LEVEL,DRY,NO DEFECTS,ON SCENE,NO INJURY / DRIVE AWAY,,"OVER $1,500",2025-08-01T18:15:00.000,UNABLE TO DETERMINE,NOT APPLICABLE,831,N,CICERO AVE,1111,2,NO INDICATION OF INJURY,0,0,0,0,0,2,0,18,6,8,41.8959056458,-87.7456828499,"{'type': 'Point', 'coordinates': [-87.745682849864, 41.89590564576]}",,,,,,,,,,
09268b28caebf920e5088c131b596d2e80cd769e4a2b3509bd9bc35a23022f1ae0ebfc99108def4e133f91b50c28a224591483f37ef79b79b66dbcaa91c6e886,2025-08-01T18:14:00.000,30,TRAFFIC SIGNAL,FUNCTIONING PROPERLY,CLEAR,DAYLIGHT,SIDESWIPE SAME DIRECTION,NOT DIVIDED,STRAIGHT AND LEVEL,DRY,NO DEFECTS,ON SCENE,NO INJURY / DRIVE AWAY,Y,"OVER $1,500",2025-08-01T18:20:00.000,"OPERATING VEHICLE IN ERRATIC, RECKLESS, CARELESS, NEGLIGENT OR AGGRESSIVE MANNER",UNABLE TO DETERMINE,5600,N,NAGLE AVE,1612,2,NO INDICATION OF INJURY,0,0,0,0,0,2,0,18,6,8,41.983004344,-87.7878799714,"{'type': 'Point', 'coordinates': [-87.787879971407, 41.983004344013]}",,,Y,,,,,,,
16efb1baf37c49112ea3846b03175c1072a4843d889e0e4e694521a5c12423facae39ea7bd60c57091cb0a04629211b8ce697656fa7c352bdf1f341d1ae65057,2025-08-01T18:10:00.000,30,NO CONTROLS,NO CONTROLS,CLEAR,DAYLIGHT,ANGLE,DIVIDED - W/MEDIAN (NOT RAISED),STRAIGHT AND LEVEL,DRY,NO DEFECTS,ON SCENE,INJURY AND / OR TOW DUE TO CRASH,,"OVER $1,500",2025-08-01T18:12:00.000,FAILING TO YIELD RIGHT-OF-WAY,NOT APPLICABLE,2261,W,111TH ST,2212,2,NO INDICATION OF INJURY,0,0,0,0,0,2,0,18,6,8,41.6916995088,-87.6786708413,"{'type': 'Point', 'coordinates': [-87.678670841318, 41.691699508832]}",,,,,,,,,,
4137c6efecd0eaeb67e37079b56d219fcb1dc0f98b960b2fe18fd7e96811b6f6bcb595ced7b2fc5c5fbe7af7c72981e0d6df63601dc85abab9900d1b5de24eb8,2025-08-01T18:10:00.000,25,NO CONTROLS,NO CONTROLS,CLEAR,DAYLIGHT,SIDESWIPE SAME DIRECTION,NOT DIVIDED,STRAIGHT AND LEVEL,DRY,NO DEFECTS,NOT ON SCENE (DESK REPORT),NO INJURY / DRIVE AWAY,,"$501 - $1,500",2025-08-01T18:10:00.000,UNABLE TO DETERMINE,UNABLE TO DETERMINE,2201,S,HALSTED ST,1235,2,NO INDICATION OF INJURY,0,0,0,0,0,3,0,18,6,8,41.8524987566,-87.6463446658,"{'type': 'Point', 'coordinates': [-87.646344665755, 41.852498756631]}",,,Y,,,,,,,
392e073c4a99028ee1322d23df4e6c32e4cc7315d7c9853c342c76caf110856314aa466cf684a23137b90a1c7c4eac7dc778636ebcc3b45b8b8ce3f697b213ba,2025-08-01T18:08:00.000,30,NO CONTROLS,NO CONTROLS,CLEAR,DAYLIGHT,FIXED OBJECT,UNKNOWN,STRAIGHT AND LEVEL,DRY,NO DEFECTS,ON SCENE,INJURY AND / OR TOW DUE TO CRASH,,"OVER $1,500",2025-08-01T18:08:00.000,UNABLE TO DETERMINE,UNABLE TO DETERMINE,199,E,130TH ST,533,1,NONINCAPACITATING INJURY,1,0,0,1,0,0,0,18,6,8,41.6589939083,-87.6173234493,"{'type': 'Point', 'coordinates': [-87.617323449305, 41.658993908282]}",,,,,,,,,,
a3774fcbf83619caafaebe5aff2e357a6d5c172d08a900143704bf050f8035a7fb8ebfcccf6b9305ed4f47711a21e660fba2e9d8fa699fbe1d6ea2fa29cbb3ff,2025-08-01T18:04:00.000,30,STOP SIGN/FLASHER,FUNCTIONING PROPERLY,CLEAR,DAYLIGHT,REAR TO SIDE,DIVIDED - W/MEDIAN (NOT RAISED),STRAIGHT AND LEVEL,DRY,NO DEFECTS,NOT ON SCENE (DESK REPORT),INJURY AND / OR TOW DUE TO CRASH,,"OVER $1,500",2025-08-01T18:04:00.000,UNABLE TO DETERMINE,UNABLE TO DETERMINE,240,E,PERSHING RD,212,2,NONINCAPACITATING INJURY,2,0,0,1,1,1,0,18,6,8,41.8239055221,-87.6199500519,"{'type': 'Point', 'coordinates': [-87.619950051948, 41.823905522091]}",,Y,,,,,,,,
8ce0356f104805fde8f2dd665c12635fdd2677cf5ee5f657165bd86065397707943c43eefa10b0c812ff56a51dfe4cc495b8808ef76f80244a3de5c14b0c2a76,2025-08-01T18:00:00.000,25,STOP SIGN/FLASHER,FUNCTIONING PROPERLY,CLEAR,DAYLIGHT,ANGLE,TRAFFIC ROUTE,STRAIGHT AND LEVEL,DRY,NO DEFECTS,NOT ON SCENE (DESK REPORT),INJURY AND / OR TOW DUE TO CRASH,,"OVER $1,500",2025-08-01T19:15:00.000,UNABLE TO DETERMINE,UNABLE TO DETERMINE,3655,E,104TH ST,432,2,NO INDICATION OF INJURY,0,0,0,0,0,2,0,18,6,8,41.7062801292,-87.5343066598,"{'type': 'Point', 'coordinates': [-87.534306659823, 41.706280129246]}",,,,,,,,,,
96c92d4b0e6951884acce26c61f1dbc80e4e51854e8389e406a5f2fda58a9f77f59a55fea34877673fedbb12aa72944ef080a4e76b8bd900ea05d72758d03fe7,2025-08-01T18:00:00.000,30,TRAFFIC SIGNAL,NO CONTROLS,CLEAR,DAYLIGHT,TURNING,DIVIDED - W/MEDIAN (NOT RAISED),STRAIGHT AND LEVEL,DRY,NO DEFECTS,NOT ON SCENE (DESK REPORT),NO INJURY / DRIVE AWAY,,"OVER $1,500",2025-08-01T20:22:00.000,FOLLOWING TOO CLOSELY,NOT APPLICABLE,4700,S,KEDZIE AVE,821,2,NO INDICATION OF INJURY,0,0,0,0,0,2,0,18,6,8,41.8080472717,-87.7041188223,"{'type': 'Point', 'coordinates': [-87.704118822299, 41.80804727165]}",,,,,,,,,,
9f5e737aea5e1ef5f6d837a1f8027c5d419913410d8b96870c861fd333c2f94f3da46f966924667821f5c76350761caaa92056dcd4bbd2d4b7fe3940a47e0cbe,2025-08-01T18:00:00.000,30,TRAFFIC SIGNAL,FUNCTIONING PROPERLY,CLEAR,DAYLIGHT,PEDESTRIAN,FOUR WAY,STRAIGHT AND LEVEL,DRY,NO DEFECTS,ON SCENE,INJURY AND / OR TOW DUE TO CRASH,Y,$500 OR LESS,2025-08-01T18:07:00.000,FAILING TO YIELD RIGHT-OF-WAY,FAILING TO YIELD RIGHT-OF-WAY,1807,W,HOWARD ST,2422,2,"REPORTED, NOT EVIDENT",1,0,0,0,1,1,0,18,6,8,42.0192939213,-87.6763416205,"{'type': 'Point', 'coordinates': [-87.676341620537, 42.019293921323]}",,,,,,,,,,
a16bcc8d69abc9b04a8c99321d183de57e60051493f0f341713f43778c30b50a818bfb4723cded598e19165aee5caa137a1535db50a49b54999e3dc2acc05742,2025-08-01T17:58:00.000,30,TRAFFIC SIGNAL,FUNCTIONING PROPERLY,CLEAR,DAYLIGHT,SIDESWIPE SAME DIRECTION,DIVIDED - W/MEDIAN (NOT RAISED),STRAIGHT AND LEVEL,DRY,NO DEFECTS,NOT ON SCENE (DESK REPORT),NO INJURY / DRIVE AWAY,,"OVER $1,500",2025-08-01T18:40:00.000,UNABLE TO DETERMINE,NOT APPLICABLE,4022,N,ELSTON AVE,1723,2,NO INDICATION OF INJURY,0,0,0,0,0,2,0,17,6,8,41.9541008742,-87.7199601264,"{'type': 'Point', 'coordinates': [-87.719960126363, 41.954100874176]}",,,,,,,,,,
c284bfa1d14bfdef04898958c1b012e94db4ef09ba71cee1ba905f04b5d0e978ab46e73e313cd7b8a7cc14135c0a397db641c0a9235a0a1ac3f4924fc10cc802,2025-08-01T17:55:00.000,30,UNKNOWN,UNKNOWN,CLEAR,DAYLIGHT,PARKED MOTOR VEHICLE,NOT DIVIDED,STRAIGHT AND LEVEL,DRY,NO DEFECTS,NOT ON SCENE (DESK REPORT),NO INJURY / DRIVE AWAY,,"$501 - $1,500",2025-08-01T18:15:00.000,DRIVING SKILLS/KNOWLEDGE/EXPERIENCE,DRIVING SKILLS/KNOWLEDGE/EXPERIENCE,1255,S,STATE ST,131,2,NO INDICATION OF INJURY,0,0,0,0,0,1,0,17,6,8,41.8659314728,-87.6272401033,"{'type': 'Point', 'coordinates': [-87.627240103259, 41.865931472765]}",,,,,,,,,,
94807cc3fd96d8cc687cc0f2f503ec60ed9a2c018e13e60a5a3503defc392b77b0d7f2342a7562222309249aa41f2b3b648f30713fcb83b60360982b99955391,2025-08-01T17:50:00.000,30,TRAFFIC SIGNAL,FUNCTIONING PROPERLY,CLEAR,DAYLIGHT,REAR END,DIVIDED - W/MEDIAN (NOT RAISED),STRAIGHT AND LEVEL,DRY,NO DEFECTS,NOT ON SCENE (DESK REPORT),NO INJURY / DRIVE AWAY,,$500 OR LESS,2025-08-01T18:40:00.000,UNABLE TO DETERMINE,NOT APPLICABLE,2400,W,35TH ST,911,2,NO INDICATION OF INJURY,0,0,0,0,0,3,0,17,6,8,41.8303903161,-87.6850999234,"{'type': 'Point', 'coordinates': [-87.685099923426, 41.830390316125]}",,,,,,,,,,
6430b956b0302d7c465ac5e7a9761e0f8a55f11deed76f3bfe710a8cfa07ab05edc6e1cb0e8fce1640614c127ce7e05b5620db29b6690e0a36155e34a475f4d2,2025-08-01T17:49:00.000,30,NO CONTROLS,NO CONTROLS,CLEAR,DAYLIGHT,SIDESWIPE SAME DIRECTION,NOT DIVIDED,STRAIGHT AND LEVEL,DRY,NO DEFECTS,ON SCENE,NO INJURY / DRIVE AWAY,,"OVER $1,500",2025-08-01T17:51:00.000,FOLLOWING TOO CLOSELY,FAILING TO YIELD RIGHT-OF-WAY,498,N,ASHLAND AVE,1215,2,NO INDICATION OF INJURY,0,0,0,0,0,2,0,17,6,8,41.8909547461,-87.6672890383,"{'type': 'Point', 'coordinates': [-87.667289038269, 41.890954746065]}",,,Y,,,,,,,
22307173314718c379c7f596de7bfe2fd6078027b22491fc140ccfb068ed1e5b63d1831380edee74de80905c000a6f3811c0337739374d66c8a81ebe0ccc0a2b,2025-08-01T17:48:00.000,30,STOP SIGN/FLASHER,FUNCTIONING PROPERLY,CLEAR,DAYLIGHT,ANGLE,NOT DIVIDED,STRAIGHT AND LEVEL,DRY,UNKNOWN,ON SCENE,INJURY AND / OR TOW DUE TO CRASH,Y,"OVER $1,500",2025-08-01T17:48:00.000,FAILING TO YIELD RIGHT-OF-WAY,FAILING TO REDUCE SPEED TO AVOID CRASH,7039,N,RIDGE BLVD,2424,2,NONINCAPACITATING INJURY,1,0,0,1,0,1,0,17,6,8,42.010091722,-87.6821479483,"{'type': 'Point', 'coordinates': [-87.682147948273, 42.010091721958]}",,,,,,,,,,
585920f2e5fd7294753deaf591a47b84b4972724fda6afb808071e17e1d34c3b673e8c9ca46bf8f1b60b5ea4cc4015bfe3e0b03191b23c72056e91a11d49ecb3,2025-08-01T17:45:00.000,5,NO CONTROLS,NO CONTROLS,CLEAR,DAYLIGHT,PARKED MOTOR VEHICLE,PARKING LOT,STRAIGHT AND LEVEL,DRY,WORN SURFACE,ON SCENE,INJURY AND / OR TOW DUE TO CRASH,,"OVER $1,500",2025-08-01T17:46:00.000,DRIVING SKILLS/KNOWLEDGE/EXPERIENCE,NOT APPLICABLE,50,E,OHIO ST,1834,4,NO INDICATION OF INJURY,0,0,0,0,0,1,0,17,6,8,41.89261824,-87.6261603485,"{'type': 'Point', 'coordinates': [-87.626160348476, 41.892618240004]}",Y,,,,,,,,,
e1f49e049322a69e5867b9b69f78aef2528c19716eceeaea57bb03155dc43d593f5f0c88f7dff3c52db2ee34a6ae167df2cc44efcb3f93cd53a6803c149076af,2025-08-01T17:45:00.000,35,TRAFFIC SIGNAL,UNKNOWN,CLEAR,DAYLIGHT,TURNING,NOT DIVIDED,STRAIGHT AND LEVEL,DRY,UNKNOWN,ON SCENE,NO INJURY / DRIVE AWAY,Y,"OVER $1,500",2025-08-01T17:51:00.000,IMPROPER TURNING/NO SIGNAL,NOT APPLICABLE,3600,N,NARRAGANSETT AVE,1632,2,NO INDICATION OF INJURY,0,0,0,0,0,5,0,17,6,8,41.9457284671,-87.7864403527,"{'type': 'Point', 'coordinates': [-87.786440352729, 41.945728467095]}",,,,,,,,,,
4b92e8b514ce1c2c94edfbbf4f7c794986fc3bb53661b933b5483dd472f6a965ecb36d6a2fe7fbb08a1e6a2f00200eddf259646825a522206d6c8425393415bb,2025-08-01T17:43:00.000,30,TRAFFIC SIGNAL,FUNCTIONING PROPERLY,CLEAR,DAYLIGHT,TURNING,FOUR WAY,STRAIGHT AND LEVEL,DRY,NO DEFECTS,ON SCENE,INJURY AND / OR TOW DUE TO CRASH,Y,"OVER $1,500",2025-08-01T17:43:00.000,FAILING TO YIELD RIGHT-OF-WAY,DRIVING SKILLS/KNOWLEDGE/EXPERIENCE,3798,W,MADISON ST,1122,2,"REPORTED, NOT EVIDENT",1,0,0,0,1,2,0,17,6,8,41.8809011922,-87.7206460699,"{'type': 'Point', 'coordinates': [-87.72064606991, 41.880901192182]}",,,,,,,,,,
a636a2166d744052ecf43bc410eee69ec2b1542906fa97464638ead46e694c9ead444a50096693d9bff1ee32258ce333b2a6ef35dd0ac68441aba387e7a447bb,2025-08-01T17:35:00.000,30,TRAFFIC SIGNAL,FUNCTIONING PROPERLY,CLEAR,DAYLIGHT,REAR END,NOT DIVIDED,STRAIGHT AND LEVEL,DRY,NO DEFECTS,ON SCENE,NO INJURY / DRIVE AWAY,,"OVER $1,500",2025-08-01T17:38:00.000,IMPROPER LANE USAGE,NOT APPLICABLE,3628,W,GRAND AVE,2535,2,NO INDICATION OF INJURY,0,0,0,0,0,2,0,17,6,8,41.902815701,-87.717648644,"{'type': 'Point', 'coordinates': [-87.717648643968, 41.902815700998]}",,,Y,,,,,,,
3107a8e49285b5e91a5720b3edaa2c0fd09309e82503adacf88e07569a446f40f3015f3f462203d595b9e6f6c0d96b4f096d7384f196f56d362c229e0608c690,2025-08-01T17:30:00.000,30,NO CONTROLS,NO CONTROLS,CLEAR,DAYLIGHT,FIXED OBJECT,NOT DIVIDED,STRAIGHT AND LEVEL,DRY,NO DEFECTS,ON SCENE,NO INJURY / DRIVE AWAY,,"OVER $1,500",2025-08-01T17:31:00.000,NOT APPLICABLE,NOT APPLICABLE,5844,S,EMERALD AVE,711,1,NO INDICATION OF INJURY,0,0,0,0,0,1,0,17,6,8,41.7874822672,-87.6439102691,"{'type': 'Point', 'coordinates': [-87.643910269087, 41.787482267223]}",N,,N,,,,,,,
2a0e27d5e0c457120fe01ec3d87ee539cba6478189a43cbc27af24a84ce438bbc2228569a411f55a9ed2f3ee458ddfd47cbf439ac0b0451bc9f2a40727c5e8ce,2025-08-01T17:25:00.000,30,NO CONTROLS,NO CONTROLS,CLEAR,DAYLIGHT,SIDESWIPE SAME DIRECTION,DIVIDED - W/MEDIAN (NOT RAISED),STRAIGHT AND LEVEL,DRY,NO DEFECTS,NOT ON SCENE (DESK REPORT),NO INJURY / DRIVE AWAY,,"$501 - $1,500",2025-08-01T18:40:00.000,UNABLE TO DETERMINE,UNABLE TO DETERMINE,6054,W,NORTH AVE,2513,2,NO INDICATION OF INJURY,0,0,0,0,0,2,0,17,6,8,41.9093400269,-87.7774496934,"{'type': 'Point', 'coordinates': [-87.7774496934, 41.909340026916]}",,,,,,,,,,
bcdfd94d4d7408f8fc2978ab9e4c7eb980c7c0c5486431c6157d81d8c2e13202fcb1b13418139e9ec3738318daae061b3f25f142e62a97368512389625087eab,2025-08-01T17:25:00.000,30,TRAFFIC SIGNAL,FUNCTIONING PROPERLY,CLEAR,DAYLIGHT,ANGLE,NOT DIVIDED,STRAIGHT AND LEVEL,DRY,NO DEFECTS,ON SCENE,INJURY AND / OR TOW DUE TO CRASH,Y,"OVER $1,500",2025-08-01T17:26:00.000,DISREGARDING TRAFFIC SIGNALS,NOT APPLICABLE,500,S,RACINE AVE,1231,2,"REPORTED, NOT EVIDENT",4,0,0,0,4,1,0,17,6,8,41.8752844642,-87.6571152969,"{'type': 'Point', 'coordinates': [-87.657115296866, 41.875284464237]}",,Y,,Y,,,,,,
77f754325f7a3ac8c865956afac4890274ea3a2d036639e50f7ec324b8cb14d4a7d47b858d922ee7e52e4b1d03f11ce906464e4d5bb13670116b8501b226c63f,2025-08-01T17:20:00.000,30,TRAFFIC SIGNAL,FUNCTIONING PROPERLY,CLEAR,DAYLIGHT,REAR END,OTHER,STRAIGHT AND LEVEL,DRY,UNKNOWN,NOT ON SCENE (DESK REPORT),NO INJURY / DRIVE AWAY,Y,"OVER $1,500",2025-08-01T19:01:00.000,UNABLE TO DETERMINE,UNABLE TO DETERMINE,2808,N,WESTERN AVE,1411,2,NO INDICATION OF INJURY,0,0,0,0,0,2,0,17,6,8,41.9323518485,-87.6880449749,"{'type': 'Point', 'coordinates': [-87.688044974908, 41.932351848527]}",,,Y,,,,,,,
43fd581fb4f83dadf4e6df5a8dc349dbb76996ac0ca8c63bffd484bae0e5ce25f136e18f361390842e236ba9b2e3b177e55efa1dfd7af9ebdb7d85d7e083c277,2025-08-01T17:16:00.000,25,NO CONTROLS,NO CONTROLS,CLEAR,DAYLIGHT,SIDESWIPE OPPOSITE DIRECTION,NOT DIVIDED,STRAIGHT AND LEVEL,DRY,NO DEFECTS,ON SCENE,NO INJURY / DRIVE AWAY,,"OVER $1,500",2025-08-01T17:28:00.000,UNABLE TO DETERMINE,NOT APPLICABLE,7708,W,THORNDALE AVE,1612,2,NO INDICATION OF INJURY,0,0,0,0,0,2,0,17,6,8,41.9869742046,-87.8198109127,"{'type': 'Point', 'coordinates': [-87.819810912701, 41.986974204637]}",,,,,,,,,,
a1bc3908850bfe1aa925289b90bf968ba8e458898ec88c0d373903d38642c1a961cf018451f3bb2499f852edaa0e4febb4a713685daac57e861aa0eb57714f51,2025-08-01T17:15:00.000,30,NO CONTROLS,NO CONTROLS,UNKNOWN,UNKNOWN,PARKED MOTOR VEHICLE,NOT DIVIDED,STRAIGHT AND LEVEL,UNKNOWN,UNKNOWN,NOT ON SCENE (DESK REPORT),NO INJURY / DRIVE AWAY,,"OVER $1,500",2025-08-02T12:00:00.000,UNABLE TO DETERMINE,UNABLE TO DETERMINE,1614,N,LEAVITT ST,1434,2,NO INDICATION OF INJURY,0,0,0,0,0,1,0,17,6,8,41.9108236555,-87.6825052284,"{'type': 'Point', 'coordinates': [-87.682505228419, 41.910823655543]}",,,Y,,,,,,,
fb2b763d26a6abda06e63ac4d5c017badc58ad9720ea14463ef97bedcf198c24f06b1e8131e2b12a1679f5048436c20faf01e5cd1f5cfecbfe728ca93cf1323c,2025-08-01T17:15:00.000,30,NO CONTROLS,NO CONTROLS,CLEAR,DAYLIGHT,TURNING,NOT DIVIDED,STRAIGHT AND LEVEL,DRY,NO DEFECTS,NOT ON SCENE (DESK REPORT),NO INJURY / DRIVE AWAY,,"$501 - $1,500",2025-08-01T18:07:00.000,IMPROPER TURNING/NO SIGNAL,NOT APPLICABLE,4532,W,55TH ST,815,2,NO INDICATION OF INJURY,0,0,0,0,0,2,0,17,6,8,41.7931926634,-87.7368455305,"{'type': 'Point', 'coordinates': [-87.736845530474, 41.793192663384]}",,,,,,,,,,
e485238bf7be8fdc172f4e0db5a7a4149083229262a3d17997ad341f73b03bd1577627379096f81239d705b7cd9a1786463fb6354360ebc5bab3d58a520df0a1,2025-08-01T17:07:00.000,30,STOP SIGN/FLASHER,FUNCTIONING PROPERLY,CLEAR,DAYLIGHT,PEDALCYCLIST,FOUR WAY,STRAIGHT AND LEVEL,DRY,NO DEFECTS,NOT ON SCENE (DESK REPORT),INJURY AND / OR TOW DUE TO CRASH,Y,$500 OR LESS,2025-08-01T17:17:00.000,DISREGARDING STOP SIGN,FAILING TO YIELD RIGHT-OF-WAY,2400,S,CHRISTIANA AVE,1024,2,NONINCAPACITATING INJURY,1,0,0,1,0,1,0,17,6,8,41.847997387,-87.7089415541,"{'type': 'Point', 'coordinates': [-87.708941554118, 41.847997386994]}",,,,,,,,,,
0f9bbc2f5d56414bc509c0826cf4a6a67821010001bf052ce50133232d9b7da2712f0bfe3edd1c0e8d4ba01859d89d77d6f4279a400981456ebff0a134cb5ba3,2025-08-01T17:05:00.000,15,NO CONTROLS,NO CONTROLS,CLEAR,DAYLIGHT,REAR TO FRONT,OTHER,STRAIGHT AND LEVEL,DRY,NO DEFECTS,ON SCENE,NO INJURY / DRIVE AWAY,,"$501 - $1,500",2025-08-01T17:15:00.000,IMPROPER BACKING,NOT APPLICABLE,2301,S,DR MARTIN LUTHER KING JR DR,132,2,NO INDICATION OF INJURY,0,0,0,0,0,2,0,17,6,8,41.8511998366,-87.6188194842,"{'type': 'Point', 'coordinates': [-87.618819484211, 41.851199836578]}",,,Y,,,,,,,
94ee504dd1ec2bdcddb12c27fdcf804795d2bc2774f8477e1f1bcdf23cf486a96ed35b9b469ac8b0d86404baa41ff37d42c189374cb7bfd54dfc1d03de187223,2025-08-01T17:05:00.000,30,TRAFFIC SIGNAL,FUNCTIONING PROPERLY,CLEAR,DAYLIGHT,SIDESWIPE SAME DIRECTION,NOT DIVIDED,STRAIGHT AND LEVEL,DRY,NO DEFECTS,ON SCENE,NO INJURY / DRIVE AWAY,,$500 OR LESS,2025-08-01T17:15:00.000,UNABLE TO DETERMINE,NOT APPLICABLE,2758,N,ASHLAND AVE,1931,2,NO INDICATION OF INJURY,0,0,0,0,0,2,0,17,6,8,41.9323127255,-87.6685372403,"{'type': 'Point', 'coordinates': [-87.66853724028, 41.932312725534]}",,,,,,,,,,
6a0f37317f2f8c9ffe575da86131027ace35beb07feec2c98b5f00ffefb048200ce4794c7a2d0d3e4513751f170fc5d6c6a4aac771f5149492ea8fbe2683c40a,2025-08-01T17:03:00.000,30,TRAFFIC SIGNAL,FUNCTIONING PROPERLY,CLEAR,DAYLIGHT,SIDESWIPE SAME DIRECTION,NOT DIVIDED,STRAIGHT AND LEVEL,DRY,NO DEFECTS,ON SCENE,INJURY AND / OR TOW DUE TO CRASH,Y,"OVER $1,500",2025-08-01T17:05:00.000,FOLLOWING TOO CLOSELY,NOT APPLICABLE,4760,W,LAKE ST,1113,2,NO INDICATION OF INJURY,0,0,0,0,0,2,0,17,6,8,41.8867184296,-87.7453516235,"{'type': 'Point', 'coordinates': [-87.745351623453, 41.886718429607]}",,,,,,,,,,
3296b9b486dbb37bf6f494d82946f363454c110464d90288d9b6310e5a7c12d53ac7b5d075cb05612787ba2eb39318cccc3bd3fbcd1c8071c6b9213d26b45f92,2025-08-01T17:00:00.000,30,UNKNOWN,UNKNOWN,CLEAR,DAYLIGHT,PARKED MOTOR VEHICLE,PARKING LOT,STRAIGHT AND LEVEL,UNKNOWN,UNKNOWN,NOT ON SCENE (DESK REPORT),NO INJURY / DRIVE AWAY,,"OVER $1,500",2025-08-01T18:40:00.000,UNABLE TO DETERMINE,UNABLE TO DETERMINE,806,N,DEARBORN ST,1832,2,NO INDICATION OF INJURY,0,0,0,0,0,1,0,17,6,8,41.8969009773,-87.6299253842,"{'type': 'Point', 'coordinates': [-87.629925384171, 41.896900977301]}",Y,,Y,,,,,,,
3e9606220775d3039ae273c2ab2243c57a6b8bca12cedfb4814361de7f9d3be2a8d39fc11c3f76fc508b45fd14866f6652d2b5662eba9b22d40dacf5aec4c4c0,2025-08-01T17:00:00.000,30,TRAFFIC SIGNAL,FUNCTIONING PROPERLY,CLEAR,DAYLIGHT,REAR END,FOUR WAY,STRAIGHT AND LEVEL,DRY,NO DEFECTS,NOT ON SCENE (DESK REPORT),NO INJURY / DRIVE AWAY,Y,$500 OR LESS,2025-08-01T18:49:00.000,FOLLOWING TOO CLOSELY,NOT APPLICABLE,9501,S,HALSTED ST,2223,2,NO INDICATION OF INJURY,0,0,0,0,0,2,0,17,6,8,41.7213688223,-87.6430650519,"{'type': 'Point', 'coordinates': [-87.643065051892, 41.721368822306]}",,,Y,,,,,,,
51fea43ee740da6e46123f07ecfe39ef6811ab299db28524c565d37a2a760f0496974c0dd48d235e1aae4dc37d3f8f3c1dd17f26c0d8ff2460be15a2aada33a4,2025-08-01T17:00:00.000,30,NO CONTROLS,NO CONTROLS,CLEAR,DAYLIGHT,TURNING,PARKING LOT,STRAIGHT AND LEVEL,DRY,UNKNOWN,NOT ON SCENE (DESK REPORT),NO INJURY / DRIVE AWAY,,"OVER $1,500",2025-08-01T18:00:00.000,IMPROPER TURNING/NO SIGNAL,NOT APPLICABLE,6621,S,COTTAGE GROVE AVE,321,2,NO INDICATION OF INJURY,0,0,0,0,0,2,0,17,6,8,41.7743058812,-87.6056480253,"{'type': 'Point', 'coordinates': [-87.605648025339, 41.774305881188]}",Y,,,,,,,,,
56a9a04a86abcb9ef97966eb74f116a7199b0e426f615d0c370cb7a88407f5336627a7e26e673cd187b3fedd588afe65cb480d45cd965836e042278eb77b5e9b,2025-08-01T17:00:00.000,20,NO CONTROLS,NO CONTROLS,CLEAR,DAYLIGHT,PEDALCYCLIST,ONE-WAY,STRAIGHT AND LEVEL,DRY,UNKNOWN,ON SCENE,INJURY AND / OR TOW DUE TO CRASH,,"OVER $1,500",2025-08-01T17:12:00.000,UNABLE TO DETERMINE,UNABLE TO DETERMINE,3416,W,AINSLIE ST,1712,2,NONINCAPACITATING INJURY,1,0,0,1,0,1,0,17,6,8,41.9703247608,-87.7141677458,"{'type': 'Point', 'coordinates': [-87.714167745771, 41.97032476079]}",,,,,,,,,,