crash_record_id,crash_date,posted_speed_limit,traffic_control_device,device_condition,weather_condition,lighting_condition,first_crash_type,trafficway_type,alignment,roadway_surface_cond,road_defect,report_type,crash_type,intersection_related_i,damage,date_police_notified,prim_contributory_cause,sec_contributory_cause,street_no,street_direction,street_name,beat_of_occurrence,num_units,most_severe_injury,injuries_total,injuries_fatal,injuries_incapacitating,injuries_non_incapacitating,injuries_reported_not_evident,injuries_no_indication,injuries_unknown,crash_hour,crash_day_of_week,crash_month,latitude,longitude,location,private_property_i,photos_taken_i,hit_and_run_i,statements_taken_i,crash_date_est_i,work_zone_i,work_zone_type,dooring_i,lane_cnt,workers_present_i
76944c80e9d8c8f44e564c69eebf4c4eb361bf0b084c25c3bd815bdd18aec0c52d5a9bfd1672e5472f9dfa55358d1b2aca996b51ef93dec45442cbe0aa4ec478,2025-08-01T17:00:00.000,30,UNKNOWN,UNKNOWN,CLEAR,DAYLIGHT,SIDESWIPE SAME DIRECTION,UNKNOWN,STRAIGHT AND LEVEL,UNKNOWN,UNKNOWN,NOT ON SCENE (DESK REPORT),NO INJURY / DRIVE AWAY,,"OVER $1,500",2025-08-01T19:45:00.000,UNABLE TO DETERMINE,UNABLE TO DETERMINE,343,N,MICHIGAN AVE,114,2,NO INDICATION OF INJURY,0,0,0,0,0,2,0,17,6,8,41.8877502986,-87.6244108678,"{'type': 'Point', 'coordinates': [-87.624410867821, 41.887750298554]}",,,Y,,,,,,,
f5a3ec6cd9a4312ab5d3dddf31c2c6efe2785ccf51ebce67336d44a652b3dea8846bfe96f3239509c3a7589807b8f99c7ef6139aee3230905b515a9fe6e9ddcb,2025-08-01T17:00:00.000,30,NO CONTROLS,NO CONTROLS,UNKNOWN,UNKNOWN,PARKED MOTOR VEHICLE,ONE-WAY,STRAIGHT AND LEVEL,UNKNOWN,NO DEFECTS,ON SCENE,NO INJURY / DRIVE AWAY,,"OVER $1,500",2025-08-02T08:45:00.000,UNABLE TO DETERMINE,UNABLE TO DETERMINE,8374,S,ANTHONY AVE,412,2,NO INDICATION OF INJURY,0,0,0,0,0,1,0,17,6,8,41.7425964681,-87.5764098316,"{'type': 'Point', 'coordinates': [-87.576409831616, 41.742596468051]}",,,Y,,Y,,,,,
09f0c88205c32d745a31c7da563724cb86b0b35ce8d91237c9f42a1db6bf7e288c7cff271e142190a6eb780d670786beb5542b3909c075d1f67151100ce19695,2025-08-01T16:50:00.000,30,NO CONTROLS,NO CONTROLS,CLEAR,DAYLIGHT,SIDESWIPE SAME DIRECTION,DIVIDED - W/MEDIAN (NOT RAISED),STRAIGHT AND LEVEL,DRY,UNKNOWN,NOT ON SCENE (DESK REPORT),NO INJURY / DRIVE AWAY,,"OVER $1,500",2025-08-05T14:20:00.000,IMPROPER TURNING/NO SIGNAL,NOT APPLICABLE,1110,N,CALIFORNIA AVE,1211,2,NO INDICATION OF INJURY,0,0,0,0,0,3,0,16,6,8,41.9014347356,-87.6969891472,"{'type': 'Point', 'coordinates': [-87.696989147212, 41.901434735563]}",,Y,,,,,,,,
ee47092622d54bbd6e700b62ddfd9a482844aca3c80ad46fa40a734c6b7312af26605d87a4b2c995d18726da8a47faebbe745bad16d3fc92237351a3c2750523,2025-08-01T16:50:00.000,30,NO CONTROLS,NO CONTROLS,CLEAR,DAYLIGHT,PEDALCYCLIST,DIVIDED - W/MEDIAN BARRIER,STRAIGHT AND LEVEL,DRY,UNKNOWN,ON SCENE,INJURY AND / OR TOW DUE TO CRASH,,"OVER $1,500",2025-08-01T17:23:00.000,IMPROPER OVERTAKING/PASSING,FAILING TO YIELD RIGHT-OF-WAY,6059,N,CLARK ST,2433,2,NONINCAPACITATING INJURY,1,0,0,1,0,1,0,16,6,8,41.9925636737,-87.6699353525,"{'type': 'Point', 'coordinates': [-87.669935352534, 41.99256367374]}",,,Y,,,,,,,
d6e4c9727bc2a9d649cb6dfbad8b00e750f55717d4a508b6339d6f5d1da233829c05fcda19e4b406bf213e36853dc29a1b78da97bfa9ac5246e8c7f479411b5d,2025-08-01T16:45:00.000,35,TRAFFIC SIGNAL,FUNCTIONING PROPERLY,CLEAR,DUSK,PEDALCYCLIST,T-INTERSECTION,STRAIGHT AND LEVEL,DRY,NO DEFECTS,ON SCENE,INJURY AND / OR TOW DUE TO CRASH,Y,$500 OR LESS,2025-08-01T16:50:00.000,IMPROPER OVERTAKING/PASSING,UNABLE TO DETERMINE,1200,N,CLYBOURN AVE,1821,2,NONINCAPACITATING INJURY,1,0,0,1,0,1,0,16,6,8,41.9037895847,-87.6398207738,"{'type': 'Point', 'coordinates': [-87.639820773757, 41.903789584668]}",,,,,,,,,,
a410dbe264fae9c1c9eda1a8312fd18cb20205d27276f680338ce0024cdf0254ce77dae690abf1425acacb91c12798afe662c7272fc8aa115ec3ddb55ac565e8,2025-08-01T16:42:00.000,30,NO CONTROLS,NO CONTROLS,CLEAR,DAYLIGHT,REAR END,NOT DIVIDED,STRAIGHT AND LEVEL,DRY,UNKNOWN,NOT ON SCENE (DESK REPORT),NO INJURY / DRIVE AWAY,,"OVER $1,500",2025-08-01T16:42:00.000,UNABLE TO DETERMINE,NOT APPLICABLE,6600,S,DR MARTIN LUTHER KING JR DR,312,3,NO INDICATION OF INJURY,0,0,0,0,0,3,0,16,6,8,41.7746934593,-87.6156368216,"{'type': 'Point', 'coordinates': [-87.615636821647, 41.774693459289]}",,,,,,,,,,
04e98dc35ca6024f83593a5012567703ac8d93d9085061f70692b7fedb6e91d42f2ae5f73bc1daf91567e14af6e8b446b9300bde874b56cfcc2ac900ba2aa5e5,2025-08-01T16:40:00.000,30,TRAFFIC SIGNAL,FUNCTIONING PROPERLY,CLEAR,DAYLIGHT,REAR END,NOT DIVIDED,STRAIGHT AND LEVEL,DRY,NO DEFECTS,NOT ON SCENE (DESK REPORT),NO INJURY / DRIVE AWAY,,$500 OR LESS,2025-08-01T17:10:00.000,FOLLOWING TOO CLOSELY,NOT APPLICABLE,300,N,DESPLAINES ST,1214,2,NO INDICATION OF INJURY,0,0,0,0,0,3,0,16,6,8,41.8868340521,-87.6444236206,"{'type': 'Point', 'coordinates': [-87.64442362063, 41.886834052075]}",,,,,,,,,,
25093beeb4ddaa6157d2477f681de91da5566492664c8352c1dab34909cf51c05bb7d3df0eb8b1c0af381f805824e2e3683fdf3dc614eba0085b0e4dd3beb83a,2025-08-01T16:40:00.000,30,UNKNOWN,UNKNOWN,CLEAR,DAYLIGHT,SIDESWIPE SAME DIRECTION,ONE-WAY,STRAIGHT AND LEVEL,DRY,NO DEFECTS,ON SCENE,INJURY AND / OR TOW DUE TO CRASH,,"OVER $1,500",2025-08-01T17:00:00.000,IMPROPER OVERTAKING/PASSING,FAILING TO YIELD RIGHT-OF-WAY,1951,N,DAYTON ST,1813,2,NO INDICATION OF INJURY,0,0,0,0,0,2,0,16,6,8,41.9174652459,-87.649555192,"{'type': 'Point', 'coordinates': [-87.64955519202, 41.917465245873]}",,,,,,,,,,
606674103045a42338372f0e2524d4ec022d22f83d22ef4f9314270b0ef15a8e74fe08666f8594a6873954bea131822abddc14c4b3a384978827ffc28e0532b6,2025-08-01T16:40:00.000,15,NO CONTROLS,NO CONTROLS,CLEAR,DAYLIGHT,PARKED MOTOR VEHICLE,PARKING LOT,STRAIGHT AND LEVEL,DRY,NO DEFECTS,ON SCENE,INJURY AND / OR TOW DUE TO CRASH,,"OVER $1,500",2025-08-01T16:42:00.000,EQUIPMENT - VEHICLE CONDITION,UNABLE TO DETERMINE,5510,S,RACINE AVE,713,2,NONINCAPACITATING INJURY,2,0,0,1,1,1,0,16,6,8,41.7934291488,-87.6550038579,"{'type': 'Point', 'coordinates': [-87.655003857944, 41.793429148834]}",Y,,,,,,,,,
fa188628125acbc76f36e597950e3369005b08d4c96ff10ac4642a56847f62f60fd22fd1ad329a2c3e45f97ea11a0e299ea194e60c5ebccc11ce21cf6ce15a28,2025-08-01T16:36:00.000,30,NO CONTROLS,NO CONTROLS,CLEAR,DAYLIGHT,SIDESWIPE SAME DIRECTION,ONE-WAY,STRAIGHT AND LEVEL,DRY,NO DEFECTS,NOT ON SCENE (DESK REPORT),NO INJURY / DRIVE AWAY,,"OVER $1,500",2025-08-01T18:15:00.000,UNABLE TO DETERMINE,NOT APPLICABLE,98,E,RANDOLPH ST,111,2,NO INDICATION OF INJURY,0,0,0,0,0,2,0,16,6,8,41.884584272,-87.6244702969,"{'type': 'Point', 'coordinates': [-87.624470296902, 41.884584272017]}",,,,,,,,,,
1441467965e98899c59c8e66c24cf6146d7d32a0815086d276d4bcc614cb4dadca6e2cc281fa74dc0c4161e869494eac2d40de4f4e63edebd1aac1f0feda6652,2025-08-01T16:35:00.000,30,NO CONTROLS,NO CONTROLS,CLEAR,DAYLIGHT,TURNING,NOT DIVIDED,STRAIGHT AND LEVEL,UNKNOWN,UNKNOWN,NOT ON SCENE (DESK REPORT),NO INJURY / DRIVE AWAY,,"$501 - $1,500",2025-08-01T17:10:00.000,NOT APPLICABLE,NOT APPLICABLE,5200,W,WINNEMAC AVE,1623,2,NO INDICATION OF INJURY,0,0,0,0,0,2,0,16,6,8,41.9725984939,-87.7577973209,"{'type': 'Point', 'coordinates': [-87.75779732091, 41.972598493927]}",,,Y,,,,,,,
ba730ffc06ec4bebca2676d5daa409014dcd925a333bcc8e85768cd2e6f9e948ad54997c03f6e3f4fe6ae95fc0292f05f208d3d6f43b2609300cf8f950e1785d,2025-08-01T16:35:00.000,30,TRAFFIC SIGNAL,FUNCTIONING PROPERLY,CLEAR,DAYLIGHT,REAR END,NOT DIVIDED,STRAIGHT AND LEVEL,DRY,UNKNOWN,NOT ON SCENE (DESK REPORT),NO INJURY / DRIVE AWAY,,"$501 - $1,500",2025-08-01T16:50:00.000,FOLLOWING TOO CLOSELY,NOT APPLICABLE,1600,W,BELMONT AVE,1922,2,NO INDICATION OF INJURY,0,0,0,0,0,2,0,16,6,8,41.9398046498,-87.6687859001,"{'type': 'Point', 'coordinates': [-87.668785900147, 41.939804649803]}",,,,,Y,,,,,
ac90bf86172e95755bf2afbeacd792b12181407a967c3b0400e808f1b800585b8f376e59687f5940598d125269b6666214331c2734ee5d1cc64328e3934e8009,2025-08-01T16:32:00.000,30,NO CONTROLS,NO CONTROLS,CLEAR,DAYLIGHT,REAR END,NOT DIVIDED,STRAIGHT AND LEVEL,DRY,NO DEFECTS,ON SCENE,INJURY AND / OR TOW DUE TO CRASH,,"OVER $1,500",2025-08-01T16:51:00.000,FOLLOWING TOO CLOSELY,UNABLE TO DETERMINE,4132,W,ADDISON ST,1732,2,NO INDICATION OF INJURY,0,0,0,0,0,2,0,16,6,8,41.9464446806,-87.7304222978,"{'type': 'Point', 'coordinates': [-87.730422297785, 41.946444680597]}",,,,,,,,,,
f25617188d617e0bcef0e56d518d22c7fcf751a09a084ad6cb3150557d1be3d22e2060543f40310f555f7a30afb047da0b2a14f3e760cf55290503f43dd32f39,2025-08-01T16:31:00.000,30,TRAFFIC SIGNAL,UNKNOWN,CLEAR,DAYLIGHT,REAR END,DIVIDED - W/MEDIAN BARRIER,STRAIGHT AND LEVEL,UNKNOWN,UNKNOWN,NOT ON SCENE (DESK REPORT),NO INJURY / DRIVE AWAY,Y,"$501 - $1,500",2025-08-01T19:09:00.000,UNABLE TO DETERMINE,NOT APPLICABLE,4930,N,WESTERN AVE,2031,2,NO INDICATION OF INJURY,0,0,0,0,0,2,0,16,6,8,41.9712760108,-87.6891430777,"{'type': 'Point', 'coordinates': [-87.689143077708, 41.971276010782]}",,,,,,,,,,
514162091971e9b135d1a1d7dfdccfbed1e046f9a2897f1c432d465fd028a430c18ba3e3415e0a06b17eceeceaf40db06fa6aa2d63355beb46f7ebda7f697bf6,2025-08-01T16:30:00.000,25,NO CONTROLS,NO CONTROLS,CLEAR,DAYLIGHT,PARKED MOTOR VEHICLE,ONE-WAY,STRAIGHT AND LEVEL,DRY,NO DEFECTS,ON SCENE,INJURY AND / OR TOW DUE TO CRASH,,$500 OR LESS,2025-08-01T16:42:00.000,DRIVING SKILLS/KNOWLEDGE/EXPERIENCE,NOT APPLICABLE,2902,W,POPE JOHN PAUL II DR,921,2,NONINCAPACITATING INJURY,4,0,0,4,0,1,0,16,6,8,41.8156148841,-87.6970211358,"{'type': 'Point', 'coordinates': [-87.697021135788, 41.815614884097]}",,,,,,,,,,
5ac0fbe40e3429aa6f2442cddb25d51b3a79f8fb2cb5b3eef66e58e672db5393c9ff1e0daa0638e9cde98e7451b64f5bc8560f41ca1d3cd810365c760a4708a8,2025-08-01T16:30:00.000,30,NO CONTROLS,NO CONTROLS,CLEAR,DAYLIGHT,PARKED MOTOR VEHICLE,ONE-WAY,STRAIGHT AND LEVEL,DRY,NO DEFECTS,ON SCENE,NO INJURY / DRIVE AWAY,,"OVER $1,500",2025-08-01T16:33:00.000,NOT APPLICABLE,NOT APPLICABLE,914,W,CARMEN AVE,2024,2,NO INDICATION OF INJURY,0,0,0,0,0,1,0,16,6,8,41.9744342731,-87.6532197838,"{'type': 'Point', 'coordinates': [-87.653219783849, 41.974434273114]}",,,,,,,,,,
71949cfa077ce5832790c16562e2e368e8ac9cb9cf15b4a603ad96dbe645d0211592433a2e6c9d74135f19f1f7a631ad2dce9cc8c7e0f3740ec85c94f7df090d,2025-08-01T16:30:00.000,30,NO CONTROLS,NO CONTROLS,CLEAR,DAYLIGHT,ANGLE,DIVIDED - W/MEDIAN (NOT RAISED),STRAIGHT AND LEVEL,DRY,NO DEFECTS,NOT ON SCENE (DESK REPORT),NO INJURY / DRIVE AWAY,,"OVER $1,500",2025-08-01T17:15:00.000,FAILING TO YIELD RIGHT-OF-WAY,UNABLE TO DETERMINE,2788,W,BARRY AVE,1411,2,NO INDICATION OF INJURY,0,0,0,0,0,2,0,16,6,8,41.9376788338,-87.6976844777,"{'type': 'Point', 'coordinates': [-87.697684477704, 41.937678833825]}",,,,,,,,,,
849a0d95e4af5f518cec4a692dbb01d76cedec644d9575e74e94ef5cc219695fea282723efbc2143e2b583f1278bbf6672bcc07fdd7c88f7a64c837d15103570,2025-08-01T16:30:00.000,30,UNKNOWN,UNKNOWN,CLEAR,DAYLIGHT,SIDESWIPE SAME DIRECTION,NOT DIVIDED,STRAIGHT AND LEVEL,UNKNOWN,UNKNOWN,NOT ON SCENE (DESK REPORT),NO INJURY / DRIVE AWAY,,"OVER $1,500",2025-08-01T16:45:00.000,UNABLE TO DETERMINE,UNABLE TO DETERMINE,1518,W,FOSTER AVE,2012,2,NO INDICATION OF INJURY,0,0,0,0,0,2,0,16,6,8,41.9762875994,-87.6692253814,"{'type': 'Point', 'coordinates': [-87.669225381387, 41.976287599431]}",,,,,,,,,,
d90c443794df64838a529c5a0a7e8121a396d6b26ada67f26190a3514735720564298bc6daa1743576c43f895df7bcd6ec38142b66b5043ac91601f3354e4afb,2025-08-01T16:30:00.000,30,NO CONTROLS,NO CONTROLS,CLEAR,DAYLIGHT,SIDESWIPE SAME DIRECTION,NOT DIVIDED,STRAIGHT AND LEVEL,DRY,NO DEFECTS,,INJURY AND / OR TOW DUE TO CRASH,,"OVER $1,500",2025-08-01T16:30:00.000,IMPROPER OVERTAKING/PASSING,NOT APPLICABLE,6530,W,NORTH AVE,2513,3,"REPORTED, NOT EVIDENT",2,0,0,0,2,2,0,16,6,8,41.9092033115,-87.7896810704,"{'type': 'Point', 'coordinates': [-87.789681070436, 41.90920331151]}",,,,,,,,,,
ebd5e8356b278a943280e3fb1c65bf753b3e478da1a56b1a26d91016f22c66687268000ffeeea0090e0384c2b5a97a6c34eb4b88966f0f3817056da5e2e7dca5,2025-08-01T16:30:00.000,25,UNKNOWN,UNKNOWN,CLEAR,DAYLIGHT,REAR END,NOT DIVIDED,STRAIGHT AND LEVEL,DRY,NO DEFECTS,NOT ON SCENE (DESK REPORT),NO INJURY / DRIVE AWAY,,"OVER $1,500",2025-08-01T17:15:00.000,DRIVING SKILLS/KNOWLEDGE/EXPERIENCE,FOLLOWING TOO CLOSELY,1239,S,STATE ST,131,2,NO INDICATION OF INJURY,0,0,0,0,0,2,0,16,6,8,41.8663458653,-87.6272445253,"{'type': 'Point', 'coordinates': [-87.627244525305, 41.86634586532]}",,,,,,,,,,
3e8840fdbbfbb3c6c621b9c001fa9892bdc698db3ae07b3c67b734ff55c89435b19fe4e555806e6eb16e83c39f6f303309284b93b403952aef6e0afbf274e683,2025-08-01T16:27:00.000,30,STOP SIGN/FLASHER,FUNCTIONING PROPERLY,CLEAR,DAYLIGHT,PEDALCYCLIST,NOT DIVIDED,STRAIGHT AND LEVEL,DRY,NO DEFECTS,ON SCENE,INJURY AND / OR TOW DUE TO CRASH,Y,"$501 - $1,500",2025-08-01T16:28:00.000,FAILING TO YIELD RIGHT-OF-WAY,OBSTRUCTED CROSSWALKS,1601,W,18TH PL,1234,2,NONINCAPACITATING INJURY,1,0,0,1,0,1,0,16,6,8,41.8567736621,-87.666146564,"{'type': 'Point', 'coordinates': [-87.66614656397, 41.856773662113]}",,,,N,,,,,,
d9028667603ac791e50f73ee4fa0626ad82d6e24f9a06cd9d494a1cc7722f1370b0abc22c363423b3fe363524c61158e04d8a1b8b6d4d45b81eeb63eedd67d9b,2025-08-01T16:27:00.000,30,NO CONTROLS,NO CONTROLS,CLEAR,DAYLIGHT,TURNING,NOT DIVIDED,STRAIGHT AND LEVEL,DRY,NO DEFECTS,ON SCENE,INJURY AND / OR TOW DUE TO CRASH,Y,"OVER $1,500",2025-08-01T16:30:00.000,NOT APPLICABLE,NOT APPLICABLE,5200,S,WESTERN AVE,923,2,NO INDICATION OF INJURY,0,0,0,0,0,2,0,16,6,8,41.7992405961,-87.6843218802,"{'type': 'Point', 'coordinates': [-87.68432188021, 41.799240596148]}",,,,,,,,,,
ed0bf74a8f184a971faf0f3032e785d3c3de63108850cac9cc18d7141e14105ab5a24766dd3f7174929b22b2ac3ec5b921622c05fcbc2e34ff9aa5a57962b88e,2025-08-01T16:20:00.000,30,NO CONTROLS,NO CONTROLS,CLEAR,DAYLIGHT,ANGLE,T-INTERSECTION,STRAIGHT AND LEVEL,DRY,NO DEFECTS,NOT ON SCENE (DESK REPORT),NO INJURY / DRIVE AWAY,,"$501 - $1,500",2025-08-01T16:25:00.000,FAILING TO YIELD RIGHT-OF-WAY,FAILING TO YIELD RIGHT-OF-WAY,3853,W,LELAND AVE,1723,2,NO INDICATION OF INJURY,0,0,0,0,0,2,0,16,6,8,41.9663390922,-87.7252380171,"{'type': 'Point', 'coordinates': [-87.725238017104, 41.966339092225]}",,,,,,,,,,
0631aba6f4dfbc8784533ac2ee2a912f6c7f6d8212dcf64973b8c452a95759d5b5a4a6d7b1551935019eaa8b680dbfc3b074c3ced82550dfaf9c179702b41a20,2025-08-01T16:15:00.000,15,UNKNOWN,UNKNOWN,UNKNOWN,DAYLIGHT,ANGLE,PARKING LOT,STRAIGHT AND LEVEL,UNKNOWN,UNKNOWN,NOT ON SCENE (DESK REPORT),NO INJURY / DRIVE AWAY,,"$501 - $1,500",2025-08-01T19:00:00.000,UNABLE TO DETERMINE,NOT APPLICABLE,2555,W,TOUHY AVE,2411,2,NO INDICATION OF INJURY,0,0,0,0,0,3,0,16,6,8,42.0120704208,-87.6948059235,"{'type': 'Point', 'coordinates': [-87.694805923462, 42.01207042083]}",Y,,,,,,,,,
15800d88ab8cf0a9b58fbd766b8a1055f4e21b1cd1f543f42e6af6f48798a92cfe8147ec76e214436dad02a325b97fdee5b472cbcd00a8dc0ae944ae4adce141,2025-08-01T16:15:00.000,30,NO CONTROLS,NO CONTROLS,CLEAR,DAYLIGHT,PARKED MOTOR VEHICLE,ONE-WAY,STRAIGHT AND LEVEL,DRY,UNKNOWN,NOT ON SCENE (DESK REPORT),NO INJURY / DRIVE AWAY,,"OVER $1,500",2025-08-01T18:45:00.000,UNABLE TO DETERMINE,UNABLE TO DETERMINE,2376,N,SAYRE AVE,2512,2,NO INDICATION OF INJURY,0,0,0,0,0,2,0,16,6,8,41.9234308444,-87.8008784263,"{'type': 'Point', 'coordinates': [-87.800878426256, 41.923430844437]}",,,N,,,,,,,
2803889fa8e7646fc1dd426292fba374f533a4de2f90441fed775d77baca2d9f0b257e4e38ef8071aeb453e35d56068296d6c2cc9412baf6213e4f3f0d254777,2025-08-01T16:15:00.000,30,TRAFFIC SIGNAL,FUNCTIONING PROPERLY,CLEAR,DAYLIGHT,ANGLE,FOUR WAY,STRAIGHT ON GRADE,DRY,UNKNOWN,,INJURY AND / OR TOW DUE TO CRASH,Y,"OVER $1,500",2025-08-01T16:20:00.000,UNABLE TO DETERMINE,NOT APPLICABLE,1800,W,FOSTER AVE,2012,2,NO INDICATION OF INJURY,0,0,0,0,0,2,0,16,6,8,41.9762051282,-87.6747765499,"{'type': 'Point', 'coordinates': [-87.674776549853, 41.976205128208]}",,,Y,,,,,,,
c03819240d245b2daa0e5c003cad882790ceb28d4413c2b8442490087cc8223d19090e88f4211fe413f5adc0808d3457e3f91be6a3029a0d67ba50dd1c6e32bc,2025-08-01T16:15:00.000,25,NO CONTROLS,NO CONTROLS,CLEAR,DAYLIGHT,REAR END,NOT DIVIDED,STRAIGHT AND LEVEL,DRY,UNKNOWN,NOT ON SCENE (DESK REPORT),NO INJURY / DRIVE AWAY,,"$501 - $1,500",2025-08-01T16:40:00.000,UNABLE TO DETERMINE,UNABLE TO DETERMINE,717,N,CICERO AVE,1111,2,NO INDICATION OF INJURY,0,0,0,0,0,2,0,16,6,8,41.8937442679,-87.745619897,"{'type': 'Point', 'coordinates': [-87.745619896981, 41.893744267932]}",,,,,Y,,,,,
e2ba44483cc2fbc04c834f5568c0e8aa4f6643d411f61bea994e5ec329671946c2d2765d6e6fb76f6d67d42930d6e61cf77fc3b1ea4c7cf9e4f03f7f3e91ec92,2025-08-01T16:15:00.000,30,NO CONTROLS,NO CONTROLS,UNKNOWN,DAYLIGHT,REAR END,NOT DIVIDED,STRAIGHT AND LEVEL,UNKNOWN,UNKNOWN,NOT ON SCENE (DESK REPORT),NO INJURY / DRIVE AWAY,,"OVER $1,500",2025-08-01T16:30:00.000,NOT APPLICABLE,NOT APPLICABLE,1151,W,18TH ST,1235,2,NO INDICATION OF INJURY,0,0,0,0,0,2,0,16,6,8,41.857864693,-87.6551742827,"{'type': 'Point', 'coordinates': [-87.655174282727, 41.857864692972]}",,,,,,,,,,
3ff7d4e1e6a3a3dbd81cf128868db2caedce44e44d408bb64bfb30c497cc13116a2ce93ad044d286d775216f66bf10bb2e467364715df360831c1a925c3c5ff3,2025-08-01T16:13:00.000,30,NO CONTROLS,NO CONTROLS,CLEAR,DAYLIGHT,SIDESWIPE SAME DIRECTION,NOT DIVIDED,STRAIGHT AND LEVEL,DRY,NO DEFECTS,NOT ON SCENE (DESK REPORT),NO INJURY / DRIVE AWAY,,"$501 - $1,500",2025-08-01T16:23:00.000,IMPROPER OVERTAKING/PASSING,IMPROPER OVERTAKING/PASSING,4831,N,MILWAUKEE AVE,1623,2,NO INDICATION OF INJURY,0,0,0,0,0,2,0,16,6,8,41.9686771422,-87.7612552544,"{'type': 'Point', 'coordinates': [-87.76125525437, 41.968677142222]}",,,Y,,,,,,,
ad0a38af7bf44f05fcbc044fff8b6b85ecf9800ec102059eb37d5d53373fe13757994938a698cbde97271e9b71bc931e970a6c310fe2e25a8a7e73666e81f39a,2025-08-01T16:10:00.000,25,NO CONTROLS,NO CONTROLS,CLEAR,DAYLIGHT,SIDESWIPE SAME DIRECTION,ONE-WAY,STRAIGHT AND LEVEL,DRY,NO DEFECTS,ON SCENE,NO INJURY / DRIVE AWAY,,"OVER $1,500",2025-08-01T16:15:00.000,IMPROPER OVERTAKING/PASSING,NOT APPLICABLE,3,W,TERMINAL ST,1653,2,NO INDICATION OF INJURY,0,0,0,0,0,2,0,16,6,8,,,,,,,,,,,,,
b6c167bb02b45892204313fb1811d1245dc0896b6ed166b5b37324efef9ea9521cc2942045754686fd005f5cbdbfa7ebc4916d438cb40b9bd174c5df008ba9d3,2025-08-01T16:10:00.000,25,TRAFFIC SIGNAL,FUNCTIONING PROPERLY,CLEAR,DAYLIGHT,SIDESWIPE SAME DIRECTION,NOT DIVIDED,STRAIGHT AND LEVEL,DRY,UNKNOWN,NOT ON SCENE (DESK REPORT),NO INJURY / DRIVE AWAY,Y,"OVER $1,500",2025-08-01T18:20:00.000,UNABLE TO DETERMINE,UNABLE TO DETERMINE,3805,W,ROOSEVELT RD,1011,2,NO INDICATION OF INJURY,0,0,0,0,0,2,0,16,6,8,41.8661271705,-87.7203377379,"{'type': 'Point', 'coordinates': [-87.720337737863, 41.86612717046]}",,,Y,,,,,,,
fab7bd3a37e2b6930247d54e40ecd6290fb373a3982177a9bca719373f2a54eb1741538a67812e9cd50a321ac364cdae6ded63e59f2628a9afd0013be05220f9,2025-08-01T16:05:00.000,40,NO CONTROLS,NO CONTROLS,CLEAR,DAYLIGHT,SIDESWIPE SAME DIRECTION,DIVIDED - W/MEDIAN BARRIER,STRAIGHT ON HILLCREST,DRY,UNKNOWN,ON SCENE,INJURY AND / OR TOW DUE TO CRASH,,"OVER $1,500",2025-08-01T17:06:00.000,UNABLE TO DETERMINE,NOT APPLICABLE,2200,N,LAKE SHORE DR SB,1814,2,NO INDICATION OF INJURY,0,0,0,0,0,3,0,16,6,8,41.9221207966,-87.6302432603,"{'type': 'Point', 'coordinates': [-87.630243260328, 41.922120796559]}",,,Y,,,,,,,
9fc149a1825c93523f47d11cdfc77073cf2b496e8ccfd95692da67a5819e520488e6df5fa058ae3062cf177adbc168ce585461476806225548ed950d328184d1,2025-08-01T16:03:00.000,30,NO CONTROLS,NO CONTROLS,CLEAR,DAYLIGHT,SIDESWIPE SAME DIRECTION,NOT DIVIDED,STRAIGHT AND LEVEL,DRY,NO DEFECTS,ON SCENE,NO INJURY / DRIVE AWAY,,"OVER $1,500",2025-08-01T16:35:00.000,IMPROPER TURNING/NO SIGNAL,FAILING TO YIELD RIGHT-OF-WAY,2412,N,CICERO AVE,2521,3,NO INDICATION OF INJURY,0,0,0,0,0,5,0,16,6,8,41.9246461926,-87.7464618256,"{'type': 'Point', 'coordinates': [-87.746461825635, 41.924646192609]}",,,,,,,,,,
416f549febcc5a222c2c84ad3a0eca89ffbe9bd8b9dd8d1fd9584a11f23e82b034e128449e13048b431ac44226660ce315ed4aa27a4aff06def07d2f6d3d564a,2025-08-01T16:00:00.000,30,UNKNOWN,UNKNOWN,UNKNOWN,UNKNOWN,REAR END,NOT DIVIDED,STRAIGHT AND LEVEL,UNKNOWN,UNKNOWN,NOT ON SCENE (DESK REPORT),NO INJURY / DRIVE AWAY,,"OVER $1,500",2025-08-03T20:20:00.000,UNABLE TO DETERMINE,NOT APPLICABLE,100,E,87TH ST,632,2,NO INDICATION OF INJURY,0,0,0,0,0,2,0,16,6,8,41.7365172023,-87.6209141942,"{'type': 'Point', 'coordinates': [-87.620914194216, 41.736517202331]}",,,,,Y,,,,,
caa50de1144ee3eeb4929e57241e7e0e51ab381221b4637691fccf58529e818ce24ff6c290d66f97c86907091bf72e31a0eb6c2850c5a1c665f9b2a3983caffc,2025-08-01T16:00:00.000,25,STOP SIGN/FLASHER,FUNCTIONING PROPERLY,CLEAR,DAYLIGHT,ANGLE,FOUR WAY,STRAIGHT AND LEVEL,DRY,UNKNOWN,NOT ON SCENE (DESK REPORT),NO INJURY / DRIVE AWAY,Y,"OVER $1,500",2025-08-03T15:38:00.000,FAILING TO YIELD RIGHT-OF-WAY,NOT APPLICABLE,301,S,KARLOV AVE,1132,2,NO INDICATION OF INJURY,0,0,0,0,0,2,0,16,6,8,41.8770133391,-87.7278505454,"{'type': 'Point', 'coordinates': [-87.727850545423, 41.877013339145]}",,,Y,,,,,,,
ce848072ab870166fb8ac7acf063299162fda4f0daa27441aeaba13e826d6a2258ef133a8fa32b92770808f24b93e8c851ef0b839562dd85db441a3c1f7bb8e7,2025-08-01T16:00:00.000,5,NO CONTROLS,NO CONTROLS,CLEAR,DAYLIGHT,PARKED MOTOR VEHICLE,PARKING LOT,STRAIGHT AND LEVEL,DRY,NO DEFECTS,ON SCENE,NO INJURY / DRIVE AWAY,,"OVER $1,500",2025-08-01T16:30:00.000,UNABLE TO DETERMINE,NOT APPLICABLE,8517,S,COTTAGE GROVE AVE,632,2,NO INDICATION OF INJURY,0,0,0,0,0,1,0,16,6,8,41.739733476,-87.6047632647,"{'type': 'Point', 'coordinates': [-87.60476326468, 41.739733475996]}",Y,,,,,,,,,