crash_record_id,crash_date,posted_speed_limit,traffic_control_device,device_condition,weather_condition,lighting_condition,first_crash_type,trafficway_type,alignment,roadway_surface_cond,road_defect,report_type,crash_type,intersection_related_i,damage,date_police_notified,prim_contributory_cause,sec_contributory_cause,street_no,street_direction,street_name,beat_of_occurrence,num_units,most_severe_injury,injuries_total,injuries_fatal,injuries_incapacitating,injuries_non_incapacitating,injuries_reported_not_evident,injuries_no_indication,injuries_unknown,crash_hour,crash_day_of_week,crash_month,latitude,longitude,location,private_property_i,photos_taken_i,hit_and_run_i,statements_taken_i,crash_date_est_i,work_zone_i,work_zone_type,dooring_i,lane_cnt,workers_present_i
25c763f842d0701089c4fb615c115f60de50e372f85335e258d65ddc32e7fa4a3b5eaad89a546bafcd7903a7fc9cf9e34c830e7a6d10e1cabb5fff0d8129da77,2025-08-01T14:45:00.000,30,NO CONTROLS,NO CONTROLS,CLEAR,DAYLIGHT,ANGLE,DIVIDED - W/MEDIAN (NOT RAISED),STRAIGHT AND LEVEL,DRY,NO DEFECTS,NOT ON SCENE (DESK REPORT),NO INJURY / DRIVE AWAY,,"OVER $1,500",2025-08-01T15:50:00.000,UNABLE TO DETERMINE,UNABLE TO DETERMINE,10311,S,WESTERN AVE,2212,2,NO INDICATION OF INJURY,0,0,0,0,0,2,0,14,6,8,41.706004961,-87.6814610207,"{'type': 'Point', 'coordinates': [-87.681461020749, 41.706004960954]}",,,,,,,,,,
4776859703defabad5af5792b57ea20dedb9b7772c647e8782dc48208d40567a321ca1d85455b229ab60db175c70185236dd5e04f95ca36d24fadab1318ec216,2025-08-01T14:45:00.000,30,NO CONTROLS,UNKNOWN,CLEAR,DAYLIGHT,PARKED MOTOR VEHICLE,NOT DIVIDED,STRAIGHT AND LEVEL,DRY,NO DEFECTS,NOT ON SCENE (DESK REPORT),NO INJURY / DRIVE AWAY,,"OVER $1,500",2025-08-08T16:33:00.000,FAILING TO YIELD RIGHT-OF-WAY,TURNING RIGHT ON RED,115,N,MICHIGAN AVE,114,2,NO INDICATION OF INJURY,0,0,0,0,0,1,0,14,6,8,41.8836222469,-87.6242706335,"{'type': 'Point', 'coordinates': [-87.624270633457, 41.883622246945]}",,,,,,Y,UNKNOWN,,,N
720c7c27a2dbb17e5045f1b5d60cbe58788b5f0ed88844a22a11fc7ae516a349effa8a5625e526d71e65d47cb74a2fbe87d18997a80d273d911d8a4fc20f0ba4,2025-08-01T14:42:00.000,30,TRAFFIC SIGNAL,UNKNOWN,CLEAR,DAYLIGHT,TURNING,FOUR WAY,STRAIGHT AND LEVEL,DRY,UNKNOWN,ON SCENE,NO INJURY / DRIVE AWAY,Y,"OVER $1,500",2025-08-01T15:12:00.000,UNABLE TO DETERMINE,NOT APPLICABLE,4759,W,WILSON AVE,1722,2,NO INDICATION OF INJURY,0,0,0,0,0,2,0,14,6,8,41.9642572936,-87.7475999447,"{'type': 'Point', 'coordinates': [-87.747599944687, 41.964257293642]}",,,,,,,,,,
f8345766928cdd15fe9149cd0c0e88eff149bf4e3f4d69e2c20b0c31ec131428c147caf3cd31a10c3547633a111dd75171ae2ad78f3de471c9c25196f37c3b12,2025-08-01T14:40:00.000,30,NO CONTROLS,NO CONTROLS,CLEAR,DAYLIGHT,ANGLE,DIVIDED - W/MEDIAN (NOT RAISED),STRAIGHT AND LEVEL,DRY,NO DEFECTS,NOT ON SCENE (DESK REPORT),NO INJURY / DRIVE AWAY,,"OVER $1,500",2025-08-01T14:52:00.000,FAILING TO YIELD RIGHT-OF-WAY,NOT APPLICABLE,5500,S,FAIRFIELD AVE,824,2,NO INDICATION OF INJURY,0,0,0,0,0,2,0,14,6,8,41.7936214824,-87.6927259139,"{'type': 'Point', 'coordinates': [-87.692725913927, 41.793621482393]}",,,,,,,,,,
c3aa27caf42352b89a7c792a7f24eb85f14789a0cbb264a344dc4db95eefd5a92ec6e4b2ac3857aca3fdd87a79d9c17247d8e44550e4d6b0b0b887df39c3e1a6,2025-08-01T14:39:00.000,30,NO CONTROLS,NO CONTROLS,CLEAR,DAYLIGHT,ANGLE,PARKING LOT,STRAIGHT AND LEVEL,DRY,NO DEFECTS,ON SCENE,NO INJURY / DRIVE AWAY,,"$501 - $1,500",2025-08-01T16:13:00.000,IMPROPER BACKING,NOT APPLICABLE,8811,S,COMMERCIAL AVE,424,2,NO INDICATION OF INJURY,0,0,0,0,0,3,0,14,6,8,41.7351848155,-87.5512351172,"{'type': 'Point', 'coordinates': [-87.551235117157, 41.735184815521]}",,,,,,,,,,
74e1aeb0f12b6fc0887cd5a4a44a3136f8c57e4cb654e036d58ed8043c666055f2dbe298aa2a67d79bf885d1d270aee1e9250b9d16f619a3c7d5991f7b331653,2025-08-01T14:38:00.000,30,TRAFFIC SIGNAL,FUNCTIONING PROPERLY,CLEAR,DAYLIGHT,ANGLE,FOUR WAY,STRAIGHT AND LEVEL,DRY,UNKNOWN,NOT ON SCENE (DESK REPORT),NO INJURY / DRIVE AWAY,Y,"OVER $1,500",2025-08-01T16:00:00.000,UNABLE TO DETERMINE,UNABLE TO DETERMINE,10313,S,WESTERN AVE,2212,2,NO INDICATION OF INJURY,0,0,0,0,0,2,0,14,6,8,41.7059484107,-87.6814593254,"{'type': 'Point', 'coordinates': [-87.681459325417, 41.705948410716]}",,,Y,,,,,,,
f96281c06c137736c1d058631c0d380280301cd189c6497584135ac0017cc71557c39150d1e8542644b3b66fe841a2e7548d1cd217ae0b2b8a3a1bd71c5779d4,2025-08-01T14:37:00.000,30,NO CONTROLS,NO CONTROLS,CLEAR,DAYLIGHT,SIDESWIPE SAME DIRECTION,NOT DIVIDED,STRAIGHT AND LEVEL,DRY,NO DEFECTS,NOT ON SCENE (DESK REPORT),NO INJURY / DRIVE AWAY,,"OVER $1,500",2025-08-01T15:30:00.000,UNABLE TO DETERMINE,NOT APPLICABLE,5219,N,ASHLAND AVE,2012,2,NO INDICATION OF INJURY,0,0,0,0,0,2,0,14,6,8,41.9767481884,-87.6694815192,"{'type': 'Point', 'coordinates': [-87.669481519167, 41.976748188354]}",,,Y,,,,,,,
410eb05e1df2072b7d64d9e2ae0c5a88251097547257591440f398b3eecbb93adbdf85f764f40fb9c842b44cbc2a377b7cd5c9199560ad99e5a844c71b5fd4b4,2025-08-01T14:36:00.000,30,NO CONTROLS,UNKNOWN,CLEAR,DAYLIGHT,TURNING,OTHER,STRAIGHT AND LEVEL,DRY,UNKNOWN,ON SCENE,NO INJURY / DRIVE AWAY,,"OVER $1,500",2025-08-01T14:36:00.000,FAILING TO YIELD RIGHT-OF-WAY,NOT APPLICABLE,3516,W,ADDISON ST,1732,2,NO INDICATION OF INJURY,0,0,0,0,0,4,0,14,6,8,41.9466345584,-87.7159041283,"{'type': 'Point', 'coordinates': [-87.715904128284, 41.946634558355]}",,,,N,,,,,,
0db5079165ce0b7502a95136bf11f73839ac232686f6572fbe32c6f3528d677cbdd36ed4557ba09381bc06d2c987ee75c2371d8b7f9987d97d655ada5da08207,2025-08-01T14:33:00.000,30,NO CONTROLS,NO CONTROLS,CLEAR,DAYLIGHT,TURNING,NOT DIVIDED,STRAIGHT AND LEVEL,DRY,NO DEFECTS,NOT ON SCENE (DESK REPORT),INJURY AND / OR TOW DUE TO CRASH,,"OVER $1,500",2025-08-01T15:05:00.000,IMPROPER TURNING/NO SIGNAL,FAILING TO YIELD RIGHT-OF-WAY,6235,S,UNION AVE,711,2,"REPORTED, NOT EVIDENT",1,0,0,0,1,2,0,14,6,8,41.7806009846,-87.642482787,"{'type': 'Point', 'coordinates': [-87.642482787005, 41.780600984568]}",,,,,,,,,,
9bd98a8885156231ded5071bad91314e51fd18f2742e0a592581d8e20f1762c7be526dc839f8660f1e3bc2ae8847769068a2aacdd8bda16993291b82db78af58,2025-08-01T14:30:00.000,30,NO CONTROLS,NO CONTROLS,CLEAR,DAYLIGHT,REAR END,PARKING LOT,STRAIGHT AND LEVEL,DRY,NO DEFECTS,NOT ON SCENE (DESK REPORT),NO INJURY / DRIVE AWAY,,$500 OR LESS,2025-08-01T14:30:00.000,IMPROPER BACKING,NOT APPLICABLE,1430,S,ASHLAND AVE,1233,2,NO INDICATION OF INJURY,0,0,0,0,0,2,0,14,6,8,41.8624024249,-87.6664189682,"{'type': 'Point', 'coordinates': [-87.666418968157, 41.862402424927]}",,,,,,,,,,
3ba0f01fe16ac15e3947a68164cf2465d9772a9a70faca1eddbeb343845ab9eea0ea359694e23cbe10a1a6dd43fdbbcd30da24290b029a40b41c029de46d7f74,2025-08-01T14:20:00.000,30,NO CONTROLS,NO CONTROLS,CLEAR,DAYLIGHT,REAR END,DIVIDED - W/MEDIAN (NOT RAISED),STRAIGHT AND LEVEL,DRY,NO DEFECTS,NOT ON SCENE (DESK REPORT),NO INJURY / DRIVE AWAY,,"OVER $1,500",2025-08-01T14:30:00.000,UNABLE TO DETERMINE,UNABLE TO DETERMINE,10310,S,HALSTED ST,2232,2,NO INDICATION OF INJURY,0,0,0,0,0,2,0,14,6,8,41.7065408191,-87.6429685194,"{'type': 'Point', 'coordinates': [-87.642968519396, 41.706540819067]}",,,,,,,,,,
f20aac723021b83a9102649831846b91647ddfbeb46c4c79a21b619385d5039c5d6175c72ca3c5beddfe7cd6acd28fe2df3cb99286b571b37f429e5af3706444,2025-08-01T14:20:00.000,30,NO CONTROLS,NO CONTROLS,CLEAR,DAYLIGHT,SIDESWIPE SAME DIRECTION,ONE-WAY,STRAIGHT AND LEVEL,DRY,NO DEFECTS,,INJURY AND / OR TOW DUE TO CRASH,,"$501 - $1,500",2025-08-01T14:52:00.000,IMPROPER OVERTAKING/PASSING,IMPROPER OVERTAKING/PASSING,847,W,AGATITE AVE,1914,3,"REPORTED, NOT EVIDENT",1,0,0,0,1,3,0,14,6,8,41.9626144696,-87.6517770759,"{'type': 'Point', 'coordinates': [-87.651777075943, 41.962614469559]}",,,,,,,,,,
27f2ee791128a278116f9e225979647fb38d692bb2dc4f43e639ee11b10ef3c77b2cbb6dec5d68b5e2a8350df51f01c73393dd1a934e5a90ff8a536aff54c31f,2025-08-01T14:15:00.000,30,UNKNOWN,UNKNOWN,CLEAR,DAYLIGHT,SIDESWIPE SAME DIRECTION,ONE-WAY,STRAIGHT AND LEVEL,UNKNOWN,UNKNOWN,NOT ON SCENE (DESK REPORT),NO INJURY / DRIVE AWAY,,"OVER $1,500",2025-08-02T14:00:00.000,UNABLE TO DETERMINE,UNABLE TO DETERMINE,600,N,WELLS ST,1831,2,NO INDICATION OF INJURY,0,0,0,0,0,2,0,14,6,8,41.8924247847,-87.6342371356,"{'type': 'Point', 'coordinates': [-87.634237135636, 41.892424784651]}",,,,,,,,,,
f5b919a71b1fbec886071c8f3b4a449925326332bd0e327ab108f4ed945211ae24900b78cf491223c78e7d26a4e8c3d8e44757c5e7aa14e13e35328c614b82d5,2025-08-01T14:15:00.000,35,NO CONTROLS,NO CONTROLS,CLEAR,DAYLIGHT,SIDESWIPE SAME DIRECTION,OTHER,STRAIGHT AND LEVEL,DRY,UNKNOWN,ON SCENE,INJURY AND / OR TOW DUE TO CRASH,,"OVER $1,500",2025-08-01T14:59:00.000,FOLLOWING TOO CLOSELY,IMPROPER LANE USAGE,5345,S,HARLEM AVE,811,2,NO INDICATION OF INJURY,0,0,0,0,0,6,0,14,6,8,41.794464579,-87.8014571335,"{'type': 'Point', 'coordinates': [-87.801457133532, 41.794464578981]}",,,Y,,,,,,,
e172e4159ad29d75884a4e49701dd8c51fdd4b31ede1994a589521cdcb40716cd7adddeccc80b5f831675b1d40f2052e6aee4103e95de04c13db6c42aff84952,2025-08-01T14:02:00.000,30,NO CONTROLS,NO CONTROLS,CLEAR,DAYLIGHT,PEDALCYCLIST,NOT DIVIDED,STRAIGHT AND LEVEL,DRY,NO DEFECTS,ON SCENE,INJURY AND / OR TOW DUE TO CRASH,,$500 OR LESS,2025-08-01T14:05:00.000,UNABLE TO DETERMINE,NOT APPLICABLE,6350,S,CICERO AVE,813,2,NONINCAPACITATING INJURY,1,0,0,1,0,2,0,14,6,8,41.7769205421,-87.7423840062,"{'type': 'Point', 'coordinates': [-87.742384006174, 41.77692054208]}",,,,,,,,,,
21307cc3c2c4098943926c407b55b79d29da7bc90789ed412702e14a95b343b3af9b91885b2cb51bbf656edf41db798a7bddefbf475cf121a2ef6d3151785494,2025-08-01T14:00:00.000,30,STOP SIGN/FLASHER,NO CONTROLS,CLEAR,DAYLIGHT,TURNING,FOUR WAY,STRAIGHT AND LEVEL,DRY,NO DEFECTS,NOT ON SCENE (DESK REPORT),NO INJURY / DRIVE AWAY,Y,"OVER $1,500",2025-08-01T14:00:00.000,IMPROPER LANE USAGE,IMPROPER OVERTAKING/PASSING,300,N,HOMAN AVE,1123,2,NO INDICATION OF INJURY,0,0,0,0,0,2,0,14,6,8,41.8864066425,-87.7113156446,"{'type': 'Point', 'coordinates': [-87.711315644629, 41.886406642509]}",,,,,,,,,,
5f05a5d68a438b4869912deb86d0c7cb2dc3293c03552772faa1870eb47fbb85b0252ef6ae48196ea49d89d7ad160408796e1065c62be77d17de52761253a82a,2025-08-01T14:00:00.000,25,TRAFFIC SIGNAL,FUNCTIONING PROPERLY,CLEAR,DAYLIGHT,REAR END,DIVIDED - W/MEDIAN BARRIER,STRAIGHT AND LEVEL,DRY,NO DEFECTS,NOT ON SCENE (DESK REPORT),NO INJURY / DRIVE AWAY,,"$501 - $1,500",2025-08-02T14:30:00.000,UNABLE TO DETERMINE,NOT APPLICABLE,100,E,ROOSEVELT RD,114,2,NO INDICATION OF INJURY,0,0,0,0,0,2,0,14,6,8,41.8675665406,-87.6240941748,"{'type': 'Point', 'coordinates': [-87.624094174802, 41.867566540607]}",,,,,,,,,,
b8dca7af728928948b9aee0bf30e1782126f334c5287b97c47a296eaad5efcb41b2c09ada9f74107511a983addced1f829e99253b23f5dde178602ba3001f30e,2025-08-01T14:00:00.000,30,STOP SIGN/FLASHER,FUNCTIONING PROPERLY,CLEAR,DAYLIGHT,REAR TO FRONT,DIVIDED - W/MEDIAN (NOT RAISED),STRAIGHT AND LEVEL,UNKNOWN,NO DEFECTS,NOT ON SCENE (DESK REPORT),NO INJURY / DRIVE AWAY,,"$501 - $1,500",2025-08-01T15:20:00.000,UNABLE TO DETERMINE,NOT APPLICABLE,8700,S,COMMERCIAL AVE,423,2,NO INDICATION OF INJURY,0,0,0,0,0,2,0,14,6,8,41.7372855719,-87.5515751443,"{'type': 'Point', 'coordinates': [-87.551575144327, 41.73728557189]}",,,Y,,,,,,,
e5f98bb725375c3bfbd3109388ec2c22c391d1fffecc021f51f333c41e49558316aa62737a4a28c4347d90154cd38c2368c43dbf32249baf090b7c0a49c54ee2,2025-08-01T14:00:00.000,30,NO CONTROLS,NO CONTROLS,CLEAR,DAYLIGHT,FIXED OBJECT,PARKING LOT,STRAIGHT AND LEVEL,DRY,NO DEFECTS,NOT ON SCENE (DESK REPORT),NO INJURY / DRIVE AWAY,,$500 OR LESS,2025-08-01T17:20:00.000,UNABLE TO DETERMINE,UNABLE TO DETERMINE,1505,W,PERSHING RD,924,1,NO INDICATION OF INJURY,0,0,0,0,0,1,0,14,6,8,41.8230690545,-87.6633594476,"{'type': 'Point', 'coordinates': [-87.663359447583, 41.823069054471]}",Y,,,,,,,,,
5fe2ae1b1e6e9d020e67dd2152ec20acc9c5c548eb94e2a960e8a2622398e3c7d275154e12c054141cf65b2db9ee40e6deeaba9434bf2e671cc21bc8994afdce,2025-08-01T13:56:00.000,30,TRAFFIC SIGNAL,FUNCTIONING PROPERLY,CLEAR,DAYLIGHT,REAR END,NOT DIVIDED,STRAIGHT AND LEVEL,DRY,NO DEFECTS,ON SCENE,NO INJURY / DRIVE AWAY,Y,"OVER $1,500",2025-08-01T13:57:00.000,UNABLE TO DETERMINE,UNABLE TO DETERMINE,2803,W,63RD ST,823,2,NO INDICATION OF INJURY,0,0,0,0,0,3,0,13,6,8,41.7790036843,-87.6935344831,"{'type': 'Point', 'coordinates': [-87.693534483098, 41.779003684308]}",,,,,,,,,,
1bab9a9c4638b4b84514bff6bf34d48e93463a59e2d373ec85b7068cb84747c841772c813be7c68aa50b91d1b6acfaebf873f37f7bed29c7df2fca6a207758b1,2025-08-01T13:55:00.000,30,NO CONTROLS,NO CONTROLS,CLEAR,DAYLIGHT,SIDESWIPE SAME DIRECTION,NOT DIVIDED,STRAIGHT AND LEVEL,DRY,NO DEFECTS,NOT ON SCENE (DESK REPORT),NO INJURY / DRIVE AWAY,,"$501 - $1,500",2025-08-01T14:52:00.000,IMPROPER OVERTAKING/PASSING,NOT APPLICABLE,1598,W,76TH ST,612,2,NO INDICATION OF INJURY,0,0,0,0,0,2,0,13,6,8,41.7559247861,-87.6634971453,"{'type': 'Point', 'coordinates': [-87.663497145252, 41.755924786068]}",,,Y,,,,,,,
9d46e6214ba0d808467a5e3abbcbad7ddc2ac4e93fe22616cac2063e6c6520c0572f9fac6de930302da956914b992203238e5abb9f86e9550db4959755d4cac2,2025-08-01T13:52:00.000,30,TRAFFIC SIGNAL,FUNCTIONING PROPERLY,CLEAR,DAYLIGHT,REAR END,DIVIDED - W/MEDIAN (NOT RAISED),STRAIGHT AND LEVEL,DRY,NO DEFECTS,NOT ON SCENE (DESK REPORT),NO INJURY / DRIVE AWAY,,"OVER $1,500",2025-08-01T16:05:00.000,FAILING TO REDUCE SPEED TO AVOID CRASH,NOT APPLICABLE,500,S,LAKE SHORE DR SB,114,2,NO INDICATION OF INJURY,0,0,0,0,0,2,0,13,6,8,41.8757562552,-87.6175156798,"{'type': 'Point', 'coordinates': [-87.617515679751, 41.875756255241]}",,,,,,,,,,
1075ac87db541240cf403e35a8007790ccf4818f653fbd0ae1b3e15b2a910f469264f3af085daba9f9c04bf1e895306b51b0867feeb37f515ab31d80a2c3050c,2025-08-01T13:50:00.000,30,TRAFFIC SIGNAL,FUNCTIONING PROPERLY,CLEAR,DAYLIGHT,REAR END,NOT DIVIDED,STRAIGHT AND LEVEL,DRY,NO DEFECTS,NOT ON SCENE (DESK REPORT),NO INJURY / DRIVE AWAY,,$500 OR LESS,2025-08-01T19:20:00.000,FOLLOWING TOO CLOSELY,NOT APPLICABLE,10700,S,VINCENNES AVE,2212,2,NO INDICATION OF INJURY,0,0,0,0,0,2,0,13,6,8,41.6993887419,-87.6589133573,"{'type': 'Point', 'coordinates': [-87.658913357315, 41.699388741856]}",,,,,,,,,,
25cebbb483b171fa56e0221b0446e2893cd283acfce59c35880dc5f21c4842967641a1b42ed62f07e7daca024c05236d50d5e2a9419ba058670685d005cc828e,2025-08-01T13:50:00.000,30,NO CONTROLS,NO CONTROLS,CLEAR,DAYLIGHT,REAR END,NOT DIVIDED,STRAIGHT AND LEVEL,DRY,NO DEFECTS,ON SCENE,NO INJURY / DRIVE AWAY,,"OVER $1,500",2025-08-01T13:55:00.000,FAILING TO REDUCE SPEED TO AVOID CRASH,NOT APPLICABLE,12121,S,MICHIGAN AVE,532,2,NO INDICATION OF INJURY,0,0,0,0,0,2,0,13,6,8,41.6736661833,-87.620234818,"{'type': 'Point', 'coordinates': [-87.620234818035, 41.673666183301]}",,,,,N,,,,,
f6bd159ad87d6adacd85bdca8bd2782ae0be2c70966df6d757ca39766eeb120362295ef11069ad21ee5b0f40e97b4f8e38fd0f6973951e7b1bfecce077f4bb64,2025-08-01T13:48:00.000,30,UNKNOWN,UNKNOWN,CLEAR,DAYLIGHT,REAR END,NOT DIVIDED,STRAIGHT AND LEVEL,UNKNOWN,UNKNOWN,NOT ON SCENE (DESK REPORT),NO INJURY / DRIVE AWAY,,"OVER $1,500",2025-08-05T13:40:00.000,UNABLE TO DETERMINE,UNABLE TO DETERMINE,25,E,OAK ST,1833,2,NO INDICATION OF INJURY,0,0,0,0,0,2,0,13,6,8,41.9006497816,-87.627416813,"{'type': 'Point', 'coordinates': [-87.627416813024, 41.900649781594]}",,,Y,,,,,,,
3009bb4e9ffe8a1ab9bf97f5645823063ca8c671232989c7ea715bdd07c0c30286dfa02d49ce25a152d1b9e9987ece1e7c795d8e279897ae3c72deccc1757c6a,2025-08-01T13:45:00.000,30,TRAFFIC SIGNAL,FUNCTIONING PROPERLY,CLEAR,DAYLIGHT,REAR END,OTHER,STRAIGHT AND LEVEL,DRY,UNKNOWN,NOT ON SCENE (DESK REPORT),NO INJURY / DRIVE AWAY,Y,"OVER $1,500",2025-08-01T14:15:00.000,FOLLOWING TOO CLOSELY,UNABLE TO DETERMINE,1800,W,18TH ST,1234,2,NO INDICATION OF INJURY,0,0,0,0,0,2,0,13,6,8,41.8578304412,-87.6712251142,"{'type': 'Point', 'coordinates': [-87.67122511424, 41.857830441155]}",,,,,,,,,,
c6fc142e7d8eeb54bbe3b5519dd070fe325df4f2e929d2248071d824a32afb9acec8afe71ed15fe8bd8d6279b37e1a2bc3f46dc3ef2b7c80098d314cec62b0bd,2025-08-01T13:40:00.000,30,NO CONTROLS,NO CONTROLS,CLEAR,DAYLIGHT,PARKED MOTOR VEHICLE,NOT DIVIDED,STRAIGHT AND LEVEL,DRY,NO DEFECTS,ON SCENE,NO INJURY / DRIVE AWAY,,"$501 - $1,500",2025-08-01T13:53:00.000,UNABLE TO DETERMINE,NOT APPLICABLE,3020,W,21ST PL,1022,2,NO INDICATION OF INJURY,0,0,0,0,0,1,0,13,6,8,41.8528439165,-87.7012644686,"{'type': 'Point', 'coordinates': [-87.701264468594, 41.852843916509]}",,,,,,,,,,
1e97555d973e13d4276330dce5965991da9c32c6dd751db47c170d57f13e5b81ce3d37032d27597e380e9bcc601db5f4eb1bd990d0e19b746ef25f870e3d9725,2025-08-01T13:38:00.000,30,TRAFFIC SIGNAL,FUNCTIONING PROPERLY,CLEAR,DAYLIGHT,TURNING,FOUR WAY,STRAIGHT AND LEVEL,DRY,NO DEFECTS,ON SCENE,NO INJURY / DRIVE AWAY,Y,"$501 - $1,500",2025-08-01T14:33:00.000,RELATED TO BUS STOP,NOT APPLICABLE,1555,W,DEVON AVE,2433,2,NO INDICATION OF INJURY,0,0,0,0,0,3,0,13,6,8,41.9979743797,-87.6698919953,"{'type': 'Point', 'coordinates': [-87.669891995347, 41.997974379674]}",,,,,,,,,,
36ae563da028bc34423c12b5c33b9cd1d6c3195a8874311222e11ba70cd98318292045549d959ee4fcaad411b757648f7e92944ec62aa755527f04995bfa99ee,2025-08-01T13:30:00.000,30,TRAFFIC SIGNAL,FUNCTIONING PROPERLY,CLEAR,DAYLIGHT,ANGLE,T-INTERSECTION,STRAIGHT AND LEVEL,DRY,NO DEFECTS,NOT ON SCENE (DESK REPORT),NO INJURY / DRIVE AWAY,,"OVER $1,500",2025-08-01T16:15:00.000,DISREGARDING TRAFFIC SIGNALS,DISREGARDING TRAFFIC SIGNALS,2900,S,STATE ST,133,2,NO INDICATION OF INJURY,0,0,0,0,0,2,0,13,6,8,41.8418285826,-87.6270169621,"{'type': 'Point', 'coordinates': [-87.627016962139, 41.841828582576]}",,,,,,,,,,
57ce2f6e646754e4148cd879e7eec9282e513f6d68a9126d58f8525dd2d9b2f4f0cb3cc2d76f4521c4b4d0c11c3592382b680b802523200bf5e852f60ad62a9a,2025-08-01T13:30:00.000,30,TRAFFIC SIGNAL,FUNCTIONING PROPERLY,CLEAR,DAYLIGHT,ANGLE,FOUR WAY,STRAIGHT AND LEVEL,DRY,WORN SURFACE,NOT ON SCENE (DESK REPORT),NO INJURY / DRIVE AWAY,Y,"OVER $1,500",2025-08-01T13:34:00.000,DISREGARDING TRAFFIC SIGNALS,DRIVING SKILLS/KNOWLEDGE/EXPERIENCE,3140,S,ARCHER AVE,912,2,NO INDICATION OF INJURY,0,0,0,0,0,2,0,13,6,8,41.8370663331,-87.666980657,"{'type': 'Point', 'coordinates': [-87.666980656964, 41.83706633313]}",,,,,,,,,,
96d795af959f45c8ea2359c4b3f111dcbf876d5f2beed5b324c5b45b55ddf32bb922a71f6de8bab02a172531099b1ae315c7f306897c4a87034df3e8ed5b0279,2025-08-01T13:30:00.000,25,TRAFFIC SIGNAL,UNKNOWN,CLEAR,DAYLIGHT,SIDESWIPE SAME DIRECTION,NOT DIVIDED,STRAIGHT AND LEVEL,DRY,UNKNOWN,NOT ON SCENE (DESK REPORT),INJURY AND / OR TOW DUE TO CRASH,,"OVER $1,500",2025-08-01T17:40:00.000,UNABLE TO DETERMINE,UNABLE TO DETERMINE,3601,W,IRVING PARK RD,1732,2,"REPORTED, NOT EVIDENT",1,0,0,0,1,1,0,13,6,8,41.9536740577,-87.7178681941,"{'type': 'Point', 'coordinates': [-87.717868194062, 41.953674057733]}",,,,,Y,,,,,
98f6811c22cb51401e72443e9b631d2192e0141556a704ec8f20506fb2ccdebc3dcba10c6a6c7957bdb7ed77b9207db01770d053fcf9d90b064efea846d49951,2025-08-01T13:25:00.000,30,TRAFFIC SIGNAL,FUNCTIONING PROPERLY,CLEAR,DAYLIGHT,REAR END,DIVIDED - W/MEDIAN (NOT RAISED),STRAIGHT AND LEVEL,DRY,NO DEFECTS,NOT ON SCENE (DESK REPORT),NO INJURY / DRIVE AWAY,Y,"OVER $1,500",2025-08-01T14:18:00.000,FOLLOWING TOO CLOSELY,NOT APPLICABLE,3000,W,59TH ST,824,2,NO INDICATION OF INJURY,0,0,0,0,0,2,0,13,6,8,41.7864359925,-87.6985363097,"{'type': 'Point', 'coordinates': [-87.698536309662, 41.786435992467]}",,,,,,,,,,
83755c8ec515da439ea3650d9bfded48c653778539465b18e6d11ff9533f2712bda475e575b3e892ea03bf0faded6aca5756fff5ef97e32085f0d7b8bcfa34d0,2025-08-01T13:22:00.000,30,TRAFFIC SIGNAL,OTHER,CLEAR,DAYLIGHT,REAR END,DIVIDED - W/MEDIAN BARRIER,STRAIGHT AND LEVEL,DRY,NO DEFECTS,NOT ON SCENE (DESK REPORT),NO INJURY / DRIVE AWAY,Y,"OVER $1,500",2025-08-07T10:15:00.000,FOLLOWING TOO CLOSELY,UNABLE TO DETERMINE,10000,W,OHARE ST,1651,2,NO INDICATION OF INJURY,0,0,0,0,0,2,0,13,6,8,41.976201139,-87.9053091251,"{'type': 'Point', 'coordinates': [-87.905309125103, 41.976201139024]}",,,,,,,,,,
4d9b36d47de29c5b9bfa1f9de34ac18568cfb0efa2eefc41c48407c6e256ac0c1e03c29717413aad5eca6c2a937bd613e9a1b9d5220d9c2471c3ec1cd76c376d,2025-08-01T13:13:00.000,30,NO CONTROLS,NO CONTROLS,CLEAR,DAYLIGHT,SIDESWIPE OPPOSITE DIRECTION,NOT DIVIDED,STRAIGHT AND LEVEL,DRY,NO DEFECTS,ON SCENE,NO INJURY / DRIVE AWAY,,"OVER $1,500",2025-08-01T13:18:00.000,UNABLE TO DETERMINE,NOT APPLICABLE,4498,N,SHERIDAN RD,1914,2,NO INDICATION OF INJURY,0,0,0,0,0,2,0,13,6,8,41.9635595186,-87.6549148787,"{'type': 'Point', 'coordinates': [-87.654914878683, 41.963559518566]}",,,Y,,,,,,,
c346ac08f05e8d282cc87aff93d9e060bd16b0a1209a3ea02d3f8a7fabb20d150971787f020e27e142f56fc7bbc1e7a509b978b5688fbfebc6299e2ad5b882ff,2025-08-01T13:10:00.000,30,TRAFFIC SIGNAL,FUNCTIONING PROPERLY,CLEAR,DAYLIGHT,ANGLE,FOUR WAY,STRAIGHT AND LEVEL,DRY,NO DEFECTS,NOT ON SCENE (DESK REPORT),INJURY AND / OR TOW DUE TO CRASH,Y,"OVER $1,500",2025-08-04T08:00:00.000,DISREGARDING TRAFFIC SIGNALS,UNABLE TO DETERMINE,2615,S,STATE ST,133,2,"REPORTED, NOT EVIDENT",1,0,0,0,1,2,0,13,6,8,41.8451652886,-87.6265993952,"{'type': 'Point', 'coordinates': [-87.626599395184, 41.845165288586]}",,,,,,,,,,