crash_record_id,crash_date,posted_speed_limit,traffic_control_device,device_condition,weather_condition,lighting_condition,first_crash_type,trafficway_type,alignment,roadway_surface_cond,road_defect,report_type,crash_type,intersection_related_i,damage,date_police_notified,prim_contributory_cause,sec_contributory_cause,street_no,street_direction,street_name,beat_of_occurrence,num_units,most_severe_injury,injuries_total,injuries_fatal,injuries_incapacitating,injuries_non_incapacitating,injuries_reported_not_evident,injuries_no_indication,injuries_unknown,crash_hour,crash_day_of_week,crash_month,latitude,longitude,location,private_property_i,photos_taken_i,hit_and_run_i,statements_taken_i,crash_date_est_i,work_zone_i,work_zone_type,dooring_i,lane_cnt,workers_present_i
672c114995e6305ff70037bd2219eaf23be5e04d848afdad0e18a90942f59feb44f6f95c791b2aedb5810c9252c1b8eb5b42855bcd18e5387b4f4c339e25f7c3,2025-08-01T13:01:00.000,35,NO CONTROLS,NO CONTROLS,CLEAR,DAYLIGHT,FIXED OBJECT,OTHER,STRAIGHT AND LEVEL,DRY,NO DEFECTS,NOT ON SCENE (DESK REPORT),NO INJURY / DRIVE AWAY,,$500 OR LESS,2025-08-01T15:00:00.000,UNABLE TO DETERMINE,UNABLE TO DETERMINE,2408,W,119TH ST,2212,1,NO INDICATION OF INJURY,0,0,0,0,0,2,0,13,6,8,41.6773792466,-87.6811230286,"{'type': 'Point', 'coordinates': [-87.681123028628, 41.677379246561]}",,,,,,,,,,
0ff24c23c41b99168a896a7381c448387f7b266d21476b3f839f0d502083e5ee85a4b8e5d71990a981fddf92bff9e261a242aaafe541f34fa4f55811eeefc680,2025-08-01T12:57:00.000,20,NO CONTROLS,NO CONTROLS,CLEAR,DAYLIGHT,PARKED MOTOR VEHICLE,NOT DIVIDED,STRAIGHT AND LEVEL,DRY,NO DEFECTS,ON SCENE,INJURY AND / OR TOW DUE TO CRASH,,"OVER $1,500",2025-08-01T14:24:00.000,UNABLE TO DETERMINE,UNABLE TO DETERMINE,600,W,DRUMMOND PL,1935,2,NO INDICATION OF INJURY,0,0,0,0,0,1,0,12,6,8,41.9307926699,-87.6440080854,"{'type': 'Point', 'coordinates': [-87.644008085408, 41.930792669852]}",,,,,,,,,,
955f2378f123a950fc2a187a63052fbdc2a5a277c665d23c25576e4dfbeaa7252f588e3f2fb5e1241f7e1c880866ce99e834eed6d6bcee6d3527a9328f24b60a,2025-08-01T12:55:00.000,30,TRAFFIC SIGNAL,FUNCTIONING PROPERLY,CLEAR,DAYLIGHT,ANGLE,NOT DIVIDED,STRAIGHT AND LEVEL,DRY,NO DEFECTS,ON SCENE,INJURY AND / OR TOW DUE TO CRASH,Y,"OVER $1,500",2025-08-01T15:40:00.000,DISREGARDING OTHER TRAFFIC SIGNS,FAILING TO YIELD RIGHT-OF-WAY,4199,W,MADISON ST,1115,2,NONINCAPACITATING INJURY,4,0,0,2,2,2,0,12,6,8,41.8805589601,-87.7304491258,"{'type': 'Point', 'coordinates': [-87.730449125825, 41.880558960134]}",,,,,,,,,,
53baf3939ab78ae0395838a511e7f5c59159918e0fec91523b5c131299ff5a46096bb34d7bf19380e786b0839ed8c891052b0ea3b475e2399705d333ba3a03aa,2025-08-01T12:50:00.000,30,STOP SIGN/FLASHER,FUNCTIONING PROPERLY,CLEAR,DAYLIGHT,TURNING,FOUR WAY,STRAIGHT AND LEVEL,DRY,NO DEFECTS,NOT ON SCENE (DESK REPORT),NO INJURY / DRIVE AWAY,,"OVER $1,500",2025-08-01T13:51:00.000,UNABLE TO DETERMINE,NOT APPLICABLE,8100,S,TRIPP AVE,834,2,NO INDICATION OF INJURY,0,0,0,0,0,2,0,12,6,8,41.7457161443,-87.7265126973,"{'type': 'Point', 'coordinates': [-87.726512697283, 41.745716144307]}",,,,,,,,,,
53d148596753a46d500bcafab61076ba17e22fabc04a9505efaa2042e6cc3227ee48436c4ee133147fe972f071056ca1fda19b9ebd39454d564ec0cea3a36d24,2025-08-01T12:45:00.000,30,NO CONTROLS,NO CONTROLS,CLEAR,DAYLIGHT,SIDESWIPE SAME DIRECTION,DIVIDED - W/MEDIAN (NOT RAISED),STRAIGHT AND LEVEL,DRY,NO DEFECTS,NOT ON SCENE (DESK REPORT),NO INJURY / DRIVE AWAY,Y,"OVER $1,500",2025-08-03T17:45:00.000,"EVASIVE ACTION DUE TO ANIMAL, OBJECT, NONMOTORIST",UNABLE TO DETERMINE,8700,S,PEORIA ST,2222,2,NO INDICATION OF INJURY,0,0,0,0,0,5,0,12,6,8,41.7359536512,-87.6462331391,"{'type': 'Point', 'coordinates': [-87.646233139093, 41.735953651212]}",,,,,,,,,,
2f202e4799dcfd9286a13ad55881dd233ef4653fe622b546dd28749f5d0911db024cc4d0ed7889a84b0530ab6e7a2242dfe8801446d891705787ae121218a2b1,2025-08-01T12:40:00.000,30,NO CONTROLS,NO CONTROLS,CLEAR,DAYLIGHT,TURNING,T-INTERSECTION,STRAIGHT AND LEVEL,DRY,NO DEFECTS,ON SCENE,INJURY AND / OR TOW DUE TO CRASH,Y,"OVER $1,500",2025-08-01T12:43:00.000,FAILING TO YIELD RIGHT-OF-WAY,FAILING TO YIELD RIGHT-OF-WAY,630,W,OHARE ST,1654,2,NONINCAPACITATING INJURY,2,0,0,1,1,0,0,12,6,8,,,,,,,,,,,,,
86064675a7aac69fc7408b6b6b519ead2a2da49394e68d1b375864e4d2847817220851998863378bdaa130dac7c47609cbf9a5b174c94df49b155de660d5b32e,2025-08-01T12:30:00.000,25,NO CONTROLS,NO CONTROLS,CLEAR,DAYLIGHT,PARKED MOTOR VEHICLE,NOT DIVIDED,STRAIGHT AND LEVEL,DRY,NO DEFECTS,NOT ON SCENE (DESK REPORT),NO INJURY / DRIVE AWAY,,$500 OR LESS,2025-08-01T12:45:00.000,"VISION OBSCURED (SIGNS, TREE LIMBS, BUILDINGS, ETC.)",UNABLE TO DETERMINE,1504,W,BRYN MAWR AVE,2013,2,NO INDICATION OF INJURY,0,0,0,0,0,1,0,12,6,8,41.9836172413,-87.6677221507,"{'type': 'Point', 'coordinates': [-87.667722150693, 41.983617241328]}",,,,,,,,,,
b8ac577cbc3cda1902147b3b874afb2c30f18a49006caf389dc6dffb9f43373a6397c935e0064e30f5275e4d601f82d583aeeb6b23050e43b75a3547f46036d3,2025-08-01T12:20:00.000,40,NO CONTROLS,NO CONTROLS,CLEAR,DAYLIGHT,SIDESWIPE SAME DIRECTION,DIVIDED - W/MEDIAN BARRIER,STRAIGHT AND LEVEL,DRY,NO DEFECTS,NOT ON SCENE (DESK REPORT),NO INJURY / DRIVE AWAY,,"OVER $1,500",2025-08-02T12:00:00.000,IMPROPER OVERTAKING/PASSING,NOT APPLICABLE,2330,N,LAKE SHORE DR SB,1814,2,NO INDICATION OF INJURY,0,0,0,0,0,3,0,12,6,8,41.9249590503,-87.6311311939,"{'type': 'Point', 'coordinates': [-87.631131193867, 41.924959050324]}",,,Y,,,,,,,
376797c1c7bb80c76c8dad75a07da8eb1c20867652de2ee82e2a0c6ba623fe922e76af1c15cf2969f8a46ddb297a0c5719cf419057545121d3961b21f677272e,2025-08-01T12:15:00.000,30,STOP SIGN/FLASHER,FUNCTIONING PROPERLY,CLEAR,DAYLIGHT,PARKED MOTOR VEHICLE,ONE-WAY,STRAIGHT AND LEVEL,DRY,NO DEFECTS,NOT ON SCENE (DESK REPORT),NO INJURY / DRIVE AWAY,,"$501 - $1,500",2025-08-01T13:52:00.000,IMPROPER BACKING,IMPROPER BACKING,1813,W,EVERGREEN AVE,1424,2,NO INDICATION OF INJURY,0,0,0,0,0,1,0,12,6,8,41.9075765762,-87.6739271404,"{'type': 'Point', 'coordinates': [-87.67392714038, 41.90757657621]}",,,Y,,,,,,,
4df4a45c53b89495a30f343b6d691edef3d5e6a590990270611c2c0a94952e729be4cbc82e96fcc286fce678f6048c05a105a0b01107c1b1baaceafb4e5fdc1f,2025-08-01T12:06:00.000,30,TRAFFIC SIGNAL,FUNCTIONING PROPERLY,UNKNOWN,DARKNESS,REAR END,CENTER TURN LANE,STRAIGHT AND LEVEL,UNKNOWN,UNKNOWN,NOT ON SCENE (DESK REPORT),NO INJURY / DRIVE AWAY,,"OVER $1,500",2025-08-01T17:50:00.000,FOLLOWING TOO CLOSELY,NOT APPLICABLE,3400,N,WESTERN AVE,1921,2,NO INDICATION OF INJURY,0,0,0,0,0,2,0,12,6,8,41.9431873732,-87.6883020207,"{'type': 'Point', 'coordinates': [-87.688302020702, 41.943187373182]}",,,,,Y,,,,,
022e0d5b4dd2ef45721721a18c2e3bc9d3b3987576581a68ca0f6dd27e63069bcfc2dc4038402b94ecafb9f5773c7e37925404a4c5baf958dffed2bcd2ec22fa,2025-08-01T12:00:00.000,10,NO CONTROLS,NO CONTROLS,CLEAR,DAYLIGHT,PARKED MOTOR VEHICLE,PARKING LOT,STRAIGHT AND LEVEL,UNKNOWN,UNKNOWN,NOT ON SCENE (DESK REPORT),NO INJURY / DRIVE AWAY,,"OVER $1,500",2025-08-01T16:00:00.000,UNABLE TO DETERMINE,UNABLE TO DETERMINE,342,S,CALIFORNIA AVE,1124,2,NO INDICATION OF INJURY,0,0,0,0,0,2,0,12,6,8,41.8760804365,-87.696302293,"{'type': 'Point', 'coordinates': [-87.696302293036, 41.876080436538]}",,,Y,,,,,,,
049c575554834b66b64602fff907b542e89e8463ac79f9f042342ba0482d52860031210f5842c383a4ca4606ab32649fc09c2ddd6a011eeb9df3225d66e1124e,2025-08-01T12:00:00.000,30,TRAFFIC SIGNAL,FUNCTIONING PROPERLY,CLEAR,DAYLIGHT,REAR END,DIVIDED - W/MEDIAN (NOT RAISED),STRAIGHT AND LEVEL,DRY,NO DEFECTS,NOT ON SCENE (DESK REPORT),NO INJURY / DRIVE AWAY,,"$501 - $1,500",2025-08-01T12:25:00.000,FOLLOWING TOO CLOSELY,UNABLE TO DETERMINE,5020,W,MONTROSE AVE,1623,2,NO INDICATION OF INJURY,0,0,0,0,0,2,0,12,6,8,41.9607536778,-87.7532613502,"{'type': 'Point', 'coordinates': [-87.753261350169, 41.960753677756]}",,,,,,,,,,
6ff4e97625279ac8ab25e080134998ff33d879f964d0c3341f8a395c2dd68003eeafa717b5ddde9eae0ed8ffe88d8ab034ce134090c83754294262be15f76077,2025-08-01T12:00:00.000,30,NO CONTROLS,NO CONTROLS,CLEAR,DAYLIGHT,SIDESWIPE SAME DIRECTION,NOT DIVIDED,STRAIGHT AND LEVEL,DRY,NO DEFECTS,NOT ON SCENE (DESK REPORT),NO INJURY / DRIVE AWAY,,"$501 - $1,500",2025-08-01T12:15:00.000,IMPROPER LANE USAGE,IMPROPER LANE USAGE,7001,N,SHERIDAN RD,2423,2,NO INDICATION OF INJURY,0,0,0,0,0,2,0,12,6,8,42.0092697015,-87.6619653187,"{'type': 'Point', 'coordinates': [-87.661965318682, 42.009269701478]}",,,,,,,,,,
df6408e93be7adf2c1eb15376cb01b3a4461634fbc6da2df48b51175cc86dcd615af81c430ed277f68a04188ebcfd0c6430eb87b5a18a6d1e7f2b7c3d66c44e6,2025-08-01T12:00:00.000,30,NO CONTROLS,NO CONTROLS,CLEAR,DAYLIGHT,REAR END,NOT DIVIDED,STRAIGHT AND LEVEL,DRY,NO DEFECTS,NOT ON SCENE (DESK REPORT),NO INJURY / DRIVE AWAY,,"OVER $1,500",2025-08-01T12:22:00.000,FAILING TO REDUCE SPEED TO AVOID CRASH,NOT APPLICABLE,1200,N,LA SALLE DR,1821,3,NO INDICATION OF INJURY,0,0,0,0,0,3,0,12,6,8,41.9039692113,-87.6330707107,"{'type': 'Point', 'coordinates': [-87.633070710665, 41.903969211265]}",,,Y,,,,,,,
ac7bcc5a760e038874fa371772e6ca5cfcb6bc36d992c1ed27d4ee1ce5912320f205ecc0f30a40cb637b4507d80f1379d7f55e0393ddc34650c53027ed7d6e15,2025-08-01T11:56:00.000,30,NO CONTROLS,NO CONTROLS,CLEAR,DAYLIGHT,REAR END,NOT DIVIDED,STRAIGHT AND LEVEL,DRY,NO DEFECTS,NOT ON SCENE (DESK REPORT),NO INJURY / DRIVE AWAY,,"OVER $1,500",2025-08-01T14:30:00.000,FOLLOWING TOO CLOSELY,NOT APPLICABLE,2905,W,ADDISON ST,1733,2,NO INDICATION OF INJURY,0,0,0,0,0,2,0,11,6,8,41.9465486458,-87.7006938482,"{'type': 'Point', 'coordinates': [-87.700693848166, 41.946548645781]}",,,,,,,,,,
73f2cabd18bdcf941c2760e9435a7450630ebd8e59bb04cd5904845b1230789c9c314e94849491a9b84ab057563d9fac3ec35964953fb8a24150feba72428fdd,2025-08-01T11:55:00.000,30,TRAFFIC SIGNAL,FUNCTIONING PROPERLY,CLEAR,DAYLIGHT,REAR END,NOT DIVIDED,STRAIGHT AND LEVEL,DRY,NO DEFECTS,ON SCENE,INJURY AND / OR TOW DUE TO CRASH,Y,"OVER $1,500",2025-08-01T12:06:00.000,FOLLOWING TOO CLOSELY,UNABLE TO DETERMINE,558,S,HOMAN AVE,1133,2,NONINCAPACITATING INJURY,1,0,0,1,0,1,0,11,6,8,41.8737881053,-87.7109332769,"{'type': 'Point', 'coordinates': [-87.710933276882, 41.87378810526]}",,,Y,,,,,,,
7805e9999927cf26827b4a82d171c942ee20ba60908f4fdd307dd1693a793ebbc606143175fa5b3979eea3cb922f13407c8467966cc615cc234d4a5326aa41b5,2025-08-01T11:55:00.000,30,TRAFFIC SIGNAL,FUNCTIONING PROPERLY,CLEAR,DAYLIGHT,REAR TO FRONT,FOUR WAY,STRAIGHT AND LEVEL,DRY,NO DEFECTS,ON SCENE,NO INJURY / DRIVE AWAY,Y,"OVER $1,500",2025-08-04T11:55:00.000,IMPROPER BACKING,FAILING TO YIELD RIGHT-OF-WAY,4500,N,WESTERN AVE,1911,2,NO INDICATION OF INJURY,0,0,0,0,0,3,0,11,6,8,41.9632228774,-87.6888861111,"{'type': 'Point', 'coordinates': [-87.68888611106, 41.963222877385]}",,,,,,,,,,
628cca9fb781bab7a15fe83ddda10cd911e9bd75a5467d06923b4040383e9c8b127bbd96e6edc9900fe9335850b9a7959c401348e531ce6825c7215d3b08ef1e,2025-08-01T11:50:00.000,30,NO CONTROLS,NO CONTROLS,CLEAR,DAYLIGHT,PEDALCYCLIST,ROUNDABOUT,STRAIGHT AND LEVEL,DRY,NO DEFECTS,,INJURY AND / OR TOW DUE TO CRASH,,"OVER $1,500",2025-08-01T11:51:00.000,DRIVING ON WRONG SIDE/WRONG WAY,NOT APPLICABLE,1611,W,HARRISON ST,1231,2,NONINCAPACITATING INJURY,1,0,0,1,0,1,0,11,6,8,41.8740819887,-87.6672227593,"{'type': 'Point', 'coordinates': [-87.66722275935, 41.874081988696]}",,,,,,,,,,
907c20985d26f10e91a5bb9640ab2d0eeedf45466bb99b2e50087bd7cf321fd7d32ac0029030bef4a4b6b9bd447b22c5686db9d92cd49d903435cd8475444e9b,2025-08-01T11:50:00.000,22,YIELD,UNKNOWN,CLEAR,"DARKNESS, LIGHTED ROAD",REAR END,DIVIDED - W/MEDIAN (NOT RAISED),STRAIGHT AND LEVEL,DRY,NO DEFECTS,NOT ON SCENE (DESK REPORT),NO INJURY / DRIVE AWAY,,$500 OR LESS,2025-08-02T00:50:00.000,IMPROPER OVERTAKING/PASSING,FAILING TO YIELD RIGHT-OF-WAY,801,N,CICERO AVE,1111,2,NO INDICATION OF INJURY,0,0,0,0,0,3,0,11,6,8,41.8950539854,-87.7456617615,"{'type': 'Point', 'coordinates': [-87.745661761541, 41.895053985434]}",,,Y,,,,,,,
7c7cea671aec303bbcc4dcb9a9bb49f21d72ebd50e8cec46fd9bdbaca6a24d9b75335829d580c854ed9162eef5a02114605e0c8ec243e65f689aa76439a70088,2025-08-01T11:45:00.000,30,STOP SIGN/FLASHER,FUNCTIONING PROPERLY,CLEAR,DAYLIGHT,ANGLE,NOT REPORTED,STRAIGHT AND LEVEL,DRY,UNKNOWN,ON SCENE,INJURY AND / OR TOW DUE TO CRASH,Y,"OVER $1,500",2025-08-01T11:46:00.000,UNABLE TO DETERMINE,UNABLE TO DETERMINE,4800,S,MICHIGAN AVE,224,3,NO INDICATION OF INJURY,0,0,0,0,0,3,0,11,6,8,41.8073730019,-87.6229305547,"{'type': 'Point', 'coordinates': [-87.622930554709, 41.807373001937]}",,,,,,,,,,
74a2a0ec344fe0a283f83c07c3bf1ea0b375bd942ca97757d63ac06b2b134a44e2521fa514dd623d8fc9814cd0d8431a9720d4467663309eb7b2771a3f0b3e0b,2025-08-01T11:40:00.000,30,RAILROAD CROSSING GATE,NO CONTROLS,CLEAR,DAYLIGHT,REAR END,NOT DIVIDED,STRAIGHT AND LEVEL,DRY,NO DEFECTS,ON SCENE,INJURY AND / OR TOW DUE TO CRASH,,"OVER $1,500",2025-08-01T12:37:00.000,EQUIPMENT - VEHICLE CONDITION,NOT APPLICABLE,1831,S,KOSTNER AVE,1012,2,NONINCAPACITATING INJURY,1,0,0,1,0,3,0,11,6,8,41.8559238267,-87.7344986438,"{'type': 'Point', 'coordinates': [-87.734498643774, 41.855923826721]}",,,,Y,,,,,,
d2a7ec14e36fbdd0486853d04a1da8f9bddf5f08faa5fba3c3ee87c407daf8cda85d2bd6771fb25c412c141b0d064c161f68ba2f19db43e851823fe533fe7a44,2025-08-01T11:40:00.000,30,NO CONTROLS,NO CONTROLS,CLEAR,DAYLIGHT,PARKED MOTOR VEHICLE,ONE-WAY,STRAIGHT AND LEVEL,DRY,NO DEFECTS,NOT ON SCENE (DESK REPORT),NO INJURY / DRIVE AWAY,,"OVER $1,500",2025-08-01T11:55:00.000,IMPROPER OVERTAKING/PASSING,IMPROPER OVERTAKING/PASSING,3317,W,CHICAGO AVE,1121,2,NO INDICATION OF INJURY,0,0,0,0,0,1,0,11,6,8,41.8954139194,-87.7095871669,"{'type': 'Point', 'coordinates': [-87.709587166882, 41.895413919421]}",,Y,,,,,,,,
8ecfd23558319cc36a6cbfa5492c4164cb2583153e49167ca9b78a3f5a131be37770a3b6d413a7b967ad9662c4d755b22b6ea7f426b3c47ffa66e9bfee8113cb,2025-08-01T11:35:00.000,30,NO CONTROLS,NO CONTROLS,CLEAR,DAYLIGHT,PEDESTRIAN,T-INTERSECTION,STRAIGHT AND LEVEL,DRY,UNKNOWN,ON SCENE,INJURY AND / OR TOW DUE TO CRASH,,$500 OR LESS,2025-08-01T11:36:00.000,FOLLOWING TOO CLOSELY,NOT APPLICABLE,3333,W,26TH ST,1032,2,"REPORTED, NOT EVIDENT",1,0,0,0,1,3,0,11,6,8,41.8443562652,-87.7087469931,"{'type': 'Point', 'coordinates': [-87.708746993088, 41.844356265154]}",,,,,,,,,,
d3fea1376806d60e56678b81801ddb19a40cdbefcdb47ad27ec4847cb5b78588985ee38aca86b7a7f32e24cbcfe3b7ce0076c2c3028250979b08ca346e7ef222,2025-08-01T11:35:00.000,30,TRAFFIC SIGNAL,FUNCTIONING IMPROPERLY,CLEAR,DAYLIGHT,REAR END,FOUR WAY,STRAIGHT AND LEVEL,DRY,NO DEFECTS,NOT ON SCENE (DESK REPORT),NO INJURY / DRIVE AWAY,Y,"OVER $1,500",2025-08-02T14:50:00.000,FAILING TO YIELD RIGHT-OF-WAY,FAILING TO YIELD RIGHT-OF-WAY,2607,W,CERMAK RD,1034,2,NO INDICATION OF INJURY,0,0,0,0,0,2,0,11,6,8,41.8518533403,-87.6908913923,"{'type': 'Point', 'coordinates': [-87.690891392326, 41.851853340329]}",,,,,,,,,,
0faf3a867a66478b34f7e53d5025ca3e5a63bb03e061dbb13a80ac464de02dbfd1a59d6bd3c1520b8a7664a1332f776023446e095fb982bfbed5eef81644d3bb,2025-08-01T11:30:00.000,30,NO CONTROLS,NO CONTROLS,CLEAR,DAYLIGHT,PEDESTRIAN,PARKING LOT,STRAIGHT AND LEVEL,DRY,UNKNOWN,ON SCENE,NO INJURY / DRIVE AWAY,,$500 OR LESS,2025-08-01T11:32:00.000,UNABLE TO DETERMINE,UNABLE TO DETERMINE,7013,S,STONY ISLAND AVE,332,2,NO INDICATION OF INJURY,0,0,0,0,0,2,0,11,6,8,41.7674752862,-87.5858110642,"{'type': 'Point', 'coordinates': [-87.585811064246, 41.767475286201]}",,,,,,,,,,
6d91c3d32b1f0b537383342d91a35ec8f219fd420e3d6bf91d650f15701904464c9cda179131eb818c29016bfdb2fe915c1d5be239e9fa05912dd4d41056207a,2025-08-01T11:30:00.000,30,NO CONTROLS,NO CONTROLS,CLEAR,DAYLIGHT,SIDESWIPE SAME DIRECTION,NOT DIVIDED,STRAIGHT AND LEVEL,DRY,NO DEFECTS,NOT ON SCENE (DESK REPORT),NO INJURY / DRIVE AWAY,,"OVER $1,500",2025-08-01T12:05:00.000,FAILING TO YIELD RIGHT-OF-WAY,NOT APPLICABLE,4705,W,47TH ST,815,2,NO INDICATION OF INJURY,0,0,0,0,0,2,0,11,6,8,41.8075395406,-87.7409522114,"{'type': 'Point', 'coordinates': [-87.740952211444, 41.807539540627]}",,,,,,,,,,
92b0973c76c83d270b9b4b1fe43862636b11cc3e478b2d47eca342bfed3af4459a01808036a028c32439ea5e2ea8e60050ca82b8c2e6af429e710e7d23f474c2,2025-08-01T11:30:00.000,30,TRAFFIC SIGNAL,FUNCTIONING PROPERLY,CLEAR,DAYLIGHT,SIDESWIPE SAME DIRECTION,NOT DIVIDED,STRAIGHT AND LEVEL,DRY,NO DEFECTS,NOT ON SCENE (DESK REPORT),NO INJURY / DRIVE AWAY,Y,"OVER $1,500",2025-08-01T12:15:00.000,UNABLE TO DETERMINE,NOT APPLICABLE,3542,S,ARCHER AVE,912,2,NO INDICATION OF INJURY,0,0,0,0,0,3,0,11,6,8,41.8294626187,-87.6793915655,"{'type': 'Point', 'coordinates': [-87.679391565512, 41.829462618669]}",,,Y,,Y,,,,,
e5612fea518e78e9e03d3a52f199ffc46e9bcdcd2ec9f2308260a5c10fd8826619f4fa40415475cba374e0e535d169c7f34a933e14a8fc123e65740e8f83c304,2025-08-01T11:21:00.000,30,TRAFFIC SIGNAL,FUNCTIONING PROPERLY,CLEAR,DAYLIGHT,SIDESWIPE SAME DIRECTION,FOUR WAY,STRAIGHT AND LEVEL,DRY,NO DEFECTS,ON SCENE,NO INJURY / DRIVE AWAY,Y,"OVER $1,500",2025-08-01T12:24:00.000,UNABLE TO DETERMINE,NOT APPLICABLE,4652,S,RACINE AVE,924,2,NO INDICATION OF INJURY,0,0,0,0,0,2,0,11,6,8,41.8090389977,-87.6553975837,"{'type': 'Point', 'coordinates': [-87.655397583707, 41.809038997736]}",,,,,,,,,,
02ce8447be0ac38089251a3ccaaf5d01271d99625f64c5f39f04609999642f44e65eaff0029294c2f9d6d00de1ddec75467e1441fe1619c36aca7ec58cf54af7,2025-08-01T11:20:00.000,30,UNKNOWN,UNKNOWN,UNKNOWN,"DARKNESS, LIGHTED ROAD",SIDESWIPE SAME DIRECTION,NOT DIVIDED,STRAIGHT AND LEVEL,UNKNOWN,UNKNOWN,NOT ON SCENE (DESK REPORT),NO INJURY / DRIVE AWAY,,"OVER $1,500",2025-08-06T14:00:00.000,UNABLE TO DETERMINE,UNABLE TO DETERMINE,783,S,WELLS ST,123,2,NO INDICATION OF INJURY,0,0,0,0,0,2,0,11,6,8,41.8722114408,-87.6334282432,"{'type': 'Point', 'coordinates': [-87.633428243242, 41.872211440768]}",,,Y,,,,,,,
cbc323d42f268c753756604ced1493d0ff447c838e09ffe02c9a4a4573827ea3bc137078d18200cb6708e4cb5ab906b922317a12a4e51114246d8c77e4362994,2025-08-01T11:16:00.000,25,NO CONTROLS,NO CONTROLS,CLEAR,DAYLIGHT,SIDESWIPE SAME DIRECTION,NOT DIVIDED,STRAIGHT AND LEVEL,DRY,NO DEFECTS,ON SCENE,INJURY AND / OR TOW DUE TO CRASH,,"OVER $1,500",2025-08-01T11:16:00.000,FAILING TO YIELD RIGHT-OF-WAY,FAILING TO YIELD RIGHT-OF-WAY,7341,S,HERMITAGE AVE,735,3,NO INDICATION OF INJURY,0,0,0,0,0,2,0,11,6,8,41.7600124307,-87.6671857227,"{'type': 'Point', 'coordinates': [-87.667185722729, 41.760012430657]}",,,,,,,,,,
06fb8c6f84a2704fe4c75bba69dd6f640032d60bbde63e462ad8fc609f12c9fe285e4f5c6cf1399631c8e0a4fcd861c13d041f52c0539944ec5bb2a3b830d014,2025-08-01T11:15:00.000,30,UNKNOWN,UNKNOWN,UNKNOWN,DAYLIGHT,SIDESWIPE SAME DIRECTION,ONE-WAY,STRAIGHT AND LEVEL,UNKNOWN,UNKNOWN,NOT ON SCENE (DESK REPORT),NO INJURY / DRIVE AWAY,,"OVER $1,500",2025-08-01T12:10:00.000,IMPROPER OVERTAKING/PASSING,IMPROPER OVERTAKING/PASSING,421,W,MELROSE ST,1925,2,NO INDICATION OF INJURY,0,0,0,0,0,2,0,11,6,8,41.9410803755,-87.6404131223,"{'type': 'Point', 'coordinates': [-87.640413122284, 41.941080375518]}",,,Y,,,,,,,
7ef2f39ee1575c1a523f44d9dd36fd211aa69bd98008b8001027d51fdd01a3582792d4252225b2e7fa9ea046d0e7ca849f0b6dca1aaf28825c3de819ed46c4a0,2025-08-01T11:15:00.000,25,NO CONTROLS,NO CONTROLS,CLEAR,DAYLIGHT,PARKED MOTOR VEHICLE,ONE-WAY,"CURVE, LEVEL",DRY,NO DEFECTS,ON SCENE,NO INJURY / DRIVE AWAY,,$500 OR LESS,2025-08-01T20:09:00.000,UNABLE TO DETERMINE,UNABLE TO DETERMINE,2851,N,ORCHARD ST,1934,2,NO INDICATION OF INJURY,0,0,0,0,0,1,0,11,6,8,41.93422525,-87.6465659029,"{'type': 'Point', 'coordinates': [-87.646565902891, 41.934225250045]}",,,Y,,,,,,,
866c29fc3ae3b42c26caccd2925fbe8835d5cc9e83fb693fbd7ed4a94c761e7d512e8eaf401c48eaefcaa210b2c61b8cc68a4af47f123dbf070aac6eb0262e7c,2025-08-01T11:15:00.000,30,TRAFFIC SIGNAL,FUNCTIONING PROPERLY,CLEAR,DAYLIGHT,REAR END,NOT DIVIDED,STRAIGHT AND LEVEL,DRY,NO DEFECTS,ON SCENE,NO INJURY / DRIVE AWAY,Y,"OVER $1,500",2025-08-01T11:49:00.000,UNABLE TO DETERMINE,NOT APPLICABLE,4900,S,WESTERN AVE,923,2,NO INDICATION OF INJURY,0,0,0,0,0,2,0,11,6,8,41.804641245,-87.6845169054,"{'type': 'Point', 'coordinates': [-87.684516905411, 41.804641245012]}",,,Y,,,,,,,
d11b9faea0cb608dba0a6626c2b1e09165d0749c7a4f35efdccf4d2a31b51173a5928fc430850eeaa205aafd3930ebd382d3a9db0a9fecb0d98731b2b2aa7a81,2025-08-01T11:10:00.000,30,NO CONTROLS,NO CONTROLS,CLEAR,DAYLIGHT,PARKED MOTOR VEHICLE,NOT DIVIDED,STRAIGHT AND LEVEL,DRY,NO DEFECTS,ON SCENE,NO INJURY / DRIVE AWAY,,"$501 - $1,500",2025-08-01T11:15:00.000,UNABLE TO DETERMINE,NOT APPLICABLE,118,E,119TH PL,532,2,NO INDICATION OF INJURY,0,0,0,0,0,1,0,11,6,8,41.6772671908,-87.6196931683,"{'type': 'Point', 'coordinates': [-87.619693168342, 41.677267190758]}",,,Y,,,,,,,
e91bf2efc6f704d32fb1361330575e4eda4ab9b7578cb402864e4fa853c69118baf08794eca7b7e88bb47528ff686623c86d16c822da7bc618b44c72c09b7f9a,2025-08-01T11:04:00.000,30,TRAFFIC SIGNAL,FUNCTIONING PROPERLY,CLEAR,DAYLIGHT,REAR END,DIVIDED - W/MEDIAN (NOT RAISED),STRAIGHT AND LEVEL,DRY,NO DEFECTS,ON SCENE,NO INJURY / DRIVE AWAY,,"$501 - $1,500",2025-08-01T11:04:00.000,UNABLE TO DETERMINE,UNABLE TO DETERMINE,6858,W,ARCHER AVE,811,2,NO INDICATION OF INJURY,0,0,0,0,0,3,0,11,6,8,41.792220598,-87.7939601337,"{'type': 'Point', 'coordinates': [-87.793960133746, 41.792220598012]}",,,,,,,,,,