crash_record_id,crash_date,posted_speed_limit,traffic_control_device,device_condition,weather_condition,lighting_condition,first_crash_type,trafficway_type,alignment,roadway_surface_cond,road_defect,report_type,crash_type,intersection_related_i,damage,date_police_notified,prim_contributory_cause,sec_contributory_cause,street_no,street_direction,street_name,beat_of_occurrence,num_units,most_severe_injury,injuries_total,injuries_fatal,injuries_incapacitating,injuries_non_incapacitating,injuries_reported_not_evident,injuries_no_indication,injuries_unknown,crash_hour,crash_day_of_week,crash_month,latitude,longitude,location,private_property_i,photos_taken_i,hit_and_run_i,statements_taken_i,crash_date_est_i,work_zone_i,work_zone_type,dooring_i,lane_cnt,workers_present_i
24a641d5b674b35f71e4a5df58b56770bf612ba140078287987e92b6c46fcab5fd498a9f69e4c931c810e22b77984d16d19fa2ccb8e55e9603f67ef71496fb4d,2025-08-01T10:52:00.000,25,NO CONTROLS,NO CONTROLS,CLEAR,DAYLIGHT,REAR END,ALLEY,STRAIGHT AND LEVEL,DRY,NO DEFECTS,ON SCENE,NO INJURY / DRIVE AWAY,,"$501 - $1,500",2025-08-01T10:52:00.000,FAILING TO YIELD RIGHT-OF-WAY,UNABLE TO DETERMINE,6338,S,COTTAGE GROVE AVE,312,2,NO INDICATION OF INJURY,0,0,0,0,0,3,0,10,6,8,41.7792468097,-87.6060519151,"{'type': 'Point', 'coordinates': [-87.606051915116, 41.779246809736]}",,,,,,,,,,
99aa72fc085bc494dbe051406c80e059f2ca2a02fad63cc678aa7417eb7e4511918fc664b61438517c67c337482dcb1a2b961750396088805aa0ef22de406bd9,2025-08-01T10:50:00.000,30,NO CONTROLS,NO CONTROLS,CLOUDY/OVERCAST,DAYLIGHT,PARKED MOTOR VEHICLE,ONE-WAY,STRAIGHT AND LEVEL,DRY,UNKNOWN,NOT ON SCENE (DESK REPORT),NO INJURY / DRIVE AWAY,,"OVER $1,500",2025-08-01T12:38:00.000,IMPROPER BACKING,NOT APPLICABLE,857,N,ROCKWELL ST,1211,2,NO INDICATION OF INJURY,0,0,0,0,0,1,0,10,6,8,41.8974141906,-87.6916689872,"{'type': 'Point', 'coordinates': [-87.69166898718, 41.897414190574]}",,,,,,,,,,
cff780a7a6644f1bf0698171d0cb13de0bfe213e874205015dbd0a3b9234ee7be174f553b3e9c977303b1cfded89208b0eb728d501629024b9912b903b46caec,2025-08-01T10:50:00.000,30,NO CONTROLS,NO CONTROLS,CLEAR,DAYLIGHT,REAR END,DIVIDED - W/MEDIAN BARRIER,STRAIGHT AND LEVEL,DRY,NO DEFECTS,NOT ON SCENE (DESK REPORT),NO INJURY / DRIVE AWAY,,"$501 - $1,500",2025-08-01T11:40:00.000,FOLLOWING TOO CLOSELY,FOLLOWING TOO CLOSELY,6262,N,CLARK ST,2433,2,NO INDICATION OF INJURY,0,0,0,0,0,2,0,10,6,8,41.9961826622,-87.6703607245,"{'type': 'Point', 'coordinates': [-87.670360724519, 41.996182662242]}",,,,,,,,,,
a07a2908a706e6cd1ebc9b1ecd6358660852840c452969ddc6b92be700b4e44ab4be66b40fa2f96e89c774ebd27649cd09dc1fd498c1ab0582ffa35fdc93f3a9,2025-08-01T10:45:00.000,35,TRAFFIC SIGNAL,OTHER,CLEAR,DAYLIGHT,ANGLE,DIVIDED - W/MEDIAN BARRIER,STRAIGHT AND LEVEL,DRY,UNKNOWN,ON SCENE,INJURY AND / OR TOW DUE TO CRASH,Y,"OVER $1,500",2025-08-01T10:47:00.000,NOT APPLICABLE,NOT APPLICABLE,9201,S,WESTERN AVE,2221,2,NONINCAPACITATING INJURY,2,0,0,2,0,0,0,10,6,8,41.7262876719,-87.6820853055,"{'type': 'Point', 'coordinates': [-87.682085305544, 41.726287671916]}",,,,,,,,,,
d56b8b0b4116b8ff21a912aa0c92d014ff5aab73557b5fe60d671b5a64aaaf95ea42a65543fbbab05348acb78adc9828a1d16819a18df3237f957931301a9fd8,2025-08-01T10:45:00.000,30,NO CONTROLS,NO CONTROLS,CLEAR,DAYLIGHT,REAR END,DIVIDED - W/MEDIAN (NOT RAISED),STRAIGHT AND LEVEL,DRY,NO DEFECTS,ON SCENE,INJURY AND / OR TOW DUE TO CRASH,,"OVER $1,500",2025-08-01T10:49:00.000,UNABLE TO DETERMINE,UNABLE TO DETERMINE,7178,W,GRAND AVE,2512,2,NONINCAPACITATING INJURY,1,0,0,1,0,3,0,10,6,8,41.9240100075,-87.8055517727,"{'type': 'Point', 'coordinates': [-87.805551772713, 41.924010007489]}",,,,Y,,,,,,
f692fa1270a9b15a3165907029bd7285596046b6b87d1eec095d3618519fa0a36913699275a97aed4e39fc7e002e75a5d78058218dc83a9ccba1fe808af82703,2025-08-01T10:40:00.000,30,NO CONTROLS,NO CONTROLS,CLEAR,DAYLIGHT,PARKED MOTOR VEHICLE,DIVIDED - W/MEDIAN (NOT RAISED),STRAIGHT AND LEVEL,DRY,NO DEFECTS,ON SCENE,NO INJURY / DRIVE AWAY,Y,"$501 - $1,500",2025-08-01T10:56:00.000,UNABLE TO DETERMINE,NOT APPLICABLE,845,E,79TH ST,624,2,NO INDICATION OF INJURY,0,0,0,0,0,1,0,10,6,8,41.7511978445,-87.6034017359,"{'type': 'Point', 'coordinates': [-87.603401735852, 41.751197844502]}",,,,,,,,,,
8882965b7db4dcb2215c22bd18eb3f7a0077fb162c80087b02fe663e368a9b7a2fd84b1245c4a761c2d744faa898640b2539a24a0fbdf09008fbdcf5b3bbe7a0,2025-08-01T10:30:00.000,30,STOP SIGN/FLASHER,FUNCTIONING PROPERLY,CLEAR,DAYLIGHT,TURNING,NOT DIVIDED,STRAIGHT AND LEVEL,DRY,NO DEFECTS,,NO INJURY / DRIVE AWAY,,"OVER $1,500",2025-08-01T11:50:00.000,IMPROPER TURNING/NO SIGNAL,FAILING TO YIELD RIGHT-OF-WAY,12700,S,INDIANA AVE,532,2,NO INDICATION OF INJURY,0,0,0,0,0,2,0,10,6,8,41.6632544787,-87.6177886599,"{'type': 'Point', 'coordinates': [-87.617788659925, 41.663254478672]}",,,,,,,,,,
888aa966277e0e3a091f8c511e5d0c31b376b2ab21f217217f67fd65ac8d192fd7016e9d1d62d4d145c33181799374cd1b1312e2ed564caf1f46357bce06523d,2025-08-01T10:30:00.000,30,TRAFFIC SIGNAL,FUNCTIONING PROPERLY,CLEAR,DAYLIGHT,TURNING,OTHER,STRAIGHT AND LEVEL,DRY,UNKNOWN,NOT ON SCENE (DESK REPORT),NO INJURY / DRIVE AWAY,Y,"OVER $1,500",2025-08-01T15:50:00.000,IMPROPER TURNING/NO SIGNAL,UNABLE TO DETERMINE,3200,W,55TH ST,822,2,NO INDICATION OF INJURY,0,0,0,0,0,2,0,10,6,8,41.7936228033,-87.7036181406,"{'type': 'Point', 'coordinates': [-87.70361814062, 41.7936228033]}",,,Y,,,,,,,
d92948be30f06bd0d1a9b3c6f0da173f30baa4ed864d12d1d4e0da3dd431ebe5ca9f5a18966d0b3b6663174ae60954c338768ce16e9b58ddc891e9ab0497449a,2025-08-01T10:30:00.000,30,STOP SIGN/FLASHER,FUNCTIONING PROPERLY,RAIN,DAYLIGHT,TURNING,FOUR WAY,STRAIGHT AND LEVEL,DRY,NO DEFECTS,ON SCENE,NO INJURY / DRIVE AWAY,Y,"OVER $1,500",2025-08-01T10:30:00.000,IMPROPER TURNING/NO SIGNAL,DRIVING SKILLS/KNOWLEDGE/EXPERIENCE,8499,S,JEFFERY BLVD,412,2,NO INDICATION OF INJURY,0,0,0,0,0,2,0,10,6,8,41.7407763268,-87.5756312873,"{'type': 'Point', 'coordinates': [-87.575631287346, 41.7407763268]}",,,,,,,,,,
c545c605c5d7e281ba51bc373f407510ff744ab65f8542edd3f87049a0fd03d166cf0f3628bcecf60ed3d266fe31dd50599f8325f388a15b72c4d19dbd560a8b,2025-08-01T10:23:00.000,30,NO CONTROLS,NO CONTROLS,CLEAR,DAYLIGHT,SIDESWIPE SAME DIRECTION,NOT DIVIDED,STRAIGHT AND LEVEL,DRY,NO DEFECTS,ON SCENE,NO INJURY / DRIVE AWAY,,"$501 - $1,500",2025-08-01T10:30:00.000,UNABLE TO DETERMINE,UNABLE TO DETERMINE,3657,W,DIVISION ST,1112,2,NO INDICATION OF INJURY,0,0,0,0,0,2,0,10,6,8,41.9026252985,-87.7188436919,"{'type': 'Point', 'coordinates': [-87.718843691948, 41.902625298531]}",,,,,,,,,,
33c0a28fce83c6d5d5827355adc7d35042a649c262ed252e41474b0bfea0b0933ac8d05db0de663bfd8554ffb3c05c8b5a6c48558ae3fff76926ff2ba1007100,2025-08-01T10:20:00.000,55,UNKNOWN,UNKNOWN,CLEAR,DAYLIGHT,SIDESWIPE SAME DIRECTION,ONE-WAY,STRAIGHT AND LEVEL,DRY,UNKNOWN,NOT ON SCENE (DESK REPORT),INJURY AND / OR TOW DUE TO CRASH,,"OVER $1,500",2025-08-01T12:00:00.000,UNABLE TO DETERMINE,UNABLE TO DETERMINE,9200,S,CHICAGO SKYWAY IB,423,2,"REPORTED, NOT EVIDENT",1,0,0,0,1,4,0,10,6,8,41.7280392539,-87.5558246753,"{'type': 'Point', 'coordinates': [-87.555824675317, 41.728039253881]}",,,Y,,,,,,,
ac75b3d0b0d3dd79fd4eea79564db93bd952187eef1b490816b5c531055a7770945c7e61055c64c585826ddf547bfdb6d1bb39eb18b591481adb32237d0eb3ec,2025-08-01T10:20:00.000,30,NO CONTROLS,NO CONTROLS,CLEAR,DAYLIGHT,REAR END,NOT DIVIDED,STRAIGHT AND LEVEL,DRY,UNKNOWN,NOT ON SCENE (DESK REPORT),NO INJURY / DRIVE AWAY,,"$501 - $1,500",2025-08-01T10:40:00.000,UNABLE TO DETERMINE,UNABLE TO DETERMINE,12700,S,WALLACE ST,523,2,NO INDICATION OF INJURY,0,0,0,0,0,2,0,10,6,8,41.663173271,-87.6367630788,"{'type': 'Point', 'coordinates': [-87.636763078789, 41.663173270962]}",,,,,,,,,,
141eebaad41c0532e93401ac853af4365857846619e8f3ac4429efdf152741b1b59d3a02376403138944950894e424e10fd02d138d02c062990d38335d614750,2025-08-01T10:15:00.000,30,NO CONTROLS,NO CONTROLS,CLEAR,DAYLIGHT,REAR TO SIDE,T-INTERSECTION,STRAIGHT AND LEVEL,DRY,NO DEFECTS,NOT ON SCENE (DESK REPORT),NO INJURY / DRIVE AWAY,Y,"OVER $1,500",2025-08-01T12:40:00.000,IMPROPER BACKING,NOT APPLICABLE,1531,N,DAYTON ST,1822,2,NO INDICATION OF INJURY,0,0,0,0,0,2,0,10,6,8,41.909547104,-87.649315787,"{'type': 'Point', 'coordinates': [-87.649315786981, 41.909547104016]}",,,Y,,,,,,,
90576dc46e1172c215ee27351a4fc25ca541fef555fe702d5cee51edba3c7d4615ad97758794026436ff48d03a5b1d5d3aea88eea42c53252443111cba46e7a1,2025-08-01T10:15:00.000,35,NO CONTROLS,NO CONTROLS,UNKNOWN,DAYLIGHT,ANGLE,DIVIDED - W/MEDIAN (NOT RAISED),STRAIGHT AND LEVEL,UNKNOWN,UNKNOWN,NOT ON SCENE (DESK REPORT),INJURY AND / OR TOW DUE TO CRASH,,"OVER $1,500",2025-08-03T16:20:00.000,FAILING TO YIELD RIGHT-OF-WAY,NOT APPLICABLE,19,S,MORGAN ST,1232,2,"REPORTED, NOT EVIDENT",1,0,0,0,1,1,0,10,6,8,41.8811024637,-87.6518650169,"{'type': 'Point', 'coordinates': [-87.651865016945, 41.881102463654]}",,,,,,,,,,
df14989c6376c932c9f849b1c8a883b2b9f3d49675be0105d202c05178c4c3d5c814c18376faeec48ae42b45b407efcefc3d3d75b1b62798811ad58580f04245,2025-08-01T10:15:00.000,10,NO CONTROLS,NO CONTROLS,CLEAR,DAYLIGHT,SIDESWIPE OPPOSITE DIRECTION,PARKING LOT,STRAIGHT AND LEVEL,DRY,NO DEFECTS,NOT ON SCENE (DESK REPORT),NO INJURY / DRIVE AWAY,,"$501 - $1,500",2025-08-01T16:21:00.000,IMPROPER OVERTAKING/PASSING,NOT APPLICABLE,8200,S,KEDZIE AVE,834,2,NO INDICATION OF INJURY,0,0,0,0,0,3,0,10,6,8,41.7442309734,-87.7023856851,"{'type': 'Point', 'coordinates': [-87.702385685116, 41.744230973357]}",Y,,Y,,,,,,,
a8e823ac15e576615cf997c3ba77269d3c7a8b6793bc109d0afeaac2bbbaa13e17c18d234aca1f258820eca658029ae38faab43d4fbd31805d7d4d7380a67d57,2025-08-01T10:10:00.000,30,TRAFFIC SIGNAL,FUNCTIONING PROPERLY,CLEAR,DAYLIGHT,TURNING,NOT DIVIDED,STRAIGHT AND LEVEL,DRY,NO DEFECTS,ON SCENE,NO INJURY / DRIVE AWAY,,"OVER $1,500",2025-08-01T10:13:00.000,FOLLOWING TOO CLOSELY,UNABLE TO DETERMINE,701,S,CICERO AVE,1131,2,NO INDICATION OF INJURY,0,0,0,0,0,2,0,10,6,8,41.8720593595,-87.7447856243,"{'type': 'Point', 'coordinates': [-87.744785624327, 41.872059359507]}",,,Y,,,,,,,
ab7ccd4cd13c3f6be9165aa8ef372c545c36d7963d3d519532f986689659000330968204407492ea0084e4aa45502c9588a917c32d3202fc7cbd65f0a06174fc,2025-08-01T10:05:00.000,30,NO CONTROLS,NO CONTROLS,CLEAR,DAYLIGHT,SIDESWIPE SAME DIRECTION,NOT DIVIDED,STRAIGHT AND LEVEL,DRY,NO DEFECTS,ON SCENE,NO INJURY / DRIVE AWAY,,"$501 - $1,500",2025-08-01T10:05:00.000,IMPROPER OVERTAKING/PASSING,NOT APPLICABLE,4705,S,ASHLAND AVE,933,2,NO INDICATION OF INJURY,0,0,0,0,0,2,0,10,6,8,41.8084023705,-87.6648213667,"{'type': 'Point', 'coordinates': [-87.664821366696, 41.808402370477]}",,,Y,,,,,,,
91edd1b7c065e305e3397490a4a59744687d5123993605d881d6c3dfd538e48c446eca65e4495ae45275fd0644e365fde880e02d107596bdc151bf861e5f45b2,2025-08-01T10:00:00.000,30,TRAFFIC SIGNAL,NO CONTROLS,CLEAR,DAYLIGHT,TURNING,DIVIDED - W/MEDIAN (NOT RAISED),STRAIGHT AND LEVEL,DRY,NO DEFECTS,NOT ON SCENE (DESK REPORT),INJURY AND / OR TOW DUE TO CRASH,,"OVER $1,500",2025-08-01T13:45:00.000,FOLLOWING TOO CLOSELY,NOT APPLICABLE,732,S,CICERO AVE,1533,2,"REPORTED, NOT EVIDENT",1,0,0,0,1,3,0,10,6,8,41.8711963272,-87.7450724656,"{'type': 'Point', 'coordinates': [-87.745072465564, 41.871196327219]}",,,,,,,,,,
b4b44b04e729ddf8abc88cce5eddef9be2665a2c45113f7ed6ddd52500a6c5d752ad46c0047efef54330a72b079188e445ca7695ab4fef055ca826dc5f363b00,2025-08-01T10:00:00.000,10,NO CONTROLS,NO CONTROLS,UNKNOWN,UNKNOWN,PARKED MOTOR VEHICLE,ALLEY,STRAIGHT AND LEVEL,UNKNOWN,UNKNOWN,NOT ON SCENE (DESK REPORT),NO INJURY / DRIVE AWAY,,"OVER $1,500",2025-08-02T23:32:00.000,UNABLE TO DETERMINE,UNABLE TO DETERMINE,3616,N,WILTON AVE,1923,2,NO INDICATION OF INJURY,0,0,0,0,0,1,0,10,6,8,41.9477987098,-87.6532814868,"{'type': 'Point', 'coordinates': [-87.653281486773, 41.94779870981]}",,,Y,,Y,,,,,
ba2a6a53cc905009a0278610b2da4bcaa929ed715e30f8e7333dc0bc309f3c369f4ee762e4e9f8233f6cc6b5d0a53ded732225f6b222b6076f6c1cf7b5f149b1,2025-08-01T10:00:00.000,30,TRAFFIC SIGNAL,FUNCTIONING PROPERLY,CLEAR,DAYLIGHT,SIDESWIPE SAME DIRECTION,T-INTERSECTION,STRAIGHT AND LEVEL,DRY,NO DEFECTS,NOT ON SCENE (DESK REPORT),NO INJURY / DRIVE AWAY,,"$501 - $1,500",2025-08-01T13:30:00.000,IMPROPER OVERTAKING/PASSING,UNABLE TO DETERMINE,499,N,CICERO AVE,1111,2,NO INDICATION OF INJURY,0,0,0,0,0,2,0,10,6,8,41.8895277321,-87.7454675765,"{'type': 'Point', 'coordinates': [-87.745467576544, 41.889527732083]}",,,,,,,,,,
1a4666f581900e36c36ef86a80e99f4ebb5c0ad85a59433fdbf488a0441b18643e05f7373cf7dbedb2ffd187fd2ff12df7e53663be039dd63d677aaf812b92f6,2025-08-01T09:59:00.000,30,NO CONTROLS,NO CONTROLS,CLEAR,DAYLIGHT,PARKED MOTOR VEHICLE,DIVIDED - W/MEDIAN (NOT RAISED),STRAIGHT AND LEVEL,DRY,NO DEFECTS,ON SCENE,NO INJURY / DRIVE AWAY,,"$501 - $1,500",2025-08-01T09:59:00.000,IMPROPER BACKING,DRIVING SKILLS/KNOWLEDGE/EXPERIENCE,3441,S,HALSTED ST,915,2,NO INDICATION OF INJURY,0,0,0,0,0,3,0,9,6,8,41.8312923962,-87.6459750517,"{'type': 'Point', 'coordinates': [-87.645975051703, 41.83129239624]}",,,,,,,,,,
efa0fefbd8072c93813e36a730237b7a68dd07997e6a2b4322de601de70a20222cac37d94503ba60e790c2372df3ec76183bd5f695935ab8d7f4edfc183db734,2025-08-01T09:55:00.000,30,STOP SIGN/FLASHER,FUNCTIONING PROPERLY,CLEAR,DAYLIGHT,TURNING,NOT DIVIDED,STRAIGHT AND LEVEL,DRY,NO DEFECTS,ON SCENE,INJURY AND / OR TOW DUE TO CRASH,Y,"OVER $1,500",2025-08-01T10:00:00.000,"VISION OBSCURED (SIGNS, TREE LIMBS, BUILDINGS, ETC.)",UNABLE TO DETERMINE,5100,S,UNIVERSITY AVE,233,2,NO INDICATION OF INJURY,0,0,0,0,0,2,0,9,6,8,41.8022756234,-87.598392145,"{'type': 'Point', 'coordinates': [-87.59839214504, 41.802275623386]}",,,,,,,,,,
f32576f4cbc0cb13ec9d9b972bb81a413243404f2897842acb6889202433efddabfc8c12f57ec14fe2e1c1a3c1b68b057a3de61f3476346fe418ede809a0a8a5,2025-08-01T09:50:00.000,30,NO CONTROLS,NO CONTROLS,CLEAR,DAYLIGHT,PARKED MOTOR VEHICLE,NOT DIVIDED,STRAIGHT AND LEVEL,DRY,NO DEFECTS,ON SCENE,NO INJURY / DRIVE AWAY,,"OVER $1,500",2025-08-01T10:19:00.000,DRIVING SKILLS/KNOWLEDGE/EXPERIENCE,DISTRACTION - FROM INSIDE VEHICLE,5659,S,MERRIMAC AVE,811,3,NO INDICATION OF INJURY,0,0,0,0,0,1,0,9,6,8,41.7888466129,-87.7778725778,"{'type': 'Point', 'coordinates': [-87.777872577787, 41.788846612909]}",,,,,,,,,,
93e34b44784b650c554c259e37e3d738a4a222ba8e6e36d86508c941fc61144bc377a8ad5f1da9ba85cbeedeefc81ee95b20f368ed71d81f04f5a9428bce504e,2025-08-01T09:47:00.000,30,STOP SIGN/FLASHER,FUNCTIONING PROPERLY,CLEAR,DAYLIGHT,SIDESWIPE SAME DIRECTION,FOUR WAY,STRAIGHT AND LEVEL,DRY,"RUT, HOLES",ON SCENE,NO INJURY / DRIVE AWAY,,"OVER $1,500",2025-08-01T10:30:00.000,FAILING TO YIELD RIGHT-OF-WAY,NOT APPLICABLE,1111,S,LAFLIN ST,1231,2,NO INDICATION OF INJURY,0,0,0,0,0,2,0,9,6,8,41.8681397263,-87.6639042028,"{'type': 'Point', 'coordinates': [-87.663904202813, 41.868139726256]}",,,,,,,,,,
f8f1549940961dc1dcb1eead6edbbe1debe1fe8a72d84bfbeaefd7356018b91ef809f2cdad540a462902f022bbd964b56e4275e565d00e9f9fe01af05c792d0b,2025-08-01T09:47:00.000,30,TRAFFIC SIGNAL,FUNCTIONING PROPERLY,FOG/SMOKE/HAZE,DAYLIGHT,SIDESWIPE SAME DIRECTION,FOUR WAY,STRAIGHT AND LEVEL,DRY,UNKNOWN,ON SCENE,NO INJURY / DRIVE AWAY,,"$501 - $1,500",2025-08-01T09:49:00.000,UNABLE TO DETERMINE,NOT APPLICABLE,602,W,BELMONT AVE,1925,2,NO INDICATION OF INJURY,0,0,0,0,0,2,0,9,6,8,41.9401506066,-87.6445942085,"{'type': 'Point', 'coordinates': [-87.644594208518, 41.940150606574]}",,,,,,,,,,
142a44b3c7bfccbd8850bfa0c667865897fe6154a489a90a6d57d678a3b0e1993a5577918533502f67f03e53893f33b99ecf066a830344b6c717f77ba0838812,2025-08-01T09:45:00.000,30,NO CONTROLS,NO CONTROLS,CLEAR,DAYLIGHT,TURNING,NOT DIVIDED,STRAIGHT AND LEVEL,DRY,NO DEFECTS,ON SCENE,INJURY AND / OR TOW DUE TO CRASH,,"OVER $1,500",2025-08-01T09:50:00.000,DRIVING ON WRONG SIDE/WRONG WAY,NOT APPLICABLE,937,E,83RD ST,632,2,NONINCAPACITATING INJURY,1,0,0,1,0,1,0,9,6,8,41.7439136103,-87.6011309613,"{'type': 'Point', 'coordinates': [-87.601130961329, 41.743913610345]}",,,,,,,,,,
33ae979a0a99417881c9b16dbeee5fe3c0d1b86cf30cfda2ad667141dda3c6ec6336d602d9414d2370e8f12e42e5a2c0d7f9e13b9cc430cf6e19f89fe5fd4971,2025-08-01T09:45:00.000,30,NO CONTROLS,NO CONTROLS,CLEAR,DAYLIGHT,PARKED MOTOR VEHICLE,NOT DIVIDED,STRAIGHT AND LEVEL,DRY,NO DEFECTS,,NO INJURY / DRIVE AWAY,,"$501 - $1,500",2025-08-01T09:55:00.000,"EVASIVE ACTION DUE TO ANIMAL, OBJECT, NONMOTORIST",UNABLE TO DETERMINE,3745,W,34TH ST,1031,2,NO INDICATION OF INJURY,0,0,0,0,0,1,0,9,6,8,41.8314208266,-87.7186589761,"{'type': 'Point', 'coordinates': [-87.718658976051, 41.831420826633]}",,,,,,,,,,
d4be1e7828a9fd6d8887554e868a7da18621839db706af0522271ad55729d06c1cb8f12c2a6b43fa4e32ab213f4c1052033f6726db28085cb18160323b16b9b5,2025-08-01T09:35:00.000,20,NO CONTROLS,NO CONTROLS,CLEAR,DAYLIGHT,PARKED MOTOR VEHICLE,ONE-WAY,STRAIGHT AND LEVEL,DRY,NO DEFECTS,ON SCENE,NO INJURY / DRIVE AWAY,,"OVER $1,500",2025-08-01T09:50:00.000,UNABLE TO DETERMINE,NOT APPLICABLE,1925,W,ARGYLE ST,2032,2,NO INDICATION OF INJURY,0,0,0,0,0,1,0,9,6,8,41.9723210076,-87.6773818478,"{'type': 'Point', 'coordinates': [-87.677381847808, 41.972321007576]}",,,,,,,,,,
7b055fe2f065b04bca0047e87827de9a3197bf71ec06214658a9e8fdcb9b519a8d8c8b2d98f41feea65f24b61250de482967bc2cf3d460751fb03b6f9fcd5151,2025-08-01T09:24:00.000,30,NO CONTROLS,NO CONTROLS,CLEAR,DAYLIGHT,REAR END,NOT DIVIDED,STRAIGHT AND LEVEL,DRY,NO DEFECTS,ON SCENE,INJURY AND / OR TOW DUE TO CRASH,,"OVER $1,500",2025-08-01T09:25:00.000,UNABLE TO DETERMINE,UNABLE TO DETERMINE,4242,N,SHERIDAN RD,1915,2,NONINCAPACITATING INJURY,1,0,0,1,0,1,0,9,6,8,41.9596597061,-87.6548377635,"{'type': 'Point', 'coordinates': [-87.654837763548, 41.959659706055]}",,,Y,,,,,,,
e753fba6246c2b87b9ae3a47e6998a4905f33b87f1323494b4e7cbc9f283c8ee0564a715d165ad420a963626339bdb06522c22e0ab8cd6251194d2e0ec99c94c,2025-08-01T09:10:00.000,30,TRAFFIC SIGNAL,FUNCTIONING PROPERLY,CLEAR,DAYLIGHT,SIDESWIPE SAME DIRECTION,ONE-WAY,STRAIGHT AND LEVEL,DRY,NO DEFECTS,ON SCENE,INJURY AND / OR TOW DUE TO CRASH,,"OVER $1,500",2025-08-01T09:25:00.000,IMPROPER OVERTAKING/PASSING,UNABLE TO DETERMINE,1558,W,VAN BUREN ST,1231,2,NO INDICATION OF INJURY,0,0,0,0,0,3,0,9,6,8,41.8764606299,-87.6666220791,"{'type': 'Point', 'coordinates': [-87.666622079113, 41.876460629864]}",,,,,,,,,,
4e642739093ed163b2414e161d9ae8dfdfb831855fdb5893334c38f790e04b7304ad7a860ae8a7442db8fe253254fe283393f97436e2db73d81f891a8492b036,2025-08-01T09:02:00.000,30,STOP SIGN/FLASHER,FUNCTIONING PROPERLY,CLEAR,DAYLIGHT,PARKED MOTOR VEHICLE,NOT DIVIDED,STRAIGHT AND LEVEL,DRY,UNKNOWN,NOT ON SCENE (DESK REPORT),NO INJURY / DRIVE AWAY,,"OVER $1,500",2025-08-01T11:20:00.000,IMPROPER TURNING/NO SIGNAL,UNABLE TO DETERMINE,1304,W,21ST ST,1235,2,NO INDICATION OF INJURY,0,0,0,0,0,1,0,9,6,8,41.8543874785,-87.6590448733,"{'type': 'Point', 'coordinates': [-87.659044873284, 41.854387478548]}",,,,,,,,,,
2a0b26fe7616200b9529e15d0d32c7272cf504426dcf4493ce9ba07f38f2ab3f1473315986cfaaa07ab19d04fe30184edf2befa07b541a895f4dc4d14875b63c,2025-08-01T09:00:00.000,20,UNKNOWN,UNKNOWN,CLEAR,DAYLIGHT,SIDESWIPE SAME DIRECTION,NOT DIVIDED,STRAIGHT AND LEVEL,DRY,UNKNOWN,ON SCENE,NO INJURY / DRIVE AWAY,,"$501 - $1,500",2025-08-01T09:10:00.000,IMPROPER OVERTAKING/PASSING,IMPROPER OVERTAKING/PASSING,800,N,MICHIGAN AVE,1833,2,NO INDICATION OF INJURY,0,0,0,0,0,2,0,9,6,8,41.896790572,-87.6243806554,"{'type': 'Point', 'coordinates': [-87.624380655444, 41.896790572039]}",,,,,,,,,,
55ad901fee775312f5485be962071bc71f3caf83d89bbc7c64ebfdb8f504265504b8cca12e1983367be6c603ed85a197f625a40075134992ab091464eae96de4,2025-08-01T09:00:00.000,20,STOP SIGN/FLASHER,FUNCTIONING PROPERLY,UNKNOWN,UNKNOWN,PARKED MOTOR VEHICLE,FOUR WAY,STRAIGHT AND LEVEL,UNKNOWN,UNKNOWN,ON SCENE,NO INJURY / DRIVE AWAY,Y,"OVER $1,500",2025-08-01T09:40:00.000,UNABLE TO DETERMINE,UNABLE TO DETERMINE,417,E,80TH ST,631,2,NO INDICATION OF INJURY,0,0,0,0,0,1,0,9,6,8,41.7491973321,-87.6140319357,"{'type': 'Point', 'coordinates': [-87.614031935667, 41.74919733212]}",,,Y,,,,,,,
7e08e1f588a4c6b1db845e94f96f17719ee710d62991966cf97b8bdc4197774afad07292ba9ba055a38ddb69d5cebbbcf471e645b4356c92804ad18091cf2928,2025-08-01T09:00:00.000,30,TRAFFIC SIGNAL,FUNCTIONING PROPERLY,CLEAR,DAYLIGHT,ANGLE,FOUR WAY,STRAIGHT AND LEVEL,DRY,NO DEFECTS,NOT ON SCENE (DESK REPORT),NO INJURY / DRIVE AWAY,Y,"OVER $1,500",2025-08-04T12:15:00.000,DISREGARDING TRAFFIC SIGNALS,FAILING TO REDUCE SPEED TO AVOID CRASH,501,N,LAKE SHORE DR,1834,2,NO INDICATION OF INJURY,0,0,0,0,0,2,0,9,6,8,41.8911703383,-87.6140992405,"{'type': 'Point', 'coordinates': [-87.614099240532, 41.891170338344]}",,,,,,,,,,
84c7f841032b0c7cfe84f8e39ab1a719176f694b6e6006e7e3f775e274620f5605ee87a85da3aa9a81d4ae44a4d523d8f1ab6153f5fce9a9629a43d833cd29e5,2025-08-01T09:00:00.000,30,NO CONTROLS,UNKNOWN,CLEAR,DAYLIGHT,PARKED MOTOR VEHICLE,NOT DIVIDED,STRAIGHT AND LEVEL,UNKNOWN,UNKNOWN,NOT ON SCENE (DESK REPORT),NO INJURY / DRIVE AWAY,,$500 OR LESS,2025-08-01T14:00:00.000,UNABLE TO DETERMINE,NOT APPLICABLE,2001,S,DEARBORN ST,131,2,NO INDICATION OF INJURY,0,0,0,0,0,1,0,9,6,8,41.8554067921,-87.6285264079,"{'type': 'Point', 'coordinates': [-87.62852640794, 41.855406792073]}",,,,,,,,,,