crash_record_id,crash_date,posted_speed_limit,traffic_control_device,device_condition,weather_condition,lighting_condition,first_crash_type,trafficway_type,alignment,roadway_surface_cond,road_defect,report_type,crash_type,intersection_related_i,damage,date_police_notified,prim_contributory_cause,sec_contributory_cause,street_no,street_direction,street_name,beat_of_occurrence,num_units,most_severe_injury,injuries_total,injuries_fatal,injuries_incapacitating,injuries_non_incapacitating,injuries_reported_not_evident,injuries_no_indication,injuries_unknown,crash_hour,crash_day_of_week,crash_month,latitude,longitude,location,private_property_i,photos_taken_i,hit_and_run_i,statements_taken_i,crash_date_est_i,work_zone_i,work_zone_type,dooring_i,lane_cnt,workers_present_i
bf69337cb58f724f0b29db1517eebc07a7ababe9e94469f60fccd73ca45eab965084890a3893032529b65ed60ae3b19dab3452d1e6ca39461251c8d549d46ad2,2025-08-01T09:00:00.000,30,NO CONTROLS,NO CONTROLS,UNKNOWN,UNKNOWN,PARKED MOTOR VEHICLE,NOT DIVIDED,STRAIGHT AND LEVEL,UNKNOWN,UNKNOWN,ON SCENE,NO INJURY / DRIVE AWAY,,"OVER $1,500",2025-08-01T09:10:00.000,UNABLE TO DETERMINE,NOT APPLICABLE,5510,W,MONTROSE AVE,1623,2,NO INDICATION OF INJURY,0,0,0,0,0,1,0,9,6,8,41.9606151008,-87.7652857369,"{'type': 'Point', 'coordinates': [-87.765285736882, 41.960615100801]}",,,Y,,,,,,,
ec87ef65b3fb73b916d66cc160d28493c2397c0a3ff43505581cb8d47a5df3fb011b0397978158540abde46b53a2b868bd671947d2f6e93d1ed1b9e42e21ce99,2025-08-01T09:00:00.000,30,NO CONTROLS,NO CONTROLS,CLEAR,DAYLIGHT,SIDESWIPE SAME DIRECTION,NOT DIVIDED,STRAIGHT AND LEVEL,DRY,NO DEFECTS,ON SCENE,NO INJURY / DRIVE AWAY,,"$501 - $1,500",2025-08-01T09:09:00.000,UNABLE TO DETERMINE,UNABLE TO DETERMINE,1658,N,MILWAUKEE AVE,1434,2,NO INDICATION OF INJURY,0,0,0,0,0,2,0,9,6,8,41.9114428702,-87.6793344718,"{'type': 'Point', 'coordinates': [-87.679334471847, 41.911442870211]}",,,Y,,,,,,,
3007e35a9de33d63998946e06cfbff60270141a97ac08bf9f37a5bc9a57a57974ceabee03f589369cdd375e43d2c4d16330dd2c0e1ef5fbde8b558bb59fc3e77,2025-08-01T08:53:00.000,30,TRAFFIC SIGNAL,FUNCTIONING PROPERLY,CLEAR,DAYLIGHT,TURNING,NOT DIVIDED,STRAIGHT AND LEVEL,DRY,NO DEFECTS,ON SCENE,INJURY AND / OR TOW DUE TO CRASH,Y,"OVER $1,500",2025-08-01T08:53:00.000,UNABLE TO DETERMINE,NOT APPLICABLE,5100,S,RACINE AVE,934,3,NONINCAPACITATING INJURY,1,0,0,1,0,3,0,8,6,8,41.8013582643,-87.6552031973,"{'type': 'Point', 'coordinates': [-87.655203197348, 41.801358264272]}",,,,,,,,,,
a47cfc0a0a86dd743f69092ed2c0c5e65cf25720adc1c1c7a66e5a25c8d421fcbdb0e91e9c6c5c48a952e46b723b8d248a96ba9849aaa44b165e0853a5676606,2025-08-01T08:53:00.000,30,TRAFFIC SIGNAL,FUNCTIONING PROPERLY,CLEAR,DAYLIGHT,REAR END,FOUR WAY,STRAIGHT AND LEVEL,DRY,NO DEFECTS,NOT ON SCENE (DESK REPORT),NO INJURY / DRIVE AWAY,,"$501 - $1,500",2025-08-01T09:00:00.000,FOLLOWING TOO CLOSELY,FOLLOWING TOO CLOSELY,7130,N,RIDGE BLVD,2411,3,NO INDICATION OF INJURY,0,0,0,0,0,3,0,8,6,8,42.0121459451,-87.6831805288,"{'type': 'Point', 'coordinates': [-87.683180528806, 42.012145945108]}",,,,,,,,,,
2fb0eb90376d9dc95ff7d4b4d93ad3ec48d29f53105d6fc5f8b8ebd038ff85cf7d2878270a55b59bb5960dba78f0d120430505a30bceaab2a4b895d9b5b451ec,2025-08-01T08:52:00.000,20,NO CONTROLS,NO CONTROLS,CLEAR,DAYLIGHT,FIXED OBJECT,ONE-WAY,STRAIGHT AND LEVEL,DRY,NO DEFECTS,ON SCENE,INJURY AND / OR TOW DUE TO CRASH,,"OVER $1,500",2025-08-01T08:53:00.000,DRIVING SKILLS/KNOWLEDGE/EXPERIENCE,DRIVING SKILLS/KNOWLEDGE/EXPERIENCE,1204,W,BALMORAL AVE,2013,1,NONINCAPACITATING INJURY,2,0,0,2,0,0,0,8,6,8,41.9800773033,-87.6602264077,"{'type': 'Point', 'coordinates': [-87.660226407674, 41.980077303257]}",Y,,,,,,,,,
f8491a35715f4dac1ff06a28e047f88a8c4eca95395a842408e587364014e189f2e785d0c872658e50af02350960325f43b061ffec6c00883d17784b2cf3c216,2025-08-01T08:49:00.000,30,NO CONTROLS,NO CONTROLS,CLEAR,DAYLIGHT,TURNING,DIVIDED - W/MEDIAN (NOT RAISED),STRAIGHT AND LEVEL,DRY,UNKNOWN,NOT ON SCENE (DESK REPORT),NO INJURY / DRIVE AWAY,,"OVER $1,500",2025-08-01T09:15:00.000,DRIVING SKILLS/KNOWLEDGE/EXPERIENCE,UNABLE TO DETERMINE,3241,W,NORTH AVE,1422,2,NO INDICATION OF INJURY,0,0,0,0,0,2,0,8,6,8,41.9099820224,-87.708656982,"{'type': 'Point', 'coordinates': [-87.708656981997, 41.909982022375]}",,,Y,,,,,,,
c4fb335422d964ee15cfede762b29ae30dc0c1fb6d70f1ef919d9626b745fd139fe69c6decb19c981a511e16030c4287ec8293ca8522ab3322078e1a4a61b310,2025-08-01T08:45:00.000,30,TRAFFIC SIGNAL,FUNCTIONING PROPERLY,CLEAR,DAYLIGHT,SIDESWIPE SAME DIRECTION,FOUR WAY,STRAIGHT AND LEVEL,DRY,NO DEFECTS,ON SCENE,INJURY AND / OR TOW DUE TO CRASH,Y,"OVER $1,500",2025-08-01T08:49:00.000,IMPROPER OVERTAKING/PASSING,FAILING TO YIELD RIGHT-OF-WAY,3499,S,EMERALD AVE,915,2,NONINCAPACITATING INJURY,1,0,0,1,0,2,0,8,6,8,41.8308597212,-87.6447452565,"{'type': 'Point', 'coordinates': [-87.644745256531, 41.830859721223]}",,,,,,,,,,
d9b3f3fd666a36d22ad19f3cb859b44344e48a6359d4034c2dd47a95f96bac281555d37033cac36534c924dcedfd803b7d9cdbedc9fb1f4408ed49a5adb0a8ea,2025-08-01T08:42:00.000,30,UNKNOWN,UNKNOWN,CLEAR,DAYLIGHT,PEDALCYCLIST,NOT DIVIDED,STRAIGHT AND LEVEL,DRY,UNKNOWN,ON SCENE,INJURY AND / OR TOW DUE TO CRASH,,"OVER $1,500",2025-08-01T08:51:00.000,FAILING TO YIELD RIGHT-OF-WAY,UNABLE TO DETERMINE,1938,W,AUGUSTA BLVD,1212,2,NONINCAPACITATING INJURY,4,0,0,4,0,0,0,8,6,8,41.8996760028,-87.6762503504,"{'type': 'Point', 'coordinates': [-87.676250350355, 41.899676002811]}",,,,,,,,,,
77b42441a2feae713224a121aa883774570f064b7e47e7fd82913d025d5c62bd1f709032b41aa5eb7f6bcebc89cbced4529587ce891be421e73c872d4e7e961a,2025-08-01T08:40:00.000,30,NO CONTROLS,NO CONTROLS,CLEAR,DAYLIGHT,ANGLE,NOT DIVIDED,STRAIGHT AND LEVEL,DRY,NO DEFECTS,NOT ON SCENE (DESK REPORT),NO INJURY / DRIVE AWAY,,"OVER $1,500",2025-08-01T08:55:00.000,FAILING TO YIELD RIGHT-OF-WAY,IMPROPER LANE USAGE,2405,W,ROOSEVELT RD,1023,2,NO INDICATION OF INJURY,0,0,0,0,0,2,0,8,6,8,41.8665000131,-87.686247063,"{'type': 'Point', 'coordinates': [-87.686247062988, 41.866500013137]}",,Y,,,,,,,,
e4cb8b3d7a34abd03b3e00c2cd74991f9fee99568bf39d0aa4266c58d069b7e6c1ceb5e9dd61f04f0a1b5ef3c68a2eed73785ba8154ca0e97b43f2377c902fa4,2025-08-01T08:30:00.000,15,NO CONTROLS,NO CONTROLS,CLEAR,DAYLIGHT,FIXED OBJECT,NOT DIVIDED,STRAIGHT AND LEVEL,DRY,NO DEFECTS,ON SCENE,NO INJURY / DRIVE AWAY,,$500 OR LESS,2025-08-01T08:40:00.000,UNABLE TO DETERMINE,NOT APPLICABLE,1027,W,WAVELAND AVE,1923,1,NO INDICATION OF INJURY,0,0,0,0,0,2,0,8,6,8,41.948916195,-87.6554531762,"{'type': 'Point', 'coordinates': [-87.655453176158, 41.948916195009]}",,,,,,,,,,
16c09d97c5837e51a3b6cc7b86b6ec28d2fa1c00f45b58469b3ee91ee2964ac51625be07930904a1f815e8e2be1869ef22bef4250e4abffe35fdf705c0097d9e,2025-08-01T08:28:00.000,30,NO CONTROLS,NO CONTROLS,CLEAR,DAYLIGHT,HEAD ON,PARKING LOT,STRAIGHT AND LEVEL,DRY,UNKNOWN,,NO INJURY / DRIVE AWAY,,"OVER $1,500",2025-08-01T10:00:00.000,IMPROPER TURNING/NO SIGNAL,UNABLE TO DETERMINE,1380,W,LAKE ST,1215,2,NO INDICATION OF INJURY,0,0,0,0,0,2,0,8,6,8,41.885535212,-87.6618972478,"{'type': 'Point', 'coordinates': [-87.66189724784, 41.885535211997]}",,,,,,,,,,
72f439338ab7f1e64edf7128830e42dd81f59fb1306495f290bcf572d794c898d39f2c8b3f962b7659d3e46896f539153fdfc7b9936e824a36c5c6a1f20414a9,2025-08-01T08:00:00.000,30,TRAFFIC SIGNAL,FUNCTIONING PROPERLY,CLEAR,DAYLIGHT,REAR END,FOUR WAY,STRAIGHT AND LEVEL,DRY,NO DEFECTS,NOT ON SCENE (DESK REPORT),NO INJURY / DRIVE AWAY,Y,"$501 - $1,500",2025-08-01T08:15:00.000,FOLLOWING TOO CLOSELY,UNABLE TO DETERMINE,6357,N,PULASKI RD,1711,2,NO INDICATION OF INJURY,0,0,0,0,0,2,0,8,6,8,41.99704248,-87.7287644639,"{'type': 'Point', 'coordinates': [-87.728764463908, 41.997042479986]}",,,,,,,,,,
ad52b6961615962727119e0a547d9a511d0b49bf33e4bc97ca5daf0af6e0351745ca1749c13d471bc1f017fbef30abddf3ce88f74db3d5e3369a9faa01cca22c,2025-08-01T08:00:00.000,20,NO CONTROLS,UNKNOWN,UNKNOWN,UNKNOWN,PARKED MOTOR VEHICLE,ONE-WAY,STRAIGHT AND LEVEL,UNKNOWN,UNKNOWN,ON SCENE,INJURY AND / OR TOW DUE TO CRASH,Y,"OVER $1,500",2025-08-01T08:17:00.000,UNABLE TO DETERMINE,UNABLE TO DETERMINE,7601,S,CHAMPLAIN AVE,624,2,NO INDICATION OF INJURY,0,0,0,0,0,1,0,8,6,8,41.756603176,-87.6088549817,"{'type': 'Point', 'coordinates': [-87.608854981669, 41.75660317596]}",,,Y,,,,,,,
c54f56e553f017db77448acca833d1b998c6c6cc9ad25239498d18287a7af5a8f9c3fbcf18e2b262fd3dab0657410136b96dc19391c7a0c410800186e4b94589,2025-08-01T08:00:00.000,30,NO CONTROLS,NO CONTROLS,CLEAR,DAYLIGHT,REAR TO FRONT,FOUR WAY,STRAIGHT AND LEVEL,DRY,NO DEFECTS,,NO INJURY / DRIVE AWAY,,"$501 - $1,500",2025-08-01T08:30:00.000,IMPROPER BACKING,IMPROPER BACKING,1529,W,FULLERTON AVE,1811,2,NO INDICATION OF INJURY,0,0,0,0,0,2,0,8,6,8,41.9250583304,-87.6669253055,"{'type': 'Point', 'coordinates': [-87.666925305529, 41.925058330354]}",,,Y,,,,,,,
0bf5916faf138241b925e89195a517ff667efe8893053691e8e53bb2ff55f43a1bfaa5b45accf885e9e7349d2edab2d659de22acc5354f83457428b3ce1f0246,2025-08-01T07:40:00.000,30,TRAFFIC SIGNAL,FUNCTIONING PROPERLY,CLEAR,DAYLIGHT,SIDESWIPE SAME DIRECTION,NOT DIVIDED,STRAIGHT AND LEVEL,DRY,UNKNOWN,NOT ON SCENE (DESK REPORT),NO INJURY / DRIVE AWAY,,"OVER $1,500",2025-08-01T14:15:00.000,UNABLE TO DETERMINE,NOT APPLICABLE,3215,N,KIMBALL AVE,1733,2,NO INDICATION OF INJURY,0,0,0,0,0,2,0,7,6,8,41.9397353571,-87.7123713842,"{'type': 'Point', 'coordinates': [-87.712371384171, 41.93973535712]}",,,,,Y,,,,,
f73c3e3b9b0b7adf497cfd0f900173dfe4e34b2dc6613206e9f6f6f6720307b352f1afe250ba23c302edd9f50b1296860694f3ca9354f9b1fd93d87d05ab32e8,2025-08-01T07:37:00.000,30,NO CONTROLS,NO CONTROLS,CLEAR,DAYLIGHT,SIDESWIPE SAME DIRECTION,NOT DIVIDED,STRAIGHT AND LEVEL,DRY,NO DEFECTS,ON SCENE,INJURY AND / OR TOW DUE TO CRASH,,"OVER $1,500",2025-08-01T07:41:00.000,UNABLE TO DETERMINE,NOT APPLICABLE,1531,W,LAWRENCE AVE,1912,2,NO INDICATION OF INJURY,0,0,0,0,0,2,0,7,6,8,41.9687709178,-87.6687833671,"{'type': 'Point', 'coordinates': [-87.668783367091, 41.968770917787]}",,,Y,,,,,,,
aee7f5df5eb92491aeaa68deedee1ee2ebe6e9da596227e3d59fb1f0e64574ae15b69854078d70cf511a9910d5e6117c6bb6618e1a78a28110deee21840a32fe,2025-08-01T07:30:00.000,20,NO CONTROLS,NO CONTROLS,CLEAR,DAYLIGHT,PARKED MOTOR VEHICLE,NOT DIVIDED,STRAIGHT AND LEVEL,DRY,NO DEFECTS,NOT ON SCENE (DESK REPORT),NO INJURY / DRIVE AWAY,,"OVER $1,500",2025-08-01T19:30:00.000,FAILING TO REDUCE SPEED TO AVOID CRASH,NOT APPLICABLE,2033,W,WARNER AVE,1911,2,NO INDICATION OF INJURY,0,0,0,0,0,1,0,7,6,8,41.9567638364,-87.6802368862,"{'type': 'Point', 'coordinates': [-87.680236886242, 41.956763836383]}",,,,,,,,,,
e954720a720a839796a5e6257ea148b13f282772cf48c389389d38b1e650c5dbbd37ba035c1e5030a474f12669b43dbf84bf6a8a1a02e575b66a10f1c607dff6,2025-08-01T07:30:00.000,10,NO CONTROLS,NO CONTROLS,UNKNOWN,UNKNOWN,PARKED MOTOR VEHICLE,ALLEY,STRAIGHT AND LEVEL,UNKNOWN,UNKNOWN,NOT ON SCENE (DESK REPORT),NO INJURY / DRIVE AWAY,,"OVER $1,500",2025-08-01T20:20:00.000,UNABLE TO DETERMINE,NOT APPLICABLE,1447,S,KOSTNER AVE,1011,2,NO INDICATION OF INJURY,0,0,0,0,0,1,0,7,6,8,41.8609901355,-87.7346581255,"{'type': 'Point', 'coordinates': [-87.734658125517, 41.860990135471]}",,,Y,,,,,,,
11abbb818f717c692e7e849f26cf03f951137b07ab7c0d494d69fd41a54ded56cd14a268485ebd9c844a08bca4f5ac5a6c06114068d27941e5f4d3a6b9530841,2025-08-01T07:20:00.000,30,NO CONTROLS,NO CONTROLS,CLEAR,DAYLIGHT,PARKED MOTOR VEHICLE,ONE-WAY,STRAIGHT AND LEVEL,DRY,NO DEFECTS,ON SCENE,NO INJURY / DRIVE AWAY,,"OVER $1,500",2025-08-01T07:30:00.000,UNABLE TO DETERMINE,UNABLE TO DETERMINE,2016,W,WARNER AVE,1911,2,NO INDICATION OF INJURY,0,0,0,0,0,1,0,7,6,8,41.9569931207,-87.679527174,"{'type': 'Point', 'coordinates': [-87.679527173977, 41.956993120745]}",,,Y,,,,,,,
bae5d7842d13659529681a7fea854a9ec2a1d139f5ffc36ed375ddcdad4274d01414918c590cce03027e36b10a045f19359243d765a24de6ba57c276faf802af,2025-08-01T07:10:00.000,30,NO CONTROLS,NO CONTROLS,CLEAR,DAYLIGHT,TURNING,NOT DIVIDED,STRAIGHT AND LEVEL,DRY,NO DEFECTS,NOT ON SCENE (DESK REPORT),NO INJURY / DRIVE AWAY,,"OVER $1,500",2025-08-01T08:15:00.000,UNABLE TO DETERMINE,UNABLE TO DETERMINE,7041,W,ARCHER AVE,811,2,NO INDICATION OF INJURY,0,0,0,0,0,2,0,7,6,8,41.7919046579,-87.7981338503,"{'type': 'Point', 'coordinates': [-87.798133850298, 41.791904657852]}",,,,,,,,,,
28901df7785e9f8ea9d4a017df811e7ba88b7cf7e533dfe5de99ef345923392c984ca78bb196b3d618852dbf413b31df4b1f99019e4759e804a249722bd78d3c,2025-08-01T07:05:00.000,35,NO CONTROLS,FUNCTIONING IMPROPERLY,CLEAR,DAYLIGHT,REAR END,NOT DIVIDED,STRAIGHT AND LEVEL,DRY,NO DEFECTS,NOT ON SCENE (DESK REPORT),NO INJURY / DRIVE AWAY,,"$501 - $1,500",2025-08-01T08:40:00.000,UNABLE TO DETERMINE,UNABLE TO DETERMINE,1709,W,MONTROSE AVE,1912,2,NO INDICATION OF INJURY,0,0,0,0,0,2,0,7,6,8,41.9614549265,-87.6712492253,"{'type': 'Point', 'coordinates': [-87.67124922532, 41.961454926513]}",,,,,,,,,,
0355751b5e6e7fbfdd3f74f37541b616b779d6e71990732312a5c69397f3ab5f9e3cefda53473b25eed9fa5eda6accf367950dcb8f40e2e6aeb1664886286ccd,2025-08-01T07:00:00.000,30,NO CONTROLS,NO CONTROLS,CLEAR,DAYLIGHT,PARKED MOTOR VEHICLE,ONE-WAY,STRAIGHT AND LEVEL,DRY,NO DEFECTS,ON SCENE,NO INJURY / DRIVE AWAY,,"OVER $1,500",2025-08-01T08:20:00.000,NOT APPLICABLE,NOT APPLICABLE,1217,W,81ST ST,613,2,NO INDICATION OF INJURY,0,0,0,0,0,1,0,7,6,8,41.7467367874,-87.6543689021,"{'type': 'Point', 'coordinates': [-87.654368902104, 41.746736787434]}",,,Y,,,,,,,
1a5ce89eae2083fcc312d9551e93942e1273fa7e0f47cb1ad3d5f62bb72b09de02b7b03e656b874c0c43881c6ccbf1ac932b862ac3b7814631c194a556ca530b,2025-08-01T07:00:00.000,30,NO CONTROLS,NO CONTROLS,CLEAR,DAYLIGHT,PARKED MOTOR VEHICLE,ONE-WAY,STRAIGHT AND LEVEL,DRY,NO DEFECTS,NOT ON SCENE (DESK REPORT),NO INJURY / DRIVE AWAY,,"OVER $1,500",2025-08-01T21:00:00.000,UNABLE TO DETERMINE,UNABLE TO DETERMINE,6153,N,CLAREMONT AVE,2413,2,NO INDICATION OF INJURY,0,0,0,0,0,1,0,7,6,8,41.993855169,-87.6883954253,"{'type': 'Point', 'coordinates': [-87.68839542531, 41.993855169042]}",,,Y,,Y,,,,,
7cfe68e03c35a7a6cfb9c464645d226f5caab88beb2dadf36565630753facc60230d9c9fc1b6ab53439c42eb31e7bbe475bc54ac9431785ab0a43fe408f6888d,2025-08-01T07:00:00.000,30,UNKNOWN,UNKNOWN,CLEAR,DAYLIGHT,SIDESWIPE SAME DIRECTION,DIVIDED - W/MEDIAN (NOT RAISED),STRAIGHT AND LEVEL,DRY,NO DEFECTS,ON SCENE,NO INJURY / DRIVE AWAY,,"OVER $1,500",2025-08-01T07:22:00.000,IMPROPER OVERTAKING/PASSING,NOT APPLICABLE,1549,N,CICERO AVE,2533,2,NO INDICATION OF INJURY,0,0,0,0,0,2,0,7,6,8,41.909252413,-87.7459682386,"{'type': 'Point', 'coordinates': [-87.745968238585, 41.909252412982]}",,,,,,,,,,
06ac944118b3b50c68961d628e2df402656e3f361ed161304e21a2d72c0f131172d2c7bf1c52efd74fcf5c94a9244ecb92109cc4beb39ff8b411f2a2e6d52340,2025-08-01T06:50:00.000,35,NO CONTROLS,NO CONTROLS,CLEAR,DAYLIGHT,TURNING,DIVIDED - W/MEDIAN (NOT RAISED),STRAIGHT AND LEVEL,DRY,NO DEFECTS,ON SCENE,INJURY AND / OR TOW DUE TO CRASH,,"OVER $1,500",2025-08-01T06:50:00.000,FAILING TO YIELD RIGHT-OF-WAY,NOT APPLICABLE,4435,W,DIVISION ST,1111,2,NO INDICATION OF INJURY,0,0,0,0,0,3,0,6,6,8,41.9023782288,-87.737516848,"{'type': 'Point', 'coordinates': [-87.737516847975, 41.902378228785]}",,,,,,,,,,
4330a5826729e34a3e56cafe3620e369bf98e0fbdc62c52ab3df7d5995aaaed5bd29ed8157a8840df1fdf530ddfa63b71994e25b19f66f2091343a770e376c84,2025-08-01T06:46:00.000,30,NO CONTROLS,NO CONTROLS,CLEAR,DAYLIGHT,PEDALCYCLIST,NOT DIVIDED,STRAIGHT AND LEVEL,DRY,NO DEFECTS,ON SCENE,INJURY AND / OR TOW DUE TO CRASH,,"OVER $1,500",2025-08-01T06:46:00.000,FAILING TO YIELD RIGHT-OF-WAY,UNABLE TO DETERMINE,1397,W,WILSON AVE,1913,2,INCAPACITATING INJURY,1,0,1,0,0,1,0,6,6,8,41.9651783511,-87.6653457158,"{'type': 'Point', 'coordinates': [-87.665345715797, 41.965178351123]}",,,,,,,,,,
065e6b814490f5532e0f86653479e5f0ca7ffb952c215144472d45d5baaded24c78d21fdb2c49692fcc32f341690a1767897151376f5cf4a12d8b6ae1a378c47,2025-08-01T06:45:00.000,30,NO CONTROLS,NO CONTROLS,CLEAR,DAYLIGHT,SIDESWIPE SAME DIRECTION,NOT DIVIDED,STRAIGHT AND LEVEL,DRY,NO DEFECTS,ON SCENE,INJURY AND / OR TOW DUE TO CRASH,,"OVER $1,500",2025-08-01T07:00:00.000,IMPROPER TURNING/NO SIGNAL,NOT APPLICABLE,1214,S,WESTERN AVE,1023,2,NO INDICATION OF INJURY,0,0,0,0,0,2,0,6,6,8,41.8661323127,-87.6861733951,"{'type': 'Point', 'coordinates': [-87.686173395108, 41.866132312696]}",,,Y,,,,,,,
fe3f0359d16f66db55928126958cc48f74022947a2a918f5552d1415c33ccb4a672424248dc034ff653b2cab8f598c2178647906b174624ea832c9c353dd2ab1,2025-08-01T06:35:00.000,30,TRAFFIC SIGNAL,FUNCTIONING PROPERLY,CLEAR,DAYLIGHT,SIDESWIPE SAME DIRECTION,ONE-WAY,STRAIGHT AND LEVEL,DRY,DEBRIS ON ROADWAY,ON SCENE,NO INJURY / DRIVE AWAY,N,"$501 - $1,500",2025-08-01T06:41:00.000,UNABLE TO DETERMINE,UNABLE TO DETERMINE,2030,W,CONGRESS PKWY,1225,2,NO INDICATION OF INJURY,0,0,0,0,0,2,0,6,6,8,41.8751100729,-87.6777916377,"{'type': 'Point', 'coordinates': [-87.677791637701, 41.875110072949]}",,,,,,,,,,
0da3ec2e439f27bb518b913c5b92a2a28182a530b58e2b5562e1d810b9f03acb808e2aedf111b6bc65e1f2faea9cf4f42f18e9d70b28a6b911eb226a3733bd54,2025-08-01T06:29:00.000,35,NO CONTROLS,NO CONTROLS,CLEAR,DAYLIGHT,ANGLE,DIVIDED - W/MEDIAN (NOT RAISED),STRAIGHT ON GRADE,UNKNOWN,UNKNOWN,ON SCENE,INJURY AND / OR TOW DUE TO CRASH,,"OVER $1,500",2025-08-01T06:29:00.000,"VISION OBSCURED (SIGNS, TREE LIMBS, BUILDINGS, ETC.)",UNABLE TO DETERMINE,10323,S,PULASKI RD,2211,2,"REPORTED, NOT EVIDENT",2,0,0,0,2,0,0,6,6,8,41.7051605829,-87.7207437519,"{'type': 'Point', 'coordinates': [-87.7207437519, 41.70516058286]}",,,,,,,,,,
4af79a049e10909ec72f7a68a7084b636ce8c695e6356f0842c2b2180fd5af5083f5496ce5d945af76516fc09240b773305bca1d4fd0cc13d5792c987851cb0c,2025-08-01T06:20:00.000,30,STOP SIGN/FLASHER,FUNCTIONING PROPERLY,CLEAR,DAYLIGHT,ANGLE,T-INTERSECTION,STRAIGHT AND LEVEL,DRY,UNKNOWN,NOT ON SCENE (DESK REPORT),NO INJURY / DRIVE AWAY,Y,"OVER $1,500",2025-08-01T17:00:00.000,UNABLE TO DETERMINE,NOT APPLICABLE,6800,S,JEFFERY BLVD,332,2,NO INDICATION OF INJURY,0,0,0,0,0,2,0,6,6,8,41.7715353798,-87.5765919826,"{'type': 'Point', 'coordinates': [-87.576591982646, 41.77153537983]}",,,,,,,,,,
ec9afb05ced2125c94f8b96b3772a932b349ec70a4ad678457098171b4e771089ebe82a0b3d37fe9e7b8e75705bf20dbec11a3dea78deaadeddf43f8d444e263,2025-08-01T06:15:00.000,30,NO CONTROLS,NO CONTROLS,CLEAR,DAYLIGHT,REAR END,OTHER,STRAIGHT AND LEVEL,DRY,NO DEFECTS,ON SCENE,NO INJURY / DRIVE AWAY,,"$501 - $1,500",2025-08-01T06:53:00.000,FOLLOWING TOO CLOSELY,NOT APPLICABLE,10000,W,OHARE ST,1651,2,NO INDICATION OF INJURY,0,0,0,0,0,2,0,6,6,8,41.976201139,-87.9053091251,"{'type': 'Point', 'coordinates': [-87.905309125103, 41.976201139024]}",,,,,,,,,,
5a55583fa37cb8a036d76d116dee0d87586e1e4d53cc763a99fcb0e0e0ac64d973fafb82302ffd83a5d1d85d7c239bdc5a174299e08d66d7b6a85f0aa776495f,2025-08-01T06:00:00.000,30,NO CONTROLS,NO CONTROLS,CLEAR,DAYLIGHT,PARKED MOTOR VEHICLE,ONE-WAY,STRAIGHT AND LEVEL,DRY,NO DEFECTS,NOT ON SCENE (DESK REPORT),NO INJURY / DRIVE AWAY,,"OVER $1,500",2025-08-01T07:36:00.000,UNABLE TO DETERMINE,UNABLE TO DETERMINE,3705,W,66TH ST,833,3,NO INDICATION OF INJURY,0,0,0,0,0,1,0,6,6,8,41.7731935808,-87.7155409368,"{'type': 'Point', 'coordinates': [-87.715540936805, 41.773193580758]}",,,Y,,,,,,,
4cc7c795c5400db79f1120392f01a8a09df9571c2c04537a3e92da4f3d7ca974d294e3a18fea9afd80c67a0e896c7323896c75c6c417e0c53f5dc246fd23c883,2025-08-01T05:57:00.000,30,NO CONTROLS,NO CONTROLS,CLEAR,DAYLIGHT,SIDESWIPE SAME DIRECTION,NOT DIVIDED,STRAIGHT AND LEVEL,DRY,NO DEFECTS,ON SCENE,NO INJURY / DRIVE AWAY,,"OVER $1,500",2025-08-01T07:05:00.000,UNABLE TO DETERMINE,UNABLE TO DETERMINE,4400,N,ASHLAND AVE,1912,2,NO INDICATION OF INJURY,0,0,0,0,0,2,0,5,6,8,41.9616790904,-87.6694091294,"{'type': 'Point', 'coordinates': [-87.669409129418, 41.961679090404]}",,,,,,,,,,
2e08f397fac91cfa88790f2386cb85c5f3509d569021de7099676c5bd9ead3a5de08623bee3355fe89255758e4ce7f4b843f579c007e971014432751d5aef7ba,2025-08-01T05:55:00.000,30,TRAFFIC SIGNAL,FUNCTIONING PROPERLY,CLEAR,DAYLIGHT,ANGLE,FOUR WAY,STRAIGHT AND LEVEL,DRY,NO DEFECTS,ON SCENE,INJURY AND / OR TOW DUE TO CRASH,Y,"OVER $1,500",2025-08-01T05:55:00.000,FAILING TO YIELD RIGHT-OF-WAY,NOT APPLICABLE,6858,S,HALSTED ST,723,2,NONINCAPACITATING INJURY,1,0,0,1,0,2,0,5,6,8,41.7689262968,-87.644655997,"{'type': 'Point', 'coordinates': [-87.644655997031, 41.768926296845]}",,,,,,,,,,
162c053b3c503ce901855a7cdb3f89aa38b7eb6ef64c46894a949dc08043ba2e2bca60013d1e989bad19247e748003781254c1fad8f1577b0d600094f970c4af,2025-08-01T05:45:00.000,30,UNKNOWN,UNKNOWN,UNKNOWN,UNKNOWN,REAR END,NOT DIVIDED,STRAIGHT AND LEVEL,UNKNOWN,UNKNOWN,NOT ON SCENE (DESK REPORT),NO INJURY / DRIVE AWAY,,"OVER $1,500",2025-08-01T16:00:00.000,UNABLE TO DETERMINE,UNABLE TO DETERMINE,1142,S,CICERO AVE,1533,4,NO INDICATION OF INJURY,0,0,0,0,0,4,0,5,6,8,41.8659741961,-87.7449034944,"{'type': 'Point', 'coordinates': [-87.744903494382, 41.865974196113]}",,,Y,,,,,,,