crash_record_id,crash_date,posted_speed_limit,traffic_control_device,device_condition,weather_condition,lighting_condition,first_crash_type,trafficway_type,alignment,roadway_surface_cond,road_defect,report_type,crash_type,intersection_related_i,damage,date_police_notified,prim_contributory_cause,sec_contributory_cause,street_no,street_direction,street_name,beat_of_occurrence,num_units,most_severe_injury,injuries_total,injuries_fatal,injuries_incapacitating,injuries_non_incapacitating,injuries_reported_not_evident,injuries_no_indication,injuries_unknown,crash_hour,crash_day_of_week,crash_month,latitude,longitude,location,private_property_i,photos_taken_i,hit_and_run_i,statements_taken_i,crash_date_est_i,work_zone_i,work_zone_type,dooring_i,lane_cnt,workers_present_i
350e9461edd78920e04c90d6b660f7ca0ca404c318e5cb7a8fd2a6b933a9c6ab2faa2cbb6291a6189d493e097a433b8e32dac372934cc55b90d1f6b1d5dfe414,2025-08-01T05:00:00.000,30,NO CONTROLS,NO CONTROLS,CLEAR,"DARKNESS, LIGHTED ROAD",PARKED MOTOR VEHICLE,DIVIDED - W/MEDIAN (NOT RAISED),STRAIGHT AND LEVEL,UNKNOWN,UNKNOWN,NOT ON SCENE (DESK REPORT),NO INJURY / DRIVE AWAY,,"$501 - $1,500",2025-08-04T00:06:00.000,UNABLE TO DETERMINE,UNABLE TO DETERMINE,936,N,WESTERN AVE,1212,2,NO INDICATION OF INJURY,0,0,0,0,0,1,0,5,6,8,41.8986390788,-87.6870644917,"{'type': 'Point', 'coordinates': [-87.687064491738, 41.898639078754]}",,,Y,,,,,,,
09e81df5378c1f73f61a83ad99e76e5b0ee720f17d712640e84df13c4e93dec32be874d8b1727092f08cd1d556061b99ea52fee887673cd314954344b825b56d,2025-08-01T04:30:00.000,25,TRAFFIC SIGNAL,FUNCTIONING PROPERLY,CLEAR,DAWN,ANGLE,NOT DIVIDED,STRAIGHT AND LEVEL,DRY,UNKNOWN,,NO INJURY / DRIVE AWAY,Y,$500 OR LESS,2025-08-01T05:05:00.000,UNABLE TO DETERMINE,UNABLE TO DETERMINE,3205,W,GRAND AVE,1121,2,NO INDICATION OF INJURY,0,0,0,0,0,2,0,4,6,8,41.8982916788,-87.7069110719,"{'type': 'Point', 'coordinates': [-87.706911071944, 41.898291678765]}",,,,,,,,,,
4f761ba7c73713294baf249ffe0d70be7f531a910dd808c115d021ace7bf57eb48018a280433215901f096879add066e8bbf9a92c7c6e161cd31910cf7143718,2025-08-01T04:13:00.000,30,TRAFFIC SIGNAL,FUNCTIONING PROPERLY,CLEAR,"DARKNESS, LIGHTED ROAD",TURNING,DIVIDED - W/MEDIAN BARRIER,STRAIGHT AND LEVEL,DRY,UNKNOWN,ON SCENE,INJURY AND / OR TOW DUE TO CRASH,Y,"OVER $1,500",2025-08-01T04:18:00.000,DISREGARDING TRAFFIC SIGNALS,FAILING TO REDUCE SPEED TO AVOID CRASH,200,S,LOWER WACKER DR,122,2,INCAPACITATING INJURY,3,0,1,2,0,1,0,4,6,8,41.8793142816,-87.6371381832,"{'type': 'Point', 'coordinates': [-87.63713818324, 41.879314281556]}",,,,,,,,,,
228b6c69594004e77721d66efc9541ba8e33b26e5e83b1c3483a7b5163a44b9634c06d61bf7711f27fa8ea5a1210cbf1189eed1d6cd8b7eb4f40ce2bc7cfefa3,2025-08-01T04:06:00.000,30,NO CONTROLS,NO CONTROLS,CLEAR,DAYLIGHT,OTHER OBJECT,FOUR WAY,STRAIGHT AND LEVEL,DRY,NO DEFECTS,ON SCENE,INJURY AND / OR TOW DUE TO CRASH,,"OVER $1,500",2025-08-01T06:06:00.000,EQUIPMENT - VEHICLE CONDITION,UNABLE TO DETERMINE,7715,S,COTTAGE GROVE AVE,624,1,NO INDICATION OF INJURY,0,0,0,0,0,1,0,4,6,8,41.7544466862,-87.6051361124,"{'type': 'Point', 'coordinates': [-87.605136112415, 41.75444668619]}",,,,,,,,,,
18d46ea7b62da51573879b224884b2fb88173152b1492dbda9cfa5f995853cbf99778bc9133bf46a62fab0f81f3c99a34149e750ebcaff742ad0655b8080862d,2025-08-01T04:00:00.000,30,NO CONTROLS,NO CONTROLS,CLEAR,"DARKNESS, LIGHTED ROAD",PARKED MOTOR VEHICLE,NOT DIVIDED,STRAIGHT AND LEVEL,DRY,NO DEFECTS,,INJURY AND / OR TOW DUE TO CRASH,,"OVER $1,500",2025-08-01T04:08:00.000,UNABLE TO DETERMINE,NOT APPLICABLE,1942,W,CHICAGO AVE,1212,2,NO INDICATION OF INJURY,0,0,0,0,0,1,0,4,6,8,41.8960340802,-87.6763184209,"{'type': 'Point', 'coordinates': [-87.676318420942, 41.896034080212]}",,,Y,,,,,,,
448f4c4c6bf4437fb2587fa45f95edfb790ff35c5becc3849255044446ea1eaf5e00b18048874b19bff341a692d7bb670e368af1608f65cc018359ca254d0aa7,2025-08-01T02:45:00.000,30,NO CONTROLS,NO CONTROLS,CLEAR,"DARKNESS, LIGHTED ROAD",PARKED MOTOR VEHICLE,ONE-WAY,STRAIGHT AND LEVEL,DRY,NO DEFECTS,ON SCENE,NO INJURY / DRIVE AWAY,,"OVER $1,500",2025-08-01T02:46:00.000,PHYSICAL CONDITION OF DRIVER,NOT APPLICABLE,2213,N,LAPORTE AVE,2522,2,NO INDICATION OF INJURY,0,0,0,0,0,1,0,2,6,8,41.920974994,-87.7497609765,"{'type': 'Point', 'coordinates': [-87.749760976517, 41.920974993983]}",,,,,,,,,,
17c64cb24cd797ccbe8bb3826eae062999ce39a5866d0a4b329be33354462174c30cae25f24c3a9481c4d1ddf62b5e348e953cd5b9907f6f9843323e141f430b,2025-08-01T02:39:00.000,30,TRAFFIC SIGNAL,FUNCTIONING PROPERLY,CLEAR,"DARKNESS, LIGHTED ROAD",ANGLE,NOT REPORTED,STRAIGHT AND LEVEL,DRY,NO DEFECTS,ON SCENE,INJURY AND / OR TOW DUE TO CRASH,Y,"OVER $1,500",2025-08-01T02:39:00.000,UNABLE TO DETERMINE,UNABLE TO DETERMINE,624,N,FRANKLIN ST,1831,2,NONINCAPACITATING INJURY,1,0,0,1,0,1,0,2,6,8,41.89312554,-87.6357604248,"{'type': 'Point', 'coordinates': [-87.635760424789, 41.893125539975]}",,,,Y,,,,,,
7e94a4e4898fe3df837ffe724098e77b20e298b1fdfb7b15f62f62d4630eab57920437b71c6edf0a907a577e381465d79662d351607955b8d1af76b65f0e9aef,2025-08-01T02:10:00.000,25,NO CONTROLS,NO CONTROLS,CLEAR,"DARKNESS, LIGHTED ROAD",HEAD ON,NOT DIVIDED,STRAIGHT AND LEVEL,DRY,NO DEFECTS,ON SCENE,INJURY AND / OR TOW DUE TO CRASH,,"OVER $1,500",2025-08-01T02:11:00.000,DRIVING ON WRONG SIDE/WRONG WAY,FAILING TO REDUCE SPEED TO AVOID CRASH,511,S,KILBOURN AVE,1131,2,NONINCAPACITATING INJURY,1,0,0,1,0,1,0,2,6,8,41.873815813,-87.7375416401,"{'type': 'Point', 'coordinates': [-87.737541640127, 41.873815813014]}",,,,,,,,,,
f9188ab6047e295da2a2a50f21845e0efd7b4c65e9a575d9f138596caaf778e9a8065f80d55238b2203f19b38e87f6dd328399dd68d989358816d75b1f8f8706,2025-08-01T02:08:00.000,35,TRAFFIC SIGNAL,FUNCTIONING PROPERLY,CLEAR,"DARKNESS, LIGHTED ROAD",TURNING,NOT DIVIDED,STRAIGHT AND LEVEL,DRY,NO DEFECTS,ON SCENE,INJURY AND / OR TOW DUE TO CRASH,Y,"OVER $1,500",2025-08-01T02:09:00.000,UNABLE TO DETERMINE,UNABLE TO DETERMINE,208,E,35TH ST,211,2,NONINCAPACITATING INJURY,3,0,0,2,1,1,0,2,6,8,41.8311731233,-87.6213690206,"{'type': 'Point', 'coordinates': [-87.621369020608, 41.831173123307]}",,,N,Y,,,,,,
3378e84b66b2f5b97710ccffff3913c364bc2b520987cb13eaa51bde87898153a09255f3426f99c356e02fc2f03e0012f49db95868bea4770f1cc29152e7ef1a,2025-08-01T01:50:00.000,35,UNKNOWN,UNKNOWN,CLEAR,"DARKNESS, LIGHTED ROAD",PARKED MOTOR VEHICLE,ONE-WAY,STRAIGHT AND LEVEL,DRY,NO DEFECTS,ON SCENE,NO INJURY / DRIVE AWAY,,"OVER $1,500",2025-08-01T01:51:00.000,UNABLE TO DETERMINE,NOT APPLICABLE,3819,W,HARRISON ST,1133,2,NO INDICATION OF INJURY,0,0,0,0,0,3,0,1,6,8,41.8733916289,-87.7212883143,"{'type': 'Point', 'coordinates': [-87.721288314316, 41.873391628919]}",,,,,,,,,,
024800dcfec4685a1a5fd6afb059064124b3d32bcb829012eed46997e2b19cd1bef04ae5752065ff74ebdc5e1974137b7baf824a155cbd14594be9eb0c7f2638,2025-08-01T01:30:00.000,30,STOP SIGN/FLASHER,FUNCTIONING PROPERLY,CLEAR,DAWN,FIXED OBJECT,T-INTERSECTION,STRAIGHT AND LEVEL,DRY,NO DEFECTS,ON SCENE,NO INJURY / DRIVE AWAY,,"OVER $1,500",2025-08-01T01:32:00.000,FAILING TO REDUCE SPEED TO AVOID CRASH,UNDER THE INFLUENCE OF ALCOHOL/DRUGS (USE WHEN ARREST IS EFFECTED),825,S,KOLMAR AVE,1131,1,NO INDICATION OF INJURY,0,0,0,0,0,1,0,1,6,8,41.8697001385,-87.7387699697,"{'type': 'Point', 'coordinates': [-87.738769969701, 41.869700138517]}",,,Y,,,,,,,
1dc1abc868e3decac5f1222dfc97d64c32d5be30ce24f546e2d949fc74db4e9d6454f0f9fed10ee874b9f026041fea6398dd75e2852bbd88bd8361715b92fb17,2025-08-01T01:30:00.000,30,TRAFFIC SIGNAL,FUNCTIONING PROPERLY,CLEAR,"DARKNESS, LIGHTED ROAD",REAR END,NOT DIVIDED,STRAIGHT AND LEVEL,DRY,UNKNOWN,NOT ON SCENE (DESK REPORT),NO INJURY / DRIVE AWAY,,"OVER $1,500",2025-08-01T02:46:00.000,UNABLE TO DETERMINE,NOT APPLICABLE,200,S,MICHIGAN AVE,113,3,NO INDICATION OF INJURY,0,0,0,0,0,3,0,1,6,8,41.8794893287,-87.6244981249,"{'type': 'Point', 'coordinates': [-87.624498124934, 41.879489328698]}",,,,,,,,,,
02dadd79f3ebed16de46cbfb109cdd7c92231a95ceea00a31e218fd6511be39e99115416c750f7f155412c4403da7fd6d54470d447e4af83f837aa8a81d7660f,2025-08-01T01:00:00.000,30,TRAFFIC SIGNAL,FUNCTIONING PROPERLY,CLEAR,"DARKNESS, LIGHTED ROAD",PARKED MOTOR VEHICLE,FOUR WAY,STRAIGHT AND LEVEL,DRY,NO DEFECTS,ON SCENE,INJURY AND / OR TOW DUE TO CRASH,,"OVER $1,500",2025-08-01T01:14:00.000,DRIVING ON WRONG SIDE/WRONG WAY,IMPROPER LANE USAGE,7600,N,SHERIDAN RD,2422,3,NO INDICATION OF INJURY,0,0,0,0,0,1,0,1,6,8,42.0192762315,-87.6661973884,"{'type': 'Point', 'coordinates': [-87.666197388437, 42.019276231472]}",,,Y,,,,,,,
2331e8e5d5881688933436be7137b32dfa821e81387419f93b8a3d3b1dbeb78399dd3bf0a8af0bf020e1188a354ccba93e45cf0e0588830431c35b582940faf2,2025-08-01T01:00:00.000,30,NO CONTROLS,NO CONTROLS,CLEAR,"DARKNESS, LIGHTED ROAD",PARKED MOTOR VEHICLE,NOT DIVIDED,STRAIGHT AND LEVEL,DRY,NO DEFECTS,NOT ON SCENE (DESK REPORT),NO INJURY / DRIVE AWAY,,"OVER $1,500",2025-08-01T08:50:00.000,UNABLE TO DETERMINE,NOT APPLICABLE,2741,N,LARAMIE AVE,2521,2,NO INDICATION OF INJURY,0,0,0,0,0,1,0,1,6,8,41.9308332394,-87.7562524364,"{'type': 'Point', 'coordinates': [-87.756252436382, 41.930833239435]}",,,Y,,,,,,,
d7547f8773542ba2d82614007cd78c62063db12ac3bed5448adb399cca32184df32551cfe8ef8c332a244c3edcc47741dc12afd9130a32ee37886cbb3945c840,2025-08-01T01:00:00.000,25,NO CONTROLS,NO CONTROLS,CLEAR,UNKNOWN,PARKED MOTOR VEHICLE,UNKNOWN,STRAIGHT AND LEVEL,DRY,NO DEFECTS,ON SCENE,NO INJURY / DRIVE AWAY,,"OVER $1,500",2025-08-01T07:08:00.000,UNABLE TO DETERMINE,UNABLE TO DETERMINE,7513,N,ASHLAND AVE,2422,3,NO INDICATION OF INJURY,0,0,0,0,0,1,0,1,6,8,42.0183931489,-87.6711933229,"{'type': 'Point', 'coordinates': [-87.671193322916, 42.018393148865]}",,,Y,,Y,,,,,
bf667a1ff66a1225288775c64e34eea48461b5c0a7f7739d4fdb96c5b531b85cbbeb6841b3002a343e54d1fca8009e8ff0caf28e7eadd588470dedfb7068f7dd,2025-08-01T00:58:00.000,30,NO CONTROLS,NO CONTROLS,CLEAR,"DARKNESS, LIGHTED ROAD",PARKED MOTOR VEHICLE,DIVIDED - W/MEDIAN (NOT RAISED),STRAIGHT AND LEVEL,DRY,NO DEFECTS,ON SCENE,INJURY AND / OR TOW DUE TO CRASH,,"OVER $1,500",2025-08-01T01:00:00.000,DISTRACTION - FROM OUTSIDE VEHICLE,NOT APPLICABLE,3410,W,55TH ST,822,2,NO INDICATION OF INJURY,0,0,0,0,0,1,0,0,6,8,41.7935426816,-87.7089455853,"{'type': 'Point', 'coordinates': [-87.708945585269, 41.793542681636]}",,,,,,,,,,
1a77b0e5b8645b847afae7d35572184e5feadc16f8a788d5bdd878aabb97b9bbe013946118f78727adc00edacf2387fa1882c0be9500ea08cee9feaa1ce5a053,2025-08-01T00:50:00.000,30,TRAFFIC SIGNAL,FUNCTIONING PROPERLY,CLEAR,"DARKNESS, LIGHTED ROAD",PARKED MOTOR VEHICLE,FOUR WAY,STRAIGHT AND LEVEL,DRY,NO DEFECTS,ON SCENE,INJURY AND / OR TOW DUE TO CRASH,,"OVER $1,500",2025-08-01T00:50:00.000,DRIVING ON WRONG SIDE/WRONG WAY,IMPROPER LANE USAGE,564,N,LARAMIE AVE,1523,2,INCAPACITATING INJURY,2,0,2,0,0,0,0,0,6,8,41.8908504712,-87.7555966583,"{'type': 'Point', 'coordinates': [-87.755596658308, 41.890850471214]}",,,,,,,,,,
b1dcae904ae926bbbb5a1a9cd4609dc0d74c95f5d864aead9a4831cbbf0f7264e80798da58da1a736ea12d96fb51242ebcadaa86367e914cf3850f830972a82f,2025-08-01T00:45:00.000,30,NO CONTROLS,NO CONTROLS,CLEAR,"DARKNESS, LIGHTED ROAD",REAR END,T-INTERSECTION,STRAIGHT AND LEVEL,DRY,NO DEFECTS,NOT ON SCENE (DESK REPORT),NO INJURY / DRIVE AWAY,Y,"OVER $1,500",2025-08-01T21:44:00.000,FAILING TO REDUCE SPEED TO AVOID CRASH,UNABLE TO DETERMINE,6001,W,NORTH AVE,2531,2,NO INDICATION OF INJURY,0,0,0,0,0,6,0,0,6,8,41.9091432877,-87.7756387394,"{'type': 'Point', 'coordinates': [-87.775638739374, 41.909143287683]}",,Y,,Y,,,,,,
e152b78fda26684eb360e284db6edf626f22a764f2a41bbaa936b1ad8ff3fb8506ef62cffcf24384b15e0ef3de000f9559431d4ca961eb8d2708c7624181311d,2025-08-01T00:39:00.000,30,TRAFFIC SIGNAL,FUNCTIONING PROPERLY,CLEAR,"DARKNESS, LIGHTED ROAD",TURNING,CENTER TURN LANE,STRAIGHT AND LEVEL,DRY,NO DEFECTS,ON SCENE,INJURY AND / OR TOW DUE TO CRASH,Y,"OVER $1,500",2025-08-01T00:54:00.000,FAILING TO YIELD RIGHT-OF-WAY,NOT APPLICABLE,3401,W,55TH ST,822,2,NO INDICATION OF INJURY,0,0,0,0,0,3,0,0,6,8,41.7933300448,-87.7085134012,"{'type': 'Point', 'coordinates': [-87.708513401152, 41.793330044775]}",,,,,,,,,,
b19dee5fca69180c135053582193700280c8f177f5e776f1a9735578294b13c1ebf615a216802555b339f1c098cd376cc2fa472a7f7dbf64acc05322b5457668,2025-08-01T00:30:00.000,35,UNKNOWN,UNKNOWN,CLEAR,"DARKNESS, LIGHTED ROAD",PARKED MOTOR VEHICLE,DIVIDED - W/MEDIAN (NOT RAISED),STRAIGHT AND LEVEL,UNKNOWN,UNKNOWN,NOT ON SCENE (DESK REPORT),NO INJURY / DRIVE AWAY,,"OVER $1,500",2025-08-07T21:00:00.000,UNABLE TO DETERMINE,NOT APPLICABLE,7600,N,SHERIDAN RD,2422,2,NO INDICATION OF INJURY,0,0,0,0,0,1,0,0,6,8,42.0192762315,-87.6661973884,"{'type': 'Point', 'coordinates': [-87.666197388437, 42.019276231472]}",,,,,,,,,,
d1f85fa8f1e28f058205ab270e2a5cc7b42b9496accc12e03e7790252ac274f8426f5b59ef8904ae4ca9e7fdb4b4e096db84df2c97d1621668998586666142b2,2025-08-01T00:30:00.000,30,NO CONTROLS,NO CONTROLS,RAIN,"DARKNESS, LIGHTED ROAD",PARKED MOTOR VEHICLE,T-INTERSECTION,STRAIGHT AND LEVEL,DRY,NO DEFECTS,ON SCENE,NO INJURY / DRIVE AWAY,,"$501 - $1,500",2025-08-01T01:23:00.000,IMPROPER TURNING/NO SIGNAL,FAILING TO REDUCE SPEED TO AVOID CRASH,111,N,HALSTED ST,1224,2,NO INDICATION OF INJURY,0,0,0,0,0,1,0,0,6,8,41.8835339412,-87.6472647342,"{'type': 'Point', 'coordinates': [-87.647264734158, 41.883533941157]}",,,Y,,,,,,,
300d25021ea0db257247ac794f1f067a47f92b570b82a7f4f5fcb4148001311dc9476ed9ce6c76d8fc9f4acb67a22e1b7be80593c12107b56707a20ea1230f73,2025-08-01T00:26:00.000,30,TRAFFIC SIGNAL,FUNCTIONING PROPERLY,CLEAR,"DARKNESS, LIGHTED ROAD",REAR END,FOUR WAY,STRAIGHT AND LEVEL,DRY,NO DEFECTS,ON SCENE,NO INJURY / DRIVE AWAY,,$500 OR LESS,2025-08-01T00:26:00.000,"OPERATING VEHICLE IN ERRATIC, RECKLESS, CARELESS, NEGLIGENT OR AGGRESSIVE MANNER","OPERATING VEHICLE IN ERRATIC, RECKLESS, CARELESS, NEGLIGENT OR AGGRESSIVE MANNER",122,E,ROOSEVELT RD,114,2,NO INDICATION OF INJURY,0,0,0,0,0,2,0,0,6,8,41.8675852576,-87.6232259112,"{'type': 'Point', 'coordinates': [-87.623225911227, 41.867585257634]}",,,Y,,,,,,,
3cff9ed51add2861b3005561e515f276c0a690ceb72bed831e6ec46d57d756675c03391ff3f58daafe02c5f4560b4c3ecc28c471356ee87854592641e63c4e82,2025-08-01T00:00:00.000,30,STOP SIGN/FLASHER,FUNCTIONING PROPERLY,RAIN,DARKNESS,REAR END,T-INTERSECTION,STRAIGHT AND LEVEL,WET,NO DEFECTS,NOT ON SCENE (DESK REPORT),NO INJURY / DRIVE AWAY,,"OVER $1,500",2025-08-06T15:55:00.000,FOLLOWING TOO CLOSELY,NOT APPLICABLE,5253,S,ST LOUIS AVE,822,2,NO INDICATION OF INJURY,0,0,0,0,0,2,0,0,6,8,41.7973240294,-87.7108639927,"{'type': 'Point', 'coordinates': [-87.710863992671, 41.797324029407]}",,,,,,,,,,
b4dd5e0df548158fd1f3de3467dd655bd094926ff90f57f2fd9ca8329656c1020174bcf061e0ee227a346d2a8d0fd752fb8c54e107fa59b23f18038dfcce52c7,2025-08-01T00:00:00.000,10,NO CONTROLS,NO CONTROLS,CLEAR,"DARKNESS, LIGHTED ROAD",PARKED MOTOR VEHICLE,PARKING LOT,STRAIGHT AND LEVEL,DRY,UNKNOWN,ON SCENE,NO INJURY / DRIVE AWAY,,$500 OR LESS,2025-08-01T00:02:00.000,UNABLE TO DETERMINE,NOT APPLICABLE,6300,S,VERNON AVE,312,2,NO INDICATION OF INJURY,0,0,0,0,0,1,0,0,6,8,41.7801680427,-87.6145559297,"{'type': 'Point', 'coordinates': [-87.614555929706, 41.780168042655]}",Y,,,,,,,,,
79abeee48c61d402b048b9fcbb24af89707518262077c3254e08f20b8c76d3905b5b1fe4868980f7c824579d4db20fbd4310ffe0b74f93362c4066c22ad312c0,2025-07-31T23:45:00.000,30,TRAFFIC SIGNAL,FUNCTIONING PROPERLY,CLEAR,DARKNESS,SIDESWIPE SAME DIRECTION,DIVIDED - W/MEDIAN (NOT RAISED),STRAIGHT AND LEVEL,DRY,NO DEFECTS,NOT ON SCENE (DESK REPORT),NO INJURY / DRIVE AWAY,,"OVER $1,500",2025-08-02T14:46:00.000,FOLLOWING TOO CLOSELY,NOT APPLICABLE,8300,S,STONY ISLAND AVE,412,2,NO INDICATION OF INJURY,0,0,0,0,0,2,0,23,5,7,41.744151639,-87.585945067,"{'type': 'Point', 'coordinates': [-87.585945066953, 41.744151639042]}",,,Y,,Y,,,,,
fcb37f5724e70482b15168afa37d41c7a15df4758e1b32f0adad146ad70576e2b5a70d71139673fa9c4378c0e1554bbbbe50d7ab52b50c32f6e5deeef23a157a,2025-07-31T23:42:00.000,30,TRAFFIC SIGNAL,FUNCTIONING PROPERLY,CLEAR,"DARKNESS, LIGHTED ROAD",REAR END,NOT DIVIDED,STRAIGHT AND LEVEL,DRY,NO DEFECTS,NOT ON SCENE (DESK REPORT),NO INJURY / DRIVE AWAY,,"OVER $1,500",2025-08-07T11:10:00.000,FOLLOWING TOO CLOSELY,UNABLE TO DETERMINE,7659,S,WESTERN AVE,835,2,NO INDICATION OF INJURY,0,0,0,0,0,2,0,23,5,7,41.7538393632,-87.6827992742,"{'type': 'Point', 'coordinates': [-87.682799274211, 41.753839363236]}",,,,,,,,,,
089dbdcdd1f66c3d6df71b66952abb31c06c27ed597d61eedbb24da4facae8c080d6df9d87e5e6922e59f977b72519621be3290ea7528e829b124870a7968836,2025-07-31T23:40:00.000,30,TRAFFIC SIGNAL,FUNCTIONING PROPERLY,CLEAR,"DARKNESS, LIGHTED ROAD",TURNING,NOT DIVIDED,STRAIGHT AND LEVEL,DRY,UNKNOWN,NOT ON SCENE (DESK REPORT),NO INJURY / DRIVE AWAY,,"OVER $1,500",2025-08-01T02:20:00.000,UNABLE TO DETERMINE,NOT APPLICABLE,1962,W,95TH ST,2221,2,NO INDICATION OF INJURY,0,0,0,0,0,3,0,23,5,7,41.7211897893,-87.6721462097,"{'type': 'Point', 'coordinates': [-87.672146209675, 41.72118978927]}",,,Y,,,,,,,
04a6d91f14a3b86978dd6362b441168cdff77626e5d91c8462140d4c1bae3bf7029055db1fd49e1189ece850e67755fbeef9c2eb2b8ce9d72d8267885045c9d6,2025-07-31T23:30:00.000,30,STOP SIGN/FLASHER,FUNCTIONING PROPERLY,CLEAR,DARKNESS,ANGLE,DIVIDED - W/MEDIAN (NOT RAISED),STRAIGHT AND LEVEL,DRY,NO DEFECTS,ON SCENE,INJURY AND / OR TOW DUE TO CRASH,Y,"OVER $1,500",2025-07-31T23:30:00.000,DISREGARDING STOP SIGN,DISREGARDING STOP SIGN,10401,S,EWING AVE,432,2,"REPORTED, NOT EVIDENT",1,0,0,0,1,2,0,23,5,7,41.7063000225,-87.5351395802,"{'type': 'Point', 'coordinates': [-87.535139580164, 41.706300022548]}",,,,,,,,,,
85bea8578d6026982fc55ee50ce074ed7e49dadf8d3c32debb306253b5a4a52c95682f7da83a793676a5298c8e9c87abaca66fa26ef7756bd3b217cc0deaa5fd,2025-07-31T23:30:00.000,30,TRAFFIC SIGNAL,FUNCTIONING PROPERLY,CLEAR,"DARKNESS, LIGHTED ROAD",ANGLE,DIVIDED - W/MEDIAN (NOT RAISED),STRAIGHT AND LEVEL,DRY,NO DEFECTS,NOT ON SCENE (DESK REPORT),NO INJURY / DRIVE AWAY,,"$501 - $1,500",2025-07-31T23:46:00.000,DISREGARDING TRAFFIC SIGNALS,NOT APPLICABLE,645,W,ROOSEVELT RD,124,2,NO INDICATION OF INJURY,0,0,0,0,0,2,0,23,5,7,41.8670852232,-87.6439684381,"{'type': 'Point', 'coordinates': [-87.643968438055, 41.867085223165]}",,,,,,,,,,
94857d974172c9b807679c885ff4a7320e341e6fe9f6ba91524505f9a5dccd1e87da9144e676a0abc30c1282ed577c7c194724e5cc3626f971529c2b3c9e9061,2025-07-31T23:25:00.000,35,TRAFFIC SIGNAL,OTHER,CLEAR,"DARKNESS, LIGHTED ROAD",PEDALCYCLIST,FOUR WAY,STRAIGHT AND LEVEL,DRY,NO DEFECTS,NOT ON SCENE (DESK REPORT),NO INJURY / DRIVE AWAY,Y,"OVER $1,500",2025-08-01T00:30:00.000,UNABLE TO DETERMINE,NOT APPLICABLE,424,N,STATE ST,1831,2,NO INDICATION OF INJURY,0,0,0,0,0,5,0,23,5,7,41.8900214091,-87.6281540191,"{'type': 'Point', 'coordinates': [-87.628154019125, 41.890021409111]}",,,Y,,,,,Y,,
2e084a7be9554673ef21f931a0b310cecb08894c30efaa9b4b07df739b2cc3511b14aa2fcc02eae4301df78ac56c7512047374b64222b1f937123b328082eaba,2025-07-31T23:18:00.000,30,NO CONTROLS,NO CONTROLS,CLEAR,"DARKNESS, LIGHTED ROAD",REAR END,NOT DIVIDED,STRAIGHT AND LEVEL,DRY,NO DEFECTS,ON SCENE,INJURY AND / OR TOW DUE TO CRASH,,"OVER $1,500",2025-07-31T23:25:00.000,UNABLE TO DETERMINE,UNABLE TO DETERMINE,616,S,KILPATRICK AVE,1131,2,INCAPACITATING INJURY,2,0,2,0,0,2,0,23,5,7,41.8726197627,-87.7426893232,"{'type': 'Point', 'coordinates': [-87.742689323218, 41.872619762737]}",,,Y,,,,,,,
aa659e2bfdba59f43b60b787ca1eaeee66665264ace70a3e6f90f7ed46774189bf343c62d3d7af6ff255db9ab151913d48abbbbed2d9dd5dc500b97a4c54efcd,2025-07-31T23:15:00.000,30,TRAFFIC SIGNAL,FUNCTIONING PROPERLY,CLEAR,"DARKNESS, LIGHTED ROAD",REAR END,NOT DIVIDED,STRAIGHT AND LEVEL,DRY,NO DEFECTS,ON SCENE,NO INJURY / DRIVE AWAY,,"OVER $1,500",2025-07-31T23:19:00.000,UNABLE TO DETERMINE,NOT APPLICABLE,5200,S,PULASKI RD,815,2,NO INDICATION OF INJURY,0,0,0,0,0,2,0,23,5,7,41.798505044,-87.7234587371,"{'type': 'Point', 'coordinates': [-87.723458737142, 41.798505044022]}",,,,,,,,,,
77c58c7f7de86d56775b994abae27e3464d277fee228035c2f410841a970c78b80c0f84a1153f6e52aaf56e3688116a64520bad155a9d922295aa6305ffd7a07,2025-07-31T23:14:00.000,30,STOP SIGN/FLASHER,FUNCTIONING PROPERLY,CLEAR,"DARKNESS, LIGHTED ROAD",SIDESWIPE SAME DIRECTION,DIVIDED - W/MEDIAN (NOT RAISED),STRAIGHT AND LEVEL,DRY,NO DEFECTS,ON SCENE,INJURY AND / OR TOW DUE TO CRASH,Y,"OVER $1,500",2025-07-31T23:14:00.000,FAILING TO YIELD RIGHT-OF-WAY,FAILING TO YIELD RIGHT-OF-WAY,2358,S,WENTWORTH AVE,914,2,NO INDICATION OF INJURY,0,0,0,0,0,2,0,23,5,7,41.8492061031,-87.6320798384,"{'type': 'Point', 'coordinates': [-87.632079838423, 41.8492061031]}",,,,,,,,,,
dc6818c2112a02e42cd129bb55f8a28cf49b70d137c1236c714ce29b69585bb8b035a14d42ea8dd44904a460c3f21a5e7b134a20dfb1ede944c9ac525cc2d07f,2025-07-31T23:00:00.000,30,NO CONTROLS,NO CONTROLS,CLEAR,"DARKNESS, LIGHTED ROAD",OTHER OBJECT,NOT DIVIDED,STRAIGHT AND LEVEL,DRY,NO DEFECTS,ON SCENE,INJURY AND / OR TOW DUE TO CRASH,,"OVER $1,500",2025-07-31T23:00:00.000,DISTRACTION - FROM OUTSIDE VEHICLE,NOT APPLICABLE,8400,S,ASHLAND AVE,614,1,NONINCAPACITATING INJURY,1,0,0,1,0,0,0,23,5,7,41.7411575841,-87.6633480723,"{'type': 'Point', 'coordinates': [-87.663348072287, 41.741157584111]}",,,,,,,,,,