crash_record_id,crash_date,posted_speed_limit,traffic_control_device,device_condition,weather_condition,lighting_condition,first_crash_type,trafficway_type,alignment,roadway_surface_cond,road_defect,report_type,crash_type,intersection_related_i,damage,date_police_notified,prim_contributory_cause,sec_contributory_cause,street_no,street_direction,street_name,beat_of_occurrence,num_units,most_severe_injury,injuries_total,injuries_fatal,injuries_incapacitating,injuries_non_incapacitating,injuries_reported_not_evident,injuries_no_indication,injuries_unknown,crash_hour,crash_day_of_week,crash_month,latitude,longitude,location,private_property_i,photos_taken_i,hit_and_run_i,statements_taken_i,crash_date_est_i,work_zone_i,work_zone_type,dooring_i,lane_cnt,workers_present_i
702d6c44f3cac9a96ec433ba7bc1f38effc63f1acf258f20e3745825b71d15b90e1858816b7f9a76660a041321702be1b1c90a2c2d02a28133cfdd1a1673d0e9,2025-07-31T22:51:00.000,30,TRAFFIC SIGNAL,UNKNOWN,CLEAR,"DARKNESS, LIGHTED ROAD",TURNING,DIVIDED - W/MEDIAN BARRIER,STRAIGHT AND LEVEL,DRY,UNKNOWN,ON SCENE,INJURY AND / OR TOW DUE TO CRASH,Y,"OVER $1,500",2025-07-31T22:59:00.000,IMPROPER TURNING/NO SIGNAL,UNABLE TO DETERMINE,100,S,WACKER DR,122,2,NO INDICATION OF INJURY,0,0,0,0,0,2,0,22,5,7,41.8805570251,-87.6371317761,"{'type': 'Point', 'coordinates': [-87.637131776108, 41.880557025143]}",,,,,,,,,,
9c13c2db82817208c51f91e8b99d20106c7093035acb06111d270e3dcb9879bae48785beae833708c65b1a46ad0b011d5ead1071cf47c516357891871e04a080,2025-07-31T22:49:00.000,30,TRAFFIC SIGNAL,FUNCTIONING PROPERLY,CLEAR,"DARKNESS, LIGHTED ROAD",PEDALCYCLIST,NOT DIVIDED,STRAIGHT AND LEVEL,DRY,UNKNOWN,NOT ON SCENE (DESK REPORT),NO INJURY / DRIVE AWAY,,"$501 - $1,500",2025-07-31T22:52:00.000,DRIVING SKILLS/KNOWLEDGE/EXPERIENCE,DRIVING SKILLS/KNOWLEDGE/EXPERIENCE,842,N,DEARBORN ST,1832,2,NO INDICATION OF INJURY,0,0,0,0,0,2,0,22,5,7,41.8979197439,-87.6299603379,"{'type': 'Point', 'coordinates': [-87.629960337852, 41.897919743857]}",,,,,,,,,,
85983d1e2144bf627885c2eca916852d6d9245552cb2d7a53e9bcb3e4aee607c3b601901adf1429a0d757ebc442d6160589e6d5c7f5712e05021a11cacdc945f,2025-07-31T22:45:00.000,30,NO CONTROLS,NO CONTROLS,CLEAR,DARKNESS,PARKED MOTOR VEHICLE,NOT DIVIDED,STRAIGHT AND LEVEL,DRY,NO DEFECTS,ON SCENE,INJURY AND / OR TOW DUE TO CRASH,,"OVER $1,500",2025-07-31T22:45:00.000,UNABLE TO DETERMINE,UNABLE TO DETERMINE,10455,S,AVENUE L,432,3,NO INDICATION OF INJURY,0,0,0,0,0,1,0,22,5,7,41.7047729701,-87.5363482442,"{'type': 'Point', 'coordinates': [-87.53634824424, 41.704772970085]}",,,Y,,,,,,,
c31e52ebcb98e3760c7047dea778a133dd6c338f1fd6225cd7eb51822fc91ec34c6e4baf511630f1b3bb6ec57f9b1313e6884d791a47e1d574b9420e008826e7,2025-07-31T22:40:00.000,30,TRAFFIC SIGNAL,FUNCTIONING PROPERLY,CLEAR,"DARKNESS, LIGHTED ROAD",TURNING,T-INTERSECTION,STRAIGHT AND LEVEL,DRY,NO DEFECTS,ON SCENE,INJURY AND / OR TOW DUE TO CRASH,Y,"$501 - $1,500",2025-07-31T22:43:00.000,FAILING TO YIELD RIGHT-OF-WAY,UNABLE TO DETERMINE,467,E,GRAND AVE,1834,2,NONINCAPACITATING INJURY,1,0,0,1,0,1,0,22,5,7,41.8917742965,-87.6153148829,"{'type': 'Point', 'coordinates': [-87.615314882915, 41.891774296531]}",,,,Y,,,,,,
f81017144168dc14806322a9b50c91e1975c6f9a9f2d04e8eebd0002c97140262ba099b38b54997aaa3cb0110d8a1aa38cfc9ac6ab20de2e4ef148705efb9016,2025-07-31T22:35:00.000,30,TRAFFIC SIGNAL,FUNCTIONING PROPERLY,CLEAR,DARKNESS,PEDALCYCLIST,NOT DIVIDED,STRAIGHT AND LEVEL,DRY,NO DEFECTS,NOT ON SCENE (DESK REPORT),NO INJURY / DRIVE AWAY,,$500 OR LESS,2025-08-01T16:30:00.000,UNABLE TO DETERMINE,NOT APPLICABLE,100,S,MORGAN ST,1232,2,NO INDICATION OF INJURY,0,0,0,0,0,2,0,22,5,7,41.8803437792,-87.6521349754,"{'type': 'Point', 'coordinates': [-87.652134975383, 41.880343779167]}",,,,,,,,,,
243f6683111cef7a6cca57fbecafe039c15ab8f9dc45ad2d4c5e03147d7bf720c82726ceeb3f7e663c91d5c6516bdfdb1994e4f776b696bed35ca1288f7364a5,2025-07-31T22:29:00.000,30,NO CONTROLS,NO CONTROLS,CLEAR,"DARKNESS, LIGHTED ROAD",PARKED MOTOR VEHICLE,NOT DIVIDED,STRAIGHT AND LEVEL,DRY,NO DEFECTS,NOT ON SCENE (DESK REPORT),NO INJURY / DRIVE AWAY,,$500 OR LESS,2025-07-31T23:40:00.000,FAILING TO REDUCE SPEED TO AVOID CRASH,NOT APPLICABLE,21,N,CLINTON ST,121,2,NO INDICATION OF INJURY,0,0,0,0,0,1,0,22,5,7,41.8825210922,-87.6410669763,"{'type': 'Point', 'coordinates': [-87.641066976323, 41.882521092207]}",,,,,,,,,,
9c08094b042d9e9bce6ea4fa41b705d7ce914d8b27da29bdd377b39812906db337536a2c0ad06102f6f02412edcfd6af079203eecfad37db1321239ef512439d,2025-07-31T22:29:00.000,30,NO CONTROLS,NO CONTROLS,CLEAR,"DARKNESS, LIGHTED ROAD",PARKED MOTOR VEHICLE,NOT DIVIDED,STRAIGHT AND LEVEL,DRY,NO DEFECTS,,NO INJURY / DRIVE AWAY,,"OVER $1,500",2025-07-31T23:51:00.000,FOLLOWING TOO CLOSELY,FOLLOWING TOO CLOSELY,404,S,WABASH AVE,113,2,NO INDICATION OF INJURY,0,0,0,0,0,2,0,22,5,7,41.8768133884,-87.6262003761,"{'type': 'Point', 'coordinates': [-87.626200376058, 41.876813388426]}",,,Y,,,,,,,
f0a173333ead3afa9e5fd48abff9d2cddf489a8a71f46d59c5f4c5d6d5d1df424326ffc3b9bf3ee2d79951fe874af1fdc7907d4f92deb505035c772836853e34,2025-07-31T22:16:00.000,30,TRAFFIC SIGNAL,FUNCTIONING PROPERLY,CLEAR,"DARKNESS, LIGHTED ROAD",SIDESWIPE SAME DIRECTION,ONE-WAY,STRAIGHT AND LEVEL,DRY,NO DEFECTS,NOT ON SCENE (DESK REPORT),NO INJURY / DRIVE AWAY,,$500 OR LESS,2025-07-31T22:30:00.000,UNABLE TO DETERMINE,NOT APPLICABLE,300,S,CLARK ST,122,2,NO INDICATION OF INJURY,0,0,0,0,0,2,0,22,5,7,41.8780825148,-87.6309303908,"{'type': 'Point', 'coordinates': [-87.630930390814, 41.878082514793]}",,,,,,,,,,
ecd411bd6c85967cef19bd98b68a731e44345f1e24a8939654a51863eb07672417533af8dc2fd31a104fc6368b80330093f4095e1cf8fc4e7555d15993c25a7b,2025-07-31T22:15:00.000,30,UNKNOWN,UNKNOWN,OTHER,"DARKNESS, LIGHTED ROAD",PARKED MOTOR VEHICLE,ONE-WAY,STRAIGHT AND LEVEL,UNKNOWN,UNKNOWN,NOT ON SCENE (DESK REPORT),NO INJURY / DRIVE AWAY,,$500 OR LESS,2025-07-31T22:20:00.000,IMPROPER BACKING,NOT APPLICABLE,401,S,LA SALLE ST,122,2,NO INDICATION OF INJURY,0,0,0,0,0,1,0,22,5,7,41.876813973,-87.6316226617,"{'type': 'Point', 'coordinates': [-87.631622661681, 41.876813973022]}",,,Y,,,,,,,
ef5ee2d69f66005ff85dc2896bdd0dd9631ed1020e2e1baba930ae24a55937ca14943c27a02f21b2ef21e7237c9de5460d30173d6e6a3cb0d03de09ac79da2fe,2025-07-31T22:14:00.000,30,TRAFFIC SIGNAL,UNKNOWN,UNKNOWN,"DARKNESS, LIGHTED ROAD",TURNING,NOT DIVIDED,STRAIGHT AND LEVEL,UNKNOWN,UNKNOWN,NOT ON SCENE (DESK REPORT),NO INJURY / DRIVE AWAY,Y,"OVER $1,500",2025-08-01T11:40:00.000,FAILING TO YIELD RIGHT-OF-WAY,FAILING TO YIELD RIGHT-OF-WAY,1157,S,STATE ST,123,2,NO INDICATION OF INJURY,0,0,0,0,0,2,0,22,5,7,41.8677554415,-87.6272815058,"{'type': 'Point', 'coordinates': [-87.627281505771, 41.867755441464]}",,,Y,,,,,,,
a40ae95729a94e422864369b955af0f84dcfeba6543f1400009c8c98b54f05f1fb7699e61a4c97398a647bda6285caabda51506295df360c8ece0613f14386b2,2025-07-31T22:13:00.000,30,NO CONTROLS,NO CONTROLS,CLEAR,"DARKNESS, LIGHTED ROAD",SIDESWIPE SAME DIRECTION,NOT DIVIDED,STRAIGHT AND LEVEL,DRY,NO DEFECTS,NOT ON SCENE (DESK REPORT),NO INJURY / DRIVE AWAY,,"OVER $1,500",2025-07-31T23:54:00.000,IMPROPER OVERTAKING/PASSING,FAILING TO REDUCE SPEED TO AVOID CRASH,15,S,STATE ST,112,2,NO INDICATION OF INJURY,0,0,0,0,0,2,0,22,5,7,41.8816397727,-87.6276127136,"{'type': 'Point', 'coordinates': [-87.627612713615, 41.881639772705]}",,,,,,,,,,
c554e15d7df57ef33d9d23197b44cf92c9241d7ee333d14d6e7cde044a8041db46addb51ac08532ed29adc4ef8c3f26962f601d7e3f22799f13f83b858b4123f,2025-07-31T22:10:00.000,30,NO CONTROLS,NO CONTROLS,CLEAR,DARKNESS,PARKED MOTOR VEHICLE,NOT DIVIDED,STRAIGHT AND LEVEL,DRY,NO DEFECTS,NOT ON SCENE (DESK REPORT),NO INJURY / DRIVE AWAY,,"OVER $1,500",2025-08-01T13:40:00.000,FAILING TO YIELD RIGHT-OF-WAY,FAILING TO YIELD RIGHT-OF-WAY,1641,W,MAYPOLE AVE,1224,2,NO INDICATION OF INJURY,0,0,0,0,0,1,0,22,5,7,41.8841297879,-87.668080785,"{'type': 'Point', 'coordinates': [-87.668080784994, 41.884129787888]}",,,Y,,,,,,,
d37a6ec292ec84cd5a7b8812b05b33a7aede0f7f9b71067afd5edbeb1d59c7687730205005cb8704f9b602e7e3ec920d1e19d00f0df286d41bc6146d867a3304,2025-07-31T22:06:00.000,35,UNKNOWN,NO CONTROLS,CLEAR,DARKNESS,SIDESWIPE SAME DIRECTION,NOT DIVIDED,STRAIGHT AND LEVEL,DRY,NO DEFECTS,NOT ON SCENE (DESK REPORT),NO INJURY / DRIVE AWAY,,$500 OR LESS,2025-07-31T22:50:00.000,IMPROPER TURNING/NO SIGNAL,IMPROPER OVERTAKING/PASSING,6815,N,SHERIDAN RD,2431,3,NO INDICATION OF INJURY,0,0,0,0,0,2,0,22,5,7,42.0060608254,-87.660911003,"{'type': 'Point', 'coordinates': [-87.660911003004, 42.006060825387]}",,,,,,,,,,
ad9830390f564077cab7f2150014708b936650454d424d5827bc2e4e36aa65f441e40124d9f61dbeaa022078f94b25ab437c0381a479a7e75088cc85da67f434,2025-07-31T21:59:00.000,30,NO CONTROLS,NO CONTROLS,CLEAR,DARKNESS,SIDESWIPE SAME DIRECTION,NOT DIVIDED,STRAIGHT AND LEVEL,DRY,UNKNOWN,NOT ON SCENE (DESK REPORT),INJURY AND / OR TOW DUE TO CRASH,,"OVER $1,500",2025-08-01T00:15:00.000,UNABLE TO DETERMINE,UNABLE TO DETERMINE,13000,S,INDIANA AVE,533,2,NO INDICATION OF INJURY,0,0,0,0,0,2,0,21,5,7,41.6590092158,-87.6174479065,"{'type': 'Point', 'coordinates': [-87.617447906473, 41.659009215787]}",,,Y,,,,,,,
14c5d4f7be4c7c6d9e821ddd436c360d0d98ef31c6667cdbee060f517e2a6d50be85ea728564e671bfe3ad3e9db329979fd01a6738472e616498a828d69f809c,2025-07-31T21:52:00.000,30,TRAFFIC SIGNAL,FUNCTIONING PROPERLY,CLEAR,"DARKNESS, LIGHTED ROAD",ANGLE,TRAFFIC ROUTE,STRAIGHT AND LEVEL,DRY,NO DEFECTS,ON SCENE,NO INJURY / DRIVE AWAY,N,"OVER $1,500",2025-07-31T21:57:00.000,DISREGARDING TRAFFIC SIGNALS,NOT APPLICABLE,8654,S,HALSTED ST,2223,2,NO INDICATION OF INJURY,0,0,0,0,0,2,0,21,5,7,41.7360786751,-87.6437685949,"{'type': 'Point', 'coordinates': [-87.643768594935, 41.736078675137]}",,,Y,,,,,,,
0ad987f8e738b91451b9791750df6edfec0a76f6a0403c640ee1bafa3cf7cac767c43c743abe18e519feb49772d4517ac803f11accb2ecea56b4aff7783806d9,2025-07-31T21:50:00.000,30,UNKNOWN,UNKNOWN,CLEAR,"DARKNESS, LIGHTED ROAD",REAR END,DIVIDED - W/MEDIAN BARRIER,STRAIGHT AND LEVEL,DRY,UNKNOWN,NOT ON SCENE (DESK REPORT),NO INJURY / DRIVE AWAY,,"OVER $1,500",2025-07-31T22:10:00.000,UNABLE TO DETERMINE,UNABLE TO DETERMINE,8201,S,STONY ISLAND AVE,411,2,NO INDICATION OF INJURY,0,0,0,0,0,2,0,21,5,7,41.7459382967,-87.5852569707,"{'type': 'Point', 'coordinates': [-87.585256970683, 41.745938296685]}",,,,,,,,,,
137bab7bb4af2bdb5b7fb03bf415b6be76499aa54c9d2bae78fedb6fca374339fbaa53e3ad45abb3f2a1bbaa8a956cc9d5a86826b58451f9215a634827977454,2025-07-31T21:50:00.000,30,OTHER REG. SIGN,FUNCTIONING PROPERLY,CLEAR,DUSK,SIDESWIPE SAME DIRECTION,FOUR WAY,STRAIGHT AND LEVEL,DRY,NO DEFECTS,NOT ON SCENE (DESK REPORT),NO INJURY / DRIVE AWAY,Y,"OVER $1,500",2025-08-01T09:50:00.000,DRIVING SKILLS/KNOWLEDGE/EXPERIENCE,UNABLE TO DETERMINE,500,S,DEARBORN ST,123,2,NO INDICATION OF INJURY,0,0,0,0,0,2,0,21,5,7,41.8755691096,-87.6293832259,"{'type': 'Point', 'coordinates': [-87.629383225868, 41.875569109604]}",,,Y,,,,,,,
16a941ed216d370b30b8719228b08a45cb2932cb40137674012c9f4ad7f01285192e275c26d04f406456a77aaa8751fb0a6346c1c4913ec5c2d87d20b1dab77d,2025-07-31T21:49:00.000,30,NO CONTROLS,NO CONTROLS,CLEAR,"DARKNESS, LIGHTED ROAD",TURNING,NOT DIVIDED,STRAIGHT AND LEVEL,DRY,NO DEFECTS,ON SCENE,INJURY AND / OR TOW DUE TO CRASH,,"OVER $1,500",2025-08-01T00:18:00.000,IMPROPER TURNING/NO SIGNAL,NOT APPLICABLE,7250,S,WESTERN AVE,832,2,NONINCAPACITATING INJURY,3,0,0,3,0,3,0,21,5,7,41.7613685571,-87.6832973762,"{'type': 'Point', 'coordinates': [-87.683297376236, 41.761368557146]}",,,,,,,,,,
a4d85751949ab135039c30da2bdf1a9f010198f6d090f6cd799c1b72d3cc9f18fe24d43f61fb212a26afe8524b7280cfbb5b684123b1d3f793953517f456c0f0,2025-07-31T21:45:00.000,30,TRAFFIC SIGNAL,UNKNOWN,UNKNOWN,"DARKNESS, LIGHTED ROAD",REAR END,NOT DIVIDED,STRAIGHT ON GRADE,UNKNOWN,UNKNOWN,NOT ON SCENE (DESK REPORT),NO INJURY / DRIVE AWAY,Y,"$501 - $1,500",2025-07-31T23:10:00.000,FOLLOWING TOO CLOSELY,NOT APPLICABLE,3353,N,SOUTHPORT AVE,1924,2,NO INDICATION OF INJURY,0,0,0,0,0,2,0,21,5,7,41.9431849289,-87.6637639522,"{'type': 'Point', 'coordinates': [-87.663763952155, 41.943184928914]}",,,Y,,,,,,,
f05b8885542fe5047a640e8885dd297584055c05facf0f28778a39c0112f866efc5c98949c5be2d8c20ea0bcbb16e69e445fd4b1b6f7a8a88129935c935e6d12,2025-07-31T21:38:00.000,30,TRAFFIC SIGNAL,FUNCTIONING PROPERLY,CLEAR,"DARKNESS, LIGHTED ROAD",REAR END,DIVIDED - W/MEDIAN BARRIER,STRAIGHT AND LEVEL,DRY,NO DEFECTS,NOT ON SCENE (DESK REPORT),NO INJURY / DRIVE AWAY,,"$501 - $1,500",2025-07-31T23:30:00.000,FOLLOWING TOO CLOSELY,NOT APPLICABLE,1120,S,MICHIGAN AVE,123,2,NO INDICATION OF INJURY,0,0,0,0,0,3,0,21,5,7,41.8686220389,-87.6242607437,"{'type': 'Point', 'coordinates': [-87.624260743663, 41.868622038899]}",,,,,,,,,,
9420f259c62883cc2d68af6d314d1d4c5d7b1d37bd48ef3e0bc50092529e200f969a5c52dcc64687d4e0dd48754fc77082f13b32036f2cfc6514223bfb05f144,2025-07-31T21:30:00.000,30,NO CONTROLS,NO CONTROLS,CLEAR,"DARKNESS, LIGHTED ROAD",SIDESWIPE SAME DIRECTION,NOT DIVIDED,STRAIGHT AND LEVEL,DRY,UNKNOWN,,INJURY AND / OR TOW DUE TO CRASH,,"OVER $1,500",2025-07-31T21:40:00.000,UNABLE TO DETERMINE,UNABLE TO DETERMINE,3357,W,55TH ST,822,2,NO INDICATION OF INJURY,0,0,0,0,0,4,0,21,5,7,41.7933351131,-87.7083078498,"{'type': 'Point', 'coordinates': [-87.708307849796, 41.793335113131]}",,,,,Y,,,,,
3bc15d4087858c3b73c68880f0c0a5ff70352622848ad34bea0e3ff3e3fbfb74bf0c25dd1c0fee1e76f348965f0f0f70ed95c5718ce37516b6a859141421fc1d,2025-07-31T21:25:00.000,10,NO CONTROLS,NO CONTROLS,CLEAR,DARKNESS,ANGLE,PARKING LOT,STRAIGHT AND LEVEL,DRY,UNKNOWN,NOT ON SCENE (DESK REPORT),NO INJURY / DRIVE AWAY,,"OVER $1,500",2025-07-31T22:10:00.000,IMPROPER BACKING,UNABLE TO DETERMINE,8310,S,STONY ISLAND AVE,412,2,NO INDICATION OF INJURY,0,0,0,0,0,2,0,21,5,7,41.7438366901,-87.5859405863,"{'type': 'Point', 'coordinates': [-87.585940586315, 41.743836690147]}",Y,,,,,,,,,
d668d6520befb7d8ae414d3ec6cc5a13d86966961934b5f4572aad0df99cd9dd306be188f451425dc1cea0c17013de8c6aa30708116a03828d935e0686418692,2025-07-31T21:20:00.000,35,TRAFFIC SIGNAL,FUNCTIONING PROPERLY,CLEAR,"DARKNESS, LIGHTED ROAD",SIDESWIPE SAME DIRECTION,T-INTERSECTION,STRAIGHT AND LEVEL,DRY,NO DEFECTS,NOT ON SCENE (DESK REPORT),NO INJURY / DRIVE AWAY,,"OVER $1,500",2025-07-31T22:10:00.000,UNABLE TO DETERMINE,NOT APPLICABLE,1030,N,STATE ST,1824,2,NO INDICATION OF INJURY,0,0,0,0,0,2,0,21,5,7,41.9014634149,-87.6284813715,"{'type': 'Point', 'coordinates': [-87.628481371486, 41.901463414903]}",,,Y,,,,,,,
5a8f3f14c80bd0218a82d4677d71ccf31767ef5c4ae16b3339852613f486c799502906220af0670f9f181b443244c7e45d669b15b103809a89b9f0fffb947ecf,2025-07-31T21:15:00.000,30,TRAFFIC SIGNAL,FUNCTIONING IMPROPERLY,CLEAR,"DARKNESS, LIGHTED ROAD",ANGLE,FOUR WAY,STRAIGHT AND LEVEL,DRY,SHOULDER DEFECT,ON SCENE,INJURY AND / OR TOW DUE TO CRASH,Y,"OVER $1,500",2025-07-31T21:30:00.000,FAILING TO YIELD RIGHT-OF-WAY,NOT APPLICABLE,2398,N,WESTERN AVE,1431,3,NO INDICATION OF INJURY,0,0,0,0,0,5,0,21,5,7,41.9248593302,-87.6877874217,"{'type': 'Point', 'coordinates': [-87.687787421719, 41.924859330192]}",,,,,,,,,,
a2e5c69ae3dbb8580e9d3f7471991994d9b87586fa59fab2aced6f1eb506fd5a6a77a90b4052e2d88fb388822b3d0fdef921bfcec7cdaba4f98dbe000395ac2e,2025-07-31T21:15:00.000,30,NO CONTROLS,NO CONTROLS,CLEAR,"DARKNESS, LIGHTED ROAD",REAR END,DIVIDED - W/MEDIAN (NOT RAISED),STRAIGHT ON GRADE,DRY,UNKNOWN,NOT ON SCENE (DESK REPORT),NO INJURY / DRIVE AWAY,,"OVER $1,500",2025-07-31T21:30:00.000,DISTRACTION - FROM OUTSIDE VEHICLE,FAILING TO REDUCE SPEED TO AVOID CRASH,1601,E,103RD ST,434,2,NO INDICATION OF INJURY,0,0,0,0,0,3,0,21,5,7,41.7076804079,-87.5848161089,"{'type': 'Point', 'coordinates': [-87.584816108862, 41.707680407853]}",,,,,,,,,,
3ad26564fd3feb6c25e833e1583f0b91673d1d085eff2e04363e933606ae743f1ba6881af227a222dcfa7735ec9840f3da508b3c2a6b424c871c635c375cd510,2025-07-31T21:06:00.000,30,NO CONTROLS,NO CONTROLS,CLEAR,"DARKNESS, LIGHTED ROAD",REAR END,NOT DIVIDED,STRAIGHT AND LEVEL,DRY,NO DEFECTS,ON SCENE,INJURY AND / OR TOW DUE TO CRASH,,"OVER $1,500",2025-07-31T21:07:00.000,FAILING TO REDUCE SPEED TO AVOID CRASH,NOT APPLICABLE,4347,N,PULASKI RD,1723,3,"REPORTED, NOT EVIDENT",1,0,0,0,1,3,0,21,5,7,41.960539909,-87.7276693613,"{'type': 'Point', 'coordinates': [-87.727669361312, 41.960539909011]}",,,,,,,,,,
72324bba273169bd3c2cb990dbabcec69905b50dc83e475b7c4902247009b53e9855a3aab4f1b4f42b340e2b9ceac252554cf8cb8bc7178964bf1785415ca8ce,2025-07-31T21:00:00.000,30,TRAFFIC SIGNAL,FUNCTIONING PROPERLY,CLEAR,"DARKNESS, LIGHTED ROAD",SIDESWIPE SAME DIRECTION,DIVIDED - W/MEDIAN (NOT RAISED),STRAIGHT AND LEVEL,DRY,NO DEFECTS,NOT ON SCENE (DESK REPORT),NO INJURY / DRIVE AWAY,,"OVER $1,500",2025-07-31T21:40:00.000,FOLLOWING TOO CLOSELY,FOLLOWING TOO CLOSELY,78,E,WASHINGTON ST,111,2,NO INDICATION OF INJURY,0,0,0,0,0,2,0,21,5,7,41.8833342793,-87.6250501351,"{'type': 'Point', 'coordinates': [-87.625050135114, 41.883334279294]}",,,Y,,,,,,,
3bb7f6c60cf91bea213bb30d8366c80899c5ce5af60308735748fd832a979c846f4a355c5d001d30d1ea49ae66efe315e54f8358e034fa09a7253b01f537b362,2025-07-31T20:55:00.000,10,NO CONTROLS,NO CONTROLS,CLEAR,UNKNOWN,FIXED OBJECT,PARKING LOT,STRAIGHT ON GRADE,UNKNOWN,UNKNOWN,NOT ON SCENE (DESK REPORT),NO INJURY / DRIVE AWAY,,$500 OR LESS,2025-07-31T22:05:00.000,UNABLE TO DETERMINE,UNABLE TO DETERMINE,9837,S,TORRENCE AVE,431,1,NO INDICATION OF INJURY,0,0,0,0,0,1,0,20,5,7,41.7161334356,-87.5596389153,"{'type': 'Point', 'coordinates': [-87.559638915288, 41.716133435563]}",Y,,,,,,,,,
a4db332d6b92b3eaf7d96ae030b6e55d8fa0d92c9d8d99f914978c42089f1d931007f8e203d3ace2a026c1853fdb800e3972cb54188d33f8d7a1f9a3c366a733,2025-07-31T20:55:00.000,30,TRAFFIC SIGNAL,FUNCTIONING PROPERLY,CLEAR,DARKNESS,SIDESWIPE SAME DIRECTION,"FIVE POINT, OR MORE",STRAIGHT AND LEVEL,DRY,NO DEFECTS,ON SCENE,NO INJURY / DRIVE AWAY,Y,$500 OR LESS,2025-07-31T21:00:00.000,EQUIPMENT - VEHICLE CONDITION,EQUIPMENT - VEHICLE CONDITION,1590,N,CLYBOURN AVE,1822,2,NO INDICATION OF INJURY,0,0,0,0,0,3,0,20,5,7,41.9105863985,-87.6492759776,"{'type': 'Point', 'coordinates': [-87.649275977602, 41.91058639855]}",,,,,Y,,,,,
245ca3ab23655412b9ea6bbf8064dc679ab0ecf3a7f55cca90f82158ff5d941b05459dd9d89af3f10ce5d62786def5dd8acfbdb2a393ae2ceb889e01324dd6d9,2025-07-31T20:51:00.000,30,TRAFFIC SIGNAL,FUNCTIONING PROPERLY,CLEAR,DAYLIGHT,TURNING,FOUR WAY,STRAIGHT AND LEVEL,DRY,NO DEFECTS,NOT ON SCENE (DESK REPORT),INJURY AND / OR TOW DUE TO CRASH,Y,"OVER $1,500",2025-07-31T22:00:00.000,FAILING TO YIELD RIGHT-OF-WAY,FAILING TO REDUCE SPEED TO AVOID CRASH,2400,W,FULLERTON AVE,1431,2,NONINCAPACITATING INJURY,1,0,0,1,0,2,0,20,5,7,41.9250099348,-87.6877047522,"{'type': 'Point', 'coordinates': [-87.687704752222, 41.925009934765]}",,,,,,,,,,
65205645bd13901355b8f9397444afea43e6d83781a3c0e41710e27b87339615669aae26773ad61d6d0b82c865bfea1e0d0bd62356872efebb937e45ae40e81f,2025-07-31T20:50:00.000,15,NO CONTROLS,NO CONTROLS,CLEAR,"DARKNESS, LIGHTED ROAD",PARKED MOTOR VEHICLE,NOT DIVIDED,STRAIGHT AND LEVEL,DRY,NO DEFECTS,ON SCENE,INJURY AND / OR TOW DUE TO CRASH,,"OVER $1,500",2025-07-31T20:53:00.000,UNABLE TO DETERMINE,UNABLE TO DETERMINE,3803,W,PALMER ST,2525,3,NONINCAPACITATING INJURY,1,0,0,1,0,1,0,20,5,7,41.9207724141,-87.7219141044,"{'type': 'Point', 'coordinates': [-87.721914104366, 41.920772414147]}",,,Y,,,,,,,
7f6dd6fc05d74c80d7fd782601727f5d7d6a3446c720da038a51857d4bd1cd4c5aa6111c2b6ba1ad086ecdb6d643260d7e9b9658bb27c9a2ed9b4068a87e98ac,2025-07-31T20:45:00.000,10,NO CONTROLS,NO CONTROLS,CLEAR,DARKNESS,PARKED MOTOR VEHICLE,PARKING LOT,STRAIGHT AND LEVEL,DRY,NO DEFECTS,NOT ON SCENE (DESK REPORT),NO INJURY / DRIVE AWAY,,"$501 - $1,500",2025-08-01T14:06:00.000,NOT APPLICABLE,NOT APPLICABLE,1900,W,VAN BUREN ST,1225,2,NO INDICATION OF INJURY,0,0,0,0,0,1,0,20,5,7,41.8763435246,-87.6741764193,"{'type': 'Point', 'coordinates': [-87.674176419342, 41.876343524558]}",Y,,,,,,,,,
8d83d42981e5b3dd309457f61344133b8ba0ba2a024704ed0e15eed2ab0ef67169533a766fb24d53786cbf4a32920c057caaf0aecfc935ba9e1ba4309b4a2415,2025-07-31T20:45:00.000,25,NO CONTROLS,NO CONTROLS,CLEAR,"DARKNESS, LIGHTED ROAD",TURNING,NOT DIVIDED,STRAIGHT AND LEVEL,DRY,NO DEFECTS,NOT ON SCENE (DESK REPORT),NO INJURY / DRIVE AWAY,,$500 OR LESS,2025-08-02T16:45:00.000,UNABLE TO DETERMINE,UNABLE TO DETERMINE,701,S,MICHIGAN AVE,114,2,NO INDICATION OF INJURY,0,0,0,0,0,2,0,20,5,7,41.8730994148,-87.62405157,"{'type': 'Point', 'coordinates': [-87.624051569998, 41.873099414846]}",,,,,,,,,,
da0e781211e6de29e800e50b1041ef54d4019255b4c819ca5b877b35acfa39ff9f30ba8a06bd0b03cdc0ee3855fe44026828b841d5e9b4d01fecf8d84c81485f,2025-07-31T20:45:00.000,30,TRAFFIC SIGNAL,FUNCTIONING PROPERLY,CLEAR,"DARKNESS, LIGHTED ROAD",REAR END,FOUR WAY,STRAIGHT AND LEVEL,UNKNOWN,UNKNOWN,NOT ON SCENE (DESK REPORT),NO INJURY / DRIVE AWAY,,"OVER $1,500",2025-07-31T21:30:00.000,FOLLOWING TOO CLOSELY,UNABLE TO DETERMINE,3158,W,BELMONT AVE,1733,2,NO INDICATION OF INJURY,0,0,0,0,0,2,0,20,5,7,41.9394480228,-87.7069674718,"{'type': 'Point', 'coordinates': [-87.706967471758, 41.939448022823]}",,,,,,,,,,