crash_record_id,crash_date,posted_speed_limit,traffic_control_device,device_condition,weather_condition,lighting_condition,first_crash_type,trafficway_type,alignment,roadway_surface_cond,road_defect,report_type,crash_type,intersection_related_i,damage,date_police_notified,prim_contributory_cause,sec_contributory_cause,street_no,street_direction,street_name,beat_of_occurrence,num_units,most_severe_injury,injuries_total,injuries_fatal,injuries_incapacitating,injuries_non_incapacitating,injuries_reported_not_evident,injuries_no_indication,injuries_unknown,crash_hour,crash_day_of_week,crash_month,latitude,longitude,location,private_property_i,photos_taken_i,hit_and_run_i,statements_taken_i,crash_date_est_i,work_zone_i,work_zone_type,dooring_i,lane_cnt,workers_present_i
4b0439e234ce41251403475a460e0384a60c2c051d8326bc3dd258a35f63971da7769b31ef1e6d5fc781c5765fa6882fb968898aa77d8739100ba01161d73f91,2025-07-31T20:26:00.000,30,NO CONTROLS,UNKNOWN,CLEAR,DARKNESS,REAR TO SIDE,PARKING LOT,STRAIGHT AND LEVEL,UNKNOWN,UNKNOWN,NOT ON SCENE (DESK REPORT),NO INJURY / DRIVE AWAY,,"$501 - $1,500",2025-07-31T22:15:00.000,IMPROPER BACKING,UNABLE TO DETERMINE,8300,S,STONY ISLAND AVE,412,2,NO INDICATION OF INJURY,0,0,0,0,0,2,0,20,5,7,41.744151639,-87.585945067,"{'type': 'Point', 'coordinates': [-87.585945066953, 41.744151639042]}",,,Y,,,,,,,
b8349d0d433b2c0a501d5e2bb4a82a281a726eec9e5ccd282f681bb0eb1803de61066e6facf3f126cac0a0976b801fdbee81e34ebc0cd50ffb90247fea830938,2025-07-31T20:15:00.000,30,NO CONTROLS,NO CONTROLS,CLEAR,"DARKNESS, LIGHTED ROAD",FIXED OBJECT,RAMP,STRAIGHT AND LEVEL,DRY,"RUT, HOLES",ON SCENE,INJURY AND / OR TOW DUE TO CRASH,,"OVER $1,500",2025-07-31T20:20:00.000,IMPROPER LANE USAGE,NOT APPLICABLE,5800,N,MANNHEIM RD,1654,1,,,,,,,,,20,5,7,41.9855755247,-87.8790200935,"{'type': 'Point', 'coordinates': [-87.879020093467, 41.985575524734]}",,,,,,,,,,
23bcebefd90d8eef6b2aef587b894ccdbf4bde5741a5326e6a782686ec12d67a328d4b5eb1aa58ecc3cde2e0fccc20a1b7c68ce410eddfaee29ac3b74a30279a,2025-07-31T20:13:00.000,30,STOP SIGN/FLASHER,FUNCTIONING PROPERLY,CLEAR,"DARKNESS, LIGHTED ROAD",ANGLE,DIVIDED - W/MEDIAN (NOT RAISED),STRAIGHT AND LEVEL,DRY,NO DEFECTS,ON SCENE,INJURY AND / OR TOW DUE TO CRASH,Y,"OVER $1,500",2025-07-31T20:13:00.000,FAILING TO REDUCE SPEED TO AVOID CRASH,NOT APPLICABLE,1336,W,LAKE ST,1215,2,"REPORTED, NOT EVIDENT",1,0,0,0,1,1,0,20,5,7,41.8855611723,-87.6603620193,"{'type': 'Point', 'coordinates': [-87.660362019327, 41.885561172276]}",,,,,,,,,,
f2a10d51e4d922d40b8785eb1a2600ed655bffc1ca7f828c4b6ded0941ec2bf641c27d776129e795f78aa69dfd7cbad1fa09f4834f7f36e622239a719535fc13,2025-07-31T20:10:00.000,30,NO CONTROLS,NO CONTROLS,CLEAR,DUSK,REAR END,DIVIDED - W/MEDIAN (NOT RAISED),STRAIGHT AND LEVEL,DRY,NO DEFECTS,NOT ON SCENE (DESK REPORT),NO INJURY / DRIVE AWAY,,"$501 - $1,500",2025-07-31T21:10:00.000,UNABLE TO DETERMINE,NOT APPLICABLE,7845,S,CICERO AVE,834,2,NO INDICATION OF INJURY,0,0,0,0,0,2,0,20,5,7,41.7496409108,-87.7412487696,"{'type': 'Point', 'coordinates': [-87.741248769578, 41.74964091079]}",,,Y,,,,,,,
fa7f9808c7f723db3358eb395e8574787039d54ce7e1ef3025facecfb25f17504f6fa8c8e15c8ec1b619019ee367f7d55d74eff20d0be89db48dce59abba87f2,2025-07-31T20:09:00.000,30,NO CONTROLS,NO CONTROLS,CLEAR,DUSK,PEDALCYCLIST,DIVIDED - W/MEDIAN (NOT RAISED),STRAIGHT AND LEVEL,DRY,UNKNOWN,ON SCENE,INJURY AND / OR TOW DUE TO CRASH,,"OVER $1,500",2025-07-31T20:09:00.000,UNABLE TO DETERMINE,UNABLE TO DETERMINE,3443,N,BROADWAY,1925,2,"REPORTED, NOT EVIDENT",1,0,0,0,1,1,0,20,5,7,41.9445055612,-87.645371498,"{'type': 'Point', 'coordinates': [-87.645371497977, 41.944505561215]}",,,,,,,,,,
e984fb5f554492329e229082ad8e3a5bd607f547aabb3114b50323ced9ca5f38ddb50546db60f25d3529c736c5b5bbd448fc0ad9eb53b06b040a257e5b59bd05,2025-07-31T20:00:00.000,30,NO CONTROLS,NO CONTROLS,CLEAR,DUSK,FIXED OBJECT,DIVIDED - W/MEDIAN (NOT RAISED),STRAIGHT AND LEVEL,DRY,NO DEFECTS,ON SCENE,NO INJURY / DRIVE AWAY,,"OVER $1,500",2025-07-31T20:14:00.000,PHYSICAL CONDITION OF DRIVER,UNABLE TO DETERMINE,8755,W,HIGGINS RD,1614,1,NO INDICATION OF INJURY,0,0,0,0,0,1,0,20,5,7,41.9875255822,-87.8450801495,"{'type': 'Point', 'coordinates': [-87.845080149486, 41.987525582227]}",Y,,,,,,,,,
c6046cdd3fa0961c2404bdfae2cd2df4e1c3bdced665a1cc610e89a264b3d112fc84b2c6df440943ecaf8b0ab75fb537478b542f22a4a90a78cb942d862a767d,2025-07-31T19:53:00.000,30,TRAFFIC SIGNAL,FUNCTIONING PROPERLY,CLEAR,"DARKNESS, LIGHTED ROAD",REAR END,FOUR WAY,STRAIGHT AND LEVEL,DRY,NO DEFECTS,NOT ON SCENE (DESK REPORT),NO INJURY / DRIVE AWAY,Y,"OVER $1,500",2025-08-02T14:30:00.000,UNABLE TO DETERMINE,UNABLE TO DETERMINE,1600,S,HOMAN AVE,1021,2,NO INDICATION OF INJURY,0,0,0,0,0,2,0,19,5,7,41.8589309616,-87.7104768787,"{'type': 'Point', 'coordinates': [-87.710476878738, 41.858930961623]}",,,,,,,,,,
9454c474235d02b7822dc4d4df269a603a85cc8cb4c225b1cc17dafae281d4093a03da434da16d7ad38fce509cfd5aa43d4196070e615f698a24474253cf1052,2025-07-31T19:45:00.000,35,TRAFFIC SIGNAL,FUNCTIONING PROPERLY,CLEAR,"DARKNESS, LIGHTED ROAD",REAR TO FRONT,ONE-WAY,STRAIGHT AND LEVEL,DRY,NO DEFECTS,NOT ON SCENE (DESK REPORT),NO INJURY / DRIVE AWAY,Y,"OVER $1,500",2025-07-31T21:15:00.000,UNABLE TO DETERMINE,NOT APPLICABLE,43,E,OHIO ST,1834,2,NO INDICATION OF INJURY,0,0,0,0,0,2,0,19,5,7,41.892394751,-87.6264153354,"{'type': 'Point', 'coordinates': [-87.626415335436, 41.892394750983]}",,,,,,,,,,
f64f9ede31385bd464a5b2f4fd5dfe84a88c5e38f2a56d7bed22acfd618664eb0f9e9ac07fb043a7c3554c7e2f0d38df191c229a0c000b952efeee1f86a53ea5,2025-07-31T19:44:00.000,30,NO CONTROLS,NO CONTROLS,UNKNOWN,DUSK,PARKED MOTOR VEHICLE,DIVIDED - W/MEDIAN (NOT RAISED),STRAIGHT AND LEVEL,UNKNOWN,UNKNOWN,NOT ON SCENE (DESK REPORT),NO INJURY / DRIVE AWAY,,"OVER $1,500",2025-08-08T13:00:00.000,UNABLE TO DETERMINE,UNABLE TO DETERMINE,3232,N,SHERIDAN RD,1925,2,NO INDICATION OF INJURY,0,0,0,0,0,1,0,19,5,7,41.9411423068,-87.6397236856,"{'type': 'Point', 'coordinates': [-87.639723685615, 41.941142306767]}",,,,,,,,,,
28802be8f4bb1a5b1d6f8f3d3c64ddfe8edaec7defbba0ce5d5a71093400911bb9fb4ce8d6ef9c80286bc9dc269b27d6f7b21ec12f9453b42ddd66d6dc50d95c,2025-07-31T19:43:00.000,30,TRAFFIC SIGNAL,FUNCTIONING PROPERLY,CLEAR,"DARKNESS, LIGHTED ROAD",REAR END,FOUR WAY,STRAIGHT AND LEVEL,DRY,UNKNOWN,NOT ON SCENE (DESK REPORT),INJURY AND / OR TOW DUE TO CRASH,,"OVER $1,500",2025-08-01T03:40:00.000,UNABLE TO DETERMINE,UNABLE TO DETERMINE,6700,S,SOUTH CHICAGO AVE,322,2,NONINCAPACITATING INJURY,2,0,0,2,0,1,0,19,5,7,41.7728015015,-87.6154290822,"{'type': 'Point', 'coordinates': [-87.615429082211, 41.772801501491]}",,,,,,,,,,
30cd00021ea38a19132df93395acf166b8f0d57276f5efca0e449d506c0eebef3312c0371725d866dc9f8f4276329f2bc4f5796d7fa52e2c1e9f36e17e8d93bb,2025-07-31T19:30:00.000,30,TRAFFIC SIGNAL,FUNCTIONING PROPERLY,CLEAR,DAYLIGHT,REAR END,NOT DIVIDED,STRAIGHT AND LEVEL,DRY,NO DEFECTS,NOT ON SCENE (DESK REPORT),NO INJURY / DRIVE AWAY,Y,"OVER $1,500",2025-07-31T20:00:00.000,FOLLOWING TOO CLOSELY,UNABLE TO DETERMINE,3911,W,CERMAK RD,1013,2,NO INDICATION OF INJURY,0,0,0,0,0,2,0,19,5,7,41.8514659126,-87.7227299818,"{'type': 'Point', 'coordinates': [-87.722729981802, 41.851465912568]}",,,,,,,,,,
a72c1a60ee617948a199bd8b910d109e536d450d542c047c2195401bc3e44fe200a2d15c6f2ffc860f33abe182ece538ee9023df616fff5009595e66e0e98d3d,2025-07-31T19:30:00.000,30,NO CONTROLS,NO CONTROLS,CLEAR,DAYLIGHT,PARKED MOTOR VEHICLE,ONE-WAY,STRAIGHT AND LEVEL,DRY,NO DEFECTS,NOT ON SCENE (DESK REPORT),NO INJURY / DRIVE AWAY,,"OVER $1,500",2025-07-31T19:50:00.000,UNABLE TO DETERMINE,UNABLE TO DETERMINE,6420,S,MARSHFIELD AVE,725,2,NO INDICATION OF INJURY,0,0,0,0,0,1,0,19,5,7,41.7769784971,-87.6655650915,"{'type': 'Point', 'coordinates': [-87.665565091488, 41.776978497115]}",,,Y,,,,,,,
4665b9d39df282435a22064c535ce789433c200360b7acb2e211f3da68109bed93535ba836bd21fc4755d02321fdf6eaa8bf588d1a08edb2162fe1d332fd9687,2025-07-31T19:28:00.000,30,NO CONTROLS,NO CONTROLS,CLEAR,DAYLIGHT,PEDESTRIAN,NOT DIVIDED,STRAIGHT AND LEVEL,UNKNOWN,UNKNOWN,NOT ON SCENE (DESK REPORT),INJURY AND / OR TOW DUE TO CRASH,,"OVER $1,500",2025-08-01T09:00:00.000,FAILING TO YIELD RIGHT-OF-WAY,FAILING TO YIELD RIGHT-OF-WAY,440,N,WABASH AVE,1834,2,NONINCAPACITATING INJURY,1,0,0,1,0,1,0,19,5,7,41.8904864444,-87.6268244603,"{'type': 'Point', 'coordinates': [-87.626824460289, 41.890486444372]}",,,Y,,,,,,,
1d7d890c8f0c33eb844212ba7913c6ec199fc5ac914b7fee22f366e25367c93c3a5aa30f845c86dc56434c63cc0b9999e91410c80a4e62487c419b34f1cd94cc,2025-07-31T19:26:00.000,30,NO CONTROLS,NO CONTROLS,CLEAR,DAYLIGHT,PARKED MOTOR VEHICLE,NOT DIVIDED,STRAIGHT AND LEVEL,DRY,NO DEFECTS,ON SCENE,NO INJURY / DRIVE AWAY,,$500 OR LESS,2025-07-31T19:26:00.000,NOT APPLICABLE,DRIVING SKILLS/KNOWLEDGE/EXPERIENCE,4000,W,MAYPOLE AVE,1114,2,NO INDICATION OF INJURY,0,0,0,0,0,1,0,19,5,7,41.8847874305,-87.7258487018,"{'type': 'Point', 'coordinates': [-87.725848701789, 41.884787430478]}",,,,,,,,,,
6562b1720764987df085603597841164768cb81f2eac9ca36d997a52ffdcfa3117b1455f61bbcb596f6a34c725b91ec58194adc086fac77410d5a8488913836a,2025-07-31T19:23:00.000,10,UNKNOWN,UNKNOWN,CLEAR,DAWN,OTHER OBJECT,OTHER,STRAIGHT AND LEVEL,DRY,NO DEFECTS,ON SCENE,NO INJURY / DRIVE AWAY,,"OVER $1,500",2025-07-31T20:15:00.000,IMPROPER BACKING,UNABLE TO DETERMINE,721,E,103RD ST,512,1,NO INDICATION OF INJURY,0,0,0,0,0,1,0,19,5,7,41.7073461546,-87.6056110011,"{'type': 'Point', 'coordinates': [-87.605611001065, 41.707346154584]}",Y,,,Y,,N,,,,
65bdda07c810c009c9464bba67f430646afad54be860686f630397da5053be6d9344f16179262f5ccce595b44813f6e7554d06f85498a0d029fa21a0663395d7,2025-07-31T19:20:00.000,30,TRAFFIC SIGNAL,FUNCTIONING PROPERLY,CLEAR,DAYLIGHT,TURNING,FOUR WAY,STRAIGHT AND LEVEL,DRY,NO DEFECTS,ON SCENE,INJURY AND / OR TOW DUE TO CRASH,Y,"OVER $1,500",2025-07-31T19:43:00.000,FAILING TO YIELD RIGHT-OF-WAY,NOT APPLICABLE,1436,S,CALIFORNIA BLVD,1022,2,NO INDICATION OF INJURY,0,0,0,0,0,3,0,19,5,7,41.8613865589,-87.6959037661,"{'type': 'Point', 'coordinates': [-87.69590376615, 41.861386558892]}",,,Y,,,,,,,
fec69452fb696141f70596d6b4919a637bc0bf22e434e7e011314c7ae9ee1ff570d91bd249db9dd1b1e0b7d9126dd44c102d4a56da8aa935154dbfabba6dcf35,2025-07-31T19:20:00.000,30,TRAFFIC SIGNAL,FUNCTIONING PROPERLY,CLEAR,DAYLIGHT,REAR END,DIVIDED - W/MEDIAN (NOT RAISED),STRAIGHT AND LEVEL,DRY,NO DEFECTS,NOT ON SCENE (DESK REPORT),NO INJURY / DRIVE AWAY,,"OVER $1,500",2025-07-31T20:55:00.000,UNABLE TO DETERMINE,UNABLE TO DETERMINE,1800,S,HALSTED ST,1235,2,NO INDICATION OF INJURY,0,0,0,0,0,2,0,19,5,7,41.8580626576,-87.6467952716,"{'type': 'Point', 'coordinates': [-87.646795271613, 41.858062657592]}",,,,,,,,,,
5b288a6b7c59b1f966e7fe04e8e5f38c6f6341b8a22e74bde24900a3ce6792644c6901d2ebc93d5fa83b29a8764182734ad2578229593cdf1e2dbf0dd67076b4,2025-07-31T19:00:00.000,30,TRAFFIC SIGNAL,FUNCTIONING PROPERLY,CLEAR,DAYLIGHT,SIDESWIPE SAME DIRECTION,ONE-WAY,STRAIGHT AND LEVEL,DRY,NO DEFECTS,NOT ON SCENE (DESK REPORT),NO INJURY / DRIVE AWAY,,"OVER $1,500",2025-07-31T19:30:00.000,IMPROPER OVERTAKING/PASSING,NOT APPLICABLE,1647,N,LA SALLE DR,1814,2,NO INDICATION OF INJURY,0,0,0,0,0,2,0,19,5,7,41.9125032395,-87.6330119329,"{'type': 'Point', 'coordinates': [-87.633011932875, 41.912503239452]}",,,,,,,,,,
cebae63fab1a5ef5c28389e726d07bda42a59fe89d280495f98466b60b8bb3883b9da2b81af0c3278211382d6b6894f6d3ffcc4f87495263df4f1ecca89c0fe0,2025-07-31T19:00:00.000,25,NO CONTROLS,NO CONTROLS,CLEAR,DAYLIGHT,PARKED MOTOR VEHICLE,ONE-WAY,STRAIGHT AND LEVEL,DRY,NO DEFECTS,ON SCENE,INJURY AND / OR TOW DUE TO CRASH,,"OVER $1,500",2025-07-31T19:07:00.000,IMPROPER LANE USAGE,UNABLE TO DETERMINE,5829,W,WARWICK AVE,1633,3,NO INDICATION OF INJURY,0,0,0,0,0,2,0,19,5,7,41.9484351528,-87.7729099128,"{'type': 'Point', 'coordinates': [-87.772909912768, 41.948435152758]}",,,,,,,,,,
8bcb93aa08017c4c26b77dbce1888b21d0d6a2eead22328f3a7e8a45a3d8c8b5becc9c1e8132600bbfc53cacb1cbb3b3410f4b56fa2099df71e9772ffd1350cb,2025-07-31T18:53:00.000,30,TRAFFIC SIGNAL,UNKNOWN,CLEAR,DAYLIGHT,PEDESTRIAN,DIVIDED - W/MEDIAN (NOT RAISED),STRAIGHT AND LEVEL,DRY,UNKNOWN,,INJURY AND / OR TOW DUE TO CRASH,,"OVER $1,500",2025-07-31T18:53:00.000,UNABLE TO DETERMINE,UNABLE TO DETERMINE,6300,S,MORGAN ST,724,2,FATAL,1,1,0,0,0,2,0,18,5,7,41.7795810129,-87.6497871291,"{'type': 'Point', 'coordinates': [-87.649787129108, 41.779581012899]}",,Y,,,,,,,,
dfd2fcce9ea7cadcc54046f4f06d9425bcf43b2c7840d461c7170be6c43062e5df194a9926426568711d98e771b45eba8fd9238b78df9723409b0cd9306cb6ba,2025-07-31T18:50:00.000,20,NO CONTROLS,NO CONTROLS,CLEAR,DAYLIGHT,SIDESWIPE SAME DIRECTION,ONE-WAY,STRAIGHT AND LEVEL,DRY,NO DEFECTS,ON SCENE,NO INJURY / DRIVE AWAY,,"OVER $1,500",2025-07-31T19:03:00.000,UNABLE TO DETERMINE,UNABLE TO DETERMINE,4231,W,MONROE ST,1115,2,NO INDICATION OF INJURY,0,0,0,0,0,3,0,18,5,7,41.8795770172,-87.7318027336,"{'type': 'Point', 'coordinates': [-87.731802733586, 41.879577017198]}",,,Y,,,,,,,
c5d4c8e98a578b436b53a6de9414ec78bcbe59d7976af4f76b855bc6ae181693261b3eba6ccc6e4ded088ac5b564ac505bb3354e61787bb98c756a1523b89584,2025-07-31T18:49:00.000,25,NO CONTROLS,NO CONTROLS,CLEAR,DAYLIGHT,ANGLE,DIVIDED - W/MEDIAN (NOT RAISED),STRAIGHT AND LEVEL,DRY,WORN SURFACE,ON SCENE,INJURY AND / OR TOW DUE TO CRASH,,"OVER $1,500",2025-07-31T18:50:00.000,IMPROPER OVERTAKING/PASSING,FAILING TO REDUCE SPEED TO AVOID CRASH,812,N,LARRABEE ST,1822,2,NONINCAPACITATING INJURY,2,0,0,2,0,2,0,18,5,7,41.896919697,-87.643086473,"{'type': 'Point', 'coordinates': [-87.643086473044, 41.896919696954]}",,,,,,,,,,
2437f769e9ca7072ed6bd973aee83e2e4cc7603d3aadc2d6a999db9eb52793954421b6d7c4d32be3dd51991e1fd8ff1936e32e87e9d1db7739385bb2873c83a6,2025-07-31T18:45:00.000,30,UNKNOWN,UNKNOWN,UNKNOWN,UNKNOWN,ANGLE,PARKING LOT,STRAIGHT AND LEVEL,UNKNOWN,UNKNOWN,NOT ON SCENE (DESK REPORT),NO INJURY / DRIVE AWAY,,"$501 - $1,500",2025-08-07T18:50:00.000,UNABLE TO DETERMINE,UNABLE TO DETERMINE,721,S,SEELEY AVE,1225,2,NO INDICATION OF INJURY,0,0,0,0,0,2,0,18,5,7,41.8725275314,-87.6774416962,"{'type': 'Point', 'coordinates': [-87.677441696207, 41.872527531396]}",,,,,,,,,,
ab34eba712f99843901ec84337e713680cd30602cb9bc313b28a1d79cc545882cb37602e1a051248c91d22e39d1b864dd11253701e9ea891bb0194bf31445ef7,2025-07-31T18:45:00.000,30,TRAFFIC SIGNAL,NO CONTROLS,CLEAR,DAYLIGHT,REAR END,NOT DIVIDED,STRAIGHT AND LEVEL,DRY,NO DEFECTS,NOT ON SCENE (DESK REPORT),NO INJURY / DRIVE AWAY,,"OVER $1,500",2025-07-31T19:29:00.000,FOLLOWING TOO CLOSELY,NOT APPLICABLE,1800,S,CANAL ST,1235,2,NO INDICATION OF INJURY,0,0,0,0,0,2,0,18,5,7,41.8575640708,-87.6390789106,"{'type': 'Point', 'coordinates': [-87.639078910579, 41.857564070819]}",,,,,,,,,,
fefb49bd56536559b9e6ae3f637c99033315a77379cd9105aedb224ad05649de444eb66e06d9bc3a4b0d5753cd84608ea6129b20ec71a5288fbaf4eb0924599b,2025-07-31T18:39:00.000,30,OTHER RAILROAD CROSSING,FUNCTIONING PROPERLY,CLEAR,DAYLIGHT,REAR END,NOT DIVIDED,STRAIGHT AND LEVEL,DRY,NO DEFECTS,NOT ON SCENE (DESK REPORT),INJURY AND / OR TOW DUE TO CRASH,,"OVER $1,500",2025-07-31T20:01:00.000,FOLLOWING TOO CLOSELY,NOT APPLICABLE,3552,W,79TH ST,835,2,NONINCAPACITATING INJURY,2,0,0,2,0,4,0,18,5,7,41.7498365611,-87.7117126806,"{'type': 'Point', 'coordinates': [-87.711712680575, 41.749836561134]}",,,,,,,,,,
606c41aad1d25609f8c4ba804ccb85e0d472c963324f2f37c33ec03f62d285ad7a81baf6e49016fa26172305652e3b70e01262584206b245ae823fade837e5a2,2025-07-31T18:30:00.000,35,NO CONTROLS,NO CONTROLS,CLEAR,DAYLIGHT,SIDESWIPE OPPOSITE DIRECTION,NOT DIVIDED,STRAIGHT AND LEVEL,DRY,NO DEFECTS,NOT ON SCENE (DESK REPORT),INJURY AND / OR TOW DUE TO CRASH,,"OVER $1,500",2025-07-31T18:45:00.000,IMPROPER TURNING/NO SIGNAL,NOT APPLICABLE,7852,S,SOUTH CHICAGO AVE,411,2,,,,,,,,,18,5,7,41.7517657273,-87.5861625668,"{'type': 'Point', 'coordinates': [-87.586162566787, 41.751765727264]}",,,,,,,,,,
8724e5e46b5a6c5f6750afe6a1a0c533d249bd67040ac982971b2446e12b8f4c0e84e0e65a9611d7e17f084fff1a8e17a93ebcb9315f6441e409a8836a86150e,2025-07-31T18:30:00.000,30,TRAFFIC SIGNAL,FUNCTIONING PROPERLY,CLEAR,DAYLIGHT,REAR END,FOUR WAY,STRAIGHT AND LEVEL,DRY,NO DEFECTS,NOT ON SCENE (DESK REPORT),NO INJURY / DRIVE AWAY,,"OVER $1,500",2025-08-01T12:15:00.000,UNABLE TO DETERMINE,NOT APPLICABLE,4210,N,CICERO AVE,1624,2,NO INDICATION OF INJURY,0,0,0,0,0,2,0,18,5,7,41.9574294166,-87.747574416,"{'type': 'Point', 'coordinates': [-87.747574416049, 41.957429416618]}",,,,,,,,,,
a36692c89742c25a6cb4a5c241d948ec6a49b0c23b0a02c7fde884c8928e4d3e9d354bcfa4d3d40421e522a0706fc064a3d397c1b8aac0de7423c166953a4fee,2025-07-31T18:30:00.000,30,UNKNOWN,UNKNOWN,UNKNOWN,UNKNOWN,REAR END,DIVIDED - W/MEDIAN (NOT RAISED),STRAIGHT AND LEVEL,UNKNOWN,UNKNOWN,NOT ON SCENE (DESK REPORT),NO INJURY / DRIVE AWAY,,"OVER $1,500",2025-08-08T14:00:00.000,FOLLOWING TOO CLOSELY,FOLLOWING TOO CLOSELY,3428,W,ADDISON ST,1732,2,NO INDICATION OF INJURY,0,0,0,0,0,3,0,18,5,7,41.9466620426,-87.7138840099,"{'type': 'Point', 'coordinates': [-87.713884009936, 41.94666204255]}",,,,,,,,,,
b5554ffb1d3a9f6488339217c275026bd82a99029a28d57bb300313114110e5bcc0e8df1a0ac3004709567b9ea1281b8b8ad433bcdb54749a1694ea77348f579,2025-07-31T18:07:00.000,20,TRAFFIC SIGNAL,FUNCTIONING PROPERLY,CLEAR,DAYLIGHT,OTHER OBJECT,FOUR WAY,STRAIGHT AND LEVEL,DRY,NO DEFECTS,ON SCENE,INJURY AND / OR TOW DUE TO CRASH,Y,$500 OR LESS,2025-07-31T18:07:00.000,FAILING TO YIELD RIGHT-OF-WAY,NOT APPLICABLE,699,S,WABASH AVE,123,2,"REPORTED, NOT EVIDENT",1,0,0,0,1,2,0,18,5,7,41.8731914729,-87.6258206009,"{'type': 'Point', 'coordinates': [-87.625820600868, 41.873191472858]}",,,,,,,,,,
30a9709bfe89339cb5d00a5bd8006553c1be393e90ea2a49d1ec48041b46b6d3355e374b4c096f084ee5396db24fe996b07c09f5cd6563579f8cea0ffc59e1b3,2025-07-31T18:05:00.000,35,NO CONTROLS,NO CONTROLS,CLEAR,DAYLIGHT,PARKED MOTOR VEHICLE,DIVIDED - W/MEDIAN BARRIER,STRAIGHT AND LEVEL,DRY,NO DEFECTS,NOT ON SCENE (DESK REPORT),NO INJURY / DRIVE AWAY,,"OVER $1,500",2025-07-31T23:05:00.000,UNABLE TO DETERMINE,NOT APPLICABLE,850,W,SUPERIOR ST,1214,2,NO INDICATION OF INJURY,0,0,0,0,0,2,0,18,5,7,41.8956320834,-87.6497895692,"{'type': 'Point', 'coordinates': [-87.649789569227, 41.895632083432]}",,,Y,,,,,,,
14176670eda541bbda015e2796685fc1f7dbdc9e59bd11025dbadc2d3a1609080ad7b7090409904bbd491b1283367a75644c4eff626888f1cd9c30e0d172b60a,2025-07-31T18:00:00.000,30,UNKNOWN,UNKNOWN,CLEAR,DAYLIGHT,REAR END,OTHER,STRAIGHT AND LEVEL,DRY,UNKNOWN,NOT ON SCENE (DESK REPORT),NO INJURY / DRIVE AWAY,,"$501 - $1,500",2025-07-31T19:00:00.000,NOT APPLICABLE,NOT APPLICABLE,732,S,LARAMIE AVE,1522,2,NO INDICATION OF INJURY,0,0,0,0,0,2,0,18,5,7,41.8710541364,-87.7548734343,"{'type': 'Point', 'coordinates': [-87.754873434308, 41.871054136374]}",,,Y,,,,,,,
6f1165456208fa0b21e2b67cf14f654dae8e840618c6d65ebb27b6afcd41ad5673fff9a8514fc78177da4d71acfc9e050eb66e69c4f479855c7d23300f3cb8ca,2025-07-31T18:00:00.000,30,TRAFFIC SIGNAL,FUNCTIONING PROPERLY,CLEAR,DAYLIGHT,SIDESWIPE SAME DIRECTION,DIVIDED - W/MEDIAN (NOT RAISED),STRAIGHT AND LEVEL,DRY,NO DEFECTS,NOT ON SCENE (DESK REPORT),NO INJURY / DRIVE AWAY,,"OVER $1,500",2025-07-31T22:00:00.000,UNABLE TO DETERMINE,NOT APPLICABLE,7201,S,PULASKI RD,833,2,NO INDICATION OF INJURY,0,0,0,0,0,2,0,18,5,7,41.7622689727,-87.7221608046,"{'type': 'Point', 'coordinates': [-87.722160804615, 41.762268972664]}",,,Y,,,,,,,
78c65cf15dffec64433802cb563b424848b978f50345bcae69e493e1721db7dd390fcc0e7c53bb6e7caf1b59fb14c3c4239e15cc9e26264142bb4fdd5df27598,2025-07-31T18:00:00.000,30,NO CONTROLS,NO CONTROLS,CLEAR,DAYLIGHT,PARKED MOTOR VEHICLE,NOT DIVIDED,STRAIGHT AND LEVEL,DRY,OTHER,ON SCENE,NO INJURY / DRIVE AWAY,,$500 OR LESS,2025-07-31T18:20:00.000,NOT APPLICABLE,NOT APPLICABLE,641,E,47TH ST,223,2,NO INDICATION OF INJURY,0,0,0,0,0,1,0,18,5,7,41.8093765429,-87.6098708318,"{'type': 'Point', 'coordinates': [-87.609870831756, 41.809376542861]}",,,,,N,,,,,
e309aed857fd38fe84992ec96cccb5781d96e38b6161ee7e3f0cda9add3ab043f50d8280c1420fd29635a821ad068debc519104aa87ac8c67788cea022781161,2025-07-31T18:00:00.000,35,NO CONTROLS,NO CONTROLS,CLEAR,DAYLIGHT,SIDESWIPE SAME DIRECTION,ONE-WAY,STRAIGHT AND LEVEL,DRY,NO DEFECTS,ON SCENE,NO INJURY / DRIVE AWAY,,"OVER $1,500",2025-07-31T18:03:00.000,FAILING TO YIELD RIGHT-OF-WAY,UNABLE TO DETERMINE,530,N,DRAKE AVE,1121,2,NO INDICATION OF INJURY,0,0,0,0,0,3,0,18,5,7,41.8911885321,-87.7151142875,"{'type': 'Point', 'coordinates': [-87.71511428745, 41.891188532108]}",,,,N,,,,,,