crash_record_id,crash_date,posted_speed_limit,traffic_control_device,device_condition,weather_condition,lighting_condition,first_crash_type,trafficway_type,alignment,roadway_surface_cond,road_defect,report_type,crash_type,intersection_related_i,damage,date_police_notified,prim_contributory_cause,sec_contributory_cause,street_no,street_direction,street_name,beat_of_occurrence,num_units,most_severe_injury,injuries_total,injuries_fatal,injuries_incapacitating,injuries_non_incapacitating,injuries_reported_not_evident,injuries_no_indication,injuries_unknown,crash_hour,crash_day_of_week,crash_month,latitude,longitude,location,private_property_i,photos_taken_i,hit_and_run_i,statements_taken_i,crash_date_est_i,work_zone_i,work_zone_type,dooring_i,lane_cnt,workers_present_i
d4b34d649a7c8cd6e68fc8e8fde51400f7016086325730a5240823fb0a29fd6be742ffbe2586ac1da8b6694b7031a5d87a9623025ff5448b6146a7bb0608d965,2025-07-31T17:52:00.000,30,NO CONTROLS,NO CONTROLS,CLEAR,DAYLIGHT,REAR END,NOT DIVIDED,STRAIGHT AND LEVEL,DRY,UNKNOWN,NOT ON SCENE (DESK REPORT),NO INJURY / DRIVE AWAY,,"OVER $1,500",2025-07-31T18:30:00.000,UNABLE TO DETERMINE,NOT APPLICABLE,333,N,WESTERN AVE,1223,2,NO INDICATION OF INJURY,0,0,0,0,0,3,0,17,5,7,41.8876589044,-87.6864458671,"{'type': 'Point', 'coordinates': [-87.686445867112, 41.88765890441]}",,,,,,,,,,
8a7b8a147da517b183fdcc605c0712f9ecc085f4ecad04720ebbcea024de4fa2649c71985a65a8e4ad3c673fb77a8e25d5effd52e46d8498b8cadf59a0e539a7,2025-07-31T17:48:00.000,30,NO CONTROLS,NO CONTROLS,CLEAR,DAYLIGHT,SIDESWIPE SAME DIRECTION,DIVIDED - W/MEDIAN (NOT RAISED),STRAIGHT AND LEVEL,DRY,UNKNOWN,NOT ON SCENE (DESK REPORT),NO INJURY / DRIVE AWAY,,"OVER $1,500",2025-07-31T19:30:00.000,IMPROPER OVERTAKING/PASSING,NOT APPLICABLE,2007,N,KIMBALL AVE,1413,2,NO INDICATION OF INJURY,0,0,0,0,0,3,0,17,5,7,41.9175624189,-87.7117551087,"{'type': 'Point', 'coordinates': [-87.711755108678, 41.9175624189]}",,Y,Y,,,,,,,
f88d44ac2112b02d66a26dd147870287fac216b9b57791363ee435d9deaa8a4e1e4dab25d819fa2356cf35d822e83796f322991c4df8fb784bd8ab417058376f,2025-07-31T17:40:00.000,30,TRAFFIC SIGNAL,FUNCTIONING PROPERLY,CLEAR,DAYLIGHT,TURNING,NOT DIVIDED,STRAIGHT AND LEVEL,DRY,NO DEFECTS,ON SCENE,INJURY AND / OR TOW DUE TO CRASH,Y,"OVER $1,500",2025-07-31T17:41:00.000,FAILING TO YIELD RIGHT-OF-WAY,FAILING TO YIELD RIGHT-OF-WAY,3500,S,WESTERN BLVD,911,2,NONINCAPACITATING INJURY,1,0,0,1,0,4,0,17,5,7,41.8302367756,-87.6846047573,"{'type': 'Point', 'coordinates': [-87.684604757265, 41.830236775648]}",,,,,Y,,,,,
ad9c9049483519f065f2d362c4bf8fa212144f3cad5eb5a239c6dc033844e701e38ca5e17cb568cd43df6abe8083962aa2af9dfc5bb67dc6e8dbf9fa1f3af648,2025-07-31T17:35:00.000,30,TRAFFIC SIGNAL,FUNCTIONING PROPERLY,CLEAR,DAYLIGHT,SIDESWIPE SAME DIRECTION,ONE-WAY,STRAIGHT AND LEVEL,DRY,NO DEFECTS,NOT ON SCENE (DESK REPORT),NO INJURY / DRIVE AWAY,Y,"OVER $1,500",2025-07-31T21:10:00.000,FAILING TO REDUCE SPEED TO AVOID CRASH,IMPROPER OVERTAKING/PASSING,37,W,ONTARIO ST,1832,2,NO INDICATION OF INJURY,0,0,0,0,0,2,0,17,5,7,41.8931405287,-87.629614165,"{'type': 'Point', 'coordinates': [-87.629614164999, 41.893140528749]}",,,,,,,,,,
1dd75c96a1591182dddaf1e765eb4408cc8a1928289018a98b3f0ff35eab3780863eb924dd091e6b2d5f0a499f3218aa99ec03d3ad50a4259de713c35aff1d9c,2025-07-31T17:30:00.000,30,NO CONTROLS,NO CONTROLS,CLEAR,DAYLIGHT,SIDESWIPE SAME DIRECTION,DIVIDED - W/MEDIAN (NOT RAISED),STRAIGHT AND LEVEL,DRY,NO DEFECTS,,NO INJURY / DRIVE AWAY,,"OVER $1,500",2025-07-31T18:30:00.000,FAILING TO YIELD RIGHT-OF-WAY,FAILING TO YIELD RIGHT-OF-WAY,60,W,ONTARIO ST,1832,2,NO INDICATION OF INJURY,0,0,0,0,0,2,0,17,5,7,41.8933492774,-87.6303903135,"{'type': 'Point', 'coordinates': [-87.630390313504, 41.89334927743]}",,,,,,,,,,
dd3b1b436c1f6d24b80ab318701dd5ab293de0a201042392258f9582d527c35826f44cff337ce2d9ef95a366667aae020acea6aed40e98d2861aa1b68054be6c,2025-07-31T17:30:00.000,30,NO CONTROLS,NO CONTROLS,CLEAR,DAYLIGHT,SIDESWIPE SAME DIRECTION,DIVIDED - W/MEDIAN BARRIER,STRAIGHT AND LEVEL,UNKNOWN,UNKNOWN,NOT ON SCENE (DESK REPORT),NO INJURY / DRIVE AWAY,,"OVER $1,500",2025-07-31T19:21:00.000,FAILING TO YIELD RIGHT-OF-WAY,NOT APPLICABLE,1921,W,PETERSON AVE,2012,2,NO INDICATION OF INJURY,0,0,0,0,0,2,0,17,5,7,41.9905942257,-87.6780042074,"{'type': 'Point', 'coordinates': [-87.678004207364, 41.990594225689]}",,,,,,,,,,
53bcfb83fad50af3730121cc6b2091b9f8f8439a5e075dd755f1147b86af374c44bf558f3ee1b031bb6541ef5d92e50faf9074163615e254772636d57b7cdd22,2025-07-31T17:29:00.000,25,STOP SIGN/FLASHER,UNKNOWN,CLEAR,DAYLIGHT,PEDALCYCLIST,NOT DIVIDED,STRAIGHT AND LEVEL,DRY,UNKNOWN,ON SCENE,NO INJURY / DRIVE AWAY,,"OVER $1,500",2025-07-31T17:40:00.000,FAILING TO YIELD RIGHT-OF-WAY,UNABLE TO DETERMINE,2629,N,WESTERN AVE,1432,2,NO INDICATION OF INJURY,0,0,0,0,0,2,0,17,5,7,41.9296717548,-87.6876653674,"{'type': 'Point', 'coordinates': [-87.68766536739, 41.929671754811]}",,,,,,,,,,
9b2934c0165304271f62e5ecda885b47e44bdb4014f7bfd264bb2182efefafb34fddd84f33caafc5f3b0e353b23352c6c0e4de9680e099d15056a8295f2a7636,2025-07-31T17:27:00.000,30,NO CONTROLS,NO CONTROLS,CLEAR,DAYLIGHT,REAR END,NOT DIVIDED,STRAIGHT AND LEVEL,DRY,NO DEFECTS,NOT ON SCENE (DESK REPORT),NO INJURY / DRIVE AWAY,,"OVER $1,500",2025-07-31T18:00:00.000,FOLLOWING TOO CLOSELY,FOLLOWING TOO CLOSELY,10700,S,KEDZIE AVE,2211,2,NO INDICATION OF INJURY,0,0,0,0,0,2,0,17,5,7,41.6987770221,-87.7012256089,"{'type': 'Point', 'coordinates': [-87.701225608923, 41.698777022064]}",,,,,,,,,,
70b5b1845986306d84dc4015ca9adaac5da808faac16737bae9ac80d9e0ad3ef0c400cc24d628554d34d7264d49ed2194075cd6dfaca500a409d999cf8b75547,2025-07-31T17:25:00.000,30,NO CONTROLS,NO CONTROLS,CLEAR,DAYLIGHT,PARKED MOTOR VEHICLE,NOT DIVIDED,STRAIGHT AND LEVEL,DRY,UNKNOWN,ON SCENE,INJURY AND / OR TOW DUE TO CRASH,,"OVER $1,500",2025-07-31T17:40:00.000,NOT APPLICABLE,NOT APPLICABLE,1350,E,53RD ST,234,2,NO INDICATION OF INJURY,0,0,0,0,0,3,0,17,5,7,41.7996046227,-87.5929995617,"{'type': 'Point', 'coordinates': [-87.592999561677, 41.799604622725]}",,,,,,,,,,
1b59f0b704c4e53bb46e2a2dfee3318cb5487810bd5797848753b857a330a9a4408cf6933ee7f210c87e70eb9fc3ee1362a190b389448caea32037e2110a15a3,2025-07-31T17:20:00.000,30,OTHER WARNING SIGN,FUNCTIONING PROPERLY,CLEAR,DAYLIGHT,TURNING,FOUR WAY,STRAIGHT AND LEVEL,DRY,UNKNOWN,ON SCENE,INJURY AND / OR TOW DUE TO CRASH,Y,"OVER $1,500",2025-07-31T17:43:00.000,IMPROPER TURNING/NO SIGNAL,ROAD CONSTRUCTION/MAINTENANCE,6201,N,WESTERN AVE,2413,2,"REPORTED, NOT EVIDENT",1,0,0,0,1,2,0,17,5,7,41.9941865253,-87.6896200233,"{'type': 'Point', 'coordinates': [-87.689620023342, 41.99418652525]}",,,,,,,,,,
9939c21130e32808e640f97d7710565c99f93e4d00870c07deca5dc03271c833f4f23f3b8c24f1d6e2ac77fd9b70cb05bb3536bf7b97c88817217491d9018f38,2025-07-31T17:20:00.000,30,NO CONTROLS,NO CONTROLS,CLEAR,DAYLIGHT,PEDESTRIAN,NOT DIVIDED,STRAIGHT AND LEVEL,DRY,NO DEFECTS,ON SCENE,INJURY AND / OR TOW DUE TO CRASH,,$500 OR LESS,2025-07-31T17:25:00.000,IMPROPER OVERTAKING/PASSING,NOT APPLICABLE,1342,W,GRAND AVE,1215,3,NONINCAPACITATING INJURY,2,0,0,2,0,2,0,17,5,7,41.8911539953,-87.6607144931,"{'type': 'Point', 'coordinates': [-87.660714493066, 41.891153995259]}",,,,,,,,,,
eaa9b88dd2c05eeda23ad5e40ad95234a524435db6f874965bc4a4c6d8472af4ae6dd45260693af2502185718619208943d9c420707ec5aacb7817a735ab5fe9,2025-07-31T17:18:00.000,30,STOP SIGN/FLASHER,FUNCTIONING PROPERLY,CLEAR,DAYLIGHT,ANGLE,FOUR WAY,STRAIGHT AND LEVEL,DRY,UNKNOWN,ON SCENE,INJURY AND / OR TOW DUE TO CRASH,Y,"OVER $1,500",2025-07-31T17:19:00.000,UNABLE TO DETERMINE,NOT APPLICABLE,6300,S,VERNON AVE,312,2,NONINCAPACITATING INJURY,2,0,0,2,0,1,0,17,5,7,41.7801680427,-87.6145559297,"{'type': 'Point', 'coordinates': [-87.614555929706, 41.780168042655]}",,,,,,,,,,
bd23780a4c222476fb040b547f573638cebce9f0d9dba96762c955d3b839678d5a7e89ae33719fa57d51ea086ee7c287dbd56131aa6a0becb45c3a5f2be242e0,2025-07-31T17:15:00.000,30,STOP SIGN/FLASHER,FUNCTIONING PROPERLY,CLEAR,DAYLIGHT,REAR END,ONE-WAY,STRAIGHT AND LEVEL,DRY,NO DEFECTS,ON SCENE,NO INJURY / DRIVE AWAY,Y,"OVER $1,500",2025-07-31T17:30:00.000,IMPROPER BACKING,UNABLE TO DETERMINE,4403,W,VAN BUREN ST,1131,2,NO INDICATION OF INJURY,0,0,0,0,0,2,0,17,5,7,41.8750318605,-87.7354804562,"{'type': 'Point', 'coordinates': [-87.735480456151, 41.87503186045]}",,,,,,,,,,
55b9233cdb25566cb7c648bec34b91cb406e5212bdd2e06e03cef8463296dba2b9000de147a17fe89044715682bb28b9d383e92c16726b50c44d78066777c817,2025-07-31T17:12:00.000,30,NO CONTROLS,NO CONTROLS,CLEAR,DAYLIGHT,PARKED MOTOR VEHICLE,NOT DIVIDED,STRAIGHT AND LEVEL,DRY,NO DEFECTS,ON SCENE,NO INJURY / DRIVE AWAY,,"$501 - $1,500",2025-07-31T18:10:00.000,DRIVING SKILLS/KNOWLEDGE/EXPERIENCE,NOT APPLICABLE,2228,S,KENNETH AVE,1013,2,NO INDICATION OF INJURY,0,0,0,0,0,1,0,17,5,7,41.8504841317,-87.7357371085,"{'type': 'Point', 'coordinates': [-87.735737108543, 41.850484131708]}",,,Y,,,,,,,
0b9ef2dd2ee6b9a860336801bd59b3c1ac918f8a37f608a5edd08eb0c8d1a937060e3ffe193f21855f194f78458c43181816b23fa10dd0bc5b7a2661a954ff04,2025-07-31T17:10:00.000,10,NO CONTROLS,NO CONTROLS,CLEAR,DAYLIGHT,PEDESTRIAN,PARKING LOT,STRAIGHT AND LEVEL,DRY,NO DEFECTS,NOT ON SCENE (DESK REPORT),INJURY AND / OR TOW DUE TO CRASH,,"$501 - $1,500",2025-07-31T18:49:00.000,IMPROPER OVERTAKING/PASSING,NOT APPLICABLE,5724,S,KEDZIE AVE,822,2,"REPORTED, NOT EVIDENT",1,0,0,0,1,3,0,17,5,7,41.789112548,-87.7035797266,"{'type': 'Point', 'coordinates': [-87.703579726608, 41.789112548017]}",Y,,Y,,,,,,,
b541f15438b2ebbe3c2661a7418068e0f99977904988834e8ee34788e2b1683656fe8f341abe6af47689675b666c903c63e2760ccd7dd93394ce3063e230a1c4,2025-07-31T17:08:00.000,25,TRAFFIC SIGNAL,FUNCTIONING PROPERLY,CLEAR,DAYLIGHT,REAR END,RAMP,"CURVE, LEVEL",DRY,NO DEFECTS,ON SCENE,NO INJURY / DRIVE AWAY,,"OVER $1,500",2025-07-31T17:11:00.000,FOLLOWING TOO CLOSELY,UNABLE TO DETERMINE,524,W,OHARE ST,1654,2,NO INDICATION OF INJURY,0,0,0,0,0,2,0,17,5,7,,,,,,,,,,,,,
4105ef62cd3c89b2e1cca6d1b803df6bc91777565d53d56b5a755bd1fd02c4b2659affa5eb6b64cf757807236865f49a12501eb31d4c2054a9c07eaf45d6dab8,2025-07-31T17:02:00.000,30,NO CONTROLS,NO CONTROLS,CLEAR,DAYLIGHT,ANGLE,NOT DIVIDED,STRAIGHT AND LEVEL,DRY,NO DEFECTS,,INJURY AND / OR TOW DUE TO CRASH,,"OVER $1,500",2025-07-31T17:02:00.000,FAILING TO YIELD RIGHT-OF-WAY,NOT APPLICABLE,8125,S,HALSTED ST,622,2,NO INDICATION OF INJURY,0,0,0,0,0,3,0,17,5,7,41.7462362717,-87.6437660378,"{'type': 'Point', 'coordinates': [-87.643766037833, 41.74623627172]}",,,,Y,,,,,,
1bbb56cda8d6e1f8910835c0c0d92e3e1eb1a150dd38ae51e2fa0837e8623672dd523672f482b080626c422fbcf735afd7a3cd164b4ccfe2cf946713ae9d5be3,2025-07-31T17:00:00.000,30,NO CONTROLS,NO CONTROLS,CLEAR,DAYLIGHT,REAR TO FRONT,DIVIDED - W/MEDIAN (NOT RAISED),STRAIGHT AND LEVEL,DRY,NO DEFECTS,NOT ON SCENE (DESK REPORT),NO INJURY / DRIVE AWAY,,"OVER $1,500",2025-07-31T18:15:00.000,UNABLE TO DETERMINE,UNABLE TO DETERMINE,6800,S,ASHLAND AVE,725,2,NO INDICATION OF INJURY,0,0,0,0,0,4,0,17,5,7,41.7702787561,-87.6641124326,"{'type': 'Point', 'coordinates': [-87.664112432605, 41.770278756122]}",,,,,,,,,,
5fac297876a5bef6b269647fa7e9d144202c5ded0bb7ec3865d6840b60ac1ac7d04916caaea3d96a7f41d4ffc3e43fa3d92fe3037ab4d93e67b29de0a7bd6443,2025-07-31T16:57:00.000,25,STOP SIGN/FLASHER,FUNCTIONING PROPERLY,CLEAR,DAYLIGHT,ANGLE,FOUR WAY,STRAIGHT AND LEVEL,DRY,NO DEFECTS,ON SCENE,INJURY AND / OR TOW DUE TO CRASH,Y,"OVER $1,500",2025-07-31T16:57:00.000,DISREGARDING STOP SIGN,UNABLE TO DETERMINE,3948,W,WILCOX ST,1122,2,"REPORTED, NOT EVIDENT",1,0,0,0,1,2,0,16,5,7,41.8789849776,-87.7251085407,"{'type': 'Point', 'coordinates': [-87.725108540669, 41.878984977574]}",,,,,,,,,,
f731d42ed1e91df104929dea18cef3dbe6eaab6622eda0c5a913ba093f32777e552dea60c3a2937b3d45ae61fe18d4b576ffcc30a513eeb897869ba4f281cab0,2025-07-31T16:52:00.000,30,NO CONTROLS,NO CONTROLS,CLEAR,DAYLIGHT,REAR END,DIVIDED - W/MEDIAN (NOT RAISED),STRAIGHT AND LEVEL,DRY,UNKNOWN,ON SCENE,NO INJURY / DRIVE AWAY,,"OVER $1,500",2025-07-31T16:52:00.000,FAILING TO REDUCE SPEED TO AVOID CRASH,FOLLOWING TOO CLOSELY,6320,W,ADDISON ST,1633,2,NO INDICATION OF INJURY,0,0,0,0,0,3,0,16,5,7,41.9457980218,-87.7846631209,"{'type': 'Point', 'coordinates': [-87.784663120916, 41.945798021811]}",,,,,,,,,,
614daa99746da54cbd0c9710e53eb7ae0a8749bea9bccc4c996d24b9505a5e31a34c161779b77e3446f2840705a2c0c555e776e55522ddb3de12a7f4d6c0ed6c,2025-07-31T16:51:00.000,30,NO CONTROLS,NO CONTROLS,CLEAR,DAYLIGHT,TURNING,NOT DIVIDED,STRAIGHT AND LEVEL,DRY,UNKNOWN,ON SCENE,INJURY AND / OR TOW DUE TO CRASH,,"OVER $1,500",2025-07-31T16:51:00.000,FAILING TO YIELD RIGHT-OF-WAY,NOT APPLICABLE,3445,S,PRAIRIE AVE,211,2,NO INDICATION OF INJURY,0,0,0,0,0,2,0,16,5,7,41.8315325131,-87.6204125395,"{'type': 'Point', 'coordinates': [-87.620412539461, 41.831532513074]}",,,,,,,,,,
be0cde65617b676900012c77e8865716ee99ddf8f97bd576a5aa20e1abda1fb39ae1e1e48542328319eafda7c35ce9eb4bac2fe0913f0485ff281d1a1c0c407f,2025-07-31T16:43:00.000,35,NO CONTROLS,NO CONTROLS,CLEAR,DAYLIGHT,PARKED MOTOR VEHICLE,DIVIDED - W/MEDIAN (NOT RAISED),STRAIGHT AND LEVEL,DRY,NO DEFECTS,ON SCENE,NO INJURY / DRIVE AWAY,,"$501 - $1,500",2025-07-31T17:00:00.000,IMPROPER OVERTAKING/PASSING,IMPROPER OVERTAKING/PASSING,315,E,51ST ST,231,2,NO INDICATION OF INJURY,0,0,0,0,0,1,0,16,5,7,41.8019532881,-87.6187640515,"{'type': 'Point', 'coordinates': [-87.618764051499, 41.801953288138]}",,,Y,,,,,,,
edcf842427fa7513fa63c4ce068cf02c7a7e4e159bd8731df6e89fbb18695bf0de5827804ecca544e60026c4060d74c5b83c4acb506b76680e2a4ce82c49d0ef,2025-07-31T16:38:00.000,30,TRAFFIC SIGNAL,FUNCTIONING PROPERLY,CLEAR,DAYLIGHT,SIDESWIPE SAME DIRECTION,DIVIDED - W/MEDIAN BARRIER,STRAIGHT AND LEVEL,DRY,NO DEFECTS,NOT ON SCENE (DESK REPORT),NO INJURY / DRIVE AWAY,,"OVER $1,500",2025-07-31T16:40:00.000,UNABLE TO DETERMINE,UNABLE TO DETERMINE,698,S,MICHIGAN AVE,123,2,NO INDICATION OF INJURY,0,0,0,0,0,4,0,16,5,7,41.8732231872,-87.6243487329,"{'type': 'Point', 'coordinates': [-87.624348732928, 41.873223187237]}",,,Y,,,,,,,
240aa64ac08fa90596d20b79b9a9616d04cdaf12f10327d99dc2a5c25b1853f90cde82ae9d9f4a77f5b23c3248b5a4935b316008a499b4153b12ae73e00df2ec,2025-07-31T16:37:00.000,30,TRAFFIC SIGNAL,UNKNOWN,CLEAR,DAYLIGHT,TURNING,CENTER TURN LANE,STRAIGHT AND LEVEL,DRY,UNKNOWN,ON SCENE,NO INJURY / DRIVE AWAY,Y,"OVER $1,500",2025-07-31T16:37:00.000,FAILING TO YIELD RIGHT-OF-WAY,NOT APPLICABLE,301,S,AUSTIN BLVD,1513,2,NO INDICATION OF INJURY,0,0,0,0,0,4,0,16,5,7,41.8763817357,-87.7743781702,"{'type': 'Point', 'coordinates': [-87.774378170193, 41.876381735655]}",,,,,,,,,,
0c898f961f510e99db035054dd038bbe016668078f35620e8eb2c62764f4e1e58ada729265be3f43aed0e26aa48792a3f667e418af80d698efe23d1e46b1d543,2025-07-31T16:32:00.000,10,NO CONTROLS,NO CONTROLS,CLEAR,DAYLIGHT,PARKED MOTOR VEHICLE,PARKING LOT,STRAIGHT AND LEVEL,UNKNOWN,UNKNOWN,NOT ON SCENE (DESK REPORT),NO INJURY / DRIVE AWAY,,"OVER $1,500",2025-07-31T16:45:00.000,IMPROPER BACKING,IMPROPER BACKING,2112,W,PETERSON AVE,2413,2,NO INDICATION OF INJURY,0,0,0,0,0,3,0,16,5,7,41.990729218,-87.6829794536,"{'type': 'Point', 'coordinates': [-87.682979453599, 41.990729217961]}",Y,,,,,,,,,
0dd4c2ad945a75bdd2e59e23f8889a0d047ca2f14487c436ab71ec4baa573b50fc447a9bbdf60c4b17a05f3b09cac704a7c39ce331ded76952204254ffb44ecb,2025-07-31T16:30:00.000,30,TRAFFIC SIGNAL,FUNCTIONING PROPERLY,CLEAR,DAYLIGHT,TURNING,FOUR WAY,STRAIGHT AND LEVEL,DRY,UNKNOWN,ON SCENE,INJURY AND / OR TOW DUE TO CRASH,Y,"OVER $1,500",2025-07-31T16:38:00.000,FAILING TO YIELD RIGHT-OF-WAY,UNABLE TO DETERMINE,7500,S,LAFAYETTE AVE,623,2,NO INDICATION OF INJURY,0,0,0,0,0,3,0,16,5,7,41.758068532,-87.6265169823,"{'type': 'Point', 'coordinates': [-87.626516982328, 41.75806853202]}",,,,,,,,,,
91d8d288108136c777c4e7c6e872ef3d677b8b5ee08e921ac70244245523e1bd36325085f0c6c92a348c8dee917cdb822cd1f2fe73a834fb0b3cd3154cb0015d,2025-07-31T16:30:00.000,30,TRAFFIC SIGNAL,FUNCTIONING PROPERLY,CLEAR,DAYLIGHT,TURNING,NOT DIVIDED,STRAIGHT AND LEVEL,DRY,NO DEFECTS,ON SCENE,NO INJURY / DRIVE AWAY,,"$501 - $1,500",2025-08-01T10:45:00.000,UNABLE TO DETERMINE,NOT APPLICABLE,3811,W,DIVISION ST,1112,2,NO INDICATION OF INJURY,0,0,0,0,0,2,0,16,5,7,41.9025988509,-87.7219454046,"{'type': 'Point', 'coordinates': [-87.72194540461, 41.902598850899]}",,,Y,,,,,,,
f8ad13d1438b4b201a1498bc8584a6ec8bf6a8b3fd57f3915ad0db7451dc0e531352f0e572f8d4743817580838969a8041ffe0e2eb2fb22d6d81d14334d3c500,2025-07-31T16:30:00.000,30,NO CONTROLS,NO CONTROLS,CLEAR,DAYLIGHT,TURNING,NOT DIVIDED,STRAIGHT AND LEVEL,DRY,UNKNOWN,NOT ON SCENE (DESK REPORT),NO INJURY / DRIVE AWAY,,"OVER $1,500",2025-07-31T22:30:00.000,FAILING TO YIELD RIGHT-OF-WAY,NOT APPLICABLE,4937,W,IRVING PARK RD,1634,2,NO INDICATION OF INJURY,0,0,0,0,0,2,0,16,5,7,41.9532641687,-87.7513846104,"{'type': 'Point', 'coordinates': [-87.751384610447, 41.953264168743]}",,,,,,,,,,
1306018a22f55f80e75c2a57b9a1727ed86828fc5daf8e04dff92df74e1541c9325219c7fd928d1d89b3fa634f47f57fb083317f4b3c21e5794880379e78f10d,2025-07-31T16:25:00.000,25,NO CONTROLS,NO CONTROLS,CLEAR,DAYLIGHT,REAR END,DIVIDED - W/MEDIAN (NOT RAISED),STRAIGHT AND LEVEL,DRY,NO DEFECTS,NOT ON SCENE (DESK REPORT),NO INJURY / DRIVE AWAY,,"$501 - $1,500",2025-07-31T17:40:00.000,UNABLE TO DETERMINE,UNABLE TO DETERMINE,1319,W,FOSTER AVE,2033,2,NO INDICATION OF INJURY,0,0,0,0,0,4,0,16,5,7,41.976163652,-87.6631560579,"{'type': 'Point', 'coordinates': [-87.663156057859, 41.976163652016]}",,,,,,,,,,
88773dd79b46343eb8a40337edf46c003812163f5e78bb5ec254a33e9ef9a822a3242a3e5a7a46aed64ef47e316ae6be0bfc81a1cf6b3de5f754ee71fb855c20,2025-07-31T16:18:00.000,30,NO CONTROLS,NO CONTROLS,CLEAR,DAYLIGHT,SIDESWIPE SAME DIRECTION,FOUR WAY,STRAIGHT AND LEVEL,DRY,NO DEFECTS,ON SCENE,INJURY AND / OR TOW DUE TO CRASH,Y,"OVER $1,500",2025-07-31T16:23:00.000,FAILING TO YIELD RIGHT-OF-WAY,FAILING TO REDUCE SPEED TO AVOID CRASH,6300,W,ADDISON ST,1633,2,NO INDICATION OF INJURY,0,0,0,0,0,3,0,16,5,7,41.9458051184,-87.7839384499,"{'type': 'Point', 'coordinates': [-87.783938449854, 41.945805118409]}",,,,,,,,,,
2552a79eb7a56773caecf50384f694120ec601c00e2aea4e31de256a8cf22af18054a651445f40a1255f85f6da701189d383aded25109e90480dcb34d4ba383e,2025-07-31T16:15:00.000,30,TRAFFIC SIGNAL,UNKNOWN,CLEAR,DAYLIGHT,PARKED MOTOR VEHICLE,FOUR WAY,STRAIGHT AND LEVEL,DRY,UNKNOWN,NOT ON SCENE (DESK REPORT),NO INJURY / DRIVE AWAY,,"OVER $1,500",2025-07-31T17:00:00.000,NOT APPLICABLE,NOT APPLICABLE,530,S,STATE ST,123,2,NO INDICATION OF INJURY,0,0,0,0,0,1,0,16,5,7,41.8750787855,-87.6277680264,"{'type': 'Point', 'coordinates': [-87.627768026399, 41.875078785509]}",N,,,,,,,,,
b4e8e402ede1d5caa00b74edb7171b821326b65dde2da70069a6efbda5bbbf0196ee6deee8fc143aa50ef00e09a7cf953fe6d73ed05f887e2f7bfb109c13432c,2025-07-31T16:15:00.000,30,STOP SIGN/FLASHER,FUNCTIONING PROPERLY,CLEAR,DAYLIGHT,REAR END,NOT DIVIDED,STRAIGHT AND LEVEL,DRY,NO DEFECTS,NOT ON SCENE (DESK REPORT),NO INJURY / DRIVE AWAY,,"OVER $1,500",2025-08-01T14:00:00.000,FOLLOWING TOO CLOSELY,"OPERATING VEHICLE IN ERRATIC, RECKLESS, CARELESS, NEGLIGENT OR AGGRESSIVE MANNER",9242,S,DR MARTIN LUTHER KING JR DR,633,2,NO INDICATION OF INJURY,0,0,0,0,0,2,0,16,5,7,41.7256675923,-87.6143875177,"{'type': 'Point', 'coordinates': [-87.614387517667, 41.725667592327]}",,,,,,,,,,
ced8e3469e0730db3b50e6b95ff6370e859f786c64e966974efe7206f8199023480e750629c7ef1752f1df51c56436df477fee3c6752e4478d26c2ed9d028a20,2025-07-31T16:15:00.000,30,NO CONTROLS,NO CONTROLS,CLEAR,DAYLIGHT,PARKED MOTOR VEHICLE,NOT DIVIDED,STRAIGHT AND LEVEL,DRY,UNKNOWN,ON SCENE,INJURY AND / OR TOW DUE TO CRASH,,"OVER $1,500",2025-07-31T17:03:00.000,UNABLE TO DETERMINE,NOT APPLICABLE,3350,N,KILBOURN AVE,1731,2,"REPORTED, NOT EVIDENT",1,0,0,0,1,1,0,16,5,7,41.9422565314,-87.7397412435,"{'type': 'Point', 'coordinates': [-87.739741243516, 41.942256531374]}",,,,,,,,,,
67bb18da36019944a20d1fa19d3ca9a5392cb620ce19580dfb93c58861948fa43d8fb94036d75ba7aa81c1c4c1ec3755f9d95d90409ca73369e71ad1704d3539,2025-07-31T16:13:00.000,30,NO CONTROLS,NO CONTROLS,CLOUDY/OVERCAST,DAYLIGHT,SIDESWIPE SAME DIRECTION,NOT DIVIDED,STRAIGHT AND LEVEL,DRY,NO DEFECTS,NOT ON SCENE (DESK REPORT),NO INJURY / DRIVE AWAY,,"$501 - $1,500",2025-07-31T17:55:00.000,IMPROPER OVERTAKING/PASSING,NOT APPLICABLE,4800,S,WESTERN AVE,922,3,NO INDICATION OF INJURY,0,0,0,0,0,3,0,16,5,7,41.8065651083,-87.6845166965,"{'type': 'Point', 'coordinates': [-87.684516696523, 41.806565108314]}",,,,,,,,,,
959c53789ce1cde8470fa5146b457d3f86c6ba676d0eb3420096540e0723ab9d2f9daaa71f256d23695d27d82404812bab6b4c05189f367b4df0d4ea0b1bda2c,2025-07-31T16:10:00.000,30,NO CONTROLS,NO CONTROLS,CLEAR,DAYLIGHT,SIDESWIPE SAME DIRECTION,NOT DIVIDED,STRAIGHT AND LEVEL,DRY,NO DEFECTS,ON SCENE,NO INJURY / DRIVE AWAY,,"OVER $1,500",2025-07-31T16:12:00.000,IMPROPER OVERTAKING/PASSING,NOT APPLICABLE,816,E,MARQUETTE RD,321,2,NO INDICATION OF INJURY,0,0,0,0,0,2,0,16,5,7,41.7750783219,-87.6050747498,"{'type': 'Point', 'coordinates': [-87.605074749818, 41.775078321875]}",,,Y,,,,,,,