crash_record_id,crash_date,posted_speed_limit,traffic_control_device,device_condition,weather_condition,lighting_condition,first_crash_type,trafficway_type,alignment,roadway_surface_cond,road_defect,report_type,crash_type,intersection_related_i,damage,date_police_notified,prim_contributory_cause,sec_contributory_cause,street_no,street_direction,street_name,beat_of_occurrence,num_units,most_severe_injury,injuries_total,injuries_fatal,injuries_incapacitating,injuries_non_incapacitating,injuries_reported_not_evident,injuries_no_indication,injuries_unknown,crash_hour,crash_day_of_week,crash_month,latitude,longitude,location,private_property_i,photos_taken_i,hit_and_run_i,statements_taken_i,crash_date_est_i,work_zone_i,work_zone_type,dooring_i,lane_cnt,workers_present_i
749a3966238d781cc1bd09756977e12b0a088fdc1ad595dc9021b49164379f2ae2fcf3dd2a4d8c72722bef9695e774bc549302e606af402dcd3e689173e1c3e8,2025-07-31T16:05:00.000,30,TRAFFIC SIGNAL,NO CONTROLS,CLEAR,DAYLIGHT,TURNING,NOT DIVIDED,STRAIGHT AND LEVEL,DRY,NO DEFECTS,NOT ON SCENE (DESK REPORT),NO INJURY / DRIVE AWAY,,"OVER $1,500",2025-07-31T17:51:00.000,NOT APPLICABLE,NOT APPLICABLE,2301,S,ARCHER AVE,914,2,NO INDICATION OF INJURY,0,0,0,0,0,2,0,16,5,7,41.8508429437,-87.638734244,"{'type': 'Point', 'coordinates': [-87.638734243991, 41.850842943747]}",,,,,,,,,,
ac23b484947d6e02235cec63f27961be1acec12871487128066fdc3b3782d22f1897cf20b736503d37e422dd71ad0b3cda45c2a01937efca5395e486fdc79ff4,2025-07-31T16:05:00.000,25,NO CONTROLS,NO CONTROLS,CLEAR,DAYLIGHT,REAR END,DIVIDED - W/MEDIAN (NOT RAISED),STRAIGHT AND LEVEL,DRY,UNKNOWN,ON SCENE,NO INJURY / DRIVE AWAY,,"$501 - $1,500",2025-07-31T16:05:00.000,NOT APPLICABLE,NOT APPLICABLE,1056,W,BELMONT AVE,1924,2,NO INDICATION OF INJURY,0,0,0,0,0,2,0,16,5,7,41.9399854068,-87.6563946938,"{'type': 'Point', 'coordinates': [-87.656394693842, 41.939985406835]}",,,,Y,,,,,,
1946e2c222c7c3afd5bc16e7119c5c67d564b5a66571e52170da997e2f9d0bc826132103d5edbeef59dc32606d6bc5aedeb6161a6d2cbce1774763776626f3c5,2025-07-31T16:03:00.000,30,NO CONTROLS,NO CONTROLS,CLEAR,DAYLIGHT,FIXED OBJECT,ONE-WAY,STRAIGHT AND LEVEL,DRY,NO DEFECTS,ON SCENE,INJURY AND / OR TOW DUE TO CRASH,,"OVER $1,500",2025-07-31T16:03:00.000,DISTRACTION - FROM OUTSIDE VEHICLE,NOT APPLICABLE,5300,S,SHORE DR,234,1,NO INDICATION OF INJURY,0,0,0,0,0,1,0,16,5,7,41.7995692549,-87.5824650372,"{'type': 'Point', 'coordinates': [-87.582465037155, 41.799569254868]}",,,,,,,,,,
95af992c4b9778f62456816ad2ec9ca60ad3c5912004fa6f89c0604e035add0b6998c0420302fec8308f8d6d0799beedff41ca24bc71d2bbcfa2481fde30a22d,2025-07-31T16:00:00.000,30,UNKNOWN,UNKNOWN,CLEAR,DAYLIGHT,PARKED MOTOR VEHICLE,PARKING LOT,STRAIGHT AND LEVEL,UNKNOWN,UNKNOWN,NOT ON SCENE (DESK REPORT),NO INJURY / DRIVE AWAY,,"OVER $1,500",2025-07-31T16:25:00.000,UNABLE TO DETERMINE,UNABLE TO DETERMINE,5033,N,ELSTON AVE,1712,2,NO INDICATION OF INJURY,0,0,0,0,0,1,0,16,5,7,41.9723492826,-87.7468250858,"{'type': 'Point', 'coordinates': [-87.746825085785, 41.97234928256]}",,,Y,,,,,,,
b2bf76b1dd73f478b5b85f2b3c57f7305cfe8cb3080fed6b35940ee288f1958b071033c086bc22790ac6b47cf25586a0deca59149d1477b5126c04556d662ba9,2025-07-31T16:00:00.000,30,NO CONTROLS,NO CONTROLS,CLEAR,"DARKNESS, LIGHTED ROAD",PARKED MOTOR VEHICLE,DIVIDED - W/MEDIAN (NOT RAISED),STRAIGHT AND LEVEL,DRY,NO DEFECTS,ON SCENE,NO INJURY / DRIVE AWAY,,"OVER $1,500",2025-08-01T09:15:00.000,IMPROPER OVERTAKING/PASSING,UNABLE TO DETERMINE,477,W,DEMING PL,1935,2,NO INDICATION OF INJURY,0,0,0,0,0,1,0,16,5,7,41.9287950755,-87.6416202277,"{'type': 'Point', 'coordinates': [-87.641620227672, 41.92879507548]}",,,Y,,,,,,,
cbc43fe4ec8fa374817df67e432776ed2db8d2b8af66271571706a825b54ed3ad5ed2cdc5e5d70f4d13e82e44710addfd26301389ba70da1981772939460b26d,2025-07-31T16:00:00.000,30,NO CONTROLS,NO CONTROLS,CLEAR,DAYLIGHT,PARKED MOTOR VEHICLE,ONE-WAY,STRAIGHT AND LEVEL,DRY,UNKNOWN,ON SCENE,NO INJURY / DRIVE AWAY,,"OVER $1,500",2025-07-31T16:00:00.000,UNABLE TO DETERMINE,UNABLE TO DETERMINE,8147,S,COLES AVE,422,2,NO INDICATION OF INJURY,0,0,0,0,0,1,0,16,5,7,41.7469373206,-87.5490185586,"{'type': 'Point', 'coordinates': [-87.549018558643, 41.74693732057]}",,,Y,,,,,,,
f135ee93041c328e24adfaaf237089c31566a0ba1b2ecfb8e5fd61e3f5b9796962684b23d490ec8ff1458b91e093d616af78338f15a56b5d6e4dd0a4ad40cac1,2025-07-31T15:56:00.000,30,NO CONTROLS,NO CONTROLS,CLEAR,DAYLIGHT,TURNING,NOT DIVIDED,STRAIGHT AND LEVEL,DRY,NO DEFECTS,ON SCENE,NO INJURY / DRIVE AWAY,,"$501 - $1,500",2025-07-31T15:59:00.000,IMPROPER TURNING/NO SIGNAL,NOT APPLICABLE,2334,W,CHICAGO AVE,1212,2,NO INDICATION OF INJURY,0,0,0,0,0,2,0,15,5,7,41.8958698635,-87.6858129153,"{'type': 'Point', 'coordinates': [-87.685812915308, 41.895869863463]}",,,,N,,,,,,
349affe766406b446dcdfa102e94389bee980ee00f592ca2692c439e69cd8376bf4374e1418bfdc618d9ff47e436ecc2ad6726291ec060a99171648feb496010,2025-07-31T15:48:00.000,30,TRAFFIC SIGNAL,FUNCTIONING PROPERLY,CLEAR,DAYLIGHT,TURNING,FOUR WAY,STRAIGHT AND LEVEL,DRY,NO DEFECTS,ON SCENE,INJURY AND / OR TOW DUE TO CRASH,Y,"OVER $1,500",2025-07-31T15:51:00.000,IMPROPER TURNING/NO SIGNAL,"VISION OBSCURED (SIGNS, TREE LIMBS, BUILDINGS, ETC.)",2400,W,PERSHING RD,911,2,"REPORTED, NOT EVIDENT",1,0,0,0,1,1,0,15,5,7,41.8230967602,-87.6850189506,"{'type': 'Point', 'coordinates': [-87.685018950616, 41.823096760166]}",,,,,,,,,,
d2a864dbfbdd594099a73b05ec91366a98e6dcbbb8f09f2fa658624a9dad1d55261851927367bc1e305604f97d03e437767c07a5331ea579861497195eb0855e,2025-07-31T15:45:00.000,25,NO CONTROLS,NO CONTROLS,CLEAR,DAYLIGHT,PARKED MOTOR VEHICLE,NOT DIVIDED,STRAIGHT AND LEVEL,DRY,NO DEFECTS,NOT ON SCENE (DESK REPORT),NO INJURY / DRIVE AWAY,,"OVER $1,500",2025-07-31T17:45:00.000,IMPROPER OVERTAKING/PASSING,NOT APPLICABLE,5265,S,LARAMIE AVE,814,2,NO INDICATION OF INJURY,0,0,0,0,0,2,0,15,5,7,41.7972792453,-87.7524979685,"{'type': 'Point', 'coordinates': [-87.752497968492, 41.797279245319]}",,,,,,,,,,
2e5bba65fed4455456f408e0157b4b32e954f64026db4380f9dc5ada564d8f74a660d8e1643750b22e094a672162b5492b57a37e8e6d398d4927dc22087d4c8d,2025-07-31T15:40:00.000,30,NO CONTROLS,NO CONTROLS,CLEAR,DAYLIGHT,TURNING,NOT DIVIDED,STRAIGHT AND LEVEL,DRY,NO DEFECTS,NOT ON SCENE (DESK REPORT),NO INJURY / DRIVE AWAY,,"OVER $1,500",2025-08-01T17:30:00.000,FAILING TO REDUCE SPEED TO AVOID CRASH,NOT APPLICABLE,5833,W,NORTH AVE,2531,2,NO INDICATION OF INJURY,0,0,0,0,0,2,0,15,5,7,41.9091894492,-87.7720042964,"{'type': 'Point', 'coordinates': [-87.772004296394, 41.909189449206]}",,,,,,,,,,
9c2f2b69398c1f8084369c66adafdbc321543b5e4a526e74c0680b9ecd9c221006785f8b708dbabe9550a55285e15ef097e858d9b87a24808ed3a995fab1e08a,2025-07-31T15:40:00.000,30,NO CONTROLS,NO CONTROLS,CLEAR,DAYLIGHT,REAR TO SIDE,NOT DIVIDED,STRAIGHT AND LEVEL,DRY,UNKNOWN,NOT ON SCENE (DESK REPORT),NO INJURY / DRIVE AWAY,,"OVER $1,500",2025-07-31T16:00:00.000,FAILING TO YIELD RIGHT-OF-WAY,NOT APPLICABLE,4770,N,OAKLEY AVE,1911,2,NO INDICATION OF INJURY,0,0,0,0,0,2,0,15,5,7,41.9685990353,-87.686619275,"{'type': 'Point', 'coordinates': [-87.686619274952, 41.968599035296]}",,,,,Y,,,,,
aefb54c039d9095ecc039f93bcfb11255288ef90abd2baf451aacec1dd0af920f5408c4edc836f6c1b736c87b233a1c04ebd345b334977067a2a3423773a3731,2025-07-31T15:40:00.000,30,NO CONTROLS,NO CONTROLS,CLEAR,DAYLIGHT,SIDESWIPE SAME DIRECTION,NOT DIVIDED,STRAIGHT AND LEVEL,DRY,NO DEFECTS,NOT ON SCENE (DESK REPORT),NO INJURY / DRIVE AWAY,,"OVER $1,500",2025-08-01T08:45:00.000,UNABLE TO DETERMINE,NOT APPLICABLE,6335,N,WASHTENAW AVE,2413,2,NO INDICATION OF INJURY,0,0,0,0,0,2,0,15,5,7,41.996845883,-87.6970271494,"{'type': 'Point', 'coordinates': [-87.697027149414, 41.996845883]}",,,,,,,,,,
6979dc1288895ab754ab0a4a520d7b49494085f755e4b14c75a7e7f2ae5a919b6a634428ac4845f5b7d3ea2983a85f20474e991f37073f25def5cefe237a4499,2025-07-31T15:38:00.000,20,NO CONTROLS,NO CONTROLS,CLEAR,DAYLIGHT,SIDESWIPE SAME DIRECTION,ONE-WAY,STRAIGHT AND LEVEL,DRY,NO DEFECTS,NOT ON SCENE (DESK REPORT),NO INJURY / DRIVE AWAY,,$500 OR LESS,2025-07-31T16:30:00.000,UNABLE TO DETERMINE,NOT APPLICABLE,6337,N,WASHTENAW AVE,2413,2,NO INDICATION OF INJURY,0,0,0,0,0,2,0,15,5,7,41.9969016533,-87.6970289911,"{'type': 'Point', 'coordinates': [-87.697028991068, 41.996901653254]}",,,,,,,,,,
97f4da268c57dd9de3f9453e94cd3401cb5a6a893c36402e54598ee3c7bf7e287b9d5167d8f41b89e7d93d1f5390fa073bc951aabe29a05c6eba53d6c5550fb2,2025-07-31T15:33:00.000,30,UNKNOWN,UNKNOWN,UNKNOWN,UNKNOWN,SIDESWIPE SAME DIRECTION,NOT DIVIDED,STRAIGHT AND LEVEL,UNKNOWN,UNKNOWN,NOT ON SCENE (DESK REPORT),NO INJURY / DRIVE AWAY,,"OVER $1,500",2025-07-31T18:05:00.000,UNABLE TO DETERMINE,NOT APPLICABLE,330,E,75TH ST,323,2,NO INDICATION OF INJURY,0,0,0,0,0,2,0,15,5,7,41.7584846093,-87.6169566868,"{'type': 'Point', 'coordinates': [-87.616956686754, 41.758484609301]}",,,Y,,Y,,,,,
a5fffcb5b14f7e5b81c86145056beddcf2dc0b3b8e989a4056fe1a007a34d113e1b927bf53446bb18e1d7ceebd83e83b4e88f00ce447685729eda76e267f0974,2025-07-31T15:33:00.000,30,TRAFFIC SIGNAL,FUNCTIONING PROPERLY,CLEAR,DAYLIGHT,REAR END,NOT DIVIDED,STRAIGHT AND LEVEL,DRY,NO DEFECTS,NOT ON SCENE (DESK REPORT),INJURY AND / OR TOW DUE TO CRASH,,"OVER $1,500",2025-07-31T16:00:00.000,FOLLOWING TOO CLOSELY,UNABLE TO DETERMINE,1559,W,63RD ST,725,2,"REPORTED, NOT EVIDENT",1,0,0,0,1,3,0,15,5,7,41.7793586603,-87.6641484616,"{'type': 'Point', 'coordinates': [-87.664148461581, 41.779358660308]}",,,,,,,,,,
215eba79c1ed8430749e3f58b4742032d8df467dbcdd4cd4caba48051fe4ec39791c1c1ba8b893b8d4550fe256c34afa2a4f70ca4b6154bd25cc13bdfcff235e,2025-07-31T15:30:00.000,25,TRAFFIC SIGNAL,FUNCTIONING PROPERLY,CLEAR,DAYLIGHT,TURNING,NOT DIVIDED,STRAIGHT AND LEVEL,DRY,UNKNOWN,NOT ON SCENE (DESK REPORT),NO INJURY / DRIVE AWAY,Y,$500 OR LESS,2025-08-01T08:45:00.000,UNABLE TO DETERMINE,UNABLE TO DETERMINE,2002,W,FULLERTON AVE,1432,2,NO INDICATION OF INJURY,0,0,0,0,0,2,0,15,5,7,41.9251337874,-87.6780423785,"{'type': 'Point', 'coordinates': [-87.678042378475, 41.925133787372]}",,,Y,,,,,,,
79fb62d2f3ac7d437e7820c6e12ad4a4547d7eb852909eda8b70d2e8f653f42b6da5dccfc536c4473d9377d5cef6eec283ec2187fdf14cdae6c3e3fde4b1dd03,2025-07-31T15:30:00.000,25,NO CONTROLS,NO CONTROLS,CLEAR,DAYLIGHT,TURNING,NOT DIVIDED,STRAIGHT AND LEVEL,DRY,NO DEFECTS,NOT ON SCENE (DESK REPORT),NO INJURY / DRIVE AWAY,,"OVER $1,500",2025-08-02T10:00:00.000,IMPROPER LANE USAGE,NOT APPLICABLE,3201,N,OAKLEY AVE,1921,2,NO INDICATION OF INJURY,0,0,0,0,0,3,0,15,5,7,41.9395311825,-87.6854766009,"{'type': 'Point', 'coordinates': [-87.685476600858, 41.939531182483]}",,,Y,,,,,,,
e4384b5bfb121b72019af68179641440bfe6afaa4c103c3e12a17b58b77737357159399abaa42f38539caaca2c45f595f581bf12782ee3cd976145a26547328b,2025-07-31T15:30:00.000,30,NO CONTROLS,NO CONTROLS,CLEAR,DAYLIGHT,SIDESWIPE SAME DIRECTION,DIVIDED - W/MEDIAN (NOT RAISED),STRAIGHT AND LEVEL,DRY,NO DEFECTS,NOT ON SCENE (DESK REPORT),NO INJURY / DRIVE AWAY,,"OVER $1,500",2025-07-31T17:50:00.000,UNABLE TO DETERMINE,UNABLE TO DETERMINE,400,N,CLARK ST,1831,2,NO INDICATION OF INJURY,0,0,0,0,0,2,0,15,5,7,41.8892498019,-87.6312078202,"{'type': 'Point', 'coordinates': [-87.631207820201, 41.889249801889]}",,,,,,,,,,
ec0b1dd2c38364bd330d59dbda8bd868cb46e233d42d5260ec67a602a3a9b8c7a94050a4f61322397334ace096bec0ccae93a40209d99c51e1a6b11cc3e2aab3,2025-07-31T15:30:00.000,30,TRAFFIC SIGNAL,FUNCTIONING PROPERLY,CLEAR,DAYLIGHT,REAR END,NOT DIVIDED,STRAIGHT AND LEVEL,DRY,NO DEFECTS,NOT ON SCENE (DESK REPORT),NO INJURY / DRIVE AWAY,,"OVER $1,500",2025-07-31T17:12:00.000,FAILING TO YIELD RIGHT-OF-WAY,NOT APPLICABLE,6400,W,63RD ST,812,2,NO INDICATION OF INJURY,0,0,0,0,0,4,0,15,5,7,41.7777845359,-87.7813298721,"{'type': 'Point', 'coordinates': [-87.781329872106, 41.777784535873]}",,,,,,,,,,
0fcb6f68021aa170355df51ff544d8670b34cd6462aab4b3207fafc6ede108e58799b3e11367db0dfa02e70fbe0dcea36b775dc2500b4d4e26332197ecab51f6,2025-07-31T15:25:00.000,30,TRAFFIC SIGNAL,FUNCTIONING PROPERLY,CLEAR,DAYLIGHT,TURNING,UNKNOWN INTERSECTION TYPE,STRAIGHT AND LEVEL,DRY,NO DEFECTS,NOT ON SCENE (DESK REPORT),INJURY AND / OR TOW DUE TO CRASH,Y,"OVER $1,500",2025-07-31T15:27:00.000,UNABLE TO DETERMINE,NOT APPLICABLE,4029,W,IRVING PARK RD,1732,2,NO INDICATION OF INJURY,0,0,0,0,0,2,0,15,5,7,41.9535315117,-87.7283876429,"{'type': 'Point', 'coordinates': [-87.728387642919, 41.953531511714]}",,,,,,,,,,
b87ab842c710056cbedb20cc98480e50e7ef447270b5ee20856a745ccf6325e96a1f4bc2e7e3609c761eb224116025663bf55a6791cd98e8625b09b1a46dd26b,2025-07-31T15:24:00.000,30,NO CONTROLS,NO CONTROLS,CLEAR,DAYLIGHT,FIXED OBJECT,NOT DIVIDED,STRAIGHT AND LEVEL,DRY,NO DEFECTS,ON SCENE,NO INJURY / DRIVE AWAY,,"$501 - $1,500",2025-07-31T15:42:00.000,UNABLE TO DETERMINE,UNABLE TO DETERMINE,4403,N,ELSTON AVE,1722,1,NO INDICATION OF INJURY,0,0,0,0,0,1,0,15,5,7,41.9611220864,-87.7297594475,"{'type': 'Point', 'coordinates': [-87.729759447493, 41.961122086378]}",,,,,,,,,,
9c3ef91f9dceb84ca02300ad0ab902d512bad1c84b35f8d167367a99344db5786a7428d64c9710d7e4e0a2202374463f7a292dd54ac0c1a89bcb7768c75e2af7,2025-07-31T15:23:00.000,30,UNKNOWN,UNKNOWN,CLEAR,DAYLIGHT,SIDESWIPE SAME DIRECTION,DIVIDED - W/MEDIAN BARRIER,STRAIGHT AND LEVEL,UNKNOWN,UNKNOWN,NOT ON SCENE (DESK REPORT),NO INJURY / DRIVE AWAY,,"OVER $1,500",2025-07-31T17:30:00.000,UNABLE TO DETERMINE,UNABLE TO DETERMINE,1600,N,LAKE SHORE DR NB,1814,2,NO INDICATION OF INJURY,0,0,0,0,0,2,0,15,5,7,41.9118569525,-87.6261695233,"{'type': 'Point', 'coordinates': [-87.626169523312, 41.911856952541]}",,,,,,,,,,
19a3b3998ec0b7049dace04734168410e28951b23005a70b12e1ddb0d3b3180c3e22f3c9e7d6bd7b34a5501d0ce284e005e0da1af3d649a737c3436a1510a0f2,2025-07-31T15:10:00.000,30,TRAFFIC SIGNAL,FUNCTIONING PROPERLY,CLEAR,DAYLIGHT,TURNING,FOUR WAY,STRAIGHT AND LEVEL,DRY,UNKNOWN,NOT ON SCENE (DESK REPORT),NO INJURY / DRIVE AWAY,Y,"OVER $1,500",2025-07-31T15:40:00.000,FAILING TO YIELD RIGHT-OF-WAY,NOT APPLICABLE,2000,W,FULLERTON AVE,1432,2,NO INDICATION OF INJURY,0,0,0,0,0,3,0,15,5,7,41.9251349437,-87.6779635455,"{'type': 'Point', 'coordinates': [-87.677963545538, 41.925134943749]}",,Y,Y,,,,,,,
33f46339cea0f29acf0aa082fb26cabae6a0c0699cdc73ae3126ea3867291fce73760f12702eae07bcdd5a824184892279e799cb7c0a9c9d86df9840a0054413,2025-07-31T15:05:00.000,30,NO CONTROLS,NO CONTROLS,CLEAR,DAYLIGHT,PARKED MOTOR VEHICLE,DIVIDED - W/MEDIAN BARRIER,STRAIGHT AND LEVEL,DRY,NO DEFECTS,ON SCENE,NO INJURY / DRIVE AWAY,,"OVER $1,500",2025-07-31T15:06:00.000,DRIVING SKILLS/KNOWLEDGE/EXPERIENCE,NOT APPLICABLE,2855,N,ASHLAND AVE,1932,2,NO INDICATION OF INJURY,0,0,0,0,0,1,0,15,5,7,41.9340573967,-87.6683073465,"{'type': 'Point', 'coordinates': [-87.668307346485, 41.934057396698]}",,,,,,,,,,
34c1a23b53ad692907a6b870954e0215f8a631a5d4b72c25e9e7852f7fcecf4d2285f2b0d7d90be2120b1a1d5497b38abb920d187ca4fcb8eae0b3223d185a49,2025-07-31T15:05:00.000,50,NO CONTROLS,NO CONTROLS,CLEAR,DAYLIGHT,REAR END,ONE-WAY,STRAIGHT AND LEVEL,DRY,UNKNOWN,NOT ON SCENE (DESK REPORT),NO INJURY / DRIVE AWAY,N,"OVER $1,500",2025-07-31T16:48:00.000,FOLLOWING TOO CLOSELY,FOLLOWING TOO CLOSELY,1200,S,LAKE SHORE DR SB,132,2,NO INDICATION OF INJURY,0,0,0,0,0,2,0,15,5,7,41.8674842272,-87.6191503834,"{'type': 'Point', 'coordinates': [-87.619150383382, 41.867484227164]}",,,,,,,,,,
ca705135957530d360444e922bc7daf3a4724e8e439ef03a9ce6f73ca6e7d68a963661e9e290a993142e882a8510e72367283972a057e01536f43629f9a65284,2025-07-31T15:05:00.000,30,UNKNOWN,UNKNOWN,CLEAR,DAYLIGHT,PEDALCYCLIST,UNKNOWN,STRAIGHT AND LEVEL,DRY,UNKNOWN,NOT ON SCENE (DESK REPORT),NO INJURY / DRIVE AWAY,,$500 OR LESS,2025-07-31T17:30:00.000,UNABLE TO DETERMINE,NOT APPLICABLE,1900,W,JACKSON BLVD,1225,2,NO INDICATION OF INJURY,0,0,0,0,0,2,0,15,5,7,41.8776116582,-87.6742278678,"{'type': 'Point', 'coordinates': [-87.674227867806, 41.877611658237]}",,,,,,,,,,
09c62c6bf72c5ac2091075a6135b35bc824b9e4136df4e4b9e17c2c1f524d35f272bb9d794970bf27c7fdef1691feb140213b496103e5c540f454ca87b17e889,2025-07-31T15:00:00.000,25,NO CONTROLS,NO CONTROLS,CLEAR,DAYLIGHT,PEDALCYCLIST,ONE-WAY,STRAIGHT AND LEVEL,DRY,NO DEFECTS,NOT ON SCENE (DESK REPORT),INJURY AND / OR TOW DUE TO CRASH,,$500 OR LESS,2025-08-02T16:05:00.000,UNABLE TO DETERMINE,NOT APPLICABLE,1900,W,JACKSON BLVD,1225,2,"REPORTED, NOT EVIDENT",1,0,0,0,1,1,0,15,5,7,41.8776116582,-87.6742278678,"{'type': 'Point', 'coordinates': [-87.674227867806, 41.877611658237]}",,,,,,,,,,
1e46e332824aa06f3c4679783c2726293fd8056fd03920431bfd8d19918f555a027099924f1b5ee3526f0576ea9a1688d3b3b1ff613d220ead883711792e1301,2025-07-31T15:00:00.000,30,UNKNOWN,UNKNOWN,UNKNOWN,UNKNOWN,REAR END,NOT DIVIDED,STRAIGHT AND LEVEL,UNKNOWN,UNKNOWN,NOT ON SCENE (DESK REPORT),NO INJURY / DRIVE AWAY,,"OVER $1,500",2025-07-31T15:30:00.000,UNABLE TO DETERMINE,NOT APPLICABLE,8570,S,COTTAGE GROVE AVE,632,2,NO INDICATION OF INJURY,0,0,0,0,0,2,0,15,5,7,41.7385509287,-87.6050236052,"{'type': 'Point', 'coordinates': [-87.605023605204, 41.738550928713]}",,,,,Y,,,,,
30769072bbe5be7f1ab3d0b3b8cbad3689d9ce35f1fcc2be43c0e7bdf0843b5a0d289cf23e38d8f316a81c7cc96d11001028578e19c87693f15efe3cedd92d10,2025-07-31T15:00:00.000,30,TRAFFIC SIGNAL,FUNCTIONING PROPERLY,CLEAR,DAYLIGHT,REAR END,FOUR WAY,STRAIGHT AND LEVEL,DRY,NO DEFECTS,NOT ON SCENE (DESK REPORT),NO INJURY / DRIVE AWAY,,"$501 - $1,500",2025-07-31T16:15:00.000,FAILING TO YIELD RIGHT-OF-WAY,UNABLE TO DETERMINE,111,W,71ST ST,731,2,NO INDICATION OF INJURY,0,0,0,0,0,2,0,15,5,7,41.7653441671,-87.6278952366,"{'type': 'Point', 'coordinates': [-87.627895236644, 41.765344167069]}",,,,,,,,,,
38f90f50bdb2dc49702424d0c40d023958819a769972c5a4f78382c2a5c7f3cbcb2f90fc99b6e56b2372c395d3e00feb01b8f224a96e8a0800da159e632f5a1d,2025-07-31T15:00:00.000,25,UNKNOWN,UNKNOWN,UNKNOWN,UNKNOWN,SIDESWIPE SAME DIRECTION,NOT DIVIDED,STRAIGHT AND LEVEL,UNKNOWN,UNKNOWN,NOT ON SCENE (DESK REPORT),NO INJURY / DRIVE AWAY,,"OVER $1,500",2025-07-31T17:40:00.000,NOT APPLICABLE,NOT APPLICABLE,440,N,HALSTED ST,1214,2,NO INDICATION OF INJURY,0,0,0,0,0,2,0,15,5,7,41.8901430073,-87.6477542648,"{'type': 'Point', 'coordinates': [-87.647754264831, 41.890143007329]}",,,Y,,,,,,,
45568f26abbd676acdff6a0f2e489611df2dd29f6826862652b1ddce1e2c23e01da4d6cb81ae96cc5c79a3553bb5fef94b62c5f2e7619a29b23d8a14762728f2,2025-07-31T15:00:00.000,20,NO CONTROLS,NO CONTROLS,CLEAR,DAYLIGHT,PARKED MOTOR VEHICLE,ONE-WAY,STRAIGHT AND LEVEL,DRY,NO DEFECTS,NOT ON SCENE (DESK REPORT),NO INJURY / DRIVE AWAY,,"OVER $1,500",2025-08-01T16:00:00.000,FAILING TO REDUCE SPEED TO AVOID CRASH,NOT APPLICABLE,6312,W,ROSCOE ST,1633,2,NO INDICATION OF INJURY,0,0,0,0,0,1,0,15,5,7,41.9421294714,-87.7842306063,"{'type': 'Point', 'coordinates': [-87.784230606259, 41.942129471383]}",,,,,,,,,,
8050f8402dea4056dd8d4a28be950767da7f75b1a4495539b9cc9e474839250f58a7dd8f59e5c3c6c9ab7978e8282a151783e0773ee81f3802a877a4e7825318,2025-07-31T15:00:00.000,10,UNKNOWN,UNKNOWN,CLEAR,DAYLIGHT,PARKED MOTOR VEHICLE,OTHER,STRAIGHT AND LEVEL,DRY,UNKNOWN,NOT ON SCENE (DESK REPORT),NO INJURY / DRIVE AWAY,,"OVER $1,500",2025-07-31T16:00:00.000,IMPROPER BACKING,UNABLE TO DETERMINE,7030,S,ASHLAND AVE,735,2,NO INDICATION OF INJURY,0,0,0,0,0,4,0,15,5,7,41.7657907704,-87.6639668865,"{'type': 'Point', 'coordinates': [-87.663966886455, 41.765790770432]}",,,,,,,,,,
98db07d6b184178934c0873f9d15fd5fbb84ef4a48d3289d3e09ab03aca524f7285a067dfcae966ec176b3926f3215b5a70db709cfda1207f93ba10d7c9d1143,2025-07-31T15:00:00.000,35,NO CONTROLS,NO CONTROLS,CLEAR,DAYLIGHT,SIDESWIPE SAME DIRECTION,NOT DIVIDED,STRAIGHT AND LEVEL,DRY,NO DEFECTS,NOT ON SCENE (DESK REPORT),NO INJURY / DRIVE AWAY,,"$501 - $1,500",2025-07-31T17:20:00.000,UNABLE TO DETERMINE,NOT APPLICABLE,6425,W,GREGORY ST,1613,2,NO INDICATION OF INJURY,0,0,0,0,0,3,0,15,5,7,41.9819420711,-87.7887325602,"{'type': 'Point', 'coordinates': [-87.788732560162, 41.981942071127]}",,,,,,,,,,
ad42d8ceae3b15cb62ae7583adb38acb613f01dd72f608c0cebd7fdb45b0811869d3d25337b134fa41c08e2cd1d68346091fa1fb197230d2321af4bdbc9d96ce,2025-07-31T15:00:00.000,30,NO CONTROLS,NO CONTROLS,CLEAR,DAYLIGHT,SIDESWIPE SAME DIRECTION,ONE-WAY,STRAIGHT AND LEVEL,DRY,NO DEFECTS,NOT ON SCENE (DESK REPORT),NO INJURY / DRIVE AWAY,,"OVER $1,500",2025-07-31T22:30:00.000,UNABLE TO DETERMINE,NOT APPLICABLE,10000,W,OHARE ST,1651,2,NO INDICATION OF INJURY,0,0,0,0,0,3,0,15,5,7,41.976201139,-87.9053091251,"{'type': 'Point', 'coordinates': [-87.905309125103, 41.976201139024]}",,,N,,,,,,,
c133487cfa18b37367d4bc867f1563f209fc2abddb830d3df67e84f0e61abe71a08fc8ae349a1e03a36cfc9ac9a828e204de978b6bb08c5f1d7d17d46a5ee683,2025-07-31T15:00:00.000,45,TRAFFIC SIGNAL,FUNCTIONING PROPERLY,CLEAR,DAYLIGHT,TURNING,FOUR WAY,STRAIGHT AND LEVEL,DRY,UNKNOWN,NOT ON SCENE (DESK REPORT),NO INJURY / DRIVE AWAY,Y,"OVER $1,500",2025-07-31T17:41:00.000,UNABLE TO DETERMINE,UNABLE TO DETERMINE,6559,S,COAST GUARD DR,331,2,NO INDICATION OF INJURY,0,0,0,0,0,2,0,15,5,7,41.7754426805,-87.5749646714,"{'type': 'Point', 'coordinates': [-87.574964671375, 41.77544268052]}",,,,,,,,,,