crash_record_id,crash_date,posted_speed_limit,traffic_control_device,device_condition,weather_condition,lighting_condition,first_crash_type,trafficway_type,alignment,roadway_surface_cond,road_defect,report_type,crash_type,intersection_related_i,damage,date_police_notified,prim_contributory_cause,sec_contributory_cause,street_no,street_direction,street_name,beat_of_occurrence,num_units,most_severe_injury,injuries_total,injuries_fatal,injuries_incapacitating,injuries_non_incapacitating,injuries_reported_not_evident,injuries_no_indication,injuries_unknown,crash_hour,crash_day_of_week,crash_month,latitude,longitude,location,private_property_i,photos_taken_i,hit_and_run_i,statements_taken_i,crash_date_est_i,work_zone_i,work_zone_type,dooring_i,lane_cnt,workers_present_i
fa24600a92baedbffac2f6e6aadb7f3fd31a1a57f8004320849ef1fc0437425aacd4043a8cf17d2f4f7737261426984d3e824ef2202dcb6a011a9d2004f9d623,2025-07-31T15:00:00.000,35,NO CONTROLS,NO CONTROLS,CLEAR,DAYLIGHT,REAR END,NOT DIVIDED,STRAIGHT AND LEVEL,DRY,NO DEFECTS,ON SCENE,NO INJURY / DRIVE AWAY,,"OVER $1,500",2025-07-31T15:00:00.000,FOLLOWING TOO CLOSELY,FAILING TO YIELD RIGHT-OF-WAY,10001,S,PULASKI RD,2211,3,NO INDICATION OF INJURY,0,0,0,0,0,4,0,15,5,7,41.7112582322,-87.7209394734,"{'type': 'Point', 'coordinates': [-87.720939473403, 41.711258232205]}",,,Y,,,,,,,
e59c9eecae238e22441c899bbbb488c7ba3483b2819d44337dbfc86770d2e0e475d40d43a48add5afcc06112b86a8e698ebae375d614580f8e70c39c894461a0,2025-07-31T14:55:00.000,30,NO CONTROLS,UNKNOWN,CLEAR,DAYLIGHT,PEDALCYCLIST,ALLEY,STRAIGHT AND LEVEL,DRY,NO DEFECTS,ON SCENE,INJURY AND / OR TOW DUE TO CRASH,,"OVER $1,500",2025-07-31T15:18:00.000,FAILING TO YIELD RIGHT-OF-WAY,NOT APPLICABLE,2413,W,JACKSON BLVD,1125,2,NONINCAPACITATING INJURY,1,0,0,1,0,2,0,14,5,7,41.8774343899,-87.6868686067,"{'type': 'Point', 'coordinates': [-87.686868606664, 41.877434389857]}",,,Y,,Y,,,,,
d9e6b12f69e54d13832890ebda961cd4c3279a5d734d150bf9a75df84f037edd5eb950f6a5baed144c0e8a219fddf08ff2a74cbf67290a28b8a68c9182813a9e,2025-07-31T14:54:00.000,20,STOP SIGN/FLASHER,UNKNOWN,CLEAR,DAYLIGHT,SIDESWIPE SAME DIRECTION,UNKNOWN,STRAIGHT AND LEVEL,DRY,NO DEFECTS,ON SCENE,NO INJURY / DRIVE AWAY,,"$501 - $1,500",2025-07-31T15:30:00.000,UNABLE TO DETERMINE,UNABLE TO DETERMINE,7603,S,SOUTH CHICAGO AVE,411,2,NO INDICATION OF INJURY,0,0,0,0,0,2,0,14,5,7,41.7568558348,-87.5928141734,"{'type': 'Point', 'coordinates': [-87.592814173444, 41.756855834805]}",,,Y,,,,,,,
cc3996117d42b643ae168ebc79035079f12e6d6c3d7c8c685a45445549efdf89c48823d8ec2d498f3e2b3fe187dbef1bd1a69a1f8e6ad8bc9f4d122681364264,2025-07-31T14:45:00.000,10,NO CONTROLS,NO CONTROLS,CLEAR,DAYLIGHT,SIDESWIPE OPPOSITE DIRECTION,PARKING LOT,STRAIGHT AND LEVEL,DRY,NO DEFECTS,NOT ON SCENE (DESK REPORT),NO INJURY / DRIVE AWAY,,"OVER $1,500",2025-07-31T15:15:00.000,FOLLOWING TOO CLOSELY,NOT APPLICABLE,8341,S,COTTAGE GROVE AVE,632,2,NO INDICATION OF INJURY,0,0,0,0,0,2,0,14,5,7,41.7427259911,-87.6048513435,"{'type': 'Point', 'coordinates': [-87.604851343535, 41.742725991086]}",Y,,Y,,,,,,,
017e3d2c6fbbe3f64347687ffdaf38f100ea3cf70c417b41df1ddcc855e334ee9f933fd0e71b3b71723daf0cfdd6392445a2930a4639a5770434faa9973da2b8,2025-07-31T14:41:00.000,25,NO CONTROLS,NO CONTROLS,CLEAR,DAYLIGHT,SIDESWIPE SAME DIRECTION,ONE-WAY,STRAIGHT AND LEVEL,DRY,NO DEFECTS,ON SCENE,NO INJURY / DRIVE AWAY,,"OVER $1,500",2025-07-31T15:09:00.000,IMPROPER OVERTAKING/PASSING,UNABLE TO DETERMINE,3,W,TERMINAL ST,1653,2,NO INDICATION OF INJURY,0,0,0,0,0,3,0,14,5,7,,,,,,,,,,,,,
cc3eedb47af718a796fda930529ea3f6c47cb9c84b043483de9919bfc25d41571c656513e0c8e97014e75362938fc3d45d4568c966b0d833874c92078763c2d1,2025-07-31T14:40:00.000,30,NO CONTROLS,NO CONTROLS,CLEAR,DAYLIGHT,SIDESWIPE SAME DIRECTION,DIVIDED - W/MEDIAN (NOT RAISED),"CURVE, LEVEL",DRY,NO DEFECTS,NOT ON SCENE (DESK REPORT),NO INJURY / DRIVE AWAY,,"OVER $1,500",2025-07-31T15:25:00.000,UNABLE TO DETERMINE,UNABLE TO DETERMINE,3402,W,GRAND AVE,1121,2,NO INDICATION OF INJURY,0,0,0,0,0,2,0,14,5,7,41.8999550974,-87.7115584641,"{'type': 'Point', 'coordinates': [-87.711558464135, 41.899955097384]}",,,Y,,,,,,,
3a974473086f8c2ecb2acf4c99147a527b836c6306812f417830aac0f39c75f48b0f9947fc56c1ff91f99486144fe0231726f8a50ff13c84fec4655ebad4f1e6,2025-07-31T14:30:00.000,20,NO CONTROLS,NO CONTROLS,CLEAR,DAYLIGHT,SIDESWIPE OPPOSITE DIRECTION,NOT DIVIDED,STRAIGHT AND LEVEL,DRY,NO DEFECTS,ON SCENE,NO INJURY / DRIVE AWAY,,"$501 - $1,500",2025-07-31T14:45:00.000,FAILING TO YIELD RIGHT-OF-WAY,FAILING TO YIELD RIGHT-OF-WAY,1453,W,38TH ST,912,2,NO INDICATION OF INJURY,0,0,0,0,0,3,0,14,5,7,41.8249502775,-87.6626917604,"{'type': 'Point', 'coordinates': [-87.662691760422, 41.824950277528]}",,,,,Y,,,,,
3f384d07a2178f7f4060fcdd3b04f4850a71ee1ac286e8fe8acc5f95696d407693a63a52d9d715a5a383f1a56e81ec661f0ff3504df3fe64c259a4222dbbb5a6,2025-07-31T14:30:00.000,30,NO CONTROLS,NO CONTROLS,CLEAR,DAYLIGHT,REAR END,NOT DIVIDED,STRAIGHT AND LEVEL,DRY,UNKNOWN,NOT ON SCENE (DESK REPORT),NO INJURY / DRIVE AWAY,,"OVER $1,500",2025-07-31T14:50:00.000,FOLLOWING TOO CLOSELY,NOT APPLICABLE,2300,W,DIVERSEY AVE,1432,2,NO INDICATION OF INJURY,0,0,0,0,0,2,0,14,5,7,41.9323068118,-87.6855870062,"{'type': 'Point', 'coordinates': [-87.685587006234, 41.932306811805]}",,,,,Y,,,,,
4d8a5cbe1fe9ba2dee21a5f1836c82eb44db6b99b3aec04db777bb93b041711003ca50dfb6a77eb13fae2c56d5a020ca3338ea60aa326ca17619a83889ea7d29,2025-07-31T14:30:00.000,10,NO CONTROLS,NO CONTROLS,CLEAR,"DARKNESS, LIGHTED ROAD",OTHER OBJECT,ALLEY,STRAIGHT AND LEVEL,DRY,UNKNOWN,NOT ON SCENE (DESK REPORT),INJURY AND / OR TOW DUE TO CRASH,,$500 OR LESS,2025-08-01T15:13:00.000,WEATHER,UNABLE TO DETERMINE,5917,N,ARTESIAN AVE,2011,1,NONINCAPACITATING INJURY,1,0,0,1,0,0,0,14,5,7,41.9891834839,-87.6906962331,"{'type': 'Point', 'coordinates': [-87.690696233092, 41.989183483916]}",,,,,,,,,,
576beadde9892cfa56cff84cca49c239cfb3c109d865580811fd553b43c3ab30833f869c9590f6c36a4514e3c09cecdd16c236cfd095757388efef02307f893f,2025-07-31T14:30:00.000,30,TRAFFIC SIGNAL,FUNCTIONING PROPERLY,CLEAR,DAYLIGHT,REAR END,NOT DIVIDED,STRAIGHT AND LEVEL,DRY,NO DEFECTS,NOT ON SCENE (DESK REPORT),NO INJURY / DRIVE AWAY,Y,"OVER $1,500",2025-07-31T15:49:00.000,FOLLOWING TOO CLOSELY,UNABLE TO DETERMINE,6548,W,GRAND AVE,2512,2,NO INDICATION OF INJURY,0,0,0,0,0,2,0,14,5,7,41.9237174929,-87.7884469473,"{'type': 'Point', 'coordinates': [-87.788446947253, 41.923717492899]}",,,,,,,,,,
b7ed61cfae1aaef457413f6493a2933835a6079716a6dd2636c60956e302e4bfea0b70df056057f0ac6260fb6859976996fcb06f56d9a3656b3fc50c87633609,2025-07-31T14:26:00.000,30,NO CONTROLS,NO CONTROLS,CLEAR,DAYLIGHT,REAR END,NOT DIVIDED,STRAIGHT AND LEVEL,DRY,NO DEFECTS,NOT ON SCENE (DESK REPORT),NO INJURY / DRIVE AWAY,,"$501 - $1,500",2025-07-31T17:00:00.000,FOLLOWING TOO CLOSELY,FOLLOWING TOO CLOSELY,5364,N,CICERO AVE,1621,2,NO INDICATION OF INJURY,0,0,0,0,0,2,0,14,5,7,41.9798633721,-87.7482876545,"{'type': 'Point', 'coordinates': [-87.748287654482, 41.979863372128]}",,,,,,,,,,
dcdd35e6eeb6e9316ee1fd6a9f556263ede65dbbc49ec221a2a4872b70e8b0f860452cbf12fa2cb0a684c4d7de82cd6d53c27295680ab9172c51662b6ca2a6c5,2025-07-31T14:20:00.000,30,TRAFFIC SIGNAL,FUNCTIONING PROPERLY,CLEAR,DAYLIGHT,REAR END,NOT DIVIDED,STRAIGHT AND LEVEL,UNKNOWN,UNKNOWN,NOT ON SCENE (DESK REPORT),NO INJURY / DRIVE AWAY,,"OVER $1,500",2025-07-31T14:45:00.000,UNABLE TO DETERMINE,UNABLE TO DETERMINE,3022,W,ADDISON ST,1733,2,NO INDICATION OF INJURY,0,0,0,0,0,2,0,14,5,7,41.9467620572,-87.7039204512,"{'type': 'Point', 'coordinates': [-87.70392045123, 41.946762057237]}",,,,,,,,,,
17386a7dd24ea64a3ec3c80cddbcd61efe07069f8b1d436d1b72e11dfb8c44a286763ebcd70945ba11474456d574ec8457dca0bf73441fb25509379a6d0a1678,2025-07-31T14:19:00.000,10,NO CONTROLS,NO CONTROLS,CLEAR,DAYLIGHT,SIDESWIPE SAME DIRECTION,ONE-WAY,STRAIGHT AND LEVEL,DRY,NO DEFECTS,ON SCENE,NO INJURY / DRIVE AWAY,,"OVER $1,500",2025-07-31T14:20:00.000,IMPROPER OVERTAKING/PASSING,NOT APPLICABLE,5,W,TERMINAL ST,1655,2,NO INDICATION OF INJURY,0,0,0,0,0,2,0,14,5,7,,,,,,Y,,,,,,,
2e163da6d24b18659a02947500f83bdbead2775fd0da69388d7ecc2b355950d380336be5b68feae00111aa823aa9003b7f906d2d7dd61842142d6a3ed76550cd,2025-07-31T14:15:00.000,30,STOP SIGN/FLASHER,NO CONTROLS,CLEAR,DAYLIGHT,ANGLE,DIVIDED - W/MEDIAN (NOT RAISED),STRAIGHT AND LEVEL,DRY,NO DEFECTS,NOT ON SCENE (DESK REPORT),NO INJURY / DRIVE AWAY,,"$501 - $1,500",2025-07-31T14:40:00.000,FAILING TO YIELD RIGHT-OF-WAY,NOT APPLICABLE,800,W,HUBBARD ST,1214,2,NO INDICATION OF INJURY,0,0,0,0,0,2,0,14,5,7,41.8901948827,-87.6476686991,"{'type': 'Point', 'coordinates': [-87.647668699131, 41.890194882661]}",,,,,,,,,,
6f8ea7574f98d51e1c7d87321fbfafe65a19fdce582d6923cf8e0ad0007352b36cb562052507d0d89324bfac3371a79a2543d5116e74acff216228f005e3e4b0,2025-07-31T14:05:00.000,25,NO CONTROLS,NO CONTROLS,CLEAR,DAYLIGHT,ANGLE,DIVIDED - W/MEDIAN (NOT RAISED),STRAIGHT AND LEVEL,UNKNOWN,UNKNOWN,NOT ON SCENE (DESK REPORT),NO INJURY / DRIVE AWAY,,"OVER $1,500",2025-07-31T14:35:00.000,DRIVING SKILLS/KNOWLEDGE/EXPERIENCE,NOT APPLICABLE,1534,W,GLENLAKE AVE,2433,2,NO INDICATION OF INJURY,0,0,0,0,0,2,0,14,5,7,41.9927263836,-87.6690625283,"{'type': 'Point', 'coordinates': [-87.669062528261, 41.992726383635]}",,,,,,,,,,
0a5e9cb60eea6e609c7ee2a45458d9601ed57b0c966dd385061143207a50f7b24e56c23834df63809544caefea7aba0f92700bd72ddb71684f1f84cd1ac23453,2025-07-31T14:00:00.000,30,TRAFFIC SIGNAL,FUNCTIONING PROPERLY,CLEAR,DAYLIGHT,TURNING,NOT DIVIDED,STRAIGHT AND LEVEL,DRY,NO DEFECTS,ON SCENE,INJURY AND / OR TOW DUE TO CRASH,Y,"OVER $1,500",2025-07-31T15:59:00.000,IMPROPER TURNING/NO SIGNAL,IMPROPER OVERTAKING/PASSING,2,E,IDA B WELLS DR,113,2,"REPORTED, NOT EVIDENT",1,0,0,0,1,1,0,14,5,7,41.8757495339,-87.6275869352,"{'type': 'Point', 'coordinates': [-87.627586935154, 41.875749533911]}",,,,,,,,,,
c7b961cfe7ccc772a04ac61b14cb0a13303919b825017bb4fb506a54826283b80a2d50a133f8602052c86ad5c515553ddc0ee01d0696394570963fa5d974a63c,2025-07-31T14:00:00.000,10,NO CONTROLS,NO CONTROLS,CLEAR,DAYLIGHT,ANGLE,PARKING LOT,STRAIGHT AND LEVEL,DRY,NO DEFECTS,NOT ON SCENE (DESK REPORT),NO INJURY / DRIVE AWAY,,"OVER $1,500",2025-08-01T10:20:00.000,UNABLE TO DETERMINE,UNABLE TO DETERMINE,222,E,HURON ST,1834,2,NO INDICATION OF INJURY,0,0,0,0,0,3,0,14,5,7,41.8951081058,-87.6218079229,"{'type': 'Point', 'coordinates': [-87.621807922945, 41.895108105791]}",Y,,,,,,,,,
de5856791a1623b854943afdd073d3841b2138e43322d4d49a2ecdd52774ca848771d72ef89aa3fef251e49a418f85bb0856ef8bf90ac1899614832838c4def2,2025-07-31T13:51:00.000,35,TRAFFIC SIGNAL,FUNCTIONING PROPERLY,CLEAR,DAYLIGHT,REAR END,RAMP,STRAIGHT AND LEVEL,DRY,NO DEFECTS,,INJURY AND / OR TOW DUE TO CRASH,,"OVER $1,500",2025-07-31T13:51:00.000,"OPERATING VEHICLE IN ERRATIC, RECKLESS, CARELESS, NEGLIGENT OR AGGRESSIVE MANNER",NOT APPLICABLE,11100,S,MARSHFIELD AVE,2234,2,"REPORTED, NOT EVIDENT",1,0,0,0,1,1,0,13,5,7,41.6920731982,-87.661003058,"{'type': 'Point', 'coordinates': [-87.661003057986, 41.692073198171]}",,,Y,,,,,,,
25e639eb01c9e9d24f524908ac7983b9b3b1bd83265070f6a329b3b9f35eff57607e5d76a32740956e16e69b7e6d96043c7086ff9fa77914e7c38f99cfd20df1,2025-07-31T13:47:00.000,30,TRAFFIC SIGNAL,FUNCTIONING PROPERLY,CLEAR,DAYLIGHT,SIDESWIPE SAME DIRECTION,FOUR WAY,STRAIGHT AND LEVEL,DRY,NO DEFECTS,ON SCENE,INJURY AND / OR TOW DUE TO CRASH,,"OVER $1,500",2025-07-31T14:59:00.000,FAILING TO YIELD RIGHT-OF-WAY,IMPROPER LANE USAGE,5898,S,HALSTED ST,712,2,NO INDICATION OF INJURY,0,0,0,0,0,2,0,13,5,7,41.7870720965,-87.6451167268,"{'type': 'Point', 'coordinates': [-87.645116726809, 41.787072096457]}",,,,,,,,,,
067013163bd15e26c8b77b876061f93df2f9a7e8faa36aaa38ed54153e17a79c2c1b330ac50c4dd471062bea597645692402314a697fc15a958dc523ff678959,2025-07-31T13:45:00.000,30,NO CONTROLS,NO CONTROLS,CLEAR,DAYLIGHT,SIDESWIPE SAME DIRECTION,DIVIDED - W/MEDIAN (NOT RAISED),STRAIGHT AND LEVEL,DRY,UNKNOWN,ON SCENE,NO INJURY / DRIVE AWAY,,"$501 - $1,500",2025-07-31T13:47:00.000,UNABLE TO DETERMINE,UNABLE TO DETERMINE,2538,W,47TH ST,922,2,NO INDICATION OF INJURY,0,0,0,0,0,4,0,13,5,7,41.8084828663,-87.6885327757,"{'type': 'Point', 'coordinates': [-87.688532775731, 41.808482866331]}",,,,,,,,,,
3be0b1d262ff810100e491299414e26b7ec5e1d471d30b19545bdb7ca29ad58169f712bef0c614e177f6ef98906d8b275035e6ae0644071262a7cd8a802899db,2025-07-31T13:45:00.000,30,NO CONTROLS,NO CONTROLS,CLEAR,DAYLIGHT,PARKED MOTOR VEHICLE,NOT DIVIDED,STRAIGHT AND LEVEL,DRY,NO DEFECTS,NOT ON SCENE (DESK REPORT),NO INJURY / DRIVE AWAY,,"OVER $1,500",2025-08-01T08:40:00.000,UNABLE TO DETERMINE,NOT APPLICABLE,333,N,GREEN ST,1214,2,NO INDICATION OF INJURY,0,0,0,0,0,1,0,13,5,7,41.8878081583,-87.6485452214,"{'type': 'Point', 'coordinates': [-87.648545221384, 41.88780815835]}",,,,,,,,,,
f88bf2b7113b99f4a6f15de7de8a53dc8bd63272b81c4e927cedf049a19de00b2aa4c3a47fa22430607c41ddd3b203b1deef7b7f4d8d9f95600e935fcbb1b859,2025-07-31T13:45:00.000,15,NO CONTROLS,NO CONTROLS,CLEAR,DAYLIGHT,PARKED MOTOR VEHICLE,RAMP,STRAIGHT AND LEVEL,DRY,"RUT, HOLES",NOT ON SCENE (DESK REPORT),NO INJURY / DRIVE AWAY,,"OVER $1,500",2025-08-05T15:35:00.000,UNABLE TO DETERMINE,UNABLE TO DETERMINE,317,N,CLARK ST,1831,2,NO INDICATION OF INJURY,0,0,0,0,0,2,0,13,5,7,41.8879693353,-87.6308863378,"{'type': 'Point', 'coordinates': [-87.630886337829, 41.887969335307]}",,,,,,,,,,
e975b813b313cd03384252d62cce8061a92e868cfdc7f4547b9534f712be2563728e4f833523b56ae4a4605a7349e25ebf24c0c3e1c3da663f50bd0aa3aff75e,2025-07-31T13:44:00.000,30,NO CONTROLS,NO CONTROLS,CLEAR,DAYLIGHT,TURNING,ALLEY,STRAIGHT AND LEVEL,DRY,NO DEFECTS,NOT ON SCENE (DESK REPORT),INJURY AND / OR TOW DUE TO CRASH,,"OVER $1,500",2025-07-31T14:57:00.000,UNABLE TO DETERMINE,NOT APPLICABLE,161,W,SCHILLER ST,1821,2,NO INDICATION OF INJURY,0,0,0,0,0,2,0,13,5,7,41.9075661916,-87.6339977435,"{'type': 'Point', 'coordinates': [-87.633997743461, 41.907566191593]}",,,,,,,,,,
612ffcbccee8859992017f696516762945bbdcbc3a4a2abe7e8273aba78786f2f7bdae0ad8004f4db896aa1994f73f039c45d8a3ce0b2a39fa798304b0b6d39f,2025-07-31T13:36:00.000,30,STOP SIGN/FLASHER,FUNCTIONING PROPERLY,CLEAR,DAYLIGHT,TURNING,NOT DIVIDED,STRAIGHT AND LEVEL,DRY,NO DEFECTS,ON SCENE,INJURY AND / OR TOW DUE TO CRASH,Y,"OVER $1,500",2025-07-31T13:37:00.000,DRIVING SKILLS/KNOWLEDGE/EXPERIENCE,DRIVING SKILLS/KNOWLEDGE/EXPERIENCE,2902,W,DEVON AVE,2412,2,INCAPACITATING INJURY,2,0,1,1,0,2,0,13,5,7,41.997624189,-87.7022244823,"{'type': 'Point', 'coordinates': [-87.702224482284, 41.997624188962]}",,,,,,,,,,
edd5124923f661d404c3c6a08e14582cb07cf2131fc85c165705de6a349304a8c36c3dcbafaac768cd47cf7c4ae12e165eb11d16f187a08865ef18be8ff8375b,2025-07-31T13:31:00.000,30,NO CONTROLS,NO CONTROLS,CLEAR,DAYLIGHT,PARKED MOTOR VEHICLE,PARKING LOT,STRAIGHT AND LEVEL,DRY,UNKNOWN,NOT ON SCENE (DESK REPORT),NO INJURY / DRIVE AWAY,,"OVER $1,500",2025-08-01T14:40:00.000,IMPROPER TURNING/NO SIGNAL,NOT APPLICABLE,6715,S,STATE ST,322,2,NO INDICATION OF INJURY,0,0,0,0,0,1,0,13,5,7,41.7722580771,-87.624969459,"{'type': 'Point', 'coordinates': [-87.62496945896, 41.772258077114]}",Y,,,,,,,,,
0278a9c8432cfe9914982a2aaf896e2b676530d74fcf25dc6220bb3534c96bbebebad4b5c7eaa65385b574423bbbef8352930f941ee6201c778aa01bacd4e2a5,2025-07-31T13:30:00.000,30,TRAFFIC SIGNAL,FUNCTIONING PROPERLY,CLEAR,DAYLIGHT,REAR END,NOT DIVIDED,STRAIGHT AND LEVEL,DRY,NO DEFECTS,NOT ON SCENE (DESK REPORT),NO INJURY / DRIVE AWAY,,"$501 - $1,500",2025-07-31T15:35:00.000,FAILING TO REDUCE SPEED TO AVOID CRASH,NOT APPLICABLE,6300,S,CICERO AVE,813,2,NO INDICATION OF INJURY,0,0,0,0,0,3,0,13,5,7,41.7783353905,-87.7424364942,"{'type': 'Point', 'coordinates': [-87.74243649416, 41.778335390453]}",,,Y,,,,,,,
02cef1a4ed5f728db5fae1f3f22b48d5d99076f653980e36fca03fa603836e961d92378f720356dbea81597f9f2f67d08013332ca71408e09084d14c06d88fef,2025-07-31T13:30:00.000,35,NO CONTROLS,NO CONTROLS,CLEAR,DAYLIGHT,REAR END,CENTER TURN LANE,STRAIGHT AND LEVEL,DRY,NO DEFECTS,ON SCENE,INJURY AND / OR TOW DUE TO CRASH,,"OVER $1,500",2025-07-31T14:45:00.000,FAILING TO REDUCE SPEED TO AVOID CRASH,UNABLE TO DETERMINE,10001,S,PULASKI RD,2211,3,NO INDICATION OF INJURY,0,0,0,0,0,4,0,13,5,7,41.7112582322,-87.7209394734,"{'type': 'Point', 'coordinates': [-87.720939473403, 41.711258232205]}",,,,,,,,,,
04a8855c287bff0bd98018ae39e1b392889bd6c8babd25e7ff15deb39a29c50c293a234de7fde5e2364afcd4338cecacc28760fa0d1e01e88c8858ba6dab3ded,2025-07-31T13:30:00.000,25,NO CONTROLS,NO CONTROLS,CLEAR,DAYLIGHT,PARKED MOTOR VEHICLE,NOT DIVIDED,STRAIGHT AND LEVEL,DRY,NO DEFECTS,NOT ON SCENE (DESK REPORT),NO INJURY / DRIVE AWAY,,"OVER $1,500",2025-07-31T14:04:00.000,NOT APPLICABLE,NOT APPLICABLE,1400,W,WAVELAND AVE,1922,2,NO INDICATION OF INJURY,0,0,0,0,0,1,0,13,5,7,41.9489978447,-87.6641308685,"{'type': 'Point', 'coordinates': [-87.664130868463, 41.948997844689]}",,,Y,,,,,,,
195e6868c6ab9a1c9f33d84a63954d62965554af92aeb005fa32130b773cef242b65646280c024101e618b1ea8a5ee89a814d4bb4c4f8700cb3ff4c512644dab,2025-07-31T13:30:00.000,30,UNKNOWN,UNKNOWN,CLEAR,DAYLIGHT,REAR END,FOUR WAY,STRAIGHT AND LEVEL,UNKNOWN,UNKNOWN,NOT ON SCENE (DESK REPORT),NO INJURY / DRIVE AWAY,Y,"OVER $1,500",2025-08-04T15:20:00.000,UNABLE TO DETERMINE,UNABLE TO DETERMINE,666,N,ORLEANS ST,1831,2,NO INDICATION OF INJURY,0,0,0,0,0,2,0,13,5,7,41.8942772248,-87.6372582532,"{'type': 'Point', 'coordinates': [-87.637258253181, 41.894277224763]}",,,,,,,,,,
2da798452533b0afe5ab3775279c6a0765043eff20e1a37d8f9f0afed872bf0d08ec6fcf32f0555281ebe830a14d7902aef7e3cc102d31b6e1118af0ad220525,2025-07-31T13:30:00.000,30,NO CONTROLS,NO CONTROLS,CLEAR,DAYLIGHT,SIDESWIPE SAME DIRECTION,ONE-WAY,STRAIGHT AND LEVEL,DRY,NO DEFECTS,NOT ON SCENE (DESK REPORT),NO INJURY / DRIVE AWAY,,"$501 - $1,500",2025-07-31T15:19:00.000,IMPROPER OVERTAKING/PASSING,NOT APPLICABLE,5041,S,KEDVALE AVE,815,2,NO INDICATION OF INJURY,0,0,0,0,0,2,0,13,5,7,41.8011946386,-87.7269159007,"{'type': 'Point', 'coordinates': [-87.726915900741, 41.801194638602]}",,,,,,,,,,
acfd696b95b69f28ab3fa385fc807f92820001ccd75ba85cfca028288582e93f0c44976db710e0cfc46c0e265662ab6b669c60e0f26c9ce4b35389414eff2835,2025-07-31T13:30:00.000,10,NO CONTROLS,NO CONTROLS,CLEAR,UNKNOWN,REAR TO SIDE,PARKING LOT,STRAIGHT AND LEVEL,UNKNOWN,UNKNOWN,NOT ON SCENE (DESK REPORT),NO INJURY / DRIVE AWAY,,"OVER $1,500",2025-07-31T14:53:00.000,IMPROPER BACKING,IMPROPER BACKING,3222,W,ADDISON ST,1733,2,NO INDICATION OF INJURY,0,0,0,0,0,2,0,13,5,7,41.9467332402,-87.7087935679,"{'type': 'Point', 'coordinates': [-87.708793567892, 41.946733240155]}",,,,,,,,,,
c56695a4311a3bb3ce7e89a6269226d7ffcd3b0d1f6c02ad485fa5c5346608d85815b326d9b1aa4f6257905336a6b07794fe5a2cd59e3f269227e098d5c8afbc,2025-07-31T13:30:00.000,30,NO CONTROLS,NO CONTROLS,CLEAR,DAYLIGHT,ANGLE,NOT DIVIDED,STRAIGHT AND LEVEL,DRY,NO DEFECTS,NOT ON SCENE (DESK REPORT),NO INJURY / DRIVE AWAY,,"$501 - $1,500",2025-07-31T15:20:00.000,UNABLE TO DETERMINE,UNABLE TO DETERMINE,664,W,LAKE ST,1214,2,NO INDICATION OF INJURY,0,0,0,0,0,2,0,13,5,7,41.8858036668,-87.6452492199,"{'type': 'Point', 'coordinates': [-87.64524921989, 41.885803666844]}",,,,,,,,,,
7613b6261504568c5bdab6fb7894041debbf2f5ccbf78e3fbeac86b07836414cee4505a623622c0680f38cd52e3d16e7c96de4d77d375554ac2f2ebe6482a546,2025-07-31T13:21:00.000,10,NO CONTROLS,NO CONTROLS,CLEAR,DAYLIGHT,PARKED MOTOR VEHICLE,PARKING LOT,STRAIGHT AND LEVEL,DRY,NO DEFECTS,NOT ON SCENE (DESK REPORT),NO INJURY / DRIVE AWAY,,"OVER $1,500",2025-07-31T19:46:00.000,UNABLE TO DETERMINE,NOT APPLICABLE,4100,S,ASHLAND AVE,924,2,NO INDICATION OF INJURY,0,0,0,0,0,1,0,13,5,7,41.8194414263,-87.6653755449,"{'type': 'Point', 'coordinates': [-87.665375544909, 41.819441426296]}",,,,,,,,,,
bd674e996135765e7041b9981ba5256ff97e2eae8a3ff06c4e44d509f8d41b10b86d475dc44d69b7c3eb606d4585f5999e48783db77bbef3af1dea7fb8153cdc,2025-07-31T13:19:00.000,35,TRAFFIC SIGNAL,NO CONTROLS,CLEAR,DAYLIGHT,ANGLE,OTHER,STRAIGHT AND LEVEL,DRY,NO DEFECTS,NOT ON SCENE (DESK REPORT),NO INJURY / DRIVE AWAY,,"OVER $1,500",2025-07-31T14:00:00.000,FAILING TO YIELD RIGHT-OF-WAY,NOT APPLICABLE,505,N,ASHLAND AVE,1215,2,NO INDICATION OF INJURY,0,0,0,0,0,3,0,13,5,7,41.8911400593,-87.6669994733,"{'type': 'Point', 'coordinates': [-87.666999473302, 41.89114005929]}",,,Y,,,,,,,
118d9821045dfeb761a4dafdb83266b09dc2d5a642a29327e764da65f685861c2750a3b3d2bb717530462808449f19ca703aa9569beb6fb368bdf93c2bde888d,2025-07-31T13:15:00.000,30,STOP SIGN/FLASHER,FUNCTIONING PROPERLY,CLEAR,DAYLIGHT,SIDESWIPE SAME DIRECTION,NOT DIVIDED,STRAIGHT AND LEVEL,DRY,NO DEFECTS,ON SCENE,NO INJURY / DRIVE AWAY,,"$501 - $1,500",2025-07-31T13:18:00.000,IMPROPER TURNING/NO SIGNAL,NOT APPLICABLE,1454,W,18TH ST,1233,2,NO INDICATION OF INJURY,0,0,0,0,0,4,0,13,5,7,41.8579471792,-87.6635372668,"{'type': 'Point', 'coordinates': [-87.663537266811, 41.857947179176]}",,,,,,,,,,