crash_record_id,crash_date,posted_speed_limit,traffic_control_device,device_condition,weather_condition,lighting_condition,first_crash_type,trafficway_type,alignment,roadway_surface_cond,road_defect,report_type,crash_type,intersection_related_i,damage,date_police_notified,prim_contributory_cause,sec_contributory_cause,street_no,street_direction,street_name,beat_of_occurrence,num_units,most_severe_injury,injuries_total,injuries_fatal,injuries_incapacitating,injuries_non_incapacitating,injuries_reported_not_evident,injuries_no_indication,injuries_unknown,crash_hour,crash_day_of_week,crash_month,latitude,longitude,location,private_property_i,photos_taken_i,hit_and_run_i,statements_taken_i,crash_date_est_i,work_zone_i,work_zone_type,dooring_i,lane_cnt,workers_present_i
fa41bcc79f595fb0cfa4ea4a5e770ef527d6e2a5978c93d89a213fd919c9587d9abd6fc296baf445c00cf94367a5cdf4ec916a6fa3e11312c00aed59fcc74d41,2025-07-31T13:15:00.000,30,NO CONTROLS,NO CONTROLS,CLEAR,DAYLIGHT,PARKED MOTOR VEHICLE,DIVIDED - W/MEDIAN BARRIER,STRAIGHT AND LEVEL,DRY,NO DEFECTS,ON SCENE,INJURY AND / OR TOW DUE TO CRASH,,"OVER $1,500",2025-07-31T13:20:00.000,DRIVING SKILLS/KNOWLEDGE/EXPERIENCE,NOT APPLICABLE,1102,N,ASHLAND AVE,1213,2,NO INDICATION OF INJURY,0,0,0,0,0,1,0,13,5,7,41.9016268997,-87.6675943859,"{'type': 'Point', 'coordinates': [-87.667594385879, 41.901626899721]}",,,,,,,,,,
4ac00369118d9bdc09cdb5fc1227f965be317d1c350e94414d99c195dad7c585555b9f7386e69783c0b469446f28246d0134914b5625efa3b3671efaa8942bc3,2025-07-31T13:10:00.000,30,NO CONTROLS,NO CONTROLS,UNKNOWN,UNKNOWN,TURNING,NOT DIVIDED,STRAIGHT AND LEVEL,UNKNOWN,UNKNOWN,NOT ON SCENE (DESK REPORT),NO INJURY / DRIVE AWAY,,"OVER $1,500",2025-07-31T14:00:00.000,FAILING TO YIELD RIGHT-OF-WAY,UNABLE TO DETERMINE,5855,N,SHERIDAN RD,2022,2,NO INDICATION OF INJURY,0,0,0,0,0,2,0,13,5,7,41.9889026315,-87.655202871,"{'type': 'Point', 'coordinates': [-87.65520287102, 41.988902631487]}",,,,,,,,,,
7fc3bb7e4459da1795299301c2e70f3980d290a6261f6cf6b90b965a9a8c10acd18cb4f12ccd0172b6afce2299b29eb90a019a4c56302b91d69f9d2a9fa39d30,2025-07-31T13:10:00.000,30,TRAFFIC SIGNAL,FUNCTIONING PROPERLY,CLEAR,DAYLIGHT,PARKED MOTOR VEHICLE,DIVIDED - W/MEDIAN (NOT RAISED),STRAIGHT AND LEVEL,DRY,NO DEFECTS,ON SCENE,NO INJURY / DRIVE AWAY,,"OVER $1,500",2025-07-31T13:19:00.000,UNABLE TO DETERMINE,UNABLE TO DETERMINE,1330,W,76TH ST,612,2,NO INDICATION OF INJURY,0,0,0,0,0,2,0,13,5,7,41.7560185031,-87.6576525695,"{'type': 'Point', 'coordinates': [-87.65765256948, 41.756018503121]}",,,Y,,,,,,,
5456bf9c4328fe977b097078557af1affdded4c578ca2ab3a1198523b23675395c202e3d8086dcd1a05157f2bf41a830fa6212591dda2901a7d366205d02789a,2025-07-31T13:08:00.000,30,NO CONTROLS,NO CONTROLS,CLEAR,DAYLIGHT,SIDESWIPE SAME DIRECTION,DIVIDED - W/MEDIAN (NOT RAISED),STRAIGHT AND LEVEL,DRY,NO DEFECTS,,NO INJURY / DRIVE AWAY,,"OVER $1,500",2025-07-31T14:19:00.000,UNABLE TO DETERMINE,NOT APPLICABLE,3839,W,OGDEN AVE,1014,2,NO INDICATION OF INJURY,0,0,0,0,0,2,0,13,5,7,41.8520914635,-87.7213831819,"{'type': 'Point', 'coordinates': [-87.721383181917, 41.852091463529]}",,,,,,,,,,
3527a3a831356d363d44bfde60cb39a404aaee5b9a1aa2b8a6a172b99b07f42d2cfad8522a187322f03761c1d7582c49dc9d9a651b87984802d6806d9b5e7da8,2025-07-31T13:05:00.000,30,TRAFFIC SIGNAL,FUNCTIONING PROPERLY,CLEAR,DAYLIGHT,TURNING,FOUR WAY,STRAIGHT AND LEVEL,DRY,NO DEFECTS,NOT ON SCENE (DESK REPORT),NO INJURY / DRIVE AWAY,Y,"OVER $1,500",2025-07-31T13:30:00.000,FAILING TO YIELD RIGHT-OF-WAY,UNABLE TO DETERMINE,8700,S,ASHLAND AVE,2221,2,NO INDICATION OF INJURY,0,0,0,0,0,3,0,13,5,7,41.7356969886,-87.6632095445,"{'type': 'Point', 'coordinates': [-87.663209544457, 41.735696988636]}",,,,,,,,,,
e9247d665d1590b87746d6278f39dbcd576075b195c7f85af997eeff32c99dc277f1307b84ae3dd67d0341e17eb3e14d3e4a86096f34af4394d444065ec9ad44,2025-07-31T13:02:00.000,30,NO CONTROLS,NO CONTROLS,CLEAR,DAYLIGHT,SIDESWIPE OPPOSITE DIRECTION,NOT DIVIDED,STRAIGHT AND LEVEL,DRY,NO DEFECTS,ON SCENE,NO INJURY / DRIVE AWAY,,"OVER $1,500",2025-07-31T13:02:00.000,"OPERATING VEHICLE IN ERRATIC, RECKLESS, CARELESS, NEGLIGENT OR AGGRESSIVE MANNER",FAILING TO REDUCE SPEED TO AVOID CRASH,3646,W,63RD ST,823,3,NO INDICATION OF INJURY,0,0,0,0,0,2,0,13,5,7,41.7788925062,-87.7148810528,"{'type': 'Point', 'coordinates': [-87.71488105276, 41.778892506159]}",,,,,,,,,,
3806ab723ad94e8e74b0da53275089a89a2bb44896b60d24d297e8304de732e89f4f85d83eabc5d491bac38a1b138028015af29b3efb736fa2b88c6404f11a6c,2025-07-31T13:00:00.000,30,NO CONTROLS,NO CONTROLS,CLEAR,DAYLIGHT,REAR END,NOT DIVIDED,STRAIGHT AND LEVEL,DRY,NO DEFECTS,NOT ON SCENE (DESK REPORT),NO INJURY / DRIVE AWAY,,"OVER $1,500",2025-07-31T15:06:00.000,UNABLE TO DETERMINE,NOT APPLICABLE,1714,W,TAYLOR ST,1231,2,NO INDICATION OF INJURY,0,0,0,0,0,2,0,13,5,7,41.8693232538,-87.6696936085,"{'type': 'Point', 'coordinates': [-87.669693608537, 41.86932325384]}",,,,,,,,,,
9348f53abb394847a6d0a788b7e827a8e73baecdc827352964607f8a6e0595be208a923eef2ab3fe47948f8a34f60435011ce734a97ac5630ce9d3f09fdb53e3,2025-07-31T13:00:00.000,30,NO CONTROLS,NO CONTROLS,CLEAR,DAYLIGHT,TURNING,OTHER,STRAIGHT AND LEVEL,DRY,NO DEFECTS,NOT ON SCENE (DESK REPORT),NO INJURY / DRIVE AWAY,,"$501 - $1,500",2025-07-31T23:30:00.000,UNABLE TO DETERMINE,NOT APPLICABLE,6300,S,CICERO AVE,813,2,NO INDICATION OF INJURY,0,0,0,0,0,2,0,13,5,7,41.7783353905,-87.7424364942,"{'type': 'Point', 'coordinates': [-87.74243649416, 41.778335390453]}",,,,,,,,,,
d512ff6132fa2a25d12bb471fc0ee8568603bc6efc7d5b1e2dbd010aacec805418fb71530c97286a9974845cd61aefb6bdb3888bfb5333ecf0b842828c764c1f,2025-07-31T13:00:00.000,30,NO CONTROLS,NO CONTROLS,CLEAR,DAYLIGHT,FIXED OBJECT,ONE-WAY,STRAIGHT AND LEVEL,DRY,NO DEFECTS,NOT ON SCENE (DESK REPORT),NO INJURY / DRIVE AWAY,,"OVER $1,500",2025-08-08T13:40:00.000,UNABLE TO DETERMINE,NOT APPLICABLE,2800,W,OGDEN AVE,1022,1,,,,,,,,,13,5,7,41.8613682097,-87.6959545763,"{'type': 'Point', 'coordinates': [-87.695954576293, 41.86136820973]}",,,,,,,,,,
98ce7da9262e2379f1269ee5639bdd0c8bd3ab956460adfd7e21e063090c2843274b5e90bce311c7cd9180853f9287f1ea23563f1382e98863db6abb411be7f0,2025-07-31T12:55:00.000,30,NO CONTROLS,NO CONTROLS,CLEAR,DAYLIGHT,REAR TO FRONT,NOT DIVIDED,STRAIGHT AND LEVEL,DRY,NO DEFECTS,NOT ON SCENE (DESK REPORT),NO INJURY / DRIVE AWAY,,"OVER $1,500",2025-07-31T13:45:00.000,IMPROPER BACKING,"OPERATING VEHICLE IN ERRATIC, RECKLESS, CARELESS, NEGLIGENT OR AGGRESSIVE MANNER",231,E,MARQUETTE RD,322,2,NO INDICATION OF INJURY,0,0,0,0,0,2,0,12,5,7,41.7727946753,-87.6189927248,"{'type': 'Point', 'coordinates': [-87.61899272482, 41.772794675278]}",,,Y,,,,,,,
e7b0ad4235721cbb3778fc8c715630a5cd2145485fbbda8414ab360f994ae6fbe7def7e7f89bac99ae53f84d4a88e323df672ce0f84472870ae461f7c6aa2119,2025-07-31T12:54:00.000,30,NO CONTROLS,NO CONTROLS,CLEAR,DAYLIGHT,PARKED MOTOR VEHICLE,NOT DIVIDED,STRAIGHT AND LEVEL,DRY,NO DEFECTS,ON SCENE,NO INJURY / DRIVE AWAY,,"$501 - $1,500",2025-07-31T12:55:00.000,IMPROPER LANE USAGE,NOT APPLICABLE,2449,W,LAWRENCE AVE,1911,4,NO INDICATION OF INJURY,0,0,0,0,0,3,0,12,5,7,41.9684865232,-87.6908463582,"{'type': 'Point', 'coordinates': [-87.690846358207, 41.968486523199]}",,,,,,,,,,
f7b2f98896a8118f50fde096f44c008e2b7924ff3efe3e7f9af7e9beac536b06915b4accef7ae49ac30c790c57b16b8cb1669c17dd3f2b943197f77a232e4d37,2025-07-31T12:50:00.000,35,NO CONTROLS,NO CONTROLS,CLEAR,DAYLIGHT,PEDESTRIAN,NOT DIVIDED,STRAIGHT AND LEVEL,DRY,NO DEFECTS,ON SCENE,INJURY AND / OR TOW DUE TO CRASH,,$500 OR LESS,2025-07-31T12:54:00.000,FAILING TO YIELD RIGHT-OF-WAY,NOT APPLICABLE,11033,S,VINCENNES AVE,2234,2,"REPORTED, NOT EVIDENT",1,0,0,0,1,1,0,12,5,7,41.6929233316,-87.6626036078,"{'type': 'Point', 'coordinates': [-87.662603607764, 41.692923331622]}",,,,,,,,,,
6dd9acdb2d09a59026ee7d1cd7832552223277a808419ca6afbffbb99c646795801a86be8a9aabe8049060e58f92b5fa95448fb7cf83e7366f60d22624b66356,2025-07-31T12:45:00.000,30,STOP SIGN/FLASHER,FUNCTIONING PROPERLY,CLEAR,DAYLIGHT,PEDESTRIAN,FOUR WAY,STRAIGHT AND LEVEL,DRY,NO DEFECTS,ON SCENE,INJURY AND / OR TOW DUE TO CRASH,Y,$500 OR LESS,2025-07-31T12:50:00.000,UNABLE TO DETERMINE,NOT APPLICABLE,498,W,ROOSEVELT RD,124,2,"REPORTED, NOT EVIDENT",1,0,0,0,1,1,0,12,5,7,41.8673634931,-87.6391370885,"{'type': 'Point', 'coordinates': [-87.63913708847, 41.867363493083]}",,,,,,,,,,
702ec2f14ef4b606196827e31b4fe2ea98002f55f11db407cb5e8dcabcda2295fd2efaadcf06277493a4d46cc7bd67f65412a309a5803b0206341aca364e26fc,2025-07-31T12:43:00.000,30,NO CONTROLS,NO CONTROLS,CLEAR,DAYLIGHT,HEAD ON,NOT DIVIDED,STRAIGHT AND LEVEL,DRY,NO DEFECTS,ON SCENE,NO INJURY / DRIVE AWAY,,$500 OR LESS,2025-07-31T13:00:00.000,FAILING TO YIELD RIGHT-OF-WAY,FAILING TO YIELD RIGHT-OF-WAY,3228,W,MONTROSE AVE,1724,2,NO INDICATION OF INJURY,0,0,0,0,0,3,0,12,5,7,41.961285006,-87.7094132881,"{'type': 'Point', 'coordinates': [-87.709413288075, 41.961285006]}",,,,,,,,,,
ea43dbdec0bf995836c2d9772f14c2a5f2349b1803871f649dec23ce4e8ce46f6ff43e9b83b0ccafa6178ddc4feaaabfc48d986e51ac46231f0a8f0a4b526948,2025-07-31T12:43:00.000,30,TRAFFIC SIGNAL,FUNCTIONING PROPERLY,CLEAR,DAYLIGHT,REAR END,NOT DIVIDED,STRAIGHT AND LEVEL,DRY,NO DEFECTS,ON SCENE,NO INJURY / DRIVE AWAY,,$500 OR LESS,2025-07-31T12:43:00.000,UNABLE TO DETERMINE,UNABLE TO DETERMINE,1602,N,CICERO AVE,2533,2,NO INDICATION OF INJURY,0,0,0,0,0,2,0,12,5,7,41.909731218,-87.7462611864,"{'type': 'Point', 'coordinates': [-87.746261186394, 41.90973121797]}",,,,,,,,,,
5f6461e4d57335ed293545dbe8a20ea5d441a3f7ceab8f6416192b5463a33c83b15b497375db4f7461849d19793b1dfa6f07804d25ed55a46833ac39bd9ad0e5,2025-07-31T12:40:00.000,30,NO CONTROLS,NO CONTROLS,CLEAR,DAYLIGHT,TURNING,NOT DIVIDED,STRAIGHT AND LEVEL,DRY,NO DEFECTS,NOT ON SCENE (DESK REPORT),NO INJURY / DRIVE AWAY,,"$501 - $1,500",2025-07-31T19:00:00.000,UNABLE TO DETERMINE,UNABLE TO DETERMINE,10301,S,MICHIGAN AVE,512,2,NO INDICATION OF INJURY,0,0,0,0,0,2,0,12,5,7,41.7071568616,-87.6200704781,"{'type': 'Point', 'coordinates': [-87.620070478051, 41.707156861607]}",,,,,,,,,,
5d897779852dc981b4d94f620cce39fe086fb6940ee1ed9bbee5a87ae95b3affd1192452751018571d9bbbab1b26bc195209e87366501ba675a8b70e2cd1c52c,2025-07-31T12:35:00.000,30,TRAFFIC SIGNAL,FUNCTIONING PROPERLY,CLEAR,DAYLIGHT,SIDESWIPE SAME DIRECTION,FOUR WAY,STRAIGHT AND LEVEL,DRY,NO DEFECTS,NOT ON SCENE (DESK REPORT),NO INJURY / DRIVE AWAY,,"OVER $1,500",2025-08-01T15:42:00.000,UNABLE TO DETERMINE,UNABLE TO DETERMINE,1027,W,ADDISON ST,1924,2,NO INDICATION OF INJURY,0,0,0,0,0,2,0,12,5,7,41.9471165371,-87.6554598733,"{'type': 'Point', 'coordinates': [-87.655459873265, 41.947116537075]}",,,,,,,,,,
27d35cbb2686189713e482c182c39764b99d4281207e12541ea8529db0e74f36bb2448f54a4756a59c9aa28121bccd4c0f781aa82cff1880fcf47a2ade71c4e8,2025-07-31T12:30:00.000,25,UNKNOWN,UNKNOWN,UNKNOWN,UNKNOWN,SIDESWIPE SAME DIRECTION,ONE-WAY,STRAIGHT AND LEVEL,UNKNOWN,UNKNOWN,NOT ON SCENE (DESK REPORT),NO INJURY / DRIVE AWAY,,"OVER $1,500",2025-07-31T14:15:00.000,NOT APPLICABLE,NOT APPLICABLE,120,E,OAK ST,1824,2,NO INDICATION OF INJURY,0,0,0,0,0,2,0,12,5,7,41.9009087991,-87.6247858787,"{'type': 'Point', 'coordinates': [-87.624785878662, 41.900908799051]}",,,,,,,,,,
5d9cf6b831f661755f915507ee014238773b5b27748930d2dc5f4df89451df565353b6e6f02d0b1a19b256579237e9c91f2c8188a1a77f04eae382654ecd96e8,2025-07-31T12:30:00.000,30,TRAFFIC SIGNAL,FUNCTIONING PROPERLY,CLEAR,DAYLIGHT,SIDESWIPE SAME DIRECTION,FOUR WAY,STRAIGHT AND LEVEL,DRY,NO DEFECTS,ON SCENE,NO INJURY / DRIVE AWAY,Y,$500 OR LESS,2025-07-31T12:39:00.000,IMPROPER LANE USAGE,UNABLE TO DETERMINE,6358,N,CICERO AVE,1621,2,NO INDICATION OF INJURY,0,0,0,0,0,2,0,12,5,7,41.9972048199,-87.7484906088,"{'type': 'Point', 'coordinates': [-87.748490608776, 41.997204819912]}",,,Y,,,,,,,
64123eb468041fc249bd8e9b6ce7bbc53df1888b9ae95011357d5733645fbd89febfd878a24204c2b9bbdf697194ccc81f67e11ba1d80661e67a770da9f01b77,2025-07-31T12:30:00.000,30,NO CONTROLS,NO CONTROLS,CLEAR,DAYLIGHT,REAR END,NOT DIVIDED,STRAIGHT AND LEVEL,DRY,NO DEFECTS,NOT ON SCENE (DESK REPORT),INJURY AND / OR TOW DUE TO CRASH,,"$501 - $1,500",2025-07-31T13:21:00.000,FOLLOWING TOO CLOSELY,NOT APPLICABLE,2800,W,71ST ST,831,2,NONINCAPACITATING INJURY,1,0,0,1,0,1,0,12,5,7,41.7646483414,-87.6930936016,"{'type': 'Point', 'coordinates': [-87.693093601604, 41.764648341381]}",,,,,,,,,,
8a8b73db229ea2252e22ca5becdeac01b0ac12fb51d97340beed84c85db8a2ded83f78d4a57d1f217c4d7d16dff64f482d2fa059bcdee698732654af26ee21fd,2025-07-31T12:30:00.000,10,NO CONTROLS,NO CONTROLS,CLEAR,DAYLIGHT,PARKED MOTOR VEHICLE,PARKING LOT,STRAIGHT AND LEVEL,DRY,NO DEFECTS,NOT ON SCENE (DESK REPORT),NO INJURY / DRIVE AWAY,,"OVER $1,500",2025-07-31T21:10:00.000,UNABLE TO DETERMINE,NOT APPLICABLE,1310,E,47TH ST,222,2,NO INDICATION OF INJURY,0,0,0,0,0,1,0,12,5,7,41.809776993,-87.5945869266,"{'type': 'Point', 'coordinates': [-87.594586926607, 41.809776993022]}",Y,,Y,,,,,,,
8d355f0f4f31db6a6fb172e1a42f8959e9c6dbdc58d3330ce3f46b52a1cb88bdfd1ed05b57b3f50ae8f4bd70cef349324a8c9355f1fb703406c1d2d9fde5ddf7,2025-07-31T12:30:00.000,20,NO CONTROLS,NO CONTROLS,CLEAR,"DARKNESS, LIGHTED ROAD",REAR END,DIVIDED - W/MEDIAN (NOT RAISED),STRAIGHT AND LEVEL,DRY,NO DEFECTS,NOT ON SCENE (DESK REPORT),NO INJURY / DRIVE AWAY,,"$501 - $1,500",2025-07-31T16:30:00.000,FAILING TO YIELD RIGHT-OF-WAY,UNABLE TO DETERMINE,2758,W,DEVON AVE,2412,2,NO INDICATION OF INJURY,0,0,0,0,0,2,0,12,5,7,41.9976715673,-87.6995849195,"{'type': 'Point', 'coordinates': [-87.699584919458, 41.997671567279]}",,,,,,,,,,
991c12af74a0f792d08d62c8a914b9aa59d79f62f07fd84f9df52165e6ecdf55af15b7ce2a5b8b0edfd9c160e3b20528c9c6d3680a088778a52f73d9878728fe,2025-07-31T12:30:00.000,30,NO CONTROLS,NO CONTROLS,CLEAR,DAYLIGHT,PARKED MOTOR VEHICLE,ONE-WAY,STRAIGHT AND LEVEL,DRY,NO DEFECTS,NOT ON SCENE (DESK REPORT),NO INJURY / DRIVE AWAY,,$500 OR LESS,2025-07-31T16:46:00.000,UNABLE TO DETERMINE,UNABLE TO DETERMINE,11642,S,PARNELL AVE,524,2,NO INDICATION OF INJURY,0,0,0,0,0,1,0,12,5,7,41.6820572151,-87.6361583493,"{'type': 'Point', 'coordinates': [-87.636158349291, 41.682057215081]}",,,Y,,,,,,,
a196a2bfc0b6ea060d0a41d64ba29bf9aa156c1f9c095ddd6473bb071b032d346a0191eafa118030958d888405a67765777f8cf2ba5b7fe2b7c7223d5e9cb9f3,2025-07-31T12:30:00.000,30,UNKNOWN,UNKNOWN,CLEAR,DAYLIGHT,SIDESWIPE SAME DIRECTION,DIVIDED - W/MEDIAN BARRIER,STRAIGHT AND LEVEL,UNKNOWN,UNKNOWN,NOT ON SCENE (DESK REPORT),NO INJURY / DRIVE AWAY,,"OVER $1,500",2025-08-02T15:30:00.000,UNABLE TO DETERMINE,UNABLE TO DETERMINE,800,N,LAKE SHORE DR NB,1833,2,NO INDICATION OF INJURY,0,0,0,0,0,2,0,12,5,7,41.8968049724,-87.6170274232,"{'type': 'Point', 'coordinates': [-87.617027423234, 41.896804972416]}",,,,,,,,,,
b259ad2161e4965c86c014c5adee06bdb6b5a7d86513744df46c62c681eee0dfb735a9e1dd099d2648237b9a59b421835ddbee0d7336b52a3fd15469825705df,2025-07-31T12:22:00.000,30,NO CONTROLS,NO CONTROLS,CLEAR,DAYLIGHT,SIDESWIPE SAME DIRECTION,NOT DIVIDED,STRAIGHT AND LEVEL,DRY,NO DEFECTS,NOT ON SCENE (DESK REPORT),NO INJURY / DRIVE AWAY,,"$501 - $1,500",2025-07-31T12:30:00.000,IMPROPER OVERTAKING/PASSING,NOT APPLICABLE,10961,S,VINCENNES AVE,2234,2,NO INDICATION OF INJURY,0,0,0,0,0,3,0,12,5,7,41.6941758828,-87.6617274051,"{'type': 'Point', 'coordinates': [-87.661727405077, 41.694175882786]}",,,,,,,,,,
35602ea6bc5c40da032f469851bf356d07699322b24b75fa2d9651bd3a931022b2afac5edac113abd406d9747a4c1a53ee39fee72805f456b0500a293c7b1eef,2025-07-31T12:19:00.000,30,TRAFFIC SIGNAL,FUNCTIONING PROPERLY,CLEAR,DAYLIGHT,REAR END,DIVIDED - W/MEDIAN BARRIER,STRAIGHT AND LEVEL,DRY,NO DEFECTS,NOT ON SCENE (DESK REPORT),NO INJURY / DRIVE AWAY,,"$501 - $1,500",2025-07-31T13:21:00.000,FAILING TO REDUCE SPEED TO AVOID CRASH,NOT APPLICABLE,7600,S,PULASKI RD,833,2,NO INDICATION OF INJURY,0,0,0,0,0,6,0,12,5,7,41.7550442797,-87.722315514,"{'type': 'Point', 'coordinates': [-87.722315514022, 41.755044279733]}",,,,,,Y,CONSTRUCTION,,,
1fa5618894e33b6147c64ae98b93b28319de55c1d0b1994653fa3392b4d28805df58d5ba8d37aefec6bb9d61de2fc5edf65b5fec361e1797e97cd79491540f74,2025-07-31T12:16:00.000,30,NO CONTROLS,NO CONTROLS,CLEAR,DAYLIGHT,PARKED MOTOR VEHICLE,NOT DIVIDED,STRAIGHT AND LEVEL,DRY,NO DEFECTS,ON SCENE,NO INJURY / DRIVE AWAY,,"OVER $1,500",2025-07-31T12:18:00.000,UNABLE TO DETERMINE,UNABLE TO DETERMINE,43,E,OAK ST,1833,2,NO INDICATION OF INJURY,0,0,0,0,0,1,0,12,5,7,41.9006624169,-87.6267522163,"{'type': 'Point', 'coordinates': [-87.626752216256, 41.900662416862]}",,,Y,,,,,,,
46295d605733cfdca2f85ef5c01c265f338adb6c794e676ce4eded1f46821a46ed2f3b38f436cefc9b36cdaf33ca2c884a5952732ab1a50e7e7791adabf7113a,2025-07-31T12:15:00.000,25,NO CONTROLS,NO CONTROLS,CLEAR,DAYLIGHT,ANGLE,NOT DIVIDED,STRAIGHT AND LEVEL,DRY,NO DEFECTS,NOT ON SCENE (DESK REPORT),NO INJURY / DRIVE AWAY,,"OVER $1,500",2025-07-31T14:00:00.000,UNABLE TO DETERMINE,NOT APPLICABLE,2414,W,109TH ST,2212,2,NO INDICATION OF INJURY,0,0,0,0,0,2,0,12,5,7,41.6955454088,-87.6820065211,"{'type': 'Point', 'coordinates': [-87.682006521059, 41.695545408764]}",,,,,,,,,,
57557be2009870459591b9abd95e0b739dca300b928d9128846c5cedf174a86dbf44a4e5fd3d0d4f47ecc16ff1cce260daee4702ff8226d3aca302d7389121e2,2025-07-31T12:15:00.000,30,TRAFFIC SIGNAL,FUNCTIONING PROPERLY,CLEAR,DAYLIGHT,REAR END,DIVIDED - W/MEDIAN (NOT RAISED),STRAIGHT AND LEVEL,DRY,NO DEFECTS,ON SCENE,NO INJURY / DRIVE AWAY,,"OVER $1,500",2025-07-31T13:17:00.000,FOLLOWING TOO CLOSELY,NOT APPLICABLE,959,N,ASHLAND AVE,1213,2,NO INDICATION OF INJURY,0,0,0,0,0,4,0,12,5,7,41.8996647583,-87.6672443031,"{'type': 'Point', 'coordinates': [-87.667244303086, 41.899664758257]}",,,,,,,,,,
ad8bd444c50ad175579015c4f77050605ced5509ea4cb373d5deca7e7763de102504236867e57ef2f22a996367bd1076731a2398f4763f9820ba0e5f29393c9f,2025-07-31T12:15:00.000,10,NO CONTROLS,NO CONTROLS,CLEAR,DAYLIGHT,PARKED MOTOR VEHICLE,PARKING LOT,STRAIGHT AND LEVEL,UNKNOWN,UNKNOWN,NOT ON SCENE (DESK REPORT),NO INJURY / DRIVE AWAY,,"OVER $1,500",2025-07-31T15:39:00.000,DRIVING SKILLS/KNOWLEDGE/EXPERIENCE,IMPROPER BACKING,7216,N,HARLEM AVE,1611,2,NO INDICATION OF INJURY,0,0,0,0,0,1,0,12,5,7,42.0122552954,-87.8067791219,"{'type': 'Point', 'coordinates': [-87.806779121912, 42.012255295394]}",Y,,Y,,,,,,,
e915d3fb76bacd2c6bedff407ff7e495bd950d07b22651018f24f2a15bbb813b8075249254b8b6ecbe9ef025cc446c15f05f7a10c08a5cc0d3d24fa3a48d75ed,2025-07-31T12:13:00.000,25,NO CONTROLS,NO CONTROLS,CLEAR,DAYLIGHT,PARKED MOTOR VEHICLE,NOT DIVIDED,STRAIGHT AND LEVEL,DRY,NO DEFECTS,ON SCENE,NO INJURY / DRIVE AWAY,,"OVER $1,500",2025-07-31T12:32:00.000,DRIVING SKILLS/KNOWLEDGE/EXPERIENCE,UNABLE TO DETERMINE,2136,S,ALBANY AVE,1022,2,NO INDICATION OF INJURY,0,0,0,0,0,1,0,12,5,7,41.8524279061,-87.7029864854,"{'type': 'Point', 'coordinates': [-87.702986485437, 41.852427906111]}",,,,,Y,,,,,
90fc48cd3ed2456a9ee3f19cc3c97d712efc4c87096b7d022e4fa9141cb9a0269f2c85089215f03e188c8d45d4bebd1d54d9596d49b5705a863d4e8c4cb1ac0a,2025-07-31T12:12:00.000,25,NO CONTROLS,NO CONTROLS,CLEAR,DAYLIGHT,SIDESWIPE SAME DIRECTION,NOT DIVIDED,STRAIGHT AND LEVEL,DRY,NO DEFECTS,NOT ON SCENE (DESK REPORT),NO INJURY / DRIVE AWAY,,"OVER $1,500",2025-07-31T13:02:00.000,NOT APPLICABLE,NOT APPLICABLE,4400,N,ASHLAND AVE,1912,2,NO INDICATION OF INJURY,0,0,0,0,0,2,0,12,5,7,41.9616790904,-87.6694091294,"{'type': 'Point', 'coordinates': [-87.669409129418, 41.961679090404]}",,,Y,,,,,,,
7468205e5a1924b89100f80193a2be9e917397000dbe2bed17bbe2659958b695cd0114b9c7f115740372d4c728db0040762cd9f6e16cb8326bd100a1fa66597d,2025-07-31T12:10:00.000,30,UNKNOWN,UNKNOWN,CLEAR,DAYLIGHT,PARKED MOTOR VEHICLE,UNKNOWN,STRAIGHT AND LEVEL,UNKNOWN,UNKNOWN,NOT ON SCENE (DESK REPORT),NO INJURY / DRIVE AWAY,,"OVER $1,500",2025-07-31T14:35:00.000,UNABLE TO DETERMINE,UNABLE TO DETERMINE,4145,N,MENARD AVE,1624,2,NO INDICATION OF INJURY,0,0,0,0,0,1,0,12,5,7,41.9562825025,-87.7718483552,"{'type': 'Point', 'coordinates': [-87.771848355214, 41.956282502507]}",,,,,,,,,,
2dcc376d05529633853066d480e3c1ca2dd97874cc67e97348a1d1cf17e6c33ab8308ad672f31b480ab1574993f1cba24947444b7cecafa7e0a91463697fdca2,2025-07-31T12:00:00.000,30,STOP SIGN/FLASHER,NO CONTROLS,CLEAR,DAYLIGHT,ANGLE,DIVIDED - W/MEDIAN (NOT RAISED),STRAIGHT AND LEVEL,DRY,NO DEFECTS,NOT ON SCENE (DESK REPORT),NO INJURY / DRIVE AWAY,Y,"OVER $1,500",2025-07-31T12:15:00.000,UNABLE TO DETERMINE,UNABLE TO DETERMINE,4127,W,BERTEAU AVE,1722,2,NO INDICATION OF INJURY,0,0,0,0,0,3,0,12,5,7,41.9571583577,-87.7305253741,"{'type': 'Point', 'coordinates': [-87.730525374059, 41.957158357659]}",,,Y,,,,,,,
5426568c5c4e5f9769020bf109247264be1e42cd94ca7e4418650aaa4f355fb543e641593ea10d5506e31bf7d39d5387633e05b0d6ad5f93300e00293532add2,2025-07-31T12:00:00.000,10,NO CONTROLS,NO CONTROLS,CLEAR,DAYLIGHT,PARKED MOTOR VEHICLE,PARKING LOT,STRAIGHT AND LEVEL,DRY,UNKNOWN,NOT ON SCENE (DESK REPORT),NO INJURY / DRIVE AWAY,,"$501 - $1,500",2025-08-01T17:28:00.000,UNABLE TO DETERMINE,NOT APPLICABLE,712,E,87TH ST,632,2,NO INDICATION OF INJURY,0,0,0,0,0,1,0,12,5,7,41.7367315482,-87.6067170277,"{'type': 'Point', 'coordinates': [-87.606717027714, 41.736731548155]}",Y,,Y,,,,,,,