crash_record_id,crash_date,posted_speed_limit,traffic_control_device,device_condition,weather_condition,lighting_condition,first_crash_type,trafficway_type,alignment,roadway_surface_cond,road_defect,report_type,crash_type,intersection_related_i,damage,date_police_notified,prim_contributory_cause,sec_contributory_cause,street_no,street_direction,street_name,beat_of_occurrence,num_units,most_severe_injury,injuries_total,injuries_fatal,injuries_incapacitating,injuries_non_incapacitating,injuries_reported_not_evident,injuries_no_indication,injuries_unknown,crash_hour,crash_day_of_week,crash_month,latitude,longitude,location,private_property_i,photos_taken_i,hit_and_run_i,statements_taken_i,crash_date_est_i,work_zone_i,work_zone_type,dooring_i,lane_cnt,workers_present_i
0b83e645e989cc69d1da746495824cc2e1ebbf8270e0aae91a5aaa191e5dfa6a4e71ff47c505582f3ead809566d70a2c98841153eb06a3db76887b7ba769fa96,2025-07-31T11:50:00.000,30,TRAFFIC SIGNAL,NO CONTROLS,CLEAR,DAYLIGHT,TURNING,DIVIDED - W/MEDIAN (NOT RAISED),STRAIGHT AND LEVEL,DRY,NO DEFECTS,,INJURY AND / OR TOW DUE TO CRASH,Y,"OVER $1,500",2025-07-31T11:56:00.000,FAILING TO YIELD RIGHT-OF-WAY,NOT APPLICABLE,4400,W,LAKE ST,1113,2,NONINCAPACITATING INJURY,3,0,0,1,2,1,0,11,5,7,41.8861404114,-87.7357597022,"{'type': 'Point', 'coordinates': [-87.735759702159, 41.886140411405]}",,,,,,,,,,
8141c9da54022b227befac3f3f59bba4fdf39989f6f86837d4d339899f1def2cee4bc596d21eca62ac255f486f2881298a99459792751b55ff0fc3aee52525ec,2025-07-31T11:50:00.000,20,PEDESTRIAN CROSSING SIGN,FUNCTIONING PROPERLY,CLEAR,DAYLIGHT,REAR END,DIVIDED - W/MEDIAN BARRIER,STRAIGHT AND LEVEL,DRY,NO DEFECTS,ON SCENE,INJURY AND / OR TOW DUE TO CRASH,,"OVER $1,500",2025-07-31T13:16:00.000,UNABLE TO DETERMINE,NOT APPLICABLE,820,S,DAMEN AVE,1225,2,NONINCAPACITATING INJURY,1,0,0,1,0,1,0,11,5,7,41.8708894961,-87.6765126502,"{'type': 'Point', 'coordinates': [-87.676512650226, 41.870889496052]}",,,,,,,,,,
4637bf282a15953e9b6186c4b7ae948f4a11f69771378936ee6f004a9fa2ac6746cfd3808a49e2eb8d6fc2234b05f0439386f66e6f216b950be8b10d7ce4212f,2025-07-31T11:45:00.000,30,TRAFFIC SIGNAL,FUNCTIONING PROPERLY,CLEAR,DAYLIGHT,REAR END,NOT DIVIDED,STRAIGHT AND LEVEL,DRY,NO DEFECTS,NOT ON SCENE (DESK REPORT),NO INJURY / DRIVE AWAY,Y,"OVER $1,500",2025-07-31T12:16:00.000,FOLLOWING TOO CLOSELY,NOT APPLICABLE,300,W,CERMAK RD,914,3,NO INDICATION OF INJURY,0,0,0,0,0,3,0,11,5,7,41.8529818058,-87.6349083423,"{'type': 'Point', 'coordinates': [-87.634908342322, 41.852981805833]}",,,,,,,,,,
f541a662032e1468c8fdc3c94f4206e4019355e09794292e106f09fab92735a12129d47797f7ac2dae8bc2a1d29ac2edf6ffc3630b84ab619ba67058b68625bd,2025-07-31T11:45:00.000,35,TRAFFIC SIGNAL,FUNCTIONING PROPERLY,CLEAR,DAYLIGHT,REAR END,DIVIDED - W/MEDIAN (NOT RAISED),STRAIGHT AND LEVEL,DRY,NO DEFECTS,NOT ON SCENE (DESK REPORT),NO INJURY / DRIVE AWAY,,$500 OR LESS,2025-07-31T12:00:00.000,FOLLOWING TOO CLOSELY,UNABLE TO DETERMINE,1900,S,ASHLAND AVE,1234,2,NO INDICATION OF INJURY,0,0,0,0,0,2,0,11,5,7,41.8559248428,-87.6662398305,"{'type': 'Point', 'coordinates': [-87.666239830496, 41.855924842836]}",,,,,,,,,,
d0343794de32a26488006ced44e2a9a3d476219dc38f17bb24945ab2966039d70e2744cf98bf2851fd74fd99c1053489985462c92f79995ad4270952693ac602,2025-07-31T11:40:00.000,30,UNKNOWN,UNKNOWN,CLEAR,DAYLIGHT,REAR END,NOT DIVIDED,STRAIGHT AND LEVEL,UNKNOWN,UNKNOWN,NOT ON SCENE (DESK REPORT),NO INJURY / DRIVE AWAY,,"OVER $1,500",2025-07-31T15:00:00.000,UNABLE TO DETERMINE,UNABLE TO DETERMINE,303,E,CHICAGO AVE,1833,2,NO INDICATION OF INJURY,0,0,0,0,0,2,0,11,5,7,41.8966804097,-87.6201282219,"{'type': 'Point', 'coordinates': [-87.620128221898, 41.89668040968]}",,,Y,,,,,,,
fe2f0a3f16cf0c9e9c5835fc9b93124d65361f9b1474f8d7f5adb597def2b7d01795bbd34ef76d27fbb8ad288a04c6ba08ea4360a99588c90bd17bf79f9a5093,2025-07-31T11:40:00.000,30,STOP SIGN/FLASHER,FUNCTIONING PROPERLY,CLEAR,DAYLIGHT,REAR END,DIVIDED - W/MEDIAN (NOT RAISED),STRAIGHT AND LEVEL,DRY,NO DEFECTS,ON SCENE,INJURY AND / OR TOW DUE TO CRASH,,"OVER $1,500",2025-07-31T11:40:00.000,FAILING TO REDUCE SPEED TO AVOID CRASH,FAILING TO REDUCE SPEED TO AVOID CRASH,8458,S,LOOMIS BLVD,614,2,NO INDICATION OF INJURY,0,0,0,0,0,4,0,11,5,7,41.739592926,-87.6584490132,"{'type': 'Point', 'coordinates': [-87.658449013216, 41.739592926043]}",,,,,,,,,,
b1ff8b2adc9fc89c6fc5e96ba5d8aa1b0a3ab6c77afccfcb61ef6e65951fd9902f417c38898d6f977de4d24f7ce806ba736ce1118154ef33a5f7ba9537d9f5bd,2025-07-31T11:39:00.000,30,UNKNOWN,UNKNOWN,CLEAR,DAYLIGHT,SIDESWIPE SAME DIRECTION,NOT DIVIDED,STRAIGHT AND LEVEL,UNKNOWN,UNKNOWN,NOT ON SCENE (DESK REPORT),NO INJURY / DRIVE AWAY,,"OVER $1,500",2025-07-31T13:10:00.000,UNABLE TO DETERMINE,UNABLE TO DETERMINE,678,N,DEARBORN ST,1832,2,NO INDICATION OF INJURY,0,0,0,0,0,2,0,11,5,7,41.8948150954,-87.6298717626,"{'type': 'Point', 'coordinates': [-87.629871762573, 41.894815095408]}",,,Y,,,,,,,
f5a60bc9066a07db74cfdd1b2cf0c1d98e377760c9ad1a8fcdc698851d79ed0e30dcbdac752fc0fb27464582271b6ad9e90ff5e26f3e9586aa3dad56f208e9c7,2025-07-31T11:30:00.000,25,NO CONTROLS,NO CONTROLS,CLEAR,DAYLIGHT,SIDESWIPE SAME DIRECTION,NOT DIVIDED,STRAIGHT AND LEVEL,DRY,NO DEFECTS,NOT ON SCENE (DESK REPORT),NO INJURY / DRIVE AWAY,,"OVER $1,500",2025-07-31T12:00:00.000,UNABLE TO DETERMINE,NOT APPLICABLE,6007,N,SHERIDAN RD,2433,2,NO INDICATION OF INJURY,0,0,0,0,0,2,0,11,5,7,41.9912479631,-87.6552734509,"{'type': 'Point', 'coordinates': [-87.655273450903, 41.991247963093]}",,,,,,,,,,
1f627b3f9c5512306a04fc0457c4518495d0236c79aff17ccb92067a42029db56817cc23d6bcc837ed0a86f57d343099f1bd32e87c1297f6fe03de26a4c378d4,2025-07-31T11:15:00.000,25,NO CONTROLS,NO CONTROLS,CLEAR,DAYLIGHT,PARKED MOTOR VEHICLE,NOT DIVIDED,STRAIGHT AND LEVEL,DRY,NO DEFECTS,NOT ON SCENE (DESK REPORT),NO INJURY / DRIVE AWAY,,"OVER $1,500",2025-07-31T12:15:00.000,FOLLOWING TOO CLOSELY,NOT APPLICABLE,5054,N,PARKSIDE AVE,1622,2,NO INDICATION OF INJURY,0,0,0,0,0,2,0,11,5,7,41.9736138635,-87.7698792527,"{'type': 'Point', 'coordinates': [-87.769879252745, 41.973613863497]}",,,,,,,,,,
aa749b848df769b454e14c8e3c4c09e0a322d1c7e7df273bcaf50145a94122432aa90963c92564bf5645458b45ab8b20c5111030368b770acabb7da1cb988787,2025-07-31T11:15:00.000,30,NO CONTROLS,NO CONTROLS,CLEAR,DAYLIGHT,SIDESWIPE SAME DIRECTION,NOT DIVIDED,STRAIGHT AND LEVEL,DRY,NO DEFECTS,NOT ON SCENE (DESK REPORT),NO INJURY / DRIVE AWAY,,"OVER $1,500",2025-07-31T12:06:00.000,UNABLE TO DETERMINE,NOT APPLICABLE,3427,W,OGDEN AVE,1024,2,NO INDICATION OF INJURY,0,0,0,0,0,2,0,11,5,7,41.8556820441,-87.7112241203,"{'type': 'Point', 'coordinates': [-87.711224120263, 41.855682044084]}",,,,,,,,,,
28394ab4fc1d208f049c25f852298386bad6c6e3c649c3609e7153505a867c8eda92eb09784d5fc84744021d583734cf05d129c9805a1e180081a341959f8cb1,2025-07-31T11:04:00.000,30,UNKNOWN,NO CONTROLS,CLEAR,DAYLIGHT,REAR END,T-INTERSECTION,STRAIGHT AND LEVEL,DRY,NO DEFECTS,NOT ON SCENE (DESK REPORT),NO INJURY / DRIVE AWAY,Y,"OVER $1,500",2025-07-31T12:00:00.000,FOLLOWING TOO CLOSELY,UNABLE TO DETERMINE,1654,N,NARRAGANSETT AVE,2513,2,NO INDICATION OF INJURY,0,0,0,0,0,2,0,11,5,7,41.9107532442,-87.785200759,"{'type': 'Point', 'coordinates': [-87.785200759018, 41.910753244184]}",,,,,,,,,,
cf5c977de8e62a527be3e43dc576fffca9291684747f8a38776fe43047c84de64f16651ba483aa213db0a35752f63269ed2674ccb29971553fb4fa2eccd9bfb3,2025-07-31T11:00:00.000,10,NO CONTROLS,NO CONTROLS,CLEAR,DAYLIGHT,REAR END,OTHER,STRAIGHT AND LEVEL,DRY,NO DEFECTS,NOT ON SCENE (DESK REPORT),NO INJURY / DRIVE AWAY,,"$501 - $1,500",2025-07-31T11:45:00.000,DRIVING SKILLS/KNOWLEDGE/EXPERIENCE,DRIVING SKILLS/KNOWLEDGE/EXPERIENCE,9450,S,JEFFERY AVE,413,2,NO INDICATION OF INJURY,0,0,0,0,0,2,0,11,5,7,41.7227373901,-87.5755080324,"{'type': 'Point', 'coordinates': [-87.575508032364, 41.722737390124]}",Y,,,,,,,,,
bfe6cf8a7be0c0fa0bb335b2a2875f72f4c777d4439c467a5040caa323bda67fac236a56f5ae574088866f436bac1c2dd45008ef61f8ee4cc89d6368a6e2778f,2025-07-31T10:57:00.000,30,TRAFFIC SIGNAL,FUNCTIONING PROPERLY,CLEAR,DAYLIGHT,TURNING,DIVIDED - W/MEDIAN (NOT RAISED),STRAIGHT AND LEVEL,DRY,NO DEFECTS,NOT ON SCENE (DESK REPORT),NO INJURY / DRIVE AWAY,,"OVER $1,500",2025-08-11T09:50:00.000,IMPROPER LANE USAGE,UNABLE TO DETERMINE,757,E,111TH ST,531,2,NO INDICATION OF INJURY,0,0,0,0,0,3,0,10,5,7,41.6927559917,-87.6026811205,"{'type': 'Point', 'coordinates': [-87.60268112047, 41.692755991684]}",,,Y,,,,,,,
369b4e9193352839dfb3dac6fdb3b42be92976315fe34391f050144b7c776c1fbbc0578a9863fb6ad40460e3db4445096902baf3980cceac67fdd96ebb8e0343,2025-07-31T10:50:00.000,30,TRAFFIC SIGNAL,FUNCTIONING PROPERLY,CLEAR,DAYLIGHT,ANGLE,FOUR WAY,STRAIGHT AND LEVEL,DRY,NO DEFECTS,ON SCENE,INJURY AND / OR TOW DUE TO CRASH,Y,"OVER $1,500",2025-07-31T10:52:00.000,DISREGARDING TRAFFIC SIGNALS,NOT APPLICABLE,2200,N,ELSTON AVE,1432,2,NO INDICATION OF INJURY,0,0,0,0,0,6,0,10,5,7,41.9214534052,-87.672485662,"{'type': 'Point', 'coordinates': [-87.67248566197, 41.921453405234]}",,,,,,,,,,
795b98faa0257de2c3b92fe3b1afaf88d9201f853dace2d1f29b79aa8a9187654038cc3cc4c02228b3df76d8469f896de2bd03407e0cd3d620ab7265ebcdadc5,2025-07-31T10:50:00.000,30,NO CONTROLS,NO CONTROLS,CLEAR,DAYLIGHT,ANGLE,ONE-WAY,STRAIGHT AND LEVEL,DRY,NO DEFECTS,NOT ON SCENE (DESK REPORT),NO INJURY / DRIVE AWAY,,"OVER $1,500",2025-07-31T11:15:00.000,FAILING TO YIELD RIGHT-OF-WAY,NOT APPLICABLE,9653,S,EMERALD AVE,2223,2,NO INDICATION OF INJURY,0,0,0,0,0,2,0,10,5,7,41.7181065151,-87.6417650211,"{'type': 'Point', 'coordinates': [-87.641765021133, 41.71810651507]}",,,,,,,,,,
2c339d956a7e149ce7bd33a61297d498e147610776e1145c8e6e8a09313a3cd70a9f7d90405818946c17db06b6de9253dfa3773800ff88a554eaf1bc868429ff,2025-07-31T10:44:00.000,20,NO CONTROLS,NO CONTROLS,CLEAR,DAYLIGHT,REAR TO REAR,PARKING LOT,STRAIGHT AND LEVEL,DRY,NO DEFECTS,ON SCENE,NO INJURY / DRIVE AWAY,,"$501 - $1,500",2025-07-31T10:45:00.000,UNABLE TO DETERMINE,UNABLE TO DETERMINE,4509,S,PULASKI RD,821,2,NO INDICATION OF INJURY,0,0,0,0,0,2,0,10,5,7,41.8112156591,-87.7235664798,"{'type': 'Point', 'coordinates': [-87.723566479846, 41.811215659141]}",,,,,,,,,,
21ca772bc1769e99da9c10989ce470df7e4c939e9e8879ed4760f019693957bcd8421fc236ef64be6b59a77a29fc9a7945b46e1ae0cf4c639f41d56b048a32fb,2025-07-31T10:30:00.000,30,NO CONTROLS,NO CONTROLS,CLEAR,DAYLIGHT,FIXED OBJECT,ALLEY,STRAIGHT AND LEVEL,DRY,UNKNOWN,ON SCENE,NO INJURY / DRIVE AWAY,,"OVER $1,500",2025-07-31T11:31:00.000,UNABLE TO DETERMINE,UNABLE TO DETERMINE,2455,S,SPAULDING AVE,1024,1,NO INDICATION OF INJURY,0,0,0,0,0,1,0,10,5,7,41.8465008342,-87.7073886016,"{'type': 'Point', 'coordinates': [-87.707388601567, 41.846500834184]}",,,Y,,,,,,,
5b6d00f3cd499576d1acf58c3d451ef1faf0382d55c2c78a88143bfffb1674ae0e81b0f5cd63b8b45cec5e6d47e890c875fd14d20bf13d87e055588eb4fd9068,2025-07-31T10:30:00.000,35,TRAFFIC SIGNAL,FUNCTIONING PROPERLY,CLEAR,DAYLIGHT,REAR END,NOT DIVIDED,STRAIGHT AND LEVEL,DRY,NO DEFECTS,ON SCENE,INJURY AND / OR TOW DUE TO CRASH,,"OVER $1,500",2025-07-31T10:40:00.000,FOLLOWING TOO CLOSELY,NOT APPLICABLE,1357,W,103RD ST,2212,2,"REPORTED, NOT EVIDENT",1,0,0,0,1,1,0,10,5,7,41.7066554944,-87.6572620088,"{'type': 'Point', 'coordinates': [-87.657262008777, 41.706655494353]}",,,,,,,,,,
76778433887e8deb5942df9079e56d2934b5e855b5d90533adc10859f1c9d5089fb09ba3b62162bd8b631e26da9560a42c6b87e2d3e342ee72703fe53929b788,2025-07-31T10:30:00.000,30,NO CONTROLS,NO CONTROLS,CLEAR,DAYLIGHT,TURNING,OTHER,STRAIGHT AND LEVEL,DRY,UNKNOWN,NOT ON SCENE (DESK REPORT),NO INJURY / DRIVE AWAY,,"OVER $1,500",2025-07-31T11:06:00.000,FAILING TO YIELD RIGHT-OF-WAY,NOT APPLICABLE,4606,S,MARSHFIELD AVE,924,2,NO INDICATION OF INJURY,0,0,0,0,0,2,0,10,5,7,41.8101451146,-87.6663720456,"{'type': 'Point', 'coordinates': [-87.666372045579, 41.81014511458]}",,,,,,,,,,
95751aac459373ef50bb2c75b9d6b428491d4fa18a19f73eabfe325c22ad982bda03d53fd6a30cbed26a110d2678e9f4c350709e6a410c0d35c777f34f3b5424,2025-07-31T10:30:00.000,25,NO CONTROLS,NO CONTROLS,CLEAR,DAYLIGHT,PARKED MOTOR VEHICLE,NOT DIVIDED,STRAIGHT AND LEVEL,DRY,NO DEFECTS,NOT ON SCENE (DESK REPORT),NO INJURY / DRIVE AWAY,,"OVER $1,500",2025-07-31T14:20:00.000,UNABLE TO DETERMINE,UNABLE TO DETERMINE,3809,W,GRAND AVE,2535,2,NO INDICATION OF INJURY,0,0,0,0,0,1,0,10,5,7,41.9042570742,-87.7219223955,"{'type': 'Point', 'coordinates': [-87.72192239548, 41.904257074219]}",,,,,,,,,,
a06783480d3c6e95a1b1e2fcf582e7f30c1a775c9fa05b811ae3b91d5631b21253f9146e7080cf409fd85f68d655ca4ab80b0793b482adac10a0193c642a4273,2025-07-31T10:30:00.000,25,NO CONTROLS,NO CONTROLS,CLEAR,DAYLIGHT,TURNING,NOT DIVIDED,STRAIGHT AND LEVEL,DRY,NO DEFECTS,NOT ON SCENE (DESK REPORT),NO INJURY / DRIVE AWAY,,$500 OR LESS,2025-07-31T10:57:00.000,FAILING TO YIELD RIGHT-OF-WAY,UNABLE TO DETERMINE,1644,W,SUMMERDALE AVE,2012,2,NO INDICATION OF INJURY,0,0,0,0,0,3,0,10,5,7,41.978993964,-87.6714920283,"{'type': 'Point', 'coordinates': [-87.671492028286, 41.978993963968]}",,,,,,,,,,
a3a4b02b95decb0cbcaf5e7a31547f35b9bb90f2a5344636d28705664ba438ea6192571d62dd3122afa5d7924b6301411645a4b155ecc67f6371e721ce4acba8,2025-07-31T10:30:00.000,35,NO CONTROLS,NO CONTROLS,CLEAR,DAYLIGHT,TURNING,DIVIDED - W/MEDIAN (NOT RAISED),STRAIGHT AND LEVEL,UNKNOWN,NO DEFECTS,NOT ON SCENE (DESK REPORT),NO INJURY / DRIVE AWAY,,"OVER $1,500",2025-07-31T12:04:00.000,IMPROPER TURNING/NO SIGNAL,NOT APPLICABLE,2309,W,LAWRENCE AVE,1911,2,NO INDICATION OF INJURY,0,0,0,0,0,2,0,10,5,7,41.968531574,-87.6868436539,"{'type': 'Point', 'coordinates': [-87.686843653899, 41.968531573989]}",,N,,,,,,,,
6304a4c453640b9ba9a24103c0b1b5e74d1d994f9b493dd9ce74527350bb512496eccef44fb1beca8c2204af307d786fb4828b7e02d202d99e357dcf5e00f023,2025-07-31T10:27:00.000,30,NO CONTROLS,NO CONTROLS,CLEAR,DAYLIGHT,FIXED OBJECT,NOT DIVIDED,STRAIGHT AND LEVEL,DRY,UNKNOWN,NOT ON SCENE (DESK REPORT),NO INJURY / DRIVE AWAY,,"OVER $1,500",2025-08-01T17:30:00.000,IMPROPER BACKING,FOLLOWING TOO CLOSELY,1971,N,LINCOLN AVE,1814,1,NO INDICATION OF INJURY,0,0,0,0,0,1,0,10,5,7,41.9182251025,-87.6384610222,"{'type': 'Point', 'coordinates': [-87.638461022164, 41.918225102481]}",,,Y,,,,,,,
8b9da431f0bf60d6c3dac1144f65b523118fcf3f1a91b6b25fa18746c9357914e54e52f1c0389024eac12e512e661f0a8d1be934cf96e06dd46e33a9dd55191e,2025-07-31T10:25:00.000,30,TRAFFIC SIGNAL,UNKNOWN,UNKNOWN,DAYLIGHT,ANGLE,NOT DIVIDED,STRAIGHT AND LEVEL,UNKNOWN,UNKNOWN,,NO INJURY / DRIVE AWAY,,"OVER $1,500",2025-08-01T13:20:00.000,UNABLE TO DETERMINE,NOT APPLICABLE,1200,W,CONGRESS PKWY,1231,2,NO INDICATION OF INJURY,0,0,0,0,0,2,0,10,5,7,41.8754497276,-87.6570618707,"{'type': 'Point', 'coordinates': [-87.657061870729, 41.875449727558]}",,,,,,,,,,
2e273a4fd5e0dcfc00bf22c38ff37e6aae37bc25a5b9397a20225f20b8d8feee9fc624cd0c796b14c32dc4af0d8e48ec6144e08fdb79563353e9d5fac8dee690,2025-07-31T10:20:00.000,30,TRAFFIC SIGNAL,FUNCTIONING PROPERLY,CLEAR,DAYLIGHT,ANGLE,NOT DIVIDED,STRAIGHT AND LEVEL,DRY,NO DEFECTS,NOT ON SCENE (DESK REPORT),INJURY AND / OR TOW DUE TO CRASH,,"OVER $1,500",2025-07-31T13:10:00.000,DISREGARDING TRAFFIC SIGNALS,NOT APPLICABLE,1600,W,VAN BUREN ST,1231,2,"REPORTED, NOT EVIDENT",1,0,0,0,1,1,0,10,5,7,41.8764609273,-87.6667076507,"{'type': 'Point', 'coordinates': [-87.666707650735, 41.876460927341]}",,,,,,,,,,
88dbc6d40b47aff1c2f71ebcbb99c99910799f9a4beee34a2cec860fffd17b917a0174b82de54b1b8503f249356406a7918ff3ac7a17de2917208513fdd81cc9,2025-07-31T10:15:00.000,10,NO CONTROLS,NO CONTROLS,CLEAR,DAYLIGHT,OTHER OBJECT,ALLEY,STRAIGHT AND LEVEL,DRY,NO DEFECTS,ON SCENE,NO INJURY / DRIVE AWAY,,$500 OR LESS,2025-07-31T10:18:00.000,UNABLE TO DETERMINE,UNABLE TO DETERMINE,2908,W,FARGO AVE,2411,1,NO INDICATION OF INJURY,0,0,0,0,0,1,0,10,5,7,42.016655067,-87.7024096698,"{'type': 'Point', 'coordinates': [-87.702409669771, 42.016655066957]}",,,,,,,,,,
8ae3cad799f6b6375ae7cacc831f886b938aad04f87b187455cd1a9548d47e9e8340ba092855651ec7809a3681bb97f5ac4d483ea293332193141b39686aeab8,2025-07-31T10:14:00.000,15,NO CONTROLS,NO CONTROLS,CLEAR,DAYLIGHT,FIXED OBJECT,PARKING LOT,STRAIGHT AND LEVEL,DRY,NO DEFECTS,ON SCENE,NO INJURY / DRIVE AWAY,,"OVER $1,500",2025-07-31T10:14:00.000,IMPROPER TURNING/NO SIGNAL,NOT APPLICABLE,1608,W,ADAMS ST,1224,1,NO INDICATION OF INJURY,0,0,0,0,0,1,0,10,5,7,41.8789976956,-87.6671867377,"{'type': 'Point', 'coordinates': [-87.667186737692, 41.878997695633]}",,,,,,,,,,
d6966412e45b890f26f88d1108e30e6fa3472137dfa8be5420ff003e95c4a522afe2c02131dbf51e4a06a60fcf00e05feb7078af89eff1cf95d90dc922fff060,2025-07-31T10:00:00.000,30,NO CONTROLS,NO CONTROLS,CLEAR,DAYLIGHT,PARKED MOTOR VEHICLE,NOT DIVIDED,STRAIGHT AND LEVEL,DRY,NO DEFECTS,NOT ON SCENE (DESK REPORT),NO INJURY / DRIVE AWAY,,"$501 - $1,500",2025-07-31T13:50:00.000,UNABLE TO DETERMINE,UNABLE TO DETERMINE,3034,N,OCONTO AVE,2511,2,NO INDICATION OF INJURY,0,0,0,0,0,1,0,10,5,7,41.9355455882,-87.8080298744,"{'type': 'Point', 'coordinates': [-87.808029874357, 41.935545588238]}",,,Y,,,,,,,
fc57ef311755225eab6fb6270a031303669318e6303fae5c4245adf2fbe1f18206eda8acfeb904d6fa7d2bf32f83c43bcafdd35d2e95fa4cf998e4169b15a060,2025-07-31T10:00:00.000,30,NO CONTROLS,NO CONTROLS,CLEAR,DAYLIGHT,SIDESWIPE OPPOSITE DIRECTION,OTHER,STRAIGHT AND LEVEL,DRY,NO DEFECTS,,NO INJURY / DRIVE AWAY,,"OVER $1,500",2025-07-31T10:10:00.000,DRIVING SKILLS/KNOWLEDGE/EXPERIENCE,UNABLE TO DETERMINE,1147,S,WABASH AVE,123,2,NO INDICATION OF INJURY,0,0,0,0,0,2,0,10,5,7,41.8678670902,-87.6256868412,"{'type': 'Point', 'coordinates': [-87.625686841193, 41.867867090171]}",Y,,,,,,,,,
46f54d57e6adfed23fbd3332409ad6a672b7ce278565eb92f7d230359989995649e476ef3c1b1f7d19ffb6a01079718d2adef465dbb50fab4088915ef195e7e1,2025-07-31T09:46:00.000,30,TRAFFIC SIGNAL,FUNCTIONING PROPERLY,CLEAR,DUSK,REAR END,FOUR WAY,STRAIGHT AND LEVEL,DRY,NO DEFECTS,NOT ON SCENE (DESK REPORT),NO INJURY / DRIVE AWAY,Y,"OVER $1,500",2025-07-31T22:40:00.000,DISREGARDING TRAFFIC SIGNALS,NOT APPLICABLE,6500,S,DAMEN AVE,726,2,NO INDICATION OF INJURY,0,0,0,0,0,2,0,9,5,7,41.7756135059,-87.6739523672,"{'type': 'Point', 'coordinates': [-87.673952367202, 41.775613505891]}",,N,Y,,,,,,,
d79717910e87daee2928f5162e06e494023420aca70d52657944d8ca046264001857043467bec39199e9356087e5751b840796a54f7ab77af9cad7fe9ced109a,2025-07-31T09:38:00.000,30,TRAFFIC SIGNAL,FUNCTIONING PROPERLY,CLEAR,DAYLIGHT,REAR END,DIVIDED - W/MEDIAN (NOT RAISED),STRAIGHT AND LEVEL,DRY,NO DEFECTS,NOT ON SCENE (DESK REPORT),NO INJURY / DRIVE AWAY,,$500 OR LESS,2025-07-31T15:02:00.000,UNABLE TO DETERMINE,UNABLE TO DETERMINE,2598,S,CENTRAL PARK AVE,1013,2,NO INDICATION OF INJURY,0,0,0,0,0,2,0,9,5,7,41.8444747185,-87.7149358516,"{'type': 'Point', 'coordinates': [-87.714935851557, 41.844474718513]}",,,,,,,,,,
f796a83b6c20631888065ec5dc5d6d2903cb5fb4c36bad66b06d0a1da503d1f7442366b436bb2e8ef12e45e55aa94d00abfd55ec1aa689bbfdc9738e1c1987fd,2025-07-31T09:31:00.000,30,TRAFFIC SIGNAL,FUNCTIONING PROPERLY,CLEAR,DAYLIGHT,SIDESWIPE SAME DIRECTION,DIVIDED - W/MEDIAN BARRIER,STRAIGHT AND LEVEL,DRY,NO DEFECTS,NOT ON SCENE (DESK REPORT),NO INJURY / DRIVE AWAY,,"OVER $1,500",2025-07-31T09:45:00.000,UNABLE TO DETERMINE,NOT APPLICABLE,3600,N,ASHLAND AVE,1922,2,NO INDICATION OF INJURY,0,0,0,0,0,2,0,9,5,7,41.9470793702,-87.6690072991,"{'type': 'Point', 'coordinates': [-87.669007299094, 41.947079370164]}",,,,,,,,,,
0ee88052b658cf245e5fbf265dadd6f5350a3ed604980814b3b76a398714fe87439552214ec69bc282cbe038a978972238fe026db560718911f51e3e36d88805,2025-07-31T09:30:00.000,20,NO CONTROLS,NO CONTROLS,CLEAR,DAYLIGHT,REAR END,PARKING LOT,STRAIGHT AND LEVEL,DRY,NO DEFECTS,ON SCENE,NO INJURY / DRIVE AWAY,,"$501 - $1,500",2025-07-31T09:45:00.000,FOLLOWING TOO CLOSELY,UNABLE TO DETERMINE,8560,S,COTTAGE GROVE AVE,632,2,NO INDICATION OF INJURY,0,0,0,0,0,2,0,9,5,7,41.7385509287,-87.6050236052,"{'type': 'Point', 'coordinates': [-87.605023605204, 41.738550928713]}",,,,Y,,,,,,
7ff3b483d22df027dbbabbc747e12859e06bae806be3a51caf323d113c782e08aefdfaffdb5624cf1bf36fef465744e2e27736cfd9047311c2728d92e88e52ec,2025-07-31T09:30:00.000,30,NO CONTROLS,NO CONTROLS,CLEAR,DAYLIGHT,SIDESWIPE OPPOSITE DIRECTION,ONE-WAY,STRAIGHT AND LEVEL,DRY,NO DEFECTS,NOT ON SCENE (DESK REPORT),NO INJURY / DRIVE AWAY,,$500 OR LESS,2025-07-31T10:30:00.000,UNABLE TO DETERMINE,UNABLE TO DETERMINE,4702,S,KARLOV AVE,815,2,NO INDICATION OF INJURY,0,0,0,0,0,2,0,9,5,7,41.8076907879,-87.7261742981,"{'type': 'Point', 'coordinates': [-87.726174298056, 41.807690787935]}",,,,,,,,,,
ee5c91ca8d0bdeb8de1598993986473ad79965a77817697ba30d9001ea9b8f847b2394b21030cb4dd2b7c6203c208de62d9bd3bbff6e6abb90fcb232d50262ad,2025-07-31T09:29:00.000,30,NO CONTROLS,NO CONTROLS,CLEAR,DAYLIGHT,SIDESWIPE SAME DIRECTION,DIVIDED - W/MEDIAN BARRIER,STRAIGHT AND LEVEL,DRY,NO DEFECTS,ON SCENE,NO INJURY / DRIVE AWAY,,"$501 - $1,500",2025-07-31T10:00:00.000,IMPROPER OVERTAKING/PASSING,IMPROPER OVERTAKING/PASSING,340,W,95TH ST,634,2,NO INDICATION OF INJURY,0,0,0,0,0,2,0,9,5,7,41.7217135365,-87.6327275858,"{'type': 'Point', 'coordinates': [-87.632727585782, 41.721713536539]}",,,Y,Y,,,,,,