crash_record_id,crash_date,posted_speed_limit,traffic_control_device,device_condition,weather_condition,lighting_condition,first_crash_type,trafficway_type,alignment,roadway_surface_cond,road_defect,report_type,crash_type,intersection_related_i,damage,date_police_notified,prim_contributory_cause,sec_contributory_cause,street_no,street_direction,street_name,beat_of_occurrence,num_units,most_severe_injury,injuries_total,injuries_fatal,injuries_incapacitating,injuries_non_incapacitating,injuries_reported_not_evident,injuries_no_indication,injuries_unknown,crash_hour,crash_day_of_week,crash_month,latitude,longitude,location,private_property_i,photos_taken_i,hit_and_run_i,statements_taken_i,crash_date_est_i,work_zone_i,work_zone_type,dooring_i,lane_cnt,workers_present_i
65a5858ff6cac7f0c98d9c8a7d9aeea65a93c2cb6f93322be63d8ae311f6a2ff11da6e0e2d66c96943d3c60639882db846202b931103c1e2e6a55e4dd9d9bdeb,2025-07-31T09:24:00.000,30,UNKNOWN,UNKNOWN,UNKNOWN,DAYLIGHT,SIDESWIPE SAME DIRECTION,NOT DIVIDED,STRAIGHT AND LEVEL,UNKNOWN,UNKNOWN,NOT ON SCENE (DESK REPORT),NO INJURY / DRIVE AWAY,,"OVER $1,500",2025-08-04T13:15:00.000,UNABLE TO DETERMINE,NOT APPLICABLE,3556,W,ADDISON ST,1732,2,NO INDICATION OF INJURY,0,0,0,0,0,4,0,9,5,7,41.9466158449,-87.7174254793,"{'type': 'Point', 'coordinates': [-87.717425479262, 41.946615844899]}",,,,,,,,,,
2f18d4bedd0af865ec4d3899e166a2f494e36fa1d9aadb8a522fc17b66ba26f9d1286f91704f912208ebaac6b655dffef25eab44f4fc64b447e082cea43415c9,2025-07-31T09:20:00.000,30,NO CONTROLS,NO CONTROLS,CLEAR,DAYLIGHT,SIDESWIPE SAME DIRECTION,NOT DIVIDED,STRAIGHT AND LEVEL,UNKNOWN,UNKNOWN,NOT ON SCENE (DESK REPORT),NO INJURY / DRIVE AWAY,,"OVER $1,500",2025-07-31T11:30:00.000,IMPROPER LANE USAGE,IMPROPER LANE USAGE,807,S,CLARK ST,123,2,NO INDICATION OF INJURY,0,0,0,0,0,2,0,9,5,7,41.8720710484,-87.6304595317,"{'type': 'Point', 'coordinates': [-87.630459531732, 41.872071048434]}",,,Y,,,,,,,
4d7e65ec7f2afc8a81a4b2e72f45ca4e03140860b145a41d00ccd7d47f9fb3be62373e9d5a70fb14b75d392dc0a09e2d78edb4f827d1f4704bcafdf8e252eaed,2025-07-31T09:15:00.000,30,NO CONTROLS,NO CONTROLS,CLEAR,DAYLIGHT,ANGLE,NOT DIVIDED,STRAIGHT AND LEVEL,DRY,NO DEFECTS,,NO INJURY / DRIVE AWAY,,"$501 - $1,500",2025-07-31T13:10:00.000,UNABLE TO DETERMINE,NOT APPLICABLE,7652,W,TOUHY AVE,1611,2,NO INDICATION OF INJURY,0,0,0,0,0,2,0,9,5,7,42.0115231421,-87.818422236,"{'type': 'Point', 'coordinates': [-87.818422235956, 42.011523142128]}",,,Y,,,,,,,
adbef8fd659da8a4dd71d7601c09c316f68c5d76a73fca08810fe3625fe7728104257ef18e5943ed71f0c3e8bbeeeb636707a87b237480909e4163294e728bae,2025-07-31T09:15:00.000,30,NO CONTROLS,NO CONTROLS,CLEAR,DAYLIGHT,TURNING,DIVIDED - W/MEDIAN (NOT RAISED),STRAIGHT AND LEVEL,DRY,NO DEFECTS,ON SCENE,INJURY AND / OR TOW DUE TO CRASH,Y,"OVER $1,500",2025-07-31T09:17:00.000,FAILING TO YIELD RIGHT-OF-WAY,UNABLE TO DETERMINE,116,S,WESTERN AVE,1125,2,NONINCAPACITATING INJURY,1,0,0,1,0,2,0,9,5,7,41.8796656338,-87.6865399294,"{'type': 'Point', 'coordinates': [-87.686539929421, 41.879665633803]}",,,,,,,,,,
c39384ad5bf27c1cdcbc6ea7414452983d20ae5664a684f6061a7e4811d60238f9f4568118780db21cba9ec4e826a69c2f0b54af4431623b00ee874fb78bd82b,2025-07-31T09:15:00.000,30,TRAFFIC SIGNAL,FUNCTIONING PROPERLY,CLEAR,DAYLIGHT,REAR END,DIVIDED - W/MEDIAN (NOT RAISED),STRAIGHT AND LEVEL,DRY,UNKNOWN,NOT ON SCENE (DESK REPORT),NO INJURY / DRIVE AWAY,,"OVER $1,500",2025-07-31T09:40:00.000,DISTRACTION - FROM INSIDE VEHICLE,UNABLE TO DETERMINE,3600,N,CENTRAL PARK AVE,1732,2,NO INDICATION OF INJURY,0,0,0,0,0,2,0,9,5,7,41.9470618655,-87.7179719663,"{'type': 'Point', 'coordinates': [-87.717971966251, 41.947061865466]}",,,,,,,,,,
b7188d0aa5eb398800e572044f581d25d9f78bdc5cbf8c89e98d91af0e24e5ba838b7fb45f8d74de0e0c9f967591dec6773f8a2c2b4172028e6c86c79742adda,2025-07-31T09:09:00.000,30,TRAFFIC SIGNAL,FUNCTIONING PROPERLY,CLEAR,DAYLIGHT,REAR END,FOUR WAY,STRAIGHT AND LEVEL,DRY,NO DEFECTS,,INJURY AND / OR TOW DUE TO CRASH,,"OVER $1,500",2025-07-31T09:20:00.000,FOLLOWING TOO CLOSELY,NOT APPLICABLE,129,W,DIVISION ST,1824,2,"REPORTED, NOT EVIDENT",1,0,0,0,1,1,0,9,5,7,41.9037698777,-87.6328429948,"{'type': 'Point', 'coordinates': [-87.632842994811, 41.903769877658]}",,,Y,,,,,,,
e4793dbe56e0f753915b4346f22222a823df68cbd61c323ba5ada2aca0a602e05da0e44d92f798db579ff86106c2b9dd22706164ff366f74f6cb6a0bac91fbf3,2025-07-31T09:05:00.000,30,NO CONTROLS,NO CONTROLS,CLEAR,DAYLIGHT,SIDESWIPE SAME DIRECTION,FOUR WAY,STRAIGHT AND LEVEL,DRY,NO DEFECTS,NOT ON SCENE (DESK REPORT),NO INJURY / DRIVE AWAY,,"OVER $1,500",2025-07-31T10:05:00.000,FAILING TO YIELD RIGHT-OF-WAY,IMPROPER LANE USAGE,258,S,CLINTON ST,121,2,NO INDICATION OF INJURY,0,0,0,0,0,2,0,9,5,7,41.8780527765,-87.6412190249,"{'type': 'Point', 'coordinates': [-87.641219024868, 41.878052776496]}",,,,,,,,,,
85f315783dd480b67de170dc31ff424adbf1213b7a05122d7f9840043b5b1533c477a15711ff3500ad89d934e8de1ce1f70d1e1350ab489c9710f2a87201837b,2025-07-31T09:00:00.000,15,NO CONTROLS,NO CONTROLS,CLEAR,DAYLIGHT,FIXED OBJECT,NOT DIVIDED,STRAIGHT AND LEVEL,DRY,NO DEFECTS,NOT ON SCENE (DESK REPORT),NO INJURY / DRIVE AWAY,,"$501 - $1,500",2025-07-31T17:12:00.000,UNABLE TO DETERMINE,NOT APPLICABLE,6100,N,MILWAUKEE AVE,1611,1,NO INDICATION OF INJURY,0,0,0,0,0,1,0,9,5,7,41.9922106346,-87.783257236,"{'type': 'Point', 'coordinates': [-87.783257236004, 41.992210634583]}",,,,,,,,,,
8f1a70cc24c0ccf3992f167792f1987a0b516f6e5f5059d7ed80539145270e435971dd1decab80ae8901bea1d324171c91f2579237c507dc17484b3fe829e5bd,2025-07-31T09:00:00.000,30,NO CONTROLS,NO CONTROLS,CLEAR,DAYLIGHT,SIDESWIPE SAME DIRECTION,DIVIDED - W/MEDIAN BARRIER,STRAIGHT AND LEVEL,UNKNOWN,UNKNOWN,NOT ON SCENE (DESK REPORT),NO INJURY / DRIVE AWAY,,"OVER $1,500",2025-08-04T14:34:00.000,UNABLE TO DETERMINE,NOT APPLICABLE,2401,N,LAKE SHORE DR SB,1935,2,NO INDICATION OF INJURY,0,0,0,0,0,2,0,9,5,7,41.9262516097,-87.6310449122,"{'type': 'Point', 'coordinates': [-87.631044912171, 41.926251609692]}",,,,,,,,,,
bdce8470cbd26a645f4f053aa96907d0723b7890f7634013525c93208ecec38e5f06566b89f5d294c8c2ee1135ac9c1df67b81a8bb2f4b6b570a544299794fbd,2025-07-31T09:00:00.000,30,NO CONTROLS,NO CONTROLS,CLEAR,DAYLIGHT,SIDESWIPE SAME DIRECTION,NOT DIVIDED,STRAIGHT AND LEVEL,DRY,NO DEFECTS,,NO INJURY / DRIVE AWAY,,"OVER $1,500",2025-07-31T09:50:00.000,FAILING TO YIELD RIGHT-OF-WAY,FAILING TO YIELD RIGHT-OF-WAY,4331,W,47TH ST,815,2,NO INDICATION OF INJURY,0,0,0,0,0,2,0,9,5,7,41.8076536161,-87.7320989304,"{'type': 'Point', 'coordinates': [-87.732098930436, 41.807653616099]}",,,,,,,,,,
c57f8941816d516e6b2a0da3131d354fd1bd9c53a6feb70860333119e81ea4e880dc93e7d13c1f8a6d768341b362fd64f902e1d6e5af0e7723eb13fec3305180,2025-07-31T09:00:00.000,30,TRAFFIC SIGNAL,FUNCTIONING PROPERLY,UNKNOWN,UNKNOWN,REAR END,NOT DIVIDED,STRAIGHT AND LEVEL,UNKNOWN,UNKNOWN,NOT ON SCENE (DESK REPORT),INJURY AND / OR TOW DUE TO CRASH,,"$501 - $1,500",2025-07-31T12:20:00.000,UNABLE TO DETERMINE,NOT APPLICABLE,6425,W,63RD ST,812,2,"REPORTED, NOT EVIDENT",2,0,0,0,2,2,0,9,5,7,41.7775502754,-87.7822649192,"{'type': 'Point', 'coordinates': [-87.782264919212, 41.777550275367]}",,,Y,,,,,,,
dc6cbc9e461dc38cdee53f361d1b6f02f5a8a3a65dde84590ca4c575025237be11a144f403f5eecf5c880828b9cc5feb2f3de5203d1ffcee50fc6ae4e32c1f0d,2025-07-31T08:56:00.000,30,NO CONTROLS,NO CONTROLS,CLEAR,DAYLIGHT,SIDESWIPE SAME DIRECTION,DIVIDED - W/MEDIAN BARRIER,STRAIGHT AND LEVEL,DRY,NO DEFECTS,ON SCENE,NO INJURY / DRIVE AWAY,,"OVER $1,500",2025-07-31T09:14:00.000,FAILING TO YIELD RIGHT-OF-WAY,NOT APPLICABLE,200,E,RANDOLPH ST,114,2,NO INDICATION OF INJURY,0,0,0,0,0,2,0,8,5,7,41.8846320758,-87.6222479911,"{'type': 'Point', 'coordinates': [-87.622247991089, 41.884632075767]}",,,,,,,,,,
f11bff66ed17ffeda556d88b4e84ccf0e883f131eac958b45f59db0d15d568475dca7ccaee11e4b594827b7703cd50473cacf0b7bd1125278623aa8563ea0276,2025-07-31T08:55:00.000,30,TRAFFIC SIGNAL,FUNCTIONING PROPERLY,CLEAR,DAYLIGHT,REAR END,NOT DIVIDED,STRAIGHT AND LEVEL,DRY,NO DEFECTS,NOT ON SCENE (DESK REPORT),NO INJURY / DRIVE AWAY,,$500 OR LESS,2025-07-31T09:30:00.000,DRIVING SKILLS/KNOWLEDGE/EXPERIENCE,DRIVING SKILLS/KNOWLEDGE/EXPERIENCE,1600,E,87TH ST,412,2,NO INDICATION OF INJURY,0,0,0,0,0,3,0,8,5,7,41.7370309923,-87.5850864535,"{'type': 'Point', 'coordinates': [-87.585086453532, 41.737030992315]}",,,Y,,,,,,,
87f07d52b584a152ddb632c7ed4e338e0f1df0ef1bf2b5f6cbf4901bf4119aa794ca2aa3f390c99b3c41f972aa3966d72602a5e02ed1bb98817a79183bb1593d,2025-07-31T08:50:00.000,20,NO CONTROLS,NO CONTROLS,CLEAR,DAYLIGHT,ANGLE,DIVIDED - W/MEDIAN (NOT RAISED),STRAIGHT AND LEVEL,DRY,NO DEFECTS,NOT ON SCENE (DESK REPORT),NO INJURY / DRIVE AWAY,,"OVER $1,500",2025-07-31T08:55:00.000,UNABLE TO DETERMINE,NOT APPLICABLE,3040,W,36TH PL,911,2,NO INDICATION OF INJURY,0,0,0,0,0,2,0,8,5,7,41.8273345371,-87.7012818583,"{'type': 'Point', 'coordinates': [-87.701281858299, 41.827334537077]}",,,,,,,,,,
ee7573c01dbb98946e07124b1955afdfbe2ff9d5b4e0220e7d605c7c506366a035cceaeed899ca8648bef558aea869df7b6ee82a27f61237ffe82001cafc21d9,2025-07-31T08:50:00.000,35,NO CONTROLS,NO CONTROLS,CLEAR,DAYLIGHT,REAR TO FRONT,DIVIDED - W/MEDIAN (NOT RAISED),STRAIGHT AND LEVEL,UNKNOWN,UNKNOWN,NOT ON SCENE (DESK REPORT),NO INJURY / DRIVE AWAY,,"OVER $1,500",2025-07-31T09:08:00.000,IMPROPER BACKING,UNABLE TO DETERMINE,5999,N,MAPLEWOOD AVE,2011,2,NO INDICATION OF INJURY,0,0,0,0,0,2,0,8,5,7,41.9903854525,-87.6931664812,"{'type': 'Point', 'coordinates': [-87.693166481159, 41.990385452498]}",,,,,,,,,,
9a965704b42df477a2f74de7b3ed33c4674a349a84fc746b641456fae87b63b6a8d8f2a6ced90986c7385f8e10e24a308c7a66f2ff5c7806305a20c607a3e522,2025-07-31T08:46:00.000,30,UNKNOWN,UNKNOWN,CLEAR,DAYLIGHT,PEDALCYCLIST,NOT DIVIDED,STRAIGHT AND LEVEL,DRY,UNKNOWN,NOT ON SCENE (DESK REPORT),INJURY AND / OR TOW DUE TO CRASH,,$500 OR LESS,2025-07-31T11:15:00.000,UNABLE TO DETERMINE,UNABLE TO DETERMINE,155,N,HARBOR DR,114,2,NONINCAPACITATING INJURY,1,0,0,1,0,1,0,8,5,7,41.8847505385,-87.6156039565,"{'type': 'Point', 'coordinates': [-87.615603956473, 41.884750538499]}",,,Y,,,,,,,
e9dc69e6341e348b081afe3452f5f5d1300afc9669da05a1a9e5f957911ecde0e77c94fa7c1604c53246ed30dcdd5c387ed90a66476a22efe20af29c191a59ee,2025-07-31T08:45:00.000,30,TRAFFIC SIGNAL,FUNCTIONING PROPERLY,CLEAR,DAYLIGHT,PEDALCYCLIST,ONE-WAY,STRAIGHT AND LEVEL,DRY,NO DEFECTS,NOT ON SCENE (DESK REPORT),NO INJURY / DRIVE AWAY,,$500 OR LESS,2025-07-31T10:13:00.000,UNABLE TO DETERMINE,UNABLE TO DETERMINE,765,E,65TH ST,321,2,NO INDICATION OF INJURY,0,0,0,0,0,2,0,8,5,7,41.7766668076,-87.6059089789,"{'type': 'Point', 'coordinates': [-87.605908978948, 41.776666807631]}",,,Y,,,,,,,
fb04d09e0eb895a3ec33b98055680b3eb4fcc95e7829133f0a403753f4c07c4ab00cdbab68f83f0c0c32934c51499a71e0d609103cdd8beee19f4648d468b0b3,2025-07-31T08:45:00.000,30,NO CONTROLS,NO CONTROLS,CLEAR,DAYLIGHT,SIDESWIPE SAME DIRECTION,NOT DIVIDED,STRAIGHT AND LEVEL,DRY,NO DEFECTS,NOT ON SCENE (DESK REPORT),NO INJURY / DRIVE AWAY,,"OVER $1,500",2025-07-31T09:25:00.000,IMPROPER OVERTAKING/PASSING,FAILING TO REDUCE SPEED TO AVOID CRASH,3745,W,OGDEN AVE,1014,2,NO INDICATION OF INJURY,0,0,0,0,0,3,0,8,5,7,41.8529319956,-87.7190101986,"{'type': 'Point', 'coordinates': [-87.71901019857, 41.852931995583]}",,,,,,,,,,
119be0f0c8588761ddcb13b1ac92dd9bce14ce7f5189930737c817751289a3cddb6529cde1d26219632a5a23acc276f0b8b7e2275e770b84c2a4f0354a40672a,2025-07-31T08:40:00.000,30,STOP SIGN/FLASHER,FUNCTIONING PROPERLY,UNKNOWN,DAYLIGHT,TURNING,NOT DIVIDED,STRAIGHT AND LEVEL,UNKNOWN,UNKNOWN,NOT ON SCENE (DESK REPORT),NO INJURY / DRIVE AWAY,Y,"$501 - $1,500",2025-07-31T09:40:00.000,UNABLE TO DETERMINE,UNABLE TO DETERMINE,3134,W,47TH ST,922,2,NO INDICATION OF INJURY,0,0,0,0,0,4,0,8,5,7,41.8082496852,-87.7029167347,"{'type': 'Point', 'coordinates': [-87.702916734673, 41.808249685247]}",,,,,,,,,,
a886280fd2d8f42ad8ed9fffad01f1299d06f2955904acc70e53ad834ce86b0afb8a8185f2ab8095ec4bbc8661c794eef7db5300ae281b59e5cfa632bfd209f3,2025-07-31T08:40:00.000,30,TRAFFIC SIGNAL,FUNCTIONING PROPERLY,CLEAR,DAYLIGHT,REAR END,FOUR WAY,STRAIGHT AND LEVEL,DRY,NO DEFECTS,NOT ON SCENE (DESK REPORT),NO INJURY / DRIVE AWAY,N,"OVER $1,500",2025-08-01T07:20:00.000,FOLLOWING TOO CLOSELY,NOT APPLICABLE,100,E,RANDOLPH ST,114,2,NO INDICATION OF INJURY,0,0,0,0,0,2,0,8,5,7,41.8845772195,-87.6244036339,"{'type': 'Point', 'coordinates': [-87.62440363391, 41.884577219487]}",,,Y,,,,,,,
8bd79b8ff1a15acffe2b010f8377575a81c527f193dd396f56ad90d74506b9c65b6e06efa8fcb57b3d7f2b7e2df7b7447e076f7fa9f66a2fac06c68dc3cc1779,2025-07-31T08:33:00.000,30,NO CONTROLS,NO CONTROLS,CLEAR,DAYLIGHT,FIXED OBJECT,DIVIDED - W/MEDIAN BARRIER,STRAIGHT AND LEVEL,DRY,NO DEFECTS,ON SCENE,NO INJURY / DRIVE AWAY,,"OVER $1,500",2025-07-31T09:01:00.000,UNABLE TO DETERMINE,UNABLE TO DETERMINE,400,E,RANDOLPH ST,114,2,NO INDICATION OF INJURY,0,0,0,0,0,1,0,8,5,7,41.8846463654,-87.6172484962,"{'type': 'Point', 'coordinates': [-87.617248496239, 41.884646365435]}",,,,,,,,,,
02bd0de339ff06b4ccab948b4bb42d1a9b36ecea42aefbb555cbbe61c2bbfda20da106d8ff901cd009cc2e96539fc603c8bd7990d7d45b4334c048a0af7fe535,2025-07-31T08:30:00.000,20,NO CONTROLS,NO CONTROLS,UNKNOWN,UNKNOWN,PARKED MOTOR VEHICLE,ONE-WAY,STRAIGHT AND LEVEL,UNKNOWN,NO DEFECTS,,NO INJURY / DRIVE AWAY,,"OVER $1,500",2025-07-31T14:35:00.000,UNABLE TO DETERMINE,UNABLE TO DETERMINE,432,W,ROSCOE ST,1925,2,NO INDICATION OF INJURY,0,0,0,0,0,1,0,8,5,7,41.9434658597,-87.641866251,"{'type': 'Point', 'coordinates': [-87.641866250998, 41.943465859658]}",,,Y,,,,,,,
906d92dc1619c17c5b8f42e24f001a8472b2f3be77cb2788f160055137c900c74c583d07e5c200698c3a9d09988851dfad86647a8634bed54e37faf0ed482aed,2025-07-31T08:29:00.000,30,NO CONTROLS,NO CONTROLS,CLEAR,DAYLIGHT,REAR END,DIVIDED - W/MEDIAN (NOT RAISED),STRAIGHT AND LEVEL,DRY,NO DEFECTS,NOT ON SCENE (DESK REPORT),NO INJURY / DRIVE AWAY,,"OVER $1,500",2025-07-31T09:20:00.000,FOLLOWING TOO CLOSELY,FAILING TO REDUCE SPEED TO AVOID CRASH,3801,W,BELMONT AVE,2523,2,NO INDICATION OF INJURY,0,0,0,0,0,2,0,8,5,7,41.9390447905,-87.7223515775,"{'type': 'Point', 'coordinates': [-87.722351577503, 41.939044790485]}",,,,,,,,,,
6bde5389f5a613ab33f667b3535a0c7942c0496a27f72ffa3acad97df3c0a3e1ebfed5a4c33fa9d9dda7677f02d52ab990a7d8bd046cad65873588775281eab1,2025-07-31T08:25:00.000,30,NO CONTROLS,NO CONTROLS,CLEAR,DAYLIGHT,TURNING,OTHER,STRAIGHT AND LEVEL,DRY,UNKNOWN,ON SCENE,INJURY AND / OR TOW DUE TO CRASH,,"OVER $1,500",2025-07-31T08:27:00.000,UNABLE TO DETERMINE,UNABLE TO DETERMINE,4820,N,WESTERN AVE,2031,2,"REPORTED, NOT EVIDENT",1,0,0,0,1,2,0,8,5,7,41.9692527702,-87.6890721084,"{'type': 'Point', 'coordinates': [-87.689072108418, 41.969252770221]}",,,,,,,,,,
411073cb8bccc147f499796a27fbf9d41ab833a55c08f8eea364cbea0dab0d4fdab9593abbb83fd5e7085c592f1988538b87d3c58ecafffd8ff7ed481e3040b1,2025-07-31T08:23:00.000,30,TRAFFIC SIGNAL,FUNCTIONING IMPROPERLY,CLEAR,DAYLIGHT,ANGLE,FOUR WAY,STRAIGHT AND LEVEL,DRY,NO DEFECTS,ON SCENE,NO INJURY / DRIVE AWAY,Y,"OVER $1,500",2025-07-31T08:26:00.000,DISREGARDING TRAFFIC SIGNALS,DISREGARDING TRAFFIC SIGNALS,3000,W,VAN BUREN ST,1124,2,NO INDICATION OF INJURY,0,0,0,0,0,3,0,8,5,7,41.8760381715,-87.7011030232,"{'type': 'Point', 'coordinates': [-87.701103023191, 41.876038171488]}",,,,,,,,,,
91f29f623d30f3b22f7c0b720d41dbe8e459da0d3444c44831f0c165db5b2b28a202eec4f49a71044e282bead0ad5ae004a1fcc2f587462bc71eecb676a2366d,2025-07-31T08:20:00.000,30,NO CONTROLS,NO CONTROLS,CLEAR,DAYLIGHT,ANGLE,ALLEY,STRAIGHT AND LEVEL,DRY,NO DEFECTS,NOT ON SCENE (DESK REPORT),NO INJURY / DRIVE AWAY,,"OVER $1,500",2025-07-31T09:00:00.000,FAILING TO YIELD RIGHT-OF-WAY,NOT APPLICABLE,3700,S,ALBANY AVE,911,2,NO INDICATION OF INJURY,0,0,0,0,0,2,0,8,5,7,41.8262479264,-87.7021902565,"{'type': 'Point', 'coordinates': [-87.702190256505, 41.826247926353]}",,,,,,,,,,
c09745bdd6bd377b722fa539c542bfc744df549145d937932a75256e6dd0e78a210d97cd5637e0a430ea534d230aa072fd89524cc3ec9b8d86d5e0cc13a15197,2025-07-31T08:20:00.000,30,NO CONTROLS,NO CONTROLS,CLEAR,DAYLIGHT,REAR END,NOT DIVIDED,STRAIGHT AND LEVEL,DRY,NO DEFECTS,NOT ON SCENE (DESK REPORT),NO INJURY / DRIVE AWAY,,"OVER $1,500",2025-08-09T12:02:00.000,UNABLE TO DETERMINE,UNABLE TO DETERMINE,4757,W,79TH ST,834,2,NO INDICATION OF INJURY,0,0,0,0,0,2,0,8,5,7,41.7490422509,-87.7412082506,"{'type': 'Point', 'coordinates': [-87.741208250579, 41.749042250864]}",,,,,,,,,,
9eaa1205d85683f69aaeb8b794af2d60420068e72dc15189751543c24daa518d9eb1e4a8a7200b705e7d23d2f3b4be933f2daf119bba5dddbf38de3a8b5b88c0,2025-07-31T08:15:00.000,30,TRAFFIC SIGNAL,FUNCTIONING PROPERLY,CLEAR,DAYLIGHT,REAR END,NOT DIVIDED,STRAIGHT AND LEVEL,DRY,NO DEFECTS,ON SCENE,INJURY AND / OR TOW DUE TO CRASH,Y,"OVER $1,500",2025-07-31T08:15:00.000,UNABLE TO DETERMINE,UNABLE TO DETERMINE,5757,N,MILWAUKEE AVE,1622,2,NO INDICATION OF INJURY,0,0,0,0,0,2,0,8,5,7,41.9861942001,-87.7771683005,"{'type': 'Point', 'coordinates': [-87.777168300464, 41.986194200086]}",,,,,,,,,,
c2f4456e26e3864f6f86e38e65623a58b8aaea3d8d6eae197ae39133e5993a03522e21fb4dee1aa69317805d574fe672cb50835e588fbb992651fbeae6cb6da4,2025-07-31T08:15:00.000,35,STOP SIGN/FLASHER,FUNCTIONING PROPERLY,CLEAR,DAYLIGHT,REAR END,NOT DIVIDED,STRAIGHT AND LEVEL,DRY,NO DEFECTS,ON SCENE,INJURY AND / OR TOW DUE TO CRASH,Y,"OVER $1,500",2025-07-31T08:18:00.000,FAILING TO REDUCE SPEED TO AVOID CRASH,NOT APPLICABLE,900,W,111TH ST,2234,2,NONINCAPACITATING INJURY,4,0,0,3,1,0,0,8,5,7,41.692436189,-87.6448778144,"{'type': 'Point', 'coordinates': [-87.644877814431, 41.692436188996]}",,,,,,,,,,
92766763ed784df6522f7641fa9f2ed55c4ae892004c2bb262d21ca5f44d50d32f3ef2ef46cfecfd9259b62f3b6b73af3ecc3ab3d35668d6b33aead024dd795f,2025-07-31T08:05:00.000,30,TRAFFIC SIGNAL,FUNCTIONING PROPERLY,CLEAR,DAYLIGHT,TURNING,DIVIDED - W/MEDIAN (NOT RAISED),STRAIGHT AND LEVEL,DRY,NO DEFECTS,ON SCENE,NO INJURY / DRIVE AWAY,,"OVER $1,500",2025-07-31T08:13:00.000,UNABLE TO DETERMINE,FAILING TO REDUCE SPEED TO AVOID CRASH,2398,W,ARMITAGE AVE,1432,2,NO INDICATION OF INJURY,0,0,0,0,0,2,0,8,5,7,41.9176776048,-87.6873862389,"{'type': 'Point', 'coordinates': [-87.68738623885, 41.917677604798]}",,,Y,,,,,,,
b08f814e5fc41adc1ec7790a7630d26c523b17b43eb38c0a34da1249e0159e841de9d47f70c0594aabbd01a45fffcfca4dcd4cd8d4471ff91e795f29510a45ff,2025-07-31T08:05:00.000,30,NO CONTROLS,NO CONTROLS,CLEAR,DAYLIGHT,PEDALCYCLIST,ALLEY,STRAIGHT AND LEVEL,DRY,NO DEFECTS,ON SCENE,INJURY AND / OR TOW DUE TO CRASH,,"OVER $1,500",2025-07-31T08:10:00.000,UNABLE TO DETERMINE,NOT APPLICABLE,720,W,GRAND AVE,1214,2,"REPORTED, NOT EVIDENT",1,0,0,0,1,1,0,8,5,7,41.8913064111,-87.6467262766,"{'type': 'Point', 'coordinates': [-87.646726276646, 41.891306411081]}",,,,,,,,,,
d23dbe40cc583402e9d8acf938f057420b4849f5a79fccc608558816cd4a01668454f8c8930743759f7e582808dd908212e2c43240d0818203f3110442f44be5,2025-07-31T07:59:00.000,25,NO CONTROLS,NO CONTROLS,CLEAR,DAYLIGHT,SIDESWIPE SAME DIRECTION,ONE-WAY,STRAIGHT AND LEVEL,DRY,NO DEFECTS,NOT ON SCENE (DESK REPORT),NO INJURY / DRIVE AWAY,,"OVER $1,500",2025-07-31T08:00:00.000,IMPROPER LANE USAGE,NOT APPLICABLE,5,W,TERMINAL ST,1655,2,NO INDICATION OF INJURY,0,0,0,0,0,2,0,7,5,7,,,,,,,,,,,,,
6b4ec336e37f41f1a4ad4f940760289d307a9c9b135ae9c359cc542f29c02649181a8be735b205d7ba3c91eaca9d44ec4fbcfa93405184aaafb969a6fe950336,2025-07-31T07:50:00.000,30,NO CONTROLS,NO CONTROLS,CLEAR,DAYLIGHT,REAR END,NOT DIVIDED,STRAIGHT AND LEVEL,DRY,NO DEFECTS,NOT ON SCENE (DESK REPORT),NO INJURY / DRIVE AWAY,,"OVER $1,500",2025-07-31T08:09:00.000,FOLLOWING TOO CLOSELY,FOLLOWING TOO CLOSELY,6928,S,PULASKI RD,833,2,NO INDICATION OF INJURY,0,0,0,0,0,2,0,7,5,7,41.7668675761,-87.7226100366,"{'type': 'Point', 'coordinates': [-87.722610036598, 41.766867576116]}",,,,,,,,,,
c0924aec4d1e27657cbef2d69e6c7ae0dc2fd9bdcfd47c176e0005fbb5f003350963d79b36476313d48c0e686d3928ac10a487ce84badfa6fdc08825267999d8,2025-07-31T07:50:00.000,30,UNKNOWN,UNKNOWN,CLEAR,DAYLIGHT,REAR END,ONE-WAY,STRAIGHT AND LEVEL,UNKNOWN,UNKNOWN,NOT ON SCENE (DESK REPORT),NO INJURY / DRIVE AWAY,,"OVER $1,500",2025-07-31T15:50:00.000,UNABLE TO DETERMINE,UNABLE TO DETERMINE,300,E,ILLINOIS ST,1834,2,NO INDICATION OF INJURY,0,0,0,0,0,2,0,7,5,7,41.8911138819,-87.6201994176,"{'type': 'Point', 'coordinates': [-87.620199417551, 41.89111388192]}",,,,,,,,,,
f22116d639ff8a54f98d3582448e56054167e23cf81a16dff15db8dfa6e402aca6980dcab32923ff412611d5c5fc767ad3275e87b62ca0dee467b73c95035883,2025-07-31T07:45:00.000,30,NO CONTROLS,NO CONTROLS,CLEAR,DAYLIGHT,FIXED OBJECT,DIVIDED - W/MEDIAN (NOT RAISED),STRAIGHT AND LEVEL,DRY,NO DEFECTS,ON SCENE,INJURY AND / OR TOW DUE TO CRASH,,"OVER $1,500",2025-07-31T08:00:00.000,UNABLE TO DETERMINE,NOT APPLICABLE,3,E,103RD ST,512,1,NONINCAPACITATING INJURY,1,0,0,1,0,0,0,7,5,7,41.7070571166,-87.6233715477,"{'type': 'Point', 'coordinates': [-87.623371547691, 41.707057116636]}",,,,,,,,,,