crash_record_id,crash_date,posted_speed_limit,traffic_control_device,device_condition,weather_condition,lighting_condition,first_crash_type,trafficway_type,alignment,roadway_surface_cond,road_defect,report_type,crash_type,intersection_related_i,damage,date_police_notified,prim_contributory_cause,sec_contributory_cause,street_no,street_direction,street_name,beat_of_occurrence,num_units,most_severe_injury,injuries_total,injuries_fatal,injuries_incapacitating,injuries_non_incapacitating,injuries_reported_not_evident,injuries_no_indication,injuries_unknown,crash_hour,crash_day_of_week,crash_month,latitude,longitude,location,private_property_i,photos_taken_i,hit_and_run_i,statements_taken_i,crash_date_est_i,work_zone_i,work_zone_type,dooring_i,lane_cnt,workers_present_i
b288b8f2ee4cf3d1e6bb4ba0244ae3e7d4ef20f64458f4537cbcd31f9a67758c7b46e0505a46ba51dc686fff3bf7a6900e8497368b676cd64ef6d1e588def1a0,2025-07-31T07:43:00.000,30,NO CONTROLS,NO CONTROLS,CLEAR,DAYLIGHT,PARKED MOTOR VEHICLE,ONE-WAY,STRAIGHT AND LEVEL,DRY,NO DEFECTS,ON SCENE,NO INJURY / DRIVE AWAY,,$500 OR LESS,2025-07-31T07:43:00.000,EQUIPMENT - VEHICLE CONDITION,UNABLE TO DETERMINE,439,E,82ND ST,631,2,NO INDICATION OF INJURY,0,0,0,0,0,2,0,7,5,7,41.745552622,-87.6132243523,"{'type': 'Point', 'coordinates': [-87.613224352281, 41.745552622013]}",,,,,Y,,,,,
a0d0f31f44a5f703d816cf80223dbfc162154b8e23bf3f6a26130e4cc58919a6e5283376beaa23f4fb8bc89fe546fb9eee6d809a7098b1bc68cc65d1682ebf87,2025-07-31T07:42:00.000,30,TRAFFIC SIGNAL,FUNCTIONING PROPERLY,CLEAR,DAYLIGHT,REAR END,NOT DIVIDED,STRAIGHT AND LEVEL,DRY,NO DEFECTS,ON SCENE,INJURY AND / OR TOW DUE TO CRASH,,"OVER $1,500",2025-07-31T07:50:00.000,UNABLE TO DETERMINE,UNABLE TO DETERMINE,3053,W,GRAND AVE,1211,3,"REPORTED, NOT EVIDENT",1,0,0,0,1,3,0,7,5,7,41.8968584868,-87.7033057526,"{'type': 'Point', 'coordinates': [-87.703305752632, 41.896858486802]}",,,,,,,,,,
5895d8e3da5e7e289afd4df3b597a8f1f3f62fa6d0c4d5d732105f73334617d3cc0221840b0489298e6ea0b8aa12f8c73cd03569ee04d4023bf29a621dfbe4ce,2025-07-31T07:30:00.000,30,NO CONTROLS,NO CONTROLS,CLEAR,DAYLIGHT,PARKED MOTOR VEHICLE,PARKING LOT,STRAIGHT AND LEVEL,DRY,NO DEFECTS,NOT ON SCENE (DESK REPORT),NO INJURY / DRIVE AWAY,,$500 OR LESS,2025-08-08T16:00:00.000,UNABLE TO DETERMINE,NOT APPLICABLE,1620,W,HARRISON ST,1231,2,NO INDICATION OF INJURY,0,0,0,0,0,1,0,7,5,7,41.8742961615,-87.6676128105,"{'type': 'Point', 'coordinates': [-87.667612810518, 41.8742961615]}",,,,,Y,,,,,
7e67a9b1c71279e7c3153b86e0f266a4f20cc78cfc8a7fa97db7c1ff4bcf31a06989095b244197372434dcd6e462db8015727f2d58cdf0cc826bccf525861a0a,2025-07-31T07:15:00.000,30,TRAFFIC SIGNAL,FUNCTIONING PROPERLY,CLEAR,DAYLIGHT,PEDESTRIAN,FOUR WAY,STRAIGHT AND LEVEL,DRY,UNKNOWN,ON SCENE,INJURY AND / OR TOW DUE TO CRASH,Y,$500 OR LESS,2025-07-31T07:17:00.000,FAILING TO YIELD RIGHT-OF-WAY,NOT APPLICABLE,5600,W,MONTROSE AVE,1622,2,NONINCAPACITATING INJURY,1,0,0,1,0,1,0,7,5,7,41.9605934955,-87.7673062651,"{'type': 'Point', 'coordinates': [-87.767306265052, 41.960593495452]}",,,,Y,Y,,,,,
86f34e92cdbde688c82be10f2d73fd2fde79bb8645bb3a34e425f26644b687cd4e7a52efafde1c6bf377e43087c7b02313fd148852fe13436586333f78096747,2025-07-31T07:05:00.000,20,NO CONTROLS,NO CONTROLS,UNKNOWN,DAYLIGHT,OTHER OBJECT,ALLEY,STRAIGHT AND LEVEL,UNKNOWN,UNKNOWN,NOT ON SCENE (DESK REPORT),NO INJURY / DRIVE AWAY,,"OVER $1,500",2025-08-06T15:15:00.000,UNABLE TO DETERMINE,NOT APPLICABLE,3415,W,PARKER AVE,1412,1,NO INDICATION OF INJURY,0,0,0,0,0,1,0,7,5,7,41.930947815,-87.7129273431,"{'type': 'Point', 'coordinates': [-87.712927343082, 41.930947814974]}",Y,,,,,,,,,
34ab88e56b890a0bb277e46ee91cb23d8e81f44315578fb6cbb9b36b94e210fef80449b6bce8d2cb6df9524be78a293d83a6a587cfbe2648860b3dcc02638070,2025-07-31T07:00:00.000,35,NO CONTROLS,NO CONTROLS,CLEAR,DAYLIGHT,TURNING,NOT DIVIDED,STRAIGHT AND LEVEL,DRY,NO DEFECTS,ON SCENE,NO INJURY / DRIVE AWAY,,"OVER $1,500",2025-07-31T07:05:00.000,IMPROPER OVERTAKING/PASSING,NOT APPLICABLE,10433,S,KEDZIE AVE,2211,2,NO INDICATION OF INJURY,0,0,0,0,0,2,0,7,5,7,41.7033567719,-87.7011000013,"{'type': 'Point', 'coordinates': [-87.701100001325, 41.703356771864]}",,,,,,,,,,
6d8128fc7df4e41d7f28866f0b64b541e2335da0ba79798b1664eebc9eb2dca42513638bc0a8ab8e5218f8e8d780314ce6726f55eeb1c50ec5208741c6bcd68b,2025-07-31T07:00:00.000,30,NO CONTROLS,NO CONTROLS,CLEAR,DAYLIGHT,PARKED MOTOR VEHICLE,ONE-WAY,STRAIGHT AND LEVEL,UNKNOWN,UNKNOWN,NOT ON SCENE (DESK REPORT),NO INJURY / DRIVE AWAY,,"$501 - $1,500",2025-07-31T09:15:00.000,UNABLE TO DETERMINE,NOT APPLICABLE,7152,S,LAFAYETTE AVE,731,2,NO INDICATION OF INJURY,0,0,0,0,0,1,0,7,5,7,41.7638695931,-87.6266723514,"{'type': 'Point', 'coordinates': [-87.626672351417, 41.763869593131]}",,,,,,,,,,
fb35d622d310530d57e667bbd5cfe256dc0052c230da768897c62d227f22cf2bc28fdb568b5dc55d3d868ba46900ebe3f60b961fb3abfdf9b9d53f808210b4d9,2025-07-31T07:00:00.000,25,NO CONTROLS,NO CONTROLS,CLEAR,DAYLIGHT,PARKED MOTOR VEHICLE,ONE-WAY,STRAIGHT AND LEVEL,DRY,NO DEFECTS,NOT ON SCENE (DESK REPORT),NO INJURY / DRIVE AWAY,,"OVER $1,500",2025-07-31T20:16:00.000,FAILING TO REDUCE SPEED TO AVOID CRASH,NOT APPLICABLE,6354,S,KILPATRICK AVE,813,2,NO INDICATION OF INJURY,0,0,0,0,0,1,0,7,5,7,41.776839304,-87.7399474381,"{'type': 'Point', 'coordinates': [-87.739947438139, 41.77683930401]}",,,,,,,,,,
b2bdbcccc9c83fb18f3411a4fd6d40929f9585cb877d72fe2699c6ab0602075aefc47eb2ed61a19250b87463ca9d740b3183cea402a574be277e7d2d613d877d,2025-07-31T06:45:00.000,30,NO CONTROLS,NO CONTROLS,CLEAR,DAYLIGHT,ANGLE,ALLEY,STRAIGHT AND LEVEL,DRY,UNKNOWN,ON SCENE,NO INJURY / DRIVE AWAY,,"OVER $1,500",2025-07-31T06:46:00.000,NOT APPLICABLE,NOT APPLICABLE,4813,N,AVERS AVE,1712,2,NO INDICATION OF INJURY,0,0,0,0,0,2,0,6,5,7,41.9687763229,-87.7242710406,"{'type': 'Point', 'coordinates': [-87.724271040582, 41.968776322885]}",,,,,,,,,,
00c6f33d8594a7264bb77ee6faa9fd8b97b01d3241701b12ed3cc2a12d9a4c347707a47710cb9994906e177b73c7a8e734d9ece37fae6fdd9793ee7d418d9975,2025-07-31T06:25:00.000,30,TRAFFIC SIGNAL,UNKNOWN,UNKNOWN,DAYLIGHT,REAR END,NOT DIVIDED,STRAIGHT AND LEVEL,DRY,UNKNOWN,,NO INJURY / DRIVE AWAY,,"OVER $1,500",2025-07-31T07:17:00.000,FOLLOWING TOO CLOSELY,DRIVING SKILLS/KNOWLEDGE/EXPERIENCE,5101,S,CICERO AVE,815,2,NO INDICATION OF INJURY,0,0,0,0,0,2,0,6,5,7,41.8002455949,-87.742810522,"{'type': 'Point', 'coordinates': [-87.742810521987, 41.800245594931]}",,,,,,,,,,
f6feebd7191a146f386b2558dd776a01415956b7f1340c8843d2342814a37273dd802aa3ea66c67ffd1c06b1af90a548c7659f8cd6b171c02543e52879ca38cf,2025-07-31T05:40:00.000,30,NO CONTROLS,NO CONTROLS,UNKNOWN,DAWN,PARKED MOTOR VEHICLE,NOT DIVIDED,STRAIGHT AND LEVEL,UNKNOWN,UNKNOWN,NOT ON SCENE (DESK REPORT),NO INJURY / DRIVE AWAY,,"OVER $1,500",2025-07-31T16:40:00.000,UNABLE TO DETERMINE,UNABLE TO DETERMINE,1812,N,MERRIMAC AVE,2513,2,NO INDICATION OF INJURY,0,0,0,0,0,1,0,5,5,7,41.9132606251,-87.7813174906,"{'type': 'Point', 'coordinates': [-87.781317490559, 41.913260625117]}",,,Y,,,,,,,
393f33d20b2d4646915838d926e1f2534e376dac3474c0dc632415406b5010435e49acad2900a1536478891b2822957dbe8e98c344ba0a5a928329f5b837dbff,2025-07-31T04:40:00.000,30,NO CONTROLS,NO CONTROLS,CLEAR,"DARKNESS, LIGHTED ROAD",PARKED MOTOR VEHICLE,NOT DIVIDED,STRAIGHT AND LEVEL,WET,NO DEFECTS,ON SCENE,INJURY AND / OR TOW DUE TO CRASH,,"OVER $1,500",2025-07-31T04:47:00.000,UNABLE TO DETERMINE,UNABLE TO DETERMINE,1035,W,MONTROSE AVE,1915,2,NO INDICATION OF INJURY,0,0,0,0,0,1,0,4,5,7,41.961646462,-87.6562835689,"{'type': 'Point', 'coordinates': [-87.656283568885, 41.961646462012]}",,,,,,,,,,
e6432362444e6b1b33ca25200f81931f1453c0a2b6a11223532cd5924cd5ea8489e536ac57909177f3ea7c1398de5f1be7f5061dfacda5ece6062c88f59ac34e,2025-07-31T04:06:00.000,30,TRAFFIC SIGNAL,FUNCTIONING PROPERLY,CLEAR,"DARKNESS, LIGHTED ROAD",REAR END,DIVIDED - W/MEDIAN BARRIER,STRAIGHT AND LEVEL,DRY,NO DEFECTS,NOT ON SCENE (DESK REPORT),NO INJURY / DRIVE AWAY,Y,"OVER $1,500",2025-08-05T17:00:00.000,FOLLOWING TOO CLOSELY,UNABLE TO DETERMINE,6300,S,CICERO AVE,813,2,NO INDICATION OF INJURY,0,0,0,0,0,2,0,4,5,7,41.7783353905,-87.7424364942,"{'type': 'Point', 'coordinates': [-87.74243649416, 41.778335390453]}",,,,,,,,,,
2494e3f03d456672d4482c324c7e825cfee43a8c5275a3b1f9be014dcf8f8c79c28162feada525939266d6bd43fd6009383fc704ff04b87aedfdeb55c800d346,2025-07-31T04:00:00.000,30,TRAFFIC SIGNAL,FUNCTIONING PROPERLY,CLEAR,"DARKNESS, LIGHTED ROAD",ANGLE,NOT DIVIDED,STRAIGHT AND LEVEL,WET,NO DEFECTS,ON SCENE,INJURY AND / OR TOW DUE TO CRASH,Y,"OVER $1,500",2025-07-31T04:04:00.000,FAILING TO YIELD RIGHT-OF-WAY,NOT APPLICABLE,5501,S,HARLEM AVE,811,2,NO INDICATION OF INJURY,0,0,0,0,0,2,0,4,5,7,41.7918520654,-87.8013777989,"{'type': 'Point', 'coordinates': [-87.801377798929, 41.79185206544]}",,,Y,,,,,,,
98078781b03dfc88ea9bc61459263ba070046c414f5070b42255f33df82b1f362320f6c5b34f0b8176b1984aff4386a008d6fd2f15aee7f06858f3640cbb3f74,2025-07-31T03:30:00.000,30,NO CONTROLS,NO CONTROLS,UNKNOWN,"DARKNESS, LIGHTED ROAD",HEAD ON,DRIVEWAY,STRAIGHT AND LEVEL,UNKNOWN,UNKNOWN,NOT ON SCENE (DESK REPORT),NO INJURY / DRIVE AWAY,,"OVER $1,500",2025-07-31T18:32:00.000,UNABLE TO DETERMINE,UNABLE TO DETERMINE,2959,W,FULTON ST,1222,2,NO INDICATION OF INJURY,0,0,0,0,0,2,0,3,5,7,41.8863732309,-87.701234307,"{'type': 'Point', 'coordinates': [-87.701234306969, 41.886373230918]}",,,Y,,,,,,,
297eee5024aaaad339324ca0343567c81240a8f29c1e0f9fd964adc7036bb851ecb6e4a566f366187d8e63344714a2de063f5c680d7a585e3ba7f19ef92f1fe7,2025-07-31T03:00:00.000,25,NO CONTROLS,NO CONTROLS,RAIN,"DARKNESS, LIGHTED ROAD",PARKED MOTOR VEHICLE,ONE-WAY,STRAIGHT AND LEVEL,WET,NO DEFECTS,ON SCENE,INJURY AND / OR TOW DUE TO CRASH,,"$501 - $1,500",2025-07-31T03:06:00.000,DRIVING ON WRONG SIDE/WRONG WAY,DRIVING SKILLS/KNOWLEDGE/EXPERIENCE,2621,N,MERRIMAC AVE,2512,3,NO INDICATION OF INJURY,0,0,0,0,0,4,0,3,5,7,41.9280549096,-87.7817940791,"{'type': 'Point', 'coordinates': [-87.78179407912, 41.928054909588]}",,,Y,,N,,,,,
1d35f5dd48b118559edb099fc0107d3685a71e4249761a13b0011a1ad15b82e2da7d478af79be2dd2bfd94a7f6abec3b2b499d843d67887ebb6317dc644af40c,2025-07-31T02:50:00.000,30,NO CONTROLS,NO CONTROLS,RAIN,"DARKNESS, LIGHTED ROAD",PARKED MOTOR VEHICLE,NOT DIVIDED,STRAIGHT AND LEVEL,WET,UNKNOWN,ON SCENE,INJURY AND / OR TOW DUE TO CRASH,,"$501 - $1,500",2025-07-31T02:52:00.000,UNABLE TO DETERMINE,DRIVING SKILLS/KNOWLEDGE/EXPERIENCE,6718,S,RACINE AVE,724,2,NO INDICATION OF INJURY,0,0,0,0,0,1,0,2,5,7,41.7717317496,-87.6544420803,"{'type': 'Point', 'coordinates': [-87.654442080273, 41.7717317496]}",,,,N,,,,,,
2c590cd49673b6cef66e6926dda3e05cc882a02eedd7f71becc05e54b3fdf46750b3993f366bf41fedce2c955afeb621a848ec26c2d78d047288565dcaa7a2e2,2025-07-31T02:30:00.000,30,NO CONTROLS,NO CONTROLS,UNKNOWN,UNKNOWN,PARKED MOTOR VEHICLE,NOT DIVIDED,STRAIGHT AND LEVEL,UNKNOWN,UNKNOWN,NOT ON SCENE (DESK REPORT),NO INJURY / DRIVE AWAY,,"OVER $1,500",2025-07-31T10:15:00.000,FOLLOWING TOO CLOSELY,NOT APPLICABLE,4921,N,PULASKI RD,1712,2,NO INDICATION OF INJURY,0,0,0,0,0,1,0,2,5,7,41.9707220629,-87.72795229,"{'type': 'Point', 'coordinates': [-87.727952289995, 41.97072206289]}",,,Y,,Y,,,,,
3a841faa42352d835df24d74d0bea4c90cc620240ccc1f805667beb797cca07f6df91c4d44623d84ad521216e3dcbcf24af6727a3b587f4ab40177a97302386f,2025-07-31T02:00:00.000,30,NO CONTROLS,NO CONTROLS,CLEAR,DARKNESS,PARKED MOTOR VEHICLE,NOT DIVIDED,STRAIGHT AND LEVEL,DRY,NO DEFECTS,ON SCENE,INJURY AND / OR TOW DUE TO CRASH,,"OVER $1,500",2025-07-31T05:40:00.000,UNABLE TO DETERMINE,NOT APPLICABLE,1228,W,49TH ST,933,4,NO INDICATION OF INJURY,0,0,0,0,0,1,0,2,5,7,41.8051864434,-87.6563086747,"{'type': 'Point', 'coordinates': [-87.656308674668, 41.805186443427]}",,,Y,,Y,,,,,
fb528f5ad3107c61b48744afc03585f6ec96c8cecf1ef1cfcca9b77e65186bbf65d1cf6243c85beee6dc8dd8bb6bc3458fa462ead4d3517313f4d831020d379c,2025-07-31T02:00:00.000,30,TRAFFIC SIGNAL,UNKNOWN,UNKNOWN,UNKNOWN,SIDESWIPE SAME DIRECTION,NOT DIVIDED,STRAIGHT AND LEVEL,UNKNOWN,UNKNOWN,ON SCENE,INJURY AND / OR TOW DUE TO CRASH,,"OVER $1,500",2025-07-31T02:05:00.000,UNABLE TO DETERMINE,NOT APPLICABLE,7100,S,JEFFERY BLVD,333,2,NONINCAPACITATING INJURY,2,0,0,2,0,2,0,2,5,7,41.7660277795,-87.5764431228,"{'type': 'Point', 'coordinates': [-87.576443122779, 41.766027779516]}",,,,,,,,,,
3de6288cee77962d4cf78221685e905da5842c96f36724ce03a9b717737bf1e01fc960f2027fc7ea8e9ae03902e408bc668fb81e3a06b02692f81273bd0b9e70,2025-07-31T01:38:00.000,30,UNKNOWN,UNKNOWN,RAIN,DARKNESS,ANGLE,DIVIDED - W/MEDIAN (NOT RAISED),STRAIGHT AND LEVEL,WET,UNKNOWN,ON SCENE,NO INJURY / DRIVE AWAY,,"OVER $1,500",2025-07-31T01:40:00.000,FAILING TO YIELD RIGHT-OF-WAY,NOT APPLICABLE,4900,S,CICERO AVE,814,2,NO INDICATION OF INJURY,0,0,0,0,0,2,0,1,5,7,41.8038771466,-87.7432043372,"{'type': 'Point', 'coordinates': [-87.743204337182, 41.803877146599]}",,,,,,,,,,
dc934a99ef18d8fe1e544467a31407cf2af96239a99b20e64895de56e7def76cac0d60885d640fc7c2d58453dbd8543bad6bff3c448e3b91f1c4af341f62e6e9,2025-07-31T01:15:00.000,30,STOP SIGN/FLASHER,FUNCTIONING PROPERLY,RAIN,"DARKNESS, LIGHTED ROAD",ANGLE,NOT DIVIDED,STRAIGHT AND LEVEL,WET,NO DEFECTS,,INJURY AND / OR TOW DUE TO CRASH,Y,"OVER $1,500",2025-07-31T01:19:00.000,UNABLE TO DETERMINE,UNABLE TO DETERMINE,10200,S,PARNELL AVE,2232,2,"REPORTED, NOT EVIDENT",3,0,0,0,3,2,0,1,5,7,41.708734694,-87.6369577048,"{'type': 'Point', 'coordinates': [-87.636957704824, 41.708734694021]}",,,Y,,,,,,,
f3355250149ee4c965282d0e8aeba8e2da1c282144d2056c414d0b201364cbec3f1b50b11a892f31503b8bbbb3bc0f93939457f441be34232afb2923ba24a536,2025-07-31T01:00:00.000,30,NO CONTROLS,NO CONTROLS,CLEAR,DAYLIGHT,PARKED MOTOR VEHICLE,ONE-WAY,STRAIGHT AND LEVEL,DRY,NO DEFECTS,NOT ON SCENE (DESK REPORT),NO INJURY / DRIVE AWAY,,"OVER $1,500",2025-08-01T13:45:00.000,UNABLE TO DETERMINE,UNABLE TO DETERMINE,4520,N,MOZART ST,1724,2,NO INDICATION OF INJURY,0,0,0,0,0,1,0,1,5,7,41.9636774055,-87.6999100954,"{'type': 'Point', 'coordinates': [-87.699910095377, 41.963677405516]}",,,Y,,N,,,,,
16d3c8f296ba3bae380da7f9d4b81f5dd53d805f4b9122327071c1e15186a9da72a6e51e5fc27a6b74ae195db6a0f351f1fd6da480e43aad7c69b0bc4a8522c9,2025-07-31T00:59:00.000,30,STOP SIGN/FLASHER,NO CONTROLS,RAIN,"DARKNESS, LIGHTED ROAD",REAR END,DIVIDED - W/MEDIAN (NOT RAISED),STRAIGHT AND LEVEL,WET,NO DEFECTS,NOT ON SCENE (DESK REPORT),NO INJURY / DRIVE AWAY,Y,"OVER $1,500",2025-07-31T01:40:00.000,FOLLOWING TOO CLOSELY,FAILING TO YIELD RIGHT-OF-WAY,4098,W,AUGUSTA BLVD,1111,2,NO INDICATION OF INJURY,0,0,0,0,0,3,0,0,5,7,41.8990884988,-87.7285945918,"{'type': 'Point', 'coordinates': [-87.728594591821, 41.899088498833]}",,,N,,,,,,,
705758c64ffaa945a96b20a6e65999e69c4f693df7e5ac2dfe542d97973e261fa6a7a269944449b2675a8128fae40242f4072c60d336a32c20522c1fa3fdd7a6,2025-07-31T00:41:00.000,10,NO CONTROLS,UNKNOWN,RAIN,"DARKNESS, LIGHTED ROAD",PARKED MOTOR VEHICLE,ALLEY,STRAIGHT AND LEVEL,WET,NO DEFECTS,ON SCENE,INJURY AND / OR TOW DUE TO CRASH,,$500 OR LESS,2025-07-31T02:23:00.000,IMPROPER TURNING/NO SIGNAL,NOT APPLICABLE,5432,S,KILBOURN AVE,815,3,NONINCAPACITATING INJURY,1,0,0,1,0,1,0,0,5,7,41.7938817386,-87.7355852127,"{'type': 'Point', 'coordinates': [-87.735585212718, 41.793881738552]}",,,Y,,,,,,,
0c851eef04c8f16f46d9fd886e9c4e831acc9a6da2d5b4716eaa21d0be287c54f7b21a5bb530f66d7a151d6664ee15865a0f345fbbeb41a73b49dde2e74a213b,2025-07-31T00:30:00.000,30,NO CONTROLS,NO CONTROLS,CLEAR,"DARKNESS, LIGHTED ROAD",PARKED MOTOR VEHICLE,NOT DIVIDED,STRAIGHT AND LEVEL,WET,NO DEFECTS,ON SCENE,NO INJURY / DRIVE AWAY,,"$501 - $1,500",2025-07-31T02:33:00.000,FOLLOWING TOO CLOSELY,FOLLOWING TOO CLOSELY,2800,W,FULTON ST,1222,3,NO INDICATION OF INJURY,0,0,0,0,0,1,0,0,5,7,41.8866462303,-87.696558136,"{'type': 'Point', 'coordinates': [-87.696558136009, 41.886646230299]}",,,Y,,,,,,,
96f61ec67dc864fff682bfb4183c573507077d2e99eae2044e45bae49683cec639db15be0e7c4a9e27c45fd52294cd7be243c84fafd1b0aef39724f487e4753b,2025-07-31T00:30:00.000,30,NO CONTROLS,NO CONTROLS,RAIN,"DARKNESS, LIGHTED ROAD",PARKED MOTOR VEHICLE,ONE-WAY,STRAIGHT AND LEVEL,WET,NO DEFECTS,ON SCENE,INJURY AND / OR TOW DUE TO CRASH,,"OVER $1,500",2025-07-31T02:17:00.000,"EVASIVE ACTION DUE TO ANIMAL, OBJECT, NONMOTORIST",DISTRACTION - FROM OUTSIDE VEHICLE,7259,S,LAFLIN ST,734,2,NO INDICATION OF INJURY,0,0,0,0,0,1,0,0,5,7,41.761346082,-87.6619610883,"{'type': 'Point', 'coordinates': [-87.661961088293, 41.761346082021]}",,,,,,,,,,
bc8363ffe69a96ff64f71458393d7ee81ec2c5884be26b934cf9467dcef074548bc4928bfe4e9f0c80a3fa87f1734fd231a03d8e8562d1d475bf7eca99f798ba,2025-07-31T00:29:00.000,30,TRAFFIC SIGNAL,FUNCTIONING PROPERLY,RAIN,"DARKNESS, LIGHTED ROAD",TURNING,Y-INTERSECTION,STRAIGHT AND LEVEL,WET,NO DEFECTS,ON SCENE,INJURY AND / OR TOW DUE TO CRASH,Y,"OVER $1,500",2025-07-31T00:29:00.000,DISREGARDING TRAFFIC SIGNALS,DISREGARDING TRAFFIC SIGNALS,3200,W,BELMONT AVE,1733,2,"REPORTED, NOT EVIDENT",1,0,0,0,1,1,0,0,5,7,41.9394405612,-87.7077185163,"{'type': 'Point', 'coordinates': [-87.707718516309, 41.939440561174]}",,,,,,,,,,
ef566a838b086e911b009c3c3a27734529e8c5c39dcd14773d2307c60556d47f553602b0827cd22f5b4d5da5647427f637e8dad5eaa0c3d7519690101cb62b41,2025-07-31T00:29:00.000,30,TRAFFIC SIGNAL,FUNCTIONING PROPERLY,RAIN,DARKNESS,REAR END,DIVIDED - W/MEDIAN (NOT RAISED),STRAIGHT AND LEVEL,DRY,NO DEFECTS,NOT ON SCENE (DESK REPORT),NO INJURY / DRIVE AWAY,,"OVER $1,500",2025-08-01T00:51:00.000,FOLLOWING TOO CLOSELY,FOLLOWING TOO CLOSELY,1212,S,MICHIGAN AVE,131,2,NO INDICATION OF INJURY,0,0,0,0,0,2,0,0,5,7,41.8670614529,-87.6242915566,"{'type': 'Point', 'coordinates': [-87.624291556574, 41.867061452934]}",,,Y,,,,,,,
313d2c3a94d92d013371e08974ff39d639b15a200fc18a072b1b4357d1410d50c362cdd702b228c7e48c74fed092743f51a3448b0424d6e419c026d8058d0b48,2025-07-31T00:04:00.000,30,NO CONTROLS,OTHER,RAIN,"DARKNESS, LIGHTED ROAD",REAR END,DIVIDED - W/MEDIAN BARRIER,STRAIGHT AND LEVEL,WET,NO DEFECTS,ON SCENE,NO INJURY / DRIVE AWAY,,"OVER $1,500",2025-07-31T00:04:00.000,IMPROPER OVERTAKING/PASSING,IMPROPER LANE USAGE,15,N,MICHIGAN AVE,114,2,NO INDICATION OF INJURY,0,0,0,0,0,2,0,0,5,7,41.8824647494,-87.6242330156,"{'type': 'Point', 'coordinates': [-87.624233015564, 41.882464749447]}",,,,,,,,,,
459a25e3c631c37e05b71895f2666c7c13e0add6f5bad3d42510823e4296fe0febc9cdabe49d5c25cdafa14d6afff63fa18fe0c583c6cd2b4f6fcfc2165ece94,2025-07-31T00:01:00.000,30,NO CONTROLS,NO CONTROLS,CLEAR,DARKNESS,PARKED MOTOR VEHICLE,NOT DIVIDED,STRAIGHT AND LEVEL,DRY,NO DEFECTS,ON SCENE,NO INJURY / DRIVE AWAY,,"OVER $1,500",2025-07-31T07:33:00.000,DRIVING SKILLS/KNOWLEDGE/EXPERIENCE,DRIVING SKILLS/KNOWLEDGE/EXPERIENCE,2332,N,OAK PARK AVE,2512,2,NO INDICATION OF INJURY,0,0,0,0,0,1,0,0,5,7,41.9221969712,-87.7953438817,"{'type': 'Point', 'coordinates': [-87.795343881722, 41.922196971229]}",,,Y,,Y,,,,,
9c6cc80f4c1f6c3a88266f839592a453f0a172192c3ad7c328620a881696dbc88f02634f4d486368ca9dcb8ccd20889190c11d73a6d0636ebb7cfa9e29f56575,2025-07-31T00:01:00.000,25,NO CONTROLS,NO CONTROLS,CLEAR,"DARKNESS, LIGHTED ROAD",PARKED MOTOR VEHICLE,ONE-WAY,STRAIGHT AND LEVEL,DRY,NO DEFECTS,NOT ON SCENE (DESK REPORT),NO INJURY / DRIVE AWAY,,"OVER $1,500",2025-07-31T09:35:00.000,UNABLE TO DETERMINE,NOT APPLICABLE,4844,W,PENSACOLA AVE,1624,2,NO INDICATION OF INJURY,0,0,0,0,0,1,0,0,5,7,41.9598980259,-87.7492871364,"{'type': 'Point', 'coordinates': [-87.749287136359, 41.959898025861]}",,,Y,,,,,,,
b047bf80044fd532887e6654e84bfb0513bcb0ec7752acfc9bfb110814528b77dc5836ce0a93565452e51d83c9d07dddb7919dafc661910f536dc7c0fd3ec778,2025-07-30T23:45:00.000,30,NO CONTROLS,NO CONTROLS,RAIN,"DARKNESS, LIGHTED ROAD",SIDESWIPE SAME DIRECTION,NOT DIVIDED,STRAIGHT AND LEVEL,WET,NO DEFECTS,ON SCENE,INJURY AND / OR TOW DUE TO CRASH,,"OVER $1,500",2025-07-31T00:10:00.000,IMPROPER OVERTAKING/PASSING,FOLLOWING TOO CLOSELY,516,W,59TH ST,711,2,NO INDICATION OF INJURY,0,0,0,0,0,3,0,23,4,7,41.7872509603,-87.6382460153,"{'type': 'Point', 'coordinates': [-87.638246015343, 41.787250960336]}",,,Y,,,,,,,
10a02d857819736ef124f1d2633531832fd12582a08197f59f08b5bb64f16e86eb963dcc9be1cc90a029838f39293cfeaa705698510bb216f0e59fb57580ace2,2025-07-30T23:35:00.000,30,NO CONTROLS,NO CONTROLS,RAIN,"DARKNESS, LIGHTED ROAD",PEDESTRIAN,NOT DIVIDED,STRAIGHT AND LEVEL,WET,NO DEFECTS,ON SCENE,INJURY AND / OR TOW DUE TO CRASH,,$500 OR LESS,2025-07-30T23:39:00.000,FAILING TO REDUCE SPEED TO AVOID CRASH,WEATHER,755,W,MARQUETTE RD,723,2,INCAPACITATING INJURY,1,0,1,0,0,1,0,23,4,7,41.7723638849,-87.6445268216,"{'type': 'Point', 'coordinates': [-87.644526821625, 41.772363884943]}",,Y,Y,,,,,,,
68af1faf2dbae0e8192d3376ee53b03a92f668db60a746a84b8447ad82d621f69a2f57e96cc5aecc78568d6d65827428b0019e016b4489c8f556236be3898ea0,2025-07-30T23:35:00.000,30,NO CONTROLS,NO CONTROLS,RAIN,"DARKNESS, LIGHTED ROAD",PEDESTRIAN,NOT DIVIDED,STRAIGHT AND LEVEL,WET,NO DEFECTS,ON SCENE,INJURY AND / OR TOW DUE TO CRASH,,$500 OR LESS,2025-07-30T23:39:00.000,FAILING TO REDUCE SPEED TO AVOID CRASH,WEATHER,755,W,MARQUETTE RD,723,2,INCAPACITATING INJURY,1,0,1,0,0,1,0,23,4,7,41.7723638849,-87.6445268216,"{'type': 'Point', 'coordinates': [-87.644526821625, 41.772363884943]}",,Y,Y,,,,,,,