crash_record_id,crash_date,posted_speed_limit,traffic_control_device,device_condition,weather_condition,lighting_condition,first_crash_type,trafficway_type,alignment,roadway_surface_cond,road_defect,report_type,crash_type,intersection_related_i,damage,date_police_notified,prim_contributory_cause,sec_contributory_cause,street_no,street_direction,street_name,beat_of_occurrence,num_units,most_severe_injury,injuries_total,injuries_fatal,injuries_incapacitating,injuries_non_incapacitating,injuries_reported_not_evident,injuries_no_indication,injuries_unknown,crash_hour,crash_day_of_week,crash_month,latitude,longitude,location,private_property_i,photos_taken_i,hit_and_run_i,statements_taken_i,crash_date_est_i,work_zone_i,work_zone_type,dooring_i,lane_cnt,workers_present_i
5646fdb7a737f60c7aa851da0317b8d34b7d4b34d15ff131b25a912e0ce664190def309b4469d420ea35ad535cf13abb08a8d2acae34f8db43d912af52735cf2,2025-07-30T23:30:00.000,30,NO CONTROLS,NO CONTROLS,RAIN,"DARKNESS, LIGHTED ROAD",REAR END,NOT DIVIDED,STRAIGHT AND LEVEL,WET,UNKNOWN,NOT ON SCENE (DESK REPORT),NO INJURY / DRIVE AWAY,,"OVER $1,500",2025-07-30T23:45:00.000,UNABLE TO DETERMINE,UNABLE TO DETERMINE,1327,W,18TH ST,1233,2,NO INDICATION OF INJURY,0,0,0,0,0,2,0,23,4,7,41.857786415,-87.6600431897,"{'type': 'Point', 'coordinates': [-87.66004318972, 41.857786415049]}",,,,,,,,,,
b9676c79d8fdc986581db363100db55319a0d5f035c31e6f9d83de40ce4436c00a8b34f23691177a10ed5c5b515f3c74487fd287737f1f7e415e3b8f395873ef,2025-07-30T23:30:00.000,30,STOP SIGN/FLASHER,FUNCTIONING PROPERLY,CLEAR,"DARKNESS, LIGHTED ROAD",ANGLE,FOUR WAY,STRAIGHT AND LEVEL,DRY,NO DEFECTS,NOT ON SCENE (DESK REPORT),NO INJURY / DRIVE AWAY,Y,"$501 - $1,500",2025-07-31T12:00:00.000,DISREGARDING STOP SIGN,UNABLE TO DETERMINE,4332,N,LAMON AVE,1624,2,NO INDICATION OF INJURY,0,0,0,0,0,2,0,23,4,7,41.9598831745,-87.7500852871,"{'type': 'Point', 'coordinates': [-87.750085287079, 41.959883174451]}",,,Y,,,,,,,
2be486cee251d4b4b60fc3b3a9f7c09fa8acb1926906afd1eeb0d99d7d2f33ef04334a3fdd62f85403f9228425cc59577c86b12b02129b0df5add9153bc0ff3e,2025-07-30T23:25:00.000,30,TRAFFIC SIGNAL,FUNCTIONING PROPERLY,RAIN,"DARKNESS, LIGHTED ROAD",REAR END,NOT DIVIDED,STRAIGHT AND LEVEL,WET,NO DEFECTS,NOT ON SCENE (DESK REPORT),INJURY AND / OR TOW DUE TO CRASH,,"OVER $1,500",2025-07-30T23:35:00.000,UNABLE TO DETERMINE,UNABLE TO DETERMINE,701,W,63RD ST,723,2,NONINCAPACITATING INJURY,1,0,0,1,0,1,0,23,4,7,41.7796695116,-87.6428359736,"{'type': 'Point', 'coordinates': [-87.642835973559, 41.779669511646]}",,,Y,,,,,,,
caca8d0dd7499debc4962eecc0823663bd5162c1f515fbe8fd6a32f0b5856d89e98f3cd1fc807dca2d70588f531b7f7e1e8bfaf0b5edbf404a88a411b783cae0,2025-07-30T23:20:00.000,25,STOP SIGN/FLASHER,FUNCTIONING PROPERLY,CLEAR,UNKNOWN,PARKED MOTOR VEHICLE,NOT DIVIDED,STRAIGHT AND LEVEL,DRY,NO DEFECTS,,INJURY AND / OR TOW DUE TO CRASH,,"OVER $1,500",2025-07-31T07:20:00.000,UNABLE TO DETERMINE,UNABLE TO DETERMINE,2050,N,SHEFFIELD AVE,1811,4,NO INDICATION OF INJURY,0,0,0,0,0,2,0,23,4,7,41.919603779,-87.6535644408,"{'type': 'Point', 'coordinates': [-87.653564440818, 41.919603779012]}",,,Y,,Y,,,,,
286d409d45bba2c3fc7a44c7fad341b3fdc2d8c5969f2e00c2afd19175c6212fb330e40c32e59b3e6b7b7c0e7d764f4f3cb32fb88daac5b7c022457ff16a7cba,2025-07-30T23:15:00.000,30,UNKNOWN,UNKNOWN,UNKNOWN,UNKNOWN,SIDESWIPE SAME DIRECTION,NOT DIVIDED,STRAIGHT AND LEVEL,UNKNOWN,UNKNOWN,NOT ON SCENE (DESK REPORT),NO INJURY / DRIVE AWAY,Y,"OVER $1,500",2025-07-31T20:06:00.000,IMPROPER LANE USAGE,DRIVING SKILLS/KNOWLEDGE/EXPERIENCE,731,S,PLYMOUTH CT,123,2,NO INDICATION OF INJURY,0,0,0,0,0,3,0,23,4,7,41.8727298086,-87.6284990953,"{'type': 'Point', 'coordinates': [-87.628499095315, 41.872729808606]}",,,,,,,,,,
2f4c10e332d22635379c1c2a4917a5c37a08f27a05ad5cf79037870345a9af94f73f88cdc31dddefbbda971201753bc38f580b4dc0fb359c5f86cd9e2ba65233,2025-07-30T23:02:00.000,30,TRAFFIC SIGNAL,FUNCTIONING PROPERLY,RAIN,"DARKNESS, LIGHTED ROAD",REAR END,NOT DIVIDED,STRAIGHT AND LEVEL,WET,NO DEFECTS,ON SCENE,INJURY AND / OR TOW DUE TO CRASH,N,"OVER $1,500",2025-07-30T23:05:00.000,UNABLE TO DETERMINE,UNABLE TO DETERMINE,351,E,51ST ST,231,2,"REPORTED, NOT EVIDENT",1,0,0,0,1,3,0,23,4,7,41.8019762799,-87.6173240697,"{'type': 'Point', 'coordinates': [-87.617324069745, 41.801976279893]}",,,,,,,,,,
86a18f7df8ba7265274739dbf67b071b1925929a2b7f9d4b67d6e196240fecdc6d1eb53d53a8cc5db58c8b546daa6e12fa128f12010b5d8ed4ba4675ad96d214,2025-07-30T23:00:00.000,30,TRAFFIC SIGNAL,FUNCTIONING PROPERLY,RAIN,"DARKNESS, LIGHTED ROAD",FIXED OBJECT,ONE-WAY,STRAIGHT AND LEVEL,WET,NO DEFECTS,ON SCENE,INJURY AND / OR TOW DUE TO CRASH,,"OVER $1,500",2025-07-30T23:23:00.000,UNABLE TO DETERMINE,NOT APPLICABLE,336,N,LAKE SHORE DR SB,114,1,"REPORTED, NOT EVIDENT",2,0,0,0,2,0,0,23,4,7,41.8875564538,-87.614286561,"{'type': 'Point', 'coordinates': [-87.614286561002, 41.887556453813]}",,,,,N,,,,,
d98e794a6fda2395312aa1458dbc5271f617f45ff026c51259604a4453891f933b66bd89afd2d8f6e8165c5c81770a81065cb4b531dad84905dcdb38d1efbb29,2025-07-30T23:00:00.000,30,TRAFFIC SIGNAL,FUNCTIONING PROPERLY,CLEAR,"DARKNESS, LIGHTED ROAD",REAR END,DIVIDED - W/MEDIAN BARRIER,STRAIGHT AND LEVEL,WET,NO DEFECTS,NOT ON SCENE (DESK REPORT),NO INJURY / DRIVE AWAY,,"OVER $1,500",2025-07-31T00:00:00.000,FOLLOWING TOO CLOSELY,FOLLOWING TOO CLOSELY,1400,S,LAKE SHORE DR SB,132,2,NO INDICATION OF INJURY,0,0,0,0,0,2,0,23,4,7,41.8640356398,-87.6192970692,"{'type': 'Point', 'coordinates': [-87.619297069192, 41.864035639814]}",,,,,,,,,,
52487ea19c907c380f419ff966aefa330cebb31a05645b856c0dbb351d95cf0bb21a539050db1355a9a5109297ce818914059d32dacd5b7a9b9158844830303b,2025-07-30T22:56:00.000,30,NO CONTROLS,NO CONTROLS,RAIN,"DARKNESS, LIGHTED ROAD",TURNING,NOT DIVIDED,STRAIGHT AND LEVEL,WET,UNKNOWN,ON SCENE,NO INJURY / DRIVE AWAY,,"OVER $1,500",2025-07-30T22:56:00.000,UNABLE TO DETERMINE,UNABLE TO DETERMINE,334,W,CHICAGO AVE,1823,2,NO INDICATION OF INJURY,0,0,0,0,0,2,0,22,4,7,41.8966624152,-87.6371013805,"{'type': 'Point', 'coordinates': [-87.63710138046, 41.896662415212]}",,,,,,,,,,
cdd599368992a1b2ce506f667ba5d441bbd42ee053b4b70b8b3286ac21be5f786dd490fef81860cc363fa3f6b3c773ffce8082d749903a7b8963d8ba6760da8e,2025-07-30T22:55:00.000,30,NO CONTROLS,NO CONTROLS,RAIN,"DARKNESS, LIGHTED ROAD",FIXED OBJECT,DIVIDED - W/MEDIAN BARRIER,STRAIGHT AND LEVEL,WET,NO DEFECTS,ON SCENE,NO INJURY / DRIVE AWAY,,"OVER $1,500",2025-07-30T22:57:00.000,WEATHER,NOT APPLICABLE,11721,S,HALSTED ST,524,1,NO INDICATION OF INJURY,0,0,0,0,0,1,0,22,4,7,41.6810974694,-87.6418724759,"{'type': 'Point', 'coordinates': [-87.641872475929, 41.681097469352]}",,,,,,,,,,
45669ff0210761f4d247385eb768b074a6b4954f9a11226fe19daa70799c94b24b74269a9962bf3ff3c58d6b44bbd81121e78ec4df0cd5fe030a081b7c6e26f8,2025-07-30T22:53:00.000,30,NO CONTROLS,NO CONTROLS,RAIN,DARKNESS,PARKED MOTOR VEHICLE,PARKING LOT,STRAIGHT AND LEVEL,WET,NO DEFECTS,ON SCENE,NO INJURY / DRIVE AWAY,,"OVER $1,500",2025-07-31T08:20:00.000,"OPERATING VEHICLE IN ERRATIC, RECKLESS, CARELESS, NEGLIGENT OR AGGRESSIVE MANNER",NOT APPLICABLE,4646,N,CUMBERLAND AVE,1614,2,NO INDICATION OF INJURY,0,0,0,0,0,1,0,22,4,7,41.9643721046,-87.8368368126,"{'type': 'Point', 'coordinates': [-87.836836812577, 41.964372104573]}",,,Y,,,,,,,
59e05877d58dfd5c150930f929b5afdfc76e731a3aafb0558449dfc84509e16cd6f94276734af02321fb6a4fbb662e25fc4e9c718bd36505b66fa8401d942904,2025-07-30T22:33:00.000,15,NO CONTROLS,NO CONTROLS,UNKNOWN,UNKNOWN,REAR TO REAR,NOT DIVIDED,STRAIGHT AND LEVEL,UNKNOWN,UNKNOWN,NOT ON SCENE (DESK REPORT),NO INJURY / DRIVE AWAY,,"OVER $1,500",2025-07-31T11:25:00.000,UNABLE TO DETERMINE,NOT APPLICABLE,6700,S,EAST END AVE,332,2,NO INDICATION OF INJURY,0,0,0,0,0,2,0,22,4,7,41.7732670268,-87.5840057692,"{'type': 'Point', 'coordinates': [-87.584005769245, 41.773267026768]}",,,Y,,,,,,,
15327290cf53335bfcce1065a238b35a9783efa65752f2d31fb2eda479bb302a75954353faf1afb5d3ba7861da3fcf36a6a8fa78b8d2c72d1a96a46b86b2161b,2025-07-30T22:30:00.000,20,NO CONTROLS,NO CONTROLS,RAIN,"DARKNESS, LIGHTED ROAD",SIDESWIPE SAME DIRECTION,PARKING LOT,STRAIGHT AND LEVEL,WET,NO DEFECTS,ON SCENE,NO INJURY / DRIVE AWAY,,"OVER $1,500",2025-07-30T22:50:00.000,UNABLE TO DETERMINE,NOT APPLICABLE,10020,W,BALMORAL AVE,1654,2,NO INDICATION OF INJURY,0,0,0,0,0,2,0,22,4,7,,,,,,,,,,,,,
1cdb1d3156d02a0c49409686b85e9627284e031af5e83ccf11f320e2bc34dc6a3b4783431d200ea3ae297ec7c44f2efcacf81a50049edf38248bca251dca8a33,2025-07-30T22:30:00.000,30,STOP SIGN/FLASHER,FUNCTIONING PROPERLY,RAIN,"DARKNESS, LIGHTED ROAD",REAR END,NOT DIVIDED,STRAIGHT AND LEVEL,WET,UNKNOWN,NOT ON SCENE (DESK REPORT),NO INJURY / DRIVE AWAY,,"OVER $1,500",2025-07-30T23:45:00.000,UNABLE TO DETERMINE,UNABLE TO DETERMINE,431,W,74TH ST,732,2,NO INDICATION OF INJURY,0,0,0,0,0,2,0,22,4,7,41.7597716143,-87.6356827243,"{'type': 'Point', 'coordinates': [-87.635682724257, 41.759771614336]}",,,,,,,,,,
3d25214de86398e33d84ea1f627d7863a9f4a5468526030f50f4295cf563273a3dad11d6f40fd5783b2ba760b4ad0c57335a4f4f3f12b3dc53bb15f4b36dc8de,2025-07-30T22:30:00.000,25,TRAFFIC SIGNAL,UNKNOWN,UNKNOWN,"DARKNESS, LIGHTED ROAD",ANGLE,DIVIDED - W/MEDIAN (NOT RAISED),STRAIGHT AND LEVEL,UNKNOWN,UNKNOWN,NOT ON SCENE (DESK REPORT),NO INJURY / DRIVE AWAY,Y,"$501 - $1,500",2025-07-31T17:10:00.000,UNABLE TO DETERMINE,UNABLE TO DETERMINE,5441,W,DEVON AVE,1621,2,NO INDICATION OF INJURY,0,0,0,0,0,2,0,22,4,7,41.9972405873,-87.7654644517,"{'type': 'Point', 'coordinates': [-87.765464451727, 41.997240587348]}",,,,,,,,,,
46d418f8db84af78220fac5bdfe744f35927a0a833f06bbbda49c29aafed1a3563a961208122fd6849656f57b2550255981fcccfbd26d14b477199bb8b60caea,2025-07-30T22:30:00.000,20,UNKNOWN,UNKNOWN,UNKNOWN,UNKNOWN,PARKED MOTOR VEHICLE,ONE-WAY,STRAIGHT AND LEVEL,UNKNOWN,UNKNOWN,NOT ON SCENE (DESK REPORT),NO INJURY / DRIVE AWAY,,$500 OR LESS,2025-07-31T10:52:00.000,UNABLE TO DETERMINE,UNABLE TO DETERMINE,6001,N,TALMAN AVE,2413,2,NO INDICATION OF INJURY,0,0,0,0,0,1,0,22,4,7,41.9905540765,-87.695605409,"{'type': 'Point', 'coordinates': [-87.695605409002, 41.990554076507]}",,,Y,,Y,,,,,
5db781e56909f20b24eb3c3866fb3dfd0b2afce45fd90371d4b85e826975623524ce711df5c381fbd05e1bb5c9f53d286b2f500857a9bdd051e99019a3cf66ee,2025-07-30T22:30:00.000,30,NO CONTROLS,UNKNOWN,UNKNOWN,UNKNOWN,PARKED MOTOR VEHICLE,ONE-WAY,STRAIGHT AND LEVEL,UNKNOWN,UNKNOWN,ON SCENE,NO INJURY / DRIVE AWAY,,"OVER $1,500",2025-08-01T15:20:00.000,NOT APPLICABLE,NOT APPLICABLE,751,N,CAMPBELL AVE,1221,2,NO INDICATION OF INJURY,0,0,0,0,0,1,0,22,4,7,41.8953980646,-87.6891517364,"{'type': 'Point', 'coordinates': [-87.689151736358, 41.895398064565]}",,,Y,,,,,,,
6075c4d5ff03df88598170676b8a49638c25bb264c1272a376bd7ae03237628aa98262973a6429c40c5976c5361c7defa61c8d871cf01e1452ce2e4d86fba174,2025-07-30T22:30:00.000,30,TRAFFIC SIGNAL,FUNCTIONING PROPERLY,CLEAR,"DARKNESS, LIGHTED ROAD",FIXED OBJECT,DIVIDED - W/MEDIAN BARRIER,STRAIGHT AND LEVEL,DRY,NO DEFECTS,ON SCENE,NO INJURY / DRIVE AWAY,,"OVER $1,500",2025-07-31T06:49:00.000,DISREGARDING OTHER TRAFFIC SIGNS,UNABLE TO DETERMINE,4820,W,LAWRENCE AVE,1623,1,NO INDICATION OF INJURY,0,0,0,0,0,1,0,22,4,7,41.9681252697,-87.7487396826,"{'type': 'Point', 'coordinates': [-87.748739682611, 41.968125269652]}",,,,,,,,,,
f2d75b253ef0d7ddf52ea817c05894c23371c7b7d374ccd4c08e1a3a86145f455361a29601342ed1c9324aaae6a886cbc6a1f39d3493194804e7c89c56678e78,2025-07-30T22:30:00.000,25,NO CONTROLS,NO CONTROLS,CLEAR,"DARKNESS, LIGHTED ROAD",PARKED MOTOR VEHICLE,NOT DIVIDED,STRAIGHT AND LEVEL,DRY,UNKNOWN,NOT ON SCENE (DESK REPORT),NO INJURY / DRIVE AWAY,,"OVER $1,500",2025-07-31T14:00:00.000,UNABLE TO DETERMINE,UNABLE TO DETERMINE,2900,S,POPLAR AVE,913,2,NO INDICATION OF INJURY,0,0,0,0,0,1,0,22,4,7,41.841220221,-87.6497454628,"{'type': 'Point', 'coordinates': [-87.649745462849, 41.841220221012]}",,,Y,,Y,,,,,
1497d8f2c679d5dcb3045ed557a9de758dbe29b87230e4963e55bcb8986bed0c979eb51976518e89fe64b73498189552b81754da7db4a4fcacbaf760802d4268,2025-07-30T22:25:00.000,30,NO CONTROLS,NO CONTROLS,RAIN,DARKNESS,TURNING,ONE-WAY,STRAIGHT AND LEVEL,WET,UNKNOWN,ON SCENE,INJURY AND / OR TOW DUE TO CRASH,,"OVER $1,500",2025-07-30T22:29:00.000,UNABLE TO DETERMINE,UNABLE TO DETERMINE,6344,N,FAIRFIELD AVE,2413,2,INCAPACITATING INJURY,1,0,1,0,0,3,0,22,4,7,41.9970990229,-87.6985503204,"{'type': 'Point', 'coordinates': [-87.698550320419, 41.997099022941]}",,,,,Y,,,,,
dbd182250a08a26710d8c5c6d511058540abf8251b22425388b14fbf6d1d2280ee8034e89311fbc9183221c93c4a7229cdfb14e9e33ac4d7bfb547b056be8424,2025-07-30T22:23:00.000,30,TRAFFIC SIGNAL,FUNCTIONING PROPERLY,RAIN,"DARKNESS, LIGHTED ROAD",REAR END,FOUR WAY,STRAIGHT AND LEVEL,WET,NO DEFECTS,ON SCENE,INJURY AND / OR TOW DUE TO CRASH,,"OVER $1,500",2025-07-30T22:24:00.000,FOLLOWING TOO CLOSELY,FAILING TO REDUCE SPEED TO AVOID CRASH,1177,N,ELSTON AVE,1213,2,"REPORTED, NOT EVIDENT",1,0,0,0,1,2,0,22,4,7,41.9034341983,-87.6580866476,"{'type': 'Point', 'coordinates': [-87.658086647585, 41.903434198336]}",,,,,Y,,,,,
7302e3cd365a200214c716954082d2b230f44e99b9084258cc25337b238ddbbda1f826713a7eb4751054de5da19b998534e7efe6ab4eb7439814a32db954c367,2025-07-30T22:20:00.000,30,OTHER,FUNCTIONING PROPERLY,RAIN,"DARKNESS, LIGHTED ROAD",OTHER NONCOLLISION,OTHER,STRAIGHT ON GRADE,WET,OTHER,ON SCENE,INJURY AND / OR TOW DUE TO CRASH,,"OVER $1,500",2025-07-30T22:22:00.000,UNABLE TO DETERMINE,NOT APPLICABLE,1313,W,NORTH AVE,1433,1,INCAPACITATING INJURY,1,0,1,0,0,0,0,22,4,7,41.9106143435,-87.6610233531,"{'type': 'Point', 'coordinates': [-87.661023353088, 41.910614343517]}",,,,,,,,,,
a35d43807e8c8d124ab8e88f4e6a516ef9d3e3352aadaf523d992e0db3044e7b191da07eab28e8fbeab19f5f6e1403d96937d7b2574e6b6488de61f14c21f83b,2025-07-30T22:13:00.000,30,TRAFFIC SIGNAL,FUNCTIONING PROPERLY,RAIN,"DARKNESS, LIGHTED ROAD",TURNING,FOUR WAY,STRAIGHT AND LEVEL,WET,UNKNOWN,ON SCENE,INJURY AND / OR TOW DUE TO CRASH,Y,"OVER $1,500",2025-07-30T23:11:00.000,FAILING TO YIELD RIGHT-OF-WAY,IMPROPER TURNING/NO SIGNAL,4389,W,JACKSON BLVD,1131,2,NO INDICATION OF INJURY,0,0,0,0,0,3,0,22,4,7,41.8768578659,-87.735224603,"{'type': 'Point', 'coordinates': [-87.735224603039, 41.876857865901]}",,,,,,,,,,
46dc7ea5d54a834930c38ae6846c3bd009247348a47fbd02584ee214946188a7be24f91fe2a358bb03ef6458a6541d636078faefee68b51a0e5a307221dd0b6a,2025-07-30T22:08:00.000,30,NO CONTROLS,NO CONTROLS,RAIN,"DARKNESS, LIGHTED ROAD",PEDESTRIAN,NOT DIVIDED,STRAIGHT AND LEVEL,WET,NO DEFECTS,ON SCENE,INJURY AND / OR TOW DUE TO CRASH,,"OVER $1,500",2025-07-30T22:10:00.000,FAILING TO YIELD RIGHT-OF-WAY,NOT APPLICABLE,2335,W,HOWARD ST,2411,2,"REPORTED, NOT EVIDENT",1,0,0,0,1,1,0,22,4,7,42.0194193932,-87.689101505,"{'type': 'Point', 'coordinates': [-87.68910150503, 42.019419393235]}",,,Y,,,,,,,
91cfc8187b35cbc17c34b52a9cdfb14cf79a773a5dee635a524554f0e8c676a1b3914775c06517bf07f7f28f4360e8fcdc3c024c95e59f09270f3480e666c587,2025-07-30T22:00:00.000,30,NO CONTROLS,NO CONTROLS,RAIN,"DARKNESS, LIGHTED ROAD",HEAD ON,NOT DIVIDED,STRAIGHT AND LEVEL,WET,UNKNOWN,ON SCENE,INJURY AND / OR TOW DUE TO CRASH,,"OVER $1,500",2025-07-30T22:10:00.000,UNABLE TO DETERMINE,NOT APPLICABLE,3807,W,111TH ST,2211,2,NONINCAPACITATING INJURY,3,0,0,3,0,0,0,22,4,7,41.6912251227,-87.7157539626,"{'type': 'Point', 'coordinates': [-87.715753962608, 41.691225122703]}",,,,,,,,,,
e3f933f352c94714f9a4696729974da9cec66138d2c7d9742568860277f1dade4a5db718874e590a45227a2c0f7c6ca83e53322202ccfa60a33e1362669d2753,2025-07-30T22:00:00.000,10,NO CONTROLS,NO CONTROLS,RAIN,"DARKNESS, LIGHTED ROAD",PARKED MOTOR VEHICLE,NOT DIVIDED,STRAIGHT AND LEVEL,DRY,NO DEFECTS,NOT ON SCENE (DESK REPORT),NO INJURY / DRIVE AWAY,,"OVER $1,500",2025-07-30T23:45:00.000,IMPROPER TURNING/NO SIGNAL,IMPROPER LANE USAGE,1356,S,SPECIAL OLYMPICS DR,132,2,NO INDICATION OF INJURY,0,0,0,0,0,1,0,22,4,7,,,,,,,,,,,,,
790a66ef821531966b3a0591eca6c542ca9dd887b72db04448a529b8c3391669553f29b90d1f05353d2085c5dfa71951022ad6900cd149eff54abd57ca8e8145,2025-07-30T21:55:00.000,30,NO CONTROLS,NO CONTROLS,RAIN,"DARKNESS, LIGHTED ROAD",PEDESTRIAN,DIVIDED - W/MEDIAN BARRIER,STRAIGHT AND LEVEL,WET,UNKNOWN,ON SCENE,INJURY AND / OR TOW DUE TO CRASH,Y,"$501 - $1,500",2025-07-30T21:59:00.000,FAILING TO YIELD RIGHT-OF-WAY,WEATHER,1300,S,STATE ST,131,2,NONINCAPACITATING INJURY,1,0,0,1,0,1,0,21,4,7,41.8656570299,-87.6275294189,"{'type': 'Point', 'coordinates': [-87.627529418922, 41.865657029899]}",,,,,,,,,,
ff6822be3f3478357984ae473d5edbb3c92a5f5ac75176f52c6bbe0ef624f76a0e47b51a519ca8992f3acb9fa5871f42149398e7ff442ddd8af7ce7eec013d2b,2025-07-30T21:50:00.000,30,NO CONTROLS,NO CONTROLS,RAIN,"DARKNESS, LIGHTED ROAD",PEDALCYCLIST,DIVIDED - W/MEDIAN (NOT RAISED),STRAIGHT AND LEVEL,WET,NO DEFECTS,ON SCENE,INJURY AND / OR TOW DUE TO CRASH,,"OVER $1,500",2025-07-30T22:00:00.000,UNABLE TO DETERMINE,UNABLE TO DETERMINE,2313,W,NORTH AVE,1424,2,NONINCAPACITATING INJURY,1,0,0,1,0,0,0,21,4,7,41.9102388212,-87.6853442193,"{'type': 'Point', 'coordinates': [-87.685344219339, 41.910238821235]}",,,Y,,,,,Y,,
78a164a15679a5a67744bef7cd9b91a2ab8e739972bb1b8f43bb8542edbb6379251e8906755cd25987d730de0d01b27a22b8d633a763f0cac221fcf01531e839,2025-07-30T21:43:00.000,30,TRAFFIC SIGNAL,FUNCTIONING PROPERLY,RAIN,"DARKNESS, LIGHTED ROAD",TURNING,DIVIDED - W/MEDIAN (NOT RAISED),STRAIGHT AND LEVEL,WET,NO DEFECTS,ON SCENE,NO INJURY / DRIVE AWAY,,"OVER $1,500",2025-07-30T21:45:00.000,FOLLOWING TOO CLOSELY,FOLLOWING TOO CLOSELY,698,S,CICERO AVE,1533,2,NO INDICATION OF INJURY,0,0,0,0,0,2,0,21,4,7,41.8720821389,-87.7450795354,"{'type': 'Point', 'coordinates': [-87.745079535402, 41.87208213885]}",,,,,,,,,,
f5b1697fde46359b1d920ec4440ec5568edd37afc731c177c7262dcfaeb01f4a17bdfa5e2861a6152c5724e11095af26821e24f92c42e77a098ae9af75fcfd40,2025-07-30T21:40:00.000,30,TRAFFIC SIGNAL,FUNCTIONING PROPERLY,RAIN,DARKNESS,HEAD ON,FOUR WAY,STRAIGHT AND LEVEL,WET,UNKNOWN,ON SCENE,INJURY AND / OR TOW DUE TO CRASH,Y,"OVER $1,500",2025-07-30T22:25:00.000,UNABLE TO DETERMINE,UNABLE TO DETERMINE,2633,E,126TH ST,433,2,NONINCAPACITATING INJURY,1,0,0,1,0,1,0,21,4,7,41.6660708367,-87.5587311708,"{'type': 'Point', 'coordinates': [-87.558731170807, 41.666070836658]}",,,,,,,,,,
bfb1a3632b349a1b88dc68cb0c2ecb5ef1e77bf911b061a36c143ac3ed048a60dbc6e5be0a6f6b1b0a7758f09d493999aec8a616d0e71507be63e3e07f4b98ea,2025-07-30T21:35:00.000,30,TRAFFIC SIGNAL,FUNCTIONING PROPERLY,RAIN,"DARKNESS, LIGHTED ROAD",TURNING,NOT DIVIDED,STRAIGHT AND LEVEL,WET,NO DEFECTS,NOT ON SCENE (DESK REPORT),NO INJURY / DRIVE AWAY,,"OVER $1,500",2025-07-31T10:20:00.000,NOT APPLICABLE,NOT APPLICABLE,4757,N,KEDZIE AVE,1713,2,NO INDICATION OF INJURY,0,0,0,0,0,4,0,21,4,7,41.9683075821,-87.7083186438,"{'type': 'Point', 'coordinates': [-87.708318643811, 41.968307582098]}",,,,,,,,,,
179aa5fe371600848e049e319ce5eaf8e87ede9f4fcab5e57b07ec570430569caa704e22bf00bd0efa0cab3e4953890c62a94db1f79ae7b1cd6e38c37a309a18,2025-07-30T21:30:00.000,30,TRAFFIC SIGNAL,FUNCTIONING IMPROPERLY,RAIN,"DARKNESS, LIGHTED ROAD",ANGLE,FOUR WAY,STRAIGHT AND LEVEL,WET,UNKNOWN,NOT ON SCENE (DESK REPORT),NO INJURY / DRIVE AWAY,Y,"OVER $1,500",2025-07-30T22:55:00.000,DISREGARDING TRAFFIC SIGNALS,UNABLE TO DETERMINE,1200,S,MICHIGAN AVE,131,2,NO INDICATION OF INJURY,0,0,0,0,0,2,0,21,4,7,41.867377773,-87.6242830157,"{'type': 'Point', 'coordinates': [-87.624283015693, 41.867377772988]}",,,Y,,,,,,,
3561650d01611fe74f7c14509774790913bb4fc16f24ef9780dd3f663a858cc0080d827cb289d9da707af15e712b1ac115d2c13714a9676db0186153ff2d1e23,2025-07-30T21:25:00.000,30,STOP SIGN/FLASHER,FUNCTIONING PROPERLY,RAIN,"DARKNESS, LIGHTED ROAD",ANGLE,FOUR WAY,STRAIGHT AND LEVEL,WET,NO DEFECTS,NOT ON SCENE (DESK REPORT),NO INJURY / DRIVE AWAY,,"$501 - $1,500",2025-07-30T23:19:00.000,FAILING TO YIELD RIGHT-OF-WAY,NOT APPLICABLE,2100,S,LOOMIS ST,1235,2,NO INDICATION OF INJURY,0,0,0,0,0,2,0,21,4,7,41.8542186439,-87.6613641868,"{'type': 'Point', 'coordinates': [-87.661364186835, 41.854218643923]}",,,,,,,,,,
3e6a3d7fc8ac1c86db312586a603141ea76e9373083be5462faa88f017eb212d5e66da4358a7a33802f196172767021558cca26156d7725087605855fc0dc6ff,2025-07-30T21:18:00.000,20,NO CONTROLS,NO CONTROLS,RAIN,"DARKNESS, LIGHTED ROAD",PARKED MOTOR VEHICLE,ONE-WAY,STRAIGHT AND LEVEL,WET,NO DEFECTS,ON SCENE,INJURY AND / OR TOW DUE TO CRASH,,"$501 - $1,500",2025-07-30T21:34:00.000,UNDER THE INFLUENCE OF ALCOHOL/DRUGS (USE WHEN ARREST IS EFFECTED),DRIVING SKILLS/KNOWLEDGE/EXPERIENCE,4132,W,30TH ST,1031,2,NO INDICATION OF INJURY,0,0,0,0,0,2,0,21,4,7,41.8387913261,-87.7281095461,"{'type': 'Point', 'coordinates': [-87.728109546086, 41.838791326056]}",,,,,,,,,,