crash_record_id,crash_date,posted_speed_limit,traffic_control_device,device_condition,weather_condition,lighting_condition,first_crash_type,trafficway_type,alignment,roadway_surface_cond,road_defect,report_type,crash_type,intersection_related_i,damage,date_police_notified,prim_contributory_cause,sec_contributory_cause,street_no,street_direction,street_name,beat_of_occurrence,num_units,most_severe_injury,injuries_total,injuries_fatal,injuries_incapacitating,injuries_non_incapacitating,injuries_reported_not_evident,injuries_no_indication,injuries_unknown,crash_hour,crash_day_of_week,crash_month,latitude,longitude,location,private_property_i,photos_taken_i,hit_and_run_i,statements_taken_i,crash_date_est_i,work_zone_i,work_zone_type,dooring_i,lane_cnt,workers_present_i
b72cea184b72990706e419a7d3084ba6bcbecad09180b9a81ff68c1f6489430a62a54ebf9547af8021266523d153ff76cd3bea4eba0b224c59c4f11a1b481ab2,2025-07-30T21:15:00.000,30,TRAFFIC SIGNAL,FUNCTIONING PROPERLY,UNKNOWN,"DARKNESS, LIGHTED ROAD",PEDALCYCLIST,FOUR WAY,STRAIGHT AND LEVEL,UNKNOWN,UNKNOWN,NOT ON SCENE (DESK REPORT),NO INJURY / DRIVE AWAY,Y,"$501 - $1,500",2025-07-31T21:10:00.000,FAILING TO YIELD RIGHT-OF-WAY,NOT APPLICABLE,801,W,WEBSTER AVE,1812,2,NO INDICATION OF INJURY,0,0,0,0,0,2,0,21,4,7,41.9217061818,-87.6486897318,"{'type': 'Point', 'coordinates': [-87.648689731794, 41.921706181825]}",,,,,,,,,,
c4d36e9c2e648edb25b9377ba99cf4b8b9f433a3288af5338bd70b49f74f2ae33de382395331487c66fb150e546046a4928822745acabb88d69799f8a2ff7c75,2025-07-30T21:15:00.000,25,NO CONTROLS,NO CONTROLS,RAIN,"DARKNESS, LIGHTED ROAD",SIDESWIPE SAME DIRECTION,NOT DIVIDED,STRAIGHT AND LEVEL,WET,UNKNOWN,NOT ON SCENE (DESK REPORT),INJURY AND / OR TOW DUE TO CRASH,,"OVER $1,500",2025-07-30T22:20:00.000,WEATHER,DRIVING SKILLS/KNOWLEDGE/EXPERIENCE,460,W,26TH ST,914,2,NONINCAPACITATING INJURY,1,0,0,1,0,2,0,21,4,7,41.8455363041,-87.6390663164,"{'type': 'Point', 'coordinates': [-87.639066316435, 41.845536304147]}",,,Y,,,,,,,
7bd1d042690fec9e401e9272abea3131e53a2cbc42517accd0d54b97c095311275fdccb7151770ea79d0e5e42ba2b20e1797a033cd2badaaf1ed9b7add90dcd1,2025-07-30T21:10:00.000,30,TRAFFIC SIGNAL,FUNCTIONING PROPERLY,CLEAR,DAYLIGHT,REAR END,DIVIDED - W/MEDIAN (NOT RAISED),STRAIGHT AND LEVEL,WET,NO DEFECTS,NOT ON SCENE (DESK REPORT),NO INJURY / DRIVE AWAY,,$500 OR LESS,2025-08-04T18:00:00.000,FOLLOWING TOO CLOSELY,NOT APPLICABLE,2400,S,DR MARTIN LUTHER KING JR DR,132,2,NO INDICATION OF INJURY,0,0,0,0,0,2,0,21,4,7,41.8492375821,-87.6185348032,"{'type': 'Point', 'coordinates': [-87.618534803247, 41.849237582099]}",,,,,,,,,,
3a03d0a4d4c1cf71915a8be39ead2e823944f58932a1608966a0af7649df9beb9dc49d4717920910fb60beeb4bc7946d0a00762f5b410382d411f71faea9de7c,2025-07-30T21:09:00.000,30,TRAFFIC SIGNAL,FUNCTIONING PROPERLY,RAIN,"DARKNESS, LIGHTED ROAD",ANGLE,FOUR WAY,STRAIGHT AND LEVEL,WET,UNKNOWN,ON SCENE,INJURY AND / OR TOW DUE TO CRASH,,"OVER $1,500",2025-07-30T21:10:00.000,DISREGARDING TRAFFIC SIGNALS,NOT APPLICABLE,3500,S,LA SALLE ST,213,2,NO INDICATION OF INJURY,0,0,0,0,0,2,0,21,4,7,41.8309350952,-87.6299753048,"{'type': 'Point', 'coordinates': [-87.629975304804, 41.830935095228]}",,,,,,,,,,
6afd0b1b1adec9f228ed61cc73e71a20626aca50486d19b311aecd127dcd423aa2b539dcd4f6f419513712f1ed5999d21489c4931e76fe175ebdb9b81504604d,2025-07-30T21:09:00.000,30,NO CONTROLS,NO CONTROLS,RAIN,"DARKNESS, LIGHTED ROAD",SIDESWIPE SAME DIRECTION,ONE-WAY,STRAIGHT AND LEVEL,WET,NO DEFECTS,ON SCENE,NO INJURY / DRIVE AWAY,,"OVER $1,500",2025-07-30T21:15:00.000,UNABLE TO DETERMINE,UNABLE TO DETERMINE,3824,W,CONGRESS PKWY,1133,2,NO INDICATION OF INJURY,0,0,0,0,0,2,0,21,4,7,41.8745330066,-87.7217351056,"{'type': 'Point', 'coordinates': [-87.721735105616, 41.874533006649]}",,,,,,,,,,
d72f591f1eed6e264428e88e73b31279d0dd5b286f0bba25dfedf97ae47dd3f363bb7cafe8bff9f9fd434d0667787ffa0871f4544be2b20d9d0ff8dea98bb8a7,2025-07-30T21:04:00.000,30,TRAFFIC SIGNAL,FUNCTIONING PROPERLY,CLEAR,"DARKNESS, LIGHTED ROAD",PEDESTRIAN,DIVIDED - W/MEDIAN (NOT RAISED),STRAIGHT AND LEVEL,WET,NO DEFECTS,NOT ON SCENE (DESK REPORT),NO INJURY / DRIVE AWAY,,"OVER $1,500",2025-07-30T21:40:00.000,FAILING TO YIELD RIGHT-OF-WAY,FAILING TO YIELD RIGHT-OF-WAY,33,E,GARFIELD BLVD,225,2,NO INDICATION OF INJURY,0,0,0,0,0,2,0,21,4,7,41.7942195032,-87.6244468369,"{'type': 'Point', 'coordinates': [-87.624446836932, 41.79421950322]}",,,,,,,,,,
26ab797d6e426e010add22abfd01203e9b88433904e2a1cb689981002212bd26076bcf2de330ab4362127779d41e6b0bc241876b05d203d671edb0a3ccff23ee,2025-07-30T20:48:00.000,30,TRAFFIC SIGNAL,FUNCTIONING PROPERLY,RAIN,"DARKNESS, LIGHTED ROAD",REAR END,DIVIDED - W/MEDIAN (NOT RAISED),STRAIGHT AND LEVEL,WET,NO DEFECTS,NOT ON SCENE (DESK REPORT),NO INJURY / DRIVE AWAY,Y,"$501 - $1,500",2025-07-31T19:10:00.000,FOLLOWING TOO CLOSELY,UNABLE TO DETERMINE,4600,N,CICERO AVE,1623,2,NO INDICATION OF INJURY,0,0,0,0,0,2,0,20,4,7,41.9644511676,-87.7477764313,"{'type': 'Point', 'coordinates': [-87.747776431281, 41.964451167552]}",,,,,,,,,,
360a78eb5602252ee8189fb62977a4afb89ecd2a70bfb425e35a5d71f465d9bc1a2715692ea13c678a2cdac7718bc6ac26ca8112119824ebaba828fffe581c3f,2025-07-30T20:40:00.000,35,UNKNOWN,UNKNOWN,RAIN,DARKNESS,ANGLE,FOUR WAY,STRAIGHT AND LEVEL,WET,UNKNOWN,NOT ON SCENE (DESK REPORT),INJURY AND / OR TOW DUE TO CRASH,,"OVER $1,500",2025-07-30T20:40:00.000,UNABLE TO DETERMINE,NOT APPLICABLE,5100,S,MICHIGAN AVE,225,2,"REPORTED, NOT EVIDENT",1,0,0,0,1,2,0,20,4,7,41.8018966519,-87.6227933299,"{'type': 'Point', 'coordinates': [-87.622793329906, 41.801896651856]}",,Y,,Y,,,,,,
94e5a3e36a2623d973b6e1c3903207b5afffb303410ca742b9dc6089a4f63c4254cd1b02e55c7e6eaa6478002c1ae061c9e3e5fd52aa98829c69bd782addf0df,2025-07-30T20:40:00.000,30,NO CONTROLS,NO CONTROLS,CLEAR,"DARKNESS, LIGHTED ROAD",OTHER OBJECT,PARKING LOT,STRAIGHT AND LEVEL,DRY,NO DEFECTS,NOT ON SCENE (DESK REPORT),NO INJURY / DRIVE AWAY,,"OVER $1,500",2025-07-30T23:00:00.000,UNABLE TO DETERMINE,UNABLE TO DETERMINE,25,N,MICHIGAN AVE,114,1,NO INDICATION OF INJURY,0,0,0,0,0,1,0,20,4,7,41.882670497,-87.6242415386,"{'type': 'Point', 'coordinates': [-87.624241538569, 41.882670496958]}",,,,,,,,,,
bf5c1555d6b742e8649fbc22cc82f411ccc1220e4dfe502287a11f55428aba3b43287ba384e444b07e29b902d80c8a702acd796c7a0d0c0a12d5274f0365caba,2025-07-30T20:39:00.000,30,STOP SIGN/FLASHER,NO CONTROLS,RAIN,DARKNESS,ANGLE,FOUR WAY,STRAIGHT AND LEVEL,WET,NO DEFECTS,ON SCENE,NO INJURY / DRIVE AWAY,,"$501 - $1,500",2025-07-30T20:45:00.000,UNABLE TO DETERMINE,UNABLE TO DETERMINE,5298,W,DIVERSEY AVE,2514,2,NO INDICATION OF INJURY,0,0,0,0,0,2,0,20,4,7,41.9314801686,-87.7587520833,"{'type': 'Point', 'coordinates': [-87.758752083279, 41.931480168569]}",,,Y,,,,,,,
5a39fa616349f8412abe888c33875c26f52f70767e10b017a248351c7027e2e2495138ece89a72c0b5db0b8b0586c878338fba7040baa822c530a5b92ebd27b0,2025-07-30T20:35:00.000,30,NO CONTROLS,NO CONTROLS,RAIN,"DARKNESS, LIGHTED ROAD",PARKED MOTOR VEHICLE,OTHER,STRAIGHT AND LEVEL,WET,UNKNOWN,ON SCENE,NO INJURY / DRIVE AWAY,,"OVER $1,500",2025-07-30T20:35:00.000,UNABLE TO DETERMINE,UNABLE TO DETERMINE,1700,W,THOME AVE,2433,2,NO INDICATION OF INJURY,0,0,0,0,0,1,0,20,4,7,41.9957283084,-87.6719989722,"{'type': 'Point', 'coordinates': [-87.671998972201, 41.995728308437]}",,,Y,,,,,,,
8ef87e1881314661d6c875b7a30ed7131cff95082ead1aac554c3cb7a8816040eb860e77b2750adf244d4a0826ef1a5047fbe63024e88c72f48d754d3f9bd0e1,2025-07-30T20:30:00.000,30,TRAFFIC SIGNAL,FUNCTIONING PROPERLY,CLEAR,"DARKNESS, LIGHTED ROAD",TURNING,NOT DIVIDED,STRAIGHT AND LEVEL,DRY,UNKNOWN,NOT ON SCENE (DESK REPORT),NO INJURY / DRIVE AWAY,,"OVER $1,500",2025-07-31T19:20:00.000,FAILING TO YIELD RIGHT-OF-WAY,NOT APPLICABLE,2000,N,ASHLAND AVE,1432,2,NO INDICATION OF INJURY,0,0,0,0,0,2,0,20,4,7,41.9179425133,-87.6681134635,"{'type': 'Point', 'coordinates': [-87.668113463493, 41.917942513293]}",,,,,Y,,,,,
c86eee62a1f45cb390f9bd5bdc5571a7c8261b0afe56feb6d0d7add8e1808ee454c8cc6459ab4e6e2f69e6a5901c58f0b6a92c4134f983ec2fa2694aad1dd602,2025-07-30T20:30:00.000,10,NO CONTROLS,NO CONTROLS,CLEAR,DUSK,PARKED MOTOR VEHICLE,PARKING LOT,STRAIGHT AND LEVEL,DRY,UNKNOWN,NOT ON SCENE (DESK REPORT),NO INJURY / DRIVE AWAY,,$500 OR LESS,2025-07-31T12:05:00.000,IMPROPER BACKING,NOT APPLICABLE,10900,S,DOTY AVE W,513,2,NO INDICATION OF INJURY,0,0,0,0,0,2,0,20,4,7,41.696313684,-87.5966322439,"{'type': 'Point', 'coordinates': [-87.596632243933, 41.696313683973]}",,,Y,,,,,,,
d6160b4eb73c3dcce06ffcfefcb39c6d643eb61804039462398018beb6a81b678e506c1fbf8b0326a60286bf8cf9126d7e599a0bca4a069d0b26152541c3c6fd,2025-07-30T20:20:00.000,20,NO CONTROLS,NO CONTROLS,RAIN,DARKNESS,FIXED OBJECT,NOT DIVIDED,STRAIGHT AND LEVEL,WET,NO DEFECTS,ON SCENE,INJURY AND / OR TOW DUE TO CRASH,,"OVER $1,500",2025-07-30T20:29:00.000,UNABLE TO DETERMINE,UNABLE TO DETERMINE,528,E,90TH ST,633,2,NO INDICATION OF INJURY,0,0,0,0,0,1,0,20,4,7,41.731191064,-87.6107876355,"{'type': 'Point', 'coordinates': [-87.61078763548, 41.731191063981]}",,,,,,,,,,
ee106c7caca4a917d94c5be97cdfd6e8efec37dfc77558e9809448ff806d92206aa535d236c690d49fad31dc334d99599a4624f702b1053b6bba106229925d81,2025-07-30T20:20:00.000,30,TRAFFIC SIGNAL,FUNCTIONING PROPERLY,RAIN,"DARKNESS, LIGHTED ROAD",PEDESTRIAN,FOUR WAY,STRAIGHT AND LEVEL,WET,NO DEFECTS,NOT ON SCENE (DESK REPORT),INJURY AND / OR TOW DUE TO CRASH,Y,"OVER $1,500",2025-07-30T21:30:00.000,FAILING TO YIELD RIGHT-OF-WAY,WEATHER,342,N,CICERO AVE,1532,2,NONINCAPACITATING INJURY,1,0,0,1,0,1,0,20,4,7,41.8865896099,-87.7456441585,"{'type': 'Point', 'coordinates': [-87.745644158533, 41.886589609947]}",,,,,,,,,,
7360ac6bf534deb16b922d5b118db5f718d56207f2ebf051c71de7fb47f9fbaffd2a65effdbeab684b343f1dff39302c3e0864866fe1574c1deb671d230f32fa,2025-07-30T20:15:00.000,30,TRAFFIC SIGNAL,FUNCTIONING PROPERLY,RAIN,"DARKNESS, LIGHTED ROAD",REAR END,DIVIDED - W/MEDIAN (NOT RAISED),STRAIGHT AND LEVEL,WET,NO DEFECTS,NOT ON SCENE (DESK REPORT),INJURY AND / OR TOW DUE TO CRASH,,"OVER $1,500",2025-07-30T22:00:00.000,FAILING TO REDUCE SPEED TO AVOID CRASH,NOT APPLICABLE,2401,W,ROSCOE ST,1921,2,NONINCAPACITATING INJURY,1,0,0,1,0,1,0,20,4,7,41.94298696,-87.6882523533,"{'type': 'Point', 'coordinates': [-87.688252353272, 41.94298696003]}",,,,,,,,,,
c87addf2a3005c16bafc1afca3b5448ef71c27648e7a4f0fc7ac93fca57f3a278a2014faeb2db9634f55855417479d0d06ff256b7568612622181029d7ed6979,2025-07-30T20:14:00.000,30,NO CONTROLS,NO CONTROLS,CLEAR,DUSK,PEDESTRIAN,NOT DIVIDED,STRAIGHT AND LEVEL,WET,NO DEFECTS,ON SCENE,INJURY AND / OR TOW DUE TO CRASH,,$500 OR LESS,2025-07-30T20:14:00.000,NOT APPLICABLE,NOT APPLICABLE,2704,E,83RD ST,423,2,NONINCAPACITATING INJURY,1,0,0,1,0,1,0,20,4,7,41.744669993,-87.558606093,"{'type': 'Point', 'coordinates': [-87.558606092951, 41.744669992952]}",,,,,,,,,,
ab0ae0530f461464d13e26146f25b06ee963c34561f84480a695585790d6076e8110f41c2cd76457ed5dd1170217b8e06eb47395b2f609239acafe474f2c57d1,2025-07-30T20:10:00.000,30,STOP SIGN/FLASHER,FUNCTIONING PROPERLY,RAIN,"DARKNESS, LIGHTED ROAD",ANGLE,DIVIDED - W/MEDIAN (NOT RAISED),STRAIGHT AND LEVEL,WET,NO DEFECTS,ON SCENE,NO INJURY / DRIVE AWAY,N,$500 OR LESS,2025-07-30T20:13:00.000,FAILING TO YIELD RIGHT-OF-WAY,FAILING TO YIELD RIGHT-OF-WAY,2901,N,CENTRAL AVE,2514,2,NO INDICATION OF INJURY,0,0,0,0,0,2,0,20,4,7,41.9331942648,-87.7661656985,"{'type': 'Point', 'coordinates': [-87.766165698471, 41.933194264849]}",,,,,,,,,,
81ae69ae8cc31bec816d4d381a7fb2c6910c2834eff42ee6b23172b8e43ea955b674a17b52aa6f3b21ebadebab16e2b2c458b1ad9c095d0a99d6ee0822db0b9b,2025-07-30T20:00:00.000,30,OTHER,OTHER,RAIN,"DARKNESS, LIGHTED ROAD",ANGLE,FOUR WAY,STRAIGHT AND LEVEL,WET,UNKNOWN,NOT ON SCENE (DESK REPORT),INJURY AND / OR TOW DUE TO CRASH,Y,"$501 - $1,500",2025-07-30T21:00:00.000,FAILING TO YIELD RIGHT-OF-WAY,FAILING TO YIELD RIGHT-OF-WAY,434,N,HALSTED ST,1214,2,"REPORTED, NOT EVIDENT",1,0,0,0,1,1,0,20,4,7,41.890077898,-87.6477560898,"{'type': 'Point', 'coordinates': [-87.647756089786, 41.89007789797]}",,,,,,,,,,
b6953deb29f4cc27ac2c1a68b347465bb52040f82921b235bbca999eca34dcd34aa3e53a0c2e71b2201573f0a034eac12945a56a8259f49314099ba7431784c4,2025-07-30T20:00:00.000,30,NO CONTROLS,NO CONTROLS,RAIN,"DARKNESS, LIGHTED ROAD",PARKED MOTOR VEHICLE,PARKING LOT,STRAIGHT AND LEVEL,WET,UNKNOWN,NOT ON SCENE (DESK REPORT),NO INJURY / DRIVE AWAY,,"OVER $1,500",2025-07-30T21:35:00.000,UNABLE TO DETERMINE,IMPROPER BACKING,3132,W,26TH ST,1033,2,NO INDICATION OF INJURY,0,0,0,0,0,1,0,20,4,7,41.8446400036,-87.70387455,"{'type': 'Point', 'coordinates': [-87.703874549971, 41.844640003582]}",,,Y,,,,,,,
f4bf8cd9adedf4412069475c17150c65910d0394e98020483f2738fe8476752ff755b2d41b45744f69dd18302831dc119020e817c07f36742b5972f96cad46db,2025-07-30T20:00:00.000,30,TRAFFIC SIGNAL,FUNCTIONING PROPERLY,RAIN,"DARKNESS, LIGHTED ROAD",ANGLE,NOT DIVIDED,STRAIGHT AND LEVEL,WET,NO DEFECTS,NOT ON SCENE (DESK REPORT),NO INJURY / DRIVE AWAY,Y,"OVER $1,500",2025-07-31T17:33:00.000,FAILING TO YIELD RIGHT-OF-WAY,UNABLE TO DETERMINE,7180,W,GRAND AVE,2512,2,NO INDICATION OF INJURY,0,0,0,0,0,2,0,20,4,7,41.9240211796,-87.8056244063,"{'type': 'Point', 'coordinates': [-87.805624406301, 41.92402117963]}",,,,,,,,,,
9463efd3e00ec386512bb534f79fb72513c8f9be49b686311d3268dabf739010d66b8d52a04ddbe748215c07d00197fe72f8601e11f3c0083a794806afbd159e,2025-07-30T19:52:00.000,15,NO CONTROLS,NO CONTROLS,CLEAR,UNKNOWN,PARKED MOTOR VEHICLE,PARKING LOT,STRAIGHT AND LEVEL,DRY,NO DEFECTS,NOT ON SCENE (DESK REPORT),NO INJURY / DRIVE AWAY,,"OVER $1,500",2025-07-31T01:00:00.000,UNABLE TO DETERMINE,UNABLE TO DETERMINE,1032,W,WASHINGTON BLVD,1224,2,NO INDICATION OF INJURY,0,0,0,0,0,1,0,19,4,7,41.8831516186,-87.6532955427,"{'type': 'Point', 'coordinates': [-87.653295542737, 41.883151618641]}",,,Y,,Y,,,,,
647e5627146ee783eb7f4e912791ff6f1718c550dda3cf76aa1df5d1856da58ac3c518bbea911eabdb618ab6b895a6e4ef5e5adc389112b1f2fde9b8b90a6cde,2025-07-30T19:50:00.000,30,STOP SIGN/FLASHER,FUNCTIONING PROPERLY,CLEAR,DAYLIGHT,TURNING,T-INTERSECTION,STRAIGHT AND LEVEL,DRY,NO DEFECTS,ON SCENE,INJURY AND / OR TOW DUE TO CRASH,Y,"OVER $1,500",2025-07-30T19:54:00.000,FOLLOWING TOO CLOSELY,NOT APPLICABLE,500,W,16TH ST,124,2,NO INDICATION OF INJURY,0,0,0,0,0,2,0,19,4,7,41.8601261493,-87.6391136363,"{'type': 'Point', 'coordinates': [-87.639113636319, 41.860126149344]}",,,,,,,,,,
652f277eda4eee8353715d0f4190ee9aaa9416e94782069f8ec9d05adc68e5e5d0193af8bcff85af53af37f6c7c4a60076dfd5829029c9f2eebd6c8bfceb28b1,2025-07-30T19:40:00.000,30,TRAFFIC SIGNAL,UNKNOWN,UNKNOWN,UNKNOWN,TURNING,NOT DIVIDED,STRAIGHT AND LEVEL,UNKNOWN,UNKNOWN,NOT ON SCENE (DESK REPORT),INJURY AND / OR TOW DUE TO CRASH,,"OVER $1,500",2025-07-30T19:59:00.000,FAILING TO YIELD RIGHT-OF-WAY,FAILING TO YIELD RIGHT-OF-WAY,4140,W,BELMONT AVE,1731,2,NO INDICATION OF INJURY,0,0,0,0,0,4,0,19,4,7,41.9391523735,-87.7312511604,"{'type': 'Point', 'coordinates': [-87.73125116043, 41.939152373541]}",,,,,,,,,,
bfef116727dc1e630b70fd6cc2fb332ed37925eb74c36a8a24b71a91b673151c100ab21095fdb38e4f24c8427a7e33ff596a6c71b9b485fff6f0a0cc6271b3f8,2025-07-30T19:24:00.000,30,NO CONTROLS,NO CONTROLS,CLOUDY/OVERCAST,DAWN,HEAD ON,NOT DIVIDED,STRAIGHT AND LEVEL,UNKNOWN,UNKNOWN,ON SCENE,NO INJURY / DRIVE AWAY,,"OVER $1,500",2025-07-30T19:24:00.000,IMPROPER LANE USAGE,IMPROPER LANE USAGE,2453,W,DEVON AVE,2413,3,NO INDICATION OF INJURY,0,0,0,0,0,3,0,19,4,7,41.9975861168,-87.6920046207,"{'type': 'Point', 'coordinates': [-87.692004620745, 41.997586116771]}",,,,,,,,,,
94f1d52ab4e3364d26eff277b652a0b64a38541a5144458b936b2aa65f01f18bfb95f86d1510e00eb3bba40ab0510021fbcd6cd29f5889754aaa10198612ccdf,2025-07-30T19:15:00.000,25,NO CONTROLS,NO CONTROLS,CLOUDY/OVERCAST,DAYLIGHT,SIDESWIPE SAME DIRECTION,NOT DIVIDED,STRAIGHT AND LEVEL,DRY,NO DEFECTS,NOT ON SCENE (DESK REPORT),NO INJURY / DRIVE AWAY,,"OVER $1,500",2025-07-30T19:30:00.000,IMPROPER LANE USAGE,NOT APPLICABLE,1524,W,111TH ST,2234,2,NO INDICATION OF INJURY,0,0,0,0,0,2,0,19,4,7,41.6922336267,-87.6613211798,"{'type': 'Point', 'coordinates': [-87.661321179836, 41.692233626712]}",,,Y,,,,,,,
334f4ea8d81c74839ddc82837427b5ffd7b42ab0d431a7d322bdc25f105078f39b548d527d523615639e1fbdf1ce2f100e67a9acfc1abc956e6b0ef9226c4804,2025-07-30T19:11:00.000,30,NO CONTROLS,NO CONTROLS,CLEAR,DAYLIGHT,TURNING,T-INTERSECTION,STRAIGHT AND LEVEL,DRY,WORN SURFACE,,INJURY AND / OR TOW DUE TO CRASH,Y,"OVER $1,500",2025-07-30T19:13:00.000,FAILING TO REDUCE SPEED TO AVOID CRASH,FAILING TO REDUCE SPEED TO AVOID CRASH,5700,N,WESTERN AVE,2011,2,NO INDICATION OF INJURY,0,0,0,0,0,3,0,19,4,7,41.9850781766,-87.6896416748,"{'type': 'Point', 'coordinates': [-87.689641674772, 41.985078176592]}",,,Y,,,,,,,
617354eabff7b5132e83c21820727343aa1f822d8adda36a7b49fd2dcf505319dbce249bb34f3e9e184e6ed543fe5c303d8ba07b5f7e5ff80b1460f333697373,2025-07-30T19:10:00.000,30,NO CONTROLS,NO CONTROLS,CLEAR,DAYLIGHT,SIDESWIPE SAME DIRECTION,DIVIDED - W/MEDIAN (NOT RAISED),STRAIGHT AND LEVEL,DRY,NO DEFECTS,NOT ON SCENE (DESK REPORT),NO INJURY / DRIVE AWAY,,"OVER $1,500",2025-07-30T19:50:00.000,UNABLE TO DETERMINE,NOT APPLICABLE,1135,W,18TH ST,1235,2,NO INDICATION OF INJURY,0,0,0,0,0,2,0,19,4,7,41.8578728946,-87.6546978002,"{'type': 'Point', 'coordinates': [-87.654697800191, 41.857872894587]}",,,,,,,,,,
b3701c1622caa0a6bac69bd0f808956aebb202e9946e79be86569af4c8257370b0d71934c2d8f01b178a1758552fccc086e97deed6052e7c01354f8fab5b54da,2025-07-30T19:06:00.000,30,NO CONTROLS,NO CONTROLS,CLOUDY/OVERCAST,DAYLIGHT,TURNING,NOT DIVIDED,STRAIGHT AND LEVEL,DRY,NO DEFECTS,ON SCENE,INJURY AND / OR TOW DUE TO CRASH,,"OVER $1,500",2025-07-30T19:06:00.000,FAILING TO YIELD RIGHT-OF-WAY,NOT APPLICABLE,5624,N,BROADWAY,2013,2,NONINCAPACITATING INJURY,1,0,0,1,0,1,0,19,4,7,41.9843969469,-87.6602397139,"{'type': 'Point', 'coordinates': [-87.660239713857, 41.984396946898]}",,,,,,,,,,
cbb7a33735fa967812dea74e658a8dd8867fc391a5263e8631935dc14fdb4cd3f17035b2216c1d610279ea4601e7a350903059ab49bdc12e59629b56eabce525,2025-07-30T19:06:00.000,30,TRAFFIC SIGNAL,FUNCTIONING PROPERLY,CLEAR,DAYLIGHT,PEDALCYCLIST,NOT DIVIDED,STRAIGHT AND LEVEL,DRY,UNKNOWN,ON SCENE,NO INJURY / DRIVE AWAY,,"$501 - $1,500",2025-07-30T19:10:00.000,UNABLE TO DETERMINE,UNABLE TO DETERMINE,5600,N,CUMBERLAND AVE,1614,2,NO INDICATION OF INJURY,0,0,0,0,0,3,0,19,4,7,41.9812056652,-87.8367285543,"{'type': 'Point', 'coordinates': [-87.836728554311, 41.981205665225]}",,,,,,,,,,
1f21c8dda1b184919d8f05dbcae85ffa12fdfccd565d65a3fafde45d1a8b939f17323aea7cf8b2e46d1cd8aab52940db83c73bf19df910ef0f3cf91e7ab5bbeb,2025-07-30T19:03:00.000,30,STOP SIGN/FLASHER,FUNCTIONING PROPERLY,RAIN,DAYLIGHT,REAR TO SIDE,FOUR WAY,STRAIGHT AND LEVEL,WET,UNKNOWN,ON SCENE,NO INJURY / DRIVE AWAY,,"OVER $1,500",2025-07-30T19:03:00.000,DISREGARDING STOP SIGN,WEATHER,10600,S,AVENUE J,432,2,NO INDICATION OF INJURY,0,0,0,0,0,2,0,19,4,7,41.7026370435,-87.534227373,"{'type': 'Point', 'coordinates': [-87.534227372979, 41.702637043466]}",,,N,,,,,,,
ed3d38c7fe28aaa40901b100105bd4df7b29901666f9af1651864390aff94d6a89d0a3373cb818c669a75615f9a80f5f8e4ca179bf9f7ecc4c2d511fb28426a1,2025-07-30T19:03:00.000,30,NO CONTROLS,NO CONTROLS,RAIN,"DARKNESS, LIGHTED ROAD",ANGLE,ONE-WAY,STRAIGHT AND LEVEL,WET,NO DEFECTS,ON SCENE,NO INJURY / DRIVE AWAY,,"OVER $1,500",2025-07-30T19:38:00.000,NOT APPLICABLE,UNABLE TO DETERMINE,2531,S,SACRAMENTO AVE,1033,2,NO INDICATION OF INJURY,0,0,0,0,0,4,0,19,4,7,41.8455590491,-87.7000245093,"{'type': 'Point', 'coordinates': [-87.700024509297, 41.845559049141]}",,,,,,,,,,
f2ef36ae51f192c21bf1c4e8d72425afcf3127ff2a65039992c50fa55b35f029db0cca23b2127156f6249c63b9b98a15a0bd3e73ae40788780631141686cc8a7,2025-07-30T19:02:00.000,30,DELINEATORS,NO CONTROLS,CLEAR,DAYLIGHT,SIDESWIPE SAME DIRECTION,ONE-WAY,STRAIGHT AND LEVEL,DRY,NO DEFECTS,NOT ON SCENE (DESK REPORT),NO INJURY / DRIVE AWAY,,"OVER $1,500",2025-07-30T20:11:00.000,IMPROPER LANE USAGE,FAILING TO YIELD RIGHT-OF-WAY,617,N,ORLEANS ST,1831,2,NO INDICATION OF INJURY,0,0,0,0,0,2,0,19,4,7,41.8929713294,-87.6369267728,"{'type': 'Point', 'coordinates': [-87.636926772781, 41.892971329366]}",,,,,,,,,,
e12baedf4f2909ba764823a8a1a48208f90c97a1d3f35981a45bb11f3215dcbfa12783e8920f838d604b906096ac353aece4190a18b96ac07c77cb449a88b6db,2025-07-30T19:01:00.000,30,TRAFFIC SIGNAL,FUNCTIONING PROPERLY,RAIN,DAYLIGHT,REAR END,NOT DIVIDED,STRAIGHT AND LEVEL,WET,NO DEFECTS,ON SCENE,INJURY AND / OR TOW DUE TO CRASH,,"OVER $1,500",2025-07-30T19:04:00.000,FOLLOWING TOO CLOSELY,WEATHER,1334,W,59TH ST,713,2,"REPORTED, NOT EVIDENT",3,0,0,0,3,2,0,19,4,7,41.7869405452,-87.6584809149,"{'type': 'Point', 'coordinates': [-87.658480914894, 41.786940545211]}",,,,,,,,,,
03c33d83402bb2b4e9d5c82c492624d6f1557b06e533b18c292019933452b070b5f0e4413c0b4c3ddc790c8599f915a72b740aafe1da2a7091de44f10f2b2b59,2025-07-30T19:00:00.000,30,NO CONTROLS,NO CONTROLS,RAIN,DAWN,SIDESWIPE SAME DIRECTION,ONE-WAY,STRAIGHT AND LEVEL,WET,UNKNOWN,NOT ON SCENE (DESK REPORT),NO INJURY / DRIVE AWAY,,"OVER $1,500",2025-07-30T19:30:00.000,IMPROPER TURNING/NO SIGNAL,IMPROPER TURNING/NO SIGNAL,171,E,58TH ST,232,2,NO INDICATION OF INJURY,0,0,0,0,0,3,0,19,4,7,41.7891579794,-87.6207827733,"{'type': 'Point', 'coordinates': [-87.620782773293, 41.78915797938]}",,,,,,,,,,