crash_record_id,crash_date,posted_speed_limit,traffic_control_device,device_condition,weather_condition,lighting_condition,first_crash_type,trafficway_type,alignment,roadway_surface_cond,road_defect,report_type,crash_type,intersection_related_i,damage,date_police_notified,prim_contributory_cause,sec_contributory_cause,street_no,street_direction,street_name,beat_of_occurrence,num_units,most_severe_injury,injuries_total,injuries_fatal,injuries_incapacitating,injuries_non_incapacitating,injuries_reported_not_evident,injuries_no_indication,injuries_unknown,crash_hour,crash_day_of_week,crash_month,latitude,longitude,location,private_property_i,photos_taken_i,hit_and_run_i,statements_taken_i,crash_date_est_i,work_zone_i,work_zone_type,dooring_i,lane_cnt,workers_present_i
29a050be55398eff078043149cea31f9676966f282477fb8f14e50e7f5409ac2dda23d83ae109a57fe69cdedb557e6808b79bc371514f5451159ae853dcd60e7,2025-07-30T19:00:00.000,30,NO CONTROLS,NO CONTROLS,CLEAR,DAWN,PARKED MOTOR VEHICLE,NOT DIVIDED,STRAIGHT AND LEVEL,DRY,NO DEFECTS,ON SCENE,NO INJURY / DRIVE AWAY,,"OVER $1,500",2025-07-30T19:05:00.000,UNABLE TO DETERMINE,UNABLE TO DETERMINE,1836,N,KIMBALL AVE,1422,2,NO INDICATION OF INJURY,0,0,0,0,0,1,0,19,4,7,41.914800623,-87.7119832534,"{'type': 'Point', 'coordinates': [-87.711983253407, 41.914800622999]}",,,Y,,,,,,,
b5bf39b2eec66ef5a79ecadb21d36c6084491f3386875f679cbe199fdb3aba543b573f7d1a934e290b3e5564b638089000d1bd8caad8bf52f9b52c21c80ca33b,2025-07-30T19:00:00.000,30,NO CONTROLS,NO CONTROLS,CLEAR,DUSK,TURNING,DIVIDED - W/MEDIAN (NOT RAISED),STRAIGHT AND LEVEL,DRY,NO DEFECTS,NOT ON SCENE (DESK REPORT),INJURY AND / OR TOW DUE TO CRASH,,"OVER $1,500",2025-07-30T19:34:00.000,UNABLE TO DETERMINE,UNABLE TO DETERMINE,3935,S,ARCHER AVE,921,2,"REPORTED, NOT EVIDENT",1,0,0,0,1,1,0,19,4,7,41.8220302749,-87.6910659554,"{'type': 'Point', 'coordinates': [-87.691065955426, 41.822030274871]}",,,,,,,,,,
c3fc1530b5489ad900205854869b5408f17cb51057e2b37ac6a28dcb7bd16c3fa1b4125cdb44baf57fc9e33b8a4659670a62923f0f89563c6e9e536ed5e3a433,2025-07-30T19:00:00.000,30,NO CONTROLS,NO CONTROLS,UNKNOWN,UNKNOWN,PARKED MOTOR VEHICLE,NOT DIVIDED,STRAIGHT AND LEVEL,UNKNOWN,NO DEFECTS,NOT ON SCENE (DESK REPORT),NO INJURY / DRIVE AWAY,,"OVER $1,500",2025-07-30T20:15:00.000,UNABLE TO DETERMINE,UNABLE TO DETERMINE,3133,S,LAWNDALE AVE,1032,2,NO INDICATION OF INJURY,0,0,0,0,0,1,0,19,4,7,41.8360176973,-87.7168557681,"{'type': 'Point', 'coordinates': [-87.716855768088, 41.836017697252]}",,,Y,,Y,,,,,
725666ff7c7cee215dfe286fe63e73cc88cbb52d665210166fd83b0ef4375e92e264ea529617924e3579a72646db9a54785e7440f685be10dcb16079298682a5,2025-07-30T18:52:00.000,30,NO CONTROLS,NO CONTROLS,RAIN,DAYLIGHT,FIXED OBJECT,NOT DIVIDED,STRAIGHT AND LEVEL,WET,NO DEFECTS,ON SCENE,INJURY AND / OR TOW DUE TO CRASH,,"$501 - $1,500",2025-07-30T18:53:00.000,PHYSICAL CONDITION OF DRIVER,NOT APPLICABLE,3141,N,KIMBALL AVE,1412,1,INCAPACITATING INJURY,1,0,1,0,0,2,0,18,4,7,41.9386834137,-87.7123167114,"{'type': 'Point', 'coordinates': [-87.712316711424, 41.938683413657]}",Y,,,,,,,,,
0678ef836d388df0365e75cd98ae8c65c4582636ba99e8d359aa264995bdae0cb5cf7b39824699872b50dcc0a9ea65d39dbc98ff418c02a915f0c9815173071d,2025-07-30T18:33:00.000,0,NO CONTROLS,NO CONTROLS,CLEAR,DAYLIGHT,PEDALCYCLIST,UNKNOWN INTERSECTION TYPE,STRAIGHT AND LEVEL,DRY,NO DEFECTS,ON SCENE,NO INJURY / DRIVE AWAY,,$500 OR LESS,2025-07-30T18:33:00.000,UNABLE TO DETERMINE,NOT APPLICABLE,1910,W,FULLERTON AVE,1432,2,NO INDICATION OF INJURY,0,0,0,0,0,2,0,18,4,7,41.9251564407,-87.676293521,"{'type': 'Point', 'coordinates': [-87.676293521004, 41.925156440725]}",,,,,,,,,,
b0ba57f201cbc5452dcb69f260001ccc3940a0d6a69ae8b4b986e4c0e49470eb71e4144ae658dd459c8d35fe60831b5f34e2f953032de9ca98e5343dc888421e,2025-07-30T18:31:00.000,30,STOP SIGN/FLASHER,FUNCTIONING PROPERLY,CLEAR,DAYLIGHT,REAR TO SIDE,DIVIDED - W/MEDIAN (NOT RAISED),STRAIGHT AND LEVEL,DRY,NO DEFECTS,NOT ON SCENE (DESK REPORT),NO INJURY / DRIVE AWAY,,"OVER $1,500",2025-07-30T21:45:00.000,IMPROPER OVERTAKING/PASSING,IMPROPER OVERTAKING/PASSING,1141,N,HALSTED ST,1822,2,NO INDICATION OF INJURY,0,0,0,0,0,2,0,18,4,7,41.9027503708,-87.6479002555,"{'type': 'Point', 'coordinates': [-87.647900255539, 41.902750370783]}",,,,,,,,,,
07264b690b483978c670889e75ba28b5da8024062b47ed6708892b2afce80a9995e862c2a9e687547a5f5d2af5975574df3dd8911a25be672fd9a9714c48f698,2025-07-30T18:30:00.000,30,TRAFFIC SIGNAL,FUNCTIONING PROPERLY,CLEAR,DAYLIGHT,PEDESTRIAN,NOT DIVIDED,STRAIGHT AND LEVEL,DRY,WORN SURFACE,ON SCENE,INJURY AND / OR TOW DUE TO CRASH,,$500 OR LESS,2025-07-30T18:30:00.000,NOT APPLICABLE,NOT APPLICABLE,4049,S,CALIFORNIA AVE,921,2,NONINCAPACITATING INJURY,1,0,0,1,0,2,0,18,4,7,41.81945368,-87.6944017448,"{'type': 'Point', 'coordinates': [-87.694401744802, 41.819453680046]}",,,,,,,,,,
5848fedc60d281c1069f7746617d42a7f7412c90a9435ca3989cf7e259de164ed424fe1ebba00f15f78711cba42cf7b16bdea288c4f65a46220ebc817dc1953a,2025-07-30T18:30:00.000,30,NO CONTROLS,NO CONTROLS,CLEAR,DAYLIGHT,HEAD ON,NOT DIVIDED,STRAIGHT AND LEVEL,DRY,NO DEFECTS,NOT ON SCENE (DESK REPORT),NO INJURY / DRIVE AWAY,Y,"OVER $1,500",2025-07-30T19:30:00.000,UNABLE TO DETERMINE,NOT APPLICABLE,6319,S,TROY ST,823,2,NO INDICATION OF INJURY,0,0,0,0,0,3,0,18,4,7,41.7783733826,-87.7017540245,"{'type': 'Point', 'coordinates': [-87.701754024507, 41.778373382558]}",,,,,,,,,,
99602841a5ed45ca1fa2b65522d06eb5713df1835d54ae64f5e0d48e645a71b5674aa22c236f82e99d0c9376ed84819c9e1c3fdadcaca0e0e4383421e93699bd,2025-07-30T18:27:00.000,30,UNKNOWN,UNKNOWN,OTHER,DAYLIGHT,PARKED MOTOR VEHICLE,DIVIDED - W/MEDIAN (NOT RAISED),STRAIGHT AND LEVEL,OTHER,UNKNOWN,ON SCENE,NO INJURY / DRIVE AWAY,,"OVER $1,500",2025-07-30T18:46:00.000,UNABLE TO DETERMINE,UNABLE TO DETERMINE,1119,S,CENTRAL PARK AVE,1133,2,NO INDICATION OF INJURY,0,0,0,0,0,1,0,18,4,7,41.8674626722,-87.715306353,"{'type': 'Point', 'coordinates': [-87.715306353017, 41.867462672191]}",,,,,,,,,,
02e4fa1dd7161982f3fc7007babdcf1d20ced8f60845c42dd858b74ff831515793705a38785bd5a146d76419c27a29a032f486e965fc315b1abd1b0d099d72ac,2025-07-30T18:20:00.000,30,UNKNOWN,UNKNOWN,RAIN,DAYLIGHT,REAR END,NOT DIVIDED,STRAIGHT AND LEVEL,UNKNOWN,UNKNOWN,NOT ON SCENE (DESK REPORT),NO INJURY / DRIVE AWAY,,"OVER $1,500",2025-07-30T19:30:00.000,UNABLE TO DETERMINE,UNABLE TO DETERMINE,810,W,KINZIE ST,1214,2,NO INDICATION OF INJURY,0,0,0,0,0,2,0,18,4,7,41.8891548487,-87.6479786155,"{'type': 'Point', 'coordinates': [-87.647978615504, 41.889154848698]}",,,,,,,,,,
4b15f8707414d36311cac74e4a2c8d5412275d88ac1166533ea6e308f6f2eb40c3f0cf5d2487bda72ea07abaffd68c23f2382d2d73dec6c36c11976253ccca51,2025-07-30T18:20:00.000,30,NO CONTROLS,NO CONTROLS,RAIN,DAYLIGHT,SIDESWIPE SAME DIRECTION,FOUR WAY,STRAIGHT AND LEVEL,WET,NO DEFECTS,ON SCENE,NO INJURY / DRIVE AWAY,,"$501 - $1,500",2025-07-30T18:50:00.000,FAILING TO YIELD RIGHT-OF-WAY,NOT APPLICABLE,1600,W,18TH ST,1234,2,NO INDICATION OF INJURY,0,0,0,0,0,2,0,18,4,7,41.8579019844,-87.6661809529,"{'type': 'Point', 'coordinates': [-87.66618095292, 41.857901984402]}",,,,,,,,,,
8235ad1dc6eae6d8e1b83dd9be82a848336b65b3e65c12dd2865c97cc12e523dbcc8ffdf37b1046074a55eb327460c85b04cf417eb446b3bc696ba60629997d3,2025-07-30T18:17:00.000,30,NO CONTROLS,NO CONTROLS,CLEAR,DAYLIGHT,REAR END,ONE-WAY,STRAIGHT AND LEVEL,DRY,NO DEFECTS,NOT ON SCENE (DESK REPORT),NO INJURY / DRIVE AWAY,,"OVER $1,500",2025-07-30T22:50:00.000,FOLLOWING TOO CLOSELY,FOLLOWING TOO CLOSELY,108,W,GRAND AVE,1831,2,NO INDICATION OF INJURY,0,0,0,0,0,6,0,18,4,7,41.8917305369,-87.6315512142,"{'type': 'Point', 'coordinates': [-87.63155121422, 41.891730536855]}",,,,,,,,,,
0bf1f9c9eb0bc023497ffbd0dd6581b4db4048ccfaa4d32fd984b36cc0bbfa0f220f1936ad2530f246cf4af9b105e1e032c42848650eb8f562f41f006d3b1353,2025-07-30T18:15:00.000,35,TRAFFIC SIGNAL,FUNCTIONING PROPERLY,CLEAR,DUSK,REAR END,DIVIDED - W/MEDIAN (NOT RAISED),STRAIGHT AND LEVEL,DRY,UNKNOWN,NOT ON SCENE (DESK REPORT),NO INJURY / DRIVE AWAY,,"OVER $1,500",2025-07-31T07:59:00.000,UNABLE TO DETERMINE,UNABLE TO DETERMINE,5017,W,DEVON AVE,1621,2,NO INDICATION OF INJURY,0,0,0,0,0,2,0,18,4,7,41.9971935804,-87.7534379137,"{'type': 'Point', 'coordinates': [-87.753437913733, 41.99719358038]}",,,,,,,,,,
6081545972a4d5e259d1e8b3d3ef708d2a684ac4ec65d6cde1113564220f1357245387a0f6b55d7aca2ff8b01c3632a4d64eb4337c769d5f4c5e3e595f64e704,2025-07-30T18:13:00.000,30,TRAFFIC SIGNAL,FUNCTIONING PROPERLY,CLOUDY/OVERCAST,DAYLIGHT,TURNING,T-INTERSECTION,STRAIGHT AND LEVEL,WET,UNKNOWN,ON SCENE,INJURY AND / OR TOW DUE TO CRASH,Y,"$501 - $1,500",2025-07-30T18:13:00.000,FAILING TO REDUCE SPEED TO AVOID CRASH,FAILING TO REDUCE SPEED TO AVOID CRASH,3056,W,PETERSON AVE,2413,2,NO INDICATION OF INJURY,0,0,0,0,0,8,0,18,4,7,41.9905095921,-87.7065382131,"{'type': 'Point', 'coordinates': [-87.706538213099, 41.990509592089]}",,,,,,,,,,
478262208732fe1b3403150fda7d6bdc381d1eebcb971921aae1bb99cda91a531798f312a92a047d48690cacf465cfc5dbad071f2db7c6330182df3f0da8429d,2025-07-30T18:10:00.000,15,STOP SIGN/FLASHER,FUNCTIONING PROPERLY,CLEAR,DAYLIGHT,TURNING,DIVIDED - W/MEDIAN (NOT RAISED),STRAIGHT AND LEVEL,DRY,NO DEFECTS,NOT ON SCENE (DESK REPORT),NO INJURY / DRIVE AWAY,,"OVER $1,500",2025-07-30T18:25:00.000,UNABLE TO DETERMINE,UNABLE TO DETERMINE,3500,S,LITUANICA AVE,915,2,NO INDICATION OF INJURY,0,0,0,0,0,2,0,18,4,7,41.8306777073,-87.6478611099,"{'type': 'Point', 'coordinates': [-87.647861109867, 41.83067770735]}",,,Y,,,,,,,
1f7a923ff3baf030540ad6f248392151a4e9563914236720564afb53974d156cf4dd8af3c71f6c4d1a1e69146507f35c056e6fee99d3c0a55c855a13aa8625d4,2025-07-30T18:00:00.000,20,STOP SIGN/FLASHER,FUNCTIONING PROPERLY,RAIN,DAWN,PARKED MOTOR VEHICLE,NOT DIVIDED,STRAIGHT AND LEVEL,WET,UNKNOWN,NOT ON SCENE (DESK REPORT),NO INJURY / DRIVE AWAY,,"OVER $1,500",2025-07-31T19:45:00.000,UNABLE TO DETERMINE,UNABLE TO DETERMINE,308,N,SANGAMON ST,1214,2,NO INDICATION OF INJURY,0,0,0,0,0,1,0,18,4,7,41.8870443422,-87.6511620707,"{'type': 'Point', 'coordinates': [-87.65116207071, 41.887044342163]}",,,Y,,,,,,,
74aa786d18916dddd640e13210babb9799bdd4a93dd3cafcc50261e44343cd53bd5be4c1cd07549a11f55b40d700c6812c717b8a5bc7f19815f38dd91082b54e,2025-07-30T18:00:00.000,30,NO CONTROLS,NO CONTROLS,CLEAR,DAYLIGHT,REAR END,FOUR WAY,STRAIGHT AND LEVEL,DRY,UNKNOWN,ON SCENE,INJURY AND / OR TOW DUE TO CRASH,,"OVER $1,500",2025-07-30T18:03:00.000,FOLLOWING TOO CLOSELY,DRIVING SKILLS/KNOWLEDGE/EXPERIENCE,5200,W,NORTH AVE,2532,2,NONINCAPACITATING INJURY,5,0,0,5,0,1,0,18,4,7,41.9096103676,-87.7558522787,"{'type': 'Point', 'coordinates': [-87.755852278737, 41.909610367569]}",,,,Y,,,,,,
98b7cd545c554fe1bc6701b0ca34933b06b942183178fcdfa3c9cb1a98101d44e165cb56b517cd3831bcbd97e80749c6e8ecda1a601153c52701bcedc718273e,2025-07-30T18:00:00.000,10,NO CONTROLS,NO CONTROLS,CLEAR,DAYLIGHT,PARKED MOTOR VEHICLE,PARKING LOT,STRAIGHT AND LEVEL,DRY,UNKNOWN,NOT ON SCENE (DESK REPORT),NO INJURY / DRIVE AWAY,,"OVER $1,500",2025-07-30T18:50:00.000,UNABLE TO DETERMINE,NOT APPLICABLE,1753,N,MILWAUKEE AVE,1434,2,NO INDICATION OF INJURY,0,0,0,0,0,1,0,18,4,7,41.9133424682,-87.6818224808,"{'type': 'Point', 'coordinates': [-87.681822480813, 41.913342468232]}",,,,,Y,,,,,
f1ff3cc30bd08e9a3442f5c6f91229867d357fc86cce53a81769b14e6e330589e7c986d4787ed41713bad378254251201ba964443424637aaa7402258e6e9515,2025-07-30T17:55:00.000,30,STOP SIGN/FLASHER,NO CONTROLS,CLEAR,DAYLIGHT,SIDESWIPE SAME DIRECTION,ONE-WAY,STRAIGHT AND LEVEL,DRY,NO DEFECTS,ON SCENE,NO INJURY / DRIVE AWAY,,"$501 - $1,500",2025-07-30T18:01:00.000,FOLLOWING TOO CLOSELY,FOLLOWING TOO CLOSELY,800,E,84TH ST,632,2,NO INDICATION OF INJURY,0,0,0,0,0,2,0,17,4,7,41.7422226808,-87.6049228072,"{'type': 'Point', 'coordinates': [-87.604922807204, 41.742222680793]}",,,,,,,,,,
01f723b9a25610ca2cc3043e703cb82cfd6785bcd7a5cdf0ed899137f4d66815f96b0713b6491d4d6536af532d0387965a1db58de9a8444226f8c4015fdeb1e5,2025-07-30T17:50:00.000,30,NO CONTROLS,NO CONTROLS,CLEAR,DAYLIGHT,SIDESWIPE SAME DIRECTION,ONE-WAY,STRAIGHT AND LEVEL,DRY,UNKNOWN,NOT ON SCENE (DESK REPORT),NO INJURY / DRIVE AWAY,,"OVER $1,500",2025-07-30T20:30:00.000,UNABLE TO DETERMINE,UNABLE TO DETERMINE,1568,W,VAN BUREN ST,1231,2,NO INDICATION OF INJURY,0,0,0,0,0,2,0,17,4,7,41.8764606299,-87.6666220791,"{'type': 'Point', 'coordinates': [-87.666622079113, 41.876460629864]}",,,,,,,,,,
621dda762ba18429b4e3a036c794e56f5d25ea3e6acfb08e8727a010e06a82f351d984ed0d2e8ec6f230581762b0c6c0d9aa83491e257e2f10248eb58986c17b,2025-07-30T17:50:00.000,30,NO CONTROLS,NO CONTROLS,CLEAR,DAYLIGHT,SIDESWIPE SAME DIRECTION,ONE-WAY,STRAIGHT AND LEVEL,UNKNOWN,UNKNOWN,NOT ON SCENE (DESK REPORT),NO INJURY / DRIVE AWAY,,"OVER $1,500",2025-07-30T19:00:00.000,UNABLE TO DETERMINE,UNABLE TO DETERMINE,79,W,MONROE ST,112,2,NO INDICATION OF INJURY,0,0,0,0,0,2,0,17,4,7,41.8805885042,-87.6307095387,"{'type': 'Point', 'coordinates': [-87.630709538662, 41.88058850425]}",,,,,,,,,,
705b572e7cad4a9b7dee5fcef434ab5ba67403820caf55ee02cda7ead64d42c64cea935bb0af8ef383bb40188467f0155b8cfbe439a7433918b91d511f0c2a7e,2025-07-30T17:45:00.000,15,NO CONTROLS,NO CONTROLS,RAIN,DAYLIGHT,OTHER OBJECT,ALLEY,STRAIGHT AND LEVEL,WET,WORN SURFACE,NOT ON SCENE (DESK REPORT),NO INJURY / DRIVE AWAY,,"OVER $1,500",2025-07-30T20:50:00.000,FOLLOWING TOO CLOSELY,NOT APPLICABLE,14,E,JACKSON BLVD,113,1,NO INDICATION OF INJURY,0,0,0,0,0,2,0,17,4,7,41.8783329215,-87.6271789692,"{'type': 'Point', 'coordinates': [-87.627178969182, 41.878332921487]}",,,,,,,,,,
c7621cfb497b4e14624ec87fffa87bd0051569dcf2e873d1bf3a6f1a2955be78e9ab27efd2800478aa0186b820cd027ab2c11104569a6afba83f2ce5ee3888cf,2025-07-30T17:45:00.000,30,NO CONTROLS,NO CONTROLS,CLEAR,DAYLIGHT,TURNING,ONE-WAY,STRAIGHT AND LEVEL,DRY,NO DEFECTS,ON SCENE,NO INJURY / DRIVE AWAY,,"OVER $1,500",2025-07-30T17:55:00.000,DRIVING SKILLS/KNOWLEDGE/EXPERIENCE,FAILING TO YIELD RIGHT-OF-WAY,512,W,BARRY AVE,1934,2,NO INDICATION OF INJURY,0,0,0,0,0,2,0,17,4,7,41.9377977532,-87.6424618085,"{'type': 'Point', 'coordinates': [-87.642461808504, 41.937797753155]}",,,,,,,,,,
436c89b1fdec2b6708a38521bed844731aec182afb1cbc8fe79dd2b39570a30e452a65d83ca352669eab123addc5d0b2e780458e6e03a8b31e17992da396fee1,2025-07-30T17:40:00.000,15,NO CONTROLS,NO CONTROLS,CLEAR,DAYLIGHT,PARKED MOTOR VEHICLE,ALLEY,STRAIGHT AND LEVEL,DRY,NO DEFECTS,NOT ON SCENE (DESK REPORT),NO INJURY / DRIVE AWAY,,"$501 - $1,500",2025-07-30T18:00:00.000,UNABLE TO DETERMINE,NOT APPLICABLE,5811,W,CORCORAN PL,1512,2,NO INDICATION OF INJURY,0,0,0,0,0,1,0,17,4,7,41.8870467412,-87.7704966928,"{'type': 'Point', 'coordinates': [-87.770496692848, 41.887046741172]}",,,,,,,,,,
83ce9ea855d77bb2b1e81ac6b3c4acea5317313ad00b6a62b5e6115892d8dc79f892e51cb5f0505ff085cf2573e5a1b2ba0e6bcd3702ba5b220eeb1cca194c74,2025-07-30T17:38:00.000,30,TRAFFIC SIGNAL,FUNCTIONING PROPERLY,CLEAR,DAYLIGHT,REAR END,FOUR WAY,STRAIGHT AND LEVEL,DRY,NO DEFECTS,NOT ON SCENE (DESK REPORT),INJURY AND / OR TOW DUE TO CRASH,Y,"OVER $1,500",2025-07-30T18:50:00.000,FOLLOWING TOO CLOSELY,UNABLE TO DETERMINE,300,N,WESTERN AVE,1222,2,"REPORTED, NOT EVIDENT",1,0,0,0,1,1,0,17,4,7,41.8867217641,-87.6867273643,"{'type': 'Point', 'coordinates': [-87.686727364298, 41.88672176412]}",,,Y,,,,,,,
6c8dd79e598c96872322f08dff117107a68250fbad6dc35521a0c79251a84eea8e00d4bb0a69e6c8e5f1d6405b94335e05a415cbf2ca24350749a1b3948ae11b,2025-07-30T17:35:00.000,30,STOP SIGN/FLASHER,FUNCTIONING PROPERLY,CLEAR,DAYLIGHT,REAR END,NOT DIVIDED,STRAIGHT AND LEVEL,DRY,NO DEFECTS,ON SCENE,INJURY AND / OR TOW DUE TO CRASH,Y,"OVER $1,500",2025-07-30T17:45:00.000,UNABLE TO DETERMINE,NOT APPLICABLE,2568,W,35TH ST,911,2,"REPORTED, NOT EVIDENT",1,0,0,0,1,3,0,17,4,7,41.8302998653,-87.6898756244,"{'type': 'Point', 'coordinates': [-87.689875624392, 41.830299865299]}",,,,,,,,,,
eca55e57b0dd84f4d3cf956e1ad5eae9206ada664604b4986db769fcd4f73b2ae366eb72565d32093aab273595b5ce18c51981faee9b78be45693febfa867c4a,2025-07-30T17:30:00.000,30,TRAFFIC SIGNAL,FUNCTIONING PROPERLY,CLEAR,DAYLIGHT,REAR END,DIVIDED - W/MEDIAN (NOT RAISED),STRAIGHT AND LEVEL,WET,UNKNOWN,NOT ON SCENE (DESK REPORT),NO INJURY / DRIVE AWAY,,"OVER $1,500",2025-07-31T11:00:00.000,FOLLOWING TOO CLOSELY,UNABLE TO DETERMINE,4400,N,PULASKI RD,1722,2,NO INDICATION OF INJURY,0,0,0,0,0,2,0,17,4,7,41.9610237213,-87.727977456,"{'type': 'Point', 'coordinates': [-87.727977455957, 41.961023721271]}",,,,,,,,,,
b8ba20fa155012fe520809fc360afd9f83c7f0e44ff5f197fc0777d7473612a579d1aa41f9bcf3c2619463c767c2b25fd8ca9e854ba9881010474ea99bd461d0,2025-07-30T17:20:00.000,30,NO CONTROLS,NO CONTROLS,CLEAR,DAYLIGHT,TURNING,DIVIDED - W/MEDIAN (NOT RAISED),STRAIGHT AND LEVEL,DRY,NO DEFECTS,NOT ON SCENE (DESK REPORT),NO INJURY / DRIVE AWAY,Y,"OVER $1,500",2025-07-30T18:45:00.000,FAILING TO YIELD RIGHT-OF-WAY,UNABLE TO DETERMINE,3500,W,IRVING PARK RD,1723,2,NO INDICATION OF INJURY,0,0,0,0,0,2,0,17,4,7,41.953930482,-87.7154261961,"{'type': 'Point', 'coordinates': [-87.715426196115, 41.953930481958]}",,,,,,,,,,
88f910d9f3e0211860751a9e3b2244ec76c85b7e0c5a7077624c18d38dd69d59eafd3befc0792c5f72ffb9caca56ac7e216484431d80be94ddf6003cb3a18616,2025-07-30T17:19:00.000,30,UNKNOWN,UNKNOWN,CLEAR,DAYLIGHT,REAR END,NOT DIVIDED,STRAIGHT AND LEVEL,UNKNOWN,UNKNOWN,NOT ON SCENE (DESK REPORT),NO INJURY / DRIVE AWAY,,"OVER $1,500",2025-07-30T18:30:00.000,UNABLE TO DETERMINE,UNABLE TO DETERMINE,1642,W,59TH ST,715,2,NO INDICATION OF INJURY,0,0,0,0,0,2,0,17,4,7,41.7868368329,-87.6661381065,"{'type': 'Point', 'coordinates': [-87.666138106515, 41.786836832914]}",,Y,,,,,,,,
259016dcdc682fdf480e9ed1ce3c0a09a0882b5e47f3e7f2ddbeda6480f79603b0bd85b6172ab18640c60db1e45d249758952aefbe40a4e49928f2d9c256d711,2025-07-30T17:15:00.000,30,UNKNOWN,UNKNOWN,RAIN,DAYLIGHT,REAR END,NOT DIVIDED,STRAIGHT AND LEVEL,UNKNOWN,UNKNOWN,NOT ON SCENE (DESK REPORT),NO INJURY / DRIVE AWAY,,"OVER $1,500",2025-07-30T18:28:00.000,UNABLE TO DETERMINE,UNABLE TO DETERMINE,60,W,WALTON ST,1832,2,NO INDICATION OF INJURY,0,0,0,0,0,2,0,17,4,7,41.8999082903,-87.6305533977,"{'type': 'Point', 'coordinates': [-87.630553397691, 41.899908290324]}",,,,,,,,,,
37c2fb22602600969901ee0e0e6ef968c917e91b317e930252842760714781b298cf582efcb0fe572f39405481ea3308eba86e4f2148b53f6ed72f376763b6b5,2025-07-30T17:15:00.000,30,NO CONTROLS,NO CONTROLS,UNKNOWN,UNKNOWN,SIDESWIPE SAME DIRECTION,NOT DIVIDED,STRAIGHT AND LEVEL,UNKNOWN,UNKNOWN,NOT ON SCENE (DESK REPORT),NO INJURY / DRIVE AWAY,,"OVER $1,500",2025-07-30T19:00:00.000,IMPROPER OVERTAKING/PASSING,IMPROPER OVERTAKING/PASSING,6839,N,SHERIDAN RD,2431,2,NO INDICATION OF INJURY,0,0,0,0,0,2,0,17,4,7,42.0067314328,-87.6611321233,"{'type': 'Point', 'coordinates': [-87.661132123251, 42.006731432834]}",,,,,,,,,,
53f76a92a3ef9678daa638356d290a5a2f042ce1b6c6dd1f889f44ea12b83ae19f247364228251ca10d307a4e387fd141fbfeb8234e3f720aaf60a2963a887c9,2025-07-30T17:15:00.000,30,NO CONTROLS,NO CONTROLS,CLEAR,DAYLIGHT,PARKED MOTOR VEHICLE,NOT DIVIDED,STRAIGHT AND LEVEL,DRY,NO DEFECTS,NOT ON SCENE (DESK REPORT),NO INJURY / DRIVE AWAY,,"OVER $1,500",2025-07-30T18:45:00.000,IMPROPER OVERTAKING/PASSING,NOT APPLICABLE,3300,N,BROADWAY,1925,2,NO INDICATION OF INJURY,0,0,0,0,0,1,0,17,4,7,41.941883022,-87.644605003,"{'type': 'Point', 'coordinates': [-87.644605003003, 41.941883022027]}",,,Y,,,,,,,
7457fc23234b0b3e33484d44b624b8872f6106d5de178e81330229114eb0a833ca091d86e4846237d6256a1a2b6eb84d7dad1185a0d9565d005e559bea06b139,2025-07-30T17:15:00.000,30,NO CONTROLS,NO CONTROLS,RAIN,DAYLIGHT,HEAD ON,NOT DIVIDED,STRAIGHT AND LEVEL,WET,NO DEFECTS,ON SCENE,NO INJURY / DRIVE AWAY,,"OVER $1,500",2025-07-30T17:16:00.000,IMPROPER LANE USAGE,IMPROPER LANE USAGE,2610,W,DEVON AVE,2412,2,NO INDICATION OF INJURY,0,0,0,0,0,2,0,17,4,7,41.9977473006,-87.6952511581,"{'type': 'Point', 'coordinates': [-87.695251158076, 41.997747300648]}",,,,,,,,,,
2c714764006440a2c58e608fcb7545f20f08db17e26c66ebb37384c7645daeb7524278831fdbf631712332e794330344116b4645ececc3311447588dd06f426a,2025-07-30T17:10:00.000,20,NO CONTROLS,NO CONTROLS,CLEAR,DAYLIGHT,ANGLE,PARKING LOT,STRAIGHT AND LEVEL,DRY,NO DEFECTS,,NO INJURY / DRIVE AWAY,,$500 OR LESS,2025-07-30T17:50:00.000,FAILING TO YIELD RIGHT-OF-WAY,NOT APPLICABLE,2555,S,BLUE ISLAND AVE,1034,2,NO INDICATION OF INJURY,0,0,0,0,0,2,0,17,4,7,41.8456329083,-87.6830124492,"{'type': 'Point', 'coordinates': [-87.683012449239, 41.845632908315]}",,,,,,,,,,
2dc50c3f2c21286fe519b22eb8324d6dd3b0b9b832410f44e90f48317fac195e4288a942d2b099f65008b728f4843fa2abbf5a5c81bd117877376ed2680bf6ce,2025-07-30T17:10:00.000,30,STOP SIGN/FLASHER,FUNCTIONING PROPERLY,CLOUDY/OVERCAST,DAYLIGHT,REAR END,DIVIDED - W/MEDIAN (NOT RAISED),STRAIGHT AND LEVEL,DRY,NO DEFECTS,NOT ON SCENE (DESK REPORT),NO INJURY / DRIVE AWAY,,"OVER $1,500",2025-07-30T19:59:00.000,FOLLOWING TOO CLOSELY,DRIVING SKILLS/KNOWLEDGE/EXPERIENCE,839,N,OGDEN AVE,1213,2,NO INDICATION OF INJURY,0,0,0,0,0,2,0,17,4,7,41.8973925038,-87.6534540027,"{'type': 'Point', 'coordinates': [-87.653454002729, 41.897392503793]}",,,,,,,,,,