crash_record_id,crash_date,posted_speed_limit,traffic_control_device,device_condition,weather_condition,lighting_condition,first_crash_type,trafficway_type,alignment,roadway_surface_cond,road_defect,report_type,crash_type,intersection_related_i,damage,date_police_notified,prim_contributory_cause,sec_contributory_cause,street_no,street_direction,street_name,beat_of_occurrence,num_units,most_severe_injury,injuries_total,injuries_fatal,injuries_incapacitating,injuries_non_incapacitating,injuries_reported_not_evident,injuries_no_indication,injuries_unknown,crash_hour,crash_day_of_week,crash_month,latitude,longitude,location,private_property_i,photos_taken_i,hit_and_run_i,statements_taken_i,crash_date_est_i,work_zone_i,work_zone_type,dooring_i,lane_cnt,workers_present_i
c26eee949dded6a2243bfcb82f6944e5009d4eb2f5059dd77f6763a68f6d2038bb40c2edff46fb1158184b7a5f6e755a71b3af76467d01e092b61561f37f3dfe,2025-07-30T17:05:00.000,15,NO CONTROLS,NO CONTROLS,CLOUDY/OVERCAST,DAYLIGHT,PARKED MOTOR VEHICLE,PARKING LOT,STRAIGHT AND LEVEL,WET,UNKNOWN,ON SCENE,NO INJURY / DRIVE AWAY,,"OVER $1,500",2025-07-30T17:10:00.000,UNABLE TO DETERMINE,NOT APPLICABLE,10000,W,OHARE ST,1651,2,NO INDICATION OF INJURY,0,0,0,0,0,1,0,17,4,7,41.976201139,-87.9053091251,"{'type': 'Point', 'coordinates': [-87.905309125103, 41.976201139024]}",,,,,,,,,,
45fc2d27affd8fdbcdd2e1c52f0404b30aa6bd6547508e35101a54ee8bcab5309b9663a9a71b75fb72b3f342da5dab3b639985f64c118e441d32c7e5934c2089,2025-07-30T17:04:00.000,30,UNKNOWN,UNKNOWN,CLEAR,DAYLIGHT,SIDESWIPE SAME DIRECTION,DIVIDED - W/MEDIAN (NOT RAISED),STRAIGHT AND LEVEL,DRY,UNKNOWN,ON SCENE,INJURY AND / OR TOW DUE TO CRASH,,"OVER $1,500",2025-07-30T17:55:00.000,IMPROPER OVERTAKING/PASSING,IMPROPER OVERTAKING/PASSING,6258,S,YALE AVE,711,2,INCAPACITATING INJURY,1,0,1,0,0,2,0,17,4,7,41.7799726778,-87.6319808168,"{'type': 'Point', 'coordinates': [-87.631980816767, 41.779972677795]}",,,,,,,,,,
e3afa994e8c9739978f1c5c5ddc5250d0fcf3dd3c877ca5eaa7fe7e0d7398be28ad565b98a8f166329fbbd1ea5aa4664916be57e12b059eafd9a701c0a1dab08,2025-07-30T17:03:00.000,25,TRAFFIC SIGNAL,FUNCTIONING PROPERLY,CLEAR,DAYLIGHT,REAR END,NOT DIVIDED,STRAIGHT AND LEVEL,DRY,NO DEFECTS,NOT ON SCENE (DESK REPORT),NO INJURY / DRIVE AWAY,,"OVER $1,500",2025-07-30T18:42:00.000,NOT APPLICABLE,NOT APPLICABLE,301,E,LOWER WACKER DR,114,2,NO INDICATION OF INJURY,0,0,0,0,0,2,0,17,4,7,41.8876722207,-87.6205739399,"{'type': 'Point', 'coordinates': [-87.620573939863, 41.887672220686]}",,,,,,,,,,
0db54d6b9e7cc8fd9c10c5c5110b5b1cfd440783e2ff5e99629df833da7385d0cf6f1499611e585d28da0eabb17f9ba07d45c14034f0284c9979b4d4b9f9077e,2025-07-30T17:00:00.000,35,UNKNOWN,UNKNOWN,CLEAR,DAYLIGHT,REAR END,NOT DIVIDED,STRAIGHT AND LEVEL,DRY,NO DEFECTS,NOT ON SCENE (DESK REPORT),NO INJURY / DRIVE AWAY,,"$501 - $1,500",2025-07-30T20:00:00.000,UNABLE TO DETERMINE,NOT APPLICABLE,3200,N,CUMBERLAND AVE,1631,2,NO INDICATION OF INJURY,0,0,0,0,0,2,0,17,4,7,41.9376389053,-87.8362097495,"{'type': 'Point', 'coordinates': [-87.836209749528, 41.937638905337]}",,,,,,,,,,
18861b0029b948e17df9d080a145ad562a8e3994a204732e5a080db0682ca9b5a589f1d6a5394921324db00b3bd30aba617e337560069998b9f69dbfc4af1029,2025-07-30T17:00:00.000,15,NO CONTROLS,NO CONTROLS,CLEAR,DAYLIGHT,PARKED MOTOR VEHICLE,ONE-WAY,STRAIGHT AND LEVEL,DRY,NO DEFECTS,NOT ON SCENE (DESK REPORT),NO INJURY / DRIVE AWAY,,"OVER $1,500",2025-07-31T09:45:00.000,DRIVING ON WRONG SIDE/WRONG WAY,IMPROPER LANE USAGE,658,W,ALDINE AVE,1925,2,NO INDICATION OF INJURY,0,0,0,0,0,1,0,17,4,7,41.9419471359,-87.6466822387,"{'type': 'Point', 'coordinates': [-87.646682238741, 41.941947135883]}",,,Y,,,,,,,
316ad3f92d455e4266a0b9130296b7596ed30eb677010612b61798866dfba2354c104510cad07bf5b0d5d94c0e78067d2b0535d3a0c6c78933c1af309c6b196e,2025-07-30T17:00:00.000,30,NO CONTROLS,NO CONTROLS,RAIN,DAYLIGHT,PARKED MOTOR VEHICLE,ONE-WAY,STRAIGHT AND LEVEL,WET,NO DEFECTS,NOT ON SCENE (DESK REPORT),NO INJURY / DRIVE AWAY,,"OVER $1,500",2025-07-31T10:54:00.000,UNABLE TO DETERMINE,NOT APPLICABLE,7500,S,INDIANA AVE,623,2,NO INDICATION OF INJURY,0,0,0,0,0,1,0,17,4,7,41.7582283917,-87.6200714639,"{'type': 'Point', 'coordinates': [-87.620071463936, 41.758228391668]}",,,Y,,,,,,,
bd757825a56e8d484c7a733667ca9fb847500a0c56ab6495655063a090586b4ca3898854d4157990862e455bd53ed71f478282dd8f2c565bd09baca361d5ff4b,2025-07-30T17:00:00.000,30,NO CONTROLS,NO CONTROLS,CLEAR,DAYLIGHT,REAR END,NOT DIVIDED,STRAIGHT AND LEVEL,WET,NO DEFECTS,,INJURY AND / OR TOW DUE TO CRASH,Y,"OVER $1,500",2025-07-30T17:15:00.000,UNABLE TO DETERMINE,NOT APPLICABLE,3900,S,WESTERN AVE,921,2,"REPORTED, NOT EVIDENT",1,0,0,0,1,1,0,17,4,7,41.8229542941,-87.685012986,"{'type': 'Point', 'coordinates': [-87.685012986006, 41.822954294114]}",,,,,,,,,,
c62a19576aac604728525f4d7e69379b0744bb79afb7ff7f5b36299b4700fceb49fc4e6ed9b514ca6818e6b178e38607ce6ee37ada5ffdcedd52d8518c330168,2025-07-30T17:00:00.000,30,UNKNOWN,UNKNOWN,RAIN,DAYLIGHT,REAR END,DIVIDED - W/MEDIAN BARRIER,STRAIGHT AND LEVEL,UNKNOWN,UNKNOWN,NOT ON SCENE (DESK REPORT),NO INJURY / DRIVE AWAY,,"OVER $1,500",2025-07-30T18:00:00.000,UNABLE TO DETERMINE,UNABLE TO DETERMINE,1350,S,LAKE SHORE DR SB,132,2,NO INDICATION OF INJURY,0,0,0,0,0,2,0,17,4,7,41.8644214983,-87.6193890523,"{'type': 'Point', 'coordinates': [-87.619389052281, 41.864421498276]}",,,,,,,,,,
cfcd6f69546a232239e6f8b7fd09f593e40f5b34d354a6a8ddee19317e8b96d7d899f7f74fa178a9c4b63a95a770fe7dd43960d1438fbcd056018f597e6d0fba,2025-07-30T17:00:00.000,30,TRAFFIC SIGNAL,FUNCTIONING PROPERLY,CLEAR,DAYLIGHT,REAR END,NOT DIVIDED,STRAIGHT AND LEVEL,UNKNOWN,NO DEFECTS,NOT ON SCENE (DESK REPORT),NO INJURY / DRIVE AWAY,Y,"OVER $1,500",2025-07-30T19:50:00.000,FOLLOWING TOO CLOSELY,WEATHER,4000,W,DIVERSEY AVE,2523,2,NO INDICATION OF INJURY,0,0,0,0,0,2,0,17,4,7,41.9318977231,-87.7271050305,"{'type': 'Point', 'coordinates': [-87.727105030454, 41.931897723146]}",,,,,,,,,,
d9c1f1dc361314bb2ce9ff1cf30ef669b03a4a7d005f827b0d0262e2259f21ed00448b1d1b21f30a2f9d020f91babb7a7c23bad3f1bbaa1a940881ba50759548,2025-07-30T17:00:00.000,30,UNKNOWN,UNKNOWN,UNKNOWN,DAYLIGHT,SIDESWIPE SAME DIRECTION,NOT DIVIDED,STRAIGHT AND LEVEL,UNKNOWN,UNKNOWN,NOT ON SCENE (DESK REPORT),NO INJURY / DRIVE AWAY,,"OVER $1,500",2025-07-30T18:40:00.000,IMPROPER OVERTAKING/PASSING,NOT APPLICABLE,25,E,MADISON ST,112,2,NO INDICATION OF INJURY,0,0,0,0,0,2,0,17,4,7,41.8819628772,-87.6269483379,"{'type': 'Point', 'coordinates': [-87.626948337943, 41.881962877245]}",,,Y,,,,,,,
dabd04977e2a03005072ce35e063fa20435695bf302bdb7721168cb3c0e7cacc0acaab0d2ccc8ad924f9fcc86130082cafba1fa7e4a4c77a3c34a33a8cbc64d0,2025-07-30T17:00:00.000,30,TRAFFIC SIGNAL,FUNCTIONING PROPERLY,UNKNOWN,UNKNOWN,SIDESWIPE SAME DIRECTION,DIVIDED - W/MEDIAN (NOT RAISED),STRAIGHT AND LEVEL,UNKNOWN,UNKNOWN,NOT ON SCENE (DESK REPORT),NO INJURY / DRIVE AWAY,,"OVER $1,500",2025-07-30T19:45:00.000,UNABLE TO DETERMINE,UNABLE TO DETERMINE,200,N,STATE ST,111,2,NO INDICATION OF INJURY,0,0,0,0,0,2,0,17,4,7,41.8857746413,-87.6280874811,"{'type': 'Point', 'coordinates': [-87.628087481118, 41.885774641252]}",,,Y,,,,,,,
9a6c19215849d00b9eac6b0b0bcea92bb6bf5af655d7916e9b3f95124e2787690f06a806f5164c9262c6faec7eea56cc7c0c64df9b1eb3cee24c8d77091be3d0,2025-07-30T16:53:00.000,30,TRAFFIC SIGNAL,NO CONTROLS,CLEAR,DAYLIGHT,REAR END,DIVIDED - W/MEDIAN (NOT RAISED),STRAIGHT AND LEVEL,DRY,NO DEFECTS,NOT ON SCENE (DESK REPORT),NO INJURY / DRIVE AWAY,Y,"OVER $1,500",2025-07-30T18:00:00.000,FOLLOWING TOO CLOSELY,UNABLE TO DETERMINE,3727,N,ELSTON AVE,1733,2,NO INDICATION OF INJURY,0,0,0,0,0,5,0,16,4,7,41.9491863509,-87.7123658575,"{'type': 'Point', 'coordinates': [-87.712365857467, 41.949186350939]}",,,,,,,,,,
38c89c32dd3d123489f8b54395951e0a26b47f1bbe7f64b04b017537cc3b662bc778d68dfa4958a2bd8240e7b40cf2cc337a4e984d559e8b2f443995e03095b0,2025-07-30T16:45:00.000,10,NO CONTROLS,NO CONTROLS,CLEAR,DAYLIGHT,FIXED OBJECT,DRIVEWAY,STRAIGHT AND LEVEL,WET,NO DEFECTS,NOT ON SCENE (DESK REPORT),NO INJURY / DRIVE AWAY,,"$501 - $1,500",2025-07-30T18:10:00.000,UNABLE TO DETERMINE,NOT APPLICABLE,4314,S,WABASH AVE,215,1,NO INDICATION OF INJURY,0,0,0,0,0,3,0,16,4,7,41.8160141885,-87.6247901187,"{'type': 'Point', 'coordinates': [-87.624790118678, 41.816014188459]}",Y,,,,,,,,,
7f89fdb2a34bd09b1d186ce956fe4d8ca41051b65c7fa73048559424cc0bb97346f9fe887f8438a01abce567604ceb48c5fce03d01e5e9865f8c1948369fffca,2025-07-30T16:45:00.000,30,NO CONTROLS,NO CONTROLS,CLEAR,DAYLIGHT,TURNING,NOT DIVIDED,STRAIGHT AND LEVEL,DRY,UNKNOWN,NOT ON SCENE (DESK REPORT),NO INJURY / DRIVE AWAY,,"OVER $1,500",2025-07-30T17:18:00.000,IMPROPER TURNING/NO SIGNAL,NOT APPLICABLE,904,W,87TH ST,613,2,NO INDICATION OF INJURY,0,0,0,0,0,2,0,16,4,7,41.7361423239,-87.6464542473,"{'type': 'Point', 'coordinates': [-87.646454247275, 41.736142323932]}",,,,,,,,,,
ccb982714b5bacba5544fa3fee50d572a2882a56428e6adeaedf3ece07165e4e93d8710b600ac35a70ee5504e5b629e4d7023742264a53e636af0204ed940039,2025-07-30T16:45:00.000,15,NO CONTROLS,NO CONTROLS,CLEAR,DAYLIGHT,FIXED OBJECT,RAMP,"CURVE, LEVEL",WET,NO DEFECTS,ON SCENE,NO INJURY / DRIVE AWAY,,"OVER $1,500",2025-07-30T17:00:00.000,DRIVING SKILLS/KNOWLEDGE/EXPERIENCE,NOT APPLICABLE,4314,S,WABASH AVE,215,1,NO INDICATION OF INJURY,0,0,0,0,0,1,0,16,4,7,41.8160141885,-87.6247901187,"{'type': 'Point', 'coordinates': [-87.624790118678, 41.816014188459]}",,,,,,,,,,
b17b740a9c55629df30cf01764f6ec5fc8640b0477e1664a1e70625e9023fdbff9bc03cb4e75a1dbee49e2a2c32b48269c604e0ce6b76e067019a3c1dd9b5723,2025-07-30T16:42:00.000,30,NO CONTROLS,UNKNOWN,CLEAR,DAYLIGHT,SIDESWIPE SAME DIRECTION,ONE-WAY,STRAIGHT AND LEVEL,WET,NO DEFECTS,NOT ON SCENE (DESK REPORT),NO INJURY / DRIVE AWAY,,$500 OR LESS,2025-07-30T18:14:00.000,IMPROPER OVERTAKING/PASSING,NOT APPLICABLE,60,E,SUPERIOR ST,1833,2,NO INDICATION OF INJURY,0,0,0,0,0,2,0,16,4,7,41.8958263727,-87.6258105835,"{'type': 'Point', 'coordinates': [-87.625810583484, 41.895826372695]}",,,,,,,,,,
0042db7e9a52825f41720d1e65fb692f95e6d2734575f6f943d71ae9785741a034fe2cba56ba2fed02e791039de6aa7a52331f27bb11c978cc5579f050539dbc,2025-07-30T16:40:00.000,30,TRAFFIC SIGNAL,FUNCTIONING PROPERLY,CLOUDY/OVERCAST,DAYLIGHT,SIDESWIPE SAME DIRECTION,DIVIDED - W/MEDIAN (NOT RAISED),STRAIGHT AND LEVEL,DRY,NO DEFECTS,NOT ON SCENE (DESK REPORT),NO INJURY / DRIVE AWAY,,"OVER $1,500",2025-07-30T20:00:00.000,IMPROPER OVERTAKING/PASSING,UNABLE TO DETERMINE,4802,N,CICERO AVE,1623,2,NO INDICATION OF INJURY,0,0,0,0,0,6,0,16,4,7,41.9681116837,-87.7478914935,"{'type': 'Point', 'coordinates': [-87.74789149353, 41.968111683735]}",,,Y,,,,,,,
bda12cfded0e073e144b55a0058bf5de2e226ba44311fa844ffe1ad834b6282d4a451e6b504ba33c3e41a305608ab4d3117b79c333b79f538ee6921c30fe1282,2025-07-30T16:40:00.000,30,TRAFFIC SIGNAL,FUNCTIONING PROPERLY,UNKNOWN,DAYLIGHT,REAR END,NOT DIVIDED,STRAIGHT AND LEVEL,UNKNOWN,UNKNOWN,NOT ON SCENE (DESK REPORT),NO INJURY / DRIVE AWAY,,"OVER $1,500",2025-07-30T16:50:00.000,UNABLE TO DETERMINE,NOT APPLICABLE,5801,W,FULLERTON AVE,2515,2,NO INDICATION OF INJURY,0,0,0,0,0,2,0,16,4,7,41.923794554,-87.7709111387,"{'type': 'Point', 'coordinates': [-87.77091113871, 41.923794553965]}",,,,,,,,,,
6a1600d18c8cdc0a042361c15da0bf5621200498a9accdcb811152ddb434eb560a27ee9eba8a8bac227c0eab64ecb7c44cc95bfced436cda0ebd00e866baaebd,2025-07-30T16:39:00.000,30,TRAFFIC SIGNAL,FUNCTIONING PROPERLY,CLOUDY/OVERCAST,DAYLIGHT,REAR END,ONE-WAY,STRAIGHT AND LEVEL,WET,NO DEFECTS,NOT ON SCENE (DESK REPORT),NO INJURY / DRIVE AWAY,,"OVER $1,500",2025-07-30T17:00:00.000,UNABLE TO DETERMINE,UNABLE TO DETERMINE,4400,W,CONGRESS PKWY,1131,2,NO INDICATION OF INJURY,0,0,0,0,0,2,0,16,4,7,41.8743399012,-87.7353653588,"{'type': 'Point', 'coordinates': [-87.735365358848, 41.874339901217]}",,,Y,,,,,,,
0380f73a5cb4cfa323f5d6fd2f850b18dad4d947bc077c5b7a700631a124140916ba5eba56d83b6179ffd5ddfd0cd1407f40d090097b8f89ff7ee514f473aa8c,2025-07-30T16:30:00.000,35,NO CONTROLS,NO CONTROLS,CLEAR,DAYLIGHT,REAR END,NOT DIVIDED,STRAIGHT AND LEVEL,DRY,NO DEFECTS,NOT ON SCENE (DESK REPORT),NO INJURY / DRIVE AWAY,,"$501 - $1,500",2025-07-30T17:00:00.000,UNABLE TO DETERMINE,NOT APPLICABLE,3519,N,CICERO AVE,1731,2,NO INDICATION OF INJURY,0,0,0,0,0,4,0,16,4,7,41.9452385534,-87.7468918112,"{'type': 'Point', 'coordinates': [-87.746891811225, 41.945238553433]}",,,,,,,,,,
0ed523811384a513a7653d8526314effdf16daed2ff4e66c4b236086be99f428f3e7b9f60d3527edd35744b0af5d501cbd6fcdcd2af883a6ced1de692403a5f5,2025-07-30T16:30:00.000,30,TRAFFIC SIGNAL,FUNCTIONING PROPERLY,CLEAR,DAYLIGHT,REAR END,NOT DIVIDED,STRAIGHT AND LEVEL,UNKNOWN,UNKNOWN,NOT ON SCENE (DESK REPORT),NO INJURY / DRIVE AWAY,Y,$500 OR LESS,2025-07-30T18:00:00.000,UNABLE TO DETERMINE,UNABLE TO DETERMINE,2304,S,WOOD ST,1034,2,NO INDICATION OF INJURY,0,0,0,0,0,2,0,16,4,7,41.85024927,-87.6710224257,"{'type': 'Point', 'coordinates': [-87.671022425684, 41.850249270025]}",,,,,,,,,,
28341bcdaf0e2b668b85895fc12563e8119513a1758ad533885231f88f25f2ebe6710599ce40306862d3236fa6114a49f69a0ed4fa577f3c978e4232fdf71106,2025-07-30T16:30:00.000,30,TRAFFIC SIGNAL,FUNCTIONING PROPERLY,CLEAR,DAYLIGHT,TURNING,FOUR WAY,STRAIGHT AND LEVEL,UNKNOWN,NO DEFECTS,NOT ON SCENE (DESK REPORT),NO INJURY / DRIVE AWAY,Y,"OVER $1,500",2025-07-30T20:35:00.000,FAILING TO REDUCE SPEED TO AVOID CRASH,NOT APPLICABLE,10020,W,BALMORAL AVE,1654,2,NO INDICATION OF INJURY,0,0,0,0,0,2,0,16,4,7,,,,,,Y,,,,,,,
36028e4072c2cb3123518b9f1dfdb0fc2e6323c44d71af78ccb146958565572d4423076fe177de682b278a660c589c16547ae476ba7a1d9c2eb02f151e688a37,2025-07-30T16:30:00.000,20,NO CONTROLS,NO CONTROLS,CLEAR,DAYLIGHT,PARKED MOTOR VEHICLE,ONE-WAY,STRAIGHT AND LEVEL,DRY,NO DEFECTS,ON SCENE,NO INJURY / DRIVE AWAY,,"$501 - $1,500",2025-07-31T10:40:00.000,IMPROPER LANE USAGE,IMPROPER LANE USAGE,6810,S,PERRY AVE,722,2,NO INDICATION OF INJURY,0,0,0,0,0,1,0,16,4,7,41.7705249805,-87.6284469909,"{'type': 'Point', 'coordinates': [-87.628446990872, 41.770524980517]}",,,Y,,,,,,,
3d82d7ba26d097167a0d282053ca7a3fbb8646ce2b54d57e2189474526ed5609f2e31a177f3ad0b8121b860dc7ed924ff2981d1999d22493b9c1b57dc9092ce8,2025-07-30T16:30:00.000,35,NO CONTROLS,NO CONTROLS,UNKNOWN,UNKNOWN,SIDESWIPE SAME DIRECTION,NOT DIVIDED,STRAIGHT AND LEVEL,UNKNOWN,UNKNOWN,NOT ON SCENE (DESK REPORT),NO INJURY / DRIVE AWAY,,"OVER $1,500",2025-07-31T08:45:00.000,FAILING TO YIELD RIGHT-OF-WAY,IMPROPER LANE USAGE,3346,S,HALSTED ST,913,2,NO INDICATION OF INJURY,0,0,0,0,0,2,0,16,4,7,41.8334536711,-87.6463161132,"{'type': 'Point', 'coordinates': [-87.646316113176, 41.83345367106]}",,,Y,,,,,,,
9b3edc28fbecb474f83385380556636f40f2419283136e915202bc010f74ec377424626c0e4a404909e771f9fd196e19ccd43cc141b9ace4c7a6c562421e7f54,2025-07-30T16:30:00.000,30,NO CONTROLS,NO CONTROLS,CLEAR,DAYLIGHT,TURNING,NOT DIVIDED,STRAIGHT AND LEVEL,WET,NO DEFECTS,ON SCENE,INJURY AND / OR TOW DUE TO CRASH,,"OVER $1,500",2025-07-30T16:38:00.000,FOLLOWING TOO CLOSELY,UNABLE TO DETERMINE,10055,S,TORRENCE AVE,431,2,NO INDICATION OF INJURY,0,0,0,0,0,2,0,16,4,7,41.7120940439,-87.5595838926,"{'type': 'Point', 'coordinates': [-87.559583892608, 41.712094043947]}",,,,,,,,,,
a8736e5e5c7cb9e31bf1d38232728fee2ca2e8e0f740100029dff19d2fcf092aa99727b86a4293b991063e3eb20e26aa64e6beed9d9254de1a8b046217111a61,2025-07-30T16:30:00.000,30,TRAFFIC SIGNAL,UNKNOWN,CLEAR,DAYLIGHT,REAR END,ONE-WAY,STRAIGHT AND LEVEL,WET,NO DEFECTS,NOT ON SCENE (DESK REPORT),NO INJURY / DRIVE AWAY,,"OVER $1,500",2025-07-30T16:45:00.000,FOLLOWING TOO CLOSELY,UNABLE TO DETERMINE,3800,W,CONGRESS PKWY,1133,2,NO INDICATION OF INJURY,0,0,0,0,0,5,0,16,4,7,41.8745518803,-87.7204536586,"{'type': 'Point', 'coordinates': [-87.720453658604, 41.874551880336]}",,,Y,,,,,,,
d50f2073e1fb7eddcbbb5bbab8dd62480d8938fe17c7a3cdfed15820b06ce4258b444fe10b1f28d44902659e3495238a4733e6f342fcb93e465ee8dae1a8a3e9,2025-07-30T16:30:00.000,30,TRAFFIC SIGNAL,FUNCTIONING PROPERLY,CLOUDY/OVERCAST,DAYLIGHT,REAR END,T-INTERSECTION,STRAIGHT AND LEVEL,WET,NO DEFECTS,,NO INJURY / DRIVE AWAY,Y,"OVER $1,500",2025-07-30T17:00:00.000,UNABLE TO DETERMINE,NOT APPLICABLE,11100,S,VINCENNES AVE,2212,2,NO INDICATION OF INJURY,0,0,0,0,0,2,0,16,4,7,41.6921609987,-87.6634724687,"{'type': 'Point', 'coordinates': [-87.663472468686, 41.692160998747]}",,,,,,,,,,
eea04325bb9100811a53a78b9f5ed162d85565eb96e1e16ad26d37f2a7172bf68b0581d43a3e5cf223d6cfb5cf3bc8620405cfe2c8b711c55a6a55dc05210312,2025-07-30T16:29:00.000,30,NO CONTROLS,NO CONTROLS,RAIN,DAYLIGHT,REAR END,NOT DIVIDED,STRAIGHT AND LEVEL,WET,UNKNOWN,ON SCENE,INJURY AND / OR TOW DUE TO CRASH,,"OVER $1,500",2025-07-30T16:46:00.000,UNABLE TO DETERMINE,UNABLE TO DETERMINE,7777,W,IRVING PARK RD,1631,2,NO INDICATION OF INJURY,0,0,0,0,0,2,0,16,4,7,41.9523030194,-87.8219109955,"{'type': 'Point', 'coordinates': [-87.821910995518, 41.95230301938]}",,,,,,,,,,
41771a03e16388400d6db8b56e919abeff6f4a47958378690b024bc7d933118268bdb2d8c210a4c93ffd958e149d6441f6694139707d2fcb8775047aa308583a,2025-07-30T16:28:00.000,30,TRAFFIC SIGNAL,FUNCTIONING PROPERLY,CLEAR,DAYLIGHT,REAR END,NOT DIVIDED,STRAIGHT ON GRADE,WET,NO DEFECTS,ON SCENE,NO INJURY / DRIVE AWAY,,"$501 - $1,500",2025-07-30T16:31:00.000,FOLLOWING TOO CLOSELY,NOT APPLICABLE,2240,S,CANAL ST,914,3,NO INDICATION OF INJURY,0,0,0,0,0,4,0,16,4,7,41.8515026445,-87.6386453623,"{'type': 'Point', 'coordinates': [-87.638645362287, 41.851502644464]}",,,,,,,,,,
a51355b2c254401becc7be3fb51cb52a2c0ecabeb27b64e3de48f6912a23f2791564f4f50d2a5747c0ba424f2a0aaddfccf09ee7ac99a037b1874fe9b7d61cb8,2025-07-30T16:24:00.000,30,TRAFFIC SIGNAL,FUNCTIONING PROPERLY,CLEAR,DAYLIGHT,SIDESWIPE SAME DIRECTION,NOT DIVIDED,STRAIGHT AND LEVEL,WET,NO DEFECTS,ON SCENE,NO INJURY / DRIVE AWAY,,"OVER $1,500",2025-07-30T16:24:00.000,IMPROPER OVERTAKING/PASSING,FOLLOWING TOO CLOSELY,200,N,MICHIGAN AVE,111,2,NO INDICATION OF INJURY,0,0,0,0,0,2,0,16,4,7,41.8858015463,-87.6246597711,"{'type': 'Point', 'coordinates': [-87.624659771063, 41.885801546318]}",,,Y,,,,,,,
2cf878bd3e866c327c833dc5c6c9180ed52e81104f66361c175b6e3d3ae5f9978c029a2ebfe8e31a00326bfd4cf10b5a94b962a8ce5ade42dc9800f7bfe1651c,2025-07-30T16:20:00.000,30,UNKNOWN,UNKNOWN,RAIN,DAYLIGHT,REAR END,NOT DIVIDED,STRAIGHT AND LEVEL,UNKNOWN,UNKNOWN,NOT ON SCENE (DESK REPORT),NO INJURY / DRIVE AWAY,,"OVER $1,500",2025-07-30T16:40:00.000,UNABLE TO DETERMINE,UNABLE TO DETERMINE,770,N,HALSTED ST,1214,2,NO INDICATION OF INJURY,0,0,0,0,0,2,0,16,4,7,41.896378173,-87.6478911864,"{'type': 'Point', 'coordinates': [-87.647891186391, 41.896378173043]}",,,,,,,,,,
a4408b134ed0c4982a44c57f7d60b2e311755066f501fdc773cde748f7f86eb6dc266856ec0341d4ea6603a5e089f065ae591829175a13c00dd3d7c6af6909f9,2025-07-30T16:20:00.000,30,NO CONTROLS,NO CONTROLS,CLEAR,DAYLIGHT,REAR END,DIVIDED - W/MEDIAN BARRIER,STRAIGHT AND LEVEL,WET,UNKNOWN,NOT ON SCENE (DESK REPORT),NO INJURY / DRIVE AWAY,,"OVER $1,500",2025-07-30T18:24:00.000,UNABLE TO DETERMINE,NOT APPLICABLE,7500,S,ASHLAND AVE,611,2,NO INDICATION OF INJURY,0,0,0,0,0,2,0,16,4,7,41.7577325515,-87.6637545548,"{'type': 'Point', 'coordinates': [-87.663754554797, 41.757732551539]}",,,Y,,,,,,,
b0db19a81c1728d17f7dd34af3f2e4312a1087a0d16e1c6c7dd291c9c10b70a876a737309c212427049e4cd1e8ba3a1f2801d82c2b78c927be5659e107a21ab2,2025-07-30T16:20:00.000,30,NO CONTROLS,NO CONTROLS,CLOUDY/OVERCAST,DAYLIGHT,REAR END,NOT DIVIDED,STRAIGHT AND LEVEL,WET,NO DEFECTS,NOT ON SCENE (DESK REPORT),NO INJURY / DRIVE AWAY,,"OVER $1,500",2025-07-30T16:45:00.000,FOLLOWING TOO CLOSELY,UNABLE TO DETERMINE,2531,S,KOSTNER AVE,1013,3,NO INDICATION OF INJURY,0,0,0,0,0,3,0,16,4,7,41.8450762678,-87.7341574341,"{'type': 'Point', 'coordinates': [-87.734157434093, 41.845076267815]}",,,,,,,,,,
bce0c7ea271d7f0f06da140490c5cd7eb9669cdef1fe796fdafb13f1dd4ee1992620d3b1efbe6fb1ad4a47eea7a4a4420a38ce3d9f8838a6ac32cd8835368229,2025-07-30T16:20:00.000,30,NO CONTROLS,NO CONTROLS,CLOUDY/OVERCAST,DAYLIGHT,ANGLE,FOUR WAY,STRAIGHT AND LEVEL,UNKNOWN,UNKNOWN,ON SCENE,INJURY AND / OR TOW DUE TO CRASH,Y,"OVER $1,500",2025-07-30T16:28:00.000,UNABLE TO DETERMINE,NOT APPLICABLE,8100,W,BELMONT AVE,1631,2,NO INDICATION OF INJURY,0,0,0,0,0,2,0,16,4,7,41.9378133787,-87.8288300784,"{'type': 'Point', 'coordinates': [-87.828830078426, 41.937813378657]}",,,,,,,,,,
b82729f0c310a7e7221b02acabb62c3c3bb2ceef3e701e2e9756ec335898906893e58fd989acb2064d14900a7a0282512425d7e4a50cd5fdca413c1ef1244c39,2025-07-30T16:17:00.000,30,NO CONTROLS,NO CONTROLS,RAIN,DAYLIGHT,REAR END,DIVIDED - W/MEDIAN (NOT RAISED),STRAIGHT AND LEVEL,WET,NO DEFECTS,ON SCENE,NO INJURY / DRIVE AWAY,,"OVER $1,500",2025-07-30T16:19:00.000,FOLLOWING TOO CLOSELY,NOT APPLICABLE,8208,S,VINCENNES AVE,622,2,NO INDICATION OF INJURY,0,0,0,0,0,3,0,16,4,7,41.7450058061,-87.6358717535,"{'type': 'Point', 'coordinates': [-87.635871753509, 41.745005806092]}",,,,,,,,,,