crash_record_id,crash_date,posted_speed_limit,traffic_control_device,device_condition,weather_condition,lighting_condition,first_crash_type,trafficway_type,alignment,roadway_surface_cond,road_defect,report_type,crash_type,intersection_related_i,damage,date_police_notified,prim_contributory_cause,sec_contributory_cause,street_no,street_direction,street_name,beat_of_occurrence,num_units,most_severe_injury,injuries_total,injuries_fatal,injuries_incapacitating,injuries_non_incapacitating,injuries_reported_not_evident,injuries_no_indication,injuries_unknown,crash_hour,crash_day_of_week,crash_month,latitude,longitude,location,private_property_i,photos_taken_i,hit_and_run_i,statements_taken_i,crash_date_est_i,work_zone_i,work_zone_type,dooring_i,lane_cnt,workers_present_i
00175c39c38781af7b8445476d3a64ec6cf0c680fe4ea05fbe0aaa096c287715bb2de9b44ce64faa49702b07ca9b00142703cad78c9676b07536d6a06defbbb6,2025-07-30T16:15:00.000,30,STOP SIGN/FLASHER,FUNCTIONING PROPERLY,CLEAR,DAYLIGHT,ANGLE,ONE-WAY,STRAIGHT AND LEVEL,WET,NO DEFECTS,NOT ON SCENE (DESK REPORT),NO INJURY / DRIVE AWAY,,"$501 - $1,500",2025-07-30T17:50:00.000,DISREGARDING STOP SIGN,NOT APPLICABLE,5600,S,HOMAN AVE,822,2,NO INDICATION OF INJURY,0,0,0,0,0,2,0,16,4,7,41.7915325789,-87.7085524296,"{'type': 'Point', 'coordinates': [-87.708552429609, 41.791532578892]}",,,,,,,,,,
5a4346cf9150283370cd4a1586ee0b70f719d3ac42e5a8832b7bb02a51adab424ad5ef4236679a417a6b479160f0ce3a3fb4e9104ea3295793a49a14bd512b79,2025-07-30T16:15:00.000,30,NO CONTROLS,NO CONTROLS,CLEAR,DAYLIGHT,PARKED MOTOR VEHICLE,NOT DIVIDED,STRAIGHT AND LEVEL,UNKNOWN,UNKNOWN,NOT ON SCENE (DESK REPORT),NO INJURY / DRIVE AWAY,,"OVER $1,500",2025-07-31T16:22:00.000,UNABLE TO DETERMINE,NOT APPLICABLE,2633,W,DEVON AVE,2413,2,NO INDICATION OF INJURY,0,0,0,0,0,3,0,16,4,7,41.9975143692,-87.6960442161,"{'type': 'Point', 'coordinates': [-87.696044216063, 41.997514369217]}",,,,,,,,,,
de001720f7cac87d5a498dfb01161acd709a182973ca8b3698e7537779963de1e24029cc78ded939221f45898760e9b6502c02c8217a4d26e492205e98aa89d4,2025-07-30T16:12:00.000,30,TRAFFIC SIGNAL,FUNCTIONING IMPROPERLY,RAIN,DAYLIGHT,HEAD ON,NOT DIVIDED,STRAIGHT AND LEVEL,WET,NO DEFECTS,ON SCENE,INJURY AND / OR TOW DUE TO CRASH,,"OVER $1,500",2025-07-30T16:13:00.000,NOT APPLICABLE,NOT APPLICABLE,200,W,111TH ST,513,2,"REPORTED, NOT EVIDENT",2,0,0,0,2,1,0,16,4,7,41.6926346578,-87.6280299093,"{'type': 'Point', 'coordinates': [-87.628029909331, 41.692634657761]}",,,,,,,,,,
373892dc074775cfffb610765f2e1fcc3623abcdb46f86c6ce67f680c70de9d1a1c5abfd8023b4d2b8bc1ce2ec5135a82a28585f1a429a97a4234e6d5d08e4ee,2025-07-30T16:10:00.000,30,TRAFFIC SIGNAL,FUNCTIONING PROPERLY,RAIN,DAYLIGHT,REAR END,DIVIDED - W/MEDIAN (NOT RAISED),STRAIGHT AND LEVEL,WET,UNKNOWN,NOT ON SCENE (DESK REPORT),NO INJURY / DRIVE AWAY,,"$501 - $1,500",2025-07-30T16:25:00.000,NOT APPLICABLE,NOT APPLICABLE,9300,S,JEFFERY AVE,413,2,NO INDICATION OF INJURY,0,0,0,0,0,2,0,16,4,7,41.7260228502,-87.5755902772,"{'type': 'Point', 'coordinates': [-87.575590277239, 41.726022850207]}",,,,,,,,,,
9671bf6bd8a00bc844f091f469ccb2bb08bbd987605a8c04c56976ce9f9e1c115bbcf978de831bf0a157cb663d904f47ccb351545213339cfb72bb1efaaaad6d,2025-07-30T16:10:00.000,15,NO CONTROLS,NO CONTROLS,CLEAR,DAYLIGHT,REAR END,PARKING LOT,STRAIGHT AND LEVEL,WET,NO DEFECTS,NOT ON SCENE (DESK REPORT),NO INJURY / DRIVE AWAY,,"$501 - $1,500",2025-07-30T18:30:00.000,UNABLE TO DETERMINE,NOT APPLICABLE,5129,W,BELMONT AVE,2521,2,NO INDICATION OF INJURY,0,0,0,0,0,3,0,16,4,7,41.9386071889,-87.7554253189,"{'type': 'Point', 'coordinates': [-87.755425318934, 41.938607188903]}",,,,,,,,,,
bc24a8eb9fa43eb6e2deb0aaf99c0588af52cde1c17b7f4ab690b012c71409c868a83ce3f0000763352c64f6fb35b35a85d61bd91be7d979923f02944c9e194a,2025-07-30T16:06:00.000,30,TRAFFIC SIGNAL,FUNCTIONING PROPERLY,CLOUDY/OVERCAST,DAYLIGHT,REAR END,DIVIDED - W/MEDIAN (NOT RAISED),STRAIGHT AND LEVEL,WET,NO DEFECTS,NOT ON SCENE (DESK REPORT),NO INJURY / DRIVE AWAY,,"OVER $1,500",2025-07-30T16:30:00.000,UNABLE TO DETERMINE,UNABLE TO DETERMINE,4760,W,MADISON ST,1113,2,NO INDICATION OF INJURY,0,0,0,0,0,2,0,16,4,7,41.8806092777,-87.7451576412,"{'type': 'Point', 'coordinates': [-87.745157641199, 41.880609277746]}",,,Y,,,,,,,
dd6952160634d6974919d5b233cae8a24a0a29b6ad00e9a7dfe9b684b19d4cbb6a3db0b82ca6a000af00b0188debef86dd6dbbece5fb759474e0bc8c881f2e83,2025-07-30T16:06:00.000,30,NO CONTROLS,NO CONTROLS,RAIN,DAYLIGHT,TURNING,NOT DIVIDED,STRAIGHT AND LEVEL,WET,UNKNOWN,ON SCENE,INJURY AND / OR TOW DUE TO CRASH,Y,"OVER $1,500",2025-07-30T16:09:00.000,FAILING TO YIELD RIGHT-OF-WAY,WEATHER,3552,W,GRAND AVE,1121,2,INCAPACITATING INJURY,2,0,1,1,0,0,0,16,4,7,41.9019126231,-87.7154044009,"{'type': 'Point', 'coordinates': [-87.715404400915, 41.901912623078]}",,,,,,,,,,
745fb1005b4e30ece5842adbd379ea0386a7cd4f0e22abca04fee416e6baa66fe09274a8126c92220658ebe757c2c084ae3fa483a3451034485977f8ec0bb113,2025-07-30T16:04:00.000,30,NO CONTROLS,NO CONTROLS,FREEZING RAIN/DRIZZLE,DAYLIGHT,TURNING,DIVIDED - W/MEDIAN (NOT RAISED),STRAIGHT AND LEVEL,DRY,NO DEFECTS,NOT ON SCENE (DESK REPORT),NO INJURY / DRIVE AWAY,,"OVER $1,500",2025-07-30T18:01:00.000,FAILING TO REDUCE SPEED TO AVOID CRASH,NOT APPLICABLE,6434,W,ARCHER AVE,811,2,NO INDICATION OF INJURY,0,0,0,0,0,5,0,16,4,7,41.7924257786,-87.7831760903,"{'type': 'Point', 'coordinates': [-87.783176090264, 41.792425778574]}",,,,,,,,,,
fd2f6d98d87e21fc4e26c9d19347b93dc3c2c609867bdf3af3e567014e4502b26983a4e44a754142ef4f3edc94f131ba8e443f313749f1deabfe4ec5cd5a42a3,2025-07-30T16:04:00.000,30,TRAFFIC SIGNAL,FUNCTIONING PROPERLY,CLEAR,DAYLIGHT,SIDESWIPE SAME DIRECTION,NOT DIVIDED,STRAIGHT AND LEVEL,DRY,NO DEFECTS,NOT ON SCENE (DESK REPORT),NO INJURY / DRIVE AWAY,,$500 OR LESS,2025-07-30T16:40:00.000,IMPROPER LANE USAGE,NOT APPLICABLE,1543,W,MADISON ST,1224,2,NO INDICATION OF INJURY,0,0,0,0,0,2,0,16,4,7,41.8813525082,-87.6659992581,"{'type': 'Point', 'coordinates': [-87.665999258098, 41.881352508178]}",,,,,,,,,,
a551045b88fc65a949dd6e52b3223f59553b829993fc6ac922ccf6ea0e5dd3f2bea3ab0605ad86ffc2fa119f28b82edaa2d28c1ac9587cbbfdc2e9203b8efa18,2025-07-30T16:01:00.000,30,TRAFFIC SIGNAL,FUNCTIONING PROPERLY,CLEAR,DAYLIGHT,FIXED OBJECT,FOUR WAY,STRAIGHT AND LEVEL,DRY,"RUT, HOLES",ON SCENE,INJURY AND / OR TOW DUE TO CRASH,N,"OVER $1,500",2025-07-30T16:29:00.000,IMPROPER OVERTAKING/PASSING,FOLLOWING TOO CLOSELY,3207,W,WASHINGTON BLVD,1123,2,NO INDICATION OF INJURY,0,0,0,0,0,1,0,16,4,7,41.882680336,-87.7065184607,"{'type': 'Point', 'coordinates': [-87.706518460695, 41.882680335978]}",,,,,,,,,,
f50e7f468039156b5b28aeffc6772aa5e969c1e18edd679f3507a5059c6bb1f34e9b05dccd57adf0e42d826f5574b386dccc8eceea08d5ff807b066155de858f,2025-07-30T16:00:00.000,30,TRAFFIC SIGNAL,FUNCTIONING PROPERLY,RAIN,DAYLIGHT,TURNING,NOT DIVIDED,STRAIGHT AND LEVEL,WET,NO DEFECTS,ON SCENE,INJURY AND / OR TOW DUE TO CRASH,Y,"OVER $1,500",2025-07-30T16:05:00.000,FAILING TO YIELD RIGHT-OF-WAY,NOT APPLICABLE,5600,W,63RD ST,812,2,"REPORTED, NOT EVIDENT",1,0,0,0,1,1,0,16,4,7,41.7781618734,-87.7617802217,"{'type': 'Point', 'coordinates': [-87.76178022166, 41.778161873405]}",,,,,,,,,,
f2b27f00541371030a903a203b683044f61f8ff2961b642be62e727f505f76398ba114038b385c11aa1bf0ca6be275b51cdcaf1b9920bf1fcd3b9a4c93f48361,2025-07-30T15:57:00.000,30,NO CONTROLS,NO CONTROLS,CLEAR,DAYLIGHT,PARKED MOTOR VEHICLE,DIVIDED - W/MEDIAN (NOT RAISED),STRAIGHT AND LEVEL,DRY,NO DEFECTS,ON SCENE,NO INJURY / DRIVE AWAY,,"$501 - $1,500",2025-07-30T15:59:00.000,IMPROPER OVERTAKING/PASSING,NOT APPLICABLE,2197,W,AUGUSTA BLVD,1212,2,NO INDICATION OF INJURY,0,0,0,0,0,2,0,15,4,7,41.8993584796,-87.6819201153,"{'type': 'Point', 'coordinates': [-87.68192011529, 41.899358479571]}",,,,,,,,,,
87c782e4a4230bec51f01903e73cf707c1da5f31e97b3130b42a5c4bed7940f739bf966ee4c5c5ee483c7651a0e9a668e95e37c79b2360b65d27a26b50d2f726,2025-07-30T15:55:00.000,30,NO CONTROLS,NO CONTROLS,CLOUDY/OVERCAST,DAYLIGHT,REAR END,T-INTERSECTION,STRAIGHT AND LEVEL,WET,NO DEFECTS,ON SCENE,NO INJURY / DRIVE AWAY,Y,"OVER $1,500",2025-07-30T16:00:00.000,FAILING TO REDUCE SPEED TO AVOID CRASH,FAILING TO REDUCE SPEED TO AVOID CRASH,4128,N,LARAMIE AVE,1624,2,NO INDICATION OF INJURY,0,0,0,0,0,4,0,15,4,7,41.9559923513,-87.7573816615,"{'type': 'Point', 'coordinates': [-87.757381661495, 41.955992351326]}",,,,,,,,,,
1ad00a1cf866d6e095f3b1cab0de167d992d629f4e5f312852bace046b36a73a54148806522f8b43aaac63fedbe79e77de6919773b4dc78aeae5174b292f1684,2025-07-30T15:50:00.000,30,NO CONTROLS,NO CONTROLS,CLEAR,DAYLIGHT,ANGLE,NOT DIVIDED,STRAIGHT AND LEVEL,WET,NO DEFECTS,NOT ON SCENE (DESK REPORT),NO INJURY / DRIVE AWAY,,"$501 - $1,500",2025-07-30T19:10:00.000,IMPROPER OVERTAKING/PASSING,NOT APPLICABLE,8333,S,CICERO AVE,834,2,NO INDICATION OF INJURY,0,0,0,0,0,3,0,15,4,7,41.7409110654,-87.7409228594,"{'type': 'Point', 'coordinates': [-87.740922859385, 41.740911065365]}",,,Y,,,,,,,
c5c64f9141e128a253f2c99cd564e810cc1fb13a6f8fef6bb46caca48cca0799401c655cab3d65386641b8a40d4a0306866732e39add8a5fa80cd6f5d68dfdd8,2025-07-30T15:50:00.000,30,OTHER,NO CONTROLS,UNKNOWN,UNKNOWN,SIDESWIPE SAME DIRECTION,DIVIDED - W/MEDIAN BARRIER,STRAIGHT AND LEVEL,UNKNOWN,UNKNOWN,NOT ON SCENE (DESK REPORT),NO INJURY / DRIVE AWAY,,"OVER $1,500",2025-07-30T16:30:00.000,FAILING TO YIELD RIGHT-OF-WAY,FAILING TO YIELD RIGHT-OF-WAY,6201,N,CLARK ST,2433,2,NO INDICATION OF INJURY,0,0,0,0,0,2,0,15,4,7,41.9944904325,-87.6700038195,"{'type': 'Point', 'coordinates': [-87.670003819525, 41.994490432546]}",,,,,,,,,,
0945649312b7f7dbbb56b44a9048a2a6388eae62804d80b0951e5413af8e744bb5dcaa954acfc156b239c4eb21a2eaa77f52964029c94f2dde5be09972b34fc6,2025-07-30T15:45:00.000,30,TRAFFIC SIGNAL,FUNCTIONING PROPERLY,CLEAR,DAYLIGHT,REAR END,DIVIDED - W/MEDIAN (NOT RAISED),STRAIGHT AND LEVEL,DRY,NO DEFECTS,NOT ON SCENE (DESK REPORT),INJURY AND / OR TOW DUE TO CRASH,,"OVER $1,500",2025-08-05T14:20:00.000,FAILING TO REDUCE SPEED TO AVOID CRASH,UNABLE TO DETERMINE,1401,N,LARAMIE AVE,2533,2,"REPORTED, NOT EVIDENT",1,0,0,0,1,1,0,15,4,7,41.9059674325,-87.7557155845,"{'type': 'Point', 'coordinates': [-87.755715584519, 41.905967432515]}",,,Y,,,,,,,
ab02b653ad10a24e0d76faeac8fc01818524373f98b09bd5aac741555731a2c6d600f9e946725ed4c55fcd6fa9677c8a8ebd52a499561302f4d53b512e3812ce,2025-07-30T15:45:00.000,30,NO CONTROLS,NO CONTROLS,RAIN,DAYLIGHT,REAR END,DIVIDED - W/MEDIAN (NOT RAISED),STRAIGHT AND LEVEL,WET,NO DEFECTS,NOT ON SCENE (DESK REPORT),NO INJURY / DRIVE AWAY,,"OVER $1,500",2025-07-31T13:53:00.000,FOLLOWING TOO CLOSELY,NOT APPLICABLE,2901,W,51ST ST,923,2,NO INDICATION OF INJURY,0,0,0,0,0,2,0,15,4,7,41.8008364556,-87.6964987486,"{'type': 'Point', 'coordinates': [-87.696498748576, 41.800836455643]}",,,,,,,,,,
c762374c5ca3b58d2a7767fea3caaa2b5cb01318278c7c21c0606f845753161ff788960a4805f38525a65a80acfb0b9a45386dde7d2af2e4162fd8cf03d34375,2025-07-30T15:45:00.000,20,PEDESTRIAN CROSSING SIGN,NO CONTROLS,RAIN,DAYLIGHT,REAR END,DIVIDED - W/MEDIAN (NOT RAISED),STRAIGHT AND LEVEL,WET,NO DEFECTS,NOT ON SCENE (DESK REPORT),NO INJURY / DRIVE AWAY,,"OVER $1,500",2025-07-31T18:00:00.000,FAILING TO REDUCE SPEED TO AVOID CRASH,UNABLE TO DETERMINE,2539,W,DEVON AVE,2413,2,NO INDICATION OF INJURY,0,0,0,0,0,3,0,15,4,7,41.9975527738,-87.6938547409,"{'type': 'Point', 'coordinates': [-87.69385474092, 41.997552773799]}",,,,,,,,,,
5375892803965b12adbfa11f0475bd81be51aa239be8ea0f1759d678d09b0f335072cd3a3ce2e5c881a694af6e7c6ce245ca9bd83ccf86f39ba2181c8f0e775c,2025-07-30T15:36:00.000,30,TRAFFIC SIGNAL,FUNCTIONING PROPERLY,CLEAR,DAYLIGHT,ANGLE,CENTER TURN LANE,STRAIGHT AND LEVEL,DRY,NO DEFECTS,NOT ON SCENE (DESK REPORT),NO INJURY / DRIVE AWAY,Y,"OVER $1,500",2025-07-30T16:00:00.000,DISREGARDING TRAFFIC SIGNALS,NOT APPLICABLE,3200,N,ELSTON AVE,1733,2,NO INDICATION OF INJURY,0,0,0,0,0,2,0,15,4,7,41.9393514966,-87.6984835141,"{'type': 'Point', 'coordinates': [-87.698483514124, 41.939351496611]}",,,,,Y,,,,,
7a004fe4a9098a23d7aad3f3fb59c73230d1407459f5afc2d7b66454a8d9b0a7e04ad4e7d9535fa9741aed57e78cd201ab4549878b05225870cf15f0fcb10db2,2025-07-30T15:34:00.000,25,NO CONTROLS,NO CONTROLS,CLEAR,DAYLIGHT,OTHER OBJECT,UNKNOWN,STRAIGHT AND LEVEL,WET,NO DEFECTS,ON SCENE,NO INJURY / DRIVE AWAY,,"OVER $1,500",2025-07-30T17:05:00.000,UNABLE TO DETERMINE,UNABLE TO DETERMINE,1228,W,CERMAK RD,1235,1,NO INDICATION OF INJURY,0,0,0,0,0,1,0,15,4,7,41.8525856357,-87.6574318236,"{'type': 'Point', 'coordinates': [-87.657431823582, 41.852585635674]}",,,Y,,,,,,,
0cf6b401c7a18fa2a9575c2efe8362ffae7c998c4cacf187eba2c6223237c9080309dd5f01763dc1b49e6e13c398ecbb77f499b451b8daf4753798d3b19c3cc6,2025-07-30T15:30:00.000,30,TRAFFIC SIGNAL,UNKNOWN,RAIN,DAYLIGHT,SIDESWIPE SAME DIRECTION,FOUR WAY,STRAIGHT AND LEVEL,WET,NO DEFECTS,NOT ON SCENE (DESK REPORT),NO INJURY / DRIVE AWAY,Y,$500 OR LESS,2025-07-30T16:44:00.000,IMPROPER OVERTAKING/PASSING,DRIVING SKILLS/KNOWLEDGE/EXPERIENCE,1588,W,NORTH AVE,1433,2,NO INDICATION OF INJURY,0,0,0,0,0,2,0,15,4,7,41.9107409201,-87.6676348566,"{'type': 'Point', 'coordinates': [-87.667634856615, 41.910740920066]}",,,,,,,,,,
3139667661dea639871b9e3098dc788b53e5f3b407c9a5aae377074a8842f286571114b9c34432f530a0d0771352a2117220731b5938735ded258c543bf25509,2025-07-30T15:30:00.000,30,NO CONTROLS,NO CONTROLS,RAIN,DAYLIGHT,REAR END,NOT DIVIDED,STRAIGHT AND LEVEL,WET,UNKNOWN,NOT ON SCENE (DESK REPORT),NO INJURY / DRIVE AWAY,,"OVER $1,500",2025-07-30T16:50:00.000,FAILING TO YIELD RIGHT-OF-WAY,FAILING TO YIELD RIGHT-OF-WAY,111,S,HALSTED ST,1232,3,NO INDICATION OF INJURY,0,0,0,0,0,4,0,15,4,7,41.880128783,-87.6471646008,"{'type': 'Point', 'coordinates': [-87.647164600769, 41.880128783026]}",,,,,,,,,,
9fc47f5421530c34714a13ef2f813080412ccf49d020cd7d8dd1979d38ac678984618a0b4367af051340b3cf5c63d72a7a71bb676227fcafbd84b30892ca2fa5,2025-07-30T15:30:00.000,30,NO CONTROLS,NO CONTROLS,RAIN,DAYLIGHT,HEAD ON,DIVIDED - W/MEDIAN (NOT RAISED),STRAIGHT AND LEVEL,WET,NO DEFECTS,,NO INJURY / DRIVE AWAY,,"OVER $1,500",2025-07-30T16:45:00.000,UNABLE TO DETERMINE,NOT APPLICABLE,3098,S,CALIFORNIA BLVD,1034,2,NO INDICATION OF INJURY,0,0,0,0,0,3,0,15,4,7,,,,,,,,,,,,,
e4cc78252ce13308c8b59b4ec639e1cb2e786559b0d30c579c20630fb865b7952076d99483c1909f78edfebb85ff82dc8f5127d4929cac49ca3fd732bdbeb89a,2025-07-30T15:30:00.000,30,UNKNOWN,UNKNOWN,RAIN,DAYLIGHT,TURNING,ALLEY,STRAIGHT AND LEVEL,WET,UNKNOWN,ON SCENE,INJURY AND / OR TOW DUE TO CRASH,,"OVER $1,500",2025-07-30T16:00:00.000,"VISION OBSCURED (SIGNS, TREE LIMBS, BUILDINGS, ETC.)","VISION OBSCURED (SIGNS, TREE LIMBS, BUILDINGS, ETC.)",1015,W,GRAND AVE,1214,2,NO INDICATION OF INJURY,0,0,0,0,0,2,0,15,4,7,41.8910159975,-87.6529637711,"{'type': 'Point', 'coordinates': [-87.652963771084, 41.891015997474]}",,,,,,,,,,
24d1cbbbf47a73a1f5d59fab579d881ddb596d2f2ae304569bd0bc955c67b7a9e0940f94fc5833626420e6cf5998cdf3bb4f1e7cda00868bd00fc1c1b546e1b3,2025-07-30T15:29:00.000,30,TRAFFIC SIGNAL,FUNCTIONING PROPERLY,RAIN,DAYLIGHT,SIDESWIPE SAME DIRECTION,NOT DIVIDED,STRAIGHT AND LEVEL,WET,NO DEFECTS,NOT ON SCENE (DESK REPORT),NO INJURY / DRIVE AWAY,,"OVER $1,500",2025-08-01T12:40:00.000,FAILING TO YIELD RIGHT-OF-WAY,NOT APPLICABLE,2300,W,OGDEN AVE,1233,2,NO INDICATION OF INJURY,0,0,0,0,0,4,0,15,4,7,41.8666601912,-87.6838095971,"{'type': 'Point', 'coordinates': [-87.683809597117, 41.866660191202]}",,,,,,,,,,
2790b5dcb871f9c975e8a6bd0f5751eaa15698030e978ecef342522df26a4e83745a166424e5f402c6ff0b61813c98707c8487a9398a431de26e76fcb4dfd63d,2025-07-30T15:29:00.000,30,NO CONTROLS,NO CONTROLS,RAIN,DAYLIGHT,PARKED MOTOR VEHICLE,NOT DIVIDED,STRAIGHT AND LEVEL,DRY,NO DEFECTS,NOT ON SCENE (DESK REPORT),NO INJURY / DRIVE AWAY,Y,"OVER $1,500",2025-07-30T15:38:00.000,FOLLOWING TOO CLOSELY,NOT APPLICABLE,2040,N,MILWAUKEE AVE,1431,2,NO INDICATION OF INJURY,0,0,0,0,0,1,0,15,4,7,41.9183543966,-87.690137328,"{'type': 'Point', 'coordinates': [-87.690137327983, 41.918354396553]}",,,,,,,,,,
32d47b1415efd3eed1d4e51d2bdf5909a314271b6e8eeeae346b1d88148ebfa7014ed123885239099e375381e42b3a1d606e5115d73b4611b494e1e25d443c9c,2025-07-30T15:22:00.000,30,NO CONTROLS,NO CONTROLS,RAIN,DAYLIGHT,PEDESTRIAN,DIVIDED - W/MEDIAN (NOT RAISED),STRAIGHT AND LEVEL,WET,NO DEFECTS,ON SCENE,NO INJURY / DRIVE AWAY,,"OVER $1,500",2025-07-30T15:23:00.000,UNABLE TO DETERMINE,UNABLE TO DETERMINE,1041,N,WESTERN AVE,1212,2,NO INDICATION OF INJURY,0,0,0,0,0,2,0,15,4,7,41.9005908144,-87.6868170069,"{'type': 'Point', 'coordinates': [-87.686817006858, 41.900590814419]}",,,Y,,,,,,,
dd521ecfef864191fabef7d5929a9f706307cd9457cdf35fa35e5c73631eaf1208cd2766a26eeeba753ef04b22321a6a688895c4ea018d7b8a74b7dd9c6f2b69,2025-07-30T15:20:00.000,30,STOP SIGN/FLASHER,FUNCTIONING PROPERLY,CLEAR,DAYLIGHT,ANGLE,FOUR WAY,STRAIGHT AND LEVEL,DRY,NO DEFECTS,,NO INJURY / DRIVE AWAY,Y,"OVER $1,500",2025-07-30T17:00:00.000,UNABLE TO DETERMINE,NOT APPLICABLE,2809,W,JARVIS AVE,2411,2,NO INDICATION OF INJURY,0,0,0,0,0,2,0,15,4,7,42.015581983,-87.7000552136,"{'type': 'Point', 'coordinates': [-87.700055213645, 42.015581982981]}",,,,,,,,,,
265a591cc117c0cdb9dd240e09417e35ad3d24cfcf3525515d2000bed6c0b3fd54d769d49fa8d5c584834b4420bc809a9cc6ed56b365db953ae56b95908570b1,2025-07-30T15:15:00.000,30,NO CONTROLS,NO CONTROLS,FREEZING RAIN/DRIZZLE,DAYLIGHT,SIDESWIPE SAME DIRECTION,NOT DIVIDED,STRAIGHT AND LEVEL,WET,NO DEFECTS,NOT ON SCENE (DESK REPORT),NO INJURY / DRIVE AWAY,,"OVER $1,500",2025-07-30T18:30:00.000,IMPROPER OVERTAKING/PASSING,NOT APPLICABLE,2298,W,OGDEN AVE,1225,2,NO INDICATION OF INJURY,0,0,0,0,0,3,0,15,4,7,41.8668226219,-87.6836274648,"{'type': 'Point', 'coordinates': [-87.683627464767, 41.866822621884]}",,,,,,,,,,
c76e61d20f57c04968cfd2e1fa9d29d04632b5f25d99b8a536b6ecb644a5cde52f6de0f2677a0d86e960890de1d93fa8d96a640025e79caf073ea5e67c56a745,2025-07-30T15:15:00.000,30,NO CONTROLS,NO CONTROLS,RAIN,DAYLIGHT,REAR END,NOT DIVIDED,STRAIGHT AND LEVEL,WET,NO DEFECTS,NOT ON SCENE (DESK REPORT),NO INJURY / DRIVE AWAY,,"$501 - $1,500",2025-07-30T19:37:00.000,FOLLOWING TOO CLOSELY,NOT APPLICABLE,6719,W,ARCHER AVE,811,2,NO INDICATION OF INJURY,0,0,0,0,0,4,0,15,4,7,41.7920770021,-87.7899500389,"{'type': 'Point', 'coordinates': [-87.789950038892, 41.792077002099]}",,,,,,,,,,
b7bf210ddb967be10175b12abff236daa2985bfd9b6f2f013fa66dbc47271cfec9a1af33519a9de331314087f3ab3c43b9b6bb75135fc10d79e7095796374b67,2025-07-30T15:14:00.000,30,NO CONTROLS,NO CONTROLS,RAIN,DAYLIGHT,REAR END,NOT DIVIDED,STRAIGHT AND LEVEL,WET,UNKNOWN,ON SCENE,INJURY AND / OR TOW DUE TO CRASH,,$500 OR LESS,2025-07-30T16:10:00.000,FOLLOWING TOO CLOSELY,WEATHER,1336,N,KEDZIE AVE,1422,2,NONINCAPACITATING INJURY,2,0,0,2,0,3,0,15,4,7,41.905681981,-87.7070277845,"{'type': 'Point', 'coordinates': [-87.707027784507, 41.905681981028]}",,,,Y,,,,,,
147fc7e23654c7bdb0467c57bc80dfe521db117cca3758600e542f082d4d0cdfd0aef7896052e653dab86c13691c922ab3be66ed69d4f69a4b20217146ddb6a3,2025-07-30T15:10:00.000,30,UNKNOWN,UNKNOWN,RAIN,DAYLIGHT,TURNING,DIVIDED - W/MEDIAN (NOT RAISED),STRAIGHT AND LEVEL,UNKNOWN,UNKNOWN,NOT ON SCENE (DESK REPORT),NO INJURY / DRIVE AWAY,,"$501 - $1,500",2025-07-30T16:17:00.000,NOT APPLICABLE,NOT APPLICABLE,142,W,MARQUETTE RD,722,2,NO INDICATION OF INJURY,0,0,0,0,0,2,0,15,4,7,41.7728339981,-87.6291254963,"{'type': 'Point', 'coordinates': [-87.629125496321, 41.772833998146]}",,,Y,,,,,,,
d2251c75a3bc73511b5f92038dcf4ba47dd0aa7a7cf88b97a64304770ade3ade798f6abc52d0dfe1c8b62c4a2d938a4bd3f54b93812606ee75974eac76f9b775,2025-07-30T15:07:00.000,30,NO CONTROLS,NO CONTROLS,RAIN,DAYLIGHT,TURNING,NOT DIVIDED,STRAIGHT AND LEVEL,WET,NO DEFECTS,ON SCENE,NO INJURY / DRIVE AWAY,,"OVER $1,500",2025-07-30T15:10:00.000,IMPROPER TURNING/NO SIGNAL,NOT APPLICABLE,746,N,CICERO AVE,1531,2,NO INDICATION OF INJURY,0,0,0,0,0,2,0,15,4,7,41.8945589518,-87.7459399731,"{'type': 'Point', 'coordinates': [-87.74593997312, 41.894558951838]}",,,Y,,,,,,,
fc6ef99eeee20236633b3079a33ac84c3523a3102d86e365c1bece61287883f13481cf84059a8aed5d477f689adb90a1b8fa117171e6d84a1e31abae8b5efcd6,2025-07-30T15:06:00.000,20,STOP SIGN/FLASHER,OTHER,RAIN,DAYLIGHT,ANGLE,FOUR WAY,STRAIGHT AND LEVEL,WET,NO DEFECTS,ON SCENE,INJURY AND / OR TOW DUE TO CRASH,Y,"OVER $1,500",2025-07-30T15:07:00.000,FAILING TO YIELD RIGHT-OF-WAY,WEATHER,27,W,HARRISON ST,123,2,"REPORTED, NOT EVIDENT",1,0,0,0,1,1,0,15,4,7,41.8744360954,-87.6286294447,"{'type': 'Point', 'coordinates': [-87.628629444716, 41.87443609544]}",,,,,,,,,,
54e15967bfceb15c11851e1088a2ee32f320d21f8f9d39b28a2a3270f7bef266970f2344b72cdd7460f996bf95884df5e1e23e5a506e15cf60c89497bb1d614c,2025-07-30T15:05:00.000,30,NO CONTROLS,NO CONTROLS,RAIN,DAYLIGHT,REAR END,NOT DIVIDED,STRAIGHT AND LEVEL,WET,NO DEFECTS,NOT ON SCENE (DESK REPORT),NO INJURY / DRIVE AWAY,,"OVER $1,500",2025-07-30T16:25:00.000,FOLLOWING TOO CLOSELY,FOLLOWING TOO CLOSELY,6415,N,CENTRAL AVE,1621,3,NO INDICATION OF INJURY,0,0,0,0,0,3,0,15,4,7,41.9978600139,-87.7634457986,"{'type': 'Point', 'coordinates': [-87.763445798561, 41.997860013911]}",,,,,,,,,,