crash_record_id,crash_date,posted_speed_limit,traffic_control_device,device_condition,weather_condition,lighting_condition,first_crash_type,trafficway_type,alignment,roadway_surface_cond,road_defect,report_type,crash_type,intersection_related_i,damage,date_police_notified,prim_contributory_cause,sec_contributory_cause,street_no,street_direction,street_name,beat_of_occurrence,num_units,most_severe_injury,injuries_total,injuries_fatal,injuries_incapacitating,injuries_non_incapacitating,injuries_reported_not_evident,injuries_no_indication,injuries_unknown,crash_hour,crash_day_of_week,crash_month,latitude,longitude,location,private_property_i,photos_taken_i,hit_and_run_i,statements_taken_i,crash_date_est_i,work_zone_i,work_zone_type,dooring_i,lane_cnt,workers_present_i
853947310ff675199693c9c3c987686f9f512a4fca382fa1e7e00e2d94f8f8cebf4ee590acd93322628ddbaa482db9a098a05e33948831c8e424a8d161b698a4,2025-07-30T15:00:00.000,30,UNKNOWN,UNKNOWN,CLEAR,DAYLIGHT,REAR END,UNKNOWN,STRAIGHT AND LEVEL,DRY,UNKNOWN,NOT ON SCENE (DESK REPORT),NO INJURY / DRIVE AWAY,,"OVER $1,500",2025-07-30T16:30:00.000,UNABLE TO DETERMINE,UNABLE TO DETERMINE,3000,N,LAKE SHORE DR,1934,2,NO INDICATION OF INJURY,0,0,0,0,0,2,0,15,4,7,41.9366583527,-87.6370090341,"{'type': 'Point', 'coordinates': [-87.637009034085, 41.936658352704]}",,,,,,,,,,
86274ed67dfd5d815d3f352a80c276f182075e8c4d9685ba7f9641ecb05cf75dbf84f0d429bbe34ed1a08db8bbf740b1ea504c631108c4d8fc8ac84c25e5963b,2025-07-30T15:00:00.000,30,TRAFFIC SIGNAL,FUNCTIONING PROPERLY,RAIN,DAYLIGHT,TURNING,FOUR WAY,STRAIGHT AND LEVEL,WET,UNKNOWN,NOT ON SCENE (DESK REPORT),NO INJURY / DRIVE AWAY,,"OVER $1,500",2025-07-30T15:30:00.000,UNABLE TO DETERMINE,NOT APPLICABLE,1700,W,IRVING PARK RD,1912,2,NO INDICATION OF INJURY,0,0,0,0,0,2,0,15,4,7,41.9543652058,-87.6714837421,"{'type': 'Point', 'coordinates': [-87.671483742136, 41.954365205757]}",,,,,Y,,,,,
ba8221b637a4f26bf096bd3269f5a1aa68548d101237887b3cc49611a94488cc61f8fb4920a42565100129d2621136b4a6b6e8f72f48bab74b7d3203c272e130,2025-07-30T15:00:00.000,30,NO CONTROLS,NO CONTROLS,UNKNOWN,DAYLIGHT,PARKED MOTOR VEHICLE,DIVIDED - W/MEDIAN (NOT RAISED),STRAIGHT AND LEVEL,UNKNOWN,NO DEFECTS,NOT ON SCENE (DESK REPORT),NO INJURY / DRIVE AWAY,,"OVER $1,500",2025-07-31T11:00:00.000,UNABLE TO DETERMINE,UNABLE TO DETERMINE,5868,N,KOLMAR AVE,1711,2,NO INDICATION OF INJURY,0,0,0,0,0,1,0,15,4,7,41.9877213254,-87.7420984152,"{'type': 'Point', 'coordinates': [-87.742098415242, 41.987721325366]}",,,Y,,,,,,,
ec6b524c28404d07a83b7a6a97dd0e70b029da957c74a95e62cacbadc36187a3259403bf67f5de4c610ec331d75fd5d9567fa7f57a6962665913f476045a1007,2025-07-30T15:00:00.000,30,OTHER REG. SIGN,FUNCTIONING PROPERLY,CLEAR,DAYLIGHT,SIDESWIPE SAME DIRECTION,FOUR WAY,STRAIGHT AND LEVEL,DRY,NO DEFECTS,NOT ON SCENE (DESK REPORT),NO INJURY / DRIVE AWAY,Y,"OVER $1,500",2025-07-31T08:30:00.000,DRIVING SKILLS/KNOWLEDGE/EXPERIENCE,UNABLE TO DETERMINE,6,E,MONROE ST,112,2,NO INDICATION OF INJURY,0,0,0,0,0,2,0,15,4,7,41.8808780905,-87.6275182029,"{'type': 'Point', 'coordinates': [-87.627518202922, 41.880878090525]}",,,,,,,,,,
54fc69e05de7768d5168af42ac15b270ae66c4835856ee9a2265b8df39aeddff55121e2b82374181f9b91b9b0df53c90f1df8a88897eb4b6e6a10c72bbd95d6f,2025-07-30T14:54:00.000,20,NO CONTROLS,NO CONTROLS,RAIN,DAYLIGHT,ANGLE,FOUR WAY,STRAIGHT AND LEVEL,WET,NO DEFECTS,ON SCENE,INJURY AND / OR TOW DUE TO CRASH,Y,"OVER $1,500",2025-07-30T15:07:00.000,FAILING TO YIELD RIGHT-OF-WAY,NOT APPLICABLE,3550,W,OGDEN AVE,1021,2,NO INDICATION OF INJURY,0,0,0,0,0,2,0,14,4,7,41.8548734245,-87.7145539173,"{'type': 'Point', 'coordinates': [-87.71455391734, 41.854873424459]}",,,,,,,,,,
7ccf92f99a977f8b442c22a6422da5cc869ac89769c4e949037347619f5d0214be6fbd1b7eba7859c12b9a5a5b76116db94715bc44e936bb06a0112a7e385d42,2025-07-30T14:53:00.000,30,UNKNOWN,UNKNOWN,UNKNOWN,DAYLIGHT,REAR END,DIVIDED - W/MEDIAN (NOT RAISED),STRAIGHT AND LEVEL,UNKNOWN,UNKNOWN,NOT ON SCENE (DESK REPORT),NO INJURY / DRIVE AWAY,,"OVER $1,500",2025-08-06T11:50:00.000,FOLLOWING TOO CLOSELY,UNABLE TO DETERMINE,420,S,PULASKI RD,1132,2,NO INDICATION OF INJURY,0,0,0,0,0,2,0,14,4,7,41.8745373122,-87.7255969017,"{'type': 'Point', 'coordinates': [-87.725596901652, 41.874537312209]}",,,,,,,,,,
ba204981f6a3b168370802d78aab726bd837f1bf2c3991518502c607b91a4d0ab288266567a78b6b9655627fc51b869f802823fb2d7ea4cdfe08f5bdc3194a02,2025-07-30T14:53:00.000,30,NO CONTROLS,NO CONTROLS,RAIN,DAYLIGHT,SIDESWIPE SAME DIRECTION,NOT DIVIDED,STRAIGHT AND LEVEL,WET,NO DEFECTS,NOT ON SCENE (DESK REPORT),NO INJURY / DRIVE AWAY,,"$501 - $1,500",2025-07-30T16:04:00.000,IMPROPER OVERTAKING/PASSING,NOT APPLICABLE,5400,S,PULASKI RD,815,2,NO INDICATION OF INJURY,0,0,0,0,0,4,0,14,4,7,41.7949574448,-87.723356565,"{'type': 'Point', 'coordinates': [-87.723356564996, 41.794957444828]}",,,,,,,,,,
4da0d072a5f92037be648f807268935bc7e0876551ee256de696c29408984079ccd7daddb7b962f4f04015f29a9cf1cf4846e0a2a60d0ea54caa3151891f2a5c,2025-07-30T14:50:00.000,30,TRAFFIC SIGNAL,FUNCTIONING PROPERLY,RAIN,DAYLIGHT,REAR END,DIVIDED - W/MEDIAN (NOT RAISED),STRAIGHT AND LEVEL,WET,SHOULDER DEFECT,NOT ON SCENE (DESK REPORT),NO INJURY / DRIVE AWAY,,"OVER $1,500",2025-07-30T15:30:00.000,NOT APPLICABLE,NOT APPLICABLE,5500,N,LINCOLN AVE,2011,2,NO INDICATION OF INJURY,0,0,0,0,0,2,0,14,4,7,41.9813839746,-87.6929494035,"{'type': 'Point', 'coordinates': [-87.692949403471, 41.981383974586]}",,,,,,,,,,
4223b9fbce8696e4c80734c1024411a6d277e3a6d538e74c6bc2df4696b6e24fcecb5a494bfcd15ff4e038021ebb6ee033ca80513aa723bcc97f7ace60ff7ad3,2025-07-30T14:43:00.000,30,TRAFFIC SIGNAL,FUNCTIONING PROPERLY,RAIN,DAYLIGHT,PARKED MOTOR VEHICLE,DIVIDED - W/MEDIAN (NOT RAISED),STRAIGHT AND LEVEL,DRY,NO DEFECTS,NOT ON SCENE (DESK REPORT),NO INJURY / DRIVE AWAY,,"OVER $1,500",2025-07-30T14:50:00.000,"OPERATING VEHICLE IN ERRATIC, RECKLESS, CARELESS, NEGLIGENT OR AGGRESSIVE MANNER","OPERATING VEHICLE IN ERRATIC, RECKLESS, CARELESS, NEGLIGENT OR AGGRESSIVE MANNER",7393,N,ROGERS AVE,2424,2,NO INDICATION OF INJURY,0,0,0,0,0,1,0,14,4,7,42.0157682514,-87.6755442089,"{'type': 'Point', 'coordinates': [-87.675544208916, 42.015768251377]}",,,Y,,,,,,,
03ba58af5ef0091930dd633a34382ec83ed2a6a7ba92ab04f97b00f4f9b9ee4f80e6643b650d9409d0c663c3aa422b086fa2254b7163eaf334f04f94d40fbfcf,2025-07-30T14:42:00.000,30,UNKNOWN,UNKNOWN,RAIN,DAYLIGHT,TURNING,NOT DIVIDED,STRAIGHT AND LEVEL,WET,UNKNOWN,ON SCENE,INJURY AND / OR TOW DUE TO CRASH,,"OVER $1,500",2025-07-30T14:42:00.000,FAILING TO YIELD RIGHT-OF-WAY,NOT APPLICABLE,1152,S,KOSTNER AVE,1131,2,INCAPACITATING INJURY,3,0,2,1,0,0,0,14,4,7,41.8662792281,-87.7351197732,"{'type': 'Point', 'coordinates': [-87.735119773231, 41.866279228104]}",,,,,,,,,,
27bb781f8b18e64c03c00a998403861f02252d67fbb1ef1bd7e982f494dd133f36d182a2128421325b825f9934878572c22631b823cf3979b5314873d4da5d8f,2025-07-30T14:40:00.000,30,TRAFFIC SIGNAL,FUNCTIONING PROPERLY,RAIN,DAYLIGHT,HEAD ON,NOT DIVIDED,STRAIGHT AND LEVEL,WET,NO DEFECTS,ON SCENE,INJURY AND / OR TOW DUE TO CRASH,,"OVER $1,500",2025-07-30T15:09:00.000,WEATHER,NOT APPLICABLE,1800,S,WENTWORTH AVE,914,2,NO INDICATION OF INJURY,0,0,0,0,0,2,0,14,4,7,41.8577437509,-87.6320390628,"{'type': 'Point', 'coordinates': [-87.632039062819, 41.857743750896]}",,,,,,,,,,
34cb2ad944278e43f0c15721c4f300e5155e4bfb594f312f78edcf9cd3d4f8494344195ec3fa69a8e1130c3ceeda3c7c6686100f1283e969fc7a7786d26ff768,2025-07-30T14:36:00.000,30,STOP SIGN/FLASHER,FUNCTIONING PROPERLY,RAIN,DAYLIGHT,ANGLE,NOT DIVIDED,STRAIGHT AND LEVEL,WET,NO DEFECTS,NOT ON SCENE (DESK REPORT),NO INJURY / DRIVE AWAY,Y,"OVER $1,500",2025-07-30T14:45:00.000,FAILING TO YIELD RIGHT-OF-WAY,FAILING TO YIELD RIGHT-OF-WAY,5300,S,CORNELL AVE,234,2,NO INDICATION OF INJURY,0,0,0,0,0,2,0,14,4,7,41.7995205923,-87.5856584015,"{'type': 'Point', 'coordinates': [-87.585658401531, 41.799520592281]}",,,,,,,,,,
14afb4d00d65adca889a4a473ff6e9b71b9d0ac26b07ef9ecc944901884058ce31635c3c5fa321b4f9d5094c65990b42a5d2128c655fed739cdd22f7f25e95cc,2025-07-30T14:35:00.000,30,TRAFFIC SIGNAL,FUNCTIONING PROPERLY,RAIN,DAYLIGHT,ANGLE,FOUR WAY,STRAIGHT AND LEVEL,WET,UNKNOWN,ON SCENE,NO INJURY / DRIVE AWAY,Y,"OVER $1,500",2025-07-30T14:35:00.000,DISREGARDING TRAFFIC SIGNALS,DISREGARDING TRAFFIC SIGNALS,3150,W,TOUHY AVE,2411,3,NO INDICATION OF INJURY,0,0,0,0,0,4,0,14,4,7,42.0119771559,-87.7086716342,"{'type': 'Point', 'coordinates': [-87.708671634166, 42.011977155886]}",,,Y,,,,,,,
ff60ba5e5c32748c5df6c49a63e127beedf717ad8fe3b3025a23b3a1f5c6e9b5383ab42a0437cc50031aae50fc99f331678471d46d75229c5bfb5678abb669fc,2025-07-30T14:32:00.000,35,NO CONTROLS,NO CONTROLS,RAIN,DAYLIGHT,PARKED MOTOR VEHICLE,DIVIDED - W/MEDIAN (NOT RAISED),STRAIGHT AND LEVEL,WET,NO DEFECTS,ON SCENE,NO INJURY / DRIVE AWAY,,"OVER $1,500",2025-07-30T16:53:00.000,FOLLOWING TOO CLOSELY,UNABLE TO DETERMINE,6400,S,WESTERN AVE,825,2,NO INDICATION OF INJURY,0,0,0,0,0,1,0,14,4,7,41.7773252728,-87.6837383935,"{'type': 'Point', 'coordinates': [-87.683738393495, 41.777325272828]}",,,,,,,,,,
6782b53bb37538d7e4849a3527d116cd34f802b7fb0f2e8a227e087dcb5c38eb70923c44f9c4947c7aad09a1fb41350c0a09fb7d3db91e3c2ed6f61a1e6ab901,2025-07-30T14:31:00.000,30,UNKNOWN,UNKNOWN,RAIN,DAYLIGHT,TURNING,FOUR WAY,STRAIGHT AND LEVEL,WET,UNKNOWN,ON SCENE,INJURY AND / OR TOW DUE TO CRASH,Y,"OVER $1,500",2025-07-30T15:00:00.000,UNABLE TO DETERMINE,NOT APPLICABLE,8700,S,ASHLAND AVE,2221,2,NONINCAPACITATING INJURY,1,0,0,1,0,1,0,14,4,7,41.7356969886,-87.6632095445,"{'type': 'Point', 'coordinates': [-87.663209544457, 41.735696988636]}",,,,,,,,,,
c2cf4076b367e925298892d7b18d0a3d95a2d9415016b36e7f08b30becffff20d73e167393d3d1b11bcb738b9d4a44c47380641a799123ceed56ff2c8370f654,2025-07-30T14:30:00.000,30,NO CONTROLS,NO CONTROLS,FREEZING RAIN/DRIZZLE,DAYLIGHT,REAR END,NOT DIVIDED,STRAIGHT AND LEVEL,WET,NO DEFECTS,NOT ON SCENE (DESK REPORT),NO INJURY / DRIVE AWAY,,"$501 - $1,500",2025-07-30T17:05:00.000,FOLLOWING TOO CLOSELY,NOT APPLICABLE,3611,W,OGDEN AVE,1014,2,NO INDICATION OF INJURY,0,0,0,0,0,2,0,14,4,7,41.8541534587,-87.7154864784,"{'type': 'Point', 'coordinates': [-87.715486478362, 41.854153458703]}",,,,,,,,,,
e6643f3546fdb5d65fc927fcb5d4524bbf4839fb73e156e4baddea9d8f55de11729fdf7c8fc08b3d742f7493881c7fe9a5ea161a5efc80a0a88a79ce5a5b0947,2025-07-30T14:30:00.000,30,NO CONTROLS,NO CONTROLS,RAIN,DAYLIGHT,REAR END,NOT DIVIDED,STRAIGHT AND LEVEL,WET,UNKNOWN,NOT ON SCENE (DESK REPORT),NO INJURY / DRIVE AWAY,,"$501 - $1,500",2025-07-30T15:26:00.000,UNABLE TO DETERMINE,UNABLE TO DETERMINE,6424,S,CICERO AVE,813,2,NO INDICATION OF INJURY,0,0,0,0,0,3,0,14,4,7,41.7758333816,-87.7423304326,"{'type': 'Point', 'coordinates': [-87.742330432554, 41.775833381578]}",,,,,,,,,,
ec762b646adf8a7f5e4f8e586c4e25cee75909243f0308991316682faf75844f71e54aa5d6889b212945a1d532be1fba4d3cdf1ce936fbb78b2a8e1db315abe9,2025-07-30T14:30:00.000,30,UNKNOWN,UNKNOWN,RAIN,DAYLIGHT,REAR TO FRONT,NOT DIVIDED,STRAIGHT AND LEVEL,UNKNOWN,UNKNOWN,NOT ON SCENE (DESK REPORT),NO INJURY / DRIVE AWAY,,"OVER $1,500",2025-07-30T15:00:00.000,UNABLE TO DETERMINE,UNABLE TO DETERMINE,1550,N,KINGSBURY ST,1822,2,NO INDICATION OF INJURY,0,0,0,0,0,2,0,14,4,7,41.9093987878,-87.6530506979,"{'type': 'Point', 'coordinates': [-87.653050697894, 41.909398787809]}",,,,,,,,,,
21fadd2778c844c30f57fb880173250f0d00795bc31242195c3bc3fa97be8822c7f1822d11d8f9e74d88f4305617dd0bb7b841e7e0f183cd7bd42feaa957bcec,2025-07-30T14:25:00.000,30,NO CONTROLS,NO CONTROLS,RAIN,DAYLIGHT,REAR END,DIVIDED - W/MEDIAN (NOT RAISED),STRAIGHT AND LEVEL,WET,NO DEFECTS,NOT ON SCENE (DESK REPORT),NO INJURY / DRIVE AWAY,,"OVER $1,500",2025-07-30T14:45:00.000,FOLLOWING TOO CLOSELY,UNABLE TO DETERMINE,4500,N,ELSTON AVE,1722,2,NO INDICATION OF INJURY,0,0,0,0,0,2,0,14,4,7,41.9624697349,-87.7321502804,"{'type': 'Point', 'coordinates': [-87.732150280382, 41.962469734873]}",,,,,,,,,,
f4f77c6f523ff3106a36348aa771bd2cd1d606637ab8712c930a058066be6c44f994cd0e412d5ce1d3d9bdfeb8eaa376197a2386f0a89927e632679879f1c757,2025-07-30T14:25:00.000,30,TRAFFIC SIGNAL,FUNCTIONING PROPERLY,CLEAR,DAYLIGHT,TURNING,NOT DIVIDED,STRAIGHT AND LEVEL,DRY,NO DEFECTS,NOT ON SCENE (DESK REPORT),NO INJURY / DRIVE AWAY,,"OVER $1,500",2025-08-01T15:30:00.000,IMPROPER TURNING/NO SIGNAL,NOT APPLICABLE,4001,W,MARQUETTE RD,833,2,NO INDICATION OF INJURY,0,0,0,0,0,2,0,14,4,7,41.7712632905,-87.7226339269,"{'type': 'Point', 'coordinates': [-87.722633926947, 41.771263290476]}",,,,,,,,,,
088dd1f8f2e782f5db6a9b7a08d529d61ce6a6bdc4fa461aefb1222a240d19f5b0e968cb69478a1590fbe1c360ad9ffab73d343c8907ac7471f52b041a6e70bb,2025-07-30T14:24:00.000,30,NO CONTROLS,NO CONTROLS,RAIN,DAYLIGHT,TURNING,NOT DIVIDED,STRAIGHT AND LEVEL,WET,NO DEFECTS,NOT ON SCENE (DESK REPORT),NO INJURY / DRIVE AWAY,,"$501 - $1,500",2025-07-30T15:05:00.000,NOT APPLICABLE,NOT APPLICABLE,6448,S,KEDZIE AVE,823,2,NO INDICATION OF INJURY,0,0,0,0,0,2,0,14,4,7,41.7756391494,-87.7032068591,"{'type': 'Point', 'coordinates': [-87.703206859061, 41.775639149418]}",,,,,,,,,,
6c1b07fc19773b645ebb85ea17fd0e220aa4eb658a96887325050c47d03f5c460ddb20483f5a8b55385b0dfc534b9c9f7e18274ebbda11e2b7353c63ba4a748d,2025-07-30T14:23:00.000,30,NO CONTROLS,NO CONTROLS,RAIN,DAYLIGHT,REAR END,DIVIDED - W/MEDIAN (NOT RAISED),STRAIGHT AND LEVEL,WET,NO DEFECTS,NOT ON SCENE (DESK REPORT),INJURY AND / OR TOW DUE TO CRASH,,"OVER $1,500",2025-07-30T15:20:00.000,UNABLE TO DETERMINE,NOT APPLICABLE,10046,S,EWING AVE,432,2,"REPORTED, NOT EVIDENT",1,0,0,0,1,4,0,14,4,7,41.7125385113,-87.5354230924,"{'type': 'Point', 'coordinates': [-87.535423092356, 41.712538511349]}",,,Y,,,,,,,
96a437a502cfaa18cc1455e6fee79735d03f0a7d2813591e2fc6652889f2a5cfd3f8a601ae91a75181273d04140af70436d345f1dd67ab3c27cd416b5e745d5f,2025-07-30T14:20:00.000,30,NO CONTROLS,NO CONTROLS,RAIN,DAYLIGHT,PARKED MOTOR VEHICLE,DIVIDED - W/MEDIAN (NOT RAISED),STRAIGHT AND LEVEL,WET,NO DEFECTS,NOT ON SCENE (DESK REPORT),NO INJURY / DRIVE AWAY,,"OVER $1,500",2025-07-30T15:45:00.000,UNABLE TO DETERMINE,UNABLE TO DETERMINE,3534,W,NORTH AVE,1422,2,NO INDICATION OF INJURY,0,0,0,0,0,2,0,14,4,7,41.9101173177,-87.7155255492,"{'type': 'Point', 'coordinates': [-87.715525549195, 41.910117317692]}",,,,,,,,,,
c4768bd9dd82f30c7623178c57c0964281944b295306a426fc3007d9920897bce2bbe438c34eb803c753ae0baa3fd16a7c8c0331ca6f6c199d7499032c46156a,2025-07-30T14:18:00.000,35,TRAFFIC SIGNAL,FUNCTIONING PROPERLY,RAIN,DAYLIGHT,SIDESWIPE SAME DIRECTION,DIVIDED - W/MEDIAN (NOT RAISED),STRAIGHT AND LEVEL,WET,NO DEFECTS,NOT ON SCENE (DESK REPORT),NO INJURY / DRIVE AWAY,Y,"OVER $1,500",2025-07-30T14:40:00.000,UNABLE TO DETERMINE,UNABLE TO DETERMINE,1401,S,MICHIGAN AVE,132,2,NO INDICATION OF INJURY,0,0,0,0,0,2,0,14,4,7,41.8640025957,-87.6239320493,"{'type': 'Point', 'coordinates': [-87.623932049301, 41.864002595738]}",,Y,,N,,,,,,
e7c7c8aa80376e287f06fcc36a7557c567d298766cd93dee427dd38bd99aa5570771054c9b00aa1cd826cbfe52f2e87444e6106d14245cdaa18fee49d18b37ad,2025-07-30T14:15:00.000,25,NO CONTROLS,NO CONTROLS,UNKNOWN,DAYLIGHT,ANGLE,DIVIDED - W/MEDIAN (NOT RAISED),STRAIGHT AND LEVEL,UNKNOWN,UNKNOWN,NOT ON SCENE (DESK REPORT),NO INJURY / DRIVE AWAY,,"OVER $1,500",2025-07-30T16:25:00.000,FAILING TO YIELD RIGHT-OF-WAY,FAILING TO YIELD RIGHT-OF-WAY,1718,W,HIGHLAND AVE,2433,2,NO INDICATION OF INJURY,0,0,0,0,0,2,0,14,4,7,41.9969350197,-87.6727597412,"{'type': 'Point', 'coordinates': [-87.672759741247, 41.996935019695]}",,,,,,,,,,
edbb22e1c02827deac8d6a3dbcda995b6a507b80fc6d9ed8789b7e6736f92e22bcebd6cf895dc1b902cfd03f3315f9c5ae75b3cce03d933bfb303c70581f58ea,2025-07-30T14:15:00.000,30,NO CONTROLS,NO CONTROLS,CLOUDY/OVERCAST,DAYLIGHT,SIDESWIPE SAME DIRECTION,DIVIDED - W/MEDIAN (NOT RAISED),STRAIGHT AND LEVEL,UNKNOWN,UNKNOWN,NOT ON SCENE (DESK REPORT),NO INJURY / DRIVE AWAY,,"OVER $1,500",2025-07-30T15:00:00.000,UNABLE TO DETERMINE,UNABLE TO DETERMINE,4750,W,NORTH AVE,2533,2,NO INDICATION OF INJURY,0,0,0,0,0,3,0,14,4,7,41.9097403479,-87.7457416028,"{'type': 'Point', 'coordinates': [-87.74574160284, 41.909740347917]}",,,,,,,,,,
0dd292df95e32b4280691d573b8e566cee39698eabb4abb7e57cbebdc434bf55e29f6ee5ea6e736f845a08a9b5e26461ec8570b471a615c6df449ec120f77ac9,2025-07-30T14:13:00.000,35,TRAFFIC SIGNAL,FUNCTIONING PROPERLY,RAIN,DAYLIGHT,SIDESWIPE SAME DIRECTION,FOUR WAY,STRAIGHT AND LEVEL,WET,NO DEFECTS,NOT ON SCENE (DESK REPORT),NO INJURY / DRIVE AWAY,Y,"OVER $1,500",2025-07-30T16:48:00.000,IMPROPER OVERTAKING/PASSING,NOT APPLICABLE,191,N,WACKER DR,122,2,NO INDICATION OF INJURY,0,0,0,0,0,2,0,14,4,7,41.8855344999,-87.6366760915,"{'type': 'Point', 'coordinates': [-87.636676091475, 41.885534499942]}",,Y,,,,,,,,
55badb1a3a7c6dab6d29fc921b52914a4ecd832334f137cc8d92ee9d8c629a1278fe5752d413ac9c39c40a55faf1347ad73e2913beaf990514dc0d05fb500e12,2025-07-30T14:10:00.000,30,TRAFFIC SIGNAL,FUNCTIONING PROPERLY,RAIN,DAYLIGHT,REAR END,ONE-WAY,STRAIGHT AND LEVEL,WET,NO DEFECTS,NOT ON SCENE (DESK REPORT),NO INJURY / DRIVE AWAY,,"OVER $1,500",2025-07-30T17:15:00.000,UNABLE TO DETERMINE,UNABLE TO DETERMINE,500,S,KOSTNER AVE,1131,2,NO INDICATION OF INJURY,0,0,0,0,0,3,0,14,4,7,41.8742110549,-87.7353870892,"{'type': 'Point', 'coordinates': [-87.735387089165, 41.874211054858]}",,,Y,,,,,,,
019702c91a1be2f1351bbc6c35b81e6b51b92e1e94a0425a093e50050fb606d63fa9f2fa5095c7bcc626b1850d8a5aedf0ca24e5dca04294024082bd6de1cb76,2025-07-30T14:07:00.000,30,TRAFFIC SIGNAL,UNKNOWN,RAIN,DAYLIGHT,PEDESTRIAN,NOT DIVIDED,STRAIGHT AND LEVEL,WET,UNKNOWN,ON SCENE,INJURY AND / OR TOW DUE TO CRASH,,"OVER $1,500",2025-07-30T14:08:00.000,UNABLE TO DETERMINE,UNABLE TO DETERMINE,5320,N,KEDZIE AVE,1712,2,NONINCAPACITATING INJURY,1,0,0,1,0,1,0,14,4,7,41.9782413944,-87.7088900022,"{'type': 'Point', 'coordinates': [-87.708890002237, 41.978241394444]}",,,,,,,,,,
6fab42fae9c255d3a30961d82b71efdfe95fe42b15d9d68c179e0098fe933d3018bbb3365253a19a273a83cd314552e96c4404e68a7c15ec876958da8bd0644a,2025-07-30T14:06:00.000,30,TRAFFIC SIGNAL,FUNCTIONING PROPERLY,RAIN,DAYLIGHT,REAR END,NOT DIVIDED,STRAIGHT ON GRADE,WET,NO DEFECTS,ON SCENE,NO INJURY / DRIVE AWAY,,"OVER $1,500",2025-07-30T14:07:00.000,UNABLE TO DETERMINE,NOT APPLICABLE,1810,N,CENTRAL AVE,2531,2,NO INDICATION OF INJURY,0,0,0,0,0,2,0,14,4,7,41.9133920303,-87.7657899825,"{'type': 'Point', 'coordinates': [-87.765789982542, 41.913392030269]}",,,,,,,,,,
ee789e978f822300c05c1fa5133a5bef3e618bd7a2a4860b0ae87249d13aae82bc933e9276371f3e4307752d9ecc6add2de54336c7f78a9ce8b6b5907e49958a,2025-07-30T14:06:00.000,30,STOP SIGN/FLASHER,FUNCTIONING PROPERLY,RAIN,DAYLIGHT,ANGLE,FOUR WAY,STRAIGHT AND LEVEL,WET,NO DEFECTS,ON SCENE,INJURY AND / OR TOW DUE TO CRASH,Y,"OVER $1,500",2025-07-30T14:06:00.000,DISREGARDING STOP SIGN,FAILING TO YIELD RIGHT-OF-WAY,2504,W,DIVISION ST,1423,3,"REPORTED, NOT EVIDENT",1,0,0,0,1,3,0,14,4,7,41.9031005765,-87.6897225864,"{'type': 'Point', 'coordinates': [-87.6897225864, 41.903100576546]}",,,,,,,,,,
6ba4c2e9c6ff1b35059a1238e06854c80804a1c2387d06812ef419378809811956b1cd70d61deb8098825e7fbb3a3a83f7d00036d60a0b2191d259b3c3ad49bb,2025-07-30T14:05:00.000,30,STOP SIGN/FLASHER,FUNCTIONING PROPERLY,CLEAR,DAYLIGHT,ANGLE,NOT DIVIDED,STRAIGHT AND LEVEL,WET,UNKNOWN,NOT ON SCENE (DESK REPORT),NO INJURY / DRIVE AWAY,Y,"OVER $1,500",2025-07-30T15:45:00.000,FAILING TO YIELD RIGHT-OF-WAY,UNABLE TO DETERMINE,5300,S,CORNELL AVE,234,2,NO INDICATION OF INJURY,0,0,0,0,0,3,0,14,4,7,41.7995205923,-87.5856584015,"{'type': 'Point', 'coordinates': [-87.585658401531, 41.799520592281]}",,,,,,,,,,
8bd1309654d5106626cc12061d2a67072a91c3ed4a4bbe77eba607e5877d0452e7f7c334d8156761aadad4222eb3360f5acf10e9ede2c37b26b8341f604e7d5f,2025-07-30T14:05:00.000,30,TRAFFIC SIGNAL,FUNCTIONING PROPERLY,RAIN,DAYLIGHT,TURNING,DIVIDED - W/MEDIAN (NOT RAISED),STRAIGHT AND LEVEL,WET,UNKNOWN,NOT ON SCENE (DESK REPORT),NO INJURY / DRIVE AWAY,Y,"OVER $1,500",2025-07-30T14:50:00.000,UNABLE TO DETERMINE,UNABLE TO DETERMINE,2400,W,CHICAGO AVE,1212,2,NO INDICATION OF INJURY,0,0,0,0,0,2,0,14,4,7,41.8958510411,-87.6869689347,"{'type': 'Point', 'coordinates': [-87.686968934685, 41.895851041124]}",,,,,,,,,,
294641c9c80b840c4d51cf980879ee17d2868e4e1874772e96ba46dd438658f0c72a0668107fa3e0269a423d0c9b39b674dc2b16707d3bbd4d73c68f2300e102,2025-07-30T14:00:00.000,25,NO CONTROLS,NO CONTROLS,CLEAR,DAYLIGHT,PARKED MOTOR VEHICLE,NOT DIVIDED,STRAIGHT AND LEVEL,DRY,NO DEFECTS,NOT ON SCENE (DESK REPORT),NO INJURY / DRIVE AWAY,,"OVER $1,500",2025-07-30T16:53:00.000,NOT APPLICABLE,NOT APPLICABLE,1333,W,ARDMORE AVE,2013,2,NO INDICATION OF INJURY,0,0,0,0,0,1,0,14,4,7,41.9879822554,-87.6646088279,"{'type': 'Point', 'coordinates': [-87.664608827851, 41.987982255449]}",,,,,,,,,,