crash_record_id,crash_date,posted_speed_limit,traffic_control_device,device_condition,weather_condition,lighting_condition,first_crash_type,trafficway_type,alignment,roadway_surface_cond,road_defect,report_type,crash_type,intersection_related_i,damage,date_police_notified,prim_contributory_cause,sec_contributory_cause,street_no,street_direction,street_name,beat_of_occurrence,num_units,most_severe_injury,injuries_total,injuries_fatal,injuries_incapacitating,injuries_non_incapacitating,injuries_reported_not_evident,injuries_no_indication,injuries_unknown,crash_hour,crash_day_of_week,crash_month,latitude,longitude,location,private_property_i,photos_taken_i,hit_and_run_i,statements_taken_i,crash_date_est_i,work_zone_i,work_zone_type,dooring_i,lane_cnt,workers_present_i
36f6325ebcfac55619f3190ef9ee425a02979e0b99b9874afdf898c01c54a6012215a30164942969ad46f20d3b7abee418600a6913bceac5122aef68a8e2e6c5,2025-07-30T14:00:00.000,30,NO CONTROLS,NO CONTROLS,CLEAR,DAYLIGHT,OTHER OBJECT,ALLEY,STRAIGHT AND LEVEL,DRY,NO DEFECTS,NOT ON SCENE (DESK REPORT),NO INJURY / DRIVE AWAY,,$500 OR LESS,2025-07-30T18:50:00.000,NOT APPLICABLE,NOT APPLICABLE,4157,N,LINCOLN AVE,1911,1,NO INDICATION OF INJURY,0,0,0,0,0,1,0,14,4,7,41.9575051766,-87.6809391467,"{'type': 'Point', 'coordinates': [-87.680939146663, 41.957505176618]}",,,,,,,,,,
5387fa4af811ca060e8666361fc15f0c9c829fea80db1bdc60d3735a29e8baa97008bf9afc1f1aea519b6ae7c361d13cdf1ed5f4b7dbf94ebbe0f4db4c66d750,2025-07-30T14:00:00.000,30,NO CONTROLS,NO CONTROLS,RAIN,DAYLIGHT,REAR END,NOT DIVIDED,STRAIGHT AND LEVEL,WET,NO DEFECTS,NOT ON SCENE (DESK REPORT),NO INJURY / DRIVE AWAY,,"OVER $1,500",2025-07-30T15:41:00.000,FOLLOWING TOO CLOSELY,NOT APPLICABLE,6300,S,CICERO AVE,813,2,NO INDICATION OF INJURY,0,0,0,0,0,2,0,14,4,7,41.7783353905,-87.7424364942,"{'type': 'Point', 'coordinates': [-87.74243649416, 41.778335390453]}",,,,,,,,,,
72631ea297718bdae2563ddf7755d0d150d57d990cef5587fa9b06ffc742b88aefbce2a9bc66a5617fdb54d5b20970d80a82ee7439fe08e893c783c8256b7757,2025-07-30T14:00:00.000,30,NO CONTROLS,UNKNOWN,UNKNOWN,UNKNOWN,PARKED MOTOR VEHICLE,ONE-WAY,STRAIGHT AND LEVEL,UNKNOWN,UNKNOWN,NOT ON SCENE (DESK REPORT),NO INJURY / DRIVE AWAY,,"OVER $1,500",2025-07-30T18:14:00.000,IMPROPER OVERTAKING/PASSING,IMPROPER OVERTAKING/PASSING,6434,N,MAPLEWOOD AVE,2412,2,NO INDICATION OF INJURY,0,0,0,0,0,1,0,14,4,7,41.9987125235,-87.6937178756,"{'type': 'Point', 'coordinates': [-87.693717875613, 41.998712523458]}",,,Y,,,,,,,
74e0c3c8b16b69cc774d2e75006d35383196b40ce3e9ee842646564309e43b33a22c79b8cacd3d6502e9003a8d5956a507dde7c559d5b5ebffe61763636ce7b7,2025-07-30T14:00:00.000,30,UNKNOWN,UNKNOWN,RAIN,DAWN,REAR END,NOT DIVIDED,STRAIGHT AND LEVEL,WET,UNKNOWN,ON SCENE,NO INJURY / DRIVE AWAY,,$500 OR LESS,2025-07-30T14:55:00.000,UNABLE TO DETERMINE,NOT APPLICABLE,119,S,CICERO AVE,1113,2,NO INDICATION OF INJURY,0,0,0,0,0,2,0,14,4,7,41.8785715424,-87.7450600136,"{'type': 'Point', 'coordinates': [-87.745060013603, 41.878571542397]}",,,,,,,,,,
7f0ba9ea47e0e7be6e4b7291559128f0675c3ed093c653fcee879f2ba4a6dba8b5f8df855ccb5c255b1cefbaf7f62a83f23cfbbff099ebe4ef790d8a653b5d12,2025-07-30T14:00:00.000,30,NO CONTROLS,NO CONTROLS,RAIN,DAYLIGHT,REAR END,DIVIDED - W/MEDIAN (NOT RAISED),STRAIGHT AND LEVEL,WET,NO DEFECTS,NOT ON SCENE (DESK REPORT),NO INJURY / DRIVE AWAY,,"$501 - $1,500",2025-08-05T19:16:00.000,FOLLOWING TOO CLOSELY,NOT APPLICABLE,7421,S,LOOMIS BLVD,734,2,NO INDICATION OF INJURY,0,0,0,0,0,2,0,14,4,7,41.7588948568,-87.6586616411,"{'type': 'Point', 'coordinates': [-87.658661641106, 41.75889485676]}",,,Y,,Y,,,,,
9699c3aec72dfac8a9de8c36e671307d7aa5102f2c92f73002685992bb17a55bd486022fa6ad6d9b565385452318792582287a02c3ab269d18c50fe7e41ee89f,2025-07-30T14:00:00.000,40,UNKNOWN,UNKNOWN,RAIN,DAYLIGHT,SIDESWIPE SAME DIRECTION,NOT DIVIDED,STRAIGHT AND LEVEL,WET,UNKNOWN,,NO INJURY / DRIVE AWAY,,"OVER $1,500",2025-07-30T14:30:00.000,NOT APPLICABLE,NOT APPLICABLE,5900,S,LAKE SHORE DR,331,2,NO INDICATION OF INJURY,0,0,0,0,0,3,0,14,4,7,41.7877235356,-87.5779401845,"{'type': 'Point', 'coordinates': [-87.577940184491, 41.787723535558]}",,,,,,,,,,
bd71154447e4709ad211b0939ebf283ad1f97ee2482a8d1237153443a2081afebd4b954194edaa5f2a635d7efeeb0778d8ffb819121edc1fdcb075416d54d034,2025-07-30T14:00:00.000,30,STOP SIGN/FLASHER,FUNCTIONING PROPERLY,RAIN,DAYLIGHT,REAR END,DIVIDED - W/MEDIAN (NOT RAISED),STRAIGHT AND LEVEL,WET,NO DEFECTS,NOT ON SCENE (DESK REPORT),NO INJURY / DRIVE AWAY,,"OVER $1,500",2025-07-30T14:10:00.000,UNABLE TO DETERMINE,UNABLE TO DETERMINE,401,S,CICERO AVE,1131,2,NO INDICATION OF INJURY,0,0,0,0,0,2,0,14,4,7,41.8749572297,-87.7449185831,"{'type': 'Point', 'coordinates': [-87.744918583056, 41.874957229692]}",,,N,,,,,,,
c20f255fc0f5299ea8122165ed19ad6636914ad2a70e9c27d4e51bc47ee7a7b2c6756999e887249da3625a204e7ad3a34331345bc423fc6630c9260ea641655b,2025-07-30T14:00:00.000,10,NO CONTROLS,NO CONTROLS,RAIN,DAYLIGHT,PARKED MOTOR VEHICLE,PARKING LOT,STRAIGHT AND LEVEL,WET,NO DEFECTS,NOT ON SCENE (DESK REPORT),NO INJURY / DRIVE AWAY,,"$501 - $1,500",2025-07-30T20:29:00.000,NOT APPLICABLE,NOT APPLICABLE,8101,S,CICERO AVE,834,2,NO INDICATION OF INJURY,0,0,0,0,0,1,0,14,4,7,41.7455135883,-87.7410838505,"{'type': 'Point', 'coordinates': [-87.741083850503, 41.745513588284]}",Y,,Y,,,,,,,
d8e30ef07c2e143ab3f3c2870ede5946e1466b035932d60c19af0ab3e7ec459f523ef758805f5a5aaca2b074e5650635bac00f866315183f71765bdc6c81ce01,2025-07-30T14:00:00.000,30,STOP SIGN/FLASHER,FUNCTIONING PROPERLY,RAIN,DAYLIGHT,ANGLE,FOUR WAY,STRAIGHT AND LEVEL,WET,NO DEFECTS,ON SCENE,NO INJURY / DRIVE AWAY,Y,"OVER $1,500",2025-07-30T14:40:00.000,FAILING TO YIELD RIGHT-OF-WAY,WEATHER,3469,N,ELSTON AVE,1733,3,NO INDICATION OF INJURY,0,0,0,0,0,4,0,14,4,7,41.9442389014,-87.7051486887,"{'type': 'Point', 'coordinates': [-87.705148688719, 41.944238901391]}",,,,,,,,,,
d96e7b09041a94a96ec92d96ebeac0996c0dd2609984eb8d67b309b1bb98b9048d11706dc1fd888445e9c677fce47e0afd611d8bd3b1cedc116801a13437386c,2025-07-30T13:49:00.000,30,TRAFFIC SIGNAL,FUNCTIONING PROPERLY,RAIN,DAYLIGHT,REAR END,DIVIDED - W/MEDIAN (NOT RAISED),STRAIGHT AND LEVEL,WET,NO DEFECTS,NOT ON SCENE (DESK REPORT),NO INJURY / DRIVE AWAY,Y,"$501 - $1,500",2025-07-30T14:00:00.000,"OPERATING VEHICLE IN ERRATIC, RECKLESS, CARELESS, NEGLIGENT OR AGGRESSIVE MANNER",NOT APPLICABLE,5150,N,WESTERN AVE,2031,2,NO INDICATION OF INJURY,0,0,0,0,0,2,0,13,4,7,41.9755654383,-87.689284448,"{'type': 'Point', 'coordinates': [-87.689284448039, 41.97556543833]}",,,,,,,,,,
0c00deb4e32180b6e619e1dbcc970b3722d7edf8bbfe1c3b81ded189596b742f3c91d5c02043dcd761ff09f9a346839b16cd20dde866ccbfcc619ab85ac11dc6,2025-07-30T13:45:00.000,30,STOP SIGN/FLASHER,FUNCTIONING PROPERLY,RAIN,DAYLIGHT,ANGLE,NOT DIVIDED,STRAIGHT AND LEVEL,WET,NO DEFECTS,NOT ON SCENE (DESK REPORT),NO INJURY / DRIVE AWAY,Y,"OVER $1,500",2025-07-30T14:30:00.000,FAILING TO YIELD RIGHT-OF-WAY,UNABLE TO DETERMINE,3329,N,LARAMIE AVE,1634,2,NO INDICATION OF INJURY,0,0,0,0,0,2,0,13,4,7,41.9413949453,-87.7566315753,"{'type': 'Point', 'coordinates': [-87.756631575298, 41.941394945322]}",,,,,,,,,,
a5dbe0116e3392b63e25c9ef76367d520f5ce4085d34b649b272867866f50b73a367b1aff38a151dbce19a11b1dc02b7b33ca18e3a363cd1d2d5b0709f25a625,2025-07-30T13:45:00.000,25,STOP SIGN/FLASHER,FUNCTIONING PROPERLY,CLEAR,DAYLIGHT,REAR TO FRONT,ONE-WAY,STRAIGHT AND LEVEL,DRY,UNKNOWN,NOT ON SCENE (DESK REPORT),NO INJURY / DRIVE AWAY,,"OVER $1,500",2025-07-30T14:30:00.000,IMPROPER BACKING,NOT APPLICABLE,3600,N,TROY ST,1733,2,NO INDICATION OF INJURY,0,0,0,0,0,2,0,13,4,7,41.9467283277,-87.7067456599,"{'type': 'Point', 'coordinates': [-87.70674565993, 41.946728327743]}",,,Y,,Y,,,,,
11d938b818cbe07aefdad04bc7503673c487fd3f3e98c15b3ed1d4489ed2f09fea1bd98b5bf633282d76430945622b3a4dddaa1cd3125cd16d7987d007aeeb7c,2025-07-30T13:40:00.000,30,NO CONTROLS,NO CONTROLS,CLEAR,DAYLIGHT,REAR END,NOT DIVIDED,STRAIGHT AND LEVEL,DRY,NO DEFECTS,NOT ON SCENE (DESK REPORT),NO INJURY / DRIVE AWAY,,"$501 - $1,500",2025-07-30T18:30:00.000,FOLLOWING TOO CLOSELY,FOLLOWING TOO CLOSELY,3977,N,OTTAWA AVE,1631,2,NO INDICATION OF INJURY,0,0,0,0,0,2,0,13,4,7,41.9524123476,-87.8181563245,"{'type': 'Point', 'coordinates': [-87.818156324475, 41.952412347572]}",,,,,,,,,,
5ba40dcd0523196397dbbf82181beed9fce5e28d3d3b1d6f04914efbd114eaadbf75b0653caf0c2be4e69d18f6c7a301c6b58f8ef02d5a7403c444f1bfee0b41,2025-07-30T13:40:00.000,30,TRAFFIC SIGNAL,FUNCTIONING PROPERLY,RAIN,DAYLIGHT,TURNING,FOUR WAY,STRAIGHT AND LEVEL,WET,UNKNOWN,NOT ON SCENE (DESK REPORT),INJURY AND / OR TOW DUE TO CRASH,Y,"OVER $1,500",2025-07-30T13:50:00.000,IMPROPER OVERTAKING/PASSING,NOT APPLICABLE,400,E,87TH ST,632,2,"REPORTED, NOT EVIDENT",1,0,0,0,1,1,0,13,4,7,41.7366139674,-87.6144497305,"{'type': 'Point', 'coordinates': [-87.614449730497, 41.736613967437]}",,,,,,,,,,
914e68c35948cddadfa47fbee31a9a8ced7d96908f55012e8ffb738e0db81c6ada4e0bfc0e38e9a1e1e885eae3a855d7da2e456d7bc547df5bfad2bb13e80ac9,2025-07-30T13:40:00.000,30,NO CONTROLS,NO CONTROLS,RAIN,DAYLIGHT,SIDESWIPE SAME DIRECTION,DIVIDED - W/MEDIAN (NOT RAISED),STRAIGHT AND LEVEL,WET,NO DEFECTS,NOT ON SCENE (DESK REPORT),NO INJURY / DRIVE AWAY,,"$501 - $1,500",2025-07-30T16:37:00.000,IMPROPER OVERTAKING/PASSING,NOT APPLICABLE,2800,S,WESTERN AVE,1034,2,NO INDICATION OF INJURY,0,0,0,0,0,2,0,13,4,7,41.8411101754,-87.6854255447,"{'type': 'Point', 'coordinates': [-87.685425544687, 41.841110175378]}",,,,,,,,,,
3a17d179d0c86e80a6a57fb1a62572ae9b1a24a4f666fbcbf7640eebb795c9cd97235e1470ad6fd54e59b016ae5ac8329125957d23c22b7df59bff9698d5cd67,2025-07-30T13:35:00.000,30,NO CONTROLS,NO CONTROLS,RAIN,DAYLIGHT,REAR END,NOT DIVIDED,STRAIGHT AND LEVEL,WET,NO DEFECTS,ON SCENE,NO INJURY / DRIVE AWAY,,"OVER $1,500",2025-07-30T13:39:00.000,FOLLOWING TOO CLOSELY,FAILING TO REDUCE SPEED TO AVOID CRASH,4912,W,ROOSEVELT RD,1533,2,NO INDICATION OF INJURY,0,0,0,0,0,2,0,13,4,7,41.865964175,-87.7476992463,"{'type': 'Point', 'coordinates': [-87.747699246326, 41.865964175022]}",,,,,,,,,,
599b7289f380cc4fff0729fb15f5360c264a0b423a21f48767f6140cddb64acfa82b749da29ae62f55467f8d9d6efd57bf672aa877fd1210a4d5971ff0f8d58e,2025-07-30T13:35:00.000,20,NO CONTROLS,NO CONTROLS,CLEAR,DAYLIGHT,ANGLE,PARKING LOT,STRAIGHT AND LEVEL,DRY,NO DEFECTS,NOT ON SCENE (DESK REPORT),NO INJURY / DRIVE AWAY,,"OVER $1,500",2025-08-01T15:00:00.000,FAILING TO YIELD RIGHT-OF-WAY,FAILING TO YIELD RIGHT-OF-WAY,264,S,LEAVITT ST,1225,2,NO INDICATION OF INJURY,0,0,0,0,0,2,0,13,4,7,41.8776585742,-87.6815901918,"{'type': 'Point', 'coordinates': [-87.681590191777, 41.877658574162]}",Y,,,,,,,,,
50d24937306e68f87d6bb9164a03c73c7316d57d0b767db3d01b404c110c18deb793005a938816341470541d414b4e1d48e2a4946d796e8fef7496a004c546c6,2025-07-30T13:30:00.000,30,UNKNOWN,UNKNOWN,UNKNOWN,DAYLIGHT,PARKED MOTOR VEHICLE,OTHER,STRAIGHT AND LEVEL,UNKNOWN,UNKNOWN,NOT ON SCENE (DESK REPORT),INJURY AND / OR TOW DUE TO CRASH,,"OVER $1,500",2025-07-30T15:40:00.000,UNABLE TO DETERMINE,NOT APPLICABLE,1755,W,JACKSON BLVD,1225,3,NO INDICATION OF INJURY,0,0,0,0,0,1,0,13,4,7,41.8774390046,-87.6713535675,"{'type': 'Point', 'coordinates': [-87.671353567501, 41.877439004622]}",,,,,,,,,,
5a990a79402ebfe82ea72f8b26a5a41591a6597a8c7d9d0a1dc9d05d8b363019bd0b3a227ad970092a4021d7056f494db9c7ce6c928f8b8b77002e54a041b88d,2025-07-30T13:30:00.000,20,NO CONTROLS,NO CONTROLS,RAIN,DAYLIGHT,HEAD ON,NOT DIVIDED,STRAIGHT AND LEVEL,WET,UNKNOWN,NOT ON SCENE (DESK REPORT),NO INJURY / DRIVE AWAY,,"OVER $1,500",2025-07-31T13:15:00.000,WEATHER,NOT APPLICABLE,500,W,109TH ST,2233,2,NO INDICATION OF INJURY,0,0,0,0,0,2,0,13,4,7,41.6961952612,-87.6353145668,"{'type': 'Point', 'coordinates': [-87.635314566824, 41.696195261187]}",,,,,,,,,,
a40e8df2795c689f004e4bdf25763d7c74247ac9ba7840deb958a22509bca842e801f2bf567f565a20eb03d0ef7bc401f759d5dc70adfec55a391d0defc97e94,2025-07-30T13:30:00.000,30,TRAFFIC SIGNAL,FUNCTIONING PROPERLY,RAIN,DAYLIGHT,SIDESWIPE SAME DIRECTION,DIVIDED - W/MEDIAN (NOT RAISED),STRAIGHT AND LEVEL,WET,NO DEFECTS,NOT ON SCENE (DESK REPORT),NO INJURY / DRIVE AWAY,,"$501 - $1,500",2025-07-30T14:45:00.000,IMPROPER OVERTAKING/PASSING,IMPROPER OVERTAKING/PASSING,724,S,CLARK ST,123,2,NO INDICATION OF INJURY,0,0,0,0,0,2,0,13,4,7,41.8728861536,-87.6307746444,"{'type': 'Point', 'coordinates': [-87.630774644436, 41.872886153564]}",,,,,,,,,,
2b61ff322245582b12bf613666a666403d0caef105ea77908f812ef535c1ff36801ff63741af1806512e1ed8806177bb38a68c53db118de032dedd2b2f75db83,2025-07-30T13:24:00.000,30,TRAFFIC SIGNAL,FUNCTIONING PROPERLY,RAIN,DAYLIGHT,TURNING,NOT DIVIDED,STRAIGHT AND LEVEL,WET,NO DEFECTS,,INJURY AND / OR TOW DUE TO CRASH,Y,"OVER $1,500",2025-07-30T13:27:00.000,FAILING TO YIELD RIGHT-OF-WAY,UNABLE TO DETERMINE,7200,N,WESTERN AVE,2411,3,NO INDICATION OF INJURY,0,0,0,0,0,4,0,13,4,7,42.0123713348,-87.6903939174,"{'type': 'Point', 'coordinates': [-87.690393917379, 42.012371334792]}",,,,,,,,,,
6b09eccf50d5176b13c8ec5b604afb0804be9772fa040bbdaf02cf6d1bf7a543381615091aa80d0fd23eb71cf5445ca7df17e07be5e78f53b1862cd38c591d8e,2025-07-30T13:24:00.000,30,STOP SIGN/FLASHER,OTHER,RAIN,DAYLIGHT,TURNING,NOT DIVIDED,STRAIGHT AND LEVEL,DRY,NO DEFECTS,NOT ON SCENE (DESK REPORT),NO INJURY / DRIVE AWAY,,"OVER $1,500",2025-07-30T13:29:00.000,UNABLE TO DETERMINE,NOT APPLICABLE,1446,S,WOOD ST,1233,2,NO INDICATION OF INJURY,0,0,0,0,0,2,0,13,4,7,41.8618616588,-87.6713590367,"{'type': 'Point', 'coordinates': [-87.671359036708, 41.86186165881]}",,,,,,,,,,
8543939a2fe2e4901c02bc88603c5beca013413911e717d6da73af807e1a944fc3a6b7a877e911e41a3becc2c3c1c5df805702ea3e6ff3d1f5ef53975c6d973d,2025-07-30T13:21:00.000,35,STOP SIGN/FLASHER,UNKNOWN,RAIN,DAYLIGHT,ANGLE,FOUR WAY,STRAIGHT AND LEVEL,WET,UNKNOWN,ON SCENE,INJURY AND / OR TOW DUE TO CRASH,Y,"OVER $1,500",2025-07-30T13:33:00.000,FAILING TO YIELD RIGHT-OF-WAY,UNABLE TO DETERMINE,1999,W,IOWA ST,1212,2,NONINCAPACITATING INJURY,4,0,0,4,0,0,0,13,4,7,41.8976223349,-87.677040555,"{'type': 'Point', 'coordinates': [-87.677040555047, 41.897622334851]}",,,,,,,,,,
e5a77b18215f88009a0b2b97726de459f787d6d637ca3f81d702ba4b4739da032ddbea048917bc9c779f286aa1813502499e2e79453bb09d1366a1eec3c7dfa5,2025-07-30T13:21:00.000,10,NO CONTROLS,NO CONTROLS,RAIN,DAYLIGHT,PEDESTRIAN,PARKING LOT,STRAIGHT AND LEVEL,WET,UNKNOWN,,INJURY AND / OR TOW DUE TO CRASH,,"OVER $1,500",2025-07-30T16:03:00.000,FAILING TO YIELD RIGHT-OF-WAY,UNABLE TO DETERMINE,3045,W,26TH ST,1033,2,INCAPACITATING INJURY,1,0,1,0,0,1,0,13,4,7,41.8444692529,-87.7019302145,"{'type': 'Point', 'coordinates': [-87.701930214473, 41.844469252871]}",,,N,,,,,,,
f125f35c2322b1f41065c145681aa6976ee5771430a7e0bd7a4e2ecec10fbdcb9f008c121a703c443be569a2371b72d0d3ccf86ac1b4b9ea62eacba7374c5838,2025-07-30T13:20:00.000,30,NO CONTROLS,NO CONTROLS,RAIN,DAYLIGHT,PARKED MOTOR VEHICLE,NOT DIVIDED,STRAIGHT AND LEVEL,WET,NO DEFECTS,NOT ON SCENE (DESK REPORT),NO INJURY / DRIVE AWAY,,"$501 - $1,500",2025-07-30T14:30:00.000,UNABLE TO DETERMINE,NOT APPLICABLE,2731,W,FULLERTON AVE,1431,2,NO INDICATION OF INJURY,0,0,0,0,0,1,0,13,4,7,41.9247086194,-87.6962496401,"{'type': 'Point', 'coordinates': [-87.696249640102, 41.924708619431]}",,,Y,,,,,,,
460d97562541c32dc16c8b460c7922cae635c3701303badc398fd9aaa0d1503c3e5aeac38d154f33e311203b3ec5ebde6004375769eb7f5c01bf68f19cd94796,2025-07-30T13:15:00.000,30,NO CONTROLS,NO CONTROLS,RAIN,DAYLIGHT,PARKED MOTOR VEHICLE,NOT DIVIDED,STRAIGHT AND LEVEL,WET,NO DEFECTS,NOT ON SCENE (DESK REPORT),NO INJURY / DRIVE AWAY,,"$501 - $1,500",2025-07-30T16:00:00.000,UNABLE TO DETERMINE,NOT APPLICABLE,2253,W,111TH ST,2212,2,NO INDICATION OF INJURY,0,0,0,0,0,2,0,13,4,7,41.6917050124,-87.678358499,"{'type': 'Point', 'coordinates': [-87.678358499014, 41.691705012381]}",,,,,,,,,,
f4b196748370bf7faf05e101ecc28a8f060047980819fb13dcd127a92af476e1fc6da84cf6c443624a7f894fc0cb6843d39f2bec660df775bde1872ec6af87d4,2025-07-30T13:15:00.000,20,NO CONTROLS,NO CONTROLS,RAIN,DAYLIGHT,ANGLE,DIVIDED - W/MEDIAN (NOT RAISED),STRAIGHT AND LEVEL,UNKNOWN,UNKNOWN,NOT ON SCENE (DESK REPORT),NO INJURY / DRIVE AWAY,,"OVER $1,500",2025-07-30T14:26:00.000,FAILING TO YIELD RIGHT-OF-WAY,NOT APPLICABLE,5963,W,ADAMS BLVD,1513,2,NO INDICATION OF INJURY,0,0,0,0,0,2,0,13,4,7,41.8775118159,-87.7737486702,"{'type': 'Point', 'coordinates': [-87.773748670187, 41.87751181585]}",,,Y,,,,,,,
a8f84d355f19bbd666b5879bb0c61b3e76bb4c0cdbf67ebed47eddbc3733740d855a81d92b156f3756a99269f46223df8ae53426b6519a907879ef9fc75697ae,2025-07-30T13:10:00.000,30,NO CONTROLS,NO CONTROLS,RAIN,DAYLIGHT,SIDESWIPE OPPOSITE DIRECTION,NOT DIVIDED,STRAIGHT AND LEVEL,WET,NO DEFECTS,ON SCENE,INJURY AND / OR TOW DUE TO CRASH,,"OVER $1,500",2025-07-30T13:10:00.000,DRIVING ON WRONG SIDE/WRONG WAY,UNABLE TO DETERMINE,11000,S,COTTAGE GROVE AVE,513,2,NO INDICATION OF INJURY,0,0,0,0,0,2,0,13,4,7,41.6943397059,-87.6096422497,"{'type': 'Point', 'coordinates': [-87.609642249683, 41.694339705875]}",,,Y,,,,,,,
7af87c7c0b9151a90392b31d8156d86b012fe177f7e3300ee3021c788dc3867ae85adab370a2a53dd82c50cb56fe1808ba3577767cf8d73e639a4a5d39c6f16f,2025-07-30T13:09:00.000,30,TRAFFIC SIGNAL,FUNCTIONING PROPERLY,RAIN,DAYLIGHT,TURNING,DIVIDED - W/MEDIAN (NOT RAISED),STRAIGHT AND LEVEL,WET,NO DEFECTS,ON SCENE,INJURY AND / OR TOW DUE TO CRASH,Y,"OVER $1,500",2025-07-30T13:16:00.000,FAILING TO YIELD RIGHT-OF-WAY,DRIVING SKILLS/KNOWLEDGE/EXPERIENCE,4800,N,SHERIDAN RD,2024,2,NO INDICATION OF INJURY,0,0,0,0,0,2,0,13,4,7,41.9691356424,-87.6549701238,"{'type': 'Point', 'coordinates': [-87.654970123793, 41.969135642436]}",,,,,,,,,,
0e5c7d94157620dfdd402d45569082b5694320f382f141a95bbeeeaf0d665d7e48949efd4b4432a62d1c05c3ad51f3a8bf3acf0d48e690d67c27de41c86bbd0a,2025-07-30T13:07:00.000,30,UNKNOWN,UNKNOWN,RAIN,DAYLIGHT,ANGLE,NOT DIVIDED,STRAIGHT AND LEVEL,UNKNOWN,UNKNOWN,NOT ON SCENE (DESK REPORT),NO INJURY / DRIVE AWAY,,"OVER $1,500",2025-07-30T17:40:00.000,UNABLE TO DETERMINE,UNABLE TO DETERMINE,1504,W,AUGUSTA BLVD,1213,2,NO INDICATION OF INJURY,0,0,0,0,0,2,0,13,4,7,41.8998534849,-87.6651943286,"{'type': 'Point', 'coordinates': [-87.665194328595, 41.899853484856]}",,,,,,,,,,
37717bbffd03f6bd4e9ff361a14ad2eee40d53b32379c9bb70445538678b821ada461dfb318d2e98688d1abbda3b56fd716d3ca5713acabe48130e4ec11e262c,2025-07-30T13:06:00.000,35,NO CONTROLS,NO CONTROLS,RAIN,DAYLIGHT,SIDESWIPE SAME DIRECTION,NOT DIVIDED,STRAIGHT AND LEVEL,WET,NO DEFECTS,ON SCENE,NO INJURY / DRIVE AWAY,,"$501 - $1,500",2025-07-30T13:20:00.000,IMPROPER OVERTAKING/PASSING,NOT APPLICABLE,3166,N,LINCOLN AVE,1932,2,NO INDICATION OF INJURY,0,0,0,0,0,2,0,13,4,7,41.9392644526,-87.6683118134,"{'type': 'Point', 'coordinates': [-87.668311813441, 41.939264452607]}",,,,,,,,,,
c82c747fddcd909fa170152a02ecf9ec0361f593da0be963ab83f328fee50c60cdd9a7b594b1cde809a86e1d7e61c45a2bc1ec080ab3e63e418432f775e1f45d,2025-07-30T13:06:00.000,30,UNKNOWN,UNKNOWN,CLEAR,DAYLIGHT,REAR END,UNKNOWN,STRAIGHT AND LEVEL,DRY,UNKNOWN,NOT ON SCENE (DESK REPORT),NO INJURY / DRIVE AWAY,Y,"OVER $1,500",2025-07-30T14:35:00.000,UNABLE TO DETERMINE,UNABLE TO DETERMINE,6300,S,STATE ST,312,2,NO INDICATION OF INJURY,0,0,0,0,0,2,0,13,4,7,41.7800082774,-87.6255225119,"{'type': 'Point', 'coordinates': [-87.625522511916, 41.780008277408]}",,,,,,,,,,
a282e293df2b223fccbde1aa34caf6d0e899e6c1443dea0f2642c72e131c281ca49fbc2e88b2d475e2a52961dba1fc9294ae502d46e899d090b55ff84c857fe6,2025-07-30T13:05:00.000,30,NO CONTROLS,NO CONTROLS,RAIN,DAYLIGHT,REAR TO FRONT,NOT DIVIDED,STRAIGHT AND LEVEL,WET,UNKNOWN,ON SCENE,NO INJURY / DRIVE AWAY,,"OVER $1,500",2025-07-30T13:06:00.000,DRIVING SKILLS/KNOWLEDGE/EXPERIENCE,FOLLOWING TOO CLOSELY,3048,S,KEDZIE AVE,1032,3,NO INDICATION OF INJURY,0,0,0,0,0,4,0,13,4,7,41.8376047137,-87.7049798681,"{'type': 'Point', 'coordinates': [-87.704979868064, 41.837604713744]}",,,,,,,,,,
d254e7bfeb4fa70054b646f00ac85fbdd7c54df4b4e7f96d35657791240afb2247f6c4157d8c05a213bcae725c76559f9a131a64494c4f07377696e68933ebee,2025-07-30T13:05:00.000,30,TRAFFIC SIGNAL,FUNCTIONING PROPERLY,RAIN,DAYLIGHT,REAR END,DIVIDED - W/MEDIAN (NOT RAISED),STRAIGHT AND LEVEL,WET,UNKNOWN,ON SCENE,NO INJURY / DRIVE AWAY,,"OVER $1,500",2025-07-30T15:07:00.000,FOLLOWING TOO CLOSELY,UNABLE TO DETERMINE,4326,W,DIVISION ST,2534,2,NO INDICATION OF INJURY,0,0,0,0,0,2,0,13,4,7,41.9026469855,-87.734803199,"{'type': 'Point', 'coordinates': [-87.734803199048, 41.902646985547]}",,,Y,,,,,,,
3aafeb35c0b41d0bb0f06b3771e3aab395dd95ad5dd643d55c6c0c1b49c8ea3831e65e656002b5cd1e1ecee9127915bf5613c67784e3683dad268600e7b73cf7,2025-07-30T13:03:00.000,30,NO CONTROLS,FUNCTIONING PROPERLY,RAIN,DAYLIGHT,SIDESWIPE SAME DIRECTION,NOT DIVIDED,STRAIGHT AND LEVEL,WET,NO DEFECTS,NOT ON SCENE (DESK REPORT),NO INJURY / DRIVE AWAY,,"$501 - $1,500",2025-07-30T14:00:00.000,IMPROPER OVERTAKING/PASSING,NOT APPLICABLE,4360,S,ARCHER AVE,821,2,NO INDICATION OF INJURY,0,0,0,0,0,3,0,13,4,7,41.814224081,-87.7042618993,"{'type': 'Point', 'coordinates': [-87.704261899341, 41.814224080998]}",,,,,,,,,,