crash_record_id,crash_date,posted_speed_limit,traffic_control_device,device_condition,weather_condition,lighting_condition,first_crash_type,trafficway_type,alignment,roadway_surface_cond,road_defect,report_type,crash_type,intersection_related_i,damage,date_police_notified,prim_contributory_cause,sec_contributory_cause,street_no,street_direction,street_name,beat_of_occurrence,num_units,most_severe_injury,injuries_total,injuries_fatal,injuries_incapacitating,injuries_non_incapacitating,injuries_reported_not_evident,injuries_no_indication,injuries_unknown,crash_hour,crash_day_of_week,crash_month,latitude,longitude,location,private_property_i,photos_taken_i,hit_and_run_i,statements_taken_i,crash_date_est_i,work_zone_i,work_zone_type,dooring_i,lane_cnt,workers_present_i
8cc2d61ce69f4915fe47f3610746b83983b81e4f6fca296e1f6e2776155ba0db80b65d9538d7b8e48a03a6b6b36708be316733feb3329984c820cb7c911ac563,2025-07-30T13:03:00.000,30,NO CONTROLS,NO CONTROLS,CLEAR,DAYLIGHT,PARKED MOTOR VEHICLE,OTHER,STRAIGHT AND LEVEL,UNKNOWN,UNKNOWN,NOT ON SCENE (DESK REPORT),NO INJURY / DRIVE AWAY,,"OVER $1,500",2025-08-01T07:40:00.000,UNABLE TO DETERMINE,UNABLE TO DETERMINE,1745,W,DIVISION ST,1213,2,NO INDICATION OF INJURY,0,0,0,0,0,1,0,13,4,7,41.9031685623,-87.6716449507,"{'type': 'Point', 'coordinates': [-87.671644950697, 41.90316856227]}",,,Y,,,,,,,
0174cfa171c82f00c2aa2c739125c6ef94f7623d16027abf3d6395eb229e6eae61128d757fc1a85c68ae766621acbccae2afba241d5dcdf70dce6cc3ce9a2d7e,2025-07-30T12:57:00.000,30,NO CONTROLS,NO CONTROLS,RAIN,DAYLIGHT,PARKED MOTOR VEHICLE,PARKING LOT,STRAIGHT AND LEVEL,WET,UNKNOWN,ON SCENE,NO INJURY / DRIVE AWAY,,"OVER $1,500",2025-07-30T13:03:00.000,IMPROPER BACKING,NOT APPLICABLE,5461,W,LAKE ST,1523,2,NO INDICATION OF INJURY,0,0,0,0,0,1,0,12,4,7,41.8871577553,-87.7626452303,"{'type': 'Point', 'coordinates': [-87.762645230328, 41.887157755292]}",,,Y,,,,,,,
e6880dfd387fed0b76e727bda61bdf4e96a1c93d7146322f894544f0fce04e7e9684bb2e96dca8c391dbcb96d79a25f0b3e722b02d093ff5642588bda1eef147,2025-07-30T12:55:00.000,30,NO CONTROLS,NO CONTROLS,CLOUDY/OVERCAST,DAYLIGHT,REAR END,DIVIDED - W/MEDIAN (NOT RAISED),STRAIGHT AND LEVEL,UNKNOWN,UNKNOWN,NOT ON SCENE (DESK REPORT),NO INJURY / DRIVE AWAY,,"OVER $1,500",2025-07-30T18:00:00.000,UNABLE TO DETERMINE,UNABLE TO DETERMINE,1850,W,ROOSEVELT RD,1231,2,NO INDICATION OF INJURY,0,0,0,0,0,2,0,12,4,7,41.8669058376,-87.6733159163,"{'type': 'Point', 'coordinates': [-87.673315916273, 41.866905837562]}",,,Y,,,,,,,
3b2b8d5d065dc30bd697eba3f9c3501f647b594df97e11be48e6eb39e1428a01e8cff53f4da5091be6e75a46a0b29c2fd01f9d8322e74b29844b8cbc1dd73d1c,2025-07-30T12:45:00.000,30,NO CONTROLS,NO CONTROLS,CLEAR,DAYLIGHT,TURNING,DIVIDED - W/MEDIAN (NOT RAISED),STRAIGHT AND LEVEL,WET,NO DEFECTS,ON SCENE,INJURY AND / OR TOW DUE TO CRASH,Y,"OVER $1,500",2025-07-30T12:50:00.000,UNABLE TO DETERMINE,UNABLE TO DETERMINE,7200,S,WESTERN AVE,832,2,NO INDICATION OF INJURY,0,0,0,0,0,2,0,12,4,7,41.7627838419,-87.6833369061,"{'type': 'Point', 'coordinates': [-87.683336906075, 41.762783841947]}",,,,,,,,,,
bcb7ec0d9cf519e225ba6caa00fa34ee7b52618bed03d7adced46fa525d26a9c8a405e0b84a784c03c743bad2f0fb4a8b97ba76d782fb28fdff8e272210efca3,2025-07-30T12:40:00.000,30,UNKNOWN,UNKNOWN,CLEAR,DAYLIGHT,TURNING,DIVIDED - W/MEDIAN BARRIER,"CURVE, LEVEL",UNKNOWN,UNKNOWN,NOT ON SCENE (DESK REPORT),NO INJURY / DRIVE AWAY,,"OVER $1,500",2025-07-31T14:30:00.000,UNABLE TO DETERMINE,UNABLE TO DETERMINE,1000,N,LAKE SHORE DR NB,1824,2,NO INDICATION OF INJURY,0,0,0,0,0,2,0,12,4,7,41.9009589191,-87.6199281737,"{'type': 'Point', 'coordinates': [-87.619928173678, 41.900958919109]}",,,,,,,,,,
38fb4816473523c9d09fa25447be4c2d75df72f316713c5e296415e680283ece0a68e34a9106823ce7834b3296bb76593dba9c5f3acdcf08a039c79f686ba77e,2025-07-30T12:30:00.000,10,NO CONTROLS,NO CONTROLS,RAIN,DAYLIGHT,PARKED MOTOR VEHICLE,PARKING LOT,STRAIGHT AND LEVEL,WET,NO DEFECTS,NOT ON SCENE (DESK REPORT),NO INJURY / DRIVE AWAY,,"OVER $1,500",2025-07-30T19:00:00.000,UNABLE TO DETERMINE,NOT APPLICABLE,1521,S,LYNN WHITE DR,132,2,NO INDICATION OF INJURY,0,0,0,0,0,1,0,12,4,7,41.8619186004,-87.6095095637,"{'type': 'Point', 'coordinates': [-87.609509563704, 41.86191860041]}",Y,,Y,,,,,,,
4001af3b1d66a5b5e18c917e940c916b56cbaf0b3588f09755af44b196ef2309cc833942bbbffa595d254b4a315615b1df5193132639d9cf67bc7ae60c0d42d5,2025-07-30T12:30:00.000,15,NO CONTROLS,NO CONTROLS,CLEAR,DAYLIGHT,REAR END,PARKING LOT,STRAIGHT AND LEVEL,DRY,NO DEFECTS,NOT ON SCENE (DESK REPORT),INJURY AND / OR TOW DUE TO CRASH,,$500 OR LESS,2025-07-30T17:55:00.000,UNABLE TO DETERMINE,NOT APPLICABLE,1000,W,NORTH AVE,1811,2,"REPORTED, NOT EVIDENT",1,0,0,0,1,1,0,12,4,7,41.9109487626,-87.6531595513,"{'type': 'Point', 'coordinates': [-87.653159551272, 41.910948762561]}",,,Y,,,,,,,
da5b3bcb577810cf0c562b953d164b42edd685965a8d22fdc0ea962d8b2d4201ca54321bf2e1f0e7a56fde7f5853289e5d64e963cb3b2b99c3c8facd7476e7d0,2025-07-30T12:20:00.000,30,TRAFFIC SIGNAL,FUNCTIONING PROPERLY,RAIN,DAYLIGHT,TURNING,"FIVE POINT, OR MORE",STRAIGHT AND LEVEL,WET,UNKNOWN,ON SCENE,NO INJURY / DRIVE AWAY,,"OVER $1,500",2025-07-30T12:22:00.000,UNABLE TO DETERMINE,UNABLE TO DETERMINE,7100,S,EXCHANGE AVE,334,2,NO INDICATION OF INJURY,0,0,0,0,0,2,0,12,4,7,,,,,,Y,,,,,,,
a608ce9cfed2f4f63d4e399e5aec00696cb5d961b2242a691b0881cb1280a4750e6dba7a288032fc53d5d39f04338581378057c49f337563f0a0d43ff13faec5,2025-07-30T12:18:00.000,30,TRAFFIC SIGNAL,UNKNOWN,CLEAR,DAYLIGHT,REAR END,NOT DIVIDED,STRAIGHT AND LEVEL,DRY,UNKNOWN,NOT ON SCENE (DESK REPORT),NO INJURY / DRIVE AWAY,,"OVER $1,500",2025-07-30T15:26:00.000,UNABLE TO DETERMINE,NOT APPLICABLE,1213,W,76TH ST,612,2,NO INDICATION OF INJURY,0,0,0,0,0,2,0,12,4,7,41.7559508782,-87.6544488377,"{'type': 'Point', 'coordinates': [-87.654448837672, 41.755950878242]}",,,,,,,,,,
5b11c62e2e9d9f4ce987da18f5322d840e2c3ddadef4b75a4392bd73744b1232c1ad54b98e81efdf4eb779a46a15abd4a0d1b317daab31043cff4e24eef2213f,2025-07-30T12:10:00.000,30,NO CONTROLS,NO CONTROLS,CLEAR,DAYLIGHT,REAR TO SIDE,DIVIDED - W/MEDIAN (NOT RAISED),STRAIGHT AND LEVEL,DRY,NO DEFECTS,NOT ON SCENE (DESK REPORT),NO INJURY / DRIVE AWAY,,"OVER $1,500",2025-07-30T20:20:00.000,IMPROPER BACKING,NOT APPLICABLE,3947,N,NEENAH AVE,1632,2,NO INDICATION OF INJURY,0,0,0,0,0,2,0,12,4,7,41.9517552633,-87.7906984917,"{'type': 'Point', 'coordinates': [-87.790698491658, 41.951755263315]}",,,,,,,,,,
6a6354a057ab67ecba9e16d8e683117345389bae9efa8547dcc8457a0aff46ad05f7b75ac15ace4ad05f743d9e417c4a4ec52095ea51c2ed40c351faa30a2a94,2025-07-30T12:10:00.000,30,TRAFFIC SIGNAL,UNKNOWN,CLEAR,DAYLIGHT,REAR END,FOUR WAY,STRAIGHT AND LEVEL,UNKNOWN,UNKNOWN,NOT ON SCENE (DESK REPORT),NO INJURY / DRIVE AWAY,Y,"OVER $1,500",2025-07-30T13:45:00.000,FAILING TO YIELD RIGHT-OF-WAY,FAILING TO YIELD RIGHT-OF-WAY,910,S,LOOMIS ST,1231,2,NO INDICATION OF INJURY,0,0,0,0,0,2,0,12,4,7,41.8699325098,-87.6618056376,"{'type': 'Point', 'coordinates': [-87.661805637636, 41.869932509832]}",,,,,,,,,,
e63e098e88d072f0de12e7136bbe98466bc07d851c09109f65e8240c2ef23428d7990d577edf7a727ae35e556bad2c77ad776130271107a84cf2a8612ff6a47b,2025-07-30T12:08:00.000,30,TRAFFIC SIGNAL,FUNCTIONING PROPERLY,CLOUDY/OVERCAST,DAYLIGHT,REAR END,DIVIDED - W/MEDIAN (NOT RAISED),STRAIGHT AND LEVEL,DRY,NO DEFECTS,NOT ON SCENE (DESK REPORT),NO INJURY / DRIVE AWAY,,$500 OR LESS,2025-07-30T14:30:00.000,FOLLOWING TOO CLOSELY,DRIVING SKILLS/KNOWLEDGE/EXPERIENCE,4452,N,WESTERN AVE,1911,2,NO INDICATION OF INJURY,0,0,0,0,0,3,0,12,4,7,41.9628751112,-87.6888738364,"{'type': 'Point', 'coordinates': [-87.68887383637, 41.962875111154]}",,,,,,,,,,
e17c12b117f8acdc7679d555f5cb393804dac5098aa4e53b57c2d8fd157313d8016b4662f506d54624da8061e5f2afb45db50810f6131d2f7a54049c0476af2d,2025-07-30T12:05:00.000,30,NO CONTROLS,NO CONTROLS,CLEAR,DAYLIGHT,PARKED MOTOR VEHICLE,NOT DIVIDED,STRAIGHT AND LEVEL,DRY,NO DEFECTS,ON SCENE,NO INJURY / DRIVE AWAY,,"OVER $1,500",2025-07-30T12:11:00.000,DRIVING SKILLS/KNOWLEDGE/EXPERIENCE,RELATED TO BUS STOP,63,N,CENTRAL AVE,1522,2,NO INDICATION OF INJURY,0,0,0,0,0,1,0,12,4,7,41.8821486937,-87.7647737747,"{'type': 'Point', 'coordinates': [-87.764773774654, 41.882148693671]}",,,,,Y,,,,,
a44c436fcb1f18d579cfa0232018ece4da7e52787567f894ac2ada9cfce4d246fe4c9a622b1a95b61a368bb583d07d851394fcdc0aeb392bf4a975d196d9ca3d,2025-07-30T12:03:00.000,30,NO CONTROLS,NO CONTROLS,CLEAR,DAYLIGHT,PARKED MOTOR VEHICLE,ONE-WAY,STRAIGHT AND LEVEL,DRY,NO DEFECTS,NOT ON SCENE (DESK REPORT),NO INJURY / DRIVE AWAY,,"OVER $1,500",2025-07-31T00:20:00.000,FAILING TO YIELD RIGHT-OF-WAY,UNABLE TO DETERMINE,5435,S,JUSTINE ST,934,2,NO INDICATION OF INJURY,0,0,0,0,0,1,0,12,4,7,41.7948216635,-87.663245347,"{'type': 'Point', 'coordinates': [-87.663245346997, 41.794821663468]}",,,Y,,,,,,,
3c927e59d1ce8c76e3c59c3bafc99637ec055f8ec585f33be5817eb22082199a467996dce5172427d8cdb1d1ea51e4ebd2fe584292b2cc4af88710b18d416cf8,2025-07-30T12:02:00.000,30,NO CONTROLS,NO CONTROLS,CLEAR,DAYLIGHT,TURNING,NOT DIVIDED,STRAIGHT AND LEVEL,DRY,NO DEFECTS,ON SCENE,INJURY AND / OR TOW DUE TO CRASH,,"OVER $1,500",2025-07-30T12:05:00.000,FAILING TO YIELD RIGHT-OF-WAY,UNABLE TO DETERMINE,812,N,PULASKI RD,1111,2,NO INDICATION OF INJURY,0,0,0,0,0,2,0,12,4,7,41.8957983098,-87.7262409777,"{'type': 'Point', 'coordinates': [-87.726240977716, 41.895798309836]}",,,Y,Y,,,,,,
82a042780b14c33ca892ddb0828f3e5ab0870328b4953256b82dcb8311f093011ebd9dcb23e5eb3b67da0570d8377f60ad8972f937c9da660c2f7823a54383b1,2025-07-30T12:00:00.000,25,NO CONTROLS,NO CONTROLS,CLEAR,DAYLIGHT,TURNING,NOT DIVIDED,STRAIGHT AND LEVEL,DRY,UNKNOWN,NOT ON SCENE (DESK REPORT),NO INJURY / DRIVE AWAY,,$500 OR LESS,2025-07-30T12:20:00.000,UNABLE TO DETERMINE,UNABLE TO DETERMINE,745,N,CICERO AVE,1111,2,NO INDICATION OF INJURY,0,0,0,0,0,2,0,12,4,7,41.89449903,-87.7456437928,"{'type': 'Point', 'coordinates': [-87.745643792768, 41.894499030017]}",,,Y,,,,,,,
a75a8682f4a15e0981648dce05a33d0f6786ebd52a2b9320b468fa293fb6c23fc8048fbd8f94dc807b656cea906d2c29a5cc314bad86e696bf2de2485940417f,2025-07-30T12:00:00.000,30,NO CONTROLS,NO CONTROLS,CLEAR,DAYLIGHT,PARKED MOTOR VEHICLE,NOT DIVIDED,STRAIGHT AND LEVEL,DRY,UNKNOWN,NOT ON SCENE (DESK REPORT),NO INJURY / DRIVE AWAY,,"OVER $1,500",2025-07-31T15:02:00.000,UNABLE TO DETERMINE,NOT APPLICABLE,10728,S,WESTERN AVE,2212,2,NO INDICATION OF INJURY,0,0,0,0,0,1,0,12,4,7,41.6982105097,-87.6815083047,"{'type': 'Point', 'coordinates': [-87.681508304654, 41.698210509732]}",,,Y,,,,,,,
b7b30b285f866750fe9a0593042d21647560885c6507446ac317b3f1dbce1af119014d533b431b916f377a2389c595b58c96bd8223a2201c2acebb85ef7aeb86,2025-07-30T11:58:00.000,30,TRAFFIC SIGNAL,FUNCTIONING PROPERLY,CLEAR,DAYLIGHT,REAR END,FOUR WAY,STRAIGHT AND LEVEL,DRY,NO DEFECTS,NOT ON SCENE (DESK REPORT),NO INJURY / DRIVE AWAY,Y,"OVER $1,500",2025-07-30T14:37:00.000,FAILING TO REDUCE SPEED TO AVOID CRASH,FOLLOWING TOO CLOSELY,413,N,ORLEANS ST,1831,2,NO INDICATION OF INJURY,0,0,0,0,0,2,0,11,4,7,41.8896163563,-87.6366026463,"{'type': 'Point', 'coordinates': [-87.636602646341, 41.889616356265]}",,,,,,,,,,
b17879bb40af60d2ac7b0b3e21d60ad0f7d692e8d4946ee0f4bae027b8131f2954cf66d364cac1c000574edd6ed8f8b5969524481907db37aa95e9879b35d0d5,2025-07-30T11:57:00.000,30,TRAFFIC SIGNAL,FUNCTIONING PROPERLY,CLEAR,DAYLIGHT,TURNING,FOUR WAY,STRAIGHT AND LEVEL,DRY,UNKNOWN,ON SCENE,NO INJURY / DRIVE AWAY,Y,"OVER $1,500",2025-07-30T11:58:00.000,UNABLE TO DETERMINE,UNABLE TO DETERMINE,2343,S,WOLCOTT AVE,1034,2,NO INDICATION OF INJURY,0,0,0,0,0,2,0,11,4,7,41.8495201534,-87.6731762554,"{'type': 'Point', 'coordinates': [-87.673176255383, 41.849520153445]}",,,,,,,,,,
2d68812bcec9368f5f2f7bcef7cdd7e1b662eccd37cde3afa9e34c52712260f0f87d14f4c502ed2a592d834f99a049745beadd3910d452988e53a20b8c71c890,2025-07-30T11:50:00.000,20,NO CONTROLS,NO CONTROLS,CLEAR,DAYLIGHT,PARKED MOTOR VEHICLE,PARKING LOT,STRAIGHT AND LEVEL,DRY,NO DEFECTS,ON SCENE,NO INJURY / DRIVE AWAY,,"$501 - $1,500",2025-07-30T11:55:00.000,DISTRACTION - FROM INSIDE VEHICLE,DISTRACTION - FROM INSIDE VEHICLE,4830,N,PULASKI RD,1712,2,NO INDICATION OF INJURY,0,0,0,0,0,2,0,11,4,7,41.9691923029,-87.7282034121,"{'type': 'Point', 'coordinates': [-87.72820341215, 41.969192302937]}",N,,Y,,,,,,,
4591502a7a2ffbabc1290d3e3c62b08fbba49e9940f298ffa6e0b6bc738990e56a1893ed8c94b5e01c421e381c008fd4f08f952ebf2c921052bf16f9a6de4092,2025-07-30T11:45:00.000,10,NO CONTROLS,NO CONTROLS,CLEAR,DAYLIGHT,PARKED MOTOR VEHICLE,PARKING LOT,STRAIGHT AND LEVEL,DRY,NO DEFECTS,ON SCENE,NO INJURY / DRIVE AWAY,,"OVER $1,500",2025-07-30T12:30:00.000,IMPROPER BACKING,NOT APPLICABLE,5130,W,63RD ST,813,2,NO INDICATION OF INJURY,0,0,0,0,0,1,0,11,4,7,41.778375551,-87.7507325629,"{'type': 'Point', 'coordinates': [-87.750732562886, 41.778375551031]}",Y,,,,,,,,,
4a835bbbf6537014d62f938a84399c10f0b02762801599c09678dbc7f9c52e5683e0ee9f890b07fbecca434eb2c4fab0e40c8579d7e725f5c5cfd6626928758a,2025-07-30T11:30:00.000,30,NO CONTROLS,NO CONTROLS,CLEAR,DAYLIGHT,REAR TO REAR,PARKING LOT,STRAIGHT AND LEVEL,DRY,UNKNOWN,NOT ON SCENE (DESK REPORT),NO INJURY / DRIVE AWAY,,$500 OR LESS,2025-07-31T11:25:00.000,UNABLE TO DETERMINE,UNABLE TO DETERMINE,70,E,BURTON PL,1824,2,NO INDICATION OF INJURY,0,0,0,0,0,2,0,11,4,7,41.9096322071,-87.6262293192,"{'type': 'Point', 'coordinates': [-87.626229319233, 41.909632207067]}",,,,,,,,,,
535a185fdad42c7938a43f6842887aa9b43069f0af09e635a5acdafc7eaad53bb2c9165ce5bbe7bed925c1cfc398a8040cee215f23a9aa123f2862005d4afc88,2025-07-30T11:30:00.000,10,NO CONTROLS,NO CONTROLS,CLEAR,DAYLIGHT,PARKED MOTOR VEHICLE,NOT DIVIDED,STRAIGHT AND LEVEL,DRY,UNKNOWN,NOT ON SCENE (DESK REPORT),NO INJURY / DRIVE AWAY,,"$501 - $1,500",2025-07-30T14:45:00.000,UNABLE TO DETERMINE,UNABLE TO DETERMINE,3632,W,63RD ST,823,2,NO INDICATION OF INJURY,0,0,0,0,0,1,0,11,4,7,41.7789020565,-87.71439596,"{'type': 'Point', 'coordinates': [-87.714395960049, 41.778902056464]}",,,Y,,Y,,,,,
8253ffa143dceb25ec146af96cb09326f44ad45a8db3dd9da3ae837326e4bc1ba4329b1178e737534f75e93bad9bed98da9f1d1e1f751656f7d57cfadb389890,2025-07-30T11:30:00.000,30,NO CONTROLS,NO CONTROLS,CLOUDY/OVERCAST,DAYLIGHT,PARKED MOTOR VEHICLE,ONE-WAY,STRAIGHT AND LEVEL,DRY,NO DEFECTS,NOT ON SCENE (DESK REPORT),NO INJURY / DRIVE AWAY,,"$501 - $1,500",2025-07-30T13:12:00.000,ANIMAL,NOT APPLICABLE,5749,S,TRIPP AVE,813,2,NO INDICATION OF INJURY,0,0,0,0,0,1,0,11,4,7,41.7880699082,-87.7289935354,"{'type': 'Point', 'coordinates': [-87.728993535403, 41.788069908163]}",,,,,,,,,,
018740e90ab1c1088a7965d2ddbeb384095e43bf87feb95e2a1e57b8a85da5a47f303d81cf50f6c37bd7ad3fcc2091682607b999590aeb069c8d0b0bcb221723,2025-07-30T11:20:00.000,30,TRAFFIC SIGNAL,FUNCTIONING PROPERLY,CLEAR,DAYLIGHT,REAR END,DIVIDED - W/MEDIAN (NOT RAISED),STRAIGHT AND LEVEL,DRY,NO DEFECTS,ON SCENE,NO INJURY / DRIVE AWAY,,"$501 - $1,500",2025-07-30T11:26:00.000,UNABLE TO DETERMINE,UNABLE TO DETERMINE,5505,S,PULASKI RD,822,2,NO INDICATION OF INJURY,0,0,0,0,0,2,0,11,4,7,41.7930221917,-87.7230052025,"{'type': 'Point', 'coordinates': [-87.72300520254, 41.79302219173]}",,,,,,,,,,
e82a1515699b4d42235b8259d0cd3abd367e32060c688044b3868c6f72216d71529d55cd2f37cfba81dd593b1e63b80a5ccd58f07463eb3b053b75938e554c5a,2025-07-30T11:15:00.000,30,NO CONTROLS,NO CONTROLS,CLOUDY/OVERCAST,DAYLIGHT,PARKED MOTOR VEHICLE,ONE-WAY,STRAIGHT AND LEVEL,OTHER,"RUT, HOLES",ON SCENE,INJURY AND / OR TOW DUE TO CRASH,,"OVER $1,500",2025-07-30T11:30:00.000,ROAD CONSTRUCTION/MAINTENANCE,UNABLE TO DETERMINE,5400,S,RIDGEWOOD CT,234,3,NO INDICATION OF INJURY,0,0,0,0,0,1,0,11,4,7,41.797915736,-87.5927593743,"{'type': 'Point', 'coordinates': [-87.59275937427, 41.79791573598]}",,,,Y,,,,,,
bd6938b23c145a9458f2b41389ff6275fcc7198600e09dbaad05af3fc78cabc28c06eea23d0e27125dbd46777068446f829fad86778e15c06323d296ea313965,2025-07-30T11:14:00.000,30,NO CONTROLS,NO CONTROLS,CLEAR,DAYLIGHT,PARKED MOTOR VEHICLE,NOT DIVIDED,STRAIGHT AND LEVEL,UNKNOWN,UNKNOWN,ON SCENE,NO INJURY / DRIVE AWAY,,"$501 - $1,500",2025-07-30T11:14:00.000,DRIVING SKILLS/KNOWLEDGE/EXPERIENCE,UNABLE TO DETERMINE,222,N,LA SALLE ST,122,2,NO INDICATION OF INJURY,0,0,0,0,0,1,0,11,4,7,41.8863516045,-87.6326139455,"{'type': 'Point', 'coordinates': [-87.632613945519, 41.886351604489]}",,,Y,,,,,,,
f95c9f22b87107381333473318f3d8cd1cd456b586f59dfa4dbbbff2f583b36ee74b181ae15dd1927d0026587c60bd3f184fcb30d62a290c2084554795d7014b,2025-07-30T11:14:00.000,30,TRAFFIC SIGNAL,FUNCTIONING PROPERLY,CLEAR,DAYLIGHT,SIDESWIPE SAME DIRECTION,NOT DIVIDED,STRAIGHT AND LEVEL,DRY,NO DEFECTS,NOT ON SCENE (DESK REPORT),NO INJURY / DRIVE AWAY,,"OVER $1,500",2025-07-30T13:25:00.000,NOT APPLICABLE,NOT APPLICABLE,7504,N,SHERIDAN RD,2422,2,NO INDICATION OF INJURY,0,0,0,0,0,2,0,11,4,7,42.0183623903,-87.6659232826,"{'type': 'Point', 'coordinates': [-87.6659232826, 42.01836239032]}",,,,,,,,,,
0557075085cc32c830c639490203bdae7ee3ac891fc0b9688d29c0c26ec90576c7cd2d99d736f38b267cda30e9d041ebaa55211af437cc095ea5362609dd211b,2025-07-30T11:00:00.000,35,NO CONTROLS,NO CONTROLS,CLEAR,DAYLIGHT,REAR END,DIVIDED - W/MEDIAN BARRIER,STRAIGHT AND LEVEL,DRY,NO DEFECTS,ON SCENE,INJURY AND / OR TOW DUE TO CRASH,,"OVER $1,500",2025-07-30T11:07:00.000,FOLLOWING TOO CLOSELY,NOT APPLICABLE,1800,W,95TH ST,2221,2,NO INDICATION OF INJURY,0,0,0,0,0,3,0,11,4,7,41.7212557309,-87.6675509456,"{'type': 'Point', 'coordinates': [-87.667550945631, 41.721255730866]}",,,,,,,,,,
0a9a06e7480d7bdb15adac5201f8c62c582aff368b31c2329eb5d81fcff57a69b74ee62158fb6dd48d594b814871edbe2123b612e08eb14b9871168b97eb8b3f,2025-07-30T11:00:00.000,30,OTHER REG. SIGN,FUNCTIONING PROPERLY,CLEAR,DAYLIGHT,SIDESWIPE SAME DIRECTION,FOUR WAY,STRAIGHT AND LEVEL,DRY,NO DEFECTS,NOT ON SCENE (DESK REPORT),NO INJURY / DRIVE AWAY,Y,"OVER $1,500",2025-07-30T11:05:00.000,DRIVING SKILLS/KNOWLEDGE/EXPERIENCE,UNABLE TO DETERMINE,621,N,WELLS ST,1832,2,NO INDICATION OF INJURY,0,0,0,0,0,2,0,11,4,7,41.8931505969,-87.6339627113,"{'type': 'Point', 'coordinates': [-87.633962711316, 41.893150596897]}",,,,,,,,,,
4038bd868ec0055efb4c9211b3da50d4a0c399cbda6c7c7753129b9828001dbfb087f18b241b503faefda77d82e965272cd427974c2c7ef085432463d6446fc7,2025-07-30T11:00:00.000,15,NO CONTROLS,NO CONTROLS,CLEAR,DAYLIGHT,PARKED MOTOR VEHICLE,PARKING LOT,STRAIGHT AND LEVEL,DRY,NO DEFECTS,ON SCENE,NO INJURY / DRIVE AWAY,,"$501 - $1,500",2025-07-30T11:05:00.000,UNABLE TO DETERMINE,NOT APPLICABLE,5,W,TERMINAL ST,1655,2,NO INDICATION OF INJURY,0,0,0,0,0,1,0,11,4,7,,,,,,,,,,,,,
414f64dc3207f7cc51fe9a047d189ecf55ea641e6d6939e70ba78315029aa52857b28157368de82c4eb39ae9e27f9c96f9a33197a9a9b5d137b12612f1fffa99,2025-07-30T11:00:00.000,25,NO CONTROLS,NO CONTROLS,CLEAR,DAYLIGHT,REAR TO SIDE,ONE-WAY,STRAIGHT AND LEVEL,DRY,NO DEFECTS,ON SCENE,NO INJURY / DRIVE AWAY,,"OVER $1,500",2025-07-30T11:10:00.000,IMPROPER BACKING,NOT APPLICABLE,1756,W,JARVIS AVE,2422,2,NO INDICATION OF INJURY,0,0,0,0,0,2,0,11,4,7,42.0160195852,-87.6746847705,"{'type': 'Point', 'coordinates': [-87.674684770471, 42.016019585188]}",,,,,,,,,,
a1c0704a671840879d86356ee3d0df2f0ea4182de563d4a45df5b728c217b711058b29ac93dedd801376699d9ee48c626aff029b188087abc836b6a038c6506b,2025-07-30T11:00:00.000,30,NO CONTROLS,NO CONTROLS,RAIN,DAYLIGHT,PARKED MOTOR VEHICLE,NOT DIVIDED,STRAIGHT AND LEVEL,UNKNOWN,NO DEFECTS,ON SCENE,NO INJURY / DRIVE AWAY,,"OVER $1,500",2025-07-30T12:54:00.000,UNABLE TO DETERMINE,NOT APPLICABLE,4415,W,DICKENS AVE,2522,3,NO INDICATION OF INJURY,0,0,0,0,0,1,0,11,4,7,41.9187514683,-87.7370864428,"{'type': 'Point', 'coordinates': [-87.73708644277, 41.918751468317]}",,,Y,,Y,,,,,
da970edfc64dedf7279150a068432f5364466945bc1f7dcb47b2c2bd019b944c9965be1baca3c12c9bf4d29da52ace364e2dd0913cc66cfb583487c8c1e4b8e9,2025-07-30T11:00:00.000,30,TRAFFIC SIGNAL,UNKNOWN,CLEAR,DAYLIGHT,SIDESWIPE SAME DIRECTION,DIVIDED - W/MEDIAN (NOT RAISED),STRAIGHT AND LEVEL,DRY,UNKNOWN,NOT ON SCENE (DESK REPORT),NO INJURY / DRIVE AWAY,,"OVER $1,500",2025-08-01T16:00:00.000,UNABLE TO DETERMINE,UNABLE TO DETERMINE,6300,S,ASHLAND AVE,725,2,NO INDICATION OF INJURY,0,0,0,0,0,2,0,11,4,7,41.7793722205,-87.6643653474,"{'type': 'Point', 'coordinates': [-87.664365347416, 41.779372220485]}",,,Y,,,,,,,
7e01e9d6db5645de6a4bd83401712c8f02484a3806cc497e74a80b693730cf40182ef507841c71a2a9326ca72ecfa76ebee76fc80a145bae0148bd37bcd54a4f,2025-07-30T10:50:00.000,35,TRAFFIC SIGNAL,NO CONTROLS,CLEAR,DAYLIGHT,SIDESWIPE SAME DIRECTION,NOT DIVIDED,STRAIGHT AND LEVEL,DRY,NO DEFECTS,NOT ON SCENE (DESK REPORT),NO INJURY / DRIVE AWAY,,"$501 - $1,500",2025-07-30T11:10:00.000,IMPROPER LANE USAGE,NOT APPLICABLE,5150,W,CHICAGO AVE,1531,2,NO INDICATION OF INJURY,0,0,0,0,0,2,0,10,4,7,41.8950537308,-87.7552252908,"{'type': 'Point', 'coordinates': [-87.755225290757, 41.895053730813]}",,,,,,,,,,