crash_record_id,crash_date,posted_speed_limit,traffic_control_device,device_condition,weather_condition,lighting_condition,first_crash_type,trafficway_type,alignment,roadway_surface_cond,road_defect,report_type,crash_type,intersection_related_i,damage,date_police_notified,prim_contributory_cause,sec_contributory_cause,street_no,street_direction,street_name,beat_of_occurrence,num_units,most_severe_injury,injuries_total,injuries_fatal,injuries_incapacitating,injuries_non_incapacitating,injuries_reported_not_evident,injuries_no_indication,injuries_unknown,crash_hour,crash_day_of_week,crash_month,latitude,longitude,location,private_property_i,photos_taken_i,hit_and_run_i,statements_taken_i,crash_date_est_i,work_zone_i,work_zone_type,dooring_i,lane_cnt,workers_present_i
1502527fffa13920cfa3ae340422808f431ed7c5e86a42cdf21ea0e77aeac6df751c120543e0003b6c9f8d5c308ed0d3bd5bdae6eb21eb29dfa9ccc3aaa1df91,2025-07-30T10:48:00.000,5,NO CONTROLS,NO CONTROLS,CLEAR,DAYLIGHT,PEDESTRIAN,PARKING LOT,STRAIGHT AND LEVEL,DRY,NO DEFECTS,ON SCENE,INJURY AND / OR TOW DUE TO CRASH,,"OVER $1,500",2025-07-30T11:10:00.000,FAILING TO YIELD RIGHT-OF-WAY,DRIVING SKILLS/KNOWLEDGE/EXPERIENCE,1969,W,OGDEN AVE,1231,2,NONINCAPACITATING INJURY,1,0,0,1,0,1,0,10,4,7,41.8732169991,-87.6756751765,"{'type': 'Point', 'coordinates': [-87.67567517654, 41.873216999115]}",,,,,,,,,,
703f85dbae423fe6425c7cca9da1bed154145e414f64cf4ffde963395c53627781ca2de63b7f540bd0db2f9468b0045e3dc99ead2b39716e602666debe2f6996,2025-07-30T10:43:00.000,30,TRAFFIC SIGNAL,FUNCTIONING PROPERLY,CLEAR,DAYLIGHT,REAR END,NOT DIVIDED,STRAIGHT AND LEVEL,DRY,NO DEFECTS,ON SCENE,NO INJURY / DRIVE AWAY,,"OVER $1,500",2025-07-30T10:46:00.000,FOLLOWING TOO CLOSELY,UNABLE TO DETERMINE,8354,W,BELMONT AVE,1631,2,NO INDICATION OF INJURY,0,0,0,0,0,2,0,10,4,7,41.9376734919,-87.8358284194,"{'type': 'Point', 'coordinates': [-87.83582841937, 41.937673491875]}",,,,,,,,,,
b57045ebbc12b433622ec948f5f00945cfbe94e0470f9f4fa14c91dea7f649b81b6b74b872a3cb6097224b9961763bb4db5178e92ecf3a4f3b9c836813755234,2025-07-30T10:39:00.000,25,NO CONTROLS,UNKNOWN,CLEAR,DAYLIGHT,REAR END,NOT DIVIDED,STRAIGHT AND LEVEL,DRY,NO DEFECTS,ON SCENE,NO INJURY / DRIVE AWAY,,"OVER $1,500",2025-07-30T10:47:00.000,UNABLE TO DETERMINE,DRIVING SKILLS/KNOWLEDGE/EXPERIENCE,1601,W,PETERSON AVE,2012,3,NO INDICATION OF INJURY,0,0,0,0,0,3,0,10,4,7,41.9906868215,-87.6701093877,"{'type': 'Point', 'coordinates': [-87.670109387671, 41.990686821513]}",,,,,,,,,,
ea2f92f01bd571a7597209e89d60d39e6e6a5f2b04c429c6c4ee3a4a112b0acac392feb731d6a620137ca16c8c91e2ed3d50765d9718f25f456d8e2435dac90f,2025-07-30T10:35:00.000,30,TRAFFIC SIGNAL,FUNCTIONING PROPERLY,CLEAR,DAYLIGHT,REAR TO FRONT,NOT DIVIDED,STRAIGHT AND LEVEL,DRY,NO DEFECTS,ON SCENE,NO INJURY / DRIVE AWAY,,"OVER $1,500",2025-07-30T10:41:00.000,IMPROPER BACKING,NOT APPLICABLE,1158,S,CICERO AVE,1533,2,NO INDICATION OF INJURY,0,0,0,0,0,2,0,10,4,7,41.8659741961,-87.7449034944,"{'type': 'Point', 'coordinates': [-87.744903494382, 41.865974196113]}",,,,,Y,,,,,
1188b3f716b2a6fc936d2182eba3b2b0a872c6cd14adc5775b602e380aa5747c2fb33f18892f8d4c975b6667beb261a338750909c60d5aab7fc3bff7c310421e,2025-07-30T10:30:00.000,30,TRAFFIC SIGNAL,FUNCTIONING PROPERLY,RAIN,DAYLIGHT,REAR END,NOT DIVIDED,STRAIGHT AND LEVEL,WET,NO DEFECTS,NOT ON SCENE (DESK REPORT),NO INJURY / DRIVE AWAY,,"OVER $1,500",2025-07-31T10:20:00.000,FOLLOWING TOO CLOSELY,UNABLE TO DETERMINE,1600,W,WEBSTER AVE,1432,2,NO INDICATION OF INJURY,0,0,0,0,0,2,0,10,4,7,41.9216632673,-87.6686992355,"{'type': 'Point', 'coordinates': [-87.668699235527, 41.921663267293]}",,,,,,,,,,
1d6136f650bc3486f164d6322466b740ce0852a0363d9e1addaf7f32e01b86b25d8260caa3b5cc930846ca7394c078ab42d0773d50c9b154e178fda76f7c124b,2025-07-30T10:30:00.000,45,NO CONTROLS,NO CONTROLS,CLEAR,DAYLIGHT,SIDESWIPE SAME DIRECTION,DIVIDED - W/MEDIAN BARRIER,STRAIGHT AND LEVEL,DRY,NO DEFECTS,NOT ON SCENE (DESK REPORT),NO INJURY / DRIVE AWAY,,$500 OR LESS,2025-07-30T11:45:00.000,UNABLE TO DETERMINE,NOT APPLICABLE,1600,N,LAKE SHORE DR NB,1814,2,NO INDICATION OF INJURY,0,0,0,0,0,2,0,10,4,7,41.9118569525,-87.6261695233,"{'type': 'Point', 'coordinates': [-87.626169523312, 41.911856952541]}",,,,,,,,,,
aa29f596ce77ff17b8e59ae391b9b4d5d15a904be67c4e5828718752ad14936a6c68627f1ed99c50ede52533a78013293f8c4b8afda54415dae2e154a9ae9f01,2025-07-30T10:30:00.000,30,STOP SIGN/FLASHER,FUNCTIONING PROPERLY,UNKNOWN,UNKNOWN,PARKED MOTOR VEHICLE,ONE-WAY,STRAIGHT AND LEVEL,UNKNOWN,UNKNOWN,NOT ON SCENE (DESK REPORT),NO INJURY / DRIVE AWAY,,"OVER $1,500",2025-07-31T13:23:00.000,UNABLE TO DETERMINE,UNABLE TO DETERMINE,3750,N,BERNARD ST,1732,2,NO INDICATION OF INJURY,0,0,0,0,0,1,0,10,4,7,41.949879939,-87.7141757898,"{'type': 'Point', 'coordinates': [-87.714175789811, 41.94987993899]}",,,Y,,,,,,,
a02048d073b9742cecb46b822f6d79d0810ca8b7b1bc8e6f1fd9be80f9f436b156a1b248936926355d1ac44656e862ccce4ba473f34ad518860b032406f51f64,2025-07-30T10:25:00.000,20,TRAFFIC SIGNAL,FUNCTIONING PROPERLY,CLEAR,DAYLIGHT,ANGLE,FOUR WAY,STRAIGHT AND LEVEL,DRY,NO DEFECTS,ON SCENE,INJURY AND / OR TOW DUE TO CRASH,Y,"OVER $1,500",2025-07-30T10:42:00.000,UNABLE TO DETERMINE,NOT APPLICABLE,5400,N,CLARK ST,2012,2,NONINCAPACITATING INJURY,1,0,0,1,0,1,0,10,4,7,41.979884283,-87.6684294847,"{'type': 'Point', 'coordinates': [-87.668429484682, 41.979884282976]}",,,,,Y,,,,,
765a5f3a99dd2aa50568439516445c38f0d446375604405395e7fd81ad2891d0d2ff126b840b56cc8f4fc05c5162333ba320d06b8c6f6038d1ea00175ff950e0,2025-07-30T10:12:00.000,30,STOP SIGN/FLASHER,NO CONTROLS,CLEAR,DAYLIGHT,TURNING,DIVIDED - W/MEDIAN (NOT RAISED),STRAIGHT AND LEVEL,DRY,NO DEFECTS,ON SCENE,NO INJURY / DRIVE AWAY,Y,"OVER $1,500",2025-07-30T10:15:00.000,IMPROPER OVERTAKING/PASSING,FOLLOWING TOO CLOSELY,3845,N,WESTERN AVE,1921,2,NO INDICATION OF INJURY,0,0,0,0,0,3,0,10,4,7,41.9517416441,-87.6882550737,"{'type': 'Point', 'coordinates': [-87.688255073677, 41.951741644107]}",,,,,,,,,,
0f4ec1d3f4215ee5e427de4a766ad05cfed54aae959f1d327da98d57fe161619df7dae048049208d3fb21ac525df8fc87ddea05b8fd439a1aca5ebc291603bca,2025-07-30T10:08:00.000,30,NO CONTROLS,NO CONTROLS,CLEAR,DAYLIGHT,REAR TO FRONT,T-INTERSECTION,STRAIGHT AND LEVEL,DRY,NO DEFECTS,ON SCENE,NO INJURY / DRIVE AWAY,,"OVER $1,500",2025-07-30T10:08:00.000,IMPROPER BACKING,UNABLE TO DETERMINE,6457,S,WESTERN AVE,825,2,NO INDICATION OF INJURY,0,0,0,0,0,2,0,10,4,7,41.7757482392,-87.6834057827,"{'type': 'Point', 'coordinates': [-87.683405782735, 41.775748239195]}",,,,,,,,,,
387bf1317b6725666b16b442a8d3590920346247bff24a228110652e79c92c9717b3a5195f86081227546dbbfd900817b83331f175b5979ada366a13a5f7adff,2025-07-30T10:00:00.000,30,NO CONTROLS,NO CONTROLS,RAIN,DAYLIGHT,PARKED MOTOR VEHICLE,ONE-WAY,STRAIGHT AND LEVEL,WET,UNKNOWN,ON SCENE,NO INJURY / DRIVE AWAY,,"OVER $1,500",2025-07-30T14:26:00.000,IMPROPER TURNING/NO SIGNAL,DRIVING SKILLS/KNOWLEDGE/EXPERIENCE,2415,N,ROCKWELL ST,1431,2,NO INDICATION OF INJURY,0,0,0,0,0,1,0,10,4,7,41.925372669,-87.6923980483,"{'type': 'Point', 'coordinates': [-87.692398048302, 41.925372668963]}",,,Y,,Y,,,,,
fe99c5d190149bc0415a9b37b6732c42c703af60736d62f2658ef577f8a04f3034cfb8b91585a6f3f14c2c559195c57d720517291af0595f7414995f9d8000e8,2025-07-30T10:00:00.000,30,TRAFFIC SIGNAL,FUNCTIONING PROPERLY,CLEAR,DAYLIGHT,SIDESWIPE SAME DIRECTION,DIVIDED - W/MEDIAN BARRIER,STRAIGHT AND LEVEL,DRY,NO DEFECTS,NOT ON SCENE (DESK REPORT),NO INJURY / DRIVE AWAY,,"OVER $1,500",2025-07-30T10:45:00.000,IMPROPER LANE USAGE,NOT APPLICABLE,4213,S,CICERO AVE,815,2,NO INDICATION OF INJURY,0,0,0,0,0,3,0,10,4,7,41.8163044171,-87.7432322876,"{'type': 'Point', 'coordinates': [-87.743232287572, 41.81630441713]}",,,,,,,,,,
201100d305d555d642ebc9730c652791933f739c3f8b455f07ba45d635813f1d0ab8450577504dc527e5fd9d4fb1845f9bd9be47e47011540d1f8adcdca4a035,2025-07-30T09:55:00.000,25,NO CONTROLS,NO CONTROLS,CLEAR,DAYLIGHT,PARKED MOTOR VEHICLE,ONE-WAY,STRAIGHT AND LEVEL,DRY,NO DEFECTS,ON SCENE,NO INJURY / DRIVE AWAY,,"$501 - $1,500",2025-07-30T09:55:00.000,DISTRACTION - FROM OUTSIDE VEHICLE,NOT APPLICABLE,4824,W,ADAMS ST,1533,3,NO INDICATION OF INJURY,0,0,0,0,0,1,0,9,4,7,41.8786939304,-87.7462081859,"{'type': 'Point', 'coordinates': [-87.746208185947, 41.878693930416]}",,,N,,,,,,,
04793962aeb09fc0837c8fd0085525256a405253f8730490f941c3b392057006c543f8c44168a03e9d4204a481c8a4fd3b537d078e77dcb3b27fde5249dcdf23,2025-07-30T09:53:00.000,30,NO CONTROLS,NO CONTROLS,CLEAR,DAYLIGHT,PARKED MOTOR VEHICLE,ONE-WAY,STRAIGHT AND LEVEL,DRY,NO DEFECTS,ON SCENE,NO INJURY / DRIVE AWAY,,"OVER $1,500",2025-07-30T10:00:00.000,IMPROPER BACKING,UNABLE TO DETERMINE,3312,W,POTOMAC AVE,1422,2,NO INDICATION OF INJURY,0,0,0,0,0,1,0,9,4,7,41.9047410261,-87.7098707091,"{'type': 'Point', 'coordinates': [-87.709870709129, 41.904741026055]}",,,Y,,,,,,,
f48e601007bdf1047e7a5e25d69d1933fc5cec492b6362f9d29755971eae1ce1fa34606eab535b82314cd5a496951d689d80384b3ca40dbe4e4e03117d033ed7,2025-07-30T09:50:00.000,30,NO CONTROLS,NO CONTROLS,CLEAR,DAYLIGHT,ANGLE,NOT DIVIDED,STRAIGHT AND LEVEL,DRY,NO DEFECTS,NOT ON SCENE (DESK REPORT),NO INJURY / DRIVE AWAY,,"OVER $1,500",2025-07-30T10:30:00.000,FAILING TO YIELD RIGHT-OF-WAY,NOT APPLICABLE,319,N,LOWER STETSON AVE,114,2,NO INDICATION OF INJURY,0,0,0,0,0,2,0,9,4,7,41.8873340124,-87.6222372262,"{'type': 'Point', 'coordinates': [-87.622237226247, 41.887334012393]}",,,,,,,,,,
b2662d83a6f5b608542cc3e68b19a05747452fa87482294b63150b182dce68ffb6489f24b052e56413cdaefec176b91e096640557470c9706e0805f49fd52d36,2025-07-30T09:45:00.000,30,TRAFFIC SIGNAL,FUNCTIONING PROPERLY,CLEAR,DAYLIGHT,TURNING,T-INTERSECTION,STRAIGHT ON GRADE,DRY,NO DEFECTS,NOT ON SCENE (DESK REPORT),NO INJURY / DRIVE AWAY,Y,"OVER $1,500",2025-07-30T10:30:00.000,IMPROPER TURNING/NO SIGNAL,NOT APPLICABLE,3000,N,CLARK ST,1934,2,NO INDICATION OF INJURY,0,0,0,0,0,2,0,9,4,7,41.9364403254,-87.6480062116,"{'type': 'Point', 'coordinates': [-87.64800621163, 41.936440325368]}",,,,,,N,,,,
eab84092f1cf6747e9cb465f861943e5a6625cbf8d2f4c3e3e8a6e82e12dca2739d0381249dba991eb2b7aca5efa043476779cb18dafad8737238a8577d4cf68,2025-07-30T09:45:00.000,20,NO CONTROLS,NO CONTROLS,CLEAR,DAYLIGHT,PARKED MOTOR VEHICLE,NOT DIVIDED,STRAIGHT AND LEVEL,DRY,UNKNOWN,NOT ON SCENE (DESK REPORT),NO INJURY / DRIVE AWAY,,"OVER $1,500",2025-07-30T18:24:00.000,UNABLE TO DETERMINE,NOT APPLICABLE,12140,S,LOWE AVE,523,2,NO INDICATION OF INJURY,0,0,0,0,0,1,0,9,4,7,41.6729805748,-87.6382856118,"{'type': 'Point', 'coordinates': [-87.638285611821, 41.672980574758]}",,,Y,,,,,,,
655262f6eb5a865e97705076ef791f898a38fab38937a3af3c57d5d9ef08b3b40a4b02a050aec523e83bae55ec2c9204ad5288c449ee4110a56f853212f3240e,2025-07-30T09:43:00.000,30,STOP SIGN/FLASHER,FUNCTIONING PROPERLY,CLEAR,DAYLIGHT,REAR END,NOT DIVIDED,STRAIGHT AND LEVEL,DRY,NO DEFECTS,ON SCENE,INJURY AND / OR TOW DUE TO CRASH,Y,"OVER $1,500",2025-07-30T10:01:00.000,DISTRACTION - FROM INSIDE VEHICLE,DISTRACTION - FROM INSIDE VEHICLE,1102,E,47TH ST,222,2,"REPORTED, NOT EVIDENT",2,0,0,0,2,2,0,9,4,7,41.8097259446,-87.599070286,"{'type': 'Point', 'coordinates': [-87.599070285972, 41.80972594455]}",,,,,,,,,,
20dc53467380d410fb2c05cdd936b721b105296a8c0beee203ae1e9dfa8b19b4367eb4292a429eb3cc90c23a2a35d52aa04664bd5607849f8b5900be2b64c0f3,2025-07-30T09:40:00.000,30,NO CONTROLS,NO CONTROLS,CLEAR,DAYLIGHT,FIXED OBJECT,DIVIDED - W/MEDIAN BARRIER,STRAIGHT AND LEVEL,DRY,NO DEFECTS,ON SCENE,NO INJURY / DRIVE AWAY,,"$501 - $1,500",2025-07-30T09:40:00.000,NOT APPLICABLE,NOT APPLICABLE,5200,W,LAWRENCE AVE,1623,1,NO INDICATION OF INJURY,0,0,0,0,0,1,0,9,4,7,41.9680102986,-87.7577818986,"{'type': 'Point', 'coordinates': [-87.757781898594, 41.968010298556]}",,,,,,,,,,
e68246bc02c278fd3b1939d6c0564b1da0298341848227f6e3992d280ac400b12e98cbbb7a4c15db40f58edb7aa02d1172dcccdd2be85898ee139de09b1d19d2,2025-07-30T09:38:00.000,30,NO CONTROLS,NO CONTROLS,CLEAR,DAYLIGHT,PARKED MOTOR VEHICLE,NOT DIVIDED,STRAIGHT AND LEVEL,DRY,NO DEFECTS,ON SCENE,NO INJURY / DRIVE AWAY,,$500 OR LESS,2025-07-30T11:46:00.000,UNABLE TO DETERMINE,NOT APPLICABLE,6022,N,CENTRAL PARK AVE,1711,2,NO INDICATION OF INJURY,0,0,0,0,0,1,0,9,4,7,41.9909542923,-87.7190281415,"{'type': 'Point', 'coordinates': [-87.719028141453, 41.990954292345]}",,,Y,,,,,,,
2bcb2992345c4dc0f79e7d195e4acbed8e79b0b5633278a681a7bed1cf44b48451a43181595880063a0b3e13584052740a982ab6288e9a8b151b101e69b48cd7,2025-07-30T09:30:00.000,30,NO CONTROLS,NO CONTROLS,UNKNOWN,DAYLIGHT,SIDESWIPE SAME DIRECTION,DIVIDED - W/MEDIAN (NOT RAISED),STRAIGHT AND LEVEL,UNKNOWN,UNKNOWN,NOT ON SCENE (DESK REPORT),NO INJURY / DRIVE AWAY,,"OVER $1,500",2025-07-30T17:47:00.000,DRIVING SKILLS/KNOWLEDGE/EXPERIENCE,DRIVING SKILLS/KNOWLEDGE/EXPERIENCE,5856,N,BROADWAY,2013,2,NO INDICATION OF INJURY,0,0,0,0,0,2,0,9,4,7,41.9886488564,-87.660370412,"{'type': 'Point', 'coordinates': [-87.660370411954, 41.988648856381]}",,,,,,,,,,
42fb6aba28f4edbd81f91d5edd8be1835ffa479f19a82e39b816bafbfab493022a9a053dbfa53e91ca9f905e1d6e8e4770058c4b9fd52dc459068df5ab9e88ab,2025-07-30T09:30:00.000,30,NO CONTROLS,NO CONTROLS,CLEAR,DAYLIGHT,PARKED MOTOR VEHICLE,DIVIDED - W/MEDIAN (NOT RAISED),STRAIGHT AND LEVEL,DRY,NO DEFECTS,NOT ON SCENE (DESK REPORT),NO INJURY / DRIVE AWAY,,$500 OR LESS,2025-07-30T11:20:00.000,IMPROPER TURNING/NO SIGNAL,NOT APPLICABLE,1928,W,CULLERTON ST,1234,2,NO INDICATION OF INJURY,0,0,0,0,0,1,0,9,4,7,41.8550543906,-87.6746599499,"{'type': 'Point', 'coordinates': [-87.674659949902, 41.855054390562]}",,,Y,,,,,,,
76986f0e2a0009633a1a5be289bf918b887db5c1e4d47554b5da78c7a634f68d209ce01ee21b77021b12710d60a34fbbcc39457bd1bb33cc7dfe84392d53a922,2025-07-30T09:25:00.000,35,STOP SIGN/FLASHER,FUNCTIONING PROPERLY,CLEAR,DAYLIGHT,TURNING,DIVIDED - W/MEDIAN BARRIER,STRAIGHT AND LEVEL,DRY,NO DEFECTS,ON SCENE,INJURY AND / OR TOW DUE TO CRASH,Y,"OVER $1,500",2025-07-30T09:46:00.000,FAILING TO YIELD RIGHT-OF-WAY,NOT APPLICABLE,5925,W,MONTROSE AVE,1624,2,NONINCAPACITATING INJURY,1,0,0,1,0,1,0,9,4,7,41.9602617264,-87.7755763102,"{'type': 'Point', 'coordinates': [-87.775576310154, 41.960261726362]}",,,,,,,,,,
c63252ef5c95ee0de86134299e613c6229da210ed2f4313796022af64a1970bc68f773b1508e9de54fcfa49e1fa1dba5257bdf265de06a16160e720721b54664,2025-07-30T09:15:00.000,30,NO CONTROLS,NO CONTROLS,CLEAR,DAYLIGHT,PEDALCYCLIST,ONE-WAY,STRAIGHT AND LEVEL,DRY,NO DEFECTS,NOT ON SCENE (DESK REPORT),INJURY AND / OR TOW DUE TO CRASH,Y,"OVER $1,500",2025-07-30T09:15:00.000,UNABLE TO DETERMINE,UNABLE TO DETERMINE,2547,N,KEDZIE BLVD,1414,2,NONINCAPACITATING INJURY,1,0,0,1,0,1,0,9,4,7,41.9278785415,-87.7069251891,"{'type': 'Point', 'coordinates': [-87.706925189093, 41.927878541496]}",,,,,,Y,CONSTRUCTION,Y,,
03391d5b5dc989f4451ed44b0ae07ecc077d77a4a0942ee97667d6157c4c4201e782d3e47b73ceca28331b53eb5222f23f255a440068cdaf117d3826a017b1f9,2025-07-30T09:10:00.000,20,NO CONTROLS,NO CONTROLS,CLEAR,DAYLIGHT,PARKED MOTOR VEHICLE,NOT DIVIDED,STRAIGHT AND LEVEL,DRY,NO DEFECTS,ON SCENE,NO INJURY / DRIVE AWAY,,"OVER $1,500",2025-07-30T09:10:00.000,NOT APPLICABLE,NOT APPLICABLE,6405,S,DR MARTIN LUTHER KING JR DR,312,3,NO INDICATION OF INJURY,0,0,0,0,0,1,0,9,4,7,41.7782217099,-87.6154288113,"{'type': 'Point', 'coordinates': [-87.615428811287, 41.778221709912]}",,,Y,,,,,,,
b20c7467fde00aa4f4a25b438093d71be3e2034a5f6162c311ecf87ce2daaf4bec8fe60bb8a3ba674cfffef7321ba280411b3fd5efe9b3df84507571e729a51c,2025-07-30T09:07:00.000,30,TRAFFIC SIGNAL,FUNCTIONING PROPERLY,CLEAR,DAYLIGHT,REAR END,NOT DIVIDED,STRAIGHT AND LEVEL,DRY,NO DEFECTS,NOT ON SCENE (DESK REPORT),NO INJURY / DRIVE AWAY,,"OVER $1,500",2025-07-30T09:30:00.000,UNABLE TO DETERMINE,NOT APPLICABLE,1968,N,RACINE AVE,1811,2,NO INDICATION OF INJURY,0,0,0,0,0,3,0,9,4,7,41.9179082096,-87.6583615292,"{'type': 'Point', 'coordinates': [-87.658361529228, 41.917908209627]}",,,,,,,,,,
c159d98cbd9537d31fcfe585c6ff8232c94d20e7513fe692f45fd6230622b50d58438e2cb29fd6f34747d0760f619cc880f7f85aadfd0e3d6f4474dca8e639bf,2025-07-30T09:06:00.000,30,TRAFFIC SIGNAL,FUNCTIONING PROPERLY,CLEAR,DAYLIGHT,PEDALCYCLIST,NOT DIVIDED,STRAIGHT AND LEVEL,DRY,NO DEFECTS,ON SCENE,INJURY AND / OR TOW DUE TO CRASH,,"OVER $1,500",2025-07-30T09:06:00.000,NOT APPLICABLE,NOT APPLICABLE,2011,W,NORTH AVE,1424,2,NONINCAPACITATING INJURY,1,0,0,1,0,1,0,9,4,7,41.9103640218,-87.6780627229,"{'type': 'Point', 'coordinates': [-87.678062722857, 41.910364021765]}",,,,,,,,Y,,
0639e39fdddac4553e2714de3c5b119f69ae6940726a96227e52ed56e9788e52da2c16e46447f2f74b200a2831da7104856b1c06b6a8c7923d9934cc3d749121,2025-07-30T09:00:00.000,30,NO CONTROLS,NO CONTROLS,CLEAR,DAYLIGHT,REAR END,NOT DIVIDED,STRAIGHT AND LEVEL,DRY,NO DEFECTS,NOT ON SCENE (DESK REPORT),NO INJURY / DRIVE AWAY,,"OVER $1,500",2025-07-30T10:05:00.000,UNABLE TO DETERMINE,UNABLE TO DETERMINE,6832,W,ARCHER AVE,811,2,NO INDICATION OF INJURY,0,0,0,0,0,2,0,9,4,7,41.7922412043,-87.7928608402,"{'type': 'Point', 'coordinates': [-87.792860840209, 41.792241204256]}",,,,,,,,,,
e98fd18e5ec78a4a3e64c704d44d61e772585f3af7f237b713b1957171c34fe6fb4a2983735e4f5bdbae4bdccb325d1a6dd4de2c76129ca7b4518c302a7fba30,2025-07-30T09:00:00.000,25,NO CONTROLS,NO CONTROLS,UNKNOWN,UNKNOWN,PARKED MOTOR VEHICLE,ONE-WAY,STRAIGHT AND LEVEL,UNKNOWN,NO DEFECTS,NOT ON SCENE (DESK REPORT),NO INJURY / DRIVE AWAY,,"OVER $1,500",2025-07-31T20:10:00.000,IMPROPER OVERTAKING/PASSING,UNABLE TO DETERMINE,3351,W,BERTEAU AVE,1724,2,NO INDICATION OF INJURY,0,0,0,0,0,1,0,9,4,7,41.9574142343,-87.712600747,"{'type': 'Point', 'coordinates': [-87.712600746978, 41.957414234274]}",,,Y,,,,,,,
f09742592103290393fd28c058462cb67fa19140320cb2142cc941e07d5bbe22671febe5ea390df6247697e70a10d5f662ecec3ec43476005a2cdf329f84061f,2025-07-30T09:00:00.000,30,TRAFFIC SIGNAL,FUNCTIONING PROPERLY,CLEAR,DAYLIGHT,REAR END,FOUR WAY,STRAIGHT AND LEVEL,DRY,NO DEFECTS,NOT ON SCENE (DESK REPORT),INJURY AND / OR TOW DUE TO CRASH,,"OVER $1,500",2025-07-30T09:05:00.000,UNABLE TO DETERMINE,NOT APPLICABLE,802,E,111TH ST,513,2,"REPORTED, NOT EVIDENT",2,0,0,0,2,1,0,9,4,7,41.6929828746,-87.6022698501,"{'type': 'Point', 'coordinates': [-87.602269850098, 41.692982874619]}",,,,,,,,,,
b6c36b1a532afdb213d8c8ab400c11cdf590b515cfb503ed58623407dcdea7e52fd3d3874fa66361ed18255bb6a60b4e38a8e74291ab37f363aea1f7b339b90b,2025-07-30T08:59:00.000,30,TRAFFIC SIGNAL,FUNCTIONING PROPERLY,CLEAR,DAYLIGHT,REAR END,DIVIDED - W/MEDIAN (NOT RAISED),STRAIGHT AND LEVEL,DRY,NO DEFECTS,ON SCENE,NO INJURY / DRIVE AWAY,,"OVER $1,500",2025-07-30T09:00:00.000,UNABLE TO DETERMINE,UNABLE TO DETERMINE,4800,W,63RD ST,813,2,NO INDICATION OF INJURY,0,0,0,0,0,2,0,8,4,7,41.7785380711,-87.7423558784,"{'type': 'Point', 'coordinates': [-87.74235587842, 41.778538071066]}",,,,,,,,,,
4063839d931fb65e5bca9814f0ee69a045270132e4b50305fc61c110536de799c16016dbaa8e53d8f58cafeffd4bbb3b49f8c4cf3cc30b8687c10c695dfcddb1,2025-07-30T08:57:00.000,30,NO CONTROLS,NO CONTROLS,CLEAR,DAYLIGHT,FIXED OBJECT,PARKING LOT,STRAIGHT AND LEVEL,DRY,NO DEFECTS,ON SCENE,NO INJURY / DRIVE AWAY,,"OVER $1,500",2025-07-30T08:58:00.000,DISTRACTION - FROM INSIDE VEHICLE,NOT APPLICABLE,11098,S,DR MARTIN LUTHER KING JR DR,513,1,NO INDICATION OF INJURY,0,0,0,0,0,2,0,8,4,7,41.6927586681,-87.6135236213,"{'type': 'Point', 'coordinates': [-87.613523621273, 41.69275866805]}",,,,,,,,,,
375f556e0f99666abeb5495cf00fe567b59c97a4bd783d37ba5f8c810bc2e624888a11fd3077f12cabd95286836ddcb0084664420338f0a356d4c2cbc90f9c4d,2025-07-30T08:52:00.000,30,TRAFFIC SIGNAL,FUNCTIONING PROPERLY,CLEAR,DAYLIGHT,TURNING,ONE-WAY,STRAIGHT AND LEVEL,DRY,NO DEFECTS,ON SCENE,INJURY AND / OR TOW DUE TO CRASH,Y,"OVER $1,500",2025-07-30T08:55:00.000,IMPROPER TURNING/NO SIGNAL,NOT APPLICABLE,7481,S,STATE ST,323,2,"REPORTED, NOT EVIDENT",1,0,0,0,1,5,0,8,4,7,41.7582009805,-87.6246118698,"{'type': 'Point', 'coordinates': [-87.624611869841, 41.758200980453]}",,,,,,,,,,
f40a42b883b32f17371267ec97d90883ad2ccee7a69c660e6b316e9bed1e6566d397965ff26f9e84b13e638a7d0fc3ea4506d7d290c7d531e8578c98292ef700,2025-07-30T08:40:00.000,30,NO CONTROLS,NO CONTROLS,UNKNOWN,DAYLIGHT,SIDESWIPE SAME DIRECTION,DIVIDED - W/MEDIAN (NOT RAISED),STRAIGHT AND LEVEL,UNKNOWN,NO DEFECTS,ON SCENE,NO INJURY / DRIVE AWAY,,"OVER $1,500",2025-07-31T17:30:00.000,IMPROPER OVERTAKING/PASSING,NOT APPLICABLE,454,W,83RD ST,622,2,NO INDICATION OF INJURY,0,0,0,0,0,2,0,8,4,7,41.7442243467,-87.6357871989,"{'type': 'Point', 'coordinates': [-87.635787198948, 41.744224346704]}",,,Y,,,,,,,
f51e9e23f51a7b9dc6468911c9c0f5f86534d88c520c6480146474065827d8fa88164f5ce8c92de95669813eae1c15da35c87ebaf51919e2678f3f3ddf5128b1,2025-07-30T08:35:00.000,30,NO CONTROLS,NO CONTROLS,CLEAR,DAYLIGHT,SIDESWIPE SAME DIRECTION,NOT DIVIDED,STRAIGHT AND LEVEL,DRY,NO DEFECTS,ON SCENE,NO INJURY / DRIVE AWAY,,"$501 - $1,500",2025-07-30T08:39:00.000,UNABLE TO DETERMINE,NOT APPLICABLE,9843,S,WESTERN AVE,2213,2,NO INDICATION OF INJURY,0,0,0,0,0,4,0,8,4,7,41.7142119316,-87.6817093708,"{'type': 'Point', 'coordinates': [-87.681709370806, 41.714211931593]}",,,,,,,,,,