crash_record_id,crash_date,posted_speed_limit,traffic_control_device,device_condition,weather_condition,lighting_condition,first_crash_type,trafficway_type,alignment,roadway_surface_cond,road_defect,report_type,crash_type,intersection_related_i,damage,date_police_notified,prim_contributory_cause,sec_contributory_cause,street_no,street_direction,street_name,beat_of_occurrence,num_units,most_severe_injury,injuries_total,injuries_fatal,injuries_incapacitating,injuries_non_incapacitating,injuries_reported_not_evident,injuries_no_indication,injuries_unknown,crash_hour,crash_day_of_week,crash_month,latitude,longitude,location,private_property_i,photos_taken_i,hit_and_run_i,statements_taken_i,crash_date_est_i,work_zone_i,work_zone_type,dooring_i,lane_cnt,workers_present_i
df1085fd0296d66a0682da52303bc45cf2f0d98b8bd5ada3cb4ddd76e111cce0342dfdcf5e71a62f0539ee310fcc053c0b31f07ad27cd06880aedf7574f53e91,2025-07-30T08:26:00.000,25,STOP SIGN/FLASHER,NO CONTROLS,CLEAR,DAYLIGHT,REAR END,ONE-WAY,STRAIGHT AND LEVEL,DRY,NO DEFECTS,ON SCENE,NO INJURY / DRIVE AWAY,,"OVER $1,500",2025-07-30T08:31:00.000,UNABLE TO DETERMINE,UNABLE TO DETERMINE,2400,S,AVERS AVE,1013,5,NO INDICATION OF INJURY,0,0,0,0,0,2,0,8,4,7,41.8478731693,-87.7211365996,"{'type': 'Point', 'coordinates': [-87.721136599589, 41.847873169324]}",,,Y,,,,,,,
e8151434adb454bbbf0f41786813daf98098bd6f63fff75330328ec0161b6413ead1f3754bcfb5bb893acdb47159ffc6f62f2dda969c11d015669251f0c7fed5,2025-07-30T08:26:00.000,30,TRAFFIC SIGNAL,FUNCTIONING PROPERLY,CLEAR,DAYLIGHT,TURNING,ONE-WAY,STRAIGHT AND LEVEL,DRY,NO DEFECTS,ON SCENE,NO INJURY / DRIVE AWAY,Y,$500 OR LESS,2025-07-30T08:37:00.000,IMPROPER OVERTAKING/PASSING,IMPROPER LANE USAGE,300,S,CLARK ST,122,2,NO INDICATION OF INJURY,0,0,0,0,0,3,0,8,4,7,41.8780825148,-87.6309303908,"{'type': 'Point', 'coordinates': [-87.630930390814, 41.878082514793]}",,,Y,,,,,,,
3f0c72f432f67281eb5baf3153c6ef15f4e02e35aa1f7f6fae76ef483b5f488c927794d8edfde2b323aae94de27ff1af1bc68f1aaaea05af18436e45c9707eb0,2025-07-30T08:25:00.000,30,TRAFFIC SIGNAL,FUNCTIONING PROPERLY,CLEAR,DAYLIGHT,REAR END,NOT DIVIDED,STRAIGHT AND LEVEL,DRY,NO DEFECTS,ON SCENE,INJURY AND / OR TOW DUE TO CRASH,,"$501 - $1,500",2025-07-30T08:29:00.000,UNABLE TO DETERMINE,NOT APPLICABLE,1158,S,CENTRAL AVE,1513,2,"REPORTED, NOT EVIDENT",1,0,0,0,1,2,0,8,4,7,41.8656262434,-87.7644577758,"{'type': 'Point', 'coordinates': [-87.764457775815, 41.865626243358]}",,,,,Y,,,,,
cccfd2c5b794b513f07716cccf6854466ec1332d4dc36a8c70f73eb92b5ebba352515eab6eb2f11bec7230070578187d6e2c5b85375922ec35f805cc940baca7,2025-07-30T08:25:00.000,30,STOP SIGN/FLASHER,FUNCTIONING PROPERLY,CLEAR,DAYLIGHT,TURNING,T-INTERSECTION,STRAIGHT AND LEVEL,DRY,NO DEFECTS,ON SCENE,NO INJURY / DRIVE AWAY,Y,$500 OR LESS,2025-07-30T08:34:00.000,FAILING TO YIELD RIGHT-OF-WAY,UNABLE TO DETERMINE,4300,N,CICERO AVE,1624,2,NO INDICATION OF INJURY,0,0,0,0,0,2,0,8,4,7,41.9589410094,-87.7476253546,"{'type': 'Point', 'coordinates': [-87.747625354554, 41.958941009355]}",,,,,,,,,,
d90beaecd7095080e0355fdfea3351ab655c78059ee5337740abe5f41320188a2d3a9d12ca6feac0649ca2d221fa1c9a552ca6e5c5987dc22dfe9b91c91dc4cf,2025-07-30T08:15:00.000,35,TRAFFIC SIGNAL,FUNCTIONING PROPERLY,CLEAR,DAYLIGHT,TURNING,FOUR WAY,STRAIGHT AND LEVEL,DRY,UNKNOWN,ON SCENE,INJURY AND / OR TOW DUE TO CRASH,Y,"OVER $1,500",2025-07-30T08:20:00.000,IMPROPER TURNING/NO SIGNAL,NOT APPLICABLE,3506,S,DR MARTIN LUTHER KING JR DR,212,2,"REPORTED, NOT EVIDENT",1,0,0,0,1,4,0,8,4,7,41.8309309032,-87.6174653049,"{'type': 'Point', 'coordinates': [-87.617465304901, 41.830930903199]}",,,,,,,,,,
08c336a4677f7a5aa40afa728a70dc702d4821f374074126b0dfd7b1b0505911ef61c45dc56507a81021098d2e997cb5915d0b00bfcaa24e8bc26576325a21c6,2025-07-30T08:10:00.000,30,STOP SIGN/FLASHER,NO CONTROLS,CLEAR,DAYLIGHT,ANGLE,T-INTERSECTION,STRAIGHT AND LEVEL,DRY,NO DEFECTS,NOT ON SCENE (DESK REPORT),NO INJURY / DRIVE AWAY,Y,"OVER $1,500",2025-07-30T09:35:00.000,FAILING TO YIELD RIGHT-OF-WAY,NOT APPLICABLE,6235,W,BRYN MAWR AVE,1622,2,NO INDICATION OF INJURY,0,0,0,0,0,3,0,8,4,7,41.9827906486,-87.7843195439,"{'type': 'Point', 'coordinates': [-87.784319543905, 41.982790648626]}",,,,,,,,,,
c837c042c11b55e8a949a2896f806a8f71ab5bc1e5dff1761d10ca58fa6f76f57e030e1ae6c62ffbea8a4a9612ebd16b0d47325c849467da8131176b675a5963,2025-07-30T08:10:00.000,30,TRAFFIC SIGNAL,FUNCTIONING PROPERLY,CLEAR,DAYLIGHT,TURNING,NOT DIVIDED,STRAIGHT AND LEVEL,DRY,NO DEFECTS,NOT ON SCENE (DESK REPORT),NO INJURY / DRIVE AWAY,,"OVER $1,500",2025-07-30T08:15:00.000,IMPROPER TURNING/NO SIGNAL,NOT APPLICABLE,1501,W,NORTH AVE,1433,2,NO INDICATION OF INJURY,0,0,0,0,0,2,0,8,4,7,41.9105546456,-87.6652123169,"{'type': 'Point', 'coordinates': [-87.665212316888, 41.910554645603]}",,,,,,,,,,
c5b2c4eb1efba285aa7166b9451481829dedacb67fe5be576e67efd261dd4cd3f571c701f2a69b907651da299067fcf5fa92a497198da2db466be2b13cd5032b,2025-07-30T08:00:00.000,30,NO CONTROLS,NO CONTROLS,RAIN,DAYLIGHT,PARKED MOTOR VEHICLE,PARKING LOT,STRAIGHT AND LEVEL,WET,NO DEFECTS,ON SCENE,NO INJURY / DRIVE AWAY,,"OVER $1,500",2025-07-31T08:30:00.000,UNABLE TO DETERMINE,UNABLE TO DETERMINE,3642,S,KEDZIE AVE,911,2,NO INDICATION OF INJURY,0,0,0,0,0,1,0,8,4,7,41.8267532465,-87.7046672427,"{'type': 'Point', 'coordinates': [-87.704667242717, 41.826753246498]}",Y,,,,,,,,,
66a7bf6ef196a43dea5760c747994cef25c6538be5558761310800370810a221364d72d668f03061ab6ac1a0ec218df5def3bad701b9e7f206b58af586998fa3,2025-07-30T07:47:00.000,15,NO CONTROLS,NO CONTROLS,CLEAR,DAYLIGHT,FIXED OBJECT,ALLEY,STRAIGHT AND LEVEL,DRY,NO DEFECTS,NOT ON SCENE (DESK REPORT),NO INJURY / DRIVE AWAY,,"OVER $1,500",2025-08-02T14:00:00.000,UNABLE TO DETERMINE,NOT APPLICABLE,1812,N,HOWE ST,1813,1,NO INDICATION OF INJURY,0,0,0,0,0,1,0,7,4,7,41.9142976946,-87.6449004426,"{'type': 'Point', 'coordinates': [-87.644900442589, 41.914297694571]}",Y,,Y,,,,,,,
1285b2599c7b4dcd2ad745b278bb89f30997d903591e89a2f1f1c401ec16bc27a24c9fa054d43dfa63c4ac0f25e09f92e8e00e31801d4e5b1fa623da4b4eec46,2025-07-30T07:40:00.000,30,NO CONTROLS,NO CONTROLS,CLEAR,DAYLIGHT,SIDESWIPE SAME DIRECTION,NOT DIVIDED,STRAIGHT AND LEVEL,DRY,NO DEFECTS,ON SCENE,NO INJURY / DRIVE AWAY,,"OVER $1,500",2025-07-30T08:05:00.000,FAILING TO YIELD RIGHT-OF-WAY,NOT APPLICABLE,2407,S,KEDZIE AVE,1033,2,NO INDICATION OF INJURY,0,0,0,0,0,2,0,7,4,7,41.8478848491,-87.7049952382,"{'type': 'Point', 'coordinates': [-87.704995238191, 41.847884849118]}",,,,,,,,,,
f7c5604c89ce62f41f7eef6584051ddd18f090709666583ae7b745993d10f4a2e3749072fb1bd0a15c14eb39a5a7499bd576af6a1d896ecd73826da617aea420,2025-07-30T07:40:00.000,15,NO CONTROLS,NO CONTROLS,CLEAR,DAYLIGHT,OTHER OBJECT,PARKING LOT,STRAIGHT ON GRADE,DRY,NO DEFECTS,NOT ON SCENE (DESK REPORT),NO INJURY / DRIVE AWAY,,"OVER $1,500",2025-07-30T10:40:00.000,DRIVING SKILLS/KNOWLEDGE/EXPERIENCE,NOT APPLICABLE,673,N,FRANKLIN ST,1831,1,NO INDICATION OF INJURY,0,0,0,0,0,2,0,7,4,7,41.8945168504,-87.6355048067,"{'type': 'Point', 'coordinates': [-87.635504806717, 41.894516850354]}",Y,,,,,,,,,
e8bb627dd6d0ef1a972203f001a3626854d9c7668c88203055b52097dc7173dde7c1a0e6f29521e3754c496edf9490e9fe135e4973ca27b3418062ef74754021,2025-07-30T07:35:00.000,40,NO CONTROLS,NO CONTROLS,CLEAR,DAYLIGHT,REAR END,DIVIDED - W/MEDIAN BARRIER,STRAIGHT AND LEVEL,DRY,UNKNOWN,,INJURY AND / OR TOW DUE TO CRASH,,"OVER $1,500",2025-07-30T07:55:00.000,UNABLE TO DETERMINE,NOT APPLICABLE,2744,N,LAKE SHORE DR SB,1935,5,NO INDICATION OF INJURY,0,0,0,0,0,5,0,7,4,7,41.9322232864,-87.6322579273,"{'type': 'Point', 'coordinates': [-87.632257927284, 41.932223286405]}",,,,,,,,,,
b11ca610f5618e25d0e995edfbbd64dfec7f4c2cfa88de8c9d540d977e84bb5f921e708da2f9a91dbcb4fbf0a1c283b11b505338ef926ce3cfb0b88ecc226282,2025-07-30T07:20:00.000,30,STOP SIGN/FLASHER,FUNCTIONING PROPERLY,CLEAR,DAYLIGHT,TURNING,FOUR WAY,STRAIGHT AND LEVEL,DRY,NO DEFECTS,ON SCENE,INJURY AND / OR TOW DUE TO CRASH,Y,"OVER $1,500",2025-07-30T07:22:00.000,FAILING TO YIELD RIGHT-OF-WAY,NOT APPLICABLE,3830,W,DIVERSEY AVE,2523,2,NONINCAPACITATING INJURY,1,0,0,1,0,1,0,7,4,7,41.9319472152,-87.7233649188,"{'type': 'Point', 'coordinates': [-87.723364918806, 41.931947215188]}",,,,,,,,,,
d9b426559d5d6badbbedd9b6fce3f1ac265505dac18b2c5739fe7c10d1257e8bcd648e21a9d25502939f6754e4fe964bb2d6f36997ef5435b1557268878023d4,2025-07-30T07:08:00.000,30,NO CONTROLS,NO CONTROLS,CLOUDY/OVERCAST,DAYLIGHT,SIDESWIPE SAME DIRECTION,DIVIDED - W/MEDIAN (NOT RAISED),STRAIGHT AND LEVEL,DRY,NO DEFECTS,NOT ON SCENE (DESK REPORT),NO INJURY / DRIVE AWAY,,"OVER $1,500",2025-07-30T10:20:00.000,UNABLE TO DETERMINE,NOT APPLICABLE,85,E,WACKER DR,111,2,NO INDICATION OF INJURY,0,0,0,0,0,2,0,7,4,7,41.8880962904,-87.625177279,"{'type': 'Point', 'coordinates': [-87.625177278957, 41.888096290382]}",,,,,,,,,,
c5df1df9d80cbd01084690937fcb5dba6203242ff197ff0fab362a7d05fc924c1511d7414d023c816cd9d63421e22d8cf3ac9f144835ca61762e06af6747187b,2025-07-30T07:00:00.000,30,NO CONTROLS,NO CONTROLS,CLEAR,DAYLIGHT,PARKED MOTOR VEHICLE,NOT DIVIDED,STRAIGHT AND LEVEL,UNKNOWN,NO DEFECTS,NOT ON SCENE (DESK REPORT),NO INJURY / DRIVE AWAY,,"$501 - $1,500",2025-07-30T13:00:00.000,UNABLE TO DETERMINE,NOT APPLICABLE,3624,W,BELMONT AVE,1732,2,NO INDICATION OF INJURY,0,0,0,0,0,1,0,7,4,7,41.939309516,-87.7185399405,"{'type': 'Point', 'coordinates': [-87.718539940519, 41.939309516006]}",,,Y,,,,,,,
e5790381f53cc1e852310a7162b9f9afc8deb270ce5c7006c6aeee461ce20e0540b585ccc5f9892f7ee4b6d7ca439b8f7fb621750fcb482df48a945a31d463f9,2025-07-30T07:00:00.000,30,NO CONTROLS,NO CONTROLS,CLEAR,DAYLIGHT,PARKED MOTOR VEHICLE,T-INTERSECTION,STRAIGHT AND LEVEL,DRY,NO DEFECTS,NOT ON SCENE (DESK REPORT),NO INJURY / DRIVE AWAY,,"OVER $1,500",2025-07-30T08:50:00.000,IMPROPER BACKING,UNABLE TO DETERMINE,10,N,CARPENTER ST,1224,2,NO INDICATION OF INJURY,0,0,0,0,0,1,0,7,4,7,41.8819910101,-87.6533500071,"{'type': 'Point', 'coordinates': [-87.653350007074, 41.881991010106]}",,,Y,,,,,,,
9e6b62a0fb268bc1ee8c7e88e6008d4ed33bdab7df5fad378f136497cb7cf75cfa52d12a80d9ec8664800a0278ab23598fd3c97d06ef5cf3281831d063b997af,2025-07-30T06:55:00.000,20,NO CONTROLS,NO CONTROLS,CLEAR,DAYLIGHT,PARKED MOTOR VEHICLE,PARKING LOT,STRAIGHT AND LEVEL,DRY,NO DEFECTS,NOT ON SCENE (DESK REPORT),NO INJURY / DRIVE AWAY,,"OVER $1,500",2025-07-30T08:55:00.000,UNABLE TO DETERMINE,NOT APPLICABLE,2600,S,CALIFORNIA AVE,1033,2,NO INDICATION OF INJURY,0,0,0,0,0,1,0,6,4,7,41.8445843003,-87.6953598432,"{'type': 'Point', 'coordinates': [-87.695359843215, 41.844584300311]}",,,,,,,,,,
7b5ddb11d7081a81b9c8c65635e08db2304cdcd90281941368e8ce4676c957e5d3fa2926e7aa783a6330f50b067c136f87b7b9077bd0b724d9ef8459d31e2309,2025-07-30T06:48:00.000,30,STOP SIGN/FLASHER,FUNCTIONING PROPERLY,CLEAR,DAYLIGHT,ANGLE,DIVIDED - W/MEDIAN (NOT RAISED),STRAIGHT AND LEVEL,DRY,NO DEFECTS,ON SCENE,INJURY AND / OR TOW DUE TO CRASH,Y,"OVER $1,500",2025-07-30T06:48:00.000,FAILING TO REDUCE SPEED TO AVOID CRASH,NOT APPLICABLE,8203,S,DR MARTIN LUTHER KING JR DR,631,3,NO INDICATION OF INJURY,0,0,0,0,0,3,0,6,4,7,41.745491263,-87.6146683688,"{'type': 'Point', 'coordinates': [-87.614668368804, 41.745491262996]}",,,,,,,,,,
d0c30ad2e1d7e47ee66372c7d66dda56b0a12724ddaf85890729be9d50a6963a1029e7bc44414960ffa7c0e4244b544dc3ee1fffca8ac7fa1a3c12288e497a77,2025-07-30T06:45:00.000,30,TRAFFIC SIGNAL,FUNCTIONING PROPERLY,UNKNOWN,DAYLIGHT,REAR END,CENTER TURN LANE,STRAIGHT AND LEVEL,UNKNOWN,UNKNOWN,NOT ON SCENE (DESK REPORT),NO INJURY / DRIVE AWAY,,"$501 - $1,500",2025-08-05T15:50:00.000,FOLLOWING TOO CLOSELY,NOT APPLICABLE,5100,W,LAWRENCE AVE,1623,2,NO INDICATION OF INJURY,0,0,0,0,0,2,0,6,4,7,41.9680455072,-87.7550764007,"{'type': 'Point', 'coordinates': [-87.755076400742, 41.968045507172]}",,,Y,,Y,,,,,
94f600d428733014d829904cd6bf8649135d96d7c1f2b38ead81907aa68f5ad3c0455f979a64930a69ae3a6353993e16745414fd9857af4af4c873f536c811a7,2025-07-30T06:20:00.000,30,TRAFFIC SIGNAL,FUNCTIONING PROPERLY,CLEAR,DAYLIGHT,ANGLE,DIVIDED - W/MEDIAN BARRIER,STRAIGHT AND LEVEL,DRY,NO DEFECTS,,INJURY AND / OR TOW DUE TO CRASH,Y,"OVER $1,500",2025-07-30T06:23:00.000,DISREGARDING TRAFFIC SIGNALS,NOT APPLICABLE,36,W,IDA B WELLS DR,113,2,NO INDICATION OF INJURY,0,0,0,0,0,2,0,6,4,7,41.8757380182,-87.6289718655,"{'type': 'Point', 'coordinates': [-87.628971865532, 41.875738018246]}",,,,,,,,,,
c44acc2a60bf1ae2ac8fb1bb98ed0d51d48a826f1d5288d93f92db5ae23da75673ee7b69f613c69a9c78bac1041f2c22fc78c701689041966d434565649ef76b,2025-07-30T06:20:00.000,10,NO CONTROLS,NO CONTROLS,CLEAR,DAYLIGHT,REAR END,PARKING LOT,STRAIGHT AND LEVEL,DRY,NO DEFECTS,NOT ON SCENE (DESK REPORT),NO INJURY / DRIVE AWAY,,"OVER $1,500",2025-07-30T15:45:00.000,UNABLE TO DETERMINE,NOT APPLICABLE,1620,W,HARRISON ST,1231,2,NO INDICATION OF INJURY,0,0,0,0,0,2,0,6,4,7,41.8742961615,-87.6676128105,"{'type': 'Point', 'coordinates': [-87.667612810518, 41.8742961615]}",Y,,,,,,,,,
440295e94768e509f693cb14f2be2a4ae983d00f9e02b0a47eb5362cfcdea404ca4f1ef8ac724d105a9b7a4253ea98a40b3ffccf72d565118242e1be6102b599,2025-07-30T06:00:00.000,30,NO CONTROLS,NO CONTROLS,CLEAR,DAYLIGHT,PARKED MOTOR VEHICLE,ONE-WAY,STRAIGHT AND LEVEL,DRY,NO DEFECTS,NOT ON SCENE (DESK REPORT),NO INJURY / DRIVE AWAY,,"OVER $1,500",2025-07-31T06:29:00.000,UNABLE TO DETERMINE,UNABLE TO DETERMINE,6657,S,ROCKWELL ST,832,2,NO INDICATION OF INJURY,0,0,0,0,0,1,0,6,4,7,41.7720500441,-87.6881896332,"{'type': 'Point', 'coordinates': [-87.688189633162, 41.772050044138]}",,,Y,,,,,,,
e47298f1a3b4590def7326e184444f78396dfc35ac1ce50909e54613d8d92ca762da7f18ecf43c3d4ab18e810bfcc058245da7a6119d878eaa69e54e17982ac1,2025-07-30T06:00:00.000,15,UNKNOWN,NO CONTROLS,UNKNOWN,UNKNOWN,PARKED MOTOR VEHICLE,PARKING LOT,STRAIGHT AND LEVEL,UNKNOWN,UNKNOWN,ON SCENE,NO INJURY / DRIVE AWAY,,$500 OR LESS,2025-07-30T14:52:00.000,UNABLE TO DETERMINE,UNABLE TO DETERMINE,2303,N,CLYBOURN AVE,1811,2,NO INDICATION OF INJURY,0,0,0,0,0,1,0,6,4,7,41.9238382683,-87.6672867499,"{'type': 'Point', 'coordinates': [-87.667286749853, 41.923838268283]}",,,Y,,Y,,,,,
f745cdb7be44a2fa8c70ea25b49b721bc41fa5f1d0111394f5edc459100702c5cf271a7a1fabb0ed65bf218191d160bee17c1590c5a250c53dd849e7a9998c8a,2025-07-30T06:00:00.000,25,NO CONTROLS,NO CONTROLS,CLEAR,DAYLIGHT,PARKED MOTOR VEHICLE,NOT DIVIDED,STRAIGHT AND LEVEL,DRY,NO DEFECTS,ON SCENE,INJURY AND / OR TOW DUE TO CRASH,,"OVER $1,500",2025-07-30T07:00:00.000,UNABLE TO DETERMINE,NOT APPLICABLE,10738,S,HOMAN AVE,2211,2,NO INDICATION OF INJURY,0,0,0,0,0,1,0,6,4,7,41.6976266675,-87.7061335884,"{'type': 'Point', 'coordinates': [-87.706133588391, 41.697626667526]}",,,Y,,,,,,,
15a03bca348141d11cdb1b2be77433275737bca7a0ca2667ceb632b236175f8c1820fd209c5c29966c2aab29479f56c85af05933d03671ad35614d54eebc89de,2025-07-30T05:57:00.000,30,NO CONTROLS,NO CONTROLS,CLEAR,DAYLIGHT,TURNING,DIVIDED - W/MEDIAN (NOT RAISED),STRAIGHT AND LEVEL,DRY,NO DEFECTS,ON SCENE,INJURY AND / OR TOW DUE TO CRASH,,"OVER $1,500",2025-07-30T06:20:00.000,FAILING TO YIELD RIGHT-OF-WAY,NOT APPLICABLE,1439,W,IRVING PARK RD,1922,2,NONINCAPACITATING INJURY,1,0,0,1,0,1,0,5,4,7,41.9542233772,-87.6657609007,"{'type': 'Point', 'coordinates': [-87.665760900749, 41.954223377171]}",,,,,,,,,,
38d1879c110b0e54328635a4316c415e7fca1b5faa68ac707b01ccc2ef07634666b3c15f6270c6b1ef671b9a4f0052be7650d5c71d897a7a364d148903014f97,2025-07-30T05:45:00.000,35,STOP SIGN/FLASHER,FUNCTIONING PROPERLY,CLEAR,DAYLIGHT,PEDESTRIAN,DIVIDED - W/MEDIAN (NOT RAISED),STRAIGHT AND LEVEL,DRY,NO DEFECTS,ON SCENE,INJURY AND / OR TOW DUE TO CRASH,,$500 OR LESS,2025-07-30T05:46:00.000,FAILING TO YIELD RIGHT-OF-WAY,NOT APPLICABLE,1599,S,SPECIAL OLYMPICS DR,132,2,NONINCAPACITATING INJURY,1,0,0,1,0,1,0,5,4,7,,,,,,,,,,,,,
4aacfeeb1c446e495d9e7f254aca245fc4fff492ccdff5e02912a4ecf8acd16df25a4c1d3f8be3f8667ee42dd2ae0bba6021f88adc516af478b0bc45451facce,2025-07-30T05:30:00.000,10,NO CONTROLS,NO CONTROLS,CLEAR,DAYLIGHT,FIXED OBJECT,ONE-WAY,STRAIGHT AND LEVEL,DRY,NO DEFECTS,ON SCENE,INJURY AND / OR TOW DUE TO CRASH,,"OVER $1,500",2025-07-30T05:35:00.000,NOT APPLICABLE,NOT APPLICABLE,6075,N,LINCOLN AVE,1711,1,NO INDICATION OF INJURY,0,0,0,0,0,1,0,5,4,7,41.9923449025,-87.7103231013,"{'type': 'Point', 'coordinates': [-87.71032310131, 41.992344902465]}",,,,,,,,,,
8c2bc5628f7b904c9f7209958c70e2eae47d3cdc7a5f5b19a2a4ddbb9a12ac83ddaf6fc36195eefd3cd696e11f216014103b8a38e8e5b6597d1005c4fa6eb5dc,2025-07-30T05:20:00.000,30,NO CONTROLS,NO CONTROLS,CLEAR,"DARKNESS, LIGHTED ROAD",OTHER OBJECT,NOT DIVIDED,STRAIGHT AND LEVEL,DRY,NO DEFECTS,ON SCENE,INJURY AND / OR TOW DUE TO CRASH,,"OVER $1,500",2025-07-30T05:20:00.000,UNABLE TO DETERMINE,UNABLE TO DETERMINE,6354,S,ARTESIAN AVE,825,1,NO INDICATION OF INJURY,0,0,0,0,0,2,0,5,4,7,41.7776235512,-87.6849620348,"{'type': 'Point', 'coordinates': [-87.684962034777, 41.777623551228]}",,,Y,,,,,,,
c2825fdb794daa11e0e554f55823934c7f5442322ed0c2c44472e9d0d0dda78bac4c5f70a068fddee07fa502556935043977f904071c0ebc7e44029b40fcb37a,2025-07-30T05:03:00.000,20,UNKNOWN,NO CONTROLS,CLEAR,DARKNESS,PARKED MOTOR VEHICLE,PARKING LOT,STRAIGHT AND LEVEL,UNKNOWN,UNKNOWN,ON SCENE,NO INJURY / DRIVE AWAY,,"OVER $1,500",2025-07-30T18:30:00.000,UNABLE TO DETERMINE,NOT APPLICABLE,2331,W,MONROE ST,1223,2,NO INDICATION OF INJURY,0,0,0,0,0,1,0,5,4,7,41.8797609841,-87.6851067025,"{'type': 'Point', 'coordinates': [-87.685106702466, 41.879760984132]}",,,Y,,,,,,,
9022947c8b4b73b3184c4acc99cc222eaefd0dd24fb490547575882374f2e10b97b49a8ff36999b3b85f45551a557443a9649dd0d763ccd3db153b3c667ddc49,2025-07-30T04:29:00.000,30,NO CONTROLS,NO CONTROLS,CLEAR,"DARKNESS, LIGHTED ROAD",PARKED MOTOR VEHICLE,NOT DIVIDED,STRAIGHT AND LEVEL,DRY,NO DEFECTS,ON SCENE,INJURY AND / OR TOW DUE TO CRASH,,"OVER $1,500",2025-07-30T04:32:00.000,UNABLE TO DETERMINE,UNABLE TO DETERMINE,3727,W,WILSON AVE,1723,5,NONINCAPACITATING INJURY,2,0,0,2,0,0,0,4,4,7,41.9645551829,-87.7216952224,"{'type': 'Point', 'coordinates': [-87.72169522243, 41.964555182943]}",,,,,,,,,,
4f584361e862b75de602b5db52c5691d22db64fa00c8bcc1d14a2904ad4435ad87b97d84bbc0206805fee74106ff9a796dba89a90eb4f90ed4ff9b3a3d6ed783,2025-07-30T04:27:00.000,20,NO CONTROLS,NO CONTROLS,CLEAR,DARKNESS,REAR END,NOT DIVIDED,STRAIGHT AND LEVEL,DRY,UNKNOWN,ON SCENE,INJURY AND / OR TOW DUE TO CRASH,,"$501 - $1,500",2025-07-30T04:32:00.000,UNABLE TO DETERMINE,NOT APPLICABLE,5030,W,AUGUSTA BLVD,1531,2,NONINCAPACITATING INJURY,3,0,0,3,0,0,0,4,4,7,41.8987305517,-87.7520793865,"{'type': 'Point', 'coordinates': [-87.752079386515, 41.898730551716]}",,,,,,,,,,
62675ec64d2e3135e6a9deb2c7e78d37e1d6b28661ed185701e82118790dafcd69045ed806ecc32e59e1c21027614f0d07e023af479202d1fce527be80329bb9,2025-07-30T04:19:00.000,40,NO CONTROLS,NO CONTROLS,CLEAR,"DARKNESS, LIGHTED ROAD",FIXED OBJECT,DIVIDED - W/MEDIAN BARRIER,STRAIGHT AND LEVEL,DRY,NO DEFECTS,ON SCENE,INJURY AND / OR TOW DUE TO CRASH,,"OVER $1,500",2025-07-30T04:25:00.000,UNDER THE INFLUENCE OF ALCOHOL/DRUGS (USE WHEN ARREST IS EFFECTED),FAILING TO REDUCE SPEED TO AVOID CRASH,3600,N,LAKE SHORE DR NB,1925,1,NO INDICATION OF INJURY,0,0,0,0,0,1,0,4,4,7,41.9487296655,-87.6434479858,"{'type': 'Point', 'coordinates': [-87.64344798585, 41.94872966546]}",,,Y,,,,,,,
6c2762bbefbbaee8189766f671c3984151a22db68c0a114e6440886a7255f477513750c4f8333882405e900f387a9f9b34882ac2bf74fb7d67fc1f0f78b19865,2025-07-30T03:00:00.000,30,UNKNOWN,UNKNOWN,CLEAR,DARKNESS,PARKED MOTOR VEHICLE,NOT DIVIDED,STRAIGHT AND LEVEL,DRY,NO DEFECTS,NOT ON SCENE (DESK REPORT),NO INJURY / DRIVE AWAY,,"OVER $1,500",2025-07-30T09:36:00.000,UNABLE TO DETERMINE,UNABLE TO DETERMINE,6622,S,MARSHFIELD AVE,725,2,NO INDICATION OF INJURY,0,0,0,0,0,1,0,3,4,7,41.7732798983,-87.6654625447,"{'type': 'Point', 'coordinates': [-87.665462544723, 41.773279898283]}",,,Y,,,,,,,
8b3e26c3f14c36edfd31b5e040c5e41fc3ce3ad640634c7a4251c70c5604124862c4b4dd540535fc213dd7f7390a4d90ea22e58ecfa06b21161053a9e9126328,2025-07-30T02:40:00.000,30,TRAFFIC SIGNAL,FUNCTIONING PROPERLY,RAIN,DAYLIGHT,TURNING,DIVIDED - W/MEDIAN (NOT RAISED),STRAIGHT AND LEVEL,WET,UNKNOWN,ON SCENE,NO INJURY / DRIVE AWAY,Y,"OVER $1,500",2025-07-30T02:42:00.000,UNABLE TO DETERMINE,UNABLE TO DETERMINE,140,W,OAK ST,1824,2,NO INDICATION OF INJURY,0,0,0,0,0,2,0,2,4,7,41.9006486081,-87.6329120451,"{'type': 'Point', 'coordinates': [-87.632912045116, 41.90064860807]}",,,Y,,,,,,,
3cbf5b28229743a94e1013daad52ed3d7b35a2f55127390535a3d50154690a92a0f67f3edaca24e46e4a9f5735ac9fcd56407346410c29b6f7fb08cd780f8930,2025-07-30T01:45:00.000,30,NO CONTROLS,NO CONTROLS,CLEAR,"DARKNESS, LIGHTED ROAD",PARKED MOTOR VEHICLE,NOT DIVIDED,STRAIGHT AND LEVEL,DRY,NO DEFECTS,ON SCENE,INJURY AND / OR TOW DUE TO CRASH,,"OVER $1,500",2025-07-30T01:50:00.000,UNABLE TO DETERMINE,UNABLE TO DETERMINE,2444,S,CALIFORNIA AVE,1033,2,NO INDICATION OF INJURY,0,0,0,0,0,2,0,1,4,7,41.8469278652,-87.6954478508,"{'type': 'Point', 'coordinates': [-87.695447850812, 41.846927865204]}",,,,,,,,,,