crash_record_id,crash_date,posted_speed_limit,traffic_control_device,device_condition,weather_condition,lighting_condition,first_crash_type,trafficway_type,alignment,roadway_surface_cond,road_defect,report_type,crash_type,intersection_related_i,damage,date_police_notified,prim_contributory_cause,sec_contributory_cause,street_no,street_direction,street_name,beat_of_occurrence,num_units,most_severe_injury,injuries_total,injuries_fatal,injuries_incapacitating,injuries_non_incapacitating,injuries_reported_not_evident,injuries_no_indication,injuries_unknown,crash_hour,crash_day_of_week,crash_month,latitude,longitude,location,private_property_i,photos_taken_i,hit_and_run_i,statements_taken_i,crash_date_est_i,work_zone_i,work_zone_type,dooring_i,lane_cnt,workers_present_i
c491759f3759c42ee64b07844ebc407adf5100aba530d9f4f1f9353e0e804cdf8380de4d14fe69ed1c002cd02474394def62d1ba6ea2d310e9979e0cc99c9d1d,2025-07-30T01:42:00.000,30,TRAFFIC SIGNAL,FUNCTIONING PROPERLY,CLEAR,"DARKNESS, LIGHTED ROAD",ANGLE,DIVIDED - W/MEDIAN BARRIER,STRAIGHT AND LEVEL,DRY,NO DEFECTS,,INJURY AND / OR TOW DUE TO CRASH,Y,"OVER $1,500",2025-07-30T01:44:00.000,FAILING TO YIELD RIGHT-OF-WAY,NOT APPLICABLE,333,S,ASHLAND AVE,1231,2,NONINCAPACITATING INJURY,2,0,0,1,1,4,0,1,4,7,41.8766250556,-87.6665227987,"{'type': 'Point', 'coordinates': [-87.666522798706, 41.87662505558]}",,,,,,,,,,
90db880e6b3c90952cb22405781d09072ee0f050e374e1481220bc9b6f3b2df6bf0ec4d41265476cf5ef6db65f1096eecb6d76674f533a0b6ee6f7776411550d,2025-07-30T01:32:00.000,30,TRAFFIC SIGNAL,FUNCTIONING PROPERLY,CLEAR,"DARKNESS, LIGHTED ROAD",REAR TO FRONT,FOUR WAY,STRAIGHT AND LEVEL,DRY,NO DEFECTS,ON SCENE,NO INJURY / DRIVE AWAY,Y,"$501 - $1,500",2025-07-30T01:32:00.000,IMPROPER BACKING,DISREGARDING TRAFFIC SIGNALS,3401,W,IRVING PARK RD,1732,2,NO INDICATION OF INJURY,0,0,0,0,0,2,0,1,4,7,41.9537461868,-87.7129631256,"{'type': 'Point', 'coordinates': [-87.712963125642, 41.953746186808]}",,,,,,,,,,
4bd7125b01e6c10e0c8d0d646ed4b24314dc93dad54ec90d58d2ef8f2bc55404b42c5e07ba0ba968e061e124789535c77375bdbdf14afee9b924805538525576,2025-07-30T01:00:00.000,20,NO CONTROLS,NO CONTROLS,CLEAR,DARKNESS,PARKED MOTOR VEHICLE,NOT DIVIDED,STRAIGHT AND LEVEL,DRY,NO DEFECTS,NOT ON SCENE (DESK REPORT),NO INJURY / DRIVE AWAY,,"OVER $1,500",2025-07-30T11:35:00.000,UNABLE TO DETERMINE,UNABLE TO DETERMINE,7800,S,MORGAN ST,612,2,NO INDICATION OF INJURY,0,0,0,0,0,1,0,1,4,7,41.7522966034,-87.6490846379,"{'type': 'Point', 'coordinates': [-87.649084637874, 41.752296603411]}",,,Y,,,,,,,
babca959bf43162fd91a96fbefe7330ff0cc7de6b68ff419b2bed0d52460f1b96acfec04b35d7fe7c3105b2df82b63b1b8e681315242b1e477f243e3bf9431f9,2025-07-30T00:58:00.000,25,STOP SIGN/FLASHER,FUNCTIONING PROPERLY,CLEAR,DAWN,TURNING,FOUR WAY,STRAIGHT AND LEVEL,DRY,NO DEFECTS,ON SCENE,NO INJURY / DRIVE AWAY,Y,"$501 - $1,500",2025-07-30T00:58:00.000,DRIVING ON WRONG SIDE/WRONG WAY,NOT APPLICABLE,701,N,AVERS AVE,1112,2,NO INDICATION OF INJURY,0,0,0,0,0,2,0,0,4,7,41.8936617869,-87.7222138939,"{'type': 'Point', 'coordinates': [-87.722213893856, 41.893661786875]}",,,Y,,,,,,,
3e450c93c22a8e6e6b45ba117bedbe1c0aedf2f2bf6756adc6d6508bbbe7a65052b8b5cd74f087975d399c12c3330b4d89677ae1e8d5292ae08addd5e5b16953,2025-07-30T00:44:00.000,30,NO CONTROLS,NO CONTROLS,CLEAR,"DARKNESS, LIGHTED ROAD",PARKED MOTOR VEHICLE,ONE-WAY,STRAIGHT AND LEVEL,DRY,NO DEFECTS,ON SCENE,INJURY AND / OR TOW DUE TO CRASH,,"$501 - $1,500",2025-07-30T00:51:00.000,UNABLE TO DETERMINE,NOT APPLICABLE,5801,S,CAMPBELL AVE,824,3,,,,,,,,,0,4,7,41.7882641977,-87.6861801261,"{'type': 'Point', 'coordinates': [-87.686180126054, 41.788264197696]}",,,N,,,,,,,
3613ce00d4ce17e6af048e6b05280e192c24a11c49c8081123e3e8e9507bc559b8068e3575a666b1abae209c1f878950ec4e5049f02ea403e544394d0e369b73,2025-07-30T00:41:00.000,40,TRAFFIC SIGNAL,FUNCTIONING PROPERLY,CLEAR,"DARKNESS, LIGHTED ROAD",REAR END,DIVIDED - W/MEDIAN BARRIER,STRAIGHT AND LEVEL,DRY,NO DEFECTS,ON SCENE,INJURY AND / OR TOW DUE TO CRASH,Y,"OVER $1,500",2025-07-30T00:46:00.000,FAILING TO REDUCE SPEED TO AVOID CRASH,NOT APPLICABLE,800,N,LAKE SHORE DR SB,1833,2,NO INDICATION OF INJURY,0,0,0,0,0,7,0,0,4,7,41.8968049724,-87.6170274232,"{'type': 'Point', 'coordinates': [-87.617027423234, 41.896804972416]}",,,,,,,,,,
013fb686d5154a489f3dbf3a91c8ec83f5494f386a16aa5e3853856eb86638162f9099570a1577286525a9e4dbcc9e44ecc229b59075a44970213ed4543f0da0,2025-07-30T00:30:00.000,10,NO CONTROLS,NO CONTROLS,CLEAR,"DARKNESS, LIGHTED ROAD",REAR END,DRIVEWAY,STRAIGHT AND LEVEL,DRY,NO DEFECTS,NOT ON SCENE (DESK REPORT),NO INJURY / DRIVE AWAY,,"$501 - $1,500",2025-07-30T09:40:00.000,FAILING TO REDUCE SPEED TO AVOID CRASH,NOT APPLICABLE,3141,S,ASHLAND AVE,912,2,NO INDICATION OF INJURY,0,0,0,0,0,2,0,0,4,7,41.8366084204,-87.6655705708,"{'type': 'Point', 'coordinates': [-87.665570570832, 41.836608420376]}",,,Y,,,,,,,
41f518eaa90ec77ab7ae8c47e0742fbf953f77a1ca62356c762da77414e863925fde9f30ceeb5795591f34983f7ce69ff31b51bf2e067a452b8addd75e105fbc,2025-07-30T00:30:00.000,20,NO CONTROLS,NO CONTROLS,CLEAR,"DARKNESS, LIGHTED ROAD",ANGLE,PARKING LOT,STRAIGHT AND LEVEL,DRY,NO DEFECTS,ON SCENE,NO INJURY / DRIVE AWAY,,"OVER $1,500",2025-07-30T00:35:00.000,UNABLE TO DETERMINE,NOT APPLICABLE,10020,W,BALMORAL AVE,1654,2,NO INDICATION OF INJURY,0,0,0,0,0,2,0,0,4,7,,,,,,,,,,,,,
ee55e62d4767d94c97dc5b031b81b8de7166de321c31bd86587e8fff3544f6f05bb4171df2da1466748808f79c7b2486fa33610c2af6cb8dbe751af7f9d93b81,2025-07-29T23:44:00.000,30,NO CONTROLS,NO CONTROLS,CLEAR,DARKNESS,SIDESWIPE SAME DIRECTION,ONE-WAY,STRAIGHT AND LEVEL,DRY,NO DEFECTS,ON SCENE,NO INJURY / DRIVE AWAY,,"OVER $1,500",2025-07-30T00:06:00.000,UNABLE TO DETERMINE,NOT APPLICABLE,2429,W,45TH PL,922,2,NO INDICATION OF INJURY,0,0,0,0,0,6,0,23,3,7,41.8110353265,-87.6856773186,"{'type': 'Point', 'coordinates': [-87.685677318591, 41.811035326495]}",,,,,,,,,,
9b7a85cdf8bf63c3be0d425aa7778bc2766a17d8dcf73fee03199a5953fb97a1d8789ea506cfdcb609ce747cb8e86e17211a95122bddbfd51068aefa0b308719,2025-07-29T23:00:00.000,25,TRAFFIC SIGNAL,FUNCTIONING PROPERLY,CLEAR,"DARKNESS, LIGHTED ROAD",TURNING,ONE-WAY,STRAIGHT AND LEVEL,DRY,NO DEFECTS,ON SCENE,INJURY AND / OR TOW DUE TO CRASH,,"OVER $1,500",2025-07-30T18:18:00.000,FAILING TO REDUCE SPEED TO AVOID CRASH,UNABLE TO DETERMINE,3500,S,WENTWORTH AVE,915,3,NONINCAPACITATING INJURY,3,0,0,3,0,1,0,23,3,7,41.8309224418,-87.6316505184,"{'type': 'Point', 'coordinates': [-87.631650518377, 41.830922441769]}",,,Y,,,,,,,
9e54f256efb8d0842e43f3f0e04bccadfb8fe9fef94f660f72f1cebf4080f3e6510e99a7a3c8d54f1abc8ff3ed4449d02c3c51611ce7e923fe0e4784ab4930af,2025-07-29T23:00:00.000,30,TRAFFIC SIGNAL,FUNCTIONING PROPERLY,CLEAR,DUSK,SIDESWIPE SAME DIRECTION,NOT DIVIDED,STRAIGHT AND LEVEL,DRY,NO DEFECTS,NOT ON SCENE (DESK REPORT),NO INJURY / DRIVE AWAY,Y,"$501 - $1,500",2025-07-29T23:55:00.000,IMPROPER LANE USAGE,UNABLE TO DETERMINE,1599,E,79TH ST,411,2,NO INDICATION OF INJURY,0,0,0,0,0,2,0,23,3,7,41.751392401,-87.5856679376,"{'type': 'Point', 'coordinates': [-87.585667937612, 41.751392400955]}",,,Y,,,,,,,
fdf6746d17c0c70d52ded9305faff7062a5b39f6b0d7e225dea3d1ba02c03d9f39fbb5a7a0ea75da121013badf510039c8ec265e8c3f30473f02cb2648cc80ba,2025-07-29T23:00:00.000,30,NO CONTROLS,NO CONTROLS,UNKNOWN,UNKNOWN,PARKED MOTOR VEHICLE,NOT DIVIDED,STRAIGHT AND LEVEL,UNKNOWN,UNKNOWN,,INJURY AND / OR TOW DUE TO CRASH,,"OVER $1,500",2025-07-30T14:00:00.000,UNABLE TO DETERMINE,UNABLE TO DETERMINE,1380,E,HYDE PARK BLVD,222,2,NO INDICATION OF INJURY,0,0,0,0,0,1,0,23,3,7,41.802529887,-87.5919363393,"{'type': 'Point', 'coordinates': [-87.591936339324, 41.802529886981]}",,,Y,,Y,,,,,
5573cad98e2cf2c13e98afd403652f7963100e27b3214894f9ebade0612c19db0b0cc1364e8d87b040ea2aae01ca8f31b4b48da1464fcd068080f926ee5864d3,2025-07-29T22:54:00.000,35,UNKNOWN,UNKNOWN,CLEAR,"DARKNESS, LIGHTED ROAD",SIDESWIPE OPPOSITE DIRECTION,NOT DIVIDED,STRAIGHT AND LEVEL,DRY,NO DEFECTS,,INJURY AND / OR TOW DUE TO CRASH,,"OVER $1,500",2025-07-29T23:51:00.000,DRIVING ON WRONG SIDE/WRONG WAY,IMPROPER OVERTAKING/PASSING,3955,N,MILWAUKEE AVE,1731,2,NONINCAPACITATING INJURY,1,0,0,1,0,1,0,22,3,7,41.952764695,-87.7460394702,"{'type': 'Point', 'coordinates': [-87.746039470187, 41.952764694981]}",,,,,,,,,,
79de41706b674898ee2e90d9959566ca56beffa93e91ee0fe03274a5bd5a6b6ac7c8ed6e5771227d99df099593c67169aa32c55b217d18290137706732b66085,2025-07-29T22:49:00.000,30,STOP SIGN/FLASHER,NO CONTROLS,CLEAR,"DARKNESS, LIGHTED ROAD",ANGLE,FOUR WAY,STRAIGHT AND LEVEL,DRY,NO DEFECTS,ON SCENE,INJURY AND / OR TOW DUE TO CRASH,,"OVER $1,500",2025-07-29T22:49:00.000,FAILING TO YIELD RIGHT-OF-WAY,DISREGARDING STOP SIGN,1600,S,ASHLAND AVE,1234,2,NONINCAPACITATING INJURY,2,0,0,2,0,1,0,22,3,7,41.859559782,-87.6663438504,"{'type': 'Point', 'coordinates': [-87.666343850368, 41.859559781969]}",,,,Y,,,,,,
a14fe1abcc1f8e5c25c6b6ad3aa24f86d664c092fa2163e927c36324fc2a9f598f2678b4b7d40c278897a7d62f580b7bda1f83c5217b2b103b91b2f99dbd72c5,2025-07-29T22:30:00.000,30,NO CONTROLS,NO CONTROLS,CLEAR,DARKNESS,PARKED MOTOR VEHICLE,NOT DIVIDED,STRAIGHT AND LEVEL,DRY,NO DEFECTS,NOT ON SCENE (DESK REPORT),NO INJURY / DRIVE AWAY,,"OVER $1,500",2025-07-30T12:00:00.000,IMPROPER LANE USAGE,NOT APPLICABLE,1035,W,103RD PL,2232,2,NO INDICATION OF INJURY,0,0,0,0,0,1,0,22,3,7,41.7058413283,-87.6490702186,"{'type': 'Point', 'coordinates': [-87.649070218638, 41.705841328292]}",,,Y,,,,,,,
e7a0fd54ad7afa73eb8fc5260d61c64185856934daa30f8b56e83e136d5dd9e5195d76b0ae14b9be58de4ee588aabb9d192d25424262490ab5850f570c38ec08,2025-07-29T22:30:00.000,30,TRAFFIC SIGNAL,UNKNOWN,CLEAR,"DARKNESS, LIGHTED ROAD",ANGLE,FOUR WAY,STRAIGHT AND LEVEL,DRY,UNKNOWN,NOT ON SCENE (DESK REPORT),NO INJURY / DRIVE AWAY,Y,"$501 - $1,500",2025-07-29T23:40:00.000,DISREGARDING TRAFFIC SIGNALS,UNABLE TO DETERMINE,400,S,CANAL ST,121,2,NO INDICATION OF INJURY,0,0,0,0,0,2,0,22,3,7,41.8767466675,-87.6397852865,"{'type': 'Point', 'coordinates': [-87.639785286517, 41.876746667521]}",,,,,,,,,,
aa7e21fc75b4216452a05fd8583fb41655145be667f0b928e116ac7ad443954ce17e281c9919c33a25466a5c622a903b71a91cae5b9ff648d8bf9a05bc0dbfe9,2025-07-29T22:23:00.000,30,TRAFFIC SIGNAL,FUNCTIONING PROPERLY,CLEAR,"DARKNESS, LIGHTED ROAD",TURNING,FOUR WAY,STRAIGHT AND LEVEL,DRY,NO DEFECTS,NOT ON SCENE (DESK REPORT),NO INJURY / DRIVE AWAY,Y,"$501 - $1,500",2025-07-29T23:03:00.000,DISREGARDING TRAFFIC SIGNALS,NOT APPLICABLE,3100,S,ASHLAND AVE,912,2,NO INDICATION OF INJURY,0,0,0,0,0,3,0,22,3,7,41.8376223442,-87.6658871805,"{'type': 'Point', 'coordinates': [-87.665887180546, 41.837622344158]}",,,Y,,,,,,,
f15776bc201103a7cb722ccdd9fb9c74f4c79a0975251c7086b3d0d507615c7cda2dba485b641ac51c876d136aebc289fba3d748828d41de88374783716d712a,2025-07-29T22:20:00.000,30,NO CONTROLS,NO CONTROLS,CLEAR,"DARKNESS, LIGHTED ROAD",SIDESWIPE SAME DIRECTION,ONE-WAY,STRAIGHT AND LEVEL,DRY,NO DEFECTS,ON SCENE,INJURY AND / OR TOW DUE TO CRASH,,"OVER $1,500",2025-07-30T00:12:00.000,NOT APPLICABLE,NOT APPLICABLE,7135,S,MAPLEWOOD AVE,832,2,NO INDICATION OF INJURY,0,0,0,0,0,3,0,22,3,7,41.7635866192,-87.6867380279,"{'type': 'Point', 'coordinates': [-87.686738027929, 41.763586619191]}",,,,,,,,,,
e4c1156d46d432a946e35f8770b7e34e0f6c11e7a2ded07467dda009d8c2357d51fe4ffa08d79d9ee87e902bafd589b664c1173895a0292e87db93eb2bda3f26,2025-07-29T22:10:00.000,30,NO CONTROLS,NO CONTROLS,CLEAR,"DARKNESS, LIGHTED ROAD",PARKED MOTOR VEHICLE,DIVIDED - W/MEDIAN BARRIER,STRAIGHT AND LEVEL,DRY,NO DEFECTS,ON SCENE,INJURY AND / OR TOW DUE TO CRASH,,"OVER $1,500",2025-07-29T22:14:00.000,UNDER THE INFLUENCE OF ALCOHOL/DRUGS (USE WHEN ARREST IS EFFECTED),UNDER THE INFLUENCE OF ALCOHOL/DRUGS (USE WHEN ARREST IS EFFECTED),4640,N,ASHLAND AVE,1912,3,"REPORTED, NOT EVIDENT",1,0,0,0,1,0,0,22,3,7,41.9664509602,-87.6695249368,"{'type': 'Point', 'coordinates': [-87.669524936795, 41.966450960238]}",,,,Y,,,,,,
e9be88865bcabf6e2d2e23929ca245b7f2d6eed938b33168018000a2b41fe08959b90752a2135fb50b50febe8d9c97e1cfa86ca2aac5712b6d5e455439e0be93,2025-07-29T22:00:00.000,30,NO CONTROLS,NO CONTROLS,CLEAR,"DARKNESS, LIGHTED ROAD",SIDESWIPE SAME DIRECTION,DIVIDED - W/MEDIAN BARRIER,STRAIGHT AND LEVEL,DRY,NO DEFECTS,NOT ON SCENE (DESK REPORT),NO INJURY / DRIVE AWAY,,"$501 - $1,500",2025-07-30T20:13:00.000,IMPROPER OVERTAKING/PASSING,NOT APPLICABLE,700,N,MICHIGAN AVE,1834,2,NO INDICATION OF INJURY,0,0,0,0,0,2,0,22,3,7,41.8949795111,-87.6243999705,"{'type': 'Point', 'coordinates': [-87.624399970455, 41.8949795111]}",,,,,Y,,,,,
62611475d20eeb8afd7e0e9d72998325fcdf38b44148d5dec02bdb83d4598d26577abd47069c71bdc40301cad2877f0753522e08d1b07409ff5518873dee7179,2025-07-29T21:50:00.000,25,UNKNOWN,UNKNOWN,CLEAR,"DARKNESS, LIGHTED ROAD",PARKED MOTOR VEHICLE,ONE-WAY,STRAIGHT AND LEVEL,DRY,UNKNOWN,ON SCENE,NO INJURY / DRIVE AWAY,,"$501 - $1,500",2025-07-29T21:50:00.000,UNABLE TO DETERMINE,UNABLE TO DETERMINE,7898,S,CALUMET AVE,623,2,NO INDICATION OF INJURY,0,0,0,0,0,1,0,21,3,7,41.7511791625,-87.6166872217,"{'type': 'Point', 'coordinates': [-87.616687221743, 41.751179162488]}",,,Y,,,,,,,
cf749e4155404605c773d13b5c75496c4eefe74a65f122e13eb2d26fec9e2268229f7df44e093ad1240af81eab3e7dea88613d333d2b34c92884f06fa4539a88,2025-07-29T21:45:00.000,30,TRAFFIC SIGNAL,FUNCTIONING PROPERLY,CLEAR,DAYLIGHT,TURNING,T-INTERSECTION,STRAIGHT AND LEVEL,DRY,NO DEFECTS,ON SCENE,INJURY AND / OR TOW DUE TO CRASH,Y,"OVER $1,500",2025-07-29T21:45:00.000,FAILING TO YIELD RIGHT-OF-WAY,FAILING TO YIELD RIGHT-OF-WAY,524,W,OHARE ST,1654,4,NONINCAPACITATING INJURY,2,0,0,2,0,2,0,21,3,7,,,,,,,,,,,,,
202cd550bf077443302953304b86b986a61290d5ed65c042e5a1f276bebe6f00bcf0f35ec2c847140ee13274520492c7c22cae8e79082f70525e53ae65a88dc9,2025-07-29T21:40:00.000,35,NO CONTROLS,NO CONTROLS,CLEAR,"DARKNESS, LIGHTED ROAD",SIDESWIPE SAME DIRECTION,NOT DIVIDED,STRAIGHT ON GRADE,DRY,NO DEFECTS,NOT ON SCENE (DESK REPORT),NO INJURY / DRIVE AWAY,,"$501 - $1,500",2025-07-30T07:20:00.000,IMPROPER LANE USAGE,NOT APPLICABLE,40,W,LA SALLE DR,1814,2,NO INDICATION OF INJURY,0,0,0,0,0,3,0,21,3,7,41.9132086834,-87.6303171917,"{'type': 'Point', 'coordinates': [-87.63031719174, 41.913208683429]}",,,,,,,,,,
b72eedd74a55f4495cd79e2063ea30267f30ef3ce1ed65d8bf75bd68731bf0be66c13556510899ce8568891edc0c37e3e4d3c12f10d95d875a36e7d5890cfeca,2025-07-29T21:38:00.000,15,NO CONTROLS,NO CONTROLS,CLEAR,"DARKNESS, LIGHTED ROAD",FIXED OBJECT,ALLEY,STRAIGHT AND LEVEL,DRY,NO DEFECTS,NOT ON SCENE (DESK REPORT),NO INJURY / DRIVE AWAY,,$500 OR LESS,2025-07-29T21:50:00.000,UNABLE TO DETERMINE,UNABLE TO DETERMINE,3620,N,KEDZIE AVE,1733,1,NO INDICATION OF INJURY,0,0,0,0,0,1,0,21,3,7,41.9472852994,-87.7079863607,"{'type': 'Point', 'coordinates': [-87.707986360749, 41.947285299356]}",,,,,,,,,,
3f893d278567739f60800b4a2c39240ba0f548ec555bebef5d1cedd105bbc2c23c8f3b019d72fade0696c4632c2d016aa2c5ebd867c3c6df60717c89e9a7fc3c,2025-07-29T21:31:00.000,30,TRAFFIC SIGNAL,FUNCTIONING PROPERLY,CLEAR,"DARKNESS, LIGHTED ROAD",PARKED MOTOR VEHICLE,Y-INTERSECTION,STRAIGHT AND LEVEL,DRY,NO DEFECTS,ON SCENE,INJURY AND / OR TOW DUE TO CRASH,,"OVER $1,500",2025-07-29T21:31:00.000,FAILING TO REDUCE SPEED TO AVOID CRASH,DRIVING SKILLS/KNOWLEDGE/EXPERIENCE,1400,S,BLUE ISLAND AVE,1233,2,NONINCAPACITATING INJURY,1,0,0,1,0,0,0,21,3,7,41.8632607034,-87.6567290467,"{'type': 'Point', 'coordinates': [-87.656729046723, 41.863260703434]}",,,,,,,,,,
25e08cdc34583dd5cb59e06ca67a24ab6fdd553826f4ae3b53a8c15fb7c0ccddbfa7246fa4d2e755b824328ec7d42840476d9235aef2bad3673640aea95cb4c1,2025-07-29T21:30:00.000,30,TRAFFIC SIGNAL,FUNCTIONING PROPERLY,CLEAR,"DARKNESS, LIGHTED ROAD",SIDESWIPE SAME DIRECTION,T-INTERSECTION,STRAIGHT AND LEVEL,DRY,NO DEFECTS,NOT ON SCENE (DESK REPORT),NO INJURY / DRIVE AWAY,,"OVER $1,500",2025-07-30T11:30:00.000,UNABLE TO DETERMINE,UNABLE TO DETERMINE,756,W,LAWRENCE AVE,2024,2,NO INDICATION OF INJURY,0,0,0,0,0,2,0,21,3,7,41.9692642733,-87.6502162052,"{'type': 'Point', 'coordinates': [-87.650216205199, 41.969264273297]}",,,Y,,,,,,,
8d175ea428356c589cea8a0a116c3191caae1898a5be367bef2eb300126537f0e292e426ea7965a6c646537e19bfab3848cb0ea476e5c2f435d333fc4c9b2dd7,2025-07-29T21:30:00.000,35,UNKNOWN,NO CONTROLS,CLEAR,DARKNESS,ANGLE,FOUR WAY,STRAIGHT AND LEVEL,DRY,NO DEFECTS,ON SCENE,NO INJURY / DRIVE AWAY,Y,"OVER $1,500",2025-07-30T00:00:00.000,NOT APPLICABLE,NOT APPLICABLE,6001,W,55TH ST,811,2,NO INDICATION OF INJURY,0,0,0,0,0,2,0,21,3,7,41.7924318524,-87.7721242682,"{'type': 'Point', 'coordinates': [-87.772124268189, 41.79243185238]}",,,Y,,,,,,,
cc9cd9ab64219bf8bec84b8170ae5510ce31602c0b227719980a95819bb17adb18b52e0047d06fe74da6b5e4d3446689aff523d8c53e3349990750a7ce3ce51f,2025-07-29T21:30:00.000,40,NO CONTROLS,NO CONTROLS,UNKNOWN,"DARKNESS, LIGHTED ROAD",REAR END,OTHER,STRAIGHT AND LEVEL,UNKNOWN,UNKNOWN,,NO INJURY / DRIVE AWAY,,"OVER $1,500",2025-07-29T21:40:00.000,UNABLE TO DETERMINE,NOT APPLICABLE,4525,N,LAKE SHORE DR NB,1914,3,NO INDICATION OF INJURY,0,0,0,0,0,3,0,21,3,7,41.9645832603,-87.6466490331,"{'type': 'Point', 'coordinates': [-87.646649033103, 41.964583260341]}",,,Y,,,,,,,
cbd02f1fb6bcc2f05ba2c162cd6121d070db2f06e4f5ca159a0aad2234c8de887051035d9557834b12502a3fd3cd61376365e59c6bd5b4f23e265458326e25a9,2025-07-29T21:27:00.000,20,TRAFFIC SIGNAL,UNKNOWN,CLEAR,"DARKNESS, LIGHTED ROAD",TURNING,FOUR WAY,STRAIGHT AND LEVEL,DRY,UNKNOWN,ON SCENE,NO INJURY / DRIVE AWAY,Y,"OVER $1,500",2025-07-29T22:02:00.000,IMPROPER TURNING/NO SIGNAL,IMPROPER TURNING/NO SIGNAL,2398,W,MONTROSE AVE,1911,2,NO INDICATION OF INJURY,0,0,0,0,0,2,0,21,3,7,41.9614234529,-87.6886251189,"{'type': 'Point', 'coordinates': [-87.688625118874, 41.961423452895]}",,,,,,,,,,
748ec7921341ba26d349ba1894c5c9c58d91bd8c784fb7082aa8ba724871ef33768ac3630fea0a371d2344b92424b5f7c912d9bd0001a2a9d05437305280d1ae,2025-07-29T21:19:00.000,30,NO CONTROLS,NO CONTROLS,CLEAR,"DARKNESS, LIGHTED ROAD",REAR END,PARKING LOT,STRAIGHT AND LEVEL,DRY,NO DEFECTS,NOT ON SCENE (DESK REPORT),NO INJURY / DRIVE AWAY,,"OVER $1,500",2025-07-29T21:19:00.000,UNABLE TO DETERMINE,NOT APPLICABLE,524,W,OHARE ST,1654,2,NO INDICATION OF INJURY,0,0,0,0,0,2,0,21,3,7,,,,,,,,,,,,,
99545b2499817f854c259edfce78302c90f7fd19ca68aa04b27903d6a86f59332f727df930f70f6d3d7d81b8463e2fc53f2e96abdf8d8c1571a2fc7925424c87,2025-07-29T21:16:00.000,25,NO CONTROLS,NO CONTROLS,CLEAR,"DARKNESS, LIGHTED ROAD",PARKED MOTOR VEHICLE,NOT DIVIDED,STRAIGHT AND LEVEL,DRY,NO DEFECTS,ON SCENE,NO INJURY / DRIVE AWAY,,"OVER $1,500",2025-07-29T23:02:00.000,UNABLE TO DETERMINE,DRIVING SKILLS/KNOWLEDGE/EXPERIENCE,2420,N,FAIRFIELD AVE,1431,2,NO INDICATION OF INJURY,0,0,0,0,0,1,0,21,3,7,41.9255723779,-87.6963646359,"{'type': 'Point', 'coordinates': [-87.6963646359, 41.925572377873]}",,,,,,,,,,
a2a0a3a3d12375cda90e85bded5b704aa73a77c5c070bfaf3640dde45c1b0ba0d787cfeb347b6718418d21e31d037ed5a75099b1565a32074f8e98426bc42fa0,2025-07-29T21:15:00.000,30,TRAFFIC SIGNAL,UNKNOWN,CLEAR,"DARKNESS, LIGHTED ROAD",SIDESWIPE SAME DIRECTION,NOT DIVIDED,STRAIGHT AND LEVEL,UNKNOWN,UNKNOWN,NOT ON SCENE (DESK REPORT),NO INJURY / DRIVE AWAY,Y,"OVER $1,500",2025-07-29T22:59:00.000,IMPROPER LANE USAGE,IMPROPER LANE USAGE,3200,N,LAKE SHORE DR,1925,2,NO INDICATION OF INJURY,0,0,0,0,0,4,0,21,3,7,41.9409091633,-87.63936916,"{'type': 'Point', 'coordinates': [-87.639369159955, 41.940909163268]}",,,Y,,,,,,,
339bb51e60617bf9ef6aa6586ecb35c6b84a1509942387f4b20f6726008983ac1bb1f2e9b4bed43452bc2006f82ea6089dc9cf2747daba54afbd8f3861e52d10,2025-07-29T21:09:00.000,30,NO CONTROLS,NO CONTROLS,CLEAR,"DARKNESS, LIGHTED ROAD",SIDESWIPE SAME DIRECTION,NOT DIVIDED,STRAIGHT AND LEVEL,DRY,UNKNOWN,NOT ON SCENE (DESK REPORT),NO INJURY / DRIVE AWAY,,$500 OR LESS,2025-07-29T21:50:00.000,UNABLE TO DETERMINE,UNABLE TO DETERMINE,3208,N,PULASKI RD,1731,2,NO INDICATION OF INJURY,0,0,0,0,0,2,0,21,3,7,41.939372352,-87.7273406721,"{'type': 'Point', 'coordinates': [-87.72734067212, 41.939372351992]}",,,,,,,,,,
63b2715078d1ffec6d8c385b0abaa0a3401e299d2dfef07ff2243ebfa95c8df1296aeb56f9b316239867174708b3a928ad98b1231af7f23ec05326b736b1960f,2025-07-29T21:05:00.000,25,NO CONTROLS,NO CONTROLS,CLEAR,"DARKNESS, LIGHTED ROAD",SIDESWIPE OPPOSITE DIRECTION,DIVIDED - W/MEDIAN (NOT RAISED),STRAIGHT AND LEVEL,DRY,NO DEFECTS,,INJURY AND / OR TOW DUE TO CRASH,,"OVER $1,500",2025-07-29T21:05:00.000,UNABLE TO DETERMINE,UNABLE TO DETERMINE,1407,S,HALSTED ST,1232,2,NO INDICATION OF INJURY,0,0,0,0,0,5,0,21,3,7,41.8633433024,-87.6466574736,"{'type': 'Point', 'coordinates': [-87.646657473569, 41.863343302406]}",,,Y,,,,,,,
6b10f1641600373601a6a300e5c88b95116ded7bc907a0ac3fefd61927b7106696fb6191a2e9c717c048d2b74322c9931732e94ee8cd5c2930b67e2c20e6b21a,2025-07-29T21:02:00.000,30,STOP SIGN/FLASHER,FUNCTIONING PROPERLY,CLEAR,DARKNESS,ANGLE,DIVIDED - W/MEDIAN (NOT RAISED),STRAIGHT AND LEVEL,DRY,NO DEFECTS,NOT ON SCENE (DESK REPORT),NO INJURY / DRIVE AWAY,,"OVER $1,500",2025-08-01T20:56:00.000,FAILING TO YIELD RIGHT-OF-WAY,NOT APPLICABLE,5200,S,MERRIMAC AVE,811,2,NO INDICATION OF INJURY,0,0,0,0,0,2,0,21,3,7,41.7978320793,-87.7784605451,"{'type': 'Point', 'coordinates': [-87.778460545141, 41.797832079301]}",,,,,,,,,,