crash_record_id,crash_date,posted_speed_limit,traffic_control_device,device_condition,weather_condition,lighting_condition,first_crash_type,trafficway_type,alignment,roadway_surface_cond,road_defect,report_type,crash_type,intersection_related_i,damage,date_police_notified,prim_contributory_cause,sec_contributory_cause,street_no,street_direction,street_name,beat_of_occurrence,num_units,most_severe_injury,injuries_total,injuries_fatal,injuries_incapacitating,injuries_non_incapacitating,injuries_reported_not_evident,injuries_no_indication,injuries_unknown,crash_hour,crash_day_of_week,crash_month,latitude,longitude,location,private_property_i,photos_taken_i,hit_and_run_i,statements_taken_i,crash_date_est_i,work_zone_i,work_zone_type,dooring_i,lane_cnt,workers_present_i
0e3f004359643b9a045e2e260b3abbfb61fb4a8feea991bb6c1aa66dac832d559ec176b46949682e9ef39560f7b5cbfee2f760366b6d803b92c4ead878f3ba22,2025-07-29T21:00:00.000,30,NO CONTROLS,NO CONTROLS,CLEAR,UNKNOWN,PARKED MOTOR VEHICLE,DIVIDED - W/MEDIAN (NOT RAISED),STRAIGHT AND LEVEL,DRY,NO DEFECTS,ON SCENE,NO INJURY / DRIVE AWAY,,"OVER $1,500",2025-08-04T13:50:00.000,UNABLE TO DETERMINE,NOT APPLICABLE,1448,N,WESTERN AVE,1423,2,NO INDICATION OF INJURY,0,0,0,0,0,1,0,21,3,7,41.9081145416,-87.6873095402,"{'type': 'Point', 'coordinates': [-87.687309540201, 41.908114541602]}",,,Y,,,,,,,
3443b8a17ce755df1b1b1d168a7e724f6bb716cc6bb5d1e36fbfa2c6bf80ff21bdf18b88431e53f4adcc5a3f11f08146b9d8d2acf95a8228eccacf1639f87b7b,2025-07-29T21:00:00.000,30,NO CONTROLS,NO CONTROLS,UNKNOWN,DARKNESS,SIDESWIPE SAME DIRECTION,DIVIDED - W/MEDIAN (NOT RAISED),STRAIGHT AND LEVEL,UNKNOWN,UNKNOWN,NOT ON SCENE (DESK REPORT),NO INJURY / DRIVE AWAY,,"OVER $1,500",2025-07-30T16:50:00.000,UNABLE TO DETERMINE,UNABLE TO DETERMINE,233,E,LOWER WACKER DR,114,2,NO INDICATION OF INJURY,0,0,0,0,0,2,0,21,3,7,41.8877761726,-87.6213583629,"{'type': 'Point', 'coordinates': [-87.621358362885, 41.887776172574]}",,,Y,,,,,,,
09444a6cde258bb42dde97a670facbc416841b861227b2cfa8043847da59667a3be5ab59da9d4f65c8e399ac92601d1d937ae5773625c44767077e364136d516,2025-07-29T20:53:00.000,30,TRAFFIC SIGNAL,FUNCTIONING PROPERLY,CLEAR,DAYLIGHT,TURNING,NOT DIVIDED,STRAIGHT AND LEVEL,DRY,NO DEFECTS,NOT ON SCENE (DESK REPORT),NO INJURY / DRIVE AWAY,Y,"OVER $1,500",2025-07-29T21:52:00.000,IMPROPER LANE USAGE,NOT APPLICABLE,240,W,38TH ST,915,2,NO INDICATION OF INJURY,0,0,0,0,0,2,0,20,3,7,41.8252463035,-87.6330025932,"{'type': 'Point', 'coordinates': [-87.633002593189, 41.8252463035]}",,,,,,,,,,
9a64ad880ad37b878ca0dcfd0fe6a136d4f76b14197083da2ae16bc84f65c8cf2d223b4df63c0f8e24934f8571bd625879daf7d4fb8983e5079d83e34ba2a030,2025-07-29T20:40:00.000,25,STOP SIGN/FLASHER,FUNCTIONING PROPERLY,CLEAR,DARKNESS,ANGLE,ONE-WAY,STRAIGHT AND LEVEL,DRY,NO DEFECTS,ON SCENE,NO INJURY / DRIVE AWAY,,"OVER $1,500",2025-07-29T20:43:00.000,DISREGARDING STOP SIGN,NOT APPLICABLE,2727,W,64TH ST,825,2,NO INDICATION OF INJURY,0,0,0,0,0,3,0,20,3,7,41.7771348787,-87.6920622382,"{'type': 'Point', 'coordinates': [-87.692062238228, 41.77713487873]}",,,Y,,,,,,,
fb1868ffcc78739f92b43e3d50dd2961fc18a15066fa744c4ba6315b3b68af003c1907cf747a64e7b82ec25d2092472bd416cd0aa7135a3300aee5c878405c26,2025-07-29T20:40:00.000,30,NO CONTROLS,NO CONTROLS,UNKNOWN,UNKNOWN,PARKED MOTOR VEHICLE,NOT DIVIDED,STRAIGHT AND LEVEL,UNKNOWN,NO DEFECTS,ON SCENE,NO INJURY / DRIVE AWAY,,"OVER $1,500",2025-07-29T23:07:00.000,IMPROPER BACKING,IMPROPER LANE USAGE,4812,N,MONTCLARE AVE,1613,2,NO INDICATION OF INJURY,0,0,0,0,0,1,0,20,3,7,41.9687118248,-87.8050015528,"{'type': 'Point', 'coordinates': [-87.805001552832, 41.968711824795]}",,,,,,,,,,
2ee3cdca852c77886bdc004b5fcc57eafb2159849eaa27ec1d5c3b76eecab09b4eb364ba7bce0e7b7a47ffbc897947671aba1babbfc26047777a20fb7c549a54,2025-07-29T20:15:00.000,35,UNKNOWN,UNKNOWN,CLEAR,"DARKNESS, LIGHTED ROAD",REAR END,NOT DIVIDED,STRAIGHT AND LEVEL,DRY,NO DEFECTS,NOT ON SCENE (DESK REPORT),NO INJURY / DRIVE AWAY,,"OVER $1,500",2025-07-29T21:43:00.000,FOLLOWING TOO CLOSELY,FOLLOWING TOO CLOSELY,3355,N,OAK PARK AVE,1632,2,NO INDICATION OF INJURY,0,0,0,0,0,2,0,20,3,7,41.941610934,-87.7956848412,"{'type': 'Point', 'coordinates': [-87.795684841191, 41.941610933951]}",,,,,,,,,,
781137e6d8b312ce6212bffef873cbc7888722bf10a0d2c667ff96bc7b366e3ed6a34797dddeeb491b2fd57694444933a170b2ab4547a70a7a3a3084316bd2d5,2025-07-29T20:15:00.000,30,TRAFFIC SIGNAL,FUNCTIONING PROPERLY,CLEAR,"DARKNESS, LIGHTED ROAD",SIDESWIPE SAME DIRECTION,ONE-WAY,STRAIGHT AND LEVEL,DRY,NO DEFECTS,ON SCENE,NO INJURY / DRIVE AWAY,,"$501 - $1,500",2025-07-29T21:15:00.000,UNABLE TO DETERMINE,UNABLE TO DETERMINE,6375,S,STONY ISLAND AVE,331,2,NO INDICATION OF INJURY,0,0,0,0,0,2,0,20,3,7,41.778863965,-87.5862759735,"{'type': 'Point', 'coordinates': [-87.586275973468, 41.778863965019]}",,,Y,,,,,,,
d8ea09373bde4bb367aceeb11ad287493d59b75510327d1dd0ba81235a4efc448db4ac21072d99660c6b6ae031f0118289727a3cc1c4d8853f47562148508cbe,2025-07-29T20:15:00.000,30,TRAFFIC SIGNAL,FUNCTIONING PROPERLY,CLEAR,DUSK,PARKED MOTOR VEHICLE,NOT DIVIDED,STRAIGHT AND LEVEL,DRY,NO DEFECTS,ON SCENE,INJURY AND / OR TOW DUE TO CRASH,Y,"$501 - $1,500",2025-07-29T20:20:00.000,UNABLE TO DETERMINE,NOT APPLICABLE,4399,S,PULASKI RD,821,2,NO INDICATION OF INJURY,0,0,0,0,0,3,0,20,3,7,41.8134606494,-87.7236489272,"{'type': 'Point', 'coordinates': [-87.723648927228, 41.813460649358]}",,,,,,,,,,
64baf0e11865303a9d79dfb8e701e6d1068e20f74701b2f6d2a9cf7bb32975f4bfeb3b60b782ec9986181454a1c214681b4a467787ec5ae3fdabdbeb0b224fe1,2025-07-29T20:00:00.000,20,NO CONTROLS,NO CONTROLS,CLEAR,DAYLIGHT,PARKED MOTOR VEHICLE,NOT DIVIDED,STRAIGHT AND LEVEL,DRY,UNKNOWN,NOT ON SCENE (DESK REPORT),NO INJURY / DRIVE AWAY,,"OVER $1,500",2025-07-29T20:42:00.000,DISTRACTION - FROM OUTSIDE VEHICLE,NOT APPLICABLE,10642,S,RIDGEWAY AVE,2211,2,NO INDICATION OF INJURY,0,0,0,0,0,1,0,20,3,7,41.6991903926,-87.7146516205,"{'type': 'Point', 'coordinates': [-87.71465162051, 41.69919039262]}",,,,,,,,,,
2b85b9de511490eae0c7675be7daa2bce10bdf18c7838d6ea55099d57126e8df01bf2b8e0d234514e9ae31629f776d90f01748a3cdeb16658a106bc27540fa79,2025-07-29T19:55:00.000,35,STOP SIGN/FLASHER,FUNCTIONING PROPERLY,CLEAR,DAYLIGHT,PEDALCYCLIST,FOUR WAY,STRAIGHT AND LEVEL,DRY,UNKNOWN,ON SCENE,NO INJURY / DRIVE AWAY,,$500 OR LESS,2025-07-29T19:59:00.000,FAILING TO YIELD RIGHT-OF-WAY,NOT APPLICABLE,2000,W,AUGUSTA BLVD,1212,2,NO INDICATION OF INJURY,0,0,0,0,0,2,0,19,3,7,41.899659372,-87.6772807667,"{'type': 'Point', 'coordinates': [-87.677280766683, 41.899659371997]}",,,,,,,,,,
dc1b6694ae4efdd0520d882c88fef08caafd3394583c9160b62078936c22833cadad4aba07a5bf875aa3a22cc861a0366718d8313d19c40e3faab05cedf54a06,2025-07-29T19:47:00.000,30,NO CONTROLS,NO CONTROLS,CLEAR,DAYLIGHT,PARKED MOTOR VEHICLE,NOT DIVIDED,STRAIGHT AND LEVEL,DRY,NO DEFECTS,ON SCENE,INJURY AND / OR TOW DUE TO CRASH,,"OVER $1,500",2025-07-29T21:01:00.000,UNABLE TO DETERMINE,UNABLE TO DETERMINE,4942,W,AUGUSTA BLVD,1531,4,NO INDICATION OF INJURY,0,0,0,0,0,1,0,19,3,7,41.8987482442,-87.750061849,"{'type': 'Point', 'coordinates': [-87.750061848998, 41.898748244221]}",,,,,,,,,,
3807d331d6dd27270937ac67354d1c8a66fcc1e4d94091b3c509fc5bc69701bf931c7894218b3baffd0e2b89b5078497f70cba61a795f5836b73bcd7b5919b0b,2025-07-29T19:42:00.000,30,YIELD,FUNCTIONING PROPERLY,CLEAR,DUSK,ANGLE,ONE-WAY,STRAIGHT AND LEVEL,DRY,NO DEFECTS,ON SCENE,INJURY AND / OR TOW DUE TO CRASH,Y,"OVER $1,500",2025-07-29T19:45:00.000,FAILING TO YIELD RIGHT-OF-WAY,NOT APPLICABLE,2200,E,71ST ST,331,2,INCAPACITATING INJURY,2,0,1,1,0,1,0,19,3,7,41.7663971404,-87.5713459354,"{'type': 'Point', 'coordinates': [-87.571345935413, 41.766397140399]}",,,,,,,,,,
790f5a3d831351a11605e5411fb48045e452f6531f8b7891d40552caa535ce0cd78fa5c4a46f88ef3476191d261a47ac22e952dc03d856dc0475009dfaa5a95a,2025-07-29T19:35:00.000,25,NO CONTROLS,NO CONTROLS,CLEAR,DAYLIGHT,REAR END,ONE-WAY,STRAIGHT AND LEVEL,DRY,NO DEFECTS,ON SCENE,INJURY AND / OR TOW DUE TO CRASH,,"OVER $1,500",2025-07-29T19:47:00.000,DRIVING SKILLS/KNOWLEDGE/EXPERIENCE,UNABLE TO DETERMINE,524,W,OHARE ST,1654,2,NONINCAPACITATING INJURY,1,0,0,1,0,1,0,19,3,7,,,,,,,,,,,,,
cc29b5246142ec2534db3ab7f8e39f1ce2e61dd1d34f4ac73a2769aa19553c67c4240ba1252a70ef24b17cd1b7cb4a5bc6f41042bf6308be8d5eaba6db004f45,2025-07-29T19:33:00.000,30,NO CONTROLS,NO CONTROLS,CLEAR,DAYLIGHT,FIXED OBJECT,NOT DIVIDED,STRAIGHT AND LEVEL,DRY,NO DEFECTS,ON SCENE,INJURY AND / OR TOW DUE TO CRASH,,"OVER $1,500",2025-07-29T20:02:00.000,NOT APPLICABLE,NOT APPLICABLE,560,W,MARQUETTE RD,722,1,NO INDICATION OF INJURY,0,0,0,0,0,1,0,19,3,7,41.7726729908,-87.6390452659,"{'type': 'Point', 'coordinates': [-87.639045265858, 41.772672990818]}",,,,,,,,,,
2643a3c8802d6ab07e326d88f53b91d423d26bb49632b46bd1e3cbce99929780828461bbf261aa23907f53ffd332f8f88554286811bff672d2c0ce282bed896e,2025-07-29T19:30:00.000,30,TRAFFIC SIGNAL,FUNCTIONING PROPERLY,UNKNOWN,DUSK,REAR END,NOT DIVIDED,STRAIGHT AND LEVEL,UNKNOWN,UNKNOWN,NOT ON SCENE (DESK REPORT),NO INJURY / DRIVE AWAY,,"OVER $1,500",2025-07-30T18:40:00.000,FOLLOWING TOO CLOSELY,NOT APPLICABLE,40,E,GARFIELD BLVD,225,2,NO INDICATION OF INJURY,0,0,0,0,0,2,0,19,3,7,41.7947729749,-87.6241724267,"{'type': 'Point', 'coordinates': [-87.624172426739, 41.79477297493]}",,,,,Y,,,,,
76c1272ce620ae7e29f57a7473518c5e6c865a983a3dda98dffd6365465370e095c1249a538a539e547ce5cd39e26d471d0ea133cdbfb225ff1b5de0410ba6ed,2025-07-29T19:30:00.000,30,NO CONTROLS,NO CONTROLS,CLEAR,DAYLIGHT,SIDESWIPE SAME DIRECTION,NOT DIVIDED,STRAIGHT AND LEVEL,DRY,NO DEFECTS,NOT ON SCENE (DESK REPORT),NO INJURY / DRIVE AWAY,N,"$501 - $1,500",2025-07-30T13:40:00.000,UNABLE TO DETERMINE,NOT APPLICABLE,2339,W,HOWARD ST,2411,2,NO INDICATION OF INJURY,0,0,0,0,0,2,0,19,3,7,42.0194199694,-87.6892686308,"{'type': 'Point', 'coordinates': [-87.689268630797, 42.019419969447]}",,,,,,,,,,
9cc82cc9edc5d1cff273222a48d87f31df3b049e8ec75a96a3cc5926677ac682ba94868fd5d5ddc796030b75c26b4031a7599dc00969a5ab56f5e184389384cf,2025-07-29T19:30:00.000,30,NO CONTROLS,NO CONTROLS,CLEAR,DUSK,PARKED MOTOR VEHICLE,NOT DIVIDED,STRAIGHT AND LEVEL,DRY,NO DEFECTS,NOT ON SCENE (DESK REPORT),NO INJURY / DRIVE AWAY,,"OVER $1,500",2025-07-29T21:45:00.000,FAILING TO REDUCE SPEED TO AVOID CRASH,UNABLE TO DETERMINE,8312,S,DAMEN AVE,614,2,NO INDICATION OF INJURY,0,0,0,0,0,1,0,19,3,7,41.7425114976,-87.6730990277,"{'type': 'Point', 'coordinates': [-87.673099027698, 41.742511497563]}",,,,,,,,,,
d22ea5f2133a7422e7867606ed33e36377ce0b725eba3b7450c2d0901569983b6f0a260f02e47844b8abe803d82da3dabeefd67419a9386e253893f4b8954085,2025-07-29T19:28:00.000,30,NO CONTROLS,NO CONTROLS,CLEAR,DAYLIGHT,PARKED MOTOR VEHICLE,PARKING LOT,STRAIGHT AND LEVEL,DRY,NO DEFECTS,NOT ON SCENE (DESK REPORT),NO INJURY / DRIVE AWAY,,"OVER $1,500",2025-07-29T20:00:00.000,UNABLE TO DETERMINE,UNABLE TO DETERMINE,1224,S,WABASH AVE,131,2,NO INDICATION OF INJURY,0,0,0,0,0,1,0,19,3,7,41.8667243541,-87.6259611484,"{'type': 'Point', 'coordinates': [-87.625961148378, 41.866724354056]}",,,Y,,,,,,,
adbba09181a24720fdb343c9a4131a94b690677a90506ac14f645612e1cd184ae28dd5c08111f99d470c77ede7c1ec24863ad02a533a7f3de4f0ae4b65cd736e,2025-07-29T19:15:00.000,30,TRAFFIC SIGNAL,FUNCTIONING PROPERLY,CLEAR,DUSK,REAR END,NOT DIVIDED,STRAIGHT AND LEVEL,DRY,NO DEFECTS,NOT ON SCENE (DESK REPORT),NO INJURY / DRIVE AWAY,Y,"$501 - $1,500",2025-07-29T21:38:00.000,IMPROPER LANE USAGE,UNABLE TO DETERMINE,757,E,79TH ST,624,2,NO INDICATION OF INJURY,0,0,0,0,0,2,0,19,3,7,41.7511745266,-87.6053589498,"{'type': 'Point', 'coordinates': [-87.605358949775, 41.75117452661]}",,,Y,,,,,,,
1a7f4bd5b258468f181a4bbb0a6c492e0f2cc8cb2548a7be63e952c55529869b711cfdf77163c5193800f05fb94b157028142181940fccd75c91ccf8a72c4f77,2025-07-29T19:12:00.000,30,NO CONTROLS,NO CONTROLS,CLEAR,DAYLIGHT,SIDESWIPE SAME DIRECTION,NOT DIVIDED,STRAIGHT AND LEVEL,DRY,NO DEFECTS,NOT ON SCENE (DESK REPORT),NO INJURY / DRIVE AWAY,,"OVER $1,500",2025-07-29T20:00:00.000,UNABLE TO DETERMINE,NOT APPLICABLE,1001,W,LAWRENCE AVE,1914,2,NO INDICATION OF INJURY,0,0,0,0,0,2,0,19,3,7,41.9689796407,-87.6548894387,"{'type': 'Point', 'coordinates': [-87.654889438661, 41.968979640692]}",,,,,,,,,,
675fd3ed1835382c16554e7424548b3f908e4e85682a40a2a1f506b224e1a2f833c0d80035e884c2134975ab893683932e596e1da3a93c26fa8cfc1f2f94f08c,2025-07-29T19:09:00.000,30,NO CONTROLS,NO CONTROLS,CLEAR,DAYLIGHT,TURNING,CENTER TURN LANE,STRAIGHT AND LEVEL,DRY,NO DEFECTS,ON SCENE,INJURY AND / OR TOW DUE TO CRASH,Y,"OVER $1,500",2025-07-29T19:17:00.000,IMPROPER TURNING/NO SIGNAL,IMPROPER TURNING/NO SIGNAL,3930,N,CICERO AVE,1634,2,NO INDICATION OF INJURY,0,0,0,0,0,4,0,19,3,7,41.9525185607,-87.7474397308,"{'type': 'Point', 'coordinates': [-87.747439730754, 41.952518560711]}",,,,,,,,,,
0de2803f8bc9ed983f5bf778348ee72c110a60e6958f2d325288384b3b06ea14342593723f99d9a9a66f354c4c0ad7e06780db7668f5e36ad652b6a1351a469d,2025-07-29T19:00:00.000,30,NO CONTROLS,NO CONTROLS,CLEAR,DAWN,ANGLE,UNKNOWN,STRAIGHT AND LEVEL,DRY,NO DEFECTS,NOT ON SCENE (DESK REPORT),NO INJURY / DRIVE AWAY,,"$501 - $1,500",2025-07-29T22:30:00.000,UNABLE TO DETERMINE,NOT APPLICABLE,4755,W,GRAND AVE,2533,2,NO INDICATION OF INJURY,0,0,0,0,0,2,0,19,3,7,41.9136243207,-87.7455282079,"{'type': 'Point', 'coordinates': [-87.745528207902, 41.913624320732]}",,,Y,,,,,,,
30ce70cfa437eb55d4e49037ca149fa8c568d47bfe1805f726ee404e718f22ed3af059197d3255acd2ef1a438dbdae669d9ed534e6426b0dfa3d20a31b606877,2025-07-29T19:00:00.000,30,TRAFFIC SIGNAL,FUNCTIONING PROPERLY,CLEAR,DARKNESS,REAR END,ONE-WAY,STRAIGHT AND LEVEL,DRY,NO DEFECTS,NOT ON SCENE (DESK REPORT),NO INJURY / DRIVE AWAY,,"$501 - $1,500",2025-07-30T16:29:00.000,FOLLOWING TOO CLOSELY,NOT APPLICABLE,188,W,MADISON ST,122,2,NO INDICATION OF INJURY,0,0,0,0,0,2,0,19,3,7,41.8820581049,-87.6334783604,"{'type': 'Point', 'coordinates': [-87.633478360366, 41.882058104945]}",,,,,,,,,,
35413656cfc8b79dce0bdccc14e8087595b21f36fd4e1a02704d798a7c218b68381c970aefb266313239fc23e164571ead981aad07a62cc0b8a45277f3df3907,2025-07-29T19:00:00.000,30,NO CONTROLS,NO CONTROLS,UNKNOWN,UNKNOWN,ANGLE,NOT DIVIDED,STRAIGHT AND LEVEL,UNKNOWN,UNKNOWN,NOT ON SCENE (DESK REPORT),NO INJURY / DRIVE AWAY,,"OVER $1,500",2025-07-30T13:20:00.000,UNABLE TO DETERMINE,UNABLE TO DETERMINE,2352,E,75TH ST,334,2,NO INDICATION OF INJURY,0,0,0,0,0,2,0,19,3,7,41.7590939802,-87.5666892139,"{'type': 'Point', 'coordinates': [-87.566689213935, 41.75909398024]}",,,,,,,,,,
c26a07b28e397cf1e795f52609e0645ab43a9ba9649613353f0f76fe0517d56a38a373491b172056e44744311d47741b7fcc67130d78ddd348888e05c17fe36c,2025-07-29T18:50:00.000,30,TRAFFIC SIGNAL,FUNCTIONING PROPERLY,CLEAR,DAYLIGHT,REAR END,DIVIDED - W/MEDIAN (NOT RAISED),STRAIGHT AND LEVEL,DRY,UNKNOWN,NOT ON SCENE (DESK REPORT),NO INJURY / DRIVE AWAY,,"OVER $1,500",2025-07-29T20:23:00.000,FOLLOWING TOO CLOSELY,NOT APPLICABLE,2401,W,FULLERTON AVE,1431,2,NO INDICATION OF INJURY,0,0,0,0,0,2,0,18,3,7,41.9247904165,-87.6877014878,"{'type': 'Point', 'coordinates': [-87.687701487808, 41.924790416498]}",,Y,Y,,,,,,,
e2921b1616ffcb46d2e216c9072b34a8cf138d38519c70c6b78f5ff2c7b850696c31bf89b74d1b9efccb1533288764e60b3b7a523b6f1ccf41974c0ccf2880d0,2025-07-29T18:47:00.000,30,NO CONTROLS,NO CONTROLS,CLEAR,DAYLIGHT,PARKED MOTOR VEHICLE,NOT DIVIDED,STRAIGHT AND LEVEL,DRY,NO DEFECTS,ON SCENE,NO INJURY / DRIVE AWAY,,"OVER $1,500",2025-07-29T19:36:00.000,IMPROPER LANE USAGE,UNABLE TO DETERMINE,2808,W,BRYN MAWR AVE,2011,2,NO INDICATION OF INJURY,0,0,0,0,0,1,0,18,3,7,41.9832298896,-87.6995300004,"{'type': 'Point', 'coordinates': [-87.699530000396, 41.983229889576]}",,,,,,,,,,
4361eb7f11e5d84f688ba4038cbaf281f1b6b15a16177a3ee891b490186b5b5c4f24a1c13e875cc2e61a048d552ad6e7e0361ff463ac9b7f5693d9361ba02ccf,2025-07-29T18:45:00.000,25,STOP SIGN/FLASHER,FUNCTIONING PROPERLY,CLEAR,DAYLIGHT,ANGLE,FOUR WAY,STRAIGHT AND LEVEL,DRY,UNKNOWN,NOT ON SCENE (DESK REPORT),NO INJURY / DRIVE AWAY,Y,"OVER $1,500",2025-07-29T18:51:00.000,FAILING TO YIELD RIGHT-OF-WAY,UNABLE TO DETERMINE,7800,S,RACINE AVE,612,2,NO INDICATION OF INJURY,0,0,0,0,0,2,0,18,3,7,41.7522696958,-87.6539316073,"{'type': 'Point', 'coordinates': [-87.653931607333, 41.75226969581]}",,,N,,,,,,,
be70820a2c0e8e6403c0e8e17657fee87ecf00433457bc835941c477e49e06b9bad0e18fc79c2e9188025edabbc22130a237c71a0d002f4c1851dbc854db689a,2025-07-29T18:39:00.000,30,TRAFFIC SIGNAL,FUNCTIONING PROPERLY,CLEAR,DAYLIGHT,REAR END,NOT DIVIDED,STRAIGHT AND LEVEL,DRY,NO DEFECTS,NOT ON SCENE (DESK REPORT),NO INJURY / DRIVE AWAY,,"OVER $1,500",2025-07-29T19:00:00.000,FOLLOWING TOO CLOSELY,NOT APPLICABLE,1200,W,ROOSEVELT RD,1231,2,NO INDICATION OF INJURY,0,0,0,0,0,3,0,18,3,7,41.867105475,-87.6567450119,"{'type': 'Point', 'coordinates': [-87.656745011924, 41.867105475026]}",,,Y,,,,,,,
42b23a7028310a1a473933daf231e5318f49ac71b345893403708739e9f91576c6acbc5b0fc3a76d992aa8aeb8abe26a6118546e94e0755bdd417cbdfbe26e38,2025-07-29T18:38:00.000,30,TRAFFIC SIGNAL,UNKNOWN,CLEAR,DAWN,TURNING,FOUR WAY,STRAIGHT AND LEVEL,DRY,SHOULDER DEFECT,NOT ON SCENE (DESK REPORT),NO INJURY / DRIVE AWAY,Y,"OVER $1,500",2025-07-29T20:15:00.000,IMPROPER OVERTAKING/PASSING,IMPROPER LANE USAGE,501,S,WELLS ST,123,2,NO INDICATION OF INJURY,0,0,0,0,0,2,0,18,3,7,41.8755371954,-87.6335102178,"{'type': 'Point', 'coordinates': [-87.633510217783, 41.875537195373]}",,,,,,,,,,
dabbe1255883eb1eb96fca3e7a42bf641614194cd9270cf3b30a4c563160222e4a4e0b7f57756f43fb59812fa9551a3b1438bf491f0d6bcf2d9249cbd2e61758,2025-07-29T18:35:00.000,30,NO CONTROLS,NO CONTROLS,CLEAR,DAYLIGHT,PARKED MOTOR VEHICLE,ONE-WAY,STRAIGHT AND LEVEL,DRY,NO DEFECTS,NOT ON SCENE (DESK REPORT),NO INJURY / DRIVE AWAY,,"OVER $1,500",2025-07-29T19:20:00.000,UNABLE TO DETERMINE,UNABLE TO DETERMINE,4506,W,VAN BUREN ST,1131,2,NO INDICATION OF INJURY,0,0,0,0,0,1,0,18,3,7,41.8752203611,-87.7380652272,"{'type': 'Point', 'coordinates': [-87.738065227158, 41.875220361092]}",,,Y,,,,,,,
9986dc14705c70462db073616bc6ea20328cab2ffba2030656a6b0324b07ec96d5fa2ee14e75f964067e901a76ea3fe0430b265c162b2a5a3dd114c32d475758,2025-07-29T18:30:00.000,30,TRAFFIC SIGNAL,FUNCTIONING PROPERLY,CLEAR,DAYLIGHT,SIDESWIPE SAME DIRECTION,ONE-WAY,STRAIGHT AND LEVEL,DRY,NO DEFECTS,NOT ON SCENE (DESK REPORT),NO INJURY / DRIVE AWAY,Y,"OVER $1,500",2025-07-29T20:38:00.000,IMPROPER TURNING/NO SIGNAL,FAILING TO YIELD RIGHT-OF-WAY,600,W,MONROE ST,121,2,NO INDICATION OF INJURY,0,0,0,0,0,2,0,18,3,7,41.880656908,-87.6426931652,"{'type': 'Point', 'coordinates': [-87.642693165206, 41.880656908012]}",,,Y,,,,,,,
12f1828f7094c5bb61b5aa76f6f51852e1b22868d386186949156b604126bfceb2ce186a4e16071bf20909ca11100541e424991e2b1e5b69d94a67dde0db7d58,2025-07-29T18:20:00.000,30,NO CONTROLS,NO CONTROLS,CLEAR,DAYLIGHT,REAR END,DIVIDED - W/MEDIAN BARRIER,STRAIGHT ON GRADE,DRY,NO DEFECTS,NOT ON SCENE (DESK REPORT),NO INJURY / DRIVE AWAY,,"OVER $1,500",2025-07-30T09:05:00.000,FOLLOWING TOO CLOSELY,NOT APPLICABLE,4300,N,ASHLAND AVE,1912,3,NO INDICATION OF INJURY,0,0,0,0,0,3,0,18,3,7,41.9598573866,-87.6693544424,"{'type': 'Point', 'coordinates': [-87.669354442445, 41.959857386639]}",,,,,,,,,,
8e85b171e007cd90c89ad94fd774af57aa3d76f001394780a9ecd745d9651acc0163396c4cead569578ed838fc8851b0d859e8b05a0c59b9524b20a47b25bc65,2025-07-29T18:20:00.000,25,UNKNOWN,UNKNOWN,CLEAR,DAYLIGHT,ANGLE,DIVIDED - W/MEDIAN (NOT RAISED),STRAIGHT AND LEVEL,DRY,NO DEFECTS,NOT ON SCENE (DESK REPORT),NO INJURY / DRIVE AWAY,,"OVER $1,500",2025-07-30T08:55:00.000,UNABLE TO DETERMINE,UNABLE TO DETERMINE,2801,N,CENTRAL PARK AVE,1412,2,NO INDICATION OF INJURY,0,0,0,0,0,2,0,18,3,7,41.9319579462,-87.7170486997,"{'type': 'Point', 'coordinates': [-87.717048699685, 41.93195794617]}",,,,,,,,,,
fbb4f9dcdb84ca4ed1459ed61d2facb2e0f1726d066406b6defdc5910c338c8bcfb384ba224d3e4e27260f3ecb79fbcad018b2d09cdae43ce3686eaed4fe3454,2025-07-29T18:19:00.000,30,NO CONTROLS,NO CONTROLS,CLEAR,DAYLIGHT,PEDESTRIAN,ALLEY,STRAIGHT AND LEVEL,DRY,NO DEFECTS,ON SCENE,INJURY AND / OR TOW DUE TO CRASH,,"OVER $1,500",2025-07-29T18:19:00.000,FAILING TO YIELD RIGHT-OF-WAY,UNABLE TO DETERMINE,5441,W,LE MOYNE ST,2532,2,"REPORTED, NOT EVIDENT",1,0,0,0,1,1,0,18,3,7,41.9074968738,-87.7624376749,"{'type': 'Point', 'coordinates': [-87.762437674919, 41.907496873849]}",,,Y,,,,,,,
deba5d7ce71ef3d53d1b86eff0619538d6b0edc7569c93fa48d4d877c0f5dcbbd01dbf3908db713dd058f8a61df01236ab40d0d4472ebc7077dc219d28e29385,2025-07-29T18:10:00.000,30,STOP SIGN/FLASHER,FUNCTIONING PROPERLY,CLEAR,DAYLIGHT,ANGLE,DIVIDED - W/MEDIAN (NOT RAISED),STRAIGHT AND LEVEL,DRY,NO DEFECTS,,INJURY AND / OR TOW DUE TO CRASH,,"OVER $1,500",2025-07-29T18:13:00.000,FAILING TO YIELD RIGHT-OF-WAY,UNABLE TO DETERMINE,6400,S,CICERO AVE,813,2,"REPORTED, NOT EVIDENT",1,0,0,0,1,1,0,18,3,7,41.7765116011,-87.7423723414,"{'type': 'Point', 'coordinates': [-87.742372341405, 41.776511601051]}",,,,,,,,,,