crash_record_id,crash_date,posted_speed_limit,traffic_control_device,device_condition,weather_condition,lighting_condition,first_crash_type,trafficway_type,alignment,roadway_surface_cond,road_defect,report_type,crash_type,intersection_related_i,damage,date_police_notified,prim_contributory_cause,sec_contributory_cause,street_no,street_direction,street_name,beat_of_occurrence,num_units,most_severe_injury,injuries_total,injuries_fatal,injuries_incapacitating,injuries_non_incapacitating,injuries_reported_not_evident,injuries_no_indication,injuries_unknown,crash_hour,crash_day_of_week,crash_month,latitude,longitude,location,private_property_i,photos_taken_i,hit_and_run_i,statements_taken_i,crash_date_est_i,work_zone_i,work_zone_type,dooring_i,lane_cnt,workers_present_i
03ca36a60d175178cd127bb8f01b2323069b3c5c7c8f6b5bb6660ccbf727cf5d54fe4639ace5ae6a568eed8d21f6daba8839a5e7811a11d55bf09204f28e708e,2025-07-29T18:00:00.000,30,UNKNOWN,UNKNOWN,CLEAR,DAYLIGHT,SIDESWIPE SAME DIRECTION,PARKING LOT,STRAIGHT AND LEVEL,UNKNOWN,UNKNOWN,NOT ON SCENE (DESK REPORT),NO INJURY / DRIVE AWAY,,"OVER $1,500",2025-07-29T19:40:00.000,UNABLE TO DETERMINE,UNABLE TO DETERMINE,1983,N,CLYBOURN AVE,1811,2,NO INDICATION OF INJURY,0,0,0,0,0,2,0,18,3,7,41.9173237591,-87.6582474511,"{'type': 'Point', 'coordinates': [-87.65824745107, 41.917323759052]}",Y,,,,,,,,,
08a17a82e31f2e3952981c32597e1c85bece8b8dcf5e6dbe4f5e725e1ec696631446930f0067cadd8faa28a70b8f469912724302b37f3cce7c1cc55d973e8433,2025-07-29T18:00:00.000,30,UNKNOWN,UNKNOWN,CLEAR,DAYLIGHT,SIDESWIPE SAME DIRECTION,NOT DIVIDED,STRAIGHT AND LEVEL,UNKNOWN,UNKNOWN,NOT ON SCENE (DESK REPORT),NO INJURY / DRIVE AWAY,,"OVER $1,500",2025-08-08T17:40:00.000,UNABLE TO DETERMINE,UNABLE TO DETERMINE,1400,N,SEDGWICK ST,1821,2,NO INDICATION OF INJURY,0,0,0,0,0,2,0,18,3,7,41.90768051,-87.6386326599,"{'type': 'Point', 'coordinates': [-87.638632659884, 41.90768051002]}",,,Y,,,,,,,
3ca6b77057d5be96a4122feb99df431a64cb440a6aa1bc1d235cb9708b2ddc13ec004183145bca80953048e9855523bb513605f5db03c24fb35ee49614993dc5,2025-07-29T18:00:00.000,30,NO CONTROLS,FUNCTIONING PROPERLY,CLEAR,DAYLIGHT,PARKED MOTOR VEHICLE,ONE-WAY,STRAIGHT AND LEVEL,DRY,NO DEFECTS,ON SCENE,INJURY AND / OR TOW DUE TO CRASH,,"OVER $1,500",2025-07-29T18:15:00.000,DISTRACTION - FROM INSIDE VEHICLE,FAILING TO REDUCE SPEED TO AVOID CRASH,9655,S,MANISTEE AVE,431,4,NO INDICATION OF INJURY,0,0,0,0,0,1,0,18,3,7,41.7192099785,-87.5564047252,"{'type': 'Point', 'coordinates': [-87.556404725169, 41.719209978538]}",,,,,,,,,,
aa5297541297ad294e3a20f16df17f2573fd0f342deae4ac3b42ec28b2cdc27077ab166f1feacd9d52484fae2af9ee742de3e681fe52f412500aa39552e0f203,2025-07-29T18:00:00.000,30,NO CONTROLS,NO CONTROLS,CLEAR,DAYLIGHT,PARKED MOTOR VEHICLE,NOT DIVIDED,STRAIGHT AND LEVEL,DRY,UNKNOWN,ON SCENE,NO INJURY / DRIVE AWAY,,$500 OR LESS,2025-07-29T18:30:00.000,UNABLE TO DETERMINE,UNABLE TO DETERMINE,216,S,ABERDEEN ST,1232,2,NO INDICATION OF INJURY,0,0,0,0,0,4,0,18,3,7,41.8785554568,-87.6547413607,"{'type': 'Point', 'coordinates': [-87.654741360705, 41.878555456782]}",,,,,,,,,,
b2da54106c53c90fec8c4cca67e463ad9bd9807557b828421bcf3e84a0718c17be34fb8d166b1dbab0df06b6c904d52c13021b8edae17891f47faa414e4ee195,2025-07-29T18:00:00.000,30,NO CONTROLS,NO CONTROLS,CLEAR,DAYLIGHT,REAR END,NOT DIVIDED,STRAIGHT AND LEVEL,DRY,NO DEFECTS,NOT ON SCENE (DESK REPORT),NO INJURY / DRIVE AWAY,,"$501 - $1,500",2025-07-30T09:45:00.000,FOLLOWING TOO CLOSELY,FOLLOWING TOO CLOSELY,4801,W,DEVON AVE,1621,3,NO INDICATION OF INJURY,0,0,0,0,0,3,0,18,3,7,41.9971781704,-87.748379749,"{'type': 'Point', 'coordinates': [-87.748379748961, 41.997178170351]}",,,,,Y,,,,,
d01ebb65503673403463d8950a8dcc1733b4dc4e35db6ee19669609637760dbbb3649873d640a9567a3023f091fcec70d6ed98e95c9096198eb4c7723dc15e42,2025-07-29T18:00:00.000,30,NO CONTROLS,NO CONTROLS,CLEAR,DAYLIGHT,PEDALCYCLIST,NOT DIVIDED,STRAIGHT AND LEVEL,DRY,NO DEFECTS,NOT ON SCENE (DESK REPORT),NO INJURY / DRIVE AWAY,,"OVER $1,500",2025-07-29T19:30:00.000,UNABLE TO DETERMINE,NOT APPLICABLE,1918,N,MENDELL ST,1433,2,NO INDICATION OF INJURY,0,0,0,0,0,2,0,18,3,7,41.9172164996,-87.6658732366,"{'type': 'Point', 'coordinates': [-87.665873236626, 41.91721649958]}",,,,,,,,,,
f94bfc3233f874504a7e3fd32031422a05743027baa5eaa7f3267ee828984dbd5f0e69371c13f8b6bdb101272004df6148aea1099199de40cf145189903eddc9,2025-07-29T17:45:00.000,30,NO CONTROLS,NO CONTROLS,CLEAR,DAYLIGHT,PEDALCYCLIST,FOUR WAY,STRAIGHT AND LEVEL,DRY,UNKNOWN,NOT ON SCENE (DESK REPORT),NO INJURY / DRIVE AWAY,Y,$500 OR LESS,2025-07-29T21:25:00.000,UNABLE TO DETERMINE,UNABLE TO DETERMINE,1498,W,CORTLAND ST,1433,2,NO INDICATION OF INJURY,0,0,0,0,0,2,0,17,3,7,41.9168252668,-87.6653247479,"{'type': 'Point', 'coordinates': [-87.665324747896, 41.916825266803]}",,,,,,,,,,
037f6c7984f8f1b91a8f650381b1c97ea34a09fdf67169bb4a8c18fd3930fd7854c6b9117b95539769cf66f815993fce285597b17dc3d490978947c9860aecb5,2025-07-29T17:40:00.000,30,NO CONTROLS,NO CONTROLS,CLEAR,DAYLIGHT,REAR END,NOT DIVIDED,STRAIGHT AND LEVEL,DRY,NO DEFECTS,NOT ON SCENE (DESK REPORT),NO INJURY / DRIVE AWAY,Y,"OVER $1,500",2025-07-29T18:50:00.000,FOLLOWING TOO CLOSELY,NOT APPLICABLE,3266,W,ARMITAGE AVE,1413,2,NO INDICATION OF INJURY,0,0,0,0,0,2,0,17,3,7,41.9174781885,-87.7096481611,"{'type': 'Point', 'coordinates': [-87.7096481611, 41.917478188454]}",,,,,,,,,,
eb28b3614aedc255f5b4eb4c1559ca97e2268947c90ec47c136968ea8d25b2b9db2ff85141317da6f7c1406f3f0934e470def832d2601ae302359391006fc7ee,2025-07-29T17:35:00.000,35,TRAFFIC SIGNAL,FUNCTIONING PROPERLY,CLEAR,DAYLIGHT,TURNING,DIVIDED - W/MEDIAN (NOT RAISED),STRAIGHT AND LEVEL,DRY,UNKNOWN,ON SCENE,NO INJURY / DRIVE AWAY,,"$501 - $1,500",2025-07-29T17:37:00.000,IMPROPER BACKING,IMPROPER BACKING,2408,W,63RD ST,825,2,NO INDICATION OF INJURY,0,0,0,0,0,4,0,17,3,7,41.7793577545,-87.6840669709,"{'type': 'Point', 'coordinates': [-87.684066970869, 41.779357754486]}",,,,,,,,,,
0012769af3210685e95e5830707ef461dc4db37e707af46bcb0b1889d3ada7c727a06d4f3b4010669c91ae7f5d2ea708f74b806ed07a96a8025c7b20523a3a2c,2025-07-29T17:30:00.000,30,NO CONTROLS,NO CONTROLS,CLEAR,DAYLIGHT,PARKED MOTOR VEHICLE,NOT DIVIDED,STRAIGHT AND LEVEL,DRY,UNKNOWN,ON SCENE,NO INJURY / DRIVE AWAY,,"OVER $1,500",2025-07-29T19:07:00.000,IMPROPER BACKING,IMPROPER BACKING,10148,S,ESCANABA AVE,431,2,NO INDICATION OF INJURY,0,0,0,0,0,1,0,17,3,7,41.7103987781,-87.5538127824,"{'type': 'Point', 'coordinates': [-87.553812782434, 41.710398778082]}",,,,,Y,,,,,
0ffc7e5e1d7c8e7d9d2d5afec31fe34b2a4bb68e220cefed6c81b97163ecd63bea70868f0c6f1f5d0fd773cf444a2416b0d29f606886597f70a129548c511341,2025-07-29T17:30:00.000,30,STOP SIGN/FLASHER,FUNCTIONING PROPERLY,CLEAR,DAYLIGHT,SIDESWIPE SAME DIRECTION,NOT DIVIDED,STRAIGHT AND LEVEL,DRY,NO DEFECTS,NOT ON SCENE (DESK REPORT),NO INJURY / DRIVE AWAY,,"$501 - $1,500",2025-07-29T17:35:00.000,UNABLE TO DETERMINE,UNABLE TO DETERMINE,804,N,CICERO AVE,1531,2,NO INDICATION OF INJURY,0,0,0,0,0,2,0,17,3,7,41.895191113,-87.7459598031,"{'type': 'Point', 'coordinates': [-87.745959803092, 41.895191112991]}",,,Y,,,,,,,
1ea4f52924f644edd991e884d223995c0d097520e8184f12a9704d9898e5c24b4006815e73be0ae6b6ad732ffa7a69900b64fae25e1b2249ce9b4346868885c4,2025-07-29T17:30:00.000,30,UNKNOWN,UNKNOWN,CLEAR,DAYLIGHT,PARKED MOTOR VEHICLE,PARKING LOT,STRAIGHT AND LEVEL,DRY,UNKNOWN,NOT ON SCENE (DESK REPORT),NO INJURY / DRIVE AWAY,,"OVER $1,500",2025-07-29T18:50:00.000,UNABLE TO DETERMINE,UNABLE TO DETERMINE,2424,N,CLARK ST,1935,2,NO INDICATION OF INJURY,0,0,0,0,0,1,0,17,3,7,41.9262015154,-87.6410208244,"{'type': 'Point', 'coordinates': [-87.641020824406, 41.926201515373]}",Y,,Y,,,,,,,
28652e5d978081154e5790aeaf956d3c96dc5a84e8766bbbefa04351bc1f949ea54996db85a3980e9dce1f247e45c08322ba962b56ee84229b50ce8ee00adefb,2025-07-29T17:30:00.000,30,NO CONTROLS,NO CONTROLS,CLEAR,DAYLIGHT,PARKED MOTOR VEHICLE,NOT DIVIDED,STRAIGHT AND LEVEL,DRY,NO DEFECTS,ON SCENE,NO INJURY / DRIVE AWAY,,"OVER $1,500",2025-07-29T17:38:00.000,IMPROPER TURNING/NO SIGNAL,NOT APPLICABLE,2307,W,18TH PL,1234,2,NO INDICATION OF INJURY,0,0,0,0,0,1,0,17,3,7,41.8565530469,-87.6836742106,"{'type': 'Point', 'coordinates': [-87.683674210553, 41.856553046879]}",,,,,,,,,,
54f67624c74685e83344aed9726b92b7c8b40e8b3800e7020759888285c4d68248f4b7ba4163d9df205d0be6bb63aa199239c0dc55f8141f29556cae598a50c9,2025-07-29T17:30:00.000,30,NO CONTROLS,UNKNOWN,CLEAR,DAYLIGHT,SIDESWIPE SAME DIRECTION,UNKNOWN,STRAIGHT AND LEVEL,DRY,NO DEFECTS,NOT ON SCENE (DESK REPORT),NO INJURY / DRIVE AWAY,,"OVER $1,500",2025-07-29T19:00:00.000,IMPROPER OVERTAKING/PASSING,IMPROPER LANE USAGE,2600,S,CALIFORNIA AVE,1033,2,NO INDICATION OF INJURY,0,0,0,0,0,3,0,17,3,7,41.8445843003,-87.6953598432,"{'type': 'Point', 'coordinates': [-87.695359843215, 41.844584300311]}",,,,,,,,,,
79ce6e3f0f269c12a1e4f8387a824215afc6a39dc84c644dca4bb6d6a64c19f709b9adb93a4e18f65860c8c32acf19795255cbbd55d48b1e6df4d53a7dbd0e71,2025-07-29T17:30:00.000,30,DELINEATORS,UNKNOWN,CLEAR,DAYLIGHT,SIDESWIPE SAME DIRECTION,ONE-WAY,STRAIGHT AND LEVEL,DRY,NO DEFECTS,NOT ON SCENE (DESK REPORT),NO INJURY / DRIVE AWAY,,$500 OR LESS,2025-07-29T19:20:00.000,IMPROPER OVERTAKING/PASSING,FAILING TO YIELD RIGHT-OF-WAY,50,E,GRAND AVE,1834,2,NO INDICATION OF INJURY,0,0,0,0,0,2,0,17,3,7,41.8918054835,-87.6260893784,"{'type': 'Point', 'coordinates': [-87.626089378443, 41.891805483488]}",,,,,,,,,,
d3226543f9c9ce9c47630419bc52f9e9f57c46a7006000131ff2d279514202bc99ce6b6f644519c89b7484bb84943c1b21fa7485d3d1dd8fe0475125f6630111,2025-07-29T17:30:00.000,30,NO CONTROLS,NO CONTROLS,CLEAR,DAYLIGHT,SIDESWIPE SAME DIRECTION,NOT DIVIDED,STRAIGHT AND LEVEL,DRY,UNKNOWN,NOT ON SCENE (DESK REPORT),NO INJURY / DRIVE AWAY,,$500 OR LESS,2025-07-29T18:25:00.000,UNABLE TO DETERMINE,UNABLE TO DETERMINE,3168,S,ARCHER AVE,912,2,NO INDICATION OF INJURY,0,0,0,0,0,2,0,17,3,7,41.8365656652,-87.6677921062,"{'type': 'Point', 'coordinates': [-87.667792106164, 41.836565665181]}",,,,,,,,,,
174f17b07b55e64e091d69f91f59909e7aafd63b22ba8a27978d56ec694e2c2ecda1816713e57c32621fb39f500eb0225341110ad7a89a00e7cb38c6f3b58f9e,2025-07-29T17:28:00.000,30,NO CONTROLS,NO CONTROLS,CLEAR,DAYLIGHT,PARKED MOTOR VEHICLE,FOUR WAY,STRAIGHT AND LEVEL,DRY,NO DEFECTS,ON SCENE,INJURY AND / OR TOW DUE TO CRASH,,"OVER $1,500",2025-07-29T17:38:00.000,NOT APPLICABLE,NOT APPLICABLE,5896,W,FULTON ST,1512,3,"REPORTED, NOT EVIDENT",1,0,0,0,1,0,0,17,3,7,41.8857284985,-87.7718756342,"{'type': 'Point', 'coordinates': [-87.771875634248, 41.885728498479]}",,,,,,,,,,
14bff74c382473083458368589ee0517fd528bfbc1b03a672962467af856f9698e786a67f8ee8f0d89df15e62ca2593866d325f5c022b20d7f67bc5f44b16435,2025-07-29T17:25:00.000,15,UNKNOWN,UNKNOWN,CLEAR,DAYLIGHT,REAR END,PARKING LOT,STRAIGHT AND LEVEL,UNKNOWN,UNKNOWN,NOT ON SCENE (DESK REPORT),NO INJURY / DRIVE AWAY,,"OVER $1,500",2025-07-29T18:37:00.000,UNABLE TO DETERMINE,UNABLE TO DETERMINE,8411,S,HOLLAND RD,622,2,NO INDICATION OF INJURY,0,0,0,0,0,2,0,17,3,7,41.7410569377,-87.6318260004,"{'type': 'Point', 'coordinates': [-87.631826000406, 41.741056937729]}",Y,,,,,,,,,
53aa010ae7a23a61fa3effb13411e167f5071c9fdbea76650478482a9c4063aa7b96961d1d0d79be8c44f4bd6f864fc1e6ae0465d0aef071ebfc881ec1f11463,2025-07-29T17:20:00.000,30,NO CONTROLS,NO CONTROLS,CLEAR,DUSK,REAR END,NOT DIVIDED,STRAIGHT AND LEVEL,DRY,NO DEFECTS,NOT ON SCENE (DESK REPORT),NO INJURY / DRIVE AWAY,,"OVER $1,500",2025-07-29T17:50:00.000,FOLLOWING TOO CLOSELY,UNABLE TO DETERMINE,3300,W,ARMITAGE AVE,1413,2,NO INDICATION OF INJURY,0,0,0,0,0,4,0,17,3,7,41.9174692906,-87.7103598781,"{'type': 'Point', 'coordinates': [-87.710359878103, 41.917469290584]}",,,,,,,,,,
6b011093a02c145fc7c0b8abb5d4f52f7cdbb4c390ced54e70bbb638339a846fb23d09c1e70a91ea9f87189c6f417654dbc3f44b77a9d8727c1acf38909fb0e7,2025-07-29T17:15:00.000,15,UNKNOWN,NO CONTROLS,CLEAR,UNKNOWN,OTHER OBJECT,DIVIDED - W/MEDIAN BARRIER,STRAIGHT AND LEVEL,UNKNOWN,UNKNOWN,NOT ON SCENE (DESK REPORT),NO INJURY / DRIVE AWAY,,$500 OR LESS,2025-07-30T14:00:00.000,UNABLE TO DETERMINE,UNABLE TO DETERMINE,58,S,HALSTED ST,1232,2,NO INDICATION OF INJURY,0,0,0,0,0,2,0,17,3,7,41.8805542454,-87.6474704057,"{'type': 'Point', 'coordinates': [-87.647470405718, 41.880554245414]}",,,N,,Y,,,,,
df44ccb3cb430388846d4625531076308b6d3e437f156f3d6404d8adaa5527de41d4a2f775ffd2fafb5f8b8a659f5525bb7bf9120335b1409f017662d4804974,2025-07-29T17:15:00.000,30,NO CONTROLS,NO CONTROLS,CLEAR,DAYLIGHT,PARKED MOTOR VEHICLE,NOT DIVIDED,STRAIGHT AND LEVEL,DRY,NO DEFECTS,ON SCENE,NO INJURY / DRIVE AWAY,,"OVER $1,500",2025-07-29T17:27:00.000,DRIVING SKILLS/KNOWLEDGE/EXPERIENCE,NOT APPLICABLE,2434,N,CLARK ST,1935,2,NO INDICATION OF INJURY,0,0,0,0,0,1,0,17,3,7,41.9264533197,-87.6411696521,"{'type': 'Point', 'coordinates': [-87.64116965215, 41.926453319737]}",,,,,,,,,,
90a5a4b8437c557967cc8a352ed8c77ea77c96f01876b5f174519fc1a10a636d5b5a67d2f49f423b45865b6440b10d6c7c7962b718ddf2713e85ab5425ff8d29,2025-07-29T17:10:00.000,20,NO CONTROLS,NO CONTROLS,CLEAR,DAYLIGHT,PARKED MOTOR VEHICLE,ALLEY,STRAIGHT AND LEVEL,DRY,UNKNOWN,ON SCENE,INJURY AND / OR TOW DUE TO CRASH,,"OVER $1,500",2025-07-29T17:13:00.000,UNABLE TO DETERMINE,NOT APPLICABLE,2929,W,19TH ST,1022,3,NONINCAPACITATING INJURY,1,0,0,1,0,2,0,17,3,7,41.8553789863,-87.70040522,"{'type': 'Point', 'coordinates': [-87.700405219977, 41.855378986281]}",,,,,,,,,,
49c112620334053583209c175a2c806d74180fd7c95256b8568ca5c57203130e5c10ecc79668dbf2e718dab428c04f04a1abb2f56c8ba7361e147e15d68eb428,2025-07-29T17:05:00.000,30,OTHER,UNKNOWN,OTHER,UNKNOWN,REAR TO SIDE,PARKING LOT,STRAIGHT AND LEVEL,UNKNOWN,UNKNOWN,NOT ON SCENE (DESK REPORT),INJURY AND / OR TOW DUE TO CRASH,,"OVER $1,500",2025-07-30T17:00:00.000,UNABLE TO DETERMINE,NOT APPLICABLE,1035,W,VAN BUREN ST,1232,2,NONINCAPACITATING INJURY,1,0,0,1,0,1,0,17,3,7,41.8764695605,-87.65332116,"{'type': 'Point', 'coordinates': [-87.653321159991, 41.876469560532]}",,,,,,,,,,
eca51a0426afe9cad946081b4ff79bb35b57fcac99f8d77b595294459b9da77048c062bc4347fe32f5d4e414bcd6159b3a761e0a080791ef88282c8c01a9d276,2025-07-29T17:02:00.000,30,TRAFFIC SIGNAL,FUNCTIONING PROPERLY,CLEAR,DAYLIGHT,ANGLE,DIVIDED - W/MEDIAN BARRIER,STRAIGHT AND LEVEL,UNKNOWN,UNKNOWN,NOT ON SCENE (DESK REPORT),NO INJURY / DRIVE AWAY,,"$501 - $1,500",2025-07-29T18:45:00.000,UNABLE TO DETERMINE,NOT APPLICABLE,530,N,MICHIGAN AVE,1834,2,NO INDICATION OF INJURY,0,0,0,0,0,2,0,17,3,7,41.891771183,-87.6243086473,"{'type': 'Point', 'coordinates': [-87.624308647349, 41.891771183048]}",,,,,,,,,,
3e0fcb6984ba198e9c0589eef07b307c020b17dd74543b075ae572bb31034bba37b873bcd4209bdc0dfbc32bb62e1594c92c1477d28b89e3649ac956ce30daf0,2025-07-29T17:00:00.000,30,NO CONTROLS,NO CONTROLS,CLEAR,DAYLIGHT,REAR END,DIVIDED - W/MEDIAN BARRIER,STRAIGHT AND LEVEL,DRY,NO DEFECTS,NOT ON SCENE (DESK REPORT),NO INJURY / DRIVE AWAY,,"$501 - $1,500",2025-07-30T19:28:00.000,FOLLOWING TOO CLOSELY,NOT APPLICABLE,4202,S,CICERO AVE,814,2,NO INDICATION OF INJURY,0,0,0,0,0,2,0,17,3,7,41.8166536179,-87.7435327342,"{'type': 'Point', 'coordinates': [-87.743532734237, 41.81665361793]}",,,,,Y,,,,,
beb32966f24c8beb000805bd11ef8707ba4adbfd9d4fd0d03020f6478cb03a8b3be9cdb8a4c0e427951d397862e4bb2e1cea03f4ba74288b66501f930be6316b,2025-07-29T17:00:00.000,25,NO CONTROLS,NO CONTROLS,CLEAR,DAYLIGHT,PARKED MOTOR VEHICLE,NOT DIVIDED,STRAIGHT AND LEVEL,DRY,NO DEFECTS,NOT ON SCENE (DESK REPORT),NO INJURY / DRIVE AWAY,,"$501 - $1,500",2025-07-30T08:45:00.000,UNABLE TO DETERMINE,UNABLE TO DETERMINE,3750,W,GIDDINGS ST,1723,2,NO INDICATION OF INJURY,0,0,0,0,0,1,0,17,3,7,41.9674972632,-87.7227274581,"{'type': 'Point', 'coordinates': [-87.722727458066, 41.967497263236]}",,,Y,,,,,,,
27c971031357df23c34259654f88d1e7d40ab224651bcd342cbe83863cb6dca9b064b669493560734f9bf60f39438f355a1bd1ece1c4a21fd92e44ca46f45679,2025-07-29T16:50:00.000,30,TRAFFIC SIGNAL,FUNCTIONING PROPERLY,CLOUDY/OVERCAST,DAYLIGHT,REAR END,NOT DIVIDED,STRAIGHT AND LEVEL,DRY,NO DEFECTS,NOT ON SCENE (DESK REPORT),INJURY AND / OR TOW DUE TO CRASH,,"OVER $1,500",2025-07-29T18:45:00.000,FOLLOWING TOO CLOSELY,NOT APPLICABLE,5401,S,WESTERN BLVD,932,2,NONINCAPACITATING INJURY,1,0,0,1,0,1,0,16,3,7,41.7955523454,-87.6833722856,"{'type': 'Point', 'coordinates': [-87.683372285592, 41.795552345378]}",,,Y,,,,,,,
7797b38bb5241075eb558463bc286573cb96568b551e524856a22ad29c5e01900872ce22034a99c2c16b97c4627dc8798a350a200808639a41bab88522185301,2025-07-29T16:50:00.000,30,NO CONTROLS,NO CONTROLS,CLEAR,DAYLIGHT,PEDALCYCLIST,DIVIDED - W/MEDIAN (NOT RAISED),STRAIGHT AND LEVEL,DRY,NO DEFECTS,NOT ON SCENE (DESK REPORT),INJURY AND / OR TOW DUE TO CRASH,,$500 OR LESS,2025-07-29T18:06:00.000,UNABLE TO DETERMINE,NOT APPLICABLE,3258,W,51ST ST,821,2,NONINCAPACITATING INJURY,1,0,0,1,0,1,0,16,3,7,41.8008982333,-87.70615204,"{'type': 'Point', 'coordinates': [-87.706152039993, 41.800898233316]}",,,,,,,,,,
e1ebc58dec5b92affb75e23be385c1539fc91c3bb845e310035798f32f5289c5e377a8a09f91d37d4cab140aa4b6a2fb292044df409f0ca36277d2de2f0f9ba6,2025-07-29T16:50:00.000,30,UNKNOWN,NO CONTROLS,CLEAR,DAYLIGHT,TURNING,NOT DIVIDED,STRAIGHT AND LEVEL,DRY,NO DEFECTS,NOT ON SCENE (DESK REPORT),NO INJURY / DRIVE AWAY,,"OVER $1,500",2025-07-29T17:00:00.000,FAILING TO YIELD RIGHT-OF-WAY,UNABLE TO DETERMINE,6300,S,RICHMOND ST,823,2,NO INDICATION OF INJURY,0,0,0,0,0,2,0,16,3,7,41.7789686123,-87.697190466,"{'type': 'Point', 'coordinates': [-87.697190465965, 41.77896861225]}",,,,,,,,,,
6d4d8e13e4555d9d0761a67a36ccbcf4c349740edc213131fe6a941003f09137154052dfbeb058df89b09e66b547d9613c45328b776527da5ea8e14b15b4972f,2025-07-29T16:45:00.000,10,NO CONTROLS,NO CONTROLS,CLEAR,DAYLIGHT,PARKED MOTOR VEHICLE,PARKING LOT,STRAIGHT AND LEVEL,DRY,NO DEFECTS,ON SCENE,INJURY AND / OR TOW DUE TO CRASH,,"$501 - $1,500",2025-07-29T16:55:00.000,UNABLE TO DETERMINE,NOT APPLICABLE,10300,S,MICHIGAN AVE,512,2,NO INDICATION OF INJURY,0,0,0,0,0,2,0,16,3,7,41.7071821754,-87.6203614922,"{'type': 'Point', 'coordinates': [-87.620361492183, 41.707182175387]}",N,,,,,,,,,
e5da86a88767c5d0bea7234cf60b76b0dc4cfb872da0923ea7eb9f520fbcd6d9ced9754b427a52add4e2c4e32f0e34929d1f4702aef9cbe58d8807e23bbf720d,2025-07-29T16:45:00.000,30,TRAFFIC SIGNAL,FUNCTIONING PROPERLY,CLEAR,DAYLIGHT,SIDESWIPE SAME DIRECTION,NOT DIVIDED,STRAIGHT AND LEVEL,DRY,UNKNOWN,ON SCENE,NO INJURY / DRIVE AWAY,Y,"$501 - $1,500",2025-07-29T16:59:00.000,IMPROPER OVERTAKING/PASSING,UNABLE TO DETERMINE,5800,W,CHICAGO AVE,1511,2,NO INDICATION OF INJURY,0,0,0,0,0,2,0,16,3,7,41.8948924137,-87.7703654998,"{'type': 'Point', 'coordinates': [-87.770365499801, 41.894892413673]}",,,Y,,Y,,,,,
ab15fc4cff057eba2a7f2f929fc43b7a29dd1baf8b8ec160449e09e5fbdb8baa4cc203f9fc595b8516b0b1adf1749628fe4dc6eb6d74bc68085997bd5c8dc5f4,2025-07-29T16:40:00.000,30,NO CONTROLS,NO CONTROLS,CLEAR,DAYLIGHT,PARKED MOTOR VEHICLE,DIVIDED - W/MEDIAN (NOT RAISED),STRAIGHT AND LEVEL,DRY,NO DEFECTS,ON SCENE,INJURY AND / OR TOW DUE TO CRASH,,"OVER $1,500",2025-07-29T16:43:00.000,UNABLE TO DETERMINE,UNABLE TO DETERMINE,5338,N,KEDZIE AVE,1712,7,NO INDICATION OF INJURY,0,0,0,0,0,2,0,16,3,7,41.9787572591,-87.7089029716,"{'type': 'Point', 'coordinates': [-87.708902971596, 41.97875725914]}",,,,,,,,,,
f859dc4d0a151e0eb74a517acb6c20ebc8553f08b99f40b9a3d6b803583258202e546e3cde28d9986f87d015ce45f967a5c253f280269a3c0ae17efd89ef2b74,2025-07-29T16:36:00.000,10,NO CONTROLS,NO CONTROLS,CLEAR,DAYLIGHT,PARKED MOTOR VEHICLE,PARKING LOT,STRAIGHT AND LEVEL,DRY,NO DEFECTS,ON SCENE,NO INJURY / DRIVE AWAY,,$500 OR LESS,2025-07-29T16:46:00.000,FOLLOWING TOO CLOSELY,NOT APPLICABLE,3250,W,87TH ST,834,2,NO INDICATION OF INJURY,0,0,0,0,0,2,0,16,3,7,41.7352740895,-87.7035112835,"{'type': 'Point', 'coordinates': [-87.703511283506, 41.735274089541]}",Y,,,,,,,,,
b17703fcf5689ffa2ac31e8216550dfff2a1561400a7b7154e7fa33f3ac7d417a4ab82379fa40337fc8ac0b2bd5cecc590988b6313678138565f234ebf6d4c47,2025-07-29T16:35:00.000,30,NO CONTROLS,NO CONTROLS,CLEAR,DAYLIGHT,PARKED MOTOR VEHICLE,NOT DIVIDED,STRAIGHT AND LEVEL,DRY,NO DEFECTS,NOT ON SCENE (DESK REPORT),NO INJURY / DRIVE AWAY,,"OVER $1,500",2025-07-29T17:15:00.000,DRIVING SKILLS/KNOWLEDGE/EXPERIENCE,DRIVING SKILLS/KNOWLEDGE/EXPERIENCE,4544,N,HAZEL ST,1914,2,NO INDICATION OF INJURY,0,0,0,0,0,2,0,16,3,7,41.9650296205,-87.6525394949,"{'type': 'Point', 'coordinates': [-87.652539494867, 41.965029620452]}",,,,,,,,,,
0e3a9f2dc01cd898e314b32665c3c8c04eca093db4dd5d602229bcbbf1c165656c398c6c703b92ea1dc5a01d4d0b9c0db5bd1243fec39ab3208b2faab2a11d08,2025-07-29T16:34:00.000,25,NO CONTROLS,NO CONTROLS,CLEAR,DAYLIGHT,PARKED MOTOR VEHICLE,NOT DIVIDED,STRAIGHT AND LEVEL,DRY,NO DEFECTS,NOT ON SCENE (DESK REPORT),NO INJURY / DRIVE AWAY,,"$501 - $1,500",2025-07-29T22:25:00.000,FOLLOWING TOO CLOSELY,NOT APPLICABLE,332,N,AVERS AVE,1122,2,NO INDICATION OF INJURY,0,0,0,0,0,1,0,16,3,7,41.8862707083,-87.7226614054,"{'type': 'Point', 'coordinates': [-87.722661405406, 41.886270708344]}",,,,,,,,,,