crash_record_id,crash_date,posted_speed_limit,traffic_control_device,device_condition,weather_condition,lighting_condition,first_crash_type,trafficway_type,alignment,roadway_surface_cond,road_defect,report_type,crash_type,intersection_related_i,damage,date_police_notified,prim_contributory_cause,sec_contributory_cause,street_no,street_direction,street_name,beat_of_occurrence,num_units,most_severe_injury,injuries_total,injuries_fatal,injuries_incapacitating,injuries_non_incapacitating,injuries_reported_not_evident,injuries_no_indication,injuries_unknown,crash_hour,crash_day_of_week,crash_month,latitude,longitude,location,private_property_i,photos_taken_i,hit_and_run_i,statements_taken_i,crash_date_est_i,work_zone_i,work_zone_type,dooring_i,lane_cnt,workers_present_i
30de3b4f00e5a4e50a20ef1190bf4e8a739d21d031656eb4c49a9a6d9ac916b1b3f860c2d63743d7347e38852a0d834b24bb8e7bedceeea8cbcc774443211b91,2025-07-29T16:34:00.000,30,NO CONTROLS,NO CONTROLS,CLEAR,DAYLIGHT,PEDALCYCLIST,DRIVEWAY,STRAIGHT AND LEVEL,DRY,UNKNOWN,ON SCENE,INJURY AND / OR TOW DUE TO CRASH,,"OVER $1,500",2025-07-29T16:34:00.000,UNABLE TO DETERMINE,UNABLE TO DETERMINE,6034,W,NORTH AVE,2513,3,"REPORTED, NOT EVIDENT",2,0,0,0,2,1,0,16,3,7,41.909350413,-87.7766327522,"{'type': 'Point', 'coordinates': [-87.776632752206, 41.909350413025]}",,,,,,,,,,
4ac7bc34b2260a18db41e239de13c1dc462cc719348f94be810df053a5c891c06b7c7385b060e0b9c1e55bbff18ddbe6acd22afc0eda6aae7d4d526d2d925a8f,2025-07-29T16:30:00.000,30,NO CONTROLS,NO CONTROLS,CLEAR,DAYLIGHT,PARKED MOTOR VEHICLE,NOT DIVIDED,STRAIGHT AND LEVEL,DRY,UNKNOWN,NOT ON SCENE (DESK REPORT),NO INJURY / DRIVE AWAY,,"OVER $1,500",2025-07-29T20:40:00.000,DRIVING SKILLS/KNOWLEDGE/EXPERIENCE,NOT APPLICABLE,355,N,AVERS AVE,1122,2,NO INDICATION OF INJURY,0,0,0,0,0,1,0,16,3,7,41.8868569088,-87.7223862099,"{'type': 'Point', 'coordinates': [-87.72238620991, 41.886856908773]}",,,,,,,,,,
c40a0a9f5d122127ed190b2312d2cbc9232517412c40ccc3f41a8cd0550eb1aed6966b632d8db518b76109d83f15a216b96603037307ecc3f4b00a0bbe1e322f,2025-07-29T16:30:00.000,30,NO CONTROLS,NO CONTROLS,CLEAR,DAYLIGHT,PEDESTRIAN,T-INTERSECTION,STRAIGHT AND LEVEL,DRY,NO DEFECTS,ON SCENE,INJURY AND / OR TOW DUE TO CRASH,Y,"OVER $1,500",2025-07-31T09:10:00.000,UNABLE TO DETERMINE,UNABLE TO DETERMINE,4425,N,SHERIDAN RD,1914,2,NONINCAPACITATING INJURY,1,0,0,1,0,1,0,16,3,7,41.9625763398,-87.654610973,"{'type': 'Point', 'coordinates': [-87.654610972977, 41.962576339758]}",,,,,,,,,,
47040d0d4f1271e13ac37b97569cf5727fb1844a111736d9a8500218224b001ad31c0af10bf78b4b08ac82640e0f9487172a56750ecb041397be66d964e61b7b,2025-07-29T16:20:00.000,35,STOP SIGN/FLASHER,FUNCTIONING PROPERLY,CLOUDY/OVERCAST,DAYLIGHT,ANGLE,FOUR WAY,STRAIGHT AND LEVEL,DRY,WORN SURFACE,ON SCENE,NO INJURY / DRIVE AWAY,Y,"OVER $1,500",2025-07-29T16:20:00.000,FAILING TO YIELD RIGHT-OF-WAY,FAILING TO REDUCE SPEED TO AVOID CRASH,6733,N,NORTHWEST HWY,1611,2,NO INDICATION OF INJURY,0,0,0,0,0,3,0,16,3,7,42.0035215584,-87.8170998251,"{'type': 'Point', 'coordinates': [-87.817099825085, 42.003521558416]}",,,,,,,,,,
5b07631936dc91fad1cf0f37a3aad9838f20b0499eaf5716ac5aa3ed2c539b1cd387c2c29250161a7e730cde1394970e46c04700ae4d69bd8d5fdd3283d878ad,2025-07-29T16:20:00.000,30,NO CONTROLS,NO CONTROLS,CLEAR,DAYLIGHT,REAR TO FRONT,PARKING LOT,STRAIGHT AND LEVEL,DRY,UNKNOWN,NOT ON SCENE (DESK REPORT),NO INJURY / DRIVE AWAY,,"$501 - $1,500",2025-07-29T18:00:00.000,IMPROPER BACKING,NOT APPLICABLE,1044,N,FRANCISCO AVE,1211,2,NO INDICATION OF INJURY,0,0,0,0,0,2,0,16,3,7,41.9005249572,-87.6994329536,"{'type': 'Point', 'coordinates': [-87.699432953625, 41.900524957171]}",,Y,,Y,,,,,,
9ea6e6b9552fdc82ad611b736453225305845d1ae35953e2e867f6da7a517cae25bd20fd08f020d46f77eb1c878772c96088742872c41d3e95919e4097845ce7,2025-07-29T16:20:00.000,30,TRAFFIC SIGNAL,FUNCTIONING PROPERLY,CLEAR,DAYLIGHT,TURNING,NOT DIVIDED,STRAIGHT AND LEVEL,DRY,NO DEFECTS,NOT ON SCENE (DESK REPORT),NO INJURY / DRIVE AWAY,,"OVER $1,500",2025-07-29T16:20:00.000,UNABLE TO DETERMINE,UNABLE TO DETERMINE,140,W,KINZIE ST,1831,2,NO INDICATION OF INJURY,0,0,0,0,0,2,0,16,3,7,41.8892972195,-87.6326016482,"{'type': 'Point', 'coordinates': [-87.632601648173, 41.889297219473]}",,,Y,,,,,,,
f3a0c5f4c5d6d181f6fb7713379eafcef94622d0cd8d60cea9342af26543af8666cc4b0a437f372bdb9e43b0a9f554abd8728a73c1999fb904d533842f2114b7,2025-07-29T16:20:00.000,30,NO CONTROLS,NO CONTROLS,CLEAR,DAYLIGHT,REAR END,NOT DIVIDED,STRAIGHT AND LEVEL,DRY,NO DEFECTS,ON SCENE,INJURY AND / OR TOW DUE TO CRASH,Y,"OVER $1,500",2025-07-29T16:25:00.000,FAILING TO REDUCE SPEED TO AVOID CRASH,FAILING TO REDUCE SPEED TO AVOID CRASH,6835,W,IRVING PARK RD,1632,2,NONINCAPACITATING INJURY,1,0,0,1,0,1,0,16,3,7,41.9526335154,-87.797626746,"{'type': 'Point', 'coordinates': [-87.797626746049, 41.952633515373]}",,,,,,,,,,
f34f018085b7083db0cdbef3dff52ee9cd899d3ea4a5b70fb3fc80444a5b0e3bc66de7e9f8b2264c88db3fb6e9f99a7202d2ca3f86092f66d3360895441a81ce,2025-07-29T16:16:00.000,20,NO CONTROLS,NO CONTROLS,CLEAR,DAYLIGHT,REAR TO FRONT,NOT DIVIDED,STRAIGHT AND LEVEL,DRY,UNKNOWN,NOT ON SCENE (DESK REPORT),NO INJURY / DRIVE AWAY,,"OVER $1,500",2025-07-31T14:29:00.000,IMPROPER BACKING,NOT APPLICABLE,3534,W,116TH ST,2211,2,NO INDICATION OF INJURY,0,0,0,0,0,5,0,16,3,7,41.6824143464,-87.7091921928,"{'type': 'Point', 'coordinates': [-87.709192192781, 41.682414346414]}",,,,,,,,,,
997ffab87115c2afe25c86ffd67412d8e81f68e24ab31d1f743b58fe30559a0f2ecfa541ff6856a21709e81528777b1b4c25d9690c381a965f03d1ca05c6e1ba,2025-07-29T16:15:00.000,30,NO CONTROLS,NO CONTROLS,CLOUDY/OVERCAST,DAYLIGHT,ANGLE,NOT DIVIDED,STRAIGHT AND LEVEL,DRY,NO DEFECTS,NOT ON SCENE (DESK REPORT),NO INJURY / DRIVE AWAY,,"$501 - $1,500",2025-07-29T18:03:00.000,NOT APPLICABLE,NOT APPLICABLE,6634,W,ARCHER AVE,811,2,NO INDICATION OF INJURY,0,0,0,0,0,3,0,16,3,7,41.7923344005,-87.7880602724,"{'type': 'Point', 'coordinates': [-87.788060272431, 41.792334400516]}",,,,,,,,,,
da73a92774a2c6649ccf8d0f15b62cbe912fa238e131bec21359574506c90c4cb1ec2211cbdd2083110903887577f8a73efe2e7ae6c7bfcf9e0f14c42cd34b7c,2025-07-29T16:13:00.000,30,NO CONTROLS,NO CONTROLS,CLEAR,DAYLIGHT,PEDESTRIAN,TRAFFIC ROUTE,STRAIGHT AND LEVEL,DRY,NO DEFECTS,NOT ON SCENE (DESK REPORT),INJURY AND / OR TOW DUE TO CRASH,Y,"OVER $1,500",2025-07-29T22:00:00.000,FAILING TO YIELD RIGHT-OF-WAY,UNABLE TO DETERMINE,5100,S,SAWYER AVE,822,2,INCAPACITATING INJURY,1,0,1,0,0,1,0,16,3,7,41.8007116393,-87.7051334216,"{'type': 'Point', 'coordinates': [-87.705133421567, 41.800711639272]}",,,,,,,,,,
2feae7842b282b16e1b0362743beb8aa698e73574162294db62e2c7fcb892c30c9bb157bbed591a517d3ebb427fa4019ed71f4729052b99c71de2539502473d7,2025-07-29T16:11:00.000,30,TRAFFIC SIGNAL,FUNCTIONING PROPERLY,CLEAR,DAYLIGHT,TURNING,NOT DIVIDED,STRAIGHT AND LEVEL,DRY,NO DEFECTS,ON SCENE,INJURY AND / OR TOW DUE TO CRASH,,"OVER $1,500",2025-07-29T16:13:00.000,FAILING TO YIELD RIGHT-OF-WAY,IMPROPER OVERTAKING/PASSING,6300,S,RACINE AVE,724,2,NONINCAPACITATING INJURY,1,0,0,1,0,5,0,16,3,7,41.779516038,-87.6546468737,"{'type': 'Point', 'coordinates': [-87.654646873699, 41.779516037968]}",,,,,,,,,,
b0921fac28dd438525d45d4a91bc2a99a32de9eeb076b4f46b245a91e58617d38930f91a3017c608a252db19c6f6125d27997768ad7e9be21d1be5d58649a8f6,2025-07-29T16:05:00.000,30,NO CONTROLS,NO CONTROLS,CLEAR,DAYLIGHT,REAR END,DIVIDED - W/MEDIAN BARRIER,STRAIGHT AND LEVEL,DRY,NO DEFECTS,NOT ON SCENE (DESK REPORT),NO INJURY / DRIVE AWAY,,"OVER $1,500",2025-07-29T18:15:00.000,UNABLE TO DETERMINE,UNABLE TO DETERMINE,140,N,MICHIGAN AVE,111,2,NO INDICATION OF INJURY,0,0,0,0,0,5,0,16,3,7,41.8842200339,-87.62458859,"{'type': 'Point', 'coordinates': [-87.624588590033, 41.88422003391]}",,,,,,,,,,
f5e5dd5022f042bf36de7efdb587c131a84c1dca883ab3a29e4bc9ed04ab8eda480761611ac3f7c813c402bda0d50baf88dde06d3dd873e024b76a8e208fc59f,2025-07-29T16:03:00.000,25,NO CONTROLS,NO CONTROLS,UNKNOWN,DAYLIGHT,REAR END,DIVIDED - W/MEDIAN (NOT RAISED),STRAIGHT AND LEVEL,UNKNOWN,UNKNOWN,NOT ON SCENE (DESK REPORT),NO INJURY / DRIVE AWAY,,"OVER $1,500",2025-07-29T18:55:00.000,FOLLOWING TOO CLOSELY,FOLLOWING TOO CLOSELY,675,N,ST CLAIR ST,1834,2,NO INDICATION OF INJURY,0,0,0,0,0,2,0,16,3,7,41.8947847791,-87.6226058409,"{'type': 'Point', 'coordinates': [-87.622605840856, 41.894784779144]}",,,,,,,,,,
01634b99c93b025a898f9bcc2a4538d2111024aedae9b784d0555f77f4e567140db4d55d876a89cea99974c9aee72952faa79ef5efcbb76310b06aad0addbcce,2025-07-29T16:00:00.000,25,NO CONTROLS,NO CONTROLS,UNKNOWN,UNKNOWN,PARKED MOTOR VEHICLE,ONE-WAY,STRAIGHT AND LEVEL,UNKNOWN,UNKNOWN,,NO INJURY / DRIVE AWAY,,"OVER $1,500",2025-07-30T07:00:00.000,FAILING TO REDUCE SPEED TO AVOID CRASH,NOT APPLICABLE,5817,N,KENMORE AVE,2022,2,NO INDICATION OF INJURY,0,0,0,0,0,1,0,16,3,7,41.9878469582,-87.6565991826,"{'type': 'Point', 'coordinates': [-87.656599182629, 41.98784695816]}",,,Y,,Y,,,,,
156a9be6a8acfbdfc1580630291e696913010047a4875c70daaecf613b2219bfe3ca9c5d8488cf58bf6ad438852ee3287ece28e68ece628672d9125173cc3450,2025-07-29T16:00:00.000,30,NO CONTROLS,NO CONTROLS,CLEAR,DAYLIGHT,PARKED MOTOR VEHICLE,NOT DIVIDED,STRAIGHT AND LEVEL,DRY,NO DEFECTS,NOT ON SCENE (DESK REPORT),NO INJURY / DRIVE AWAY,,"$501 - $1,500",2025-07-30T17:12:00.000,IMPROPER OVERTAKING/PASSING,NOT APPLICABLE,3022,W,55TH ST,923,2,NO INDICATION OF INJURY,0,0,0,0,0,1,0,16,3,7,41.7936967478,-87.6996717022,"{'type': 'Point', 'coordinates': [-87.699671702236, 41.793696747755]}",,,Y,,Y,,,,,
15dc59369f83282b5aef115bd8e122793ff04232b5d96f0f38d627c0e169196fbfaa996e3430cdde8bdc97afacfb27286c904d3f2cce18f53a54c6c07c9b36bd,2025-07-29T16:00:00.000,30,NO CONTROLS,NO CONTROLS,CLEAR,DAYLIGHT,SIDESWIPE SAME DIRECTION,DIVIDED - W/MEDIAN BARRIER,STRAIGHT AND LEVEL,UNKNOWN,UNKNOWN,ON SCENE,NO INJURY / DRIVE AWAY,,"OVER $1,500",2025-07-29T23:08:00.000,UNABLE TO DETERMINE,UNABLE TO DETERMINE,111,S,WACKER DR,122,2,NO INDICATION OF INJURY,0,0,0,0,0,3,0,16,3,7,41.8803340992,-87.6365802377,"{'type': 'Point', 'coordinates': [-87.63658023772, 41.880334099207]}",,Y,,,Y,,,,,
33ce1ed82e91c3c56b3b9e8c50f07eb354823686acae4811c8535c5f3185ce5736fc406a7583c5b75c74642b26387d948122aa2f310b740dfe8bb773f5384c01,2025-07-29T16:00:00.000,30,NO CONTROLS,NO CONTROLS,CLEAR,DAYLIGHT,PEDESTRIAN,DIVIDED - W/MEDIAN (NOT RAISED),STRAIGHT AND LEVEL,DRY,NO DEFECTS,NOT ON SCENE (DESK REPORT),INJURY AND / OR TOW DUE TO CRASH,,"$501 - $1,500",2025-07-29T16:38:00.000,FAILING TO YIELD RIGHT-OF-WAY,DRIVING SKILLS/KNOWLEDGE/EXPERIENCE,4200,N,MARINE DR,1915,2,NONINCAPACITATING INJURY,1,0,0,1,0,1,0,16,3,7,41.9585506445,-87.6466261408,"{'type': 'Point', 'coordinates': [-87.646626140819, 41.958550644529]}",,,Y,,,,,,,
c8aa7e574633a3f1d8b84fbebe7754ec62a7108ac3e89815e242c6dbae95e301fff2d609b2f516ae32f059d525d68cbdbd25193eb8eeb168bc27783d2dedbbb2,2025-07-29T16:00:00.000,30,TRAFFIC SIGNAL,FUNCTIONING PROPERLY,CLEAR,DAYLIGHT,PEDALCYCLIST,DIVIDED - W/MEDIAN (NOT RAISED),STRAIGHT AND LEVEL,DRY,NO DEFECTS,ON SCENE,NO INJURY / DRIVE AWAY,,"OVER $1,500",2025-07-29T16:11:00.000,DISREGARDING TRAFFIC SIGNALS,UNABLE TO DETERMINE,1400,N,ASHLAND AVE,1433,2,NO INDICATION OF INJURY,0,0,0,0,0,2,0,16,3,7,41.9070344812,-87.6677379022,"{'type': 'Point', 'coordinates': [-87.667737902188, 41.907034481167]}",,,,,,,,,,
2b260b55f147a6dd62db48e2cc67619186f00cd3f546c91e6065790f164d59bc480d8bbcb20875621d217f0a972a7582e2832ec46320dbb1faf554a1b9815aa6,2025-07-29T15:50:00.000,30,TRAFFIC SIGNAL,FUNCTIONING PROPERLY,CLEAR,DAYLIGHT,REAR END,NOT DIVIDED,STRAIGHT AND LEVEL,DRY,NO DEFECTS,NOT ON SCENE (DESK REPORT),NO INJURY / DRIVE AWAY,,"$501 - $1,500",2025-07-29T17:43:00.000,FOLLOWING TOO CLOSELY,FOLLOWING TOO CLOSELY,1530,E,53RD ST,234,2,NO INDICATION OF INJURY,0,0,0,0,0,2,0,15,3,7,41.7996671229,-87.5878145238,"{'type': 'Point', 'coordinates': [-87.587814523782, 41.79966712287]}",,,,,,,,,,
49ceaae619c1ffbbed31baae0cce11dd2e4a3a382ca5567f6616790cb9af163b8e218800e8bb5e7a158883817c2a629ab95a67b5164a76c8edcd1d25b6a9b5be,2025-07-29T15:50:00.000,30,UNKNOWN,UNKNOWN,CLEAR,DAYLIGHT,SIDESWIPE SAME DIRECTION,DIVIDED - W/MEDIAN BARRIER,STRAIGHT AND LEVEL,UNKNOWN,UNKNOWN,NOT ON SCENE (DESK REPORT),NO INJURY / DRIVE AWAY,,"OVER $1,500",2025-07-29T17:50:00.000,UNABLE TO DETERMINE,UNABLE TO DETERMINE,111,S,WACKER DR,122,2,NO INDICATION OF INJURY,0,0,0,0,0,2,0,15,3,7,41.8803340992,-87.6365802377,"{'type': 'Point', 'coordinates': [-87.63658023772, 41.880334099207]}",,,,,,,,,,
97924837d7f94b21ec6453e34f244704eaa4d6c96102677c1c871c2837601eb9ba942b6a7b836995035118daa555475578930b6c4a572d8ba9c438989f319436,2025-07-29T15:50:00.000,35,NO CONTROLS,NO CONTROLS,CLEAR,DAYLIGHT,ANGLE,NOT DIVIDED,STRAIGHT AND LEVEL,DRY,NO DEFECTS,NOT ON SCENE (DESK REPORT),NO INJURY / DRIVE AWAY,,"$501 - $1,500",2025-07-30T13:05:00.000,UNABLE TO DETERMINE,NOT APPLICABLE,7163,N,OTTAWA AVE,1611,2,NO INDICATION OF INJURY,0,0,0,0,0,2,0,15,3,7,42.011279596,-87.8174031303,"{'type': 'Point', 'coordinates': [-87.817403130333, 42.011279596033]}",,,,,,,,,,
38c2cced2e1984fdfe41d89b2eeaf0f10f4f976622679dc0126e04d3efb7f818ec7b20832cae988d311674065a1f0a04f652bf7353c1ff5bb4ade5ff3bbbee19,2025-07-29T15:47:00.000,30,NO CONTROLS,NO CONTROLS,CLEAR,DAYLIGHT,PARKED MOTOR VEHICLE,NOT DIVIDED,STRAIGHT AND LEVEL,DRY,NO DEFECTS,NOT ON SCENE (DESK REPORT),NO INJURY / DRIVE AWAY,,"OVER $1,500",2025-07-29T16:25:00.000,FAILING TO REDUCE SPEED TO AVOID CRASH,NOT APPLICABLE,3538,W,BELMONT AVE,1732,2,NO INDICATION OF INJURY,0,0,0,0,0,2,0,15,3,7,41.9393360963,-87.7165543995,"{'type': 'Point', 'coordinates': [-87.716554399528, 41.939336096319]}",,,,,,,,,,
0235682f207864f1accfcd0c093c528cbe061bcb3ea0872df0789c3042060efefebbfa7c182933af4d289f9210ec23286aff1dccc3a98a34b070b7f21d3bb26e,2025-07-29T15:45:00.000,30,STOP SIGN/FLASHER,FUNCTIONING PROPERLY,CLEAR,DAYLIGHT,REAR TO FRONT,NOT DIVIDED,STRAIGHT AND LEVEL,DRY,NO DEFECTS,NOT ON SCENE (DESK REPORT),NO INJURY / DRIVE AWAY,,"OVER $1,500",2025-07-29T17:00:00.000,UNABLE TO DETERMINE,NOT APPLICABLE,4002,N,LOCKWOOD AVE,1624,2,NO INDICATION OF INJURY,0,0,0,0,0,2,0,15,3,7,41.9533728388,-87.7597610947,"{'type': 'Point', 'coordinates': [-87.759761094747, 41.9533728388]}",,,,,,,,,,
74fe7f754c8cbd316fcdf463536e04388e6adb3c49a078fbaf90e9f407e3ceb225f68b2b6d80f047a822480e914c55bf1c4301fe67a340e48ad0f44572d9f9fc,2025-07-29T15:45:00.000,20,NO CONTROLS,NO CONTROLS,CLEAR,DAYLIGHT,PARKED MOTOR VEHICLE,ONE-WAY,STRAIGHT AND LEVEL,DRY,NO DEFECTS,NOT ON SCENE (DESK REPORT),NO INJURY / DRIVE AWAY,,$500 OR LESS,2025-07-29T15:45:00.000,UNABLE TO DETERMINE,NOT APPLICABLE,2542,N,NORDICA AVE,2512,2,NO INDICATION OF INJURY,0,0,0,0,0,1,0,15,3,7,41.9266251901,-87.802823577,"{'type': 'Point', 'coordinates': [-87.802823577036, 41.926625190051]}",,,,,,,,,,
670914f8ac6fbe9f32cafb554eccc4c01a9ecfd32f6df73de7884c182de73c064d98c62ae9cfb65b944db484901be2971995bc1a07691ad13c78d61e422e1fa6,2025-07-29T15:40:00.000,30,TRAFFIC SIGNAL,NO CONTROLS,CLEAR,DAYLIGHT,REAR END,T-INTERSECTION,STRAIGHT AND LEVEL,DRY,NO DEFECTS,NOT ON SCENE (DESK REPORT),NO INJURY / DRIVE AWAY,Y,"OVER $1,500",2025-07-29T16:30:00.000,FOLLOWING TOO CLOSELY,UNABLE TO DETERMINE,1535,W,MADISON ST,1224,2,NO INDICATION OF INJURY,0,0,0,0,0,2,0,15,3,7,41.8813532144,-87.6659159393,"{'type': 'Point', 'coordinates': [-87.6659159393, 41.88135321436]}",,,,,,,,,,
7808e64ebb931434ab8a64681e65a406ed5a9811b3d8828c1c211bea29c6970eb1760a4f967aab7710426f6485fd9ada5b7d317dff8041176af7d5009da0922c,2025-07-29T15:40:00.000,30,NO CONTROLS,NO CONTROLS,CLEAR,DAYLIGHT,SIDESWIPE SAME DIRECTION,NOT DIVIDED,STRAIGHT AND LEVEL,DRY,NO DEFECTS,NOT ON SCENE (DESK REPORT),NO INJURY / DRIVE AWAY,,"OVER $1,500",2025-07-31T11:32:00.000,FAILING TO YIELD RIGHT-OF-WAY,FAILING TO YIELD RIGHT-OF-WAY,4929,S,WESTERN BLVD,931,2,NO INDICATION OF INJURY,0,0,0,0,0,2,0,15,3,7,41.8038225158,-87.6835839322,"{'type': 'Point', 'coordinates': [-87.683583932183, 41.803822515795]}",,,,,,,,,,
aa6f59c844f484809d52196f189d48cc1d8ac9066918de3a83fa5837161832432af25164156c55d3dc9b12a71e69818f23e2a556efa988800c69db338dfc4ceb,2025-07-29T15:40:00.000,30,NO CONTROLS,NO CONTROLS,CLEAR,DAYLIGHT,REAR END,ONE-WAY,STRAIGHT AND LEVEL,DRY,NO DEFECTS,NOT ON SCENE (DESK REPORT),NO INJURY / DRIVE AWAY,,"OVER $1,500",2025-07-29T16:27:00.000,UNABLE TO DETERMINE,NOT APPLICABLE,355,E,ERIE ST,1834,2,NO INDICATION OF INJURY,0,0,0,0,0,3,0,15,3,7,41.8941336002,-87.6181791496,"{'type': 'Point', 'coordinates': [-87.61817914958, 41.894133600184]}",,,,,,,,,,
a7a39de99b210f1d58a05f3bf48e44a557ef1391f469a8c70bbef74887367b711fb35f30615f9c7d8338b94a75df8914fd330dabb19d731f9ad2e828400f4426,2025-07-29T15:35:00.000,30,STOP SIGN/FLASHER,OTHER,CLEAR,DAYLIGHT,OTHER NONCOLLISION,FOUR WAY,STRAIGHT AND LEVEL,DRY,NO DEFECTS,NOT ON SCENE (DESK REPORT),NO INJURY / DRIVE AWAY,,"$501 - $1,500",2025-07-29T16:15:00.000,WEATHER,UNABLE TO DETERMINE,2225,W,68TH ST,832,1,NO INDICATION OF INJURY,0,0,0,0,0,1,0,15,3,7,41.7700803915,-87.6795941128,"{'type': 'Point', 'coordinates': [-87.679594112843, 41.770080391524]}",,,,,,,,,,
c6f83e491b94eec0e392236f3492ff8447e7f09b8e5f909ca563161eae02925e96b6ac103806e7dbd06f3c6bc5f925b02218c1d3303710e656043b29fbda04ee,2025-07-29T15:35:00.000,30,NO CONTROLS,NO CONTROLS,CLEAR,DAYLIGHT,SIDESWIPE SAME DIRECTION,NOT DIVIDED,STRAIGHT AND LEVEL,DRY,NO DEFECTS,NOT ON SCENE (DESK REPORT),NO INJURY / DRIVE AWAY,,"$501 - $1,500",2025-07-29T17:01:00.000,IMPROPER OVERTAKING/PASSING,NOT APPLICABLE,8400,S,KEDZIE AVE,834,2,NO INDICATION OF INJURY,0,0,0,0,0,3,0,15,3,7,41.7406207923,-87.7022911781,"{'type': 'Point', 'coordinates': [-87.702291178055, 41.740620792259]}",,,,,,,,,,
1cfd23bf6df8ce98a03741b21b585631069faa7bbd5f100d4b177ff69f5641f8aeb2422a96a0cb9e13e53d966f5176648ea0d84bdbf0526a1347a4b6bba068b4,2025-07-29T15:30:00.000,30,NO CONTROLS,NO CONTROLS,CLEAR,DAYLIGHT,TURNING,DIVIDED - W/MEDIAN (NOT RAISED),STRAIGHT AND LEVEL,DRY,NO DEFECTS,NOT ON SCENE (DESK REPORT),NO INJURY / DRIVE AWAY,,"OVER $1,500",2025-07-29T17:19:00.000,FAILING TO YIELD RIGHT-OF-WAY,IMPROPER LANE USAGE,5123,S,PULASKI RD,822,2,NO INDICATION OF INJURY,0,0,0,0,0,2,0,15,3,7,41.7997314643,-87.7232013967,"{'type': 'Point', 'coordinates': [-87.723201396745, 41.799731464283]}",,,,,,,,,,
4ab197b27f6bee6e5497c57b1b0ea6b3ebd61890580857928063e6820290e79efc5666d34c3623cb4d05d05e837ef15be685c771e27ac50c45714a49989d53d3,2025-07-29T15:30:00.000,30,UNKNOWN,UNKNOWN,CLEAR,DAYLIGHT,SIDESWIPE SAME DIRECTION,NOT DIVIDED,STRAIGHT AND LEVEL,UNKNOWN,UNKNOWN,NOT ON SCENE (DESK REPORT),NO INJURY / DRIVE AWAY,,"OVER $1,500",2025-07-29T16:28:00.000,UNABLE TO DETERMINE,UNABLE TO DETERMINE,193,W,NORTH AVE,1821,2,NO INDICATION OF INJURY,0,0,0,0,0,2,0,15,3,7,41.9110516857,-87.6346327367,"{'type': 'Point', 'coordinates': [-87.634632736697, 41.911051685744]}",,,,,,,,,,
c5227ddf3ae52b5582c76e6845e4f3c031524d7e0730690ae8e59d67094be68ed23614aa953ab1fd5fe515bc72f0c71f6cf4fad8c99d22bdf9e486d8e893b024,2025-07-29T15:30:00.000,35,NO CONTROLS,NO CONTROLS,CLEAR,DAYLIGHT,SIDESWIPE SAME DIRECTION,NOT DIVIDED,STRAIGHT AND LEVEL,DRY,NO DEFECTS,,NO INJURY / DRIVE AWAY,,"$501 - $1,500",2025-07-31T15:35:00.000,UNABLE TO DETERMINE,NOT APPLICABLE,6769,N,CALDWELL AVE,1621,2,NO INDICATION OF INJURY,0,0,0,0,0,2,0,15,3,7,42.0039512509,-87.7806986242,"{'type': 'Point', 'coordinates': [-87.780698624233, 42.003951250898]}",,,,,,,,,,
51be35201e8ad3b7f1599ee9c45866643279bb6117968988911c21ebb65f1f2c3dd9be4519f11f7e9fb350d7960157acfc813da6332705cf097ad6f54091e23e,2025-07-29T15:20:00.000,30,NO CONTROLS,NO CONTROLS,CLEAR,DAYLIGHT,SIDESWIPE SAME DIRECTION,ONE-WAY,STRAIGHT AND LEVEL,DRY,NO DEFECTS,NOT ON SCENE (DESK REPORT),NO INJURY / DRIVE AWAY,,"OVER $1,500",2025-07-29T17:00:00.000,IMPROPER OVERTAKING/PASSING,NOT APPLICABLE,1130,E,MIDWAY PLAISANCE,235,2,NO INDICATION OF INJURY,0,0,0,0,0,2,0,15,3,7,41.7873221299,-87.5983332876,"{'type': 'Point', 'coordinates': [-87.598333287609, 41.787322129945]}",,,,,,,,,,
7193f64b0bdbff29feae204440df735ff49607fa88d1ec8822988ff4361630346d2541b2e289fa907dbe9dd493e820dbe54a3bdad890b6e5a2886a0db702a174,2025-07-29T15:20:00.000,20,NO CONTROLS,NO CONTROLS,CLEAR,DAYLIGHT,REAR END,DIVIDED - W/MEDIAN (NOT RAISED),STRAIGHT AND LEVEL,DRY,UNKNOWN,NOT ON SCENE (DESK REPORT),NO INJURY / DRIVE AWAY,,"OVER $1,500",2025-07-29T15:38:00.000,FOLLOWING TOO CLOSELY,NOT APPLICABLE,2046,W,FOSTER AVE,2012,2,NO INDICATION OF INJURY,0,0,0,0,0,3,0,15,3,7,41.9761132113,-87.6812708033,"{'type': 'Point', 'coordinates': [-87.68127080331, 41.976113211263]}",,,Y,,,,,,,