crash_record_id,crash_date,posted_speed_limit,traffic_control_device,device_condition,weather_condition,lighting_condition,first_crash_type,trafficway_type,alignment,roadway_surface_cond,road_defect,report_type,crash_type,intersection_related_i,damage,date_police_notified,prim_contributory_cause,sec_contributory_cause,street_no,street_direction,street_name,beat_of_occurrence,num_units,most_severe_injury,injuries_total,injuries_fatal,injuries_incapacitating,injuries_non_incapacitating,injuries_reported_not_evident,injuries_no_indication,injuries_unknown,crash_hour,crash_day_of_week,crash_month,latitude,longitude,location,private_property_i,photos_taken_i,hit_and_run_i,statements_taken_i,crash_date_est_i,work_zone_i,work_zone_type,dooring_i,lane_cnt,workers_present_i
27e8a51d12e7b0acea33aa00ccb3032580e861424cf20c250a489e4430d3dc27bca867611c86afc2379bc2f1c44e32705296b05075d6fdddfa9b8159a5b41ae6,2025-07-29T15:10:00.000,30,NO CONTROLS,NO CONTROLS,CLEAR,DAYLIGHT,TURNING,NOT DIVIDED,STRAIGHT AND LEVEL,DRY,NO DEFECTS,ON SCENE,NO INJURY / DRIVE AWAY,,"OVER $1,500",2025-07-29T15:30:00.000,DRIVING SKILLS/KNOWLEDGE/EXPERIENCE,FAILING TO REDUCE SPEED TO AVOID CRASH,4221,W,MADISON ST,1115,2,NO INDICATION OF INJURY,0,0,0,0,0,2,0,15,3,7,41.8805469803,-87.7314553517,"{'type': 'Point', 'coordinates': [-87.731455351655, 41.880546980325]}",,,,,,,,,,
504c87f9d619767f73a30dfc2adc408b3ffff747144e7de087cc3f119384cf713f2db400b6810c19da3d35679683de0b0c179fdb56b72ea0886ad5ed578b9d5f,2025-07-29T15:09:00.000,25,TRAFFIC SIGNAL,FUNCTIONING PROPERLY,CLEAR,DAYLIGHT,TURNING,DIVIDED - W/MEDIAN (NOT RAISED),STRAIGHT AND LEVEL,DRY,NO DEFECTS,NOT ON SCENE (DESK REPORT),NO INJURY / DRIVE AWAY,,"$501 - $1,500",2025-07-29T16:01:00.000,NOT APPLICABLE,NOT APPLICABLE,3155,W,DIVERSEY AVE,1411,2,NO INDICATION OF INJURY,0,0,0,0,0,2,0,15,3,7,41.931918413,-87.7072096367,"{'type': 'Point', 'coordinates': [-87.707209636654, 41.931918413027]}",,,,,,,,,,
3eda4948d41fb0f55e0a3327b58679ea72b33f4aa4f67ae1da924667ce5982d42394ea9179f3cc2aea552883495b4ee43bc206eb0cf15abb2b496413c78217cd,2025-07-29T15:05:00.000,30,NO CONTROLS,NO CONTROLS,CLEAR,DAYLIGHT,REAR END,NOT DIVIDED,STRAIGHT AND LEVEL,DRY,NO DEFECTS,ON SCENE,INJURY AND / OR TOW DUE TO CRASH,,"OVER $1,500",2025-07-29T15:11:00.000,FOLLOWING TOO CLOSELY,NOT APPLICABLE,7320,S,WESTERN AVE,835,2,"REPORTED, NOT EVIDENT",1,0,0,0,1,1,0,15,3,7,41.7603947469,-87.683281862,"{'type': 'Point', 'coordinates': [-87.683281862034, 41.760394746881]}",,,,,,,,,,
17e062a5fee28ec10ba8fb836208c74449ef882b36fa6158db25f63c499b3d2967b71b25cdbc1d75f270793ccad75692d5fff1c469a452ee8eb5271089422a30,2025-07-29T15:00:00.000,40,NO CONTROLS,NO CONTROLS,CLEAR,DAYLIGHT,REAR END,DIVIDED - W/MEDIAN BARRIER,STRAIGHT ON GRADE,DRY,NO DEFECTS,NOT ON SCENE (DESK REPORT),NO INJURY / DRIVE AWAY,,"OVER $1,500",2025-07-30T08:35:00.000,FOLLOWING TOO CLOSELY,NOT APPLICABLE,50,S,LAKE SHORE DR SB,114,2,NO INDICATION OF INJURY,0,0,0,0,0,2,0,15,3,7,41.8813145641,-87.6176292132,"{'type': 'Point', 'coordinates': [-87.617629213183, 41.881314564097]}",,,,,,,,,,
24c416a59f6ab0022a94f06f868df080baddab82848aa73de9495f1ea52cc246fa98700eb190266052aa2f84d444d9c2d386bebfbe0002defee7735fa1504753,2025-07-29T15:00:00.000,30,TRAFFIC SIGNAL,NO CONTROLS,CLEAR,DAYLIGHT,TURNING,NOT DIVIDED,STRAIGHT AND LEVEL,DRY,NO DEFECTS,NOT ON SCENE (DESK REPORT),NO INJURY / DRIVE AWAY,,$500 OR LESS,2025-07-31T14:10:00.000,FOLLOWING TOO CLOSELY,NOT APPLICABLE,5600,W,FULLERTON AVE,2515,2,NO INDICATION OF INJURY,0,0,0,0,0,2,0,15,3,7,41.9240901988,-87.7660535302,"{'type': 'Point', 'coordinates': [-87.766053530161, 41.924090198835]}",,,,,,,,,,
2f855ffcc0ded30b2e82b46f33e0af16fe59ea47237f45b6263e6c98bdf53138318c3f264ac112d042e4566d5823eaacc2ed83f50e7784a7b369ce618ad6480e,2025-07-29T15:00:00.000,30,STOP SIGN/FLASHER,FUNCTIONING PROPERLY,CLEAR,DAYLIGHT,PARKED MOTOR VEHICLE,NOT DIVIDED,STRAIGHT AND LEVEL,DRY,NO DEFECTS,NOT ON SCENE (DESK REPORT),NO INJURY / DRIVE AWAY,,"OVER $1,500",2025-07-29T19:55:00.000,FAILING TO YIELD RIGHT-OF-WAY,FAILING TO YIELD RIGHT-OF-WAY,6398,N,CLAREMONT AVE,2413,2,NO INDICATION OF INJURY,0,0,0,0,0,1,0,15,3,7,41.9976568419,-87.6888070196,"{'type': 'Point', 'coordinates': [-87.68880701956, 41.997656841886]}",,,,,,,,,,
851c92e4e3df9a92b8829d90b1f10103499c3b1d903a3829133001cc70f053721617cd846998dff86141847529aed19a10de3cca5ee8ac927782595476748ec6,2025-07-29T15:00:00.000,30,UNKNOWN,UNKNOWN,CLEAR,DAYLIGHT,REAR END,NOT DIVIDED,STRAIGHT AND LEVEL,DRY,UNKNOWN,NOT ON SCENE (DESK REPORT),NO INJURY / DRIVE AWAY,,"OVER $1,500",2025-07-29T15:50:00.000,UNABLE TO DETERMINE,UNABLE TO DETERMINE,354,W,HUBBARD ST,1831,2,NO INDICATION OF INJURY,0,0,0,0,0,2,0,15,3,7,41.8900449575,-87.6376280638,"{'type': 'Point', 'coordinates': [-87.637628063766, 41.89004495754]}",,,,,,,,,,
ad3f40f9ade27fbc813f082e0dc8abeb608389eb169b7f6916a228514762856beef6f6799f36db4ac4135caba01a50604440cf05926d21178272d1dd8a0bc62d,2025-07-29T15:00:00.000,10,NO CONTROLS,NO CONTROLS,CLEAR,DAYLIGHT,PARKED MOTOR VEHICLE,PARKING LOT,STRAIGHT AND LEVEL,DRY,NO DEFECTS,NOT ON SCENE (DESK REPORT),NO INJURY / DRIVE AWAY,,$500 OR LESS,2025-07-30T10:00:00.000,IMPROPER OVERTAKING/PASSING,NOT APPLICABLE,641,E,35TH ST,212,2,NO INDICATION OF INJURY,0,0,0,0,0,1,0,15,3,7,41.8310919537,-87.6090571702,"{'type': 'Point', 'coordinates': [-87.609057170246, 41.831091953714]}",,,,,,,,,,
c74e3854cc657a071430a7898996663a281789673b384592d453ba08b98611e2a43972bb61b347a16387df5d573accf9f8238359bfa8881eac21c0e2c5403992,2025-07-29T15:00:00.000,20,NO CONTROLS,NO CONTROLS,CLEAR,DAYLIGHT,SIDESWIPE SAME DIRECTION,NOT DIVIDED,STRAIGHT AND LEVEL,DRY,UNKNOWN,NOT ON SCENE (DESK REPORT),NO INJURY / DRIVE AWAY,,"OVER $1,500",2025-07-29T18:08:00.000,IMPROPER OVERTAKING/PASSING,UNABLE TO DETERMINE,1263,W,PRATT BLVD,2432,2,NO INDICATION OF INJURY,0,0,0,0,0,3,0,15,3,7,42.0053890171,-87.6634299344,"{'type': 'Point', 'coordinates': [-87.66342993443, 42.005389017066]}",,,Y,,,,,,,
d097087045f92a3723073d58991a6ddec616b390413b2d2e99946641c1ff69541b37f40153fa3ee9931624834c01a9f15557c2439c931774cba4823631452922,2025-07-29T15:00:00.000,30,NO CONTROLS,NO CONTROLS,CLEAR,DAYLIGHT,TURNING,NOT DIVIDED,STRAIGHT AND LEVEL,DRY,NO DEFECTS,NOT ON SCENE (DESK REPORT),NO INJURY / DRIVE AWAY,,"OVER $1,500",2025-07-29T15:25:00.000,UNABLE TO DETERMINE,NOT APPLICABLE,2004,W,OGDEN AVE,1225,2,NO INDICATION OF INJURY,0,0,0,0,0,2,0,15,3,7,41.8727204441,-87.6766604088,"{'type': 'Point', 'coordinates': [-87.676660408779, 41.872720444055]}",,,,,,,,,,
f7066f6ab3eb4953a7d324e1287551e1a360c788ea958ca137fa2ce7fed41d7571d394c99f8644d0dac3be1c7f6fd385aa996533fdb3382b8eb3bd168e744740,2025-07-29T15:00:00.000,35,TRAFFIC SIGNAL,FUNCTIONING PROPERLY,CLEAR,DAYLIGHT,REAR END,FOUR WAY,STRAIGHT AND LEVEL,DRY,NO DEFECTS,NOT ON SCENE (DESK REPORT),NO INJURY / DRIVE AWAY,Y,"OVER $1,500",2025-08-08T21:00:00.000,FOLLOWING TOO CLOSELY,UNABLE TO DETERMINE,2057,W,TOUHY AVE,2424,2,NO INDICATION OF INJURY,0,0,0,0,0,2,0,15,3,7,42.0123948679,-87.6821761394,"{'type': 'Point', 'coordinates': [-87.682176139409, 42.012394867932]}",,,,,,,,,,
c56c07ef903fd2ede8e5f2dd024efef58d4c081d22b99365502bbe3923eb935c5d36021be6dd91adb8402fc413ce085a0128e039262f38debc19738ca01df40b,2025-07-29T14:58:00.000,30,STOP SIGN/FLASHER,FUNCTIONING PROPERLY,CLEAR,DAYLIGHT,SIDESWIPE SAME DIRECTION,NOT DIVIDED,STRAIGHT AND LEVEL,DRY,UNKNOWN,NOT ON SCENE (DESK REPORT),NO INJURY / DRIVE AWAY,,"OVER $1,500",2025-07-29T18:45:00.000,UNABLE TO DETERMINE,NOT APPLICABLE,4701,W,GRAND AVE,2533,2,NO INDICATION OF INJURY,0,0,0,0,0,2,0,14,3,7,41.9128855211,-87.7436996189,"{'type': 'Point', 'coordinates': [-87.743699618945, 41.912885521124]}",,,,,,,,,,
00760f42c69c44ee6a66b7cb8895ef5253327c9a2656e592bd8635c9c14edf1be5fdb81746e7333aaec587f80e36ccfbb425b001bcdea143a17d0ff335c31e93,2025-07-29T14:51:00.000,30,TRAFFIC SIGNAL,FUNCTIONING PROPERLY,CLEAR,DAYLIGHT,REAR END,FOUR WAY,STRAIGHT AND LEVEL,DRY,NO DEFECTS,NOT ON SCENE (DESK REPORT),NO INJURY / DRIVE AWAY,Y,"OVER $1,500",2025-07-29T15:47:00.000,FAILING TO REDUCE SPEED TO AVOID CRASH,UNABLE TO DETERMINE,1220,W,DIVISION ST,1433,3,NO INDICATION OF INJURY,0,0,0,0,0,8,0,14,3,7,41.9036084222,-87.6582299091,"{'type': 'Point', 'coordinates': [-87.658229909088, 41.903608422194]}",,,,,,,,,,
69b4825e34c4bf65d181c4732c11fc0709078467a8ff7facad20957beb2490467f280aabfa032750ed50c216d88cfd24d327a5ccb39f9f04026b5ecb5fffd444,2025-07-29T14:48:00.000,30,NO CONTROLS,NO CONTROLS,CLEAR,DAYLIGHT,TURNING,NOT DIVIDED,STRAIGHT AND LEVEL,DRY,NO DEFECTS,ON SCENE,NO INJURY / DRIVE AWAY,,"$501 - $1,500",2025-07-29T14:48:00.000,IMPROPER TURNING/NO SIGNAL,IMPROPER TURNING/NO SIGNAL,2100,W,IRVING PARK RD,1911,2,NO INDICATION OF INJURY,0,0,0,0,0,2,0,14,3,7,41.9542296409,-87.6812468061,"{'type': 'Point', 'coordinates': [-87.681246806111, 41.954229640918]}",,,,,,,,,,
c496b94d5d43f90c35cfb93bfd559a690bfd95981dbfe5db5433dd63f5ce73e5cbe241ba2197b6e493141185e532a23588c4ff4e21496ae6745573ddd762fb45,2025-07-29T14:45:00.000,30,TRAFFIC SIGNAL,NO CONTROLS,CLEAR,DAYLIGHT,SIDESWIPE SAME DIRECTION,FOUR WAY,STRAIGHT AND LEVEL,DRY,NO DEFECTS,,NO INJURY / DRIVE AWAY,Y,"OVER $1,500",2025-07-29T15:40:00.000,UNABLE TO DETERMINE,NOT APPLICABLE,2358,W,87TH ST,614,2,NO INDICATION OF INJURY,0,0,0,0,0,2,0,14,3,7,41.7356384439,-87.682405788,"{'type': 'Point', 'coordinates': [-87.682405788023, 41.735638443917]}",,,,,,,,,,
e92b6a0d63b15c920080d0de53e82d0815df7b5eeba94e08e2e7870706a19f57e472d20e926ea102ae19ea34e03f96d427d01248de4da5e46e1d0e7c6837e9f1,2025-07-29T14:45:00.000,30,NO CONTROLS,NO CONTROLS,CLEAR,DAYLIGHT,SIDESWIPE SAME DIRECTION,DIVIDED - W/MEDIAN (NOT RAISED),STRAIGHT AND LEVEL,UNKNOWN,UNKNOWN,NOT ON SCENE (DESK REPORT),NO INJURY / DRIVE AWAY,,"OVER $1,500",2025-07-29T15:52:00.000,DRIVING SKILLS/KNOWLEDGE/EXPERIENCE,IMPROPER LANE USAGE,7016,N,WESTERN AVE,2411,2,NO INDICATION OF INJURY,0,0,0,0,0,2,0,14,3,7,42.0091614091,-87.6903209759,"{'type': 'Point', 'coordinates': [-87.690320975857, 42.009161409131]}",,,,,,,,,,
ea943a7c49bef836b814c43942c51b6fae9d68df8e90df30426a26176752c3c66932fe0e94ddef4aa36584a7110e2c41e2050dd2f0f0b705c290951001f87045,2025-07-29T14:45:00.000,30,NO CONTROLS,NO CONTROLS,CLEAR,DAWN,SIDESWIPE SAME DIRECTION,DIVIDED - W/MEDIAN (NOT RAISED),STRAIGHT AND LEVEL,DRY,UNKNOWN,NOT ON SCENE (DESK REPORT),NO INJURY / DRIVE AWAY,,"OVER $1,500",2025-07-29T16:10:00.000,IMPROPER OVERTAKING/PASSING,FOLLOWING TOO CLOSELY,5150,N,CENTRAL AVE,1622,2,NO INDICATION OF INJURY,0,0,0,0,0,3,0,14,3,7,41.9750146774,-87.7686408584,"{'type': 'Point', 'coordinates': [-87.768640858408, 41.975014677433]}",,,,,,,,,,
3bf8e245289645b2d09c4934112a18e540f0f4e839922e4ebfdb64f371613935b2574019beff0cf90e8d5a08d967af322ff8dc1dc3e029ca96709cda67fa1385,2025-07-29T14:44:00.000,30,NO CONTROLS,NO CONTROLS,CLEAR,DAYLIGHT,REAR TO SIDE,PARKING LOT,STRAIGHT AND LEVEL,DRY,UNKNOWN,ON SCENE,NO INJURY / DRIVE AWAY,,"OVER $1,500",2025-07-29T14:44:00.000,IMPROPER BACKING,NOT APPLICABLE,4234,N,KEDZIE AVE,1724,2,NO INDICATION OF INJURY,0,0,0,0,0,3,0,14,3,7,41.9585967247,-87.7083095759,"{'type': 'Point', 'coordinates': [-87.708309575895, 41.958596724683]}",Y,N,,,,,,,,
a0c1bf7b7d886959763eca3424fea2d672f10cd01619644fe3d11075d0a56d1a573ea8e16591d7cced2fe843d7554d0434e464a03eb74972b25fc4ee428df1d5,2025-07-29T14:43:00.000,30,NO CONTROLS,NO CONTROLS,CLEAR,DAYLIGHT,REAR END,NOT DIVIDED,STRAIGHT ON HILLCREST,DRY,NO DEFECTS,ON SCENE,INJURY AND / OR TOW DUE TO CRASH,,"OVER $1,500",2025-07-29T14:44:00.000,EQUIPMENT - VEHICLE CONDITION,NOT APPLICABLE,4500,W,31ST ST OVERPASS,1031,4,NONINCAPACITATING INJURY,5,0,0,5,0,1,0,14,3,7,41.8368571952,-87.7366445705,"{'type': 'Point', 'coordinates': [-87.73664457047, 41.836857195203]}",,,,,,,,,,
15f186b162e6a14ea838dcd90d58cca7ffd4f34635a8c92f5350cea7fb3a688e6fc7a0c80426f3f18fe35524e11cfa44087608ea1b12218b72f384e13e46da2c,2025-07-29T14:40:00.000,30,NO CONTROLS,NO CONTROLS,CLEAR,DAYLIGHT,PARKED MOTOR VEHICLE,PARKING LOT,STRAIGHT AND LEVEL,DRY,NO DEFECTS,NOT ON SCENE (DESK REPORT),NO INJURY / DRIVE AWAY,,"OVER $1,500",2025-07-30T15:00:00.000,UNABLE TO DETERMINE,NOT APPLICABLE,5501,S,PULASKI RD,822,2,NO INDICATION OF INJURY,0,0,0,0,0,1,0,14,3,7,41.7931614864,-87.7230105275,"{'type': 'Point', 'coordinates': [-87.723010527492, 41.793161486356]}",,,Y,,,,,,,
4eda4f8edf31a2a11549affc9bc09f088b1ae28fe7171ba8e56e9eeca138a846c56f57a7659294ffa954b68d3f50d7390e1a0b04cc6fa72e401236790f41af91,2025-07-29T14:40:00.000,35,TRAFFIC SIGNAL,FUNCTIONING PROPERLY,CLEAR,DAYLIGHT,ANGLE,DIVIDED - W/MEDIAN BARRIER,STRAIGHT AND LEVEL,DRY,NO DEFECTS,ON SCENE,INJURY AND / OR TOW DUE TO CRASH,Y,"OVER $1,500",2025-07-29T14:43:00.000,DISREGARDING TRAFFIC SIGNALS,FAILING TO REDUCE SPEED TO AVOID CRASH,3700,W,79TH ST,833,2,NO INDICATION OF INJURY,0,0,0,0,0,3,0,14,3,7,41.7497993593,-87.7141392517,"{'type': 'Point', 'coordinates': [-87.714139251663, 41.749799359339]}",,,Y,,,,,,,
e3e14f86bd5c6f511d3252577cadb28510bf3bab6417da3c801640f0231a1389b0716948e0973690a04eb3369094bb705fc8c5e8f37c0f7553194b80fb55c913,2025-07-29T14:38:00.000,25,NO CONTROLS,NO CONTROLS,CLEAR,DAYLIGHT,REAR END,NOT DIVIDED,STRAIGHT AND LEVEL,DRY,NO DEFECTS,NOT ON SCENE (DESK REPORT),NO INJURY / DRIVE AWAY,,"OVER $1,500",2025-07-29T17:09:00.000,UNABLE TO DETERMINE,UNABLE TO DETERMINE,4900,W,ROOSEVELT RD,1533,2,NO INDICATION OF INJURY,0,0,0,0,0,2,0,14,3,7,41.8659710812,-87.7472603181,"{'type': 'Point', 'coordinates': [-87.747260318056, 41.865971081217]}",,,Y,,,,,,,
2f78da4f3074cdbec97127a2cae8449b5a1f34189b79e51df12ac326144fed1b829087b503c1482dfde558221cacc75e65900fe84f0a7ec5489eae6fbe4f5e4a,2025-07-29T14:36:00.000,30,NO CONTROLS,NO CONTROLS,CLEAR,DAYLIGHT,REAR END,DIVIDED - W/MEDIAN (NOT RAISED),STRAIGHT AND LEVEL,DRY,NO DEFECTS,NOT ON SCENE (DESK REPORT),NO INJURY / DRIVE AWAY,,"$501 - $1,500",2025-07-29T16:13:00.000,FOLLOWING TOO CLOSELY,NOT APPLICABLE,6311,S,WESTERN AVE,825,2,NO INDICATION OF INJURY,0,0,0,0,0,2,0,14,3,7,41.7788280852,-87.6834822404,"{'type': 'Point', 'coordinates': [-87.68348224041, 41.778828085161]}",,,,,,,,,,
5af0e1878f390abc99b895c37bce18d63ef3f3eba4d809fc327d44861d1bcf5f316227215f169bb19db0191574ad6f5419de327e78f2352e6de8cb6010c184b1,2025-07-29T14:36:00.000,30,TRAFFIC SIGNAL,FUNCTIONING PROPERLY,CLEAR,DAYLIGHT,ANGLE,NOT DIVIDED,STRAIGHT AND LEVEL,DRY,NO DEFECTS,ON SCENE,NO INJURY / DRIVE AWAY,,$500 OR LESS,2025-07-29T14:37:00.000,FAILING TO YIELD RIGHT-OF-WAY,FAILING TO YIELD RIGHT-OF-WAY,100,E,24TH PL,132,2,NO INDICATION OF INJURY,0,0,0,0,0,2,0,14,3,7,41.8485366525,-87.6236317842,"{'type': 'Point', 'coordinates': [-87.623631784223, 41.848536652451]}",,,Y,,,,,,,
7abdc57d7780e988f73b209b2ec109d870220542f51ee9d578c3106595e1fa2801c90772240e18a8927f394f8f4978d1545ddf04e747d47e7936bd9114841d70,2025-07-29T14:36:00.000,25,STOP SIGN/FLASHER,UNKNOWN,CLEAR,DAYLIGHT,PEDESTRIAN,DIVIDED - W/MEDIAN (NOT RAISED),STRAIGHT AND LEVEL,DRY,NO DEFECTS,ON SCENE,INJURY AND / OR TOW DUE TO CRASH,,"OVER $1,500",2025-07-29T14:50:00.000,UNABLE TO DETERMINE,UNABLE TO DETERMINE,1201,W,CERMAK RD,1235,2,NONINCAPACITATING INJURY,1,0,0,1,0,1,0,14,3,7,41.852383139,-87.6563210964,"{'type': 'Point', 'coordinates': [-87.656321096358, 41.852383139049]}",,,Y,,,,,,,
023e037a18af8c9ce65fd45e90151a55f5ca30fa630fce857c7f81d8e9b9a4606960d42ca40b087da135e95091625710c73b3858bc9da797093a41c4c76cc35c,2025-07-29T14:33:00.000,30,NO CONTROLS,NO CONTROLS,CLEAR,DAYLIGHT,PARKED MOTOR VEHICLE,ONE-WAY,STRAIGHT AND LEVEL,DRY,NO DEFECTS,ON SCENE,NO INJURY / DRIVE AWAY,,"OVER $1,500",2025-07-29T15:29:00.000,UNABLE TO DETERMINE,UNABLE TO DETERMINE,4605,W,DEMING PL,2521,2,NO INDICATION OF INJURY,0,0,0,0,0,1,0,14,3,7,41.9271646907,-87.7421925778,"{'type': 'Point', 'coordinates': [-87.742192577805, 41.927164690728]}",,,Y,,,,,,,
33f7b80d7974988a5cc54e6a7c6404f789aacc1eeeb3755f4895397be571161f128551c2bf7070b31b68cd302141218f15d388d0577b51e2a2004cc29d41ce53,2025-07-29T14:30:00.000,30,NO CONTROLS,UNKNOWN,UNKNOWN,DAYLIGHT,REAR END,NOT DIVIDED,STRAIGHT AND LEVEL,UNKNOWN,UNKNOWN,NOT ON SCENE (DESK REPORT),NO INJURY / DRIVE AWAY,,"OVER $1,500",2025-08-01T12:00:00.000,UNABLE TO DETERMINE,NOT APPLICABLE,2811,S,WESTERN AVE,1034,2,NO INDICATION OF INJURY,0,0,0,0,0,2,0,14,3,7,41.840831846,-87.6851237495,"{'type': 'Point', 'coordinates': [-87.685123749473, 41.840831846027]}",,,Y,,,,,,,
570bc65312f56dec2d33c6872e737ad9f5a3e08410ffd63db0298ca2b5a1d8cea8ad603444b87095f26eefe29463cdf62f217ff4cbbae22c29ac190254f8937d,2025-07-29T14:27:00.000,30,NO CONTROLS,NO CONTROLS,CLEAR,DAYLIGHT,PARKED MOTOR VEHICLE,ONE-WAY,STRAIGHT AND LEVEL,DRY,NO DEFECTS,NOT ON SCENE (DESK REPORT),NO INJURY / DRIVE AWAY,,"OVER $1,500",2025-07-31T14:00:00.000,UNABLE TO DETERMINE,UNABLE TO DETERMINE,4801,S,MICHIGAN AVE,224,3,NO INDICATION OF INJURY,0,0,0,0,0,1,0,14,3,7,41.8073778463,-87.6226372018,"{'type': 'Point', 'coordinates': [-87.622637201773, 41.807377846345]}",,,Y,,Y,,,,,
5dc9e30a4a907ff80dc058bf70bcd749ae31180ba30563e68ae48271491ede5d0bc5064104df227c045ebfcc1ef7077210a40b1e0445fe596466b31e14395263,2025-07-29T14:20:00.000,30,UNKNOWN,UNKNOWN,CLEAR,DAYLIGHT,SIDESWIPE SAME DIRECTION,DIVIDED - W/MEDIAN (NOT RAISED),STRAIGHT AND LEVEL,DRY,UNKNOWN,ON SCENE,INJURY AND / OR TOW DUE TO CRASH,,"OVER $1,500",2025-07-29T15:40:00.000,UNABLE TO DETERMINE,NOT APPLICABLE,3524,W,ADDISON ST,1732,2,NO INDICATION OF INJURY,0,0,0,0,0,3,0,14,3,7,41.9466306918,-87.7162446289,"{'type': 'Point', 'coordinates': [-87.716244628937, 41.946630691823]}",,,,,,,,,,
7c9dc8b460a227da2b202687e582c936630280ac02941c938094e4035f318ad37cc936ac602341c6e11a8a0fdec4523b227e18b19682c9e86735f8abb39a7983,2025-07-29T14:20:00.000,30,TRAFFIC SIGNAL,UNKNOWN,CLEAR,DAYLIGHT,PEDESTRIAN,DIVIDED - W/MEDIAN (NOT RAISED),STRAIGHT AND LEVEL,DRY,NO DEFECTS,NOT ON SCENE (DESK REPORT),INJURY AND / OR TOW DUE TO CRASH,,$500 OR LESS,2025-07-29T17:50:00.000,UNABLE TO DETERMINE,NOT APPLICABLE,2900,S,MICHIGAN AVE,133,2,"REPORTED, NOT EVIDENT",1,0,0,0,1,1,0,14,3,7,41.8418722911,-87.6236893684,"{'type': 'Point', 'coordinates': [-87.623689368397, 41.8418722911]}",,,Y,,,,,,,
9a063a42985573e00a94ad51198d56233721182e8093440c3d003e8da6cd23a4884913094416140ab8226f72cb5fe45e711b2c1269fc6ac2f367f6d929ca9d67,2025-07-29T14:16:00.000,25,NO CONTROLS,NO CONTROLS,CLEAR,DAYLIGHT,OTHER OBJECT,ALLEY,STRAIGHT AND LEVEL,DRY,"RUT, HOLES",NOT ON SCENE (DESK REPORT),NO INJURY / DRIVE AWAY,,$500 OR LESS,2025-07-29T14:16:00.000,UNABLE TO DETERMINE,UNABLE TO DETERMINE,1549,S,CALIFORNIA BLVD,1023,1,NO INDICATION OF INJURY,0,0,0,0,0,1,0,14,3,7,41.8596430503,-87.6955574278,"{'type': 'Point', 'coordinates': [-87.695557427806, 41.859643050343]}",,,,,,,,,,
1d466a9fca77d116c87eba0af72197ebad2150fcd994c229440ce6fc602ed3756929d9be8a7f3bf5902101a90d1d5a52c2b4901ba5fa1f0aa1bc343d63dc18fd,2025-07-29T14:15:00.000,30,NO CONTROLS,NO CONTROLS,CLEAR,DAYLIGHT,SIDESWIPE SAME DIRECTION,NOT DIVIDED,STRAIGHT AND LEVEL,DRY,NO DEFECTS,NOT ON SCENE (DESK REPORT),NO INJURY / DRIVE AWAY,,"OVER $1,500",2025-07-30T14:37:00.000,IMPROPER OVERTAKING/PASSING,NOT APPLICABLE,7859,S,KEDZIE AVE,835,2,NO INDICATION OF INJURY,0,0,0,0,0,2,0,14,3,7,41.749876112,-87.7022504602,"{'type': 'Point', 'coordinates': [-87.702250460209, 41.749876112003]}",,,Y,,,,,,,
3d486c609c25a4e46d16e116d64027b607db90165e83663c0091802cacabf03ca3f7fa91c0e2e5efce35e61c3269a5856cf80d99597a23aa0c30d06a6ed2efe4,2025-07-29T14:15:00.000,30,TRAFFIC SIGNAL,FUNCTIONING PROPERLY,CLEAR,DAYLIGHT,REAR TO FRONT,T-INTERSECTION,STRAIGHT AND LEVEL,DRY,NO DEFECTS,ON SCENE,NO INJURY / DRIVE AWAY,,"$501 - $1,500",2025-07-30T11:00:00.000,UNABLE TO DETERMINE,NOT APPLICABLE,11058,S,LANGLEY AVE,513,2,NO INDICATION OF INJURY,0,0,0,0,0,2,0,14,3,7,41.6933409046,-87.605719433,"{'type': 'Point', 'coordinates': [-87.605719433039, 41.693340904576]}",,,,,,,,,,
99c909aa2fbbee279dbc3fd9ad40d978238226cab11c75bfcbf3a9af545491cd285291b7cf05f478effc38ded85e14495f18624fb6680a577313fb3d10d4d42c,2025-07-29T14:10:00.000,10,NO CONTROLS,NO CONTROLS,CLEAR,DAYLIGHT,TURNING,NOT DIVIDED,STRAIGHT AND LEVEL,DRY,NO DEFECTS,ON SCENE,INJURY AND / OR TOW DUE TO CRASH,,"OVER $1,500",2025-07-29T15:50:00.000,FAILING TO YIELD RIGHT-OF-WAY,UNABLE TO DETERMINE,831,E,47TH ST,223,2,NO INDICATION OF INJURY,0,0,0,0,0,3,0,14,3,7,41.809437932,-87.605270398,"{'type': 'Point', 'coordinates': [-87.605270398014, 41.809437931969]}",,,,,,,,,,
0e2718e079eec4aafe0fe9b31333742de8a5e4065551c57d2a62ad82d1ba9dd07298fec214a526832952beca0904c4b5f71f96f0820c15c3e0fd96f80ffbd602,2025-07-29T14:09:00.000,30,TRAFFIC SIGNAL,FUNCTIONING PROPERLY,CLEAR,DAYLIGHT,SIDESWIPE SAME DIRECTION,NOT DIVIDED,STRAIGHT AND LEVEL,DRY,NO DEFECTS,NOT ON SCENE (DESK REPORT),NO INJURY / DRIVE AWAY,,"OVER $1,500",2025-07-29T14:41:00.000,IMPROPER OVERTAKING/PASSING,UNABLE TO DETERMINE,1601,W,63RD ST,725,2,NO INDICATION OF INJURY,0,0,0,0,0,2,0,14,3,7,41.7793515528,-87.6642712632,"{'type': 'Point', 'coordinates': [-87.664271263155, 41.779351552818]}",,,,,,,,,,