crash_record_id,crash_date,posted_speed_limit,traffic_control_device,device_condition,weather_condition,lighting_condition,first_crash_type,trafficway_type,alignment,roadway_surface_cond,road_defect,report_type,crash_type,intersection_related_i,damage,date_police_notified,prim_contributory_cause,sec_contributory_cause,street_no,street_direction,street_name,beat_of_occurrence,num_units,most_severe_injury,injuries_total,injuries_fatal,injuries_incapacitating,injuries_non_incapacitating,injuries_reported_not_evident,injuries_no_indication,injuries_unknown,crash_hour,crash_day_of_week,crash_month,latitude,longitude,location,private_property_i,photos_taken_i,hit_and_run_i,statements_taken_i,crash_date_est_i,work_zone_i,work_zone_type,dooring_i,lane_cnt,workers_present_i
ff3b30a718c0466f7327eb084f7a075b8d6e58a6b30f9cb4b2eb6dcd423d226bdc5b3d603a8a930e0ac9228748eee9bd50b7af642fb5721fd28a7883a51d4a58,2025-07-29T14:08:00.000,30,TRAFFIC SIGNAL,FUNCTIONING PROPERLY,CLEAR,DAYLIGHT,SIDESWIPE SAME DIRECTION,FOUR WAY,STRAIGHT AND LEVEL,UNKNOWN,UNKNOWN,NOT ON SCENE (DESK REPORT),NO INJURY / DRIVE AWAY,Y,"$501 - $1,500",2025-07-29T15:00:00.000,UNABLE TO DETERMINE,NOT APPLICABLE,1159,S,CANAL ST,124,2,NO INDICATION OF INJURY,0,0,0,0,0,2,0,14,3,7,41.8673194053,-87.639056746,"{'type': 'Point', 'coordinates': [-87.63905674603, 41.867319405339]}",,,Y,,,,,,,
97d13ebdda71de2c205e3df3054457719b315807bf1d42eacbe10bf2d4c1562f3d8037b10e960e9fc236fe2dc5e8cde0bb7986fe0c029a8ebca22859335d0093,2025-07-29T14:05:00.000,30,NO CONTROLS,NO CONTROLS,CLEAR,DAYLIGHT,SIDESWIPE SAME DIRECTION,NOT DIVIDED,STRAIGHT AND LEVEL,DRY,NO DEFECTS,ON SCENE,INJURY AND / OR TOW DUE TO CRASH,,"OVER $1,500",2025-07-29T15:39:00.000,FAILING TO YIELD RIGHT-OF-WAY,UNABLE TO DETERMINE,7405,N,ASHLAND BLVD,2422,2,NO INDICATION OF INJURY,0,0,0,0,0,3,0,14,3,7,42.0161860791,-87.6701721023,"{'type': 'Point', 'coordinates': [-87.670172102313, 42.016186079064]}",,,,,,,,,,
247491099ce896fc9fa8a3224868dac9089396b1f32d7227aeb93234693ab3cafd66a8f1398e50ac5803b28b4b99a68bbf5dea141c2c33f4823bfdbe677bf46c,2025-07-29T14:00:00.000,30,NO CONTROLS,NO CONTROLS,CLEAR,DAYLIGHT,TURNING,NOT DIVIDED,STRAIGHT AND LEVEL,DRY,UNKNOWN,ON SCENE,NO INJURY / DRIVE AWAY,,"OVER $1,500",2025-07-29T14:25:00.000,DRIVING SKILLS/KNOWLEDGE/EXPERIENCE,NOT APPLICABLE,2223,S,WENTWORTH AVE,914,2,NO INDICATION OF INJURY,0,0,0,0,0,4,0,14,3,7,41.8522002485,-87.6318516718,"{'type': 'Point', 'coordinates': [-87.631851671797, 41.8522002485]}",,,,,,,,,,
2c2369e71435c582f7da72244b52bad41530b4a263c29dffe92355f596b38f0259fe0f36ecd76ae936c1196105e6ed746ada835a8d583b3346a53936e14f9b04,2025-07-29T14:00:00.000,30,NO CONTROLS,NO CONTROLS,CLEAR,DAYLIGHT,SIDESWIPE SAME DIRECTION,OTHER,STRAIGHT AND LEVEL,DRY,NO DEFECTS,,NO INJURY / DRIVE AWAY,,"OVER $1,500",2025-07-29T14:50:00.000,UNABLE TO DETERMINE,NOT APPLICABLE,942,E,76TH ST,624,2,NO INDICATION OF INJURY,0,0,0,0,0,2,0,14,3,7,41.7569130439,-87.6012045567,"{'type': 'Point', 'coordinates': [-87.601204556739, 41.756913043899]}",,,,,,,,,,
365f39901235440b80dc1246f0841242fcd7a7f1a7472acdea5c85ed2f9715fcd51276a01429b81471cde9c66abd9e4c09bc55083b01e286affe39cdbfedd16d,2025-07-29T14:00:00.000,30,TRAFFIC SIGNAL,FUNCTIONING PROPERLY,CLEAR,DAYLIGHT,PARKED MOTOR VEHICLE,NOT DIVIDED,STRAIGHT AND LEVEL,DRY,NO DEFECTS,NOT ON SCENE (DESK REPORT),NO INJURY / DRIVE AWAY,Y,"OVER $1,500",2025-07-29T15:00:00.000,UNABLE TO DETERMINE,UNABLE TO DETERMINE,5207,W,BELMONT AVE,2514,2,NO INDICATION OF INJURY,0,0,0,0,0,2,0,14,3,7,41.938586959,-87.7570378974,"{'type': 'Point', 'coordinates': [-87.757037897356, 41.93858695896]}",,,Y,,,,,,,
cc8bdadb9b952a0c683643dbe1016193dc412991d56be673bf6a78b69657f43b6d3982040a1a58ef4972ea2f57067c4a977220bd90817c4bdc2cd49182c29cba,2025-07-29T13:50:00.000,30,NO CONTROLS,NO CONTROLS,CLEAR,DAYLIGHT,PARKED MOTOR VEHICLE,NOT DIVIDED,STRAIGHT AND LEVEL,DRY,NO DEFECTS,ON SCENE,INJURY AND / OR TOW DUE TO CRASH,,"OVER $1,500",2025-07-29T15:08:00.000,IMPROPER LANE USAGE,NOT APPLICABLE,1834,W,PRATT BLVD,2424,2,NONINCAPACITATING INJURY,1,0,0,1,0,0,0,13,3,7,42.0053790378,-87.6770754534,"{'type': 'Point', 'coordinates': [-87.677075453401, 42.005379037791]}",,,,,,,,,,
bb76062d3debdaa118f09676c742d6bf6849df025838854e8e2c53beb3ad6550d1a4de544c8a30f3628c86057fb2d898b0778f421cbde920b26b6ad7ef51c67a,2025-07-29T13:48:00.000,20,NO CONTROLS,NO CONTROLS,CLEAR,DAYLIGHT,SIDESWIPE SAME DIRECTION,DIVIDED - W/MEDIAN BARRIER,STRAIGHT AND LEVEL,DRY,UNKNOWN,ON SCENE,INJURY AND / OR TOW DUE TO CRASH,,"OVER $1,500",2025-07-29T14:06:00.000,UNABLE TO DETERMINE,NOT APPLICABLE,431,S,WACKER DR,122,2,NONINCAPACITATING INJURY,1,0,0,1,0,1,0,13,3,7,41.8762628943,-87.6360786681,"{'type': 'Point', 'coordinates': [-87.63607866808, 41.87626289434]}",,,Y,,,,,,,
939a2bc52da44a891f0a01d1468c82fcead5d0b9f58946328664aba4182c87f4818de87fa557527f75eba7260844dfea807b2a31c982477533725d3904680432,2025-07-29T13:46:00.000,10,NO CONTROLS,NO CONTROLS,CLEAR,DAYLIGHT,REAR TO REAR,PARKING LOT,STRAIGHT AND LEVEL,DRY,NO DEFECTS,NOT ON SCENE (DESK REPORT),NO INJURY / DRIVE AWAY,,"OVER $1,500",2025-07-29T14:05:00.000,FOLLOWING TOO CLOSELY,NOT APPLICABLE,7901,S,DAMEN AVE,611,2,NO INDICATION OF INJURY,0,0,0,0,0,2,0,13,3,7,41.7501893423,-87.6729858398,"{'type': 'Point', 'coordinates': [-87.672985839772, 41.750189342293]}",Y,,,,,,,,,
11ae62216647914d0d6ac5ac158d217e22e74cff2bbc6ea2f7d5f9bd87cec4d0a72aee96ac5372b5b1ec9e351f67005c58c575779413a9c485f14144e276294f,2025-07-29T13:45:00.000,30,NO CONTROLS,NO CONTROLS,CLEAR,DAYLIGHT,SIDESWIPE SAME DIRECTION,ONE-WAY,STRAIGHT AND LEVEL,DRY,NO DEFECTS,NOT ON SCENE (DESK REPORT),NO INJURY / DRIVE AWAY,,"OVER $1,500",2025-07-29T16:51:00.000,NOT APPLICABLE,NOT APPLICABLE,17,E,MONROE ST,112,2,NO INDICATION OF INJURY,0,0,0,0,0,2,0,13,3,7,41.8806645784,-87.6270893644,"{'type': 'Point', 'coordinates': [-87.627089364442, 41.880664578396]}",,,,,,,,,,
392156d9f4caefdfe0490d4b60fe9ec2fe3ba013df118cc61b9dd7a70001118d26280b5170a9a9eb446e06045bb1f84cec95da455e1c67ac188e261a056bfafe,2025-07-29T13:45:00.000,30,TRAFFIC SIGNAL,FUNCTIONING PROPERLY,CLEAR,DAYLIGHT,PARKED MOTOR VEHICLE,DIVIDED - W/MEDIAN (NOT RAISED),STRAIGHT AND LEVEL,DRY,NO DEFECTS,NOT ON SCENE (DESK REPORT),NO INJURY / DRIVE AWAY,,"$501 - $1,500",2025-07-29T14:45:00.000,UNABLE TO DETERMINE,UNABLE TO DETERMINE,5628,S,HALSTED ST,712,2,NO INDICATION OF INJURY,0,0,0,0,0,1,0,13,3,7,41.7916278176,-87.6452332087,"{'type': 'Point', 'coordinates': [-87.645233208662, 41.791627817593]}",,,Y,,,,,,,
5f1347a09b667aaa9173121954e794075537510932f36a8176edaafba9080b5f76b49ff7566449d23ceb98bbb406fb04570d37566f7df03f97b0bf4a22b7d6ff,2025-07-29T13:35:00.000,30,NO CONTROLS,NO CONTROLS,CLEAR,DAYLIGHT,SIDESWIPE OPPOSITE DIRECTION,NOT DIVIDED,STRAIGHT AND LEVEL,DRY,NO DEFECTS,ON SCENE,NO INJURY / DRIVE AWAY,,"OVER $1,500",2025-07-29T13:36:00.000,UNABLE TO DETERMINE,NOT APPLICABLE,7429,W,BELMONT AVE,2511,2,NO INDICATION OF INJURY,0,0,0,0,0,2,0,13,3,7,41.9378645463,-87.8127900935,"{'type': 'Point', 'coordinates': [-87.812790093512, 41.937864546255]}",,,Y,,,,,,,
1ecc07b3675508412aa452ecfa450d4ffaec18a2a9b5f50f6cb86ba554ae44c1c6c3650a28f98ad68c5a340c14d2f219346cab70eea73403e108f9a9fcc41051,2025-07-29T13:34:00.000,30,NO CONTROLS,NO CONTROLS,CLEAR,DAYLIGHT,TURNING,OTHER,STRAIGHT AND LEVEL,DRY,NO DEFECTS,,NO INJURY / DRIVE AWAY,N,"OVER $1,500",2025-07-30T13:15:00.000,UNABLE TO DETERMINE,NOT APPLICABLE,1907,W,74TH ST,735,2,NO INDICATION OF INJURY,0,0,0,0,0,2,0,13,3,7,41.7592476435,-87.6712524672,"{'type': 'Point', 'coordinates': [-87.671252467241, 41.759247643459]}",,,,,,,,,,
01e9d28767d3ce7df8218a133d83e458da728e925dabcdf9319fe48cf1994a9b4fcc8a3755b6d532efb5030fa78cb8bd081ea2d0864f3aba74bfa7a0e93a2ff0,2025-07-29T13:30:00.000,20,NO CONTROLS,NO CONTROLS,CLEAR,DAYLIGHT,PARKED MOTOR VEHICLE,PARKING LOT,STRAIGHT AND LEVEL,DRY,NO DEFECTS,NOT ON SCENE (DESK REPORT),NO INJURY / DRIVE AWAY,,"$501 - $1,500",2025-07-30T14:00:00.000,UNABLE TO DETERMINE,NOT APPLICABLE,900,W,JACKSON BLVD,1232,2,NO INDICATION OF INJURY,0,0,0,0,0,4,0,13,3,7,41.878018745,-87.6496408244,"{'type': 'Point', 'coordinates': [-87.649640824363, 41.878018744994]}",,,Y,,,,,,,
39e9b63f64555423bf6173c602abd43f5769d65a05ed3188dc1023e392775eb68513a80083b141f4d1b0f56e58248e3a7fdd6561c8089a8967b520e58bbd29e5,2025-07-29T13:30:00.000,30,NO CONTROLS,NO CONTROLS,CLEAR,DAYLIGHT,PARKED MOTOR VEHICLE,NOT DIVIDED,STRAIGHT AND LEVEL,DRY,NO DEFECTS,NOT ON SCENE (DESK REPORT),NO INJURY / DRIVE AWAY,,"OVER $1,500",2025-07-30T10:00:00.000,IMPROPER BACKING,FAILING TO REDUCE SPEED TO AVOID CRASH,1359,W,ALTGELD ST,1932,2,NO INDICATION OF INJURY,0,0,0,0,0,1,0,13,3,7,41.9269234283,-87.6633188746,"{'type': 'Point', 'coordinates': [-87.663318874585, 41.926923428285]}",,,,,,,,,,
4676fb027088654dd220f31e3349adf3a6f3a02d48303d5a13e99082908b77b0658e81892a3c18e7a63984edf4948235ef078a838425d295cb095cd0481fc35e,2025-07-29T13:30:00.000,30,TRAFFIC SIGNAL,FUNCTIONING PROPERLY,UNKNOWN,DAYLIGHT,TURNING,DIVIDED - W/MEDIAN (NOT RAISED),STRAIGHT AND LEVEL,UNKNOWN,UNKNOWN,NOT ON SCENE (DESK REPORT),NO INJURY / DRIVE AWAY,,"OVER $1,500",2025-07-30T13:50:00.000,FAILING TO YIELD RIGHT-OF-WAY,NOT APPLICABLE,7100,S,SOUTH SHORE DR,334,2,NO INDICATION OF INJURY,0,0,0,0,0,2,0,13,3,7,41.7661952023,-87.562908182,"{'type': 'Point', 'coordinates': [-87.562908182042, 41.76619520231]}",,,,,,,,,,
921185d5161b48fadb267aca779d41493581378b6eebf05b2b753490d64c62861df0e8eea7f82c779860fefaab85c6d80ee192bb898fe9b27889ffe8121c18e0,2025-07-29T13:30:00.000,30,NO CONTROLS,NO CONTROLS,CLEAR,DAYLIGHT,REAR END,NOT DIVIDED,STRAIGHT AND LEVEL,DRY,UNKNOWN,NOT ON SCENE (DESK REPORT),NO INJURY / DRIVE AWAY,,"OVER $1,500",2025-07-29T17:30:00.000,FOLLOWING TOO CLOSELY,NOT APPLICABLE,2900,N,WESTERN AVE,1411,2,NO INDICATION OF INJURY,0,0,0,0,0,2,0,13,3,7,41.9340055839,-87.688088762,"{'type': 'Point', 'coordinates': [-87.688088761979, 41.934005583879]}",,,,,Y,,,,,
aa3bdab6103332377c0162f658e76755f9ecc92f413d0be9f1b0fbce4de00dbea3ca1104363dbbf5d0378b1d86b26885f38091457d5b8b168e16214d324769d6,2025-07-29T13:30:00.000,30,NO CONTROLS,NO CONTROLS,CLEAR,DAYLIGHT,SIDESWIPE SAME DIRECTION,NOT DIVIDED,STRAIGHT AND LEVEL,DRY,NO DEFECTS,NOT ON SCENE (DESK REPORT),NO INJURY / DRIVE AWAY,,"OVER $1,500",2025-07-29T15:20:00.000,FAILING TO YIELD RIGHT-OF-WAY,UNABLE TO DETERMINE,839,N,KEYSTONE AVE,1111,2,NO INDICATION OF INJURY,0,0,0,0,0,2,0,13,3,7,41.8965628923,-87.7272040756,"{'type': 'Point', 'coordinates': [-87.727204075624, 41.89656289233]}",,,,,,,,,,
ae48b7eade86014621fbdd0907002f3c142c133be938a58e2e4bbeb77853c77f065bc194831cfdb1e51071e31e8e2ee37020adff661daed4b5ede245fcba0c71,2025-07-29T13:30:00.000,30,NO CONTROLS,NO CONTROLS,CLEAR,DAYLIGHT,SIDESWIPE SAME DIRECTION,NOT DIVIDED,STRAIGHT AND LEVEL,DRY,UNKNOWN,,NO INJURY / DRIVE AWAY,,"OVER $1,500",2025-07-29T13:48:00.000,IMPROPER LANE USAGE,NOT APPLICABLE,10952,S,KEDZIE AVE,2211,2,NO INDICATION OF INJURY,0,0,0,0,0,3,0,13,3,7,41.6936527988,-87.7010452097,"{'type': 'Point', 'coordinates': [-87.70104520969, 41.693652798828]}",,,,,,,,,,
8e67f11b92b14b0dd9973706015f67d793e51d7915838dcfe211fabaa650054da90030060afbad2a6b76b7c51e31f0086eb08fcad22ce198b9bd4f74f2db69b8,2025-07-29T13:25:00.000,30,TRAFFIC SIGNAL,FUNCTIONING PROPERLY,CLEAR,DAYLIGHT,TURNING,FOUR WAY,STRAIGHT AND LEVEL,DRY,NO DEFECTS,NOT ON SCENE (DESK REPORT),NO INJURY / DRIVE AWAY,Y,"OVER $1,500",2025-07-29T15:45:00.000,IMPROPER TURNING/NO SIGNAL,UNABLE TO DETERMINE,630,N,WELLS ST,1831,2,NO INDICATION OF INJURY,0,0,0,0,0,3,0,13,3,7,41.8932987657,-87.6342601007,"{'type': 'Point', 'coordinates': [-87.634260100663, 41.893298765741]}",,,,,,,,,,
fd475a35030f456d6ec61ddb257a843fb6c55554f1f1e6ef3b14517638a216fa55924a35d70225b19c938f87058b0a563082daf3bbdf2f5d77afdf8e9e93e1bb,2025-07-29T13:25:00.000,30,NO CONTROLS,NO CONTROLS,CLEAR,DAYLIGHT,SIDESWIPE SAME DIRECTION,ONE-WAY,STRAIGHT AND LEVEL,DRY,NO DEFECTS,ON SCENE,INJURY AND / OR TOW DUE TO CRASH,N,"OVER $1,500",2025-07-29T13:28:00.000,NOT APPLICABLE,NOT APPLICABLE,839,N,KEYSTONE AVE,1111,2,"REPORTED, NOT EVIDENT",1,0,0,0,1,2,0,13,3,7,41.8965628923,-87.7272040756,"{'type': 'Point', 'coordinates': [-87.727204075624, 41.89656289233]}",,,,,,,,,,
7f41ac0b8139798f1cfb7fb01a52be1f63587a861d11029e30df36c6bfd8c21234f620eb824ae8e59d3cae2ed84403a37fe89a4688952db61832ec6017217381,2025-07-29T13:22:00.000,30,UNKNOWN,UNKNOWN,CLEAR,DAYLIGHT,REAR END,ONE-WAY,STRAIGHT AND LEVEL,UNKNOWN,UNKNOWN,NOT ON SCENE (DESK REPORT),NO INJURY / DRIVE AWAY,,"OVER $1,500",2025-07-29T14:50:00.000,UNABLE TO DETERMINE,UNABLE TO DETERMINE,520,N,DEARBORN ST,1831,3,NO INDICATION OF INJURY,0,0,0,0,0,3,0,13,3,7,41.8916012848,-87.6297967052,"{'type': 'Point', 'coordinates': [-87.629796705231, 41.891601284754]}",,,Y,,,,,,,
3721cd79294c27590618cd54a48d3e202c0cac4be68b7f04a5ab2585e005ff8174ef40e928d6c939c8075f1f092ad973b9462580d64260cf75499e9cdefe1467,2025-07-29T13:21:00.000,10,NO CONTROLS,NO CONTROLS,CLEAR,DAYLIGHT,PARKED MOTOR VEHICLE,PARKING LOT,STRAIGHT AND LEVEL,DRY,NO DEFECTS,NOT ON SCENE (DESK REPORT),NO INJURY / DRIVE AWAY,,"$501 - $1,500",2025-07-29T14:56:00.000,NOT APPLICABLE,NOT APPLICABLE,5050,S,CICERO AVE,814,2,NO INDICATION OF INJURY,0,0,0,0,0,2,0,13,3,7,41.8006425536,-87.7431134692,"{'type': 'Point', 'coordinates': [-87.743113469205, 41.800642553587]}",Y,,,,,,,,,
28f38c4dd03c5ea77781384619f28657086628a727042d893c194f100fa5fd5fec11bbff00d9206d6c6093e91a387f60360a7c5da72b24d21115bfe8d36ae645,2025-07-29T13:20:00.000,15,NO CONTROLS,NO CONTROLS,CLEAR,DAYLIGHT,PARKED MOTOR VEHICLE,PARKING LOT,STRAIGHT AND LEVEL,DRY,UNKNOWN,NOT ON SCENE (DESK REPORT),NO INJURY / DRIVE AWAY,,"OVER $1,500",2025-07-29T14:50:00.000,DRIVING SKILLS/KNOWLEDGE/EXPERIENCE,NOT APPLICABLE,6732,N,WESTERN AVE,2412,2,NO INDICATION OF INJURY,0,0,0,0,0,3,0,13,3,7,42.0041950295,-87.6901967706,"{'type': 'Point', 'coordinates': [-87.690196770628, 42.004195029463]}",,,Y,,,,,,,
97ea357bf0a9a0fbfdb8a4b28ecdc423be961c0b918f069d8f48c71493e57abbc8c58ede8c1cfaabbc34c5b5ccd7d110a1375c63dd390c581fce0e2b2342a729,2025-07-29T13:17:00.000,30,NO CONTROLS,NO CONTROLS,CLEAR,DAYLIGHT,PARKED MOTOR VEHICLE,NOT DIVIDED,STRAIGHT AND LEVEL,DRY,NO DEFECTS,NOT ON SCENE (DESK REPORT),NO INJURY / DRIVE AWAY,,"OVER $1,500",2025-07-29T13:50:00.000,FOLLOWING TOO CLOSELY,NOT APPLICABLE,3750,N,KEDZIE AVE,1733,2,NO INDICATION OF INJURY,0,0,0,0,0,1,0,13,3,7,41.9499602678,-87.7080561754,"{'type': 'Point', 'coordinates': [-87.708056175378, 41.949960267764]}",,,,,,,,,,
27860d703641867ec2cad3cd68bdee7930f7ef7139f9f04234dfd236f98240629c826dc515f52f446d1361eeb21cb5959459e39d1119c7c3a18a6cf2fdbb966d,2025-07-29T13:15:00.000,10,NO CONTROLS,NO CONTROLS,CLEAR,DAYLIGHT,REAR TO FRONT,ALLEY,STRAIGHT AND LEVEL,DRY,NO DEFECTS,ON SCENE,INJURY AND / OR TOW DUE TO CRASH,,"OVER $1,500",2025-07-29T13:20:00.000,UNABLE TO DETERMINE,NOT APPLICABLE,10242,S,HALSTED ST,2232,2,NO INDICATION OF INJURY,0,0,0,0,0,2,0,13,3,7,41.7074578882,-87.6429959566,"{'type': 'Point', 'coordinates': [-87.642995956592, 41.707457888208]}",,,,,,Y,MAINTENANCE,,,
49859bec97598fb7c397aebb9e40eb1cdcbf8c5778104a77831a53b95ba58600f346c2c6942675d62eb3ed8884fa78660cb29c5912a9d93da1dced6d17660762,2025-07-29T13:10:00.000,30,UNKNOWN,UNKNOWN,UNKNOWN,UNKNOWN,PARKED MOTOR VEHICLE,NOT DIVIDED,STRAIGHT AND LEVEL,UNKNOWN,UNKNOWN,NOT ON SCENE (DESK REPORT),NO INJURY / DRIVE AWAY,,$500 OR LESS,2025-07-29T17:15:00.000,UNABLE TO DETERMINE,UNABLE TO DETERMINE,11800,S,BELL AVE,2212,2,NO INDICATION OF INJURY,0,0,0,0,0,1,0,13,3,7,41.6792448375,-87.6781305054,"{'type': 'Point', 'coordinates': [-87.678130505399, 41.679244837509]}",,,,,,,,,,
b1d74680829de0608657bbb6efd6440c093d16bb5ce47a908e71c79f5a57ab4c8ba81c381704fa0e31e082d76e0aab4165466bae870499b83eaee22c541ce9a7,2025-07-29T13:00:00.000,30,TRAFFIC SIGNAL,FUNCTIONING PROPERLY,CLEAR,DAYLIGHT,TURNING,DIVIDED - W/MEDIAN (NOT RAISED),STRAIGHT AND LEVEL,DRY,NO DEFECTS,NOT ON SCENE (DESK REPORT),NO INJURY / DRIVE AWAY,Y,"OVER $1,500",2025-07-29T15:35:00.000,IMPROPER TURNING/NO SIGNAL,NOT APPLICABLE,6559,S,COAST GUARD DR,331,2,NO INDICATION OF INJURY,0,0,0,0,0,5,0,13,3,7,41.7754426805,-87.5749646714,"{'type': 'Point', 'coordinates': [-87.574964671375, 41.77544268052]}",,,Y,,,,,,,
beb12d112fe5545e887b3947c4b71210038251eb249d20f544b567246a25433747fa0b3921413fc966abe91efee0713ada5d87691ff34fc34a8f990138eac956,2025-07-29T13:00:00.000,30,STOP SIGN/FLASHER,FUNCTIONING PROPERLY,CLEAR,DAYLIGHT,SIDESWIPE SAME DIRECTION,FOUR WAY,STRAIGHT AND LEVEL,DRY,UNKNOWN,NOT ON SCENE (DESK REPORT),NO INJURY / DRIVE AWAY,Y,"OVER $1,500",2025-07-29T14:32:00.000,FAILING TO YIELD RIGHT-OF-WAY,NOT APPLICABLE,5356,W,DIVERSEY AVE,2514,2,NO INDICATION OF INJURY,0,0,0,0,0,2,0,13,3,7,41.9314490643,-87.7611378971,"{'type': 'Point', 'coordinates': [-87.761137897088, 41.931449064319]}",,,,,,,,,,
cb7843eb123c846490975f0e0ca858c15a4843c113cc4af1bc257051b74155dd362924b03117308d66b8527af5ec08e0bda269a6314595a6bb41644bb77691cc,2025-07-29T13:00:00.000,30,TRAFFIC SIGNAL,FUNCTIONING PROPERLY,CLEAR,DAYLIGHT,REAR END,NOT DIVIDED,STRAIGHT AND LEVEL,DRY,UNKNOWN,NOT ON SCENE (DESK REPORT),INJURY AND / OR TOW DUE TO CRASH,,"OVER $1,500",2025-08-08T13:30:00.000,FOLLOWING TOO CLOSELY,UNABLE TO DETERMINE,1752,S,ASHLAND AVE,1234,2,NONINCAPACITATING INJURY,1,0,0,1,0,1,0,13,3,7,41.8578353731,-87.6662869258,"{'type': 'Point', 'coordinates': [-87.666286925811, 41.857835373074]}",,,,,,,,,,
ea53c81ab5dde9d23a2a7fa3462af3d986dc0686525bdaa61ae1dad496211c670ca00392c83fd5a84016d175364d2fc3686062e398679ae2af28d5f0e1cb3b37,2025-07-29T13:00:00.000,30,NO CONTROLS,NO CONTROLS,CLEAR,DAYLIGHT,SIDESWIPE SAME DIRECTION,DIVIDED - W/MEDIAN (NOT RAISED),STRAIGHT AND LEVEL,DRY,NO DEFECTS,ON SCENE,NO INJURY / DRIVE AWAY,,"OVER $1,500",2025-07-29T13:10:00.000,IMPROPER OVERTAKING/PASSING,UNABLE TO DETERMINE,1323,W,HENDERSON ST,1924,2,NO INDICATION OF INJURY,0,0,0,0,0,2,0,13,3,7,41.9424129837,-87.6624162747,"{'type': 'Point', 'coordinates': [-87.662416274701, 41.94241298371]}",,,,,,,,,,
ebeda10a86621e95f827f1205ddee3af87759a82d355014113a8f963a97652cdd271769d58460b4e13e6992fc58005a4d9cc540da2c8c59d4c891d97d7c8865d,2025-07-29T12:55:00.000,30,STOP SIGN/FLASHER,FUNCTIONING PROPERLY,CLEAR,DAYLIGHT,ANGLE,FOUR WAY,STRAIGHT AND LEVEL,DRY,NO DEFECTS,ON SCENE,INJURY AND / OR TOW DUE TO CRASH,,"$501 - $1,500",2025-07-29T12:56:00.000,UNABLE TO DETERMINE,UNABLE TO DETERMINE,299,E,59TH ST,232,2,"REPORTED, NOT EVIDENT",1,0,0,0,1,1,0,12,3,7,41.7873604762,-87.6191225202,"{'type': 'Point', 'coordinates': [-87.619122520168, 41.787360476155]}",,,Y,,,,,,,
f030efba57f75cbf2104fe2b12c8386ceee558198c13afa1b590ebd92925c2adee4953592ec2f98fc9ae7bafdecee5a086d65441b97f038d810df9626c33c680,2025-07-29T12:54:00.000,30,STOP SIGN/FLASHER,FUNCTIONING PROPERLY,CLEAR,DAYLIGHT,ANGLE,FOUR WAY,STRAIGHT AND LEVEL,DRY,NO DEFECTS,,INJURY AND / OR TOW DUE TO CRASH,,"OVER $1,500",2025-07-29T15:30:00.000,DISREGARDING TRAFFIC SIGNALS,NOT APPLICABLE,5900,S,PRAIRIE AVE,232,2,NO INDICATION OF INJURY,0,0,0,0,0,3,0,12,3,7,41.787377715,-87.6191886937,"{'type': 'Point', 'coordinates': [-87.619188693691, 41.787377715015]}",,,,,,,,,,
dae149e0e6fe43e65bb22d76a5666177bf936343ab4e5942e5e9336e44d256d1fe58f7cb6e1d1b138f5ffe72c3aeae23a6f2f67e75bb4ee197c6b649902b0c20,2025-07-29T12:51:00.000,30,UNKNOWN,UNKNOWN,UNKNOWN,UNKNOWN,HEAD ON,UNKNOWN,STRAIGHT AND LEVEL,UNKNOWN,UNKNOWN,NOT ON SCENE (DESK REPORT),INJURY AND / OR TOW DUE TO CRASH,,"OVER $1,500",2025-07-29T17:13:00.000,UNABLE TO DETERMINE,NOT APPLICABLE,12900,S,DOTY AVE E,434,2,NO INDICATION OF INJURY,0,0,0,0,0,2,0,12,3,7,41.6618465624,-87.5880638975,"{'type': 'Point', 'coordinates': [-87.588063897541, 41.661846562422]}",,,Y,,,,,,,
4640043595913c77e0e41bc08c2a0833bd6816265ef5277dbc651ab274ff4a5a8b779472ce52797e7d7df032e6ae47d78e024e81d9ea12a10908767b45548804,2025-07-29T12:49:00.000,30,TRAFFIC SIGNAL,UNKNOWN,CLEAR,DAYLIGHT,REAR END,NOT DIVIDED,STRAIGHT AND LEVEL,DRY,UNKNOWN,NOT ON SCENE (DESK REPORT),NO INJURY / DRIVE AWAY,,"$501 - $1,500",2025-07-31T09:30:00.000,UNABLE TO DETERMINE,UNABLE TO DETERMINE,240,N,CLARK ST,122,2,NO INDICATION OF INJURY,0,0,0,0,0,2,0,12,3,7,41.8867880645,-87.6311473884,"{'type': 'Point', 'coordinates': [-87.631147388391, 41.886788064498]}",,N,Y,N,,,,,,
54c2f66a3f2472659e62d654c4d51d63bfef271fb4e6f258b79c5fab270e7c18b33bce0b95f8f6c7bacac4f35e33fa961394f57958eaea42da583be7957c8158,2025-07-29T12:49:00.000,30,NO CONTROLS,FUNCTIONING PROPERLY,CLEAR,DAYLIGHT,TURNING,NOT DIVIDED,STRAIGHT AND LEVEL,DRY,NO DEFECTS,ON SCENE,INJURY AND / OR TOW DUE TO CRASH,Y,"OVER $1,500",2025-07-29T12:49:00.000,FAILING TO YIELD RIGHT-OF-WAY,NOT APPLICABLE,900,S,CLARK ST,123,2,NO INDICATION OF INJURY,0,0,0,0,0,2,0,12,3,7,41.8704734936,-87.6307062426,"{'type': 'Point', 'coordinates': [-87.630706242584, 41.870473493584]}",,,,,,,,,,