crash_record_id,crash_date,posted_speed_limit,traffic_control_device,device_condition,weather_condition,lighting_condition,first_crash_type,trafficway_type,alignment,roadway_surface_cond,road_defect,report_type,crash_type,intersection_related_i,damage,date_police_notified,prim_contributory_cause,sec_contributory_cause,street_no,street_direction,street_name,beat_of_occurrence,num_units,most_severe_injury,injuries_total,injuries_fatal,injuries_incapacitating,injuries_non_incapacitating,injuries_reported_not_evident,injuries_no_indication,injuries_unknown,crash_hour,crash_day_of_week,crash_month,latitude,longitude,location,private_property_i,photos_taken_i,hit_and_run_i,statements_taken_i,crash_date_est_i,work_zone_i,work_zone_type,dooring_i,lane_cnt,workers_present_i
ee2bca4859277a9efe3fc02c0d31022d9bf87607065295c1e9be5b2f71ff360eae506a0609b27a72fc2f6937551e6eddf7e00d51308c35d15d3208872d68a181,2025-07-29T12:49:00.000,15,NO CONTROLS,NO CONTROLS,CLEAR,DAYLIGHT,PARKED MOTOR VEHICLE,PARKING LOT,STRAIGHT AND LEVEL,DRY,NO DEFECTS,ON SCENE,INJURY AND / OR TOW DUE TO CRASH,,"OVER $1,500",2025-07-29T12:49:00.000,DRIVING SKILLS/KNOWLEDGE/EXPERIENCE,NOT APPLICABLE,2844,W,47TH ST,922,2,"REPORTED, NOT EVIDENT",1,0,0,0,1,1,0,12,3,7,41.808358801,-87.6960005479,"{'type': 'Point', 'coordinates': [-87.696000547872, 41.808358800968]}",Y,,Y,,,,,,,
7bfe916c7fefb60e328b97b3a08976a07bfd2ea3d639aaa4a2ea63978f36900d117b0540b2f438fcd71a27064e5313616ea64ab4b55ee128a0822e52a29648d0,2025-07-29T12:47:00.000,30,NO CONTROLS,NO CONTROLS,CLEAR,DAYLIGHT,TURNING,NOT DIVIDED,STRAIGHT AND LEVEL,DRY,NO DEFECTS,ON SCENE,NO INJURY / DRIVE AWAY,,"OVER $1,500",2025-07-29T12:55:00.000,FAILING TO YIELD RIGHT-OF-WAY,NOT APPLICABLE,3501,N,CICERO AVE,1731,3,NO INDICATION OF INJURY,0,0,0,0,0,2,0,12,3,7,41.9446987236,-87.7468791921,"{'type': 'Point', 'coordinates': [-87.746879192091, 41.944698723617]}",,,,,,,,,,
366c215c355a11e78243c52ea392ad153356fd50a227c585ed355bfab1dc8dec030fb24a0c9dde524737feefabf0b03f53d79b25f1a9aa2f119d6365bca05e56,2025-07-29T12:45:00.000,25,NO CONTROLS,NO CONTROLS,CLEAR,DAYLIGHT,TURNING,NOT DIVIDED,STRAIGHT AND LEVEL,DRY,NO DEFECTS,NOT ON SCENE (DESK REPORT),NO INJURY / DRIVE AWAY,,"OVER $1,500",2025-07-29T15:00:00.000,UNABLE TO DETERMINE,UNABLE TO DETERMINE,63,E,LAKE ST,111,2,NO INDICATION OF INJURY,0,0,0,0,0,2,0,12,3,7,41.8856197032,-87.6257604352,"{'type': 'Point', 'coordinates': [-87.62576043519, 41.885619703216]}",,,Y,,,,,,,
66a6eaeb3f94193d0a798f0563f9c8eeb0659ee5df3db4d994cf12b2bb7e937738b17ad09bc620c6868e99a417ce0ad6970fbffab83cb2bbcdbb2ae0459e4358,2025-07-29T12:45:00.000,30,NO CONTROLS,NO CONTROLS,CLEAR,DAYLIGHT,PARKED MOTOR VEHICLE,DIVIDED - W/MEDIAN (NOT RAISED),STRAIGHT AND LEVEL,DRY,NO DEFECTS,NOT ON SCENE (DESK REPORT),NO INJURY / DRIVE AWAY,,$500 OR LESS,2025-08-02T08:20:00.000,UNABLE TO DETERMINE,UNABLE TO DETERMINE,180,N,ADA ST,1224,2,NO INDICATION OF INJURY,0,0,0,0,0,1,0,12,3,7,41.8852708264,-87.660909998,"{'type': 'Point', 'coordinates': [-87.66090999804, 41.885270826398]}",,,Y,,,,,,,
5c9398ac06cc39684e81ed8d3d5412791ddf73d98fec12b7f4832fbafa0c63c1ba0bfc888080ab94437537515221ef445e101e65d67c802c2deadacf36eaa4fe,2025-07-29T12:40:00.000,30,NO CONTROLS,NO CONTROLS,CLEAR,DAYLIGHT,PARKED MOTOR VEHICLE,ONE-WAY,STRAIGHT AND LEVEL,DRY,UNKNOWN,ON SCENE,NO INJURY / DRIVE AWAY,,"OVER $1,500",2025-07-29T13:01:00.000,DRIVING SKILLS/KNOWLEDGE/EXPERIENCE,UNABLE TO DETERMINE,5317,W,LELAND AVE,1623,2,NO INDICATION OF INJURY,0,0,0,0,0,3,0,12,3,7,41.9654731366,-87.7609059153,"{'type': 'Point', 'coordinates': [-87.760905915284, 41.965473136599]}",,,,,,,,,,
c80fc0717033e254b74d4a3b218f3184de9541d9c0d6b9d22ded13d6c9a5664523c5bdd5d456de850b20c8cefe11fd374f9c1f1e614eb528b3c2d87baebe352a,2025-07-29T12:35:00.000,20,NO CONTROLS,NO CONTROLS,CLEAR,DAYLIGHT,PEDESTRIAN,ALLEY,STRAIGHT AND LEVEL,DRY,UNKNOWN,ON SCENE,INJURY AND / OR TOW DUE TO CRASH,,"OVER $1,500",2025-07-29T12:46:00.000,UNABLE TO DETERMINE,UNABLE TO DETERMINE,3312,W,PIERCE AVE,1422,3,NONINCAPACITATING INJURY,1,0,0,1,0,1,0,12,3,7,41.9092646856,-87.7100185825,"{'type': 'Point', 'coordinates': [-87.710018582455, 41.909264685646]}",,,,,,,,,,
66d9be7af471d564d08ade09ccfae4eb6be517589e1e08c27282115c404b1baa80720d551d2ac04c90db952ee4af288ed090368b8aa4eefb8fdcd94934006a44,2025-07-29T12:30:00.000,30,NO CONTROLS,NO CONTROLS,CLEAR,DAYLIGHT,OTHER OBJECT,DIVIDED - W/MEDIAN (NOT RAISED),STRAIGHT AND LEVEL,UNKNOWN,UNKNOWN,ON SCENE,INJURY AND / OR TOW DUE TO CRASH,Y,"$501 - $1,500",2025-07-29T17:16:00.000,FAILING TO YIELD RIGHT-OF-WAY,UNABLE TO DETERMINE,9500,S,GREENWOOD AVE,511,2,NONINCAPACITATING INJURY,1,0,0,1,0,1,0,12,3,7,41.7220619428,-87.597354932,"{'type': 'Point', 'coordinates': [-87.597354931999, 41.722061942791]}",,,Y,,,,,,,
61e9ff4c940df6f284e0119969fa1d417db66d7d9e071397f8b4d2af0bc98ec1dd55b1884a8791f88ef990c3bb511ccd4ee15b411837a5db177378a8899f3a5c,2025-07-29T12:27:00.000,15,NO CONTROLS,NO CONTROLS,CLEAR,DAYLIGHT,PARKED MOTOR VEHICLE,PARKING LOT,STRAIGHT AND LEVEL,DRY,NO DEFECTS,NOT ON SCENE (DESK REPORT),NO INJURY / DRIVE AWAY,,"$501 - $1,500",2025-08-06T15:30:00.000,HAD BEEN DRINKING (USE WHEN ARREST IS NOT MADE),NOT APPLICABLE,20,E,RANDOLPH ST,111,2,NO INDICATION OF INJURY,0,0,0,0,0,1,0,12,3,7,41.8846028549,-87.6271869402,"{'type': 'Point', 'coordinates': [-87.627186940196, 41.884602854888]}",,,,,,,,,,
711149fb62341649de9a4b3b54029289fc8ec12c372e51187081c2e97e2d142e1082aa2d2e1cb430f3f634a993ebd8f8f6e758b5316ec2d4c02e516562944a5c,2025-07-29T12:22:00.000,30,NO CONTROLS,NO CONTROLS,CLEAR,DAYLIGHT,PEDALCYCLIST,NOT DIVIDED,STRAIGHT AND LEVEL,DRY,NO DEFECTS,ON SCENE,INJURY AND / OR TOW DUE TO CRASH,Y,$500 OR LESS,2025-07-29T12:24:00.000,FAILING TO REDUCE SPEED TO AVOID CRASH,NOT APPLICABLE,3505,W,CHICAGO AVE,1121,2,"REPORTED, NOT EVIDENT",1,0,0,0,1,1,0,12,3,7,41.8953715288,-87.7140786685,"{'type': 'Point', 'coordinates': [-87.714078668542, 41.89537152884]}",,,Y,,,,,,,
a24a6dcd5272a9264bd3ac636697b2ea71ef4a0fc36e1e62168b2d902bd852eecc96f600afe321aeba9f0c5c14402dbf47f9aa19767aa6a4691b33f471182fc7,2025-07-29T12:20:00.000,30,TRAFFIC SIGNAL,FUNCTIONING PROPERLY,CLEAR,DAYLIGHT,REAR END,NOT DIVIDED,STRAIGHT AND LEVEL,DRY,UNKNOWN,NOT ON SCENE (DESK REPORT),NO INJURY / DRIVE AWAY,,"OVER $1,500",2025-07-29T20:15:00.000,UNABLE TO DETERMINE,NOT APPLICABLE,6,E,87TH ST,632,2,NO INDICATION OF INJURY,0,0,0,0,0,2,0,12,3,7,41.7364147774,-87.6239220206,"{'type': 'Point', 'coordinates': [-87.623922020594, 41.736414777356]}",,,,,,,,,,
f09a0e11ac63787deaced109137357d45fa541983801b1e7e4e4412216572ba2b9dbb05fa29c39a78e045d9de8454ca5bb8dbb25628c9883c0f2e258460d7d19,2025-07-29T12:20:00.000,30,NO CONTROLS,NO CONTROLS,CLEAR,DAYLIGHT,TURNING,NOT DIVIDED,STRAIGHT AND LEVEL,UNKNOWN,UNKNOWN,NOT ON SCENE (DESK REPORT),NO INJURY / DRIVE AWAY,,"OVER $1,500",2025-07-29T12:30:00.000,UNABLE TO DETERMINE,UNABLE TO DETERMINE,4758,N,MILWAUKEE AVE,1623,2,NO INDICATION OF INJURY,0,0,0,0,0,2,0,12,3,7,41.9669756608,-87.7601477043,"{'type': 'Point', 'coordinates': [-87.760147704254, 41.966975660842]}",,,,,,,,,,
d495bfcc7e8b4d0049a3790f8dacd869affab1a312bf43d9a57f3017f470e5bcae3b2c67df8eb342279139783141e5c99d662b7c5e4d641a223276a81ec1720d,2025-07-29T12:15:00.000,30,TRAFFIC SIGNAL,UNKNOWN,UNKNOWN,DAYLIGHT,SIDESWIPE SAME DIRECTION,NOT DIVIDED,STRAIGHT AND LEVEL,UNKNOWN,UNKNOWN,NOT ON SCENE (DESK REPORT),NO INJURY / DRIVE AWAY,,"OVER $1,500",2025-08-05T09:21:00.000,DRIVING SKILLS/KNOWLEDGE/EXPERIENCE,UNABLE TO DETERMINE,100,S,LAKE SHORE DR NB,114,2,NO INDICATION OF INJURY,0,0,0,0,0,2,0,12,3,7,41.8808560477,-87.6176358918,"{'type': 'Point', 'coordinates': [-87.617635891755, 41.880856047671]}",,,Y,,,,,,,
7e17b8eda91325e721f63cc34551746c4f077b2bee50cd6f24b403e7fe059c4e0daf655a608080e9b922822717a2954147937e063e2641dfd0ab2c2cd605e3fe,2025-07-29T12:05:00.000,30,NO CONTROLS,NO CONTROLS,CLEAR,DAYLIGHT,PARKED MOTOR VEHICLE,NOT DIVIDED,STRAIGHT AND LEVEL,DRY,NO DEFECTS,ON SCENE,NO INJURY / DRIVE AWAY,,"OVER $1,500",2025-07-29T12:08:00.000,UNABLE TO DETERMINE,UNABLE TO DETERMINE,2553,W,82ND ST,835,2,NO INDICATION OF INJURY,0,0,0,0,0,1,0,12,3,7,41.744457594,-87.6872713305,"{'type': 'Point', 'coordinates': [-87.68727133048, 41.744457594017]}",,,Y,,,,,,,
9015da568992951027add5c759371c4770a5ea0db45db6fd30bfa734ed9c9f8f649348be31626f7cfd796bf9fd2180c3cdef33bb34c3a2ec0d0209dede1efbe1,2025-07-29T12:01:00.000,30,TRAFFIC SIGNAL,FUNCTIONING PROPERLY,CLEAR,DAYLIGHT,SIDESWIPE SAME DIRECTION,DIVIDED - W/MEDIAN BARRIER,STRAIGHT AND LEVEL,UNKNOWN,UNKNOWN,ON SCENE,NO INJURY / DRIVE AWAY,,"OVER $1,500",2025-07-29T12:01:00.000,IMPROPER OVERTAKING/PASSING,NOT APPLICABLE,1801,S,STATE ST,131,2,NO INDICATION OF INJURY,0,0,0,0,0,2,0,12,3,7,41.8577494208,-87.6270477872,"{'type': 'Point', 'coordinates': [-87.627047787153, 41.85774942081]}",,,,,,,,,,
0f368ae391b1a209004893b3f0cfb2fbfbb9987a9ceaef94039b438bf2beeb99cd22f32645a0cc78e0cf66337dfaef04a231255ff7c6a1ee51e1b829b9d21995,2025-07-29T12:00:00.000,30,NO CONTROLS,NO CONTROLS,CLEAR,DAYLIGHT,SIDESWIPE SAME DIRECTION,DIVIDED - W/MEDIAN (NOT RAISED),STRAIGHT AND LEVEL,DRY,NO DEFECTS,NOT ON SCENE (DESK REPORT),NO INJURY / DRIVE AWAY,,"$501 - $1,500",2025-07-29T13:39:00.000,IMPROPER OVERTAKING/PASSING,NOT APPLICABLE,3742,S,KEDZIE AVE,911,2,NO INDICATION OF INJURY,0,0,0,0,0,2,0,12,3,7,41.8247884262,-87.7046081287,"{'type': 'Point', 'coordinates': [-87.704608128741, 41.824788426177]}",,,Y,,,,,,,
13fca5be65d5b8c49b39383c50792f2513e38986ab64f9f8a76ea5d023e68e02735b171393d48208378b3dae6f086a2965e5050a0b4d3e3a73c26bd4adb9b27d,2025-07-29T12:00:00.000,30,TRAFFIC SIGNAL,FUNCTIONING PROPERLY,UNKNOWN,DAYLIGHT,ANGLE,FOUR WAY,STRAIGHT AND LEVEL,UNKNOWN,UNKNOWN,,NO INJURY / DRIVE AWAY,Y,"OVER $1,500",2025-07-29T13:30:00.000,UNABLE TO DETERMINE,NOT APPLICABLE,474,N,LAKE SHORE DR NB,1834,2,NO INDICATION OF INJURY,0,0,0,0,0,2,0,12,3,7,41.8906913834,-87.614384797,"{'type': 'Point', 'coordinates': [-87.614384796968, 41.890691383396]}",,,,,,,,,,
9f9c463da0df8f7d838973ab3c8a4d306f39024d13fa10baf8af436c31b9e5c5b364f1b75e100cdaa5bfc26cc01593eac332e5976538e15d0dceca1bc03aea1c,2025-07-29T12:00:00.000,30,NO CONTROLS,NO CONTROLS,CLEAR,DAYLIGHT,PARKED MOTOR VEHICLE,NOT DIVIDED,STRAIGHT AND LEVEL,DRY,NO DEFECTS,NOT ON SCENE (DESK REPORT),NO INJURY / DRIVE AWAY,,"$501 - $1,500",2025-07-30T14:00:00.000,IMPROPER BACKING,IMPROPER BACKING,6656,S,STEWART AVE,722,2,NO INDICATION OF INJURY,0,0,0,0,0,2,0,12,3,7,41.7727398667,-87.6350033888,"{'type': 'Point', 'coordinates': [-87.635003388841, 41.772739866661]}",,,,,,,,,,
fb5152f68a95dd9ee42940d5bc22c6fea0d966e6b0d200ed4631629c3568aba12cdc7129b2aa9382aa810593b24f6c8e3532067f8aea1c8e587c5050a8a8abc9,2025-07-29T12:00:00.000,30,NO CONTROLS,NO CONTROLS,CLEAR,DAYLIGHT,PARKED MOTOR VEHICLE,NOT DIVIDED,STRAIGHT AND LEVEL,DRY,NO DEFECTS,ON SCENE,NO INJURY / DRIVE AWAY,,"OVER $1,500",2025-07-29T12:05:00.000,FOLLOWING TOO CLOSELY,UNABLE TO DETERMINE,1230,W,33RD ST,913,2,NO INDICATION OF INJURY,0,0,0,0,0,1,0,12,3,7,41.834391284,-87.6575246504,"{'type': 'Point', 'coordinates': [-87.657524650352, 41.834391283956]}",,,,,,,,,,
3067ac105b12284563b937d75515bf75e509f22d2280bf63d8173e22ffa59b39feaa43b4063b60fffe84436f6d1f258505bc79e4b6173659286f4ed95818c640,2025-07-29T11:55:00.000,30,TRAFFIC SIGNAL,FUNCTIONING PROPERLY,CLEAR,DAYLIGHT,REAR END,DIVIDED - W/MEDIAN (NOT RAISED),STRAIGHT AND LEVEL,DRY,NO DEFECTS,NOT ON SCENE (DESK REPORT),NO INJURY / DRIVE AWAY,,$500 OR LESS,2025-07-31T09:50:00.000,FOLLOWING TOO CLOSELY,UNABLE TO DETERMINE,4385,N,MILWAUKEE AVE,1624,2,NO INDICATION OF INJURY,0,0,0,0,0,2,0,11,3,7,41.960645989,-87.7543130142,"{'type': 'Point', 'coordinates': [-87.754313014235, 41.960645989038]}",,,,,,,,,,
9328019967107159cbe38b3789277175749bdc95cac80c892bd92df7368de096d36bbbb0973be7badb6309d2756a447d0fe97430efe1438f4327b033615c0f81,2025-07-29T11:50:00.000,10,NO CONTROLS,NO CONTROLS,UNKNOWN,DARKNESS,PARKED MOTOR VEHICLE,PARKING LOT,STRAIGHT AND LEVEL,UNKNOWN,NO DEFECTS,NOT ON SCENE (DESK REPORT),NO INJURY / DRIVE AWAY,,$500 OR LESS,2025-07-30T09:31:00.000,UNABLE TO DETERMINE,UNABLE TO DETERMINE,2027,W,ADAMS ST,1225,2,NO INDICATION OF INJURY,0,0,0,0,0,1,0,11,3,7,41.8786238659,-87.6777390808,"{'type': 'Point', 'coordinates': [-87.677739080831, 41.878623865943]}",,,Y,,Y,,,,,
cb6db2abc6724444c49386ee8134adcd5dd81e57388be71bb661d38ccaa78e359189d5da8eebf0741ce3da409dda4dbaa42c0f2552e57107613898c91f0b5026,2025-07-29T11:50:00.000,30,STOP SIGN/FLASHER,NO CONTROLS,CLEAR,DAYLIGHT,TURNING,NOT DIVIDED,STRAIGHT AND LEVEL,DRY,NO DEFECTS,ON SCENE,NO INJURY / DRIVE AWAY,Y,"$501 - $1,500",2025-07-29T11:55:00.000,DRIVING SKILLS/KNOWLEDGE/EXPERIENCE,FAILING TO YIELD RIGHT-OF-WAY,5634,W,DIVERSEY AVE,2514,2,NO INDICATION OF INJURY,0,0,0,0,0,2,0,11,3,7,41.9313679381,-87.7676803009,"{'type': 'Point', 'coordinates': [-87.767680300905, 41.931367938131]}",,,,,,,,,,
0c4a65d8bd0baa141e834b41e4801b306d05382c24517360d0df2a2c39a8bf091e91c0616e00c052208f0a4e73bcd26a6df9a8b1ffa1f9b3dea279c771455bf1,2025-07-29T11:45:00.000,15,NO CONTROLS,NO CONTROLS,RAIN,DAYLIGHT,PARKED MOTOR VEHICLE,PARKING LOT,STRAIGHT AND LEVEL,DRY,UNKNOWN,NOT ON SCENE (DESK REPORT),NO INJURY / DRIVE AWAY,,"OVER $1,500",2025-07-29T17:54:00.000,DRIVING SKILLS/KNOWLEDGE/EXPERIENCE,NOT APPLICABLE,3525,W,PETERSON AVE,1711,2,NO INDICATION OF INJURY,0,0,0,0,0,1,0,11,3,7,41.9901698938,-87.71749465,"{'type': 'Point', 'coordinates': [-87.717494650001, 41.990169893768]}",N,,,,Y,,,,,
bd02974ae405471c4922e4c5156c35b9de270dcc48b08363e58553c6fb3ca121f705107a92c4649d627b28b1c7f120b4c7cf18f847ba72682a656c2963829368,2025-07-29T11:45:00.000,30,NO CONTROLS,NO CONTROLS,CLEAR,DAYLIGHT,PARKED MOTOR VEHICLE,ONE-WAY,STRAIGHT AND LEVEL,DRY,NO DEFECTS,ON SCENE,INJURY AND / OR TOW DUE TO CRASH,,"OVER $1,500",2025-07-29T11:54:00.000,UNABLE TO DETERMINE,NOT APPLICABLE,6117,N,RAVENSWOOD AVE,2433,2,NO INDICATION OF INJURY,0,0,0,0,0,1,0,11,3,7,41.9926140839,-87.6747021768,"{'type': 'Point', 'coordinates': [-87.674702176763, 41.992614083862]}",,,,,,,,,,
bf5f2a4c43880a65817de5b679b3ccb232655e6e454ad5d189482a135ecbf262b5cf6adf7f8d3ebb78b56b92fae995f155acd0d2d97cf109cece67ae39db6df6,2025-07-29T11:30:00.000,30,NO CONTROLS,FUNCTIONING IMPROPERLY,CLEAR,DAYLIGHT,SIDESWIPE SAME DIRECTION,DIVIDED - W/MEDIAN (NOT RAISED),STRAIGHT AND LEVEL,DRY,UNKNOWN,NOT ON SCENE (DESK REPORT),NO INJURY / DRIVE AWAY,,"OVER $1,500",2025-07-29T12:31:00.000,IMPROPER LANE USAGE,NOT APPLICABLE,13000,S,INDIANA AVE,533,2,NO INDICATION OF INJURY,0,0,0,0,0,2,0,11,3,7,41.6590092158,-87.6174479065,"{'type': 'Point', 'coordinates': [-87.617447906473, 41.659009215787]}",,,Y,,,,,,,
79f8c2747db452262531ed892c90468e78d0728e72d60c1e204a27d88a45216676ab0076898b5568ec2b31afac6b0e43e1eeabcc854682c2e1f5fb3e39e1d8b2,2025-07-29T11:29:00.000,30,STOP SIGN/FLASHER,FUNCTIONING PROPERLY,CLEAR,DAYLIGHT,PEDESTRIAN,FOUR WAY,STRAIGHT AND LEVEL,DRY,NO DEFECTS,ON SCENE,INJURY AND / OR TOW DUE TO CRASH,Y,$500 OR LESS,2025-07-29T11:29:00.000,OBSTRUCTED CROSSWALKS,FAILING TO YIELD RIGHT-OF-WAY,1,E,GOETHE ST,1824,2,NONINCAPACITATING INJURY,1,0,0,1,0,1,0,11,3,7,41.9057095082,-87.6286707464,"{'type': 'Point', 'coordinates': [-87.628670746448, 41.905709508166]}",,,,,,,,,,
cea45da4999da807b80c60eb40d3728d64ea3ebe1da49cdf55b74f587e548426c09113a85614a3fd0e848bdfad4a58f73bed367a2d6bc26c9938bc425b147329,2025-07-29T11:20:00.000,30,NO CONTROLS,NO CONTROLS,CLEAR,DAYLIGHT,REAR END,NOT DIVIDED,STRAIGHT AND LEVEL,DRY,NO DEFECTS,,NO INJURY / DRIVE AWAY,,"OVER $1,500",2025-07-29T12:26:00.000,UNABLE TO DETERMINE,NOT APPLICABLE,5700,S,LAKE SHORE DR,331,2,NO INDICATION OF INJURY,0,0,0,0,0,2,0,11,3,7,41.7914202821,-87.5801477687,"{'type': 'Point', 'coordinates': [-87.580147768689, 41.791420282098]}",,,,,,,,,,
c5758b68e73856307462b32f25f7b36dc55f8b7af86f1bb732d7422308d0458dec9260b789efc4c52c3695f9dd84ce6548932d393681bf5a7a8c157aeef8274f,2025-07-29T11:10:00.000,30,OTHER,OTHER,CLEAR,DAYLIGHT,SIDESWIPE SAME DIRECTION,NOT DIVIDED,STRAIGHT AND LEVEL,DRY,NO DEFECTS,ON SCENE,NO INJURY / DRIVE AWAY,,"OVER $1,500",2025-07-29T11:18:00.000,UNABLE TO DETERMINE,NOT APPLICABLE,2307,N,DAMEN AVE,1432,2,NO INDICATION OF INJURY,0,0,0,0,0,2,0,11,3,7,41.9230458189,-87.6776649022,"{'type': 'Point', 'coordinates': [-87.677664902167, 41.923045818942]}",,,,,,,,,,
7cdb087b212173d570faa405a15c9a0891e0f748e384ef0bb12d90a58979b38483251593a8819f8c5179f539476e8ad91d80fc3e681ee618a373a323eafb181e,2025-07-29T11:09:00.000,30,NO CONTROLS,NO CONTROLS,CLEAR,DAYLIGHT,PARKED MOTOR VEHICLE,NOT DIVIDED,STRAIGHT AND LEVEL,DRY,NO DEFECTS,ON SCENE,NO INJURY / DRIVE AWAY,,"OVER $1,500",2025-07-29T11:12:00.000,UNABLE TO DETERMINE,UNABLE TO DETERMINE,2185,N,STAVE ST,1431,2,NO INDICATION OF INJURY,0,0,0,0,0,1,0,11,3,7,41.9209888179,-87.696725023,"{'type': 'Point', 'coordinates': [-87.69672502304, 41.920988817865]}",,,,,,,,,,
11d9d59d20a8dc0a5332982b9ae7ebcd4482aedba353744e6594dba645e4ba55ffff244e48a91ea994009690572df015dab9b1737ca6b7e7ccb50c295749d3a4,2025-07-29T11:05:00.000,40,NO CONTROLS,NO CONTROLS,CLEAR,DAYLIGHT,SIDESWIPE SAME DIRECTION,OTHER,STRAIGHT AND LEVEL,DRY,NO DEFECTS,ON SCENE,NO INJURY / DRIVE AWAY,,"OVER $1,500",2025-07-29T11:10:00.000,IMPROPER OVERTAKING/PASSING,NOT APPLICABLE,2500,N,LAKE SHORE DR NB,1935,2,NO INDICATION OF INJURY,0,0,0,0,0,2,0,11,3,7,41.9277139357,-87.6320148144,"{'type': 'Point', 'coordinates': [-87.632014814397, 41.927713935716]}",,,,,,,,,,
007b61c5dba13b48996e500fe5719f512f16950db6971699c174c68affd43a60d916681c148d3b6a55e113fdf7fce049621b2e9da1bbad9072fb660d8115b39a,2025-07-29T11:00:00.000,25,NO CONTROLS,NO CONTROLS,CLEAR,DAYLIGHT,PARKED MOTOR VEHICLE,NOT DIVIDED,STRAIGHT AND LEVEL,DRY,NO DEFECTS,ON SCENE,NO INJURY / DRIVE AWAY,,"OVER $1,500",2025-07-29T11:30:00.000,IMPROPER BACKING,NOT APPLICABLE,312,W,114TH ST,522,2,NO INDICATION OF INJURY,0,0,0,0,0,1,0,11,3,7,41.6871558319,-87.6307454542,"{'type': 'Point', 'coordinates': [-87.630745454208, 41.687155831863]}",,,,,,,,,,
10c98f478c6d420675a9ed4e2771fa79780d2c58b171d7d25ce85af3ad0b650ed5e312918558f7044458bfe3ececb7825db8113d44d989ccc454ed41bf17c4e7,2025-07-29T11:00:00.000,30,NO CONTROLS,NO CONTROLS,CLEAR,DAYLIGHT,PARKED MOTOR VEHICLE,NOT DIVIDED,STRAIGHT AND LEVEL,DRY,NO DEFECTS,NOT ON SCENE (DESK REPORT),NO INJURY / DRIVE AWAY,,"OVER $1,500",2025-07-29T18:05:00.000,UNABLE TO DETERMINE,UNABLE TO DETERMINE,1305,W,HENDERSON ST,1924,2,NO INDICATION OF INJURY,0,0,0,0,0,1,0,11,3,7,41.9424252469,-87.661739488,"{'type': 'Point', 'coordinates': [-87.66173948799, 41.942425246902]}",,,Y,,,,,,,
83753e4a4ac416d48a4155aef46b424851c2a3a797e40d0dad1fb0c80970bb6635148d6b43b80204a41573f44ced11c8b3bf25ab6a86bfcd681abb9f4cba6174,2025-07-29T11:00:00.000,30,TRAFFIC SIGNAL,FUNCTIONING PROPERLY,CLEAR,DAYLIGHT,REAR END,NOT DIVIDED,STRAIGHT AND LEVEL,DRY,NO DEFECTS,NOT ON SCENE (DESK REPORT),NO INJURY / DRIVE AWAY,Y,"OVER $1,500",2025-07-29T11:32:00.000,DRIVING SKILLS/KNOWLEDGE/EXPERIENCE,NOT APPLICABLE,632,N,DEARBORN ST,1832,2,NO INDICATION OF INJURY,0,0,0,0,0,2,0,11,3,7,41.8933593542,-87.6298451468,"{'type': 'Point', 'coordinates': [-87.629845146787, 41.893359354192]}",,,,,,,,,,
26c7dd629292e0b79fc572a1d3b47a1f39403d00c7eefe095e94fc40c86353c44855c407a616abae6ad6cc7e08b3450c1491b2c338aeb16cfa624cc173aaa114,2025-07-29T10:53:00.000,15,NO CONTROLS,NO CONTROLS,CLEAR,DAYLIGHT,ANGLE,ALLEY,STRAIGHT AND LEVEL,DRY,NO DEFECTS,ON SCENE,INJURY AND / OR TOW DUE TO CRASH,,"OVER $1,500",2025-07-29T10:57:00.000,FAILING TO REDUCE SPEED TO AVOID CRASH,NOT APPLICABLE,7908,S,LANGLEY AVE,624,2,NONINCAPACITATING INJURY,1,0,0,1,0,2,0,10,3,7,41.7509233634,-87.6077965477,"{'type': 'Point', 'coordinates': [-87.607796547673, 41.750923363422]}",,,Y,Y,,,,,,
7a801afcd78a519a785ac94a3bc5222ff27837ec795b2199caa05e60cc23d75c06d7f530bfad0b36731ea49a9db0e00701d527612c54bb32e5b3f3e6bbee8e0c,2025-07-29T10:50:00.000,30,TRAFFIC SIGNAL,FUNCTIONING PROPERLY,CLEAR,DAYLIGHT,PEDALCYCLIST,FOUR WAY,STRAIGHT AND LEVEL,UNKNOWN,UNKNOWN,ON SCENE,INJURY AND / OR TOW DUE TO CRASH,Y,"$501 - $1,500",2025-07-29T10:53:00.000,FAILING TO YIELD RIGHT-OF-WAY,UNABLE TO DETERMINE,6400,N,CALDWELL AVE,1621,2,NONINCAPACITATING INJURY,1,0,0,1,0,1,0,10,3,7,41.9972314882,-87.7668182559,"{'type': 'Point', 'coordinates': [-87.766818255859, 41.997231488192]}",,,Y,,,,,,,
42f5ebab9454ce69d8e390c75914df1555c606b117d391d01d19669eb04922aa0714f13dc1fb53f705efcb9756c18dd93b65f21ef2c712e29f94ae9af6523f0e,2025-07-29T10:45:00.000,30,UNKNOWN,UNKNOWN,CLEAR,DAYLIGHT,SIDESWIPE SAME DIRECTION,UNKNOWN,STRAIGHT AND LEVEL,DRY,UNKNOWN,NOT ON SCENE (DESK REPORT),NO INJURY / DRIVE AWAY,,"OVER $1,500",2025-07-31T15:40:00.000,IMPROPER LANE USAGE,UNABLE TO DETERMINE,4700,S,LAKE PARK AVE,222,2,NO INDICATION OF INJURY,0,0,0,0,0,2,0,10,3,7,41.8095347808,-87.5924502234,"{'type': 'Point', 'coordinates': [-87.592450223394, 41.809534780826]}",,,,,,,,,,