crash_record_id,crash_date,posted_speed_limit,traffic_control_device,device_condition,weather_condition,lighting_condition,first_crash_type,trafficway_type,alignment,roadway_surface_cond,road_defect,report_type,crash_type,intersection_related_i,damage,date_police_notified,prim_contributory_cause,sec_contributory_cause,street_no,street_direction,street_name,beat_of_occurrence,num_units,most_severe_injury,injuries_total,injuries_fatal,injuries_incapacitating,injuries_non_incapacitating,injuries_reported_not_evident,injuries_no_indication,injuries_unknown,crash_hour,crash_day_of_week,crash_month,latitude,longitude,location,private_property_i,photos_taken_i,hit_and_run_i,statements_taken_i,crash_date_est_i,work_zone_i,work_zone_type,dooring_i,lane_cnt,workers_present_i
9ebedcb764d87fff5c453ec594c9ed17661b82339f5919ef6201d6f8bd6386a149c7c463dfb9b65466d67877b9afae9427dc62836214037d807efeafc29c4b69,2025-07-29T10:40:00.000,30,NO CONTROLS,NO CONTROLS,CLEAR,DAYLIGHT,TURNING,NOT DIVIDED,STRAIGHT AND LEVEL,DRY,NO DEFECTS,ON SCENE,NO INJURY / DRIVE AWAY,Y,"OVER $1,500",2025-07-29T10:42:00.000,FAILING TO YIELD RIGHT-OF-WAY,NOT APPLICABLE,3101,W,BELMONT AVE,1411,2,NO INDICATION OF INJURY,0,0,0,0,0,2,0,10,3,7,41.939242767,-87.7048256266,"{'type': 'Point', 'coordinates': [-87.704825626589, 41.939242767039]}",,,,,,,,,,
d5030d1ce162a5f45aed6b080f31376c2a6ebd66bf7e8c657fd1112e5863703b097d442637fe5f3fcae02d63737bf5f36c6d1df021b95a8f71fe836f6c7b5858,2025-07-29T10:40:00.000,10,NO CONTROLS,NO CONTROLS,UNKNOWN,UNKNOWN,PARKED MOTOR VEHICLE,PARKING LOT,STRAIGHT AND LEVEL,UNKNOWN,UNKNOWN,NOT ON SCENE (DESK REPORT),NO INJURY / DRIVE AWAY,,"OVER $1,500",2025-07-29T14:59:00.000,UNABLE TO DETERMINE,UNABLE TO DETERMINE,3340,N,PULASKI RD,1731,2,NO INDICATION OF INJURY,0,0,0,0,0,1,0,10,3,7,41.9420026664,-87.7274198078,"{'type': 'Point', 'coordinates': [-87.727419807827, 41.942002666379]}",,,Y,,,,,,,
09a7dad12dec31adc6323754b4f143f6d6c16b361ec88bf217b7631b301cde10a6a9498c435e3f346bccd6ed5d4f9ca33e5100115b0eaceadd2105b3b10adcf9,2025-07-29T10:30:00.000,30,NO CONTROLS,NO CONTROLS,CLEAR,DAYLIGHT,PARKED MOTOR VEHICLE,DIVIDED - W/MEDIAN (NOT RAISED),STRAIGHT AND LEVEL,DRY,NO DEFECTS,NOT ON SCENE (DESK REPORT),NO INJURY / DRIVE AWAY,,"OVER $1,500",2025-07-29T12:00:00.000,UNABLE TO DETERMINE,NOT APPLICABLE,1309,S,CLAREMONT AVE,1233,2,NO INDICATION OF INJURY,0,0,0,0,0,1,0,10,3,7,41.8645188086,-87.6850159184,"{'type': 'Point', 'coordinates': [-87.685015918374, 41.86451880857]}",,,Y,,,,,,,
2744959f2f8b56359d735f357798ba05eef657d7f9adfba8612a9f8282fe15f614a4ef1d4edddfa79fca8f821e52e4efe9015babb327f6cf132cf868b6ed73c5,2025-07-29T10:30:00.000,30,NO CONTROLS,NO CONTROLS,UNKNOWN,UNKNOWN,PARKED MOTOR VEHICLE,ONE-WAY,STRAIGHT AND LEVEL,UNKNOWN,UNKNOWN,NOT ON SCENE (DESK REPORT),NO INJURY / DRIVE AWAY,,"OVER $1,500",2025-07-29T18:15:00.000,UNABLE TO DETERMINE,NOT APPLICABLE,7459,S,VERNON AVE,323,2,NO INDICATION OF INJURY,0,0,0,0,0,1,0,10,3,7,41.7585254229,-87.6137384321,"{'type': 'Point', 'coordinates': [-87.613738432054, 41.758525422892]}",,,Y,,Y,,,,,
4d641118d62e8d0f534c00e345bc063aa6dabef05d78d32fdcc2193de4e3936e1887d191cf2b121dd5f6a1b851d96342c51d54657fdfa49eb9b0376076918f54,2025-07-29T10:30:00.000,30,TRAFFIC SIGNAL,FUNCTIONING PROPERLY,CLEAR,DAYLIGHT,REAR END,FOUR WAY,STRAIGHT AND LEVEL,DRY,NO DEFECTS,NOT ON SCENE (DESK REPORT),NO INJURY / DRIVE AWAY,Y,"OVER $1,500",2025-07-30T08:40:00.000,UNABLE TO DETERMINE,NOT APPLICABLE,1700,W,CHICAGO AVE,1213,2,NO INDICATION OF INJURY,0,0,0,0,0,2,0,10,3,7,41.8961419129,-87.669792633,"{'type': 'Point', 'coordinates': [-87.669792632998, 41.896141912909]}",,,,,,,,,,
5f6eec25de824b0d7a70ace5fd8ecd8fce12357a3060646be4fe4fc140ebd4a59c46c699f20514f42dc67478496b45db0c19d43b8f3dbe49eec0875fa9c3f30a,2025-07-29T10:30:00.000,30,NO CONTROLS,NO CONTROLS,CLEAR,DAYLIGHT,REAR END,NOT DIVIDED,STRAIGHT AND LEVEL,DRY,NO DEFECTS,ON SCENE,NO INJURY / DRIVE AWAY,,$500 OR LESS,2025-07-29T10:36:00.000,NOT APPLICABLE,NOT APPLICABLE,4315,W,55TH ST,813,2,NO INDICATION OF INJURY,0,0,0,0,0,4,0,10,3,7,41.7930218149,-87.7312175585,"{'type': 'Point', 'coordinates': [-87.731217558534, 41.793021814882]}",,,,,,,,,,
93dd9674ced7ccf25f7ad6632575700ca0b11b97ce88f56f76306538feb70cfe63415403941b9e2be82d9a1a4b08039e9e6836a9dd0d4cedfa00c8e79af3920c,2025-07-29T10:30:00.000,30,NO CONTROLS,NO CONTROLS,CLEAR,DAYLIGHT,FIXED OBJECT,DIVIDED - W/MEDIAN BARRIER,STRAIGHT AND LEVEL,DRY,NO DEFECTS,ON SCENE,INJURY AND / OR TOW DUE TO CRASH,,"OVER $1,500",2025-07-29T11:15:00.000,ROAD ENGINEERING/SURFACE/MARKING DEFECTS,ROAD ENGINEERING/SURFACE/MARKING DEFECTS,8320,S,JEFFERY BLVD,412,1,NO INDICATION OF INJURY,0,0,0,0,0,1,0,10,3,7,41.7441450885,-87.5759956385,"{'type': 'Point', 'coordinates': [-87.57599563847, 41.744145088488]}",,,,,,,,,,
eb03194a0bbb20517fa1e2becdd9c51413d00c113551fdf293c381f4eab60ce3059596da79b58dfd238b4da83d6e0f72448b3b9b5fbe1a596ecf3543e18eec18,2025-07-29T10:30:00.000,30,NO CONTROLS,NO CONTROLS,CLEAR,DAYLIGHT,PARKED MOTOR VEHICLE,NOT DIVIDED,STRAIGHT AND LEVEL,DRY,NO DEFECTS,ON SCENE,NO INJURY / DRIVE AWAY,,$500 OR LESS,2025-07-29T10:40:00.000,UNABLE TO DETERMINE,NOT APPLICABLE,8700,S,COMMERCIAL AVE,423,2,NO INDICATION OF INJURY,0,0,0,0,0,1,0,10,3,7,41.7372855719,-87.5515751443,"{'type': 'Point', 'coordinates': [-87.551575144327, 41.73728557189]}",,,,,,,,,,
9907e6a62999a2b18ca204edfbee006349adbdebf00f1bb46c6260c91bb5d80b26135773eb94ec634a9dd33a1b27c92701867c7e71b5ec627ab24479f578ade8,2025-07-29T10:20:00.000,30,NO CONTROLS,NO CONTROLS,CLEAR,"DARKNESS, LIGHTED ROAD",PARKED MOTOR VEHICLE,NOT DIVIDED,STRAIGHT AND LEVEL,UNKNOWN,NO DEFECTS,NOT ON SCENE (DESK REPORT),NO INJURY / DRIVE AWAY,,"OVER $1,500",2025-07-31T07:20:00.000,UNABLE TO DETERMINE,UNABLE TO DETERMINE,5644,S,MORGAN ST,712,5,NO INDICATION OF INJURY,0,0,0,0,0,2,0,10,3,7,41.7910809882,-87.6500816883,"{'type': 'Point', 'coordinates': [-87.650081688254, 41.791080988223]}",,,Y,,,,,,,
42b6e46e7fcaa8744ff38ee43cb4c98f53ac80f8e5b67385f25c9106768b337d329f7e8bba2aacc6f08959e00d9b42facfc706c776df3cf28a0f38c5cf732838,2025-07-29T10:15:00.000,30,NO CONTROLS,NO CONTROLS,CLEAR,DAYLIGHT,REAR END,NOT DIVIDED,STRAIGHT AND LEVEL,UNKNOWN,UNKNOWN,NOT ON SCENE (DESK REPORT),NO INJURY / DRIVE AWAY,,"OVER $1,500",2025-07-29T10:35:00.000,FOLLOWING TOO CLOSELY,UNABLE TO DETERMINE,3515,W,LAWRENCE AVE,1723,2,NO INDICATION OF INJURY,0,0,0,0,0,3,0,10,3,7,41.9682596826,-87.7165099607,"{'type': 'Point', 'coordinates': [-87.716509960716, 41.96825968256]}",,,,,,,,,,
80c0acdbd2d638110c35303fe611d53bc95022793f6dd4f2193b1efdd6e39303b22c3c6090bb2fc59fe2b4901679381aa126d2fa54a004414c07fc81cf062d8d,2025-07-29T10:15:00.000,30,NO CONTROLS,NO CONTROLS,UNKNOWN,DAYLIGHT,TURNING,NOT DIVIDED,STRAIGHT AND LEVEL,UNKNOWN,NO DEFECTS,ON SCENE,INJURY AND / OR TOW DUE TO CRASH,,"$501 - $1,500",2025-07-31T10:04:00.000,UNABLE TO DETERMINE,NOT APPLICABLE,4653,S,WESTERN BLVD,924,2,NONINCAPACITATING INJURY,1,0,0,1,0,1,0,10,3,7,41.8086127913,-87.6837320811,"{'type': 'Point', 'coordinates': [-87.683732081075, 41.808612791332]}",,,Y,,,,,,,
eaab3ea427f70930dc63f11f0614f482087bb984a06120aae6f833363aa5c5f024e8869258fd8682aca8d08cb16f50ebd2ee74c5c0f7c14147ab0b0a64d61183,2025-07-29T10:15:00.000,30,TRAFFIC SIGNAL,FUNCTIONING PROPERLY,CLEAR,DAYLIGHT,REAR END,DIVIDED - W/MEDIAN (NOT RAISED),STRAIGHT AND LEVEL,DRY,NO DEFECTS,NOT ON SCENE (DESK REPORT),NO INJURY / DRIVE AWAY,Y,$500 OR LESS,2025-07-29T17:45:00.000,UNABLE TO DETERMINE,NOT APPLICABLE,8700,S,COTTAGE GROVE AVE,632,2,NO INDICATION OF INJURY,0,0,0,0,0,2,0,10,3,7,41.7366015585,-87.6049681002,"{'type': 'Point', 'coordinates': [-87.604968100168, 41.736601558476]}",,,,,,,,,,
1eb449d2bc03da79f98e66ede35382988963b922143c13699ce584346218c862f0b60440f5c37b16446d176a896d59eeeea5da3411aec46db77060c87d2f9c1b,2025-07-29T10:14:00.000,40,NO CONTROLS,NO CONTROLS,CLEAR,DAYLIGHT,SIDESWIPE SAME DIRECTION,DIVIDED - W/MEDIAN BARRIER,STRAIGHT AND LEVEL,DRY,NO DEFECTS,ON SCENE,INJURY AND / OR TOW DUE TO CRASH,,"OVER $1,500",2025-07-29T10:15:00.000,UNABLE TO DETERMINE,UNABLE TO DETERMINE,2201,N,LAKE SHORE DR NB,1814,2,NONINCAPACITATING INJURY,1,0,0,1,0,2,0,10,3,7,41.9221711562,-87.6297659149,"{'type': 'Point', 'coordinates': [-87.629765914858, 41.922171156214]}",,,Y,,,,,,,
60852ad0c85d41691608cb9e50ee1be3868a6153cfd4c7422a8bd482f389764633aab8020b0523aeb179ea778f563627020378e8a76a447528bb91501d16021a,2025-07-29T10:00:00.000,25,UNKNOWN,UNKNOWN,CLEAR,DAYLIGHT,REAR END,DIVIDED - W/MEDIAN (NOT RAISED),STRAIGHT AND LEVEL,DRY,NO DEFECTS,NOT ON SCENE (DESK REPORT),NO INJURY / DRIVE AWAY,,"OVER $1,500",2025-07-29T10:20:00.000,UNABLE TO DETERMINE,UNABLE TO DETERMINE,2000,W,AUGUSTA BLVD,1212,3,NO INDICATION OF INJURY,0,0,0,0,0,3,0,10,3,7,41.899659372,-87.6772807667,"{'type': 'Point', 'coordinates': [-87.677280766683, 41.899659371997]}",,,,,,,,,,
d8452aa66d4c1909e65ba80140a16fcdb7ad8e96fe4302f03713c63e2438cf978b04c25d892724e5a8bf6ffda715d0eddc4ebceb9f792c71cb6421952908002b,2025-07-29T10:00:00.000,30,NO CONTROLS,NO CONTROLS,CLEAR,DAYLIGHT,REAR TO REAR,DIVIDED - W/MEDIAN (NOT RAISED),STRAIGHT AND LEVEL,DRY,NO DEFECTS,NOT ON SCENE (DESK REPORT),NO INJURY / DRIVE AWAY,,"$501 - $1,500",2025-08-06T08:05:00.000,IMPROPER BACKING,DRIVING SKILLS/KNOWLEDGE/EXPERIENCE,5401,N,ELSTON AVE,1621,2,NO INDICATION OF INJURY,0,0,0,0,0,3,0,10,3,7,41.9795935502,-87.7585892718,"{'type': 'Point', 'coordinates': [-87.758589271767, 41.979593550153]}",,,,,,,,,,
685184ed6007677acb48d2546978eebbdb96cea5d14ccca8ee7f44851dcce975ce1d7ca22a7d2cd61e50d6906236895336cf9e5717ed2892413a831e1fe3c85d,2025-07-29T09:59:00.000,30,STOP SIGN/FLASHER,UNKNOWN,CLEAR,DAYLIGHT,SIDESWIPE OPPOSITE DIRECTION,UNKNOWN INTERSECTION TYPE,STRAIGHT AND LEVEL,DRY,UNKNOWN,ON SCENE,NO INJURY / DRIVE AWAY,,"OVER $1,500",2025-07-29T10:53:00.000,UNABLE TO DETERMINE,UNABLE TO DETERMINE,4600,S,MICHIGAN AVE,215,2,NO INDICATION OF INJURY,0,0,0,0,0,2,0,9,3,7,41.8110070469,-87.6230291092,"{'type': 'Point', 'coordinates': [-87.623029109238, 41.811007046873]}",,,Y,,,,,,,
2b981ba0f136b869b2a612cf826b92f6f4b3c54e57f58fb26716d66bdb44a2722453891b46b17b00687a6aba3337b90c29218597e500e9b8775a2f0754b91dc3,2025-07-29T09:50:00.000,35,TRAFFIC SIGNAL,FUNCTIONING PROPERLY,CLEAR,DAYLIGHT,PEDESTRIAN,DIVIDED - W/MEDIAN (NOT RAISED),STRAIGHT AND LEVEL,DRY,NO DEFECTS,ON SCENE,INJURY AND / OR TOW DUE TO CRASH,Y,"OVER $1,500",2025-07-29T09:52:00.000,FAILING TO YIELD RIGHT-OF-WAY,NOT APPLICABLE,4000,W,CHICAGO AVE,1111,2,INCAPACITATING INJURY,1,0,1,0,0,1,0,9,3,7,41.8954767516,-87.7261443599,"{'type': 'Point', 'coordinates': [-87.726144359916, 41.895476751637]}",,,,,,,,,,
2c0d12055f200083337da044815a776d7b2fb29265c21d0ec234553d4a6f08db6aaab379f8fd83f38995161ddb04c49e440c5179ba26aeac42ad7e56672c8b66,2025-07-29T09:45:00.000,30,TRAFFIC SIGNAL,FUNCTIONING PROPERLY,CLEAR,DAYLIGHT,SIDESWIPE SAME DIRECTION,NOT DIVIDED,STRAIGHT AND LEVEL,DRY,NO DEFECTS,NOT ON SCENE (DESK REPORT),NO INJURY / DRIVE AWAY,,"OVER $1,500",2025-07-29T10:45:00.000,UNABLE TO DETERMINE,UNABLE TO DETERMINE,4902,N,WESTERN AVE,2031,2,NO INDICATION OF INJURY,0,0,0,0,0,2,0,9,3,7,41.970553161,-87.6891174392,"{'type': 'Point', 'coordinates': [-87.689117439239, 41.970553161048]}",,,,,,,,,,
d7b7dc0dab80f5b7d0a1c250dd30d628423af93c585f910320610cd67453c203fa538161d864e6e91752ad287005c16de47528ea80e35c407f54ff26c6a03648,2025-07-29T09:45:00.000,35,UNKNOWN,UNKNOWN,CLEAR,DAYLIGHT,SIDESWIPE SAME DIRECTION,ONE-WAY,STRAIGHT AND LEVEL,DRY,UNKNOWN,NOT ON SCENE (DESK REPORT),NO INJURY / DRIVE AWAY,,"$501 - $1,500",2025-07-29T11:00:00.000,UNABLE TO DETERMINE,NOT APPLICABLE,17,E,MONROE ST,112,2,NO INDICATION OF INJURY,0,0,0,0,0,2,0,9,3,7,41.8806645784,-87.6270893644,"{'type': 'Point', 'coordinates': [-87.627089364442, 41.880664578396]}",,,,,,,,,,
5fec40ced54e27f0503f72c2b88a2093b3a7d6668625c703c3f7672f908dc5d7873066db6fb4ee5b9759a6f4f7056e526781cacaffe29e9014a92fa85edbfb40,2025-07-29T09:40:00.000,30,STOP SIGN/FLASHER,FUNCTIONING PROPERLY,CLEAR,DAYLIGHT,TURNING,FOUR WAY,STRAIGHT AND LEVEL,DRY,NO DEFECTS,ON SCENE,NO INJURY / DRIVE AWAY,Y,"OVER $1,500",2025-07-29T09:48:00.000,IMPROPER TURNING/NO SIGNAL,IMPROPER OVERTAKING/PASSING,5124,N,ASHLAND AVE,2032,2,NO INDICATION OF INJURY,0,0,0,0,0,2,0,9,3,7,41.9751364855,-87.6697398074,"{'type': 'Point', 'coordinates': [-87.669739807434, 41.975136485536]}",,,Y,,,,,,,
19d4900184b71c8fe14386d4df4fee36de98cf8f961f79b14109b76af2f2c5ac79cdea6f7a81e91b8e810607935803c4903206eff2c42ded3a68932129e6dac8,2025-07-29T09:30:00.000,35,NO CONTROLS,NO CONTROLS,CLEAR,DAYLIGHT,REAR END,PARKING LOT,STRAIGHT AND LEVEL,DRY,NO DEFECTS,NOT ON SCENE (DESK REPORT),NO INJURY / DRIVE AWAY,,"OVER $1,500",2025-07-29T09:50:00.000,UNABLE TO DETERMINE,UNABLE TO DETERMINE,3206,W,111TH ST,2211,2,NO INDICATION OF INJURY,0,0,0,0,0,2,0,9,3,7,41.6916741619,-87.7011513566,"{'type': 'Point', 'coordinates': [-87.701151356619, 41.69167416189]}",,,,,,,,,,
8b8be2e10f70c16df9a5432358d98a3de3cfc639156f0b00cbbfe7957861b591c32ab9a8821e7d96939ff0d471b2b1a105f3d7194f8fb034b44e24f324bc8c6f,2025-07-29T09:30:00.000,30,TRAFFIC SIGNAL,FUNCTIONING PROPERLY,CLEAR,DAYLIGHT,TURNING,FOUR WAY,STRAIGHT AND LEVEL,DRY,NO DEFECTS,NOT ON SCENE (DESK REPORT),NO INJURY / DRIVE AWAY,Y,"OVER $1,500",2025-07-29T11:40:00.000,DISREGARDING TRAFFIC SIGNALS,FAILING TO YIELD RIGHT-OF-WAY,404,S,DAMEN AVE,1225,2,NO INDICATION OF INJURY,0,0,0,0,0,3,0,9,3,7,41.876022731,-87.6766683734,"{'type': 'Point', 'coordinates': [-87.676668373357, 41.876022731035]}",,,,,,,,,,
45952ca1351b612cd6a5836f2cab1d9bd07ecd764601a236c8de3002ac001d77cdba07222cb4f0cddf4213c0f27757cdcd1be10b0d30bfe729612d4b41719dc0,2025-07-29T09:20:00.000,35,NO CONTROLS,UNKNOWN,CLEAR,DAYLIGHT,TURNING,NOT DIVIDED,STRAIGHT AND LEVEL,UNKNOWN,UNKNOWN,,INJURY AND / OR TOW DUE TO CRASH,,"OVER $1,500",2025-07-29T09:31:00.000,UNABLE TO DETERMINE,UNABLE TO DETERMINE,11900,S,ADA ST,524,2,NO INDICATION OF INJURY,0,0,0,0,0,3,0,9,3,7,41.6775410137,-87.6550742176,"{'type': 'Point', 'coordinates': [-87.655074217635, 41.677541013734]}",,,,,,,,,,
4237494f03aed7c78df88977a29b304d3f78d77c65423708a09cfd76fa0838ef4b71b038ed39d844dd8aa2130679edcfdea222af2c36fb56ae20097f6ea0d069,2025-07-29T09:17:00.000,30,TRAFFIC SIGNAL,UNKNOWN,CLEAR,DAYLIGHT,SIDESWIPE SAME DIRECTION,DIVIDED - W/MEDIAN BARRIER,STRAIGHT AND LEVEL,UNKNOWN,UNKNOWN,NOT ON SCENE (DESK REPORT),NO INJURY / DRIVE AWAY,,"OVER $1,500",2025-07-30T17:21:00.000,FAILING TO YIELD RIGHT-OF-WAY,NOT APPLICABLE,5964,N,RIDGE AVE,2012,2,NO INDICATION OF INJURY,0,0,0,0,0,2,0,9,3,7,41.9901093086,-87.6710829566,"{'type': 'Point', 'coordinates': [-87.671082956577, 41.990109308564]}",,,,,,,,,,
bbde76fea72ec4edbcf2aec834d124788844fb8a95975b75cd2b27408a8661ae0da89c5a9d7cd54f561a2493efd141a887deccb512c2d2ec63cc2094032f5725,2025-07-29T09:15:00.000,30,TRAFFIC SIGNAL,FUNCTIONING PROPERLY,CLEAR,DAYLIGHT,REAR END,NOT DIVIDED,STRAIGHT AND LEVEL,DRY,UNKNOWN,NOT ON SCENE (DESK REPORT),NO INJURY / DRIVE AWAY,,"OVER $1,500",2025-07-29T09:30:00.000,DISTRACTION - FROM INSIDE VEHICLE,UNABLE TO DETERMINE,4001,W,PETERSON AVE,1711,2,NO INDICATION OF INJURY,0,0,0,0,0,2,0,9,3,7,41.990024694,-87.728708871,"{'type': 'Point', 'coordinates': [-87.728708871015, 41.990024694008]}",,,,,,,,,,
cc4839080b9d403b51a494d2d38698421d4a7e51aa50d3006c7c7fb34d6c7460bf41c8b1ef4aa97ebb34a47e6188a9e6efd02252f33edf8487955a5c1385bfaa,2025-07-29T09:15:00.000,30,TRAFFIC SIGNAL,FUNCTIONING PROPERLY,CLEAR,DAYLIGHT,REAR END,FOUR WAY,STRAIGHT AND LEVEL,DRY,NO DEFECTS,NOT ON SCENE (DESK REPORT),NO INJURY / DRIVE AWAY,Y,"OVER $1,500",2025-07-29T10:15:00.000,FAILING TO YIELD RIGHT-OF-WAY,UNABLE TO DETERMINE,1558,W,LAKE ST,1215,2,NO INDICATION OF INJURY,0,0,0,0,0,2,0,9,3,7,41.8854487382,-87.6665669378,"{'type': 'Point', 'coordinates': [-87.666566937752, 41.885448738226]}",,,,,,,,,,
1760eed28c8122b6afbdfb22dd8d0f34fc2d200f535088e3617caba37c0f393bb007707a9b55c7e8d599e677a027a39511572b28c271ce5360e91aa59a029146,2025-07-29T09:10:00.000,30,TRAFFIC SIGNAL,FUNCTIONING PROPERLY,CLEAR,DAYLIGHT,TURNING,NOT DIVIDED,STRAIGHT AND LEVEL,DRY,NO DEFECTS,ON SCENE,NO INJURY / DRIVE AWAY,Y,"OVER $1,500",2025-07-29T09:50:00.000,IMPROPER BACKING,NOT APPLICABLE,2758,W,31ST ST,1034,2,NO INDICATION OF INJURY,0,0,0,0,0,2,0,9,3,7,41.8375264254,-87.6944773134,"{'type': 'Point', 'coordinates': [-87.694477313368, 41.837526425436]}",,,,,,,,,,
20759fc9510fa8d6df1e1ddddb434508b3daaa52fce6b8e58de43aa1cc7ec3c425e42ffa3ef6c97dd71d4a876b71cc65f1633501b13adf563b0808d165784816,2025-07-29T09:09:00.000,30,NO CONTROLS,NO CONTROLS,CLEAR,DAYLIGHT,SIDESWIPE SAME DIRECTION,NOT DIVIDED,STRAIGHT AND LEVEL,DRY,NO DEFECTS,NOT ON SCENE (DESK REPORT),NO INJURY / DRIVE AWAY,Y,"OVER $1,500",2025-07-29T09:55:00.000,UNABLE TO DETERMINE,NOT APPLICABLE,224,W,JACKSON BLVD,122,2,NO INDICATION OF INJURY,0,0,0,0,0,2,0,9,3,7,41.8782209054,-87.6344685788,"{'type': 'Point', 'coordinates': [-87.634468578757, 41.878220905396]}",,,,,Y,,,,,
15aae2df1882b107ce5f5960314011290026e8e66d4f3caffed693b9bedb0904a71815a30f1db33eb486974cf6ab11bc9d437cdcd646e4716684b3c95d510640,2025-07-29T09:00:00.000,15,NO CONTROLS,NO CONTROLS,RAIN,DAYLIGHT,PARKED MOTOR VEHICLE,PARKING LOT,STRAIGHT AND LEVEL,WET,NO DEFECTS,NOT ON SCENE (DESK REPORT),NO INJURY / DRIVE AWAY,,"OVER $1,500",2025-08-01T16:56:00.000,UNABLE TO DETERMINE,NOT APPLICABLE,1645,N,CALIFORNIA AVE,1421,2,NO INDICATION OF INJURY,0,0,0,0,0,1,0,9,3,7,41.9115649762,-87.696877053,"{'type': 'Point', 'coordinates': [-87.696877052971, 41.91156497617]}",Y,,Y,,,,,,,
162c0b49c5591a26c29b45c1ac41a64e0426ee2f09c41b249b7c27a0d42035c1d52ee0e83351832f2b1c38c94272077de4a04f72198532a4aaba03262324257b,2025-07-29T09:00:00.000,25,NO CONTROLS,NO CONTROLS,UNKNOWN,UNKNOWN,PARKED MOTOR VEHICLE,ONE-WAY,STRAIGHT AND LEVEL,UNKNOWN,UNKNOWN,NOT ON SCENE (DESK REPORT),NO INJURY / DRIVE AWAY,,"OVER $1,500",2025-07-30T15:26:00.000,UNABLE TO DETERMINE,NOT APPLICABLE,6012,N,CLAREMONT AVE,2413,2,NO INDICATION OF INJURY,0,0,0,0,0,1,0,9,3,7,41.9909355575,-87.6885958835,"{'type': 'Point', 'coordinates': [-87.688595883495, 41.990935557523]}",,,Y,,,,,,,
ccc5a3e428e4db381dc04af24fb5db67bc82efab8ed46eaedc928bc5cd0b46b42394532223d12c9b2a52f82d9ed3e40c072f5f949c3138a23e07844b9eb8d332,2025-07-29T09:00:00.000,30,NO CONTROLS,NO CONTROLS,CLEAR,DAYLIGHT,PARKED MOTOR VEHICLE,NOT DIVIDED,STRAIGHT AND LEVEL,DRY,NO DEFECTS,NOT ON SCENE (DESK REPORT),NO INJURY / DRIVE AWAY,,"$501 - $1,500",2025-07-30T13:44:00.000,FAILING TO YIELD RIGHT-OF-WAY,NOT APPLICABLE,3912,W,78TH ST,833,2,NO INDICATION OF INJURY,0,0,0,0,0,1,0,9,3,7,41.7514841303,-87.7209566021,"{'type': 'Point', 'coordinates': [-87.720956602132, 41.751484130301]}",,,,,Y,,,,,
2739df2318ffffe5145a208fb38a4bc7022b600ae7ac5f87a7adf3914953596f56d3025e484ff8eef5eee2b01f9680d0fa421ad73804cfac58b8fd2ff627e560,2025-07-29T08:50:00.000,10,NO CONTROLS,NO CONTROLS,CLEAR,DAYLIGHT,FIXED OBJECT,ALLEY,STRAIGHT AND LEVEL,DRY,NO DEFECTS,ON SCENE,NO INJURY / DRIVE AWAY,,$500 OR LESS,2025-07-29T08:51:00.000,"VISION OBSCURED (SIGNS, TREE LIMBS, BUILDINGS, ETC.)","VISION OBSCURED (SIGNS, TREE LIMBS, BUILDINGS, ETC.)",347,W,SWANN ST,925,1,NO INDICATION OF INJURY,0,0,0,0,0,1,0,8,3,7,41.8097055021,-87.6350139742,"{'type': 'Point', 'coordinates': [-87.635013974193, 41.809705502088]}",,,,,,,,,,
8bfce0995e4a8a48af1174c8f5d7bf9388b28d9372a76100804ec3d23493a353f70ae662ed5cdde41fe05e81a12b2767082d198c10baa1ea4d39789ab22128c2,2025-07-29T08:40:00.000,20,NO CONTROLS,NO CONTROLS,CLEAR,DAYLIGHT,HEAD ON,NOT DIVIDED,STRAIGHT AND LEVEL,DRY,NO DEFECTS,ON SCENE,INJURY AND / OR TOW DUE TO CRASH,,"OVER $1,500",2025-07-29T08:46:00.000,DISTRACTION - FROM INSIDE VEHICLE,UNABLE TO DETERMINE,9226,S,PRINCETON AVE,634,2,NONINCAPACITATING INJURY,1,0,0,1,0,1,0,8,3,7,41.7262992081,-87.6299866187,"{'type': 'Point', 'coordinates': [-87.629986618703, 41.726299208093]}",,,,,,,,,,
7c1414663be5a6f5d6b38ec041ccc048e79629a34245f8ed42676bfbfe5f01c957a6d3339f78ef6abf98a060b55a2cbef7a9f01f064257528ffdf5083e0a6947,2025-07-29T08:35:00.000,30,NO CONTROLS,NO CONTROLS,CLEAR,DAYLIGHT,REAR END,"FIVE POINT, OR MORE",STRAIGHT AND LEVEL,DRY,NO DEFECTS,ON SCENE,NO INJURY / DRIVE AWAY,,"OVER $1,500",2025-07-29T08:54:00.000,FAILING TO REDUCE SPEED TO AVOID CRASH,NOT APPLICABLE,498,N,MILWAUKEE AVE,1214,2,NO INDICATION OF INJURY,0,0,0,0,0,2,0,8,3,7,41.8910478479,-87.6476213637,"{'type': 'Point', 'coordinates': [-87.647621363693, 41.891047847925]}",,,Y,N,,,,,,
bf28cc2525d1810a9787aefd9829e6670930ed0832ab2a74636aacb692ab317b92f8a254f32a13ed030b2addfcdcc3d84d83bc33d472dff960101bfaea16515d,2025-07-29T08:35:00.000,30,NO CONTROLS,NO CONTROLS,CLEAR,DAYLIGHT,ANGLE,ALLEY,STRAIGHT AND LEVEL,DRY,NO DEFECTS,,NO INJURY / DRIVE AWAY,,"OVER $1,500",2025-07-29T09:00:00.000,FAILING TO YIELD RIGHT-OF-WAY,UNABLE TO DETERMINE,4017,W,MONTROSE AVE,1722,2,NO INDICATION OF INJURY,0,0,0,0,0,3,0,8,3,7,41.9608280502,-87.7285564028,"{'type': 'Point', 'coordinates': [-87.728556402795, 41.960828050214]}",,,,,,,,,,