crash_record_id,crash_date,posted_speed_limit,traffic_control_device,device_condition,weather_condition,lighting_condition,first_crash_type,trafficway_type,alignment,roadway_surface_cond,road_defect,report_type,crash_type,intersection_related_i,damage,date_police_notified,prim_contributory_cause,sec_contributory_cause,street_no,street_direction,street_name,beat_of_occurrence,num_units,most_severe_injury,injuries_total,injuries_fatal,injuries_incapacitating,injuries_non_incapacitating,injuries_reported_not_evident,injuries_no_indication,injuries_unknown,crash_hour,crash_day_of_week,crash_month,latitude,longitude,location,private_property_i,photos_taken_i,hit_and_run_i,statements_taken_i,crash_date_est_i,work_zone_i,work_zone_type,dooring_i,lane_cnt,workers_present_i
31d35954dd356779b7701713bdafd9f586bd2a63fd65fecd5fe715b1a8fff7a5ed5e014065549e22de56cf07b28dde70cb10784eaaf554d4bba3a84db27d1b0f,2025-07-29T08:33:00.000,30,NO CONTROLS,NO CONTROLS,CLEAR,DAYLIGHT,ANGLE,FOUR WAY,STRAIGHT AND LEVEL,DRY,NO DEFECTS,ON SCENE,NO INJURY / DRIVE AWAY,Y,$500 OR LESS,2025-07-29T08:34:00.000,UNABLE TO DETERMINE,NOT APPLICABLE,5128,N,CLARK ST,2032,2,NO INDICATION OF INJURY,0,0,0,0,0,2,0,8,3,7,41.9752236215,-87.6684590104,"{'type': 'Point', 'coordinates': [-87.668459010371, 41.97522362153]}",,,,,,,,,,
d062e720f20e57a6e16f1f5ce8fc2136c7ead8373c02f404f502be2fa53bdfddb413afe2c7317bc11956483c00896dee3e176aaf9c6255cbeddc34a4ee0a1077,2025-07-29T08:30:00.000,15,NO CONTROLS,NO CONTROLS,CLEAR,DAYLIGHT,PARKED MOTOR VEHICLE,PARKING LOT,STRAIGHT AND LEVEL,DRY,UNKNOWN,NOT ON SCENE (DESK REPORT),NO INJURY / DRIVE AWAY,,"$501 - $1,500",2025-08-02T16:43:00.000,DRIVING SKILLS/KNOWLEDGE/EXPERIENCE,UNABLE TO DETERMINE,2650,S,CALIFORNIA BLVD,1034,2,NO INDICATION OF INJURY,0,0,0,0,0,1,0,8,3,7,41.8432383536,-87.6947645444,"{'type': 'Point', 'coordinates': [-87.69476454437, 41.84323835355]}",Y,,,,N,,,,,
6b32d1a353430ba4cdede115f8b308c5eea8f7f13a1732165d69093b7df8415c95e1d531f43dd2b5185de33dd8931455c275c6fc0b46a9e2e45d383712c913ce,2025-07-29T08:24:00.000,30,NO CONTROLS,NO CONTROLS,CLEAR,DAYLIGHT,PARKED MOTOR VEHICLE,NOT DIVIDED,STRAIGHT AND LEVEL,DRY,NO DEFECTS,ON SCENE,NO INJURY / DRIVE AWAY,,"$501 - $1,500",2025-07-29T08:28:00.000,UNABLE TO DETERMINE,NOT APPLICABLE,1529,N,AUSTIN BLVD,2531,2,NO INDICATION OF INJURY,0,0,0,0,0,2,0,8,3,7,41.9083211132,-87.7754248902,"{'type': 'Point', 'coordinates': [-87.775424890181, 41.908321113166]}",,,,,,,,,,
8ed787db36fc146858f7eb664f67ac67090901e4a942de15e8287637c634263d2d16806bbe9f19c54cf94874a126bd0a4e0c6c6f07f1e23e7f099f59e116d361,2025-07-29T08:15:00.000,30,NO CONTROLS,NO CONTROLS,CLEAR,DAYLIGHT,SIDESWIPE SAME DIRECTION,DIVIDED - W/MEDIAN (NOT RAISED),STRAIGHT AND LEVEL,DRY,NO DEFECTS,NOT ON SCENE (DESK REPORT),NO INJURY / DRIVE AWAY,,"$501 - $1,500",2025-07-29T10:00:00.000,FAILING TO YIELD RIGHT-OF-WAY,IMPROPER OVERTAKING/PASSING,3145,W,DOUGLAS BLVD,1022,2,NO INDICATION OF INJURY,0,0,0,0,0,2,0,8,3,7,41.8624088555,-87.7048265726,"{'type': 'Point', 'coordinates': [-87.704826572563, 41.862408855503]}",,,Y,,,,,,,
989edc5532bcd2365bfcab2575fb473b3ab08a66fe898b42bb6d026ccc21950787e19d0a1c00f804268037f4d690cbf50e6682dcd53190f85d537871301e4026,2025-07-29T08:10:00.000,30,TRAFFIC SIGNAL,FUNCTIONING PROPERLY,CLEAR,DAYLIGHT,OTHER OBJECT,NOT DIVIDED,STRAIGHT AND LEVEL,DRY,UNKNOWN,NOT ON SCENE (DESK REPORT),INJURY AND / OR TOW DUE TO CRASH,,"OVER $1,500",2025-07-29T08:10:00.000,FAILING TO YIELD RIGHT-OF-WAY,FAILING TO YIELD RIGHT-OF-WAY,15,W,79TH ST,623,2,NONINCAPACITATING INJURY,1,0,0,1,0,1,0,8,3,7,41.7508303581,-87.6251802018,"{'type': 'Point', 'coordinates': [-87.625180201785, 41.750830358086]}",,,,Y,,,,,,
a9e15f552ebb697234f26a1a63f6e9ad79a4ae7a4a34c1b206cb3a74d77214c56d23c8a8b8fc1913d789ec9eaae364beaffc6610ed5758974056a5e618fdda09,2025-07-29T08:10:00.000,30,NO CONTROLS,NO CONTROLS,CLEAR,DAYLIGHT,PARKED MOTOR VEHICLE,ONE-WAY,STRAIGHT AND LEVEL,DRY,NO DEFECTS,NOT ON SCENE (DESK REPORT),NO INJURY / DRIVE AWAY,,"$501 - $1,500",2025-07-29T08:45:00.000,UNABLE TO DETERMINE,UNABLE TO DETERMINE,5815,N,KENMORE AVE,2022,2,NO INDICATION OF INJURY,0,0,0,0,0,1,0,8,3,7,41.9877941615,-87.6565975778,"{'type': 'Point', 'coordinates': [-87.656597577761, 41.987794161485]}",,,N,,,,,,,
fd69586f96504e4acb7859d765658573883fe3e9ed29e6cd832310522c4700f46ed7845f81a02b3acba47827fa0a289043c116d6a8d55975456799f8d36678d2,2025-07-29T08:05:00.000,30,NO CONTROLS,NO CONTROLS,CLEAR,DAYLIGHT,REAR END,DIVIDED - W/MEDIAN (NOT RAISED),STRAIGHT AND LEVEL,DRY,NO DEFECTS,ON SCENE,INJURY AND / OR TOW DUE TO CRASH,,"OVER $1,500",2025-07-29T08:54:00.000,FAILING TO REDUCE SPEED TO AVOID CRASH,FOLLOWING TOO CLOSELY,365,N,HALSTED ST,1214,3,NONINCAPACITATING INJURY,1,0,0,1,0,2,0,8,3,7,41.8886812398,-87.6474228478,"{'type': 'Point', 'coordinates': [-87.647422847763, 41.888681239762]}",,,,,,,,,,
18f3f93ec49093a34426ea7c633d89ef126cfd9ed7a63c0eac9dacfed647309447f3b068176b24b83b31f9cc822cff24996fed1695444109029d59edb80e6915,2025-07-29T08:00:00.000,10,NO CONTROLS,NO CONTROLS,CLEAR,DAYLIGHT,PARKED MOTOR VEHICLE,PARKING LOT,STRAIGHT AND LEVEL,DRY,NO DEFECTS,,NO INJURY / DRIVE AWAY,,"OVER $1,500",2025-07-29T17:20:00.000,UNABLE TO DETERMINE,NOT APPLICABLE,765,W,ADAMS ST,1232,2,NO INDICATION OF INJURY,0,0,0,0,0,1,0,8,3,7,41.879117244,-87.6466071922,"{'type': 'Point', 'coordinates': [-87.646607192167, 41.879117244017]}",,,Y,,,,,,,
2ea256eaa36148d307db2657493f3be0f81d33fd7027ca7ad6d3d00c3b535c1207306c82eaa5616982183ef63e7ec56a9c5d95403baaf4c466f6da72f4fc0fc6,2025-07-29T07:45:00.000,30,NO CONTROLS,NO CONTROLS,CLEAR,DAYLIGHT,SIDESWIPE SAME DIRECTION,NOT DIVIDED,STRAIGHT AND LEVEL,DRY,NO DEFECTS,NOT ON SCENE (DESK REPORT),NO INJURY / DRIVE AWAY,,"OVER $1,500",2025-07-29T09:20:00.000,NOT APPLICABLE,NOT APPLICABLE,4558,W,LAKE ST,1113,2,NO INDICATION OF INJURY,0,0,0,0,0,2,0,7,3,7,41.8863985897,-87.7401623594,"{'type': 'Point', 'coordinates': [-87.740162359412, 41.886398589703]}",,,,,,,,,,
51a848d70792f7fd22afba026ab9c3a293c1776dbbd8638f4d5c8e9166d28f25b85fdb97135bfc7b368e9193d87c2e849832bd229d55ba9d15eb7c8eb5cdad1f,2025-07-29T07:45:00.000,30,TRAFFIC SIGNAL,UNKNOWN,CLEAR,DAYLIGHT,REAR END,DIVIDED - W/MEDIAN BARRIER,STRAIGHT AND LEVEL,DRY,UNKNOWN,NOT ON SCENE (DESK REPORT),NO INJURY / DRIVE AWAY,,"OVER $1,500",2025-07-29T08:00:00.000,FOLLOWING TOO CLOSELY,FOLLOWING TOO CLOSELY,5502,S,ASHLAND AVE,715,2,NO INDICATION OF INJURY,0,0,0,0,0,2,0,7,3,7,41.7935288617,-87.6647196847,"{'type': 'Point', 'coordinates': [-87.664719684652, 41.79352886171]}",,,Y,,,,,,,
33aba07a30f4c2b06242160c1818e600bb92001e6e1614851167efd17553e923601515453044ef424405ce9db87efce092cb942a8ee2cc6e2455babab21e0577,2025-07-29T07:40:00.000,30,NO CONTROLS,NO CONTROLS,CLEAR,DAYLIGHT,REAR END,NOT DIVIDED,STRAIGHT AND LEVEL,DRY,NO DEFECTS,ON SCENE,NO INJURY / DRIVE AWAY,,"OVER $1,500",2025-07-29T07:41:00.000,UNABLE TO DETERMINE,NOT APPLICABLE,4841,N,NAGLE AVE,1622,3,NO INDICATION OF INJURY,0,0,0,0,0,5,0,7,3,7,41.969655431,-87.7878461462,"{'type': 'Point', 'coordinates': [-87.787846146239, 41.969655431014]}",,,,,,,,,,
606df7b225d73cc1044c2e31c18e4a4ee7e0704f9070972771afaa94cd65fb7117bfa3adb1731c31dcc1673dd756afcdd426fb04301459111e6ece64933b74f8,2025-07-29T07:40:00.000,25,NO CONTROLS,NO CONTROLS,CLEAR,DAYLIGHT,ANGLE,NOT DIVIDED,STRAIGHT AND LEVEL,DRY,NO DEFECTS,ON SCENE,INJURY AND / OR TOW DUE TO CRASH,,"OVER $1,500",2025-07-29T07:48:00.000,FAILING TO YIELD RIGHT-OF-WAY,NOT APPLICABLE,141,N,CARPENTER ST,1224,2,NO INDICATION OF INJURY,0,0,0,0,0,2,0,7,3,7,41.8843645988,-87.6531247078,"{'type': 'Point', 'coordinates': [-87.653124707831, 41.884364598844]}",,,,,Y,,,,,
c4bb5039343ea9b6dd5aa91b848bd5f1d05b191af6960c3eece882fde464929a911616f8a61549ab4795af85c3bc5be1a055315b9a754330e9cfeadf22e52def,2025-07-29T07:35:00.000,40,NO CONTROLS,UNKNOWN,CLEAR,DAYLIGHT,REAR END,DIVIDED - W/MEDIAN BARRIER,STRAIGHT ON GRADE,UNKNOWN,UNKNOWN,ON SCENE,NO INJURY / DRIVE AWAY,,"OVER $1,500",2025-07-29T07:47:00.000,FOLLOWING TOO CLOSELY,FOLLOWING TOO CLOSELY,5700,S,LAKE SHORE DR,331,2,NO INDICATION OF INJURY,0,0,0,0,0,3,0,7,3,7,41.7914202821,-87.5801477687,"{'type': 'Point', 'coordinates': [-87.580147768689, 41.791420282098]}",,,,,,,,,,
03db8a7c62c337b760457abfabbef304b9a5f1a01076119509495428eccbc4e19723b6c46a5321c36268f8998d757f1477253a85b5ffc41529791ae94da5d66e,2025-07-29T07:30:00.000,30,TRAFFIC SIGNAL,FUNCTIONING PROPERLY,CLEAR,DAYLIGHT,TURNING,FOUR WAY,STRAIGHT AND LEVEL,DRY,UNKNOWN,NOT ON SCENE (DESK REPORT),NO INJURY / DRIVE AWAY,Y,"OVER $1,500",2025-07-29T08:30:00.000,IMPROPER LANE USAGE,UNABLE TO DETERMINE,1034,W,LAKE ST,1214,2,NO INDICATION OF INJURY,0,0,0,0,0,2,0,7,3,7,41.8856707302,-87.6534542984,"{'type': 'Point', 'coordinates': [-87.653454298402, 41.885670730222]}",,,,,,,,,,
353783e5539113cefe9578267d40e65e8230367bfc677baa0756dfb03f76c53e5c0c12c440fe309490d5128aa5311a6c494704d5eddf30355a0f1d9eb2e21492,2025-07-29T07:30:00.000,30,NO CONTROLS,NO CONTROLS,CLEAR,DAYLIGHT,PARKED MOTOR VEHICLE,ONE-WAY,STRAIGHT AND LEVEL,DRY,NO DEFECTS,NOT ON SCENE (DESK REPORT),NO INJURY / DRIVE AWAY,,"OVER $1,500",2025-07-29T14:35:00.000,UNABLE TO DETERMINE,UNABLE TO DETERMINE,7928,S,DORCHESTER AVE,411,2,NO INDICATION OF INJURY,0,0,0,0,0,1,0,7,3,7,41.7505521943,-87.5907476577,"{'type': 'Point', 'coordinates': [-87.590747657687, 41.750552194261]}",,,Y,,,,,,,
7e1009ab68be95ffc0739dbc82db4522a63c6e0ec52c035e95d0d9c3903fc8c3996f7165a9d5726d1fe7f15e3d46d5adf28bd194de84a34c66658c3c528160e5,2025-07-29T07:30:00.000,30,NO CONTROLS,NO CONTROLS,CLEAR,DAYLIGHT,TURNING,DIVIDED - W/MEDIAN (NOT RAISED),STRAIGHT AND LEVEL,DRY,NO DEFECTS,ON SCENE,NO INJURY / DRIVE AWAY,,"OVER $1,500",2025-07-29T07:54:00.000,UNABLE TO DETERMINE,FAILING TO REDUCE SPEED TO AVOID CRASH,3416,W,WRIGHTWOOD AVE,1412,2,NO INDICATION OF INJURY,0,0,0,0,0,2,0,7,3,7,41.9284171793,-87.7128939645,"{'type': 'Point', 'coordinates': [-87.712893964546, 41.928417179306]}",,,,,,,,,,
b0cf367b07399a310cba0a903468e7f89215088f7153453c648f6268fb91907ee0931c7a1325591475fc8da75615b137febdf43cd5df89eb4c154c28f470da37,2025-07-29T07:25:00.000,30,OTHER REG. SIGN,FUNCTIONING PROPERLY,CLEAR,DAYLIGHT,REAR END,FOUR WAY,STRAIGHT AND LEVEL,DRY,NO DEFECTS,NOT ON SCENE (DESK REPORT),NO INJURY / DRIVE AWAY,Y,"OVER $1,500",2025-07-29T07:30:00.000,DISTRACTION - FROM INSIDE VEHICLE,DRIVING SKILLS/KNOWLEDGE/EXPERIENCE,1913,S,STATE ST,131,2,NO INDICATION OF INJURY,0,0,0,0,0,2,0,7,3,7,41.8561653477,-87.6270191161,"{'type': 'Point', 'coordinates': [-87.627019116069, 41.856165347748]}",,,,,,,,,,
219910093841c1f9bcc2c9a31445bc5ceef8562b5f27e0b1391d87c5444bc5c05794b25723d51be63b60004d46b262f85bfa81a02447d0a7db369ca2265ed87d,2025-07-29T07:20:00.000,25,NO CONTROLS,NO CONTROLS,CLEAR,DAYLIGHT,SIDESWIPE SAME DIRECTION,NOT DIVIDED,STRAIGHT AND LEVEL,DRY,NO DEFECTS,NOT ON SCENE (DESK REPORT),NO INJURY / DRIVE AWAY,,"OVER $1,500",2025-07-29T08:00:00.000,DRIVING SKILLS/KNOWLEDGE/EXPERIENCE,FAILING TO YIELD RIGHT-OF-WAY,4200,N,CICERO AVE,1624,2,NO INDICATION OF INJURY,0,0,0,0,0,3,0,7,3,7,41.9571141338,-87.747563559,"{'type': 'Point', 'coordinates': [-87.747563558957, 41.957114133755]}",,,,,,,,,,
f924e3e3eba85fb3b179ea4cc0b9f2b0b5c409969f48a9e47162ebacc8c17732548c4378f2b5341e8f066751bc75030c2e3616585bd8e8ce427a2944aed04278,2025-07-29T07:20:00.000,30,NO CONTROLS,NO CONTROLS,CLEAR,DAYLIGHT,REAR END,NOT DIVIDED,STRAIGHT AND LEVEL,DRY,NO DEFECTS,NOT ON SCENE (DESK REPORT),NO INJURY / DRIVE AWAY,,"$501 - $1,500",2025-07-29T07:50:00.000,FOLLOWING TOO CLOSELY,NOT APPLICABLE,4321,N,LARAMIE AVE,1624,2,NO INDICATION OF INJURY,0,0,0,0,0,3,0,7,3,7,41.9594564868,-87.7572015213,"{'type': 'Point', 'coordinates': [-87.757201521299, 41.959456486792]}",,,,,,,,,,
2e872624c308dc6ff727553ce1d354aa36baec6d81df9cc83b9fde91cf4db50675ee7dc814bf34966a483a77ef59c912f76d238117c04e89211b9894d63b8382,2025-07-29T07:15:00.000,30,NO CONTROLS,NO CONTROLS,CLEAR,DAYLIGHT,FIXED OBJECT,NOT DIVIDED,STRAIGHT AND LEVEL,DRY,NO DEFECTS,ON SCENE,NO INJURY / DRIVE AWAY,,"$501 - $1,500",2025-07-29T07:36:00.000,DRIVING SKILLS/KNOWLEDGE/EXPERIENCE,NOT APPLICABLE,3156,S,CENTRAL PARK AVE,1032,1,NO INDICATION OF INJURY,0,0,0,0,0,1,0,7,3,7,41.835404569,-87.7146964863,"{'type': 'Point', 'coordinates': [-87.714696486331, 41.835404568969]}",Y,,,,,,,,,
69cf253bdd24f5057aa4e94dc4d820bbd04107547e41bacf7c38e9de14c5e52ee03f7d999e300583893d0f8b016c9930a07b7f4b6a59a0e2d5343ead2903297c,2025-07-29T07:10:00.000,10,NO CONTROLS,NO CONTROLS,CLEAR,DAYLIGHT,FIXED OBJECT,PARKING LOT,STRAIGHT AND LEVEL,DRY,NO DEFECTS,ON SCENE,INJURY AND / OR TOW DUE TO CRASH,,"OVER $1,500",2025-07-29T07:14:00.000,PHYSICAL CONDITION OF DRIVER,NOT APPLICABLE,3601,S,WELLS ST,915,1,NO INDICATION OF INJURY,0,0,0,0,0,1,0,7,3,7,41.8289827658,-87.6325188475,"{'type': 'Point', 'coordinates': [-87.632518847528, 41.828982765821]}",Y,,,,,,,,,
4a55ff7c0694cf71032ea0447e9fc4fc8a7f64acf4531631638609a58a2c011b1cd6501d976a5c2665b0efd91e21b14a7277ffb4334227abd66cab4ffcdf78b6,2025-07-29T07:00:00.000,20,NO CONTROLS,NO CONTROLS,CLEAR,DAYLIGHT,PARKED MOTOR VEHICLE,ONE-WAY,STRAIGHT AND LEVEL,DRY,NO DEFECTS,NOT ON SCENE (DESK REPORT),NO INJURY / DRIVE AWAY,,"OVER $1,500",2025-07-30T22:00:00.000,IMPROPER OVERTAKING/PASSING,NOT APPLICABLE,855,N,LECLAIRE AVE,1531,2,NO INDICATION OF INJURY,0,0,0,0,0,1,0,7,3,7,41.8966247707,-87.753046646,"{'type': 'Point', 'coordinates': [-87.753046645999, 41.896624770691]}",,,Y,,,,,,,
91e6ca28e667efa4a91042ff1dbd3cf598ef0d33566e1e1371e5db7b60fd9c46458e02df869abc8b9f97ccb5d5bf28da0554ee9aee16d616e89ff6a884d5b0b4,2025-07-29T07:00:00.000,45,NO CONTROLS,NO CONTROLS,CLEAR,DAYLIGHT,SIDESWIPE SAME DIRECTION,DIVIDED - W/MEDIAN BARRIER,STRAIGHT AND LEVEL,DRY,NO DEFECTS,NOT ON SCENE (DESK REPORT),NO INJURY / DRIVE AWAY,,"OVER $1,500",2025-08-03T18:56:00.000,IMPROPER OVERTAKING/PASSING,UNABLE TO DETERMINE,75,W,I190 EXPY IB,1654,2,NO INDICATION OF INJURY,0,0,0,0,0,2,0,7,3,7,,,,,,,,,,,,,
e49e4f04383b74b53484bd0338a57f36d0423e6d9feaa997ffa772e2c87841b447b7b60d1fd9c8529281467cc4dbb5dff61841e498245167f590c85dce024f0b,2025-07-29T07:00:00.000,30,NO CONTROLS,NO CONTROLS,CLEAR,DAYLIGHT,PARKED MOTOR VEHICLE,ONE-WAY,STRAIGHT AND LEVEL,DRY,UNKNOWN,ON SCENE,NO INJURY / DRIVE AWAY,,"OVER $1,500",2025-07-29T07:00:00.000,DRIVING SKILLS/KNOWLEDGE/EXPERIENCE,NOT APPLICABLE,8139,S,COMMERCIAL AVE,422,2,NO INDICATION OF INJURY,0,0,0,0,0,3,0,7,3,7,41.7471314063,-87.5513275445,"{'type': 'Point', 'coordinates': [-87.551327544547, 41.747131406331]}",,,,,,,,,,
a02d82cc1badfd1ffd199ea0f86899f5bd380e7ab5c20a182ce7f3782e895f300648f47620fe4ed7cb04d576b5a7a67713a6bb80d65c14e1d78f1e167df56577,2025-07-29T06:48:00.000,30,TRAFFIC SIGNAL,FUNCTIONING PROPERLY,CLEAR,DAYLIGHT,PEDALCYCLIST,FOUR WAY,STRAIGHT AND LEVEL,DRY,NO DEFECTS,ON SCENE,INJURY AND / OR TOW DUE TO CRASH,Y,"$501 - $1,500",2025-07-29T07:07:00.000,IMPROPER TURNING/NO SIGNAL,IMPROPER LANE USAGE,780,N,MILWAUKEE AVE,1215,2,NONINCAPACITATING INJURY,1,0,0,1,0,1,0,6,3,7,41.8957962445,-87.6549535956,"{'type': 'Point', 'coordinates': [-87.654953595644, 41.895796244484]}",,,Y,,,,,,,
14ded4a2a9848ce183c30873e8abdb8cf7c125fb22302048967631173c60cee417b2d505cc1154d75323b48f193451db35428880d13f397ea8b72593198a21d0,2025-07-29T06:30:00.000,30,NO CONTROLS,NO CONTROLS,CLEAR,DAYLIGHT,SIDESWIPE SAME DIRECTION,NOT DIVIDED,STRAIGHT AND LEVEL,DRY,NO DEFECTS,ON SCENE,NO INJURY / DRIVE AWAY,,"$501 - $1,500",2025-07-29T07:06:00.000,FOLLOWING TOO CLOSELY,RELATED TO BUS STOP,6201,N,SHERIDAN RD,2433,2,NO INDICATION OF INJURY,0,0,0,0,0,2,0,6,3,7,41.9946916877,-87.6553803324,"{'type': 'Point', 'coordinates': [-87.655380332415, 41.994691687667]}",,,Y,,,,,,,
57b8a77b7870800d413ea181b9351d0cd62b356ab4d3763326c51fcf4a648e7aebca7220c704aac083f3ea0508540a74455d935af04912265321506e1ee9e3ae,2025-07-29T06:15:00.000,30,TRAFFIC SIGNAL,FUNCTIONING PROPERLY,CLEAR,DAYLIGHT,TURNING,DIVIDED - W/MEDIAN (NOT RAISED),STRAIGHT AND LEVEL,DRY,NO DEFECTS,ON SCENE,NO INJURY / DRIVE AWAY,Y,"OVER $1,500",2025-07-29T07:12:00.000,UNABLE TO DETERMINE,UNABLE TO DETERMINE,4100,S,PULASKI RD,815,2,NO INDICATION OF INJURY,0,0,0,0,0,2,0,6,3,7,41.818349017,-87.7240964055,"{'type': 'Point', 'coordinates': [-87.724096405469, 41.818349016985]}",,,,,,N,,,,
4094e0b40ea6fd2e2683c8086dda8fdfc3a5bbf71f118650136ed8c36254e70acff3584e2befd9b23bfbf1a5df81c923c3d6b6ca459ed0b554bf62c04322b26c,2025-07-29T06:00:00.000,30,NO CONTROLS,NO CONTROLS,CLEAR,DAYLIGHT,PARKED MOTOR VEHICLE,ONE-WAY,STRAIGHT AND LEVEL,DRY,NO DEFECTS,NOT ON SCENE (DESK REPORT),NO INJURY / DRIVE AWAY,,$500 OR LESS,2025-07-29T22:00:00.000,DRIVING SKILLS/KNOWLEDGE/EXPERIENCE,UNABLE TO DETERMINE,3528,W,LEXINGTON ST,1133,2,NO INDICATION OF INJURY,0,0,0,0,0,1,0,6,3,7,41.8718836439,-87.714336737,"{'type': 'Point', 'coordinates': [-87.714336736961, 41.871883643896]}",,,Y,,,,,,,
955b7cb9f7cbcd3afe002406b4d054d294c7159e913044ad88a6b113546276ac8f20e7f5207b3746d9be412c1db68df83060aa9b57abfc9625174e0d054ab149,2025-07-29T06:00:00.000,30,NO CONTROLS,NO CONTROLS,CLEAR,DAYLIGHT,TURNING,NOT DIVIDED,STRAIGHT AND LEVEL,DRY,NO DEFECTS,NOT ON SCENE (DESK REPORT),NO INJURY / DRIVE AWAY,,"OVER $1,500",2025-07-29T17:56:00.000,IMPROPER TURNING/NO SIGNAL,NOT APPLICABLE,8300,S,STATE ST,632,2,NO INDICATION OF INJURY,0,0,0,0,0,2,0,6,3,7,41.7435618073,-87.6244758005,"{'type': 'Point', 'coordinates': [-87.624475800517, 41.743561807288]}",,,,,,,,,,
f16d44b4e649cab3601e24e7b872b8d40b567b78570458abe3c1d6166d01681a71df832c7ed10e1b311320159a45b761c66d8699d7fe80dfa179164b41d4fc2d,2025-07-29T05:30:00.000,30,TRAFFIC SIGNAL,FUNCTIONING PROPERLY,CLEAR,DAWN,REAR END,T-INTERSECTION,STRAIGHT AND LEVEL,UNKNOWN,UNKNOWN,NOT ON SCENE (DESK REPORT),NO INJURY / DRIVE AWAY,Y,"OVER $1,500",2025-07-29T17:37:00.000,UNABLE TO DETERMINE,NOT APPLICABLE,5750,W,NORTH AVE,2531,2,NO INDICATION OF INJURY,0,0,0,0,0,2,0,5,3,7,41.909432946,-87.7699164185,"{'type': 'Point', 'coordinates': [-87.769916418494, 41.909432946047]}",,,,,,,,,,
b8cda782d5c7ae9dc3c299c1cdc8fe001b0032a653681c50b46fb92290f0c919dc89d153341bed436a9d4b6a2b7978fca5ecb4eb40955c5210cb4652a2300b5c,2025-07-29T04:40:00.000,30,TRAFFIC SIGNAL,FUNCTIONING PROPERLY,CLEAR,"DARKNESS, LIGHTED ROAD",PEDESTRIAN,DIVIDED - W/MEDIAN BARRIER,STRAIGHT AND LEVEL,DRY,NO DEFECTS,ON SCENE,INJURY AND / OR TOW DUE TO CRASH,,$500 OR LESS,2025-07-29T04:40:00.000,NOT APPLICABLE,NOT APPLICABLE,697,N,MICHIGAN AVE,1834,2,NONINCAPACITATING INJURY,1,0,0,1,0,2,0,4,3,7,41.8949034326,-87.6241041941,"{'type': 'Point', 'coordinates': [-87.624104194117, 41.89490343257]}",,,,,,,,,,
61aadf7f602353f54329758abb7cdbbb8a5419e067e2c98581b628467ced42c61c6ec45a3460ea348ffdf0d54e20b3f9c5a114ae384e27d4df16679136007468,2025-07-29T04:30:00.000,20,NO CONTROLS,NO CONTROLS,UNKNOWN,UNKNOWN,PARKED MOTOR VEHICLE,NOT DIVIDED,STRAIGHT AND LEVEL,UNKNOWN,NO DEFECTS,NOT ON SCENE (DESK REPORT),NO INJURY / DRIVE AWAY,,"OVER $1,500",2025-08-02T10:45:00.000,UNABLE TO DETERMINE,UNABLE TO DETERMINE,4500,W,AGATITE AVE,1722,2,NO INDICATION OF INJURY,0,0,0,0,0,1,0,4,3,7,41.9614667553,-87.7413063905,"{'type': 'Point', 'coordinates': [-87.741306390527, 41.961466755344]}",,,Y,,,,,,,
480adac57f07500f106a19674ee8138984d78f928edfb50ae05fc0e8dd492a69b9ff99d076070cedcec276723561d911f8e46af04b20e6039400cfc1623c9064,2025-07-29T04:00:00.000,30,NO CONTROLS,NO CONTROLS,CLEAR,"DARKNESS, LIGHTED ROAD",PARKED MOTOR VEHICLE,NOT DIVIDED,STRAIGHT AND LEVEL,DRY,NO DEFECTS,NOT ON SCENE (DESK REPORT),NO INJURY / DRIVE AWAY,,$500 OR LESS,2025-07-29T04:00:00.000,IMPROPER OVERTAKING/PASSING,UNABLE TO DETERMINE,6822,S,OAKLEY AVE,832,2,NO INDICATION OF INJURY,0,0,0,0,0,1,0,4,3,7,41.7694632552,-87.6809844646,"{'type': 'Point', 'coordinates': [-87.680984464608, 41.769463255154]}",N,,Y,,,,,,,
9a16bcf63a47988656a10da7f6cbe0b884ed9485d2434f6c579443a16730bfe11c87be38e1ce76656bbc26d7274333150c31196610f731a045f22952e1686577,2025-07-29T03:56:00.000,30,NO CONTROLS,NO CONTROLS,CLEAR,"DARKNESS, LIGHTED ROAD",FIXED OBJECT,FOUR WAY,STRAIGHT AND LEVEL,DRY,UNKNOWN,ON SCENE,INJURY AND / OR TOW DUE TO CRASH,Y,"OVER $1,500",2025-07-29T03:57:00.000,UNABLE TO DETERMINE,NOT APPLICABLE,2059,W,18TH ST,1234,1,NO INDICATION OF INJURY,0,0,0,0,0,1,0,3,3,7,41.8575252755,-87.6783213546,"{'type': 'Point', 'coordinates': [-87.678321354632, 41.857525275533]}",,,,,,,,,,
afc69167bb969fe2cc5a9e85fa49096e82d9caaa7cd6a735f0e4f5674929696749cd5268661297ac1da7f6096e390f4fe84b8527b1084830179d66bd1dc3d2bd,2025-07-29T03:53:00.000,30,TRAFFIC SIGNAL,FUNCTIONING PROPERLY,CLEAR,"DARKNESS, LIGHTED ROAD",REAR END,FOUR WAY,STRAIGHT AND LEVEL,DRY,NO DEFECTS,ON SCENE,INJURY AND / OR TOW DUE TO CRASH,,"OVER $1,500",2025-07-29T03:53:00.000,FOLLOWING TOO CLOSELY,UNABLE TO DETERMINE,98,E,115TH ST,531,2,NO INDICATION OF INJURY,0,0,0,0,0,2,0,3,3,7,41.6854551953,-87.6209098877,"{'type': 'Point', 'coordinates': [-87.620909887696, 41.685455195257]}",,,,,,,,,,