crash_record_id,crash_date,posted_speed_limit,traffic_control_device,device_condition,weather_condition,lighting_condition,first_crash_type,trafficway_type,alignment,roadway_surface_cond,road_defect,report_type,crash_type,intersection_related_i,damage,date_police_notified,prim_contributory_cause,sec_contributory_cause,street_no,street_direction,street_name,beat_of_occurrence,num_units,most_severe_injury,injuries_total,injuries_fatal,injuries_incapacitating,injuries_non_incapacitating,injuries_reported_not_evident,injuries_no_indication,injuries_unknown,crash_hour,crash_day_of_week,crash_month,latitude,longitude,location,private_property_i,photos_taken_i,hit_and_run_i,statements_taken_i,crash_date_est_i,work_zone_i,work_zone_type,dooring_i,lane_cnt,workers_present_i
08fb6a4bc149345bd90ae7f393a622f905bf61a5acc4a1a5d3515437d560d7f34070484ad223c0810056f19510048017078aa13f5c4b1e708e066ef2b7919e23,2025-07-29T03:45:00.000,30,TRAFFIC SIGNAL,FUNCTIONING PROPERLY,CLEAR,"DARKNESS, LIGHTED ROAD",TURNING,DIVIDED - W/MEDIAN (NOT RAISED),STRAIGHT AND LEVEL,DRY,NO DEFECTS,ON SCENE,INJURY AND / OR TOW DUE TO CRASH,Y,"OVER $1,500",2025-07-29T04:00:00.000,DISREGARDING TRAFFIC SIGNALS,UNABLE TO DETERMINE,6701,S,CICERO AVE,833,2,NONINCAPACITATING INJURY,1,0,0,1,0,1,0,3,3,7,41.7710448011,-87.7419056317,"{'type': 'Point', 'coordinates': [-87.741905631651, 41.771044801146]}",,,Y,,,,,,,
c2571d65058f41123c656a78f3c4adac537cf7b72984af2a1c2388d60652db1ef7dade8543b91fb385544feb8fcb9466bc061e002d08ddfada2b7f7125bb11c4,2025-07-29T03:20:00.000,35,NO CONTROLS,NO CONTROLS,CLEAR,DARKNESS,PARKED MOTOR VEHICLE,DIVIDED - W/MEDIAN (NOT RAISED),STRAIGHT AND LEVEL,DRY,NO DEFECTS,ON SCENE,INJURY AND / OR TOW DUE TO CRASH,,"OVER $1,500",2025-07-29T03:25:00.000,FAILING TO REDUCE SPEED TO AVOID CRASH,NOT APPLICABLE,6301,W,63RD ST,812,2,NO INDICATION OF INJURY,0,0,0,0,0,1,0,3,3,7,41.7776109537,-87.7788804756,"{'type': 'Point', 'coordinates': [-87.778880475565, 41.777610953696]}",,,Y,,,,,,,
e94b78dabb38cc7e6b77efc8edf707ee90e799d79191528627883978239485115b860a815267ec509ad59c14ec7b432ed54917f06bcf2ee37908031887d47141,2025-07-29T03:13:00.000,40,FLASHING CONTROL SIGNAL,FUNCTIONING PROPERLY,CLEAR,"DARKNESS, LIGHTED ROAD",FIXED OBJECT,DIVIDED - W/MEDIAN BARRIER,STRAIGHT AND LEVEL,DRY,NO DEFECTS,ON SCENE,INJURY AND / OR TOW DUE TO CRASH,,"OVER $1,500",2025-07-29T03:17:00.000,FAILING TO REDUCE SPEED TO AVOID CRASH,NOT APPLICABLE,1000,N,LAKE SHORE DR NB,1824,1,NO INDICATION OF INJURY,0,0,0,0,0,4,0,3,3,7,41.9009589191,-87.6199281737,"{'type': 'Point', 'coordinates': [-87.619928173678, 41.900958919109]}",,,,,,,,,,
c98d5fa059d53d0daaff4e504c1163988f414b6237c4754065e6422d6582d01e7a302ce0c5a7d7bbf899517d84ec32bbaff03680ba6b763a2c7432e2842863ab,2025-07-29T03:00:00.000,0,NO CONTROLS,NO CONTROLS,CLEAR,"DARKNESS, LIGHTED ROAD",SIDESWIPE OPPOSITE DIRECTION,PARKING LOT,STRAIGHT AND LEVEL,DRY,NO DEFECTS,NOT ON SCENE (DESK REPORT),NO INJURY / DRIVE AWAY,,"$501 - $1,500",2025-07-29T03:05:00.000,DRIVING SKILLS/KNOWLEDGE/EXPERIENCE,DRIVING SKILLS/KNOWLEDGE/EXPERIENCE,257,E,HURON ST,1834,2,NO INDICATION OF INJURY,0,0,0,0,0,2,0,3,3,7,41.8949058159,-87.620520448,"{'type': 'Point', 'coordinates': [-87.620520448028, 41.894905815894]}",,,,,,,,,,
e1ddac4340ed00241f3c4ef1fb70fcee4e125af464695079be5c4097fe25978a1f6f9ff5e6a36874350861dafa2d7e3e369c5f4124be6db764f7322acd922802,2025-07-29T03:00:00.000,25,NO CONTROLS,NO CONTROLS,UNKNOWN,UNKNOWN,PARKED MOTOR VEHICLE,ONE-WAY,STRAIGHT AND LEVEL,UNKNOWN,UNKNOWN,NOT ON SCENE (DESK REPORT),NO INJURY / DRIVE AWAY,,"$501 - $1,500",2025-07-29T18:08:00.000,UNABLE TO DETERMINE,UNABLE TO DETERMINE,124,N,MAYFIELD AVE,1512,2,NO INDICATION OF INJURY,0,0,0,0,0,1,0,3,3,7,41.8829392773,-87.7720295256,"{'type': 'Point', 'coordinates': [-87.77202952558, 41.882939277302]}",,,Y,,Y,,,,,
ed15346bc178526261e77c5056a9c8e35244e2f6dd67b4763a9b1440cfdfd039cb16a27e999e4f93dbb1009939e1569a4074cd96630e430c6d1bb83eafab69f3,2025-07-29T02:53:00.000,30,STOP SIGN/FLASHER,NO CONTROLS,CLEAR,"DARKNESS, LIGHTED ROAD",ANGLE,FOUR WAY,STRAIGHT AND LEVEL,DRY,NO DEFECTS,NOT ON SCENE (DESK REPORT),INJURY AND / OR TOW DUE TO CRASH,Y,"OVER $1,500",2025-07-29T22:55:00.000,FAILING TO YIELD RIGHT-OF-WAY,FAILING TO YIELD RIGHT-OF-WAY,300,E,GARFIELD BLVD,231,2,NONINCAPACITATING INJURY,3,0,0,3,0,0,0,2,3,7,41.794861709,-87.6191477269,"{'type': 'Point', 'coordinates': [-87.619147726853, 41.794861709043]}",,,,,,,,,,
a4761de65f002c90e0be575ee0268d59297021c60743215743fca9c64e28058f159c27f29ae9f93e7b3d480233ca66623ffc4adeee73f3e57aea8a1ce75b5ed1,2025-07-29T02:39:00.000,30,NO CONTROLS,NO CONTROLS,CLEAR,"DARKNESS, LIGHTED ROAD",FIXED OBJECT,DIVIDED - W/MEDIAN (NOT RAISED),STRAIGHT AND LEVEL,DRY,NO DEFECTS,ON SCENE,INJURY AND / OR TOW DUE TO CRASH,,"OVER $1,500",2025-07-29T02:44:00.000,UNDER THE INFLUENCE OF ALCOHOL/DRUGS (USE WHEN ARREST IS EFFECTED),NOT APPLICABLE,648,W,ROOSEVELT RD,1232,1,NO INDICATION OF INJURY,0,0,0,0,0,1,0,2,3,7,41.8673014859,-87.6442071761,"{'type': 'Point', 'coordinates': [-87.644207176099, 41.867301485947]}",,,,,,,,,,
09491aeaf046ba5d71b706531f160b148fc1b0152f88a87be4373a0532c78e9f7a193b5557bf4729ba4c58e9ed8148fe9ce70010286a442fe6f0c4628f77b901,2025-07-29T02:27:00.000,30,NO CONTROLS,NO CONTROLS,CLEAR,"DARKNESS, LIGHTED ROAD",FIXED OBJECT,DIVIDED - W/MEDIAN BARRIER,STRAIGHT AND LEVEL,DRY,NO DEFECTS,ON SCENE,INJURY AND / OR TOW DUE TO CRASH,,"OVER $1,500",2025-07-29T02:27:00.000,UNABLE TO DETERMINE,NOT APPLICABLE,4720,S,COTTAGE GROVE AVE,223,1,NO INDICATION OF INJURY,0,0,0,0,0,1,0,2,3,7,41.8089016637,-87.6066969662,"{'type': 'Point', 'coordinates': [-87.606696966181, 41.808901663696]}",,,,,,,,,,
605d05f9cf0ff2ec72ebc03f6ecf979ab4e48ee1566cfc87e6ad72ac43856ffba9ac5ded61e51308a2611102aff2257c419db2a800a5c9830af13c612808f061,2025-07-29T02:00:00.000,30,NO CONTROLS,NO CONTROLS,CLEAR,DARKNESS,PARKED MOTOR VEHICLE,NOT DIVIDED,STRAIGHT AND LEVEL,DRY,NO DEFECTS,NOT ON SCENE (DESK REPORT),NO INJURY / DRIVE AWAY,,"OVER $1,500",2025-07-29T10:40:00.000,UNABLE TO DETERMINE,NOT APPLICABLE,4127,S,INDIANA AVE,213,2,NO INDICATION OF INJURY,0,0,0,0,0,1,0,2,3,7,41.819354203,-87.6213365868,"{'type': 'Point', 'coordinates': [-87.621336586809, 41.819354202965]}",,,Y,,Y,,,,,
88365461d6cce55a180b94fd5919c548e8e50c1633c59f48af3000b218b8e3a2e84143827e372abe24b607c963a5b61b3a56b17c60822af7bc8365c8b82d5561,2025-07-29T02:00:00.000,30,NO CONTROLS,NO CONTROLS,CLEAR,DARKNESS,SIDESWIPE SAME DIRECTION,NOT DIVIDED,STRAIGHT AND LEVEL,UNKNOWN,UNKNOWN,NOT ON SCENE (DESK REPORT),INJURY AND / OR TOW DUE TO CRASH,,"OVER $1,500",2025-07-29T13:23:00.000,FAILING TO YIELD RIGHT-OF-WAY,FAILING TO YIELD RIGHT-OF-WAY,1225,S,UNION AVE,1232,2,NO INDICATION OF INJURY,0,0,0,0,0,2,0,2,3,7,41.8664649474,-87.6449380333,"{'type': 'Point', 'coordinates': [-87.644938033349, 41.866464947389]}",,,Y,,,,,,,
8a9cbcec034b77873234a9cfada307f951b77d0ad5e73bd66efe88fbaa1a43a827455750cad228eabd5c876368e46b28654cb900682c564f31b80f0dc31b9336,2025-07-29T02:00:00.000,30,NO CONTROLS,NO CONTROLS,CLEAR,DAYLIGHT,PARKED MOTOR VEHICLE,NOT DIVIDED,STRAIGHT AND LEVEL,DRY,NO DEFECTS,NOT ON SCENE (DESK REPORT),NO INJURY / DRIVE AWAY,,"OVER $1,500",2025-07-29T17:30:00.000,UNABLE TO DETERMINE,UNABLE TO DETERMINE,4017,W,MONROE ST,1115,2,NO INDICATION OF INJURY,0,0,0,0,0,1,0,2,3,7,41.8796421397,-87.7263655712,"{'type': 'Point', 'coordinates': [-87.726365571234, 41.879642139665]}",,,Y,,,,,,,
d28ec8135028408161d848d1dec24ab1a2a20faf1c4f978a79386cdfe962ab16e9df3ee29efe16fc563a2717f5c96c0ffdf75ede8860a1d4683200e4d2c50b99,2025-07-29T02:00:00.000,30,NO CONTROLS,NO CONTROLS,CLEAR,"DARKNESS, LIGHTED ROAD",PARKED MOTOR VEHICLE,NOT DIVIDED,STRAIGHT AND LEVEL,DRY,NO DEFECTS,NOT ON SCENE (DESK REPORT),NO INJURY / DRIVE AWAY,,"OVER $1,500",2025-07-29T02:25:00.000,IMPROPER TURNING/NO SIGNAL,UNABLE TO DETERMINE,7940,S,GREENWOOD AVE,624,2,NO INDICATION OF INJURY,0,0,0,0,0,1,0,2,3,7,41.7501539874,-87.5980306648,"{'type': 'Point', 'coordinates': [-87.598030664773, 41.750153987414]}",,,Y,,,,,,,
a27d6718c00b5a69e8c9713b50afb75d3e59657621d744f6d2a7760f5faa21e084ef66c6d8abf10497480b7edff287a31e79f8d5e20a28f738c9ba93a6005715,2025-07-29T01:59:00.000,30,NO CONTROLS,NO CONTROLS,CLEAR,"DARKNESS, LIGHTED ROAD",FIXED OBJECT,NOT DIVIDED,STRAIGHT AND LEVEL,DRY,NO DEFECTS,ON SCENE,INJURY AND / OR TOW DUE TO CRASH,,"OVER $1,500",2025-07-29T01:59:00.000,DISTRACTION - FROM OUTSIDE VEHICLE,IMPROPER BACKING,1817,W,69TH ST,735,1,"REPORTED, NOT EVIDENT",1,0,0,0,1,0,0,1,3,7,41.7683797802,-87.669510097,"{'type': 'Point', 'coordinates': [-87.669510097024, 41.768379780169]}",,,,,,,,,,
3d46669b78e71d03834f1ddef2a50be33751772883e9871e00a669856b921171574d4c0237a7e89a7d742f4e3d7e0432d68af817ee09330f0f947bdaa1563591,2025-07-29T01:28:00.000,30,NO CONTROLS,NO CONTROLS,CLEAR,"DARKNESS, LIGHTED ROAD",PARKED MOTOR VEHICLE,NOT DIVIDED,STRAIGHT AND LEVEL,DRY,NO DEFECTS,ON SCENE,INJURY AND / OR TOW DUE TO CRASH,,"OVER $1,500",2025-07-29T01:28:00.000,EQUIPMENT - VEHICLE CONDITION,NOT APPLICABLE,729,N,LARAMIE AVE,1531,4,NONINCAPACITATING INJURY,1,0,0,1,0,0,0,1,3,7,41.8938869016,-87.7554140301,"{'type': 'Point', 'coordinates': [-87.755414030119, 41.893886901633]}",,,,,,,,,,
24374e7c4e13ebe31b19ce32e299e15da14956a7863db25bce9c43b824968aa92d307e67204b0a72ccb9a77eab0143875a31026085a42ec2f5db372aba306e0f,2025-07-29T00:19:00.000,30,STOP SIGN/FLASHER,NO CONTROLS,CLEAR,"DARKNESS, LIGHTED ROAD",PARKED MOTOR VEHICLE,ONE-WAY,STRAIGHT AND LEVEL,DRY,NO DEFECTS,ON SCENE,NO INJURY / DRIVE AWAY,,"OVER $1,500",2025-07-29T00:19:00.000,IMPROPER LANE USAGE,UNABLE TO DETERMINE,7222,S,PEORIA ST,733,2,NO INDICATION OF INJURY,0,0,0,0,0,1,0,0,3,7,41.7626310498,-87.646918605,"{'type': 'Point', 'coordinates': [-87.646918605038, 41.762631049845]}",,,Y,,,,,,,
a3b4d3c74859a89cb03280d5d370b939c2910fba1cb21aaee08bccdd0ca88b6b57e641ff013e3e10061c22770e087d5314c9d9c3c5e2f41bdca5e6f9cbf10903,2025-07-29T00:09:00.000,25,NO CONTROLS,NO CONTROLS,CLEAR,"DARKNESS, LIGHTED ROAD",OTHER OBJECT,NOT DIVIDED,STRAIGHT AND LEVEL,DRY,NO DEFECTS,ON SCENE,INJURY AND / OR TOW DUE TO CRASH,,"OVER $1,500",2025-07-29T00:11:00.000,UNABLE TO DETERMINE,NOT APPLICABLE,731,W,68TH ST,723,1,NO INDICATION OF INJURY,0,0,0,0,0,1,0,0,3,7,41.770569861,-87.6431313364,"{'type': 'Point', 'coordinates': [-87.643131336416, 41.770569861034]}",,,Y,,,,,,,
f8c9b82ba8afc12afc4a3ec294a72946765fb2bead202ac44ec09aefd7b032dc4e82ff384451447fbf60e1bbf4c9e0b082aae9e8c2eed3465ba0614431d6e734,2025-07-29T00:04:00.000,10,STOP SIGN/FLASHER,OTHER,CLEAR,"DARKNESS, LIGHTED ROAD",TURNING,PARKING LOT,STRAIGHT AND LEVEL,DRY,NO DEFECTS,ON SCENE,NO INJURY / DRIVE AWAY,,"OVER $1,500",2025-07-29T00:04:00.000,FAILING TO YIELD RIGHT-OF-WAY,NOT APPLICABLE,538,W,OHARE ST,1654,2,NO INDICATION OF INJURY,0,0,0,0,0,2,0,0,3,7,,,,,,,,,,,,,
dc31ad7a7a09c08bbe995129258f59204aa136a93cd6eb5aab7d349b0629b5deaa1a252175e01b93b49606e30cbd39eab8658e54208a90f2bd694d2c67b36e03,2025-07-29T00:00:00.000,30,NO CONTROLS,NO CONTROLS,UNKNOWN,UNKNOWN,PARKED MOTOR VEHICLE,NOT DIVIDED,STRAIGHT AND LEVEL,UNKNOWN,NO DEFECTS,ON SCENE,NO INJURY / DRIVE AWAY,,"OVER $1,500",2025-08-01T14:41:00.000,FAILING TO REDUCE SPEED TO AVOID CRASH,NOT APPLICABLE,929,W,HUBBARD ST,1214,2,NO INDICATION OF INJURY,0,0,0,0,0,1,0,0,3,7,41.8899407477,-87.6510414968,"{'type': 'Point', 'coordinates': [-87.651041496783, 41.889940747704]}",,,Y,,Y,,,,,
ce8901e84e825048a0e577e3600fc2ce510fc0bc810f481d5a2231bf9bd40482c32660971395c03535c43dd559b7364516eea77cb7e3c2bc9c8a51cf9cfbfe9d,2025-07-28T23:50:00.000,30,NO CONTROLS,NO CONTROLS,CLEAR,"DARKNESS, LIGHTED ROAD",REAR END,NOT DIVIDED,STRAIGHT AND LEVEL,DRY,NO DEFECTS,NOT ON SCENE (DESK REPORT),NO INJURY / DRIVE AWAY,,"OVER $1,500",2025-07-29T00:45:00.000,IMPROPER OVERTAKING/PASSING,UNABLE TO DETERMINE,6437,S,KEDZIE AVE,823,2,NO INDICATION OF INJURY,0,0,0,0,0,2,0,23,2,7,41.7760121138,-87.7029221027,"{'type': 'Point', 'coordinates': [-87.702922102746, 41.776012113805]}",,,Y,,,,,,,
e3afc9596ce0a4648f059e0e87f28e795c788f58aeece0d7e554648dd2a9eea6eb65920dc3ef08c586831a21d0c047a1f999e3fa80b4128e74ecc15fdad83f0c,2025-07-28T23:49:00.000,30,TRAFFIC SIGNAL,FUNCTIONING PROPERLY,CLEAR,"DARKNESS, LIGHTED ROAD",ANGLE,FOUR WAY,STRAIGHT AND LEVEL,DRY,NO DEFECTS,ON SCENE,INJURY AND / OR TOW DUE TO CRASH,Y,"$501 - $1,500",2025-07-28T23:49:00.000,DISREGARDING TRAFFIC SIGNALS,NOT APPLICABLE,2800,N,CALIFORNIA AVE,1411,2,NONINCAPACITATING INJURY,2,0,0,2,0,1,0,23,2,7,41.9321207191,-87.6977653004,"{'type': 'Point', 'coordinates': [-87.697765300365, 41.932120719106]}",,,,,,,,,,
81a2a0339671615a85b357910f48d0002a7b4a393ad659ceb4ad1c2e1b45328ec60c59851cfe10fa0c7e41a7aab771ed9b6af5c30113fa2a346c1e2c9c5a7973,2025-07-28T23:30:00.000,30,TRAFFIC SIGNAL,FUNCTIONING PROPERLY,CLEAR,"DARKNESS, LIGHTED ROAD",TURNING,NOT DIVIDED,STRAIGHT AND LEVEL,DRY,NO DEFECTS,NOT ON SCENE (DESK REPORT),NO INJURY / DRIVE AWAY,Y,"OVER $1,500",2025-07-29T19:55:00.000,IMPROPER LANE USAGE,UNABLE TO DETERMINE,6001,W,DIVERSEY AVE,2512,2,NO INDICATION OF INJURY,0,0,0,0,0,2,0,23,2,7,41.9310291091,-87.7760247449,"{'type': 'Point', 'coordinates': [-87.776024744914, 41.931029109093]}",,,Y,,,,,,,
cfd6174d360a8112fef227b7fffea5639729eeb1a69da66f97a3d8151d648a517714f9fdd872befbf18e66ecdbceda645e982791de31699d5ed7a62b48dfe396,2025-07-28T23:30:00.000,30,UNKNOWN,UNKNOWN,CLEAR,DARKNESS,SIDESWIPE SAME DIRECTION,NOT DIVIDED,STRAIGHT AND LEVEL,DRY,NO DEFECTS,NOT ON SCENE (DESK REPORT),NO INJURY / DRIVE AWAY,,"OVER $1,500",2025-07-28T23:45:00.000,UNABLE TO DETERMINE,UNABLE TO DETERMINE,3250,S,KEDZIE AVE,1032,2,NO INDICATION OF INJURY,0,0,0,0,0,1,0,23,2,7,41.8337905251,-87.7048698687,"{'type': 'Point', 'coordinates': [-87.704869868674, 41.833790525054]}",,,Y,,,,,,,
0375819798d50d0a0665590cf6b67e67453c6bb53c694da49060c3adfe80c3410c84303789ef49abc21387abcd06d1b10cadb83f953265c6a5f9ba451e6a98be,2025-07-28T22:30:00.000,30,UNKNOWN,UNKNOWN,UNKNOWN,"DARKNESS, LIGHTED ROAD",SIDESWIPE SAME DIRECTION,NOT DIVIDED,STRAIGHT AND LEVEL,DRY,NO DEFECTS,ON SCENE,NO INJURY / DRIVE AWAY,,"$501 - $1,500",2025-07-28T23:34:00.000,IMPROPER OVERTAKING/PASSING,NOT APPLICABLE,6001,W,DIVERSEY AVE,2512,2,NO INDICATION OF INJURY,0,0,0,0,0,2,0,22,2,7,41.9310291091,-87.7760247449,"{'type': 'Point', 'coordinates': [-87.776024744914, 41.931029109093]}",,,Y,,,,,,,
f2a4ae37ffc83cdb05d1ca734b27de7cca1844086bf90f23c18766da812fc5d93abaf6680e75a620ab09b3646c4624d80000e36f25b5057e68a030c89393beaa,2025-07-28T22:15:00.000,30,NO CONTROLS,NO CONTROLS,CLEAR,DARKNESS,TURNING,NOT DIVIDED,STRAIGHT AND LEVEL,DRY,NO DEFECTS,NOT ON SCENE (DESK REPORT),NO INJURY / DRIVE AWAY,,"OVER $1,500",2025-07-28T22:53:00.000,FAILING TO YIELD RIGHT-OF-WAY,UNABLE TO DETERMINE,5231,S,PULASKI RD,822,2,NO INDICATION OF INJURY,0,0,0,0,0,2,0,22,2,7,41.7977400806,-87.7231428155,"{'type': 'Point', 'coordinates': [-87.723142815455, 41.797740080638]}",,,,,,,,,,
7381f9177c158fad9d1caa02d9607bb032f4244cdc2d20ac2e7ff7aad69c37bcf37c17622db54269945ac192a231e220214926e2c3f49ec5657c2a2c501c3fbd,2025-07-28T22:12:00.000,25,NO CONTROLS,NO CONTROLS,CLEAR,"DARKNESS, LIGHTED ROAD",PARKED MOTOR VEHICLE,NOT DIVIDED,STRAIGHT AND LEVEL,DRY,UNKNOWN,NOT ON SCENE (DESK REPORT),NO INJURY / DRIVE AWAY,,"OVER $1,500",2025-07-31T17:00:00.000,UNABLE TO DETERMINE,UNABLE TO DETERMINE,12609,S,EDBROOKE AVE,532,2,NO INDICATION OF INJURY,0,0,0,0,0,1,0,22,2,7,41.6644463782,-87.6185747929,"{'type': 'Point', 'coordinates': [-87.618574792931, 41.664446378178]}",,,Y,,,,,,,
d8b66255291a896a6b5b5c58ec9c9e337acb805671f73961346e0b4852463c3b87b07d3f2762731742d66d88b5e0c69f3dc978c1199ee9a7c8447b080fd7e949,2025-07-28T22:10:00.000,30,NO CONTROLS,NO CONTROLS,CLEAR,"DARKNESS, LIGHTED ROAD",REAR TO FRONT,NOT DIVIDED,STRAIGHT AND LEVEL,DRY,NO DEFECTS,NOT ON SCENE (DESK REPORT),NO INJURY / DRIVE AWAY,,"OVER $1,500",2025-07-28T23:00:00.000,UNABLE TO DETERMINE,NOT APPLICABLE,71,E,WACKER DR,111,2,NO INDICATION OF INJURY,0,0,0,0,0,2,0,22,2,7,41.8877565227,-87.6255181916,"{'type': 'Point', 'coordinates': [-87.625518191614, 41.887756522735]}",,,,,,,,,,
522bec1d362efd54bb65d4dbacad934d4fdfedc372844431fc3a9a81de2e07d2658274dfbf26a75faa088dbb76b774357d311223706bfbae4f3242e079d41dd2,2025-07-28T21:45:00.000,30,TRAFFIC SIGNAL,FUNCTIONING PROPERLY,CLEAR,"DARKNESS, LIGHTED ROAD",REAR END,FOUR WAY,STRAIGHT AND LEVEL,DRY,NO DEFECTS,ON SCENE,INJURY AND / OR TOW DUE TO CRASH,Y,"OVER $1,500",2025-07-28T21:52:00.000,FOLLOWING TOO CLOSELY,UNABLE TO DETERMINE,7524,N,MILWAUKEE AVE,1611,2,NONINCAPACITATING INJURY,1,0,0,1,0,1,0,21,2,7,42.0178149126,-87.8067362371,"{'type': 'Point', 'coordinates': [-87.806736237114, 42.01781491259]}",,,,,,,,,,
42591a5e53d85c69e6611a48d3b1ef0210ff7fd5510aff28dde5d06f19c37331cb6e62470b4643ce30eff0a6f15fa3717fbb7f4ffdfa6dd786e9ed46610470fd,2025-07-28T21:15:00.000,30,NO CONTROLS,NO CONTROLS,CLEAR,DAYLIGHT,PARKED MOTOR VEHICLE,PARKING LOT,STRAIGHT AND LEVEL,DRY,UNKNOWN,NOT ON SCENE (DESK REPORT),NO INJURY / DRIVE AWAY,,"OVER $1,500",2025-07-28T22:30:00.000,NOT APPLICABLE,NOT APPLICABLE,6300,S,COAST GUARD DR,331,2,NO INDICATION OF INJURY,0,0,0,0,0,1,0,21,2,7,41.7796807607,-87.575066734,"{'type': 'Point', 'coordinates': [-87.575066733953, 41.77968076067]}",,,Y,,N,,,,,
13d869746f1d0bcf36edb86de096a62b2aed2c0cecf8d83957587e665df619c7d5a423cac1c8044b363d52e38359a01199b4242636af9c46013a60d3091118c3,2025-07-28T21:00:00.000,30,NO CONTROLS,NO CONTROLS,CLEAR,"DARKNESS, LIGHTED ROAD",FIXED OBJECT,DIVIDED - W/MEDIAN BARRIER,STRAIGHT AND LEVEL,DRY,NO DEFECTS,ON SCENE,NO INJURY / DRIVE AWAY,,"OVER $1,500",2025-07-28T21:22:00.000,"EVASIVE ACTION DUE TO ANIMAL, OBJECT, NONMOTORIST",ANIMAL,8800,W,LAWRENCE AVE,1614,1,NO INDICATION OF INJURY,0,0,0,0,0,1,0,21,2,7,41.9665032209,-87.8469943855,"{'type': 'Point', 'coordinates': [-87.846994385504, 41.966503220869]}",,,,,,,,,,
379e46f22aff532806b945189d2e65dd6b7863e92861a96fca1e48e9db2516bf1277015678be63738311683addeca8fe41d02bd75b5f51c3f1fe7fa1e6b85ded,2025-07-28T21:00:00.000,10,UNKNOWN,UNKNOWN,UNKNOWN,UNKNOWN,REAR TO SIDE,PARKING LOT,STRAIGHT AND LEVEL,UNKNOWN,UNKNOWN,NOT ON SCENE (DESK REPORT),NO INJURY / DRIVE AWAY,,"$501 - $1,500",2025-07-29T09:51:00.000,UNABLE TO DETERMINE,NOT APPLICABLE,5859,S,KEDZIE AVE,824,2,NO INDICATION OF INJURY,0,0,0,0,0,2,0,21,2,7,41.7863411982,-87.703204308,"{'type': 'Point', 'coordinates': [-87.70320430798, 41.786341198192]}",,,Y,,,,,,,
91248539b0a0f433694ddbb26b314e272690457c2fb124abd04aafabc230ca65e4c2920d1317c73ab0aab92057e5575ccaf60de0ac1db3bccb8bba565a27164a,2025-07-28T21:00:00.000,30,STOP SIGN/FLASHER,FUNCTIONING PROPERLY,CLEAR,"DARKNESS, LIGHTED ROAD",PEDALCYCLIST,DIVIDED - W/MEDIAN (NOT RAISED),STRAIGHT AND LEVEL,DRY,NO DEFECTS,NOT ON SCENE (DESK REPORT),INJURY AND / OR TOW DUE TO CRASH,Y,"$501 - $1,500",2025-07-28T22:44:00.000,UNABLE TO DETERMINE,UNABLE TO DETERMINE,199,S,LARAMIE AVE,1533,2,"REPORTED, NOT EVIDENT",1,0,0,0,1,1,0,21,2,7,41.878519468,-87.7548509822,"{'type': 'Point', 'coordinates': [-87.754850982198, 41.878519467983]}",,,,,,,,,,
f8b4997e75bfae701a1a98cae22109a5337b219d4b2bc31242b0996f1233bd133be71e9f9b926ff0c7727dabec26107c596c1e117942f485a322af5298f57bba,2025-07-28T21:00:00.000,25,UNKNOWN,UNKNOWN,CLEAR,"DARKNESS, LIGHTED ROAD",PARKED MOTOR VEHICLE,DIVIDED - W/MEDIAN (NOT RAISED),STRAIGHT AND LEVEL,DRY,NO DEFECTS,NOT ON SCENE (DESK REPORT),NO INJURY / DRIVE AWAY,,"OVER $1,500",2025-07-29T07:30:00.000,UNABLE TO DETERMINE,UNABLE TO DETERMINE,1916,N,FRANCISCO AVE,1421,2,NO INDICATION OF INJURY,0,0,0,0,0,1,0,21,2,7,41.9161927537,-87.6994145884,"{'type': 'Point', 'coordinates': [-87.699414588379, 41.916192753722]}",,,Y,,,,,,,
71514d6b667c072951f7e703e95cbb536ad356fa4bebf021ff0ac440c21d51a1715a85839f60c335fe236bc2e5b444dd80b2256d7ecb56e4865994d45d6ecc3f,2025-07-28T20:49:00.000,30,TRAFFIC SIGNAL,FUNCTIONING PROPERLY,CLEAR,"DARKNESS, LIGHTED ROAD",ANGLE,DIVIDED - W/MEDIAN (NOT RAISED),STRAIGHT AND LEVEL,DRY,UNKNOWN,ON SCENE,INJURY AND / OR TOW DUE TO CRASH,Y,"OVER $1,500",2025-07-28T20:54:00.000,DISREGARDING TRAFFIC SIGNALS,FAILING TO YIELD RIGHT-OF-WAY,358,N,ORLEANS ST,1831,2,"REPORTED, NOT EVIDENT",1,0,0,0,1,2,0,20,2,7,41.8890985974,-87.6371091678,"{'type': 'Point', 'coordinates': [-87.637109167765, 41.889098597413]}",,,,,,,,,,
aa570017a7cb7e80d5245ccceb08e2cdc531d9da19f12282d76f3848c8d9bb7371f502c007c02fb040c6ebee8ab2c796915041b625fe6a69bee06275c93fd4a4,2025-07-28T20:35:00.000,30,TRAFFIC SIGNAL,FUNCTIONING PROPERLY,CLEAR,"DARKNESS, LIGHTED ROAD",PEDESTRIAN,FOUR WAY,STRAIGHT AND LEVEL,DRY,NO DEFECTS,ON SCENE,INJURY AND / OR TOW DUE TO CRASH,Y,$500 OR LESS,2025-07-28T20:35:00.000,FAILING TO YIELD RIGHT-OF-WAY,UNABLE TO DETERMINE,1,E,83RD ST,632,2,"REPORTED, NOT EVIDENT",1,0,0,0,1,1,0,20,2,7,41.7435467579,-87.6242521859,"{'type': 'Point', 'coordinates': [-87.624252185934, 41.743546757867]}",,,,,,,,,,