crash_record_id,crash_date,posted_speed_limit,traffic_control_device,device_condition,weather_condition,lighting_condition,first_crash_type,trafficway_type,alignment,roadway_surface_cond,road_defect,report_type,crash_type,intersection_related_i,damage,date_police_notified,prim_contributory_cause,sec_contributory_cause,street_no,street_direction,street_name,beat_of_occurrence,num_units,most_severe_injury,injuries_total,injuries_fatal,injuries_incapacitating,injuries_non_incapacitating,injuries_reported_not_evident,injuries_no_indication,injuries_unknown,crash_hour,crash_day_of_week,crash_month,latitude,longitude,location,private_property_i,photos_taken_i,hit_and_run_i,statements_taken_i,crash_date_est_i,work_zone_i,work_zone_type,dooring_i,lane_cnt,workers_present_i
2de23a3576837dd2d42061a65ef8ce066fbf8148b108bf9000093b99c629353b2075746136e10588039bc3db1782284e6a0f44a515abc4be4a03ddd4115368a0,2025-07-28T20:30:00.000,30,NO CONTROLS,NO CONTROLS,CLEAR,DAYLIGHT,SIDESWIPE SAME DIRECTION,NOT DIVIDED,STRAIGHT AND LEVEL,DRY,NO DEFECTS,NOT ON SCENE (DESK REPORT),NO INJURY / DRIVE AWAY,,"OVER $1,500",2025-07-29T18:35:00.000,"VISION OBSCURED (SIGNS, TREE LIMBS, BUILDINGS, ETC.)",UNABLE TO DETERMINE,6420,W,FULLERTON AVE,2512,2,NO INDICATION OF INJURY,0,0,0,0,0,2,0,20,2,7,41.9237817967,-87.7862536744,"{'type': 'Point', 'coordinates': [-87.786253674433, 41.92378179667]}",,,,,,,,,,
435a24134c1c1559bc0b1fb38a03e12d4fcb604ec5e770b6504344acde922f665d329c97b76efeaca71e09d138a361bdd955af0d7dd73a8d39bb3222f35a4ffb,2025-07-28T20:30:00.000,35,NO CONTROLS,NO CONTROLS,CLEAR,DARKNESS,PARKED MOTOR VEHICLE,NOT DIVIDED,STRAIGHT AND LEVEL,DRY,NO DEFECTS,NOT ON SCENE (DESK REPORT),NO INJURY / DRIVE AWAY,,$500 OR LESS,2025-07-29T08:40:00.000,IMPROPER BACKING,NOT APPLICABLE,5463,W,MADISON ST,1522,2,NO INDICATION OF INJURY,0,0,0,0,0,1,0,20,2,7,41.8801702403,-87.7623946569,"{'type': 'Point', 'coordinates': [-87.762394656904, 41.880170240293]}",,,,,Y,,,,,
b85d5491eda128638dc3c97ed25abcafab41b36162c0bac60b721c36622fd1ca6255befbe59ab14190bb782f9539fbf8ff06feb1ca3ed446229accadcf6d9a3c,2025-07-28T20:17:00.000,30,NO CONTROLS,NO CONTROLS,CLEAR,"DARKNESS, LIGHTED ROAD",FIXED OBJECT,DIVIDED - W/MEDIAN (NOT RAISED),STRAIGHT AND LEVEL,DRY,NO DEFECTS,ON SCENE,INJURY AND / OR TOW DUE TO CRASH,,"OVER $1,500",2025-07-28T20:17:00.000,FAILING TO REDUCE SPEED TO AVOID CRASH,UNABLE TO DETERMINE,2034,W,WALNUT ST,1223,1,NO INDICATION OF INJURY,0,0,0,0,0,1,0,20,2,7,41.8859500414,-87.6781788657,"{'type': 'Point', 'coordinates': [-87.678178865679, 41.88595004138]}",,,N,,N,,,,,
b72c7adcb44a627938ef36b15a8be05740f795cdc102043d4f1d482c6ce3508350fadedde10e011b4c8d88bf7a6155d7c28e4ff303a466dbeeb224b309abd5ad,2025-07-28T20:16:00.000,30,UNKNOWN,UNKNOWN,UNKNOWN,UNKNOWN,REAR TO FRONT,OTHER,STRAIGHT AND LEVEL,UNKNOWN,UNKNOWN,NOT ON SCENE (DESK REPORT),NO INJURY / DRIVE AWAY,,"$501 - $1,500",2025-07-28T21:00:00.000,UNABLE TO DETERMINE,UNABLE TO DETERMINE,1225,S,WABASH AVE,131,2,NO INDICATION OF INJURY,0,0,0,0,0,5,0,20,2,7,41.8667276755,-87.6256674863,"{'type': 'Point', 'coordinates': [-87.625667486254, 41.866727675542]}",,,,,Y,,,,,
625764e36c7c20de390e02dcb69c35a6228dcb6b4c31293aa2b8e47aee819ea684a03240ce2abf4bc7d1f842ea7a8c3ae34653ec826b12b58276ebdeb04b4822,2025-07-28T20:10:00.000,30,STOP SIGN/FLASHER,FUNCTIONING PROPERLY,CLEAR,DUSK,REAR TO FRONT,NOT DIVIDED,STRAIGHT AND LEVEL,DRY,NO DEFECTS,NOT ON SCENE (DESK REPORT),NO INJURY / DRIVE AWAY,,"OVER $1,500",2025-07-28T21:00:00.000,IMPROPER BACKING,UNABLE TO DETERMINE,2283,N,MILWAUKEE AVE,1431,2,NO INDICATION OF INJURY,0,0,0,0,0,3,0,20,2,7,41.9225876174,-87.6966187643,"{'type': 'Point', 'coordinates': [-87.696618764262, 41.922587617422]}",,,Y,,,,,,,
8c5beb04e65bff155b5b2ec35f16e4c0131db80ee9aca98d91bfbe43ead7bc3de45c732ff65a9b673ac9d3819d7fec774105b5d6da2f744fa1801132b4286441,2025-07-28T20:01:00.000,30,TRAFFIC SIGNAL,FUNCTIONING PROPERLY,CLEAR,DAYLIGHT,TURNING,DIVIDED - W/MEDIAN (NOT RAISED),STRAIGHT AND LEVEL,DRY,NO DEFECTS,,INJURY AND / OR TOW DUE TO CRASH,,"OVER $1,500",2025-07-28T20:05:00.000,UNABLE TO DETERMINE,UNABLE TO DETERMINE,6600,W,HIGGINS AVE,1613,2,NO INDICATION OF INJURY,0,0,0,0,0,2,0,20,2,7,41.9779641613,-87.7926774637,"{'type': 'Point', 'coordinates': [-87.792677463665, 41.977964161292]}",,,,,Y,,,,,
3c862dac475f37850245fe1a4b97380cb5efb71f56ac33e4a2469eb6bbc2d577425e91257ffdd7c4676e20bbc857a3244328c2990923c6ca237ad3c87126891a,2025-07-28T20:00:00.000,30,TRAFFIC SIGNAL,FUNCTIONING PROPERLY,CLEAR,DUSK,SIDESWIPE SAME DIRECTION,NOT DIVIDED,STRAIGHT AND LEVEL,DRY,NO DEFECTS,,INJURY AND / OR TOW DUE TO CRASH,,"OVER $1,500",2025-07-28T20:13:00.000,IMPROPER LANE USAGE,FAILING TO YIELD RIGHT-OF-WAY,2405,W,71ST ST,832,2,NO INDICATION OF INJURY,0,0,0,0,0,7,0,20,2,7,41.7645867263,-87.6834683819,"{'type': 'Point', 'coordinates': [-87.68346838186, 41.764586726261]}",,,Y,,,,,,,
59d682b2a981ebb2373a5cd08e13273089165034c6924286f141ab50753645fd2a851ead648a75d4574800d0871742ae430ba7f5a6896d1cee9620e889219700,2025-07-28T20:00:00.000,30,NO CONTROLS,NO CONTROLS,CLEAR,DAYLIGHT,TURNING,DIVIDED - W/MEDIAN BARRIER,CURVE ON GRADE,DRY,NO DEFECTS,ON SCENE,INJURY AND / OR TOW DUE TO CRASH,,"OVER $1,500",2025-07-28T20:00:00.000,UNABLE TO DETERMINE,UNABLE TO DETERMINE,4453,N,CICERO AVE,1623,2,NO INDICATION OF INJURY,0,0,0,0,0,2,0,20,2,7,41.9623353082,-87.747519816,"{'type': 'Point', 'coordinates': [-87.747519815961, 41.962335308168]}",,,,,,,,,,
237ae4e38682473f9913bb14f3675a9edd85bedfdb37511900f615c0b3749f8ceb63820994e65d70481efb604dcd67b37d1d169d6bc3f16b96ff456983ea6bd9,2025-07-28T19:45:00.000,30,STOP SIGN/FLASHER,FUNCTIONING PROPERLY,CLEAR,DUSK,PEDESTRIAN,NOT DIVIDED,STRAIGHT AND LEVEL,UNKNOWN,UNKNOWN,NOT ON SCENE (DESK REPORT),INJURY AND / OR TOW DUE TO CRASH,,"OVER $1,500",2025-07-28T20:24:00.000,FAILING TO YIELD RIGHT-OF-WAY,NOT APPLICABLE,4700,S,KILPATRICK AVE,815,2,NONINCAPACITATING INJURY,1,0,0,1,0,1,0,19,2,7,41.8075598709,-87.7408551977,"{'type': 'Point', 'coordinates': [-87.740855197748, 41.807559870916]}",,,,,,,,,,
b6cc8d0bcbf91eff37a6220c196c41d87df24e2af63883ef5c5c0e20d65b84a8adf5e2f1b57fc18a4cbc2dd56f26fd0670801ffba306b32d3822ced6744c9232,2025-07-28T19:45:00.000,30,NO CONTROLS,NO CONTROLS,CLEAR,DAYLIGHT,TURNING,NOT DIVIDED,STRAIGHT AND LEVEL,DRY,NO DEFECTS,NOT ON SCENE (DESK REPORT),NO INJURY / DRIVE AWAY,,"OVER $1,500",2025-07-29T06:07:00.000,UNABLE TO DETERMINE,NOT APPLICABLE,2725,W,ST GEORGES CT,1431,2,NO INDICATION OF INJURY,0,0,0,0,0,2,0,19,2,7,41.9213588673,-87.6965330554,"{'type': 'Point', 'coordinates': [-87.696533055442, 41.921358867258]}",,,Y,,,,,,,
11d39c0a70fc031fea5acf190f7bc3a239f85500412790118747f996a052c3648508def11f6b95f88c0b04b45470361984faa9fd949354f3e8f636bdf753fb3c,2025-07-28T19:40:00.000,30,NO CONTROLS,NO CONTROLS,CLEAR,DAYLIGHT,PARKED MOTOR VEHICLE,ONE-WAY,STRAIGHT AND LEVEL,DRY,NO DEFECTS,NOT ON SCENE (DESK REPORT),NO INJURY / DRIVE AWAY,,"OVER $1,500",2025-07-28T19:40:00.000,DISTRACTION - FROM INSIDE VEHICLE,NOT APPLICABLE,4008,W,CARROLL AVE,1114,2,NO INDICATION OF INJURY,0,0,0,0,0,1,0,19,2,7,41.8869332802,-87.7262732712,"{'type': 'Point', 'coordinates': [-87.72627327118, 41.886933280178]}",,,,,,,,,,
ac6671416bf1f84759fdbe6bf7d6dff8bb9126bc0e750c508275dfaa809066607b06dcd751c01a5231c2be25b78e14725c04991ede95dfdd6d912882bf7a6d87,2025-07-28T19:40:00.000,30,TRAFFIC SIGNAL,FUNCTIONING PROPERLY,CLEAR,DAYLIGHT,PEDALCYCLIST,FOUR WAY,STRAIGHT AND LEVEL,DRY,NO DEFECTS,ON SCENE,INJURY AND / OR TOW DUE TO CRASH,Y,$500 OR LESS,2025-07-28T19:40:00.000,DISREGARDING TRAFFIC SIGNALS,DISREGARDING TRAFFIC SIGNALS,2400,W,NORTH AVE,1434,2,NONINCAPACITATING INJURY,1,0,0,1,0,1,0,19,2,7,41.9104298624,-87.6872842205,"{'type': 'Point', 'coordinates': [-87.687284220508, 41.910429862359]}",,,Y,,Y,,,,,
0ed2fc18fd8dd68ff2fbd05c9114c34df76a2be41edcd06bb19a3b17850ce83b382a4d1f4c2f013bd83280dac65d1424d815f4667e7fff0734ff5be23f3bf1d7,2025-07-28T19:30:00.000,25,STOP SIGN/FLASHER,FUNCTIONING PROPERLY,CLEAR,DUSK,ANGLE,TRAFFIC ROUTE,STRAIGHT AND LEVEL,DRY,NO DEFECTS,ON SCENE,INJURY AND / OR TOW DUE TO CRASH,Y,"OVER $1,500",2025-07-28T21:01:00.000,DISREGARDING STOP SIGN,FAILING TO YIELD RIGHT-OF-WAY,140,N,LECLAIRE AVE,1532,2,NO INDICATION OF INJURY,0,0,0,0,0,2,0,19,2,7,41.8829670571,-87.7528600187,"{'type': 'Point', 'coordinates': [-87.752860018733, 41.882967057137]}",,,,,,,,,,
138f94bfe6457eb8550208b5dd384439744ffdfe4b0fc1d2124e9844876e3b2a77f13e5556df1ca1b3f432bcb4a57b1c23d93f74615dd26396fd156069b36cfb,2025-07-28T19:30:00.000,15,UNKNOWN,UNKNOWN,UNKNOWN,UNKNOWN,PARKED MOTOR VEHICLE,PARKING LOT,STRAIGHT AND LEVEL,UNKNOWN,UNKNOWN,NOT ON SCENE (DESK REPORT),NO INJURY / DRIVE AWAY,,"$501 - $1,500",2025-07-28T20:15:00.000,UNABLE TO DETERMINE,NOT APPLICABLE,1763,W,HOWARD ST,2422,2,NO INDICATION OF INJURY,0,0,0,0,0,1,0,19,2,7,42.0192885501,-87.6750585094,"{'type': 'Point', 'coordinates': [-87.675058509388, 42.019288550088]}",,,Y,,,,,,,
3ebd63e8bfbe8ff16de201a5e2fcf6f85361453ddb6d0ac845496a2e022721229ab1fccf67fde4c3c98f1704126eeeadd0d7971267e3f55808084d5d84c94801,2025-07-28T19:30:00.000,30,TRAFFIC SIGNAL,FUNCTIONING PROPERLY,CLEAR,DAYLIGHT,SIDESWIPE SAME DIRECTION,NOT DIVIDED,STRAIGHT AND LEVEL,DRY,UNKNOWN,NOT ON SCENE (DESK REPORT),NO INJURY / DRIVE AWAY,Y,"OVER $1,500",2025-07-29T14:35:00.000,UNABLE TO DETERMINE,NOT APPLICABLE,9300,S,COMMERCIAL AVE,423,2,NO INDICATION OF INJURY,0,0,0,0,0,6,0,19,2,7,41.7262453315,-87.5513135697,"{'type': 'Point', 'coordinates': [-87.55131356971, 41.72624533147]}",,,,,,,,,,
720385e8f4238c5fc6d0936d68f6dc0b10ab91451b5af906aca6830ad6bca7501a85dd8995f6ac6b9153a6f05f58d9d7cb5ebd227a25063000867ec3cce7bf16,2025-07-28T19:30:00.000,25,NO CONTROLS,NO CONTROLS,UNKNOWN,UNKNOWN,PARKED MOTOR VEHICLE,ONE-WAY,STRAIGHT AND LEVEL,UNKNOWN,UNKNOWN,,NO INJURY / DRIVE AWAY,,"OVER $1,500",2025-07-29T13:48:00.000,DRIVING SKILLS/KNOWLEDGE/EXPERIENCE,FAILING TO REDUCE SPEED TO AVOID CRASH,1304,W,NORTH SHORE AVE,2432,3,NO INDICATION OF INJURY,0,0,0,0,0,1,0,19,2,7,42.0036097005,-87.6638407658,"{'type': 'Point', 'coordinates': [-87.663840765768, 42.003609700515]}",,,Y,,,,,,,
b093d168d716d4fdee02f1617eaab3aa425e0922f28f33818655b89f8de03a5d4e40c689401950bfbff2357d36407db7d1b00c03ce99cfbc1ba7af2f9bfe2b29,2025-07-28T19:30:00.000,30,TRAFFIC SIGNAL,FUNCTIONING PROPERLY,RAIN,"DARKNESS, LIGHTED ROAD",SIDESWIPE SAME DIRECTION,DIVIDED - W/MEDIAN (NOT RAISED),STRAIGHT AND LEVEL,WET,NO DEFECTS,NOT ON SCENE (DESK REPORT),NO INJURY / DRIVE AWAY,,"OVER $1,500",2025-07-28T22:00:00.000,FAILING TO YIELD RIGHT-OF-WAY,UNABLE TO DETERMINE,9301,S,COMMERCIAL AVE,424,2,NO INDICATION OF INJURY,0,0,0,0,0,2,0,19,2,7,41.7262477448,-87.5510205352,"{'type': 'Point', 'coordinates': [-87.551020535162, 41.726247744823]}",,,,,,,,,,
c1e88acf580296aa26683b7556b1a3230c894281cadc3fde99a07a8280af854625d214353c51408732bcaf52d4ac5da1d93ed01a3779c34ca0d6d7f6303c1544,2025-07-28T19:27:00.000,30,TRAFFIC SIGNAL,FUNCTIONING PROPERLY,CLEAR,DAYLIGHT,TURNING,FOUR WAY,STRAIGHT AND LEVEL,DRY,NO DEFECTS,ON SCENE,INJURY AND / OR TOW DUE TO CRASH,Y,"OVER $1,500",2025-07-28T19:41:00.000,FAILING TO YIELD RIGHT-OF-WAY,UNABLE TO DETERMINE,6500,S,KEDZIE AVE,831,2,NONINCAPACITATING INJURY,1,0,0,1,0,1,0,19,2,7,41.7752744575,-87.7031973331,"{'type': 'Point', 'coordinates': [-87.703197333057, 41.775274457458]}",,,Y,,,,,,,
d9f1e3bb1ab2c86ebc8b6b203cbb4f478a8674b50ed8f708798854284d343acac382e44e27711cd3ab6fcbdcb875be5723d00aa5a8c82a4e8311f89fdc527185,2025-07-28T19:24:00.000,30,NO CONTROLS,NO CONTROLS,CLEAR,DUSK,SIDESWIPE SAME DIRECTION,NOT DIVIDED,STRAIGHT AND LEVEL,DRY,NO DEFECTS,ON SCENE,NO INJURY / DRIVE AWAY,,"$501 - $1,500",2025-07-28T19:32:00.000,DRIVING ON WRONG SIDE/WRONG WAY,IMPROPER OVERTAKING/PASSING,5535,W,BRYN MAWR AVE,1623,2,NO INDICATION OF INJURY,0,0,0,0,0,2,0,19,2,7,41.982833771,-87.7673417948,"{'type': 'Point', 'coordinates': [-87.76734179478, 41.982833771031]}",,,Y,,,,,,,
dd278e0969b22895521131db42eeb78643ecfd6bb9db3db1076091edc3eed19cb61d2853be67c8517fd79015befd2f4b895fc13d846ed9aeaee912b7d56d59d4,2025-07-28T19:20:00.000,30,UNKNOWN,UNKNOWN,CLEAR,UNKNOWN,SIDESWIPE SAME DIRECTION,FOUR WAY,STRAIGHT AND LEVEL,UNKNOWN,UNKNOWN,NOT ON SCENE (DESK REPORT),NO INJURY / DRIVE AWAY,Y,"OVER $1,500",2025-07-28T20:04:00.000,IMPROPER OVERTAKING/PASSING,DRIVING SKILLS/KNOWLEDGE/EXPERIENCE,500,S,LAKE SHORE DR SB,114,2,NO INDICATION OF INJURY,0,0,0,0,0,2,0,19,2,7,41.8757562552,-87.6175156798,"{'type': 'Point', 'coordinates': [-87.617515679751, 41.875756255241]}",,,,,,,,,,
06af2f31d1aba65d5bd7d3e30301a0210feb68b7bd1ae94f1b7a0208c3f277876e4e33fa9103ceeeb939ca80e8e2c95c5e8a8570c3ef3653f1fd7cce60fb87d0,2025-07-28T19:08:00.000,25,NO CONTROLS,NO CONTROLS,CLEAR,DAYLIGHT,PEDALCYCLIST,NOT DIVIDED,STRAIGHT AND LEVEL,DRY,NO DEFECTS,NOT ON SCENE (DESK REPORT),INJURY AND / OR TOW DUE TO CRASH,,$500 OR LESS,2025-08-07T10:00:00.000,RELATED TO BUS STOP,NOT APPLICABLE,3,W,CHICAGO AVE,1832,2,NONINCAPACITATING INJURY,1,0,0,1,0,1,0,19,2,7,41.8965654034,-87.6283588301,"{'type': 'Point', 'coordinates': [-87.628358830078, 41.896565403394]}",,,Y,,,,,,,
01bc42f844616d19c999bbe5dd60257f79b9dc88f914a86f83e85652624f94fddcf21892729c37faf2101d1a1b9a63f6a5c47d5eb2b8fc7146828281e6c4d36d,2025-07-28T19:05:00.000,30,TRAFFIC SIGNAL,FUNCTIONING PROPERLY,CLEAR,DAYLIGHT,ANGLE,T-INTERSECTION,STRAIGHT AND LEVEL,DRY,NO DEFECTS,ON SCENE,INJURY AND / OR TOW DUE TO CRASH,Y,"OVER $1,500",2025-07-28T19:22:00.000,DISREGARDING TRAFFIC SIGNALS,NOT APPLICABLE,5900,S,DR MARTIN LUTHER KING JR DR,232,2,"REPORTED, NOT EVIDENT",2,0,0,0,2,2,0,19,2,7,41.7874293465,-87.6159464271,"{'type': 'Point', 'coordinates': [-87.615946427121, 41.787429346503]}",,,N,,,,,,,
4c295e7c074c211a400796bb427cdca2bcc285e3a5d070d196694db34d0d4e47e43dace1f92bad0c1fae9bf10a598f325e6f66152aeea6e86bf9f7aa925f2311,2025-07-28T19:00:00.000,30,TRAFFIC SIGNAL,FUNCTIONING PROPERLY,CLEAR,DAYLIGHT,SIDESWIPE SAME DIRECTION,T-INTERSECTION,STRAIGHT AND LEVEL,DRY,UNKNOWN,ON SCENE,NO INJURY / DRIVE AWAY,,"OVER $1,500",2025-07-28T19:10:00.000,UNABLE TO DETERMINE,UNABLE TO DETERMINE,7900,S,YATES BLVD,414,2,NO INDICATION OF INJURY,0,0,0,0,0,4,0,19,2,7,41.7516362692,-87.5663781214,"{'type': 'Point', 'coordinates': [-87.56637812136, 41.751636269168]}",,,,,,,,,,
ac519946321dcc707378035b9519468e034c6d2942d8f5ee695cbda802082c60968589f7e20a43120d1244e9cb5c75728db5ca22d0ce9af5d6647160066778a9,2025-07-28T19:00:00.000,30,UNKNOWN,UNKNOWN,UNKNOWN,UNKNOWN,PARKED MOTOR VEHICLE,NOT DIVIDED,STRAIGHT AND LEVEL,UNKNOWN,UNKNOWN,NOT ON SCENE (DESK REPORT),NO INJURY / DRIVE AWAY,,"OVER $1,500",2025-07-31T08:50:00.000,UNABLE TO DETERMINE,NOT APPLICABLE,920,E,40TH ST,214,2,NO INDICATION OF INJURY,0,0,0,0,0,1,0,19,2,7,41.8223192715,-87.6030863724,"{'type': 'Point', 'coordinates': [-87.603086372363, 41.822319271525]}",,,Y,,,,,,,
ba7b2bab0b4386d302cc8a3d0c26a86e3c8b548a5afe9a4db35a54c0191b7f65336746e789dee7ed78420fccbebec98e347f2c5172eaadb1ef69cdadf382e373,2025-07-28T19:00:00.000,30,NO CONTROLS,NO CONTROLS,CLEAR,DAYLIGHT,PARKED MOTOR VEHICLE,PARKING LOT,STRAIGHT AND LEVEL,DRY,NO DEFECTS,ON SCENE,NO INJURY / DRIVE AWAY,,"OVER $1,500",2025-07-28T19:45:00.000,UNABLE TO DETERMINE,NOT APPLICABLE,10900,S,DOTY AVE W,513,2,NO INDICATION OF INJURY,0,0,0,0,0,1,0,19,2,7,41.696313684,-87.5966322439,"{'type': 'Point', 'coordinates': [-87.596632243933, 41.696313683973]}",,,Y,,Y,,,,,
4677d81be65c587ff3de04d4280d3149557cab00454871c9ca12641567f537ecccccf0d0529d1e6465251f3e0623eb056210a7c7d080e4764fea02bf6e1e0fe7,2025-07-28T18:45:00.000,30,NO CONTROLS,NO CONTROLS,CLEAR,DAYLIGHT,REAR END,NOT DIVIDED,STRAIGHT AND LEVEL,UNKNOWN,OTHER,NOT ON SCENE (DESK REPORT),NO INJURY / DRIVE AWAY,,"OVER $1,500",2025-07-28T20:06:00.000,FOLLOWING TOO CLOSELY,FOLLOWING TOO CLOSELY,3770,W,FOSTER AVE,1712,2,NO INDICATION OF INJURY,0,0,0,0,0,2,0,18,2,7,41.9756961389,-87.7232343492,"{'type': 'Point', 'coordinates': [-87.723234349242, 41.975696138933]}",,,,,,,,,,
9b0940df794d49f1331514023df1a78185f568fbad1513933739c1015263b802550bf58c364daa3eb65569f2a898affd2d6b2ae11e508faa50d8fcf25ac21ded,2025-07-28T18:45:00.000,30,NO CONTROLS,NO CONTROLS,CLEAR,DAYLIGHT,PARKED MOTOR VEHICLE,ONE-WAY,STRAIGHT AND LEVEL,DRY,NO DEFECTS,NOT ON SCENE (DESK REPORT),NO INJURY / DRIVE AWAY,,"$501 - $1,500",2025-07-29T08:00:00.000,UNABLE TO DETERMINE,UNABLE TO DETERMINE,2118,W,CHASE AVE,2411,2,NO INDICATION OF INJURY,0,0,0,0,0,1,0,18,2,7,42.0141557381,-87.6844905941,"{'type': 'Point', 'coordinates': [-87.684490594097, 42.014155738079]}",,,Y,,Y,,,,,
baa94ecf06ee18198067134b1dfaefa4a1ff418b6dc8637f9fbfabe4a72a604a10084002e88e72eac79cc56e8c27b064af3f97348b7fd20ff95f45894a6fc429,2025-07-28T18:45:00.000,30,NO CONTROLS,NO CONTROLS,CLEAR,DAYLIGHT,PARKED MOTOR VEHICLE,NOT DIVIDED,STRAIGHT AND LEVEL,DRY,NO DEFECTS,NOT ON SCENE (DESK REPORT),NO INJURY / DRIVE AWAY,,"OVER $1,500",2025-08-01T13:11:00.000,DRIVING SKILLS/KNOWLEDGE/EXPERIENCE,UNABLE TO DETERMINE,2800,N,SACRAMENTO AVE,1411,2,NO INDICATION OF INJURY,0,0,0,0,0,1,0,18,2,7,41.9321479835,-87.7026715157,"{'type': 'Point', 'coordinates': [-87.702671515669, 41.932147983515]}",,,Y,,,,,,,
a188b12ee23f563d10e577e44b99e7cef8dbba8390b4058d727644b0e7aa8fff549d978774f56442fa260892c69a04af278353a183e890590ca736b709a5891e,2025-07-28T18:40:00.000,15,NO CONTROLS,NO CONTROLS,CLEAR,DAYLIGHT,TURNING,OTHER,STRAIGHT AND LEVEL,WET,NO DEFECTS,ON SCENE,NO INJURY / DRIVE AWAY,,"OVER $1,500",2025-07-28T19:42:00.000,UNABLE TO DETERMINE,NOT APPLICABLE,10000,W,OHARE ST,1651,2,NO INDICATION OF INJURY,0,0,0,0,0,2,0,18,2,7,41.976201139,-87.9053091251,"{'type': 'Point', 'coordinates': [-87.905309125103, 41.976201139024]}",,,,,,,,,,
d956bb531367c9e9fde19d9b92dfce2392c2da14068f52883e219322f79151ebd8dd22d482632ccbae019fa09001f9f06c3a5af8d9ca8eb1cb2df6082dc76ba7,2025-07-28T18:32:00.000,30,NO CONTROLS,NO CONTROLS,CLEAR,DAYLIGHT,SIDESWIPE SAME DIRECTION,DIVIDED - W/MEDIAN (NOT RAISED),STRAIGHT AND LEVEL,DRY,UNKNOWN,ON SCENE,INJURY AND / OR TOW DUE TO CRASH,,"OVER $1,500",2025-07-28T18:40:00.000,UNABLE TO DETERMINE,NOT APPLICABLE,13100,S,TORRENCE AVE,434,3,"REPORTED, NOT EVIDENT",2,0,0,0,2,2,0,18,2,7,41.6572934751,-87.5594379742,"{'type': 'Point', 'coordinates': [-87.559437974191, 41.657293475064]}",,,,,,,,,,
03a8fcafff2d2121544bffaa8c1ea38948577d6f6aad17cc16beea4f9ead9f9c7c4410dff0187a53a5ce5a882bb305fb41f35c37deefe9c01f3988a34147444f,2025-07-28T18:30:00.000,30,NO CONTROLS,NO CONTROLS,CLEAR,DAYLIGHT,REAR END,DIVIDED - W/MEDIAN BARRIER,STRAIGHT AND LEVEL,DRY,NO DEFECTS,NOT ON SCENE (DESK REPORT),NO INJURY / DRIVE AWAY,,"OVER $1,500",2025-07-28T18:55:00.000,IMPROPER OVERTAKING/PASSING,NOT APPLICABLE,4600,S,CICERO AVE,814,2,NO INDICATION OF INJURY,0,0,0,0,0,2,0,18,2,7,41.8093523672,-87.7433410195,"{'type': 'Point', 'coordinates': [-87.74334101951, 41.809352367172]}",,,,,,,,,,
78b5f344b85bcbaaab37d1bb3dbc8f74f9da88ab345375243beda1a00b27cfa15199014b3bca713cfd06900db296a65d15a26850c31317c884283095226ca038,2025-07-28T18:30:00.000,30,NO CONTROLS,NO CONTROLS,CLEAR,DAYLIGHT,PARKED MOTOR VEHICLE,NOT DIVIDED,STRAIGHT AND LEVEL,DRY,NO DEFECTS,NOT ON SCENE (DESK REPORT),NO INJURY / DRIVE AWAY,,"OVER $1,500",2025-07-29T11:39:00.000,UNABLE TO DETERMINE,UNABLE TO DETERMINE,3029,E,79TH ST,422,2,NO INDICATION OF INJURY,0,0,0,0,0,1,0,18,2,7,41.7518327176,-87.5505507292,"{'type': 'Point', 'coordinates': [-87.550550729235, 41.751832717574]}",,,,,,,,,,
9ef26d1086c5b23156dfe0a2044ec26e180b0e333ae93b2d8cfc0ddfb257d5fd15db9f1aaaf10defe99b64e064612697f22bd0f20b302b229e702eeded0bd23d,2025-07-28T18:25:00.000,30,NO CONTROLS,NO CONTROLS,CLEAR,DAYLIGHT,TURNING,NOT DIVIDED,"CURVE, LEVEL",DRY,NO DEFECTS,NOT ON SCENE (DESK REPORT),NO INJURY / DRIVE AWAY,,"OVER $1,500",2025-07-28T18:40:00.000,UNABLE TO DETERMINE,NOT APPLICABLE,98,W,FULLERTON DR,1935,2,NO INDICATION OF INJURY,0,0,0,0,0,2,0,18,2,7,41.9262186856,-87.6313719557,"{'type': 'Point', 'coordinates': [-87.631371955684, 41.926218685605]}",,,,,,,,,,
964f9d7a458a701740d15765e6699ec4a2a6c824f0edbf4a14e939d75278d4bddc55c8a5d8e3f3166041955212a777ab795d1e0b157b3d310f706371ef926ab4,2025-07-28T18:23:00.000,10,NO CONTROLS,NO CONTROLS,CLEAR,DAYLIGHT,PARKED MOTOR VEHICLE,PARKING LOT,STRAIGHT AND LEVEL,DRY,NO DEFECTS,NOT ON SCENE (DESK REPORT),NO INJURY / DRIVE AWAY,,"OVER $1,500",2025-07-28T18:45:00.000,UNABLE TO DETERMINE,NOT APPLICABLE,2200,S,PULASKI RD,1013,2,NO INDICATION OF INJURY,0,0,0,0,0,1,0,18,2,7,41.8515214423,-87.7249047867,"{'type': 'Point', 'coordinates': [-87.72490478675, 41.851521442331]}",,,Y,,,,,,,
d24c338eee0f0a69f3b1326fc6a657c1c2303b375dcb823dc0ac1a20e81623206f0435dc1b76d3b9f37230d4441bb59e629ec5b7a1d534d8c531dbc2fc793672,2025-07-28T18:20:00.000,15,OTHER,FUNCTIONING PROPERLY,CLEAR,DAYLIGHT,FIXED OBJECT,PARKING LOT,STRAIGHT AND LEVEL,DRY,UNKNOWN,ON SCENE,NO INJURY / DRIVE AWAY,,"OVER $1,500",2025-07-28T18:40:00.000,NOT APPLICABLE,NOT APPLICABLE,1,W,PARKING LOT D ST,1654,1,NO INDICATION OF INJURY,0,0,0,0,0,1,0,18,2,7,,,,,,,,,,,,,