crash_record_id,crash_date,posted_speed_limit,traffic_control_device,device_condition,weather_condition,lighting_condition,first_crash_type,trafficway_type,alignment,roadway_surface_cond,road_defect,report_type,crash_type,intersection_related_i,damage,date_police_notified,prim_contributory_cause,sec_contributory_cause,street_no,street_direction,street_name,beat_of_occurrence,num_units,most_severe_injury,injuries_total,injuries_fatal,injuries_incapacitating,injuries_non_incapacitating,injuries_reported_not_evident,injuries_no_indication,injuries_unknown,crash_hour,crash_day_of_week,crash_month,latitude,longitude,location,private_property_i,photos_taken_i,hit_and_run_i,statements_taken_i,crash_date_est_i,work_zone_i,work_zone_type,dooring_i,lane_cnt,workers_present_i
3da872bc3ab416c098cef9b5444472d7e80315efedc99ac50c3a75e38a6ac6da6144ba5478540bdffa92360e63803d3be3ac7103c55e9054f636aeed29e5fe7a,2025-07-28T18:09:00.000,30,TRAFFIC SIGNAL,FUNCTIONING PROPERLY,CLEAR,DAYLIGHT,SIDESWIPE SAME DIRECTION,FOUR WAY,STRAIGHT AND LEVEL,DRY,NO DEFECTS,ON SCENE,NO INJURY / DRIVE AWAY,N,"OVER $1,500",2025-07-28T18:33:00.000,UNABLE TO DETERMINE,NOT APPLICABLE,6009,N,LINCOLN AVE,2413,2,NO INDICATION OF INJURY,0,0,0,0,0,2,0,18,2,7,41.990642119,-87.7075693821,"{'type': 'Point', 'coordinates': [-87.707569382073, 41.990642118965]}",,,,,,,,,,
4a402df67c2e66c9c6763e7171e000cef40d48c869bd86c24f58026996d55bdc922b7601bb298f9522f9cfe0249b3f213ba4d62bba89615c0233470e0ba6b914,2025-07-28T18:08:00.000,30,TRAFFIC SIGNAL,FUNCTIONING PROPERLY,CLEAR,DAYLIGHT,TURNING,OTHER,STRAIGHT AND LEVEL,DRY,NO DEFECTS,ON SCENE,NO INJURY / DRIVE AWAY,Y,"$501 - $1,500",2025-07-28T18:10:00.000,IMPROPER LANE USAGE,NOT APPLICABLE,9811,S,HALSTED ST,2223,2,NO INDICATION OF INJURY,0,0,0,0,0,3,0,18,2,7,41.7155976016,-87.6429098586,"{'type': 'Point', 'coordinates': [-87.642909858635, 41.715597601572]}",,,,,,,,,,
0166d0c21342bc72f2e53ff2f9dbac82c324c27581a1fd1c6d155260cfff30f6af6d9676315675e0fa3c5f2d8f01a537fe9e770da3502e2ca1994fdd8e04e73a,2025-07-28T18:00:00.000,30,NO CONTROLS,NO CONTROLS,CLEAR,DAYLIGHT,PARKED MOTOR VEHICLE,DIVIDED - W/MEDIAN (NOT RAISED),STRAIGHT AND LEVEL,DRY,NO DEFECTS,NOT ON SCENE (DESK REPORT),NO INJURY / DRIVE AWAY,,"OVER $1,500",2025-08-04T16:00:00.000,UNABLE TO DETERMINE,UNABLE TO DETERMINE,945,W,31ST ST,913,2,NO INDICATION OF INJURY,0,0,0,0,0,1,0,18,2,7,41.8378808019,-87.6504507001,"{'type': 'Point', 'coordinates': [-87.650450700079, 41.837880801879]}",,,Y,,,,,,,
43bdde6c3d29d3848f007ef8f3696fc8606629c94c88d4c42e67acc7902a9d375a7684a1576e08f3f0433905de1f80819ab068abd4b83504d5ffc2090a47a99f,2025-07-28T18:00:00.000,30,STOP SIGN/FLASHER,NO CONTROLS,UNKNOWN,UNKNOWN,OTHER OBJECT,NOT DIVIDED,STRAIGHT AND LEVEL,UNKNOWN,UNKNOWN,,INJURY AND / OR TOW DUE TO CRASH,Y,$500 OR LESS,2025-07-30T11:20:00.000,UNABLE TO DETERMINE,NOT APPLICABLE,3600,S,WALLACE ST,915,2,"REPORTED, NOT EVIDENT",1,0,0,0,1,2,0,18,2,7,41.8288958853,-87.6413317148,"{'type': 'Point', 'coordinates': [-87.641331714831, 41.828895885349]}",,,Y,,,,,,,
5e8e7bf4512a9a19e8dc009bc32d2b63044ea29bb39278446dc0b0b935816b03a231ad1487fb2bd2121127357c82ab748c90b53f9a9b471a447003b6269d768a,2025-07-28T18:00:00.000,30,NO CONTROLS,NO CONTROLS,UNKNOWN,UNKNOWN,PARKED MOTOR VEHICLE,ONE-WAY,STRAIGHT AND LEVEL,UNKNOWN,NO DEFECTS,NOT ON SCENE (DESK REPORT),NO INJURY / DRIVE AWAY,,"OVER $1,500",2025-08-01T14:00:00.000,UNABLE TO DETERMINE,NOT APPLICABLE,3651,W,EDDY ST,1732,2,NO INDICATION OF INJURY,0,0,0,0,0,1,0,18,2,7,41.9454560471,-87.7196438718,"{'type': 'Point', 'coordinates': [-87.7196438718, 41.945456047148]}",,,Y,,Y,,,,,
8075a6e0a45de8ddfd12f853f9be5ad089b11a97054d6ef2238273e23b883b06d921635fca8bbac9c272fbe5a99254a58041af438c55c7544bee4fc65b7b8004,2025-07-28T18:00:00.000,30,TRAFFIC SIGNAL,FUNCTIONING PROPERLY,CLEAR,DAYLIGHT,PARKED MOTOR VEHICLE,DIVIDED - W/MEDIAN (NOT RAISED),STRAIGHT AND LEVEL,DRY,UNKNOWN,NOT ON SCENE (DESK REPORT),INJURY AND / OR TOW DUE TO CRASH,,"OVER $1,500",2025-08-12T11:40:00.000,EQUIPMENT - VEHICLE CONDITION,UNABLE TO DETERMINE,5002,W,AUGUSTA BLVD,1531,3,,,,,,,,,18,2,7,41.8987410334,-87.7509453091,"{'type': 'Point', 'coordinates': [-87.750945309088, 41.898741033357]}",,,,,,,,,,
95b2d6710fa10b6d7c94357be06144da431076920013f886dd64aa6a8857a355fff0ab21459865f2c3a4034726dac5694166fe286db2e51b020a575748111d9d,2025-07-28T18:00:00.000,25,NO CONTROLS,NO CONTROLS,CLEAR,DAYLIGHT,PARKED MOTOR VEHICLE,ONE-WAY,STRAIGHT AND LEVEL,DRY,NO DEFECTS,NOT ON SCENE (DESK REPORT),NO INJURY / DRIVE AWAY,,"OVER $1,500",2025-07-29T16:45:00.000,UNABLE TO DETERMINE,UNABLE TO DETERMINE,3214,W,BERTEAU AVE,1724,2,NO INDICATION OF INJURY,0,0,0,0,0,1,0,18,2,7,41.9576580515,-87.7087684343,"{'type': 'Point', 'coordinates': [-87.708768434311, 41.957658051515]}",,,Y,,Y,,,,,
b706725c84531b152eff09995412bd59246e1f237977c0be020905ce8bd8e3331f62ae954a3ace3459df44b1e0ffcb06c33cbf9cbfddda0d1857ea7c7087ce5d,2025-07-28T18:00:00.000,15,NO CONTROLS,NO CONTROLS,CLEAR,DAYLIGHT,REAR TO FRONT,ONE-WAY,STRAIGHT AND LEVEL,DRY,NO DEFECTS,ON SCENE,NO INJURY / DRIVE AWAY,,"$501 - $1,500",2025-07-28T18:10:00.000,"VISION OBSCURED (SIGNS, TREE LIMBS, BUILDINGS, ETC.)",ROAD CONSTRUCTION/MAINTENANCE,3432,W,FRANKLIN BLVD,1121,2,NO INDICATION OF INJURY,0,0,0,0,0,2,0,18,2,7,41.8901125705,-87.7126082487,"{'type': 'Point', 'coordinates': [-87.71260824875, 41.890112570483]}",,,,,,,,,,
c96e87ee3291886d346374e9c674497ab48e9702c9db1d5eb67efa237eb7edbd72a5f72bcd69fb95c4f58b3679f634390c978891e255d65fec0b78b9bb7df6b8,2025-07-28T18:00:00.000,30,TRAFFIC SIGNAL,FUNCTIONING PROPERLY,CLEAR,DAYLIGHT,REAR END,NOT DIVIDED,STRAIGHT AND LEVEL,DRY,NO DEFECTS,NOT ON SCENE (DESK REPORT),NO INJURY / DRIVE AWAY,,"OVER $1,500",2025-07-28T18:39:00.000,FOLLOWING TOO CLOSELY,NOT APPLICABLE,1800,S,WESTERN AVE,1023,2,NO INDICATION OF INJURY,0,0,0,0,0,2,0,18,2,7,41.857474371,-87.6859686047,"{'type': 'Point', 'coordinates': [-87.685968604685, 41.857474370968]}",,,Y,,,,,,,
bba0e5146870e0814c32cfc8f6497c6a7a4caa51027527188f62fb76b254830a520c15890c3e7c99060a728327965440bc26e0353d321e3887366c52b07a1534,2025-07-28T17:57:00.000,30,STOP SIGN/FLASHER,FUNCTIONING PROPERLY,CLEAR,DAYLIGHT,PARKED MOTOR VEHICLE,ONE-WAY,STRAIGHT AND LEVEL,DRY,UNKNOWN,ON SCENE,INJURY AND / OR TOW DUE TO CRASH,,$500 OR LESS,2025-07-28T17:57:00.000,DRIVING ON WRONG SIDE/WRONG WAY,NOT APPLICABLE,1457,N,LEAMINGTON AVE,2533,2,"REPORTED, NOT EVIDENT",1,0,0,0,1,0,0,17,2,7,41.9075565785,-87.754529587,"{'type': 'Point', 'coordinates': [-87.754529587043, 41.90755657852]}",,,,,,,,,,
0641b7deb0e589047cdf6683d9489e9d9a585c99ffd1e10097247b6f683b7798381d412451eba71ce9bca565a25c1fd539b0991dcff1ebf2835c184467e084a9,2025-07-28T17:56:00.000,30,TRAFFIC SIGNAL,FUNCTIONING PROPERLY,CLEAR,DAYLIGHT,TURNING,NOT DIVIDED,STRAIGHT AND LEVEL,DRY,NO DEFECTS,ON SCENE,INJURY AND / OR TOW DUE TO CRASH,,"OVER $1,500",2025-07-28T17:57:00.000,DISREGARDING TRAFFIC SIGNALS,NOT APPLICABLE,8300,S,STONY ISLAND AVE,412,2,NO INDICATION OF INJURY,0,0,0,0,0,2,0,17,2,7,41.744151639,-87.585945067,"{'type': 'Point', 'coordinates': [-87.585945066953, 41.744151639042]}",,,,,,,,,,
1cf198f0f78292dc73346377977bbc1e7722a48817b95ba368fa38fca89e70c805571a22be8285e929728834268d079911e234cc08cfd3b0e1b397f42cb76522,2025-07-28T17:55:00.000,30,NO CONTROLS,NO CONTROLS,CLEAR,DAYLIGHT,REAR TO FRONT,NOT DIVIDED,STRAIGHT AND LEVEL,DRY,UNKNOWN,NOT ON SCENE (DESK REPORT),NO INJURY / DRIVE AWAY,,"OVER $1,500",2025-07-28T21:25:00.000,NOT APPLICABLE,NOT APPLICABLE,600,N,HAMLIN AVE,1122,2,NO INDICATION OF INJURY,0,0,0,0,0,2,0,17,2,7,41.8918350059,-87.7212302092,"{'type': 'Point', 'coordinates': [-87.72123020919, 41.89183500592]}",,,,,,,,,,
e413e6daffb90202b3b5cb50de538f38f695d5d0205aad80844b3b3243f6c6e23beb179b799e0f652e91b62d1f3187cc34fd4b1b91cf051be8be88516ab77b79,2025-07-28T17:52:00.000,10,NO CONTROLS,NO CONTROLS,CLEAR,DAYLIGHT,REAR END,PARKING LOT,STRAIGHT AND LEVEL,DRY,NO DEFECTS,ON SCENE,NO INJURY / DRIVE AWAY,,"$501 - $1,500",2025-07-28T18:00:00.000,UNABLE TO DETERMINE,NOT APPLICABLE,524,W,OHARE ST,1654,2,NO INDICATION OF INJURY,0,0,0,0,0,2,0,17,2,7,,,,,,Y,,,,,,,
f34d16f6c99864b9a23f6e0a2bf6cf01f1836fc8e717a0dd959e99757fd83aac376fb3d90717cf76c809ced972cb877a705c5b8a69906b9cea556cce0d40d02c,2025-07-28T17:47:00.000,20,NO CONTROLS,NO CONTROLS,CLEAR,DAYLIGHT,REAR TO FRONT,OTHER,CURVE ON GRADE,DRY,NO DEFECTS,ON SCENE,NO INJURY / DRIVE AWAY,,"OVER $1,500",2025-07-28T18:15:00.000,UNABLE TO DETERMINE,NOT APPLICABLE,1,W,PARKING LOT A ST,1654,2,NO INDICATION OF INJURY,0,0,0,0,0,2,0,17,2,7,,,,,,,,Y,,,,,
11c36abf9ac880bc109f3478c429c4ba91302ead4ac4b8afcbaa4011931cf992d65e2a6e1a0ac09a4d33f3e780acad54d9ba37cf68689ce244934d1027cf5b66,2025-07-28T17:45:00.000,30,NO CONTROLS,NO CONTROLS,CLEAR,DAYLIGHT,FIXED OBJECT,NOT DIVIDED,STRAIGHT AND LEVEL,DRY,NO DEFECTS,NOT ON SCENE (DESK REPORT),NO INJURY / DRIVE AWAY,,"OVER $1,500",2025-07-29T06:34:00.000,UNABLE TO DETERMINE,NOT APPLICABLE,2350,W,MADISON ST,1223,1,NO INDICATION OF INJURY,0,0,0,0,0,1,0,17,2,7,41.881278154,-87.6860038806,"{'type': 'Point', 'coordinates': [-87.686003880567, 41.881278154042]}",,,,,,,,,,
a095b202663c244e1f9603be3b8d7dc47f8af6b4912e9f5a9d53b5cb5bf12390533fb047b7f16152e4620aae87cc5db991525232384fc889f4b2f1968429c58d,2025-07-28T17:45:00.000,30,TRAFFIC SIGNAL,FUNCTIONING PROPERLY,CLEAR,DAYLIGHT,REAR END,NOT DIVIDED,STRAIGHT AND LEVEL,DRY,NO DEFECTS,NOT ON SCENE (DESK REPORT),INJURY AND / OR TOW DUE TO CRASH,,"OVER $1,500",2025-07-28T19:10:00.000,FOLLOWING TOO CLOSELY,UNABLE TO DETERMINE,600,S,WESTERN AVE,1135,2,NO INDICATION OF INJURY,0,0,0,0,0,2,0,17,2,7,41.873845896,-87.6863812944,"{'type': 'Point', 'coordinates': [-87.686381294359, 41.873845896018]}",,,,,,,,,,
54372b9ee26bf37b3b501c33265c2383aac037237abb03f7479a8639f8cf5fb4460a04b7e7a933d8c5068364ac935e7397d81e9fe1e449f2bc93faf5f5bebf8e,2025-07-28T17:44:00.000,15,NO CONTROLS,NO CONTROLS,CLEAR,DAYLIGHT,PARKED MOTOR VEHICLE,PARKING LOT,STRAIGHT AND LEVEL,DRY,NO DEFECTS,ON SCENE,NO INJURY / DRIVE AWAY,,$500 OR LESS,2025-07-28T17:44:00.000,IMPROPER BACKING,UNABLE TO DETERMINE,242,W,DIVERSEY PKWY,1934,2,NO INDICATION OF INJURY,0,0,0,0,0,2,0,17,2,7,41.9329663218,-87.6362634431,"{'type': 'Point', 'coordinates': [-87.636263443065, 41.932966321779]}",,,,,,,,,,
ddf4c4f781200ae9242e56505ab6f805a3a1f3c0b6d044b1b2c91a17253c5b60605c109b5a6c5b86d683c838cdf6fc1f982820669a63885b05c033c9eb7e8c77,2025-07-28T17:44:00.000,30,TRAFFIC SIGNAL,UNKNOWN,CLEAR,DAYLIGHT,PARKED MOTOR VEHICLE,FOUR WAY,STRAIGHT AND LEVEL,DRY,NO DEFECTS,NOT ON SCENE (DESK REPORT),NO INJURY / DRIVE AWAY,Y,$500 OR LESS,2025-07-29T18:23:00.000,UNABLE TO DETERMINE,NOT APPLICABLE,98,W,OAK ST,1824,2,NO INDICATION OF INJURY,0,0,0,0,0,1,0,17,2,7,41.9006635917,-87.63128008,"{'type': 'Point', 'coordinates': [-87.631280080026, 41.90066359174]}",,,,,,,,,,
a0a3038dcd79d1a41b8b97ea7844465252606a1d611d785fc2497affe42eed77c485f72ec85d4a5358702bc80457bd2d3018a8eeedf26eb717f16bc4da3cc8b9,2025-07-28T17:40:00.000,30,NO CONTROLS,NO CONTROLS,CLEAR,DAYLIGHT,PEDALCYCLIST,DIVIDED - W/MEDIAN (NOT RAISED),STRAIGHT AND LEVEL,DRY,UNKNOWN,ON SCENE,INJURY AND / OR TOW DUE TO CRASH,,"OVER $1,500",2025-07-28T17:44:00.000,NOT APPLICABLE,NOT APPLICABLE,5420,N,KEDZIE AVE,1712,2,NONINCAPACITATING INJURY,1,0,0,1,0,2,0,17,2,7,41.9800834568,-87.7089345858,"{'type': 'Point', 'coordinates': [-87.708934585835, 41.9800834568]}",,,,,,,,Y,,
a37bab59fc082e0ad186478c4e0e8211a5c23df0202c806c7f22a2826d077ed14658507d3bbd77d0fff02675f98eca456b60a605f1b8745b23d70f9435da757b,2025-07-28T17:40:00.000,25,NO CONTROLS,NO CONTROLS,CLEAR,DAYLIGHT,PARKED MOTOR VEHICLE,PARKING LOT,STRAIGHT AND LEVEL,DRY,NO DEFECTS,NOT ON SCENE (DESK REPORT),NO INJURY / DRIVE AWAY,,"OVER $1,500",2025-07-28T19:25:00.000,UNABLE TO DETERMINE,UNABLE TO DETERMINE,4934,S,KEDZIE AVE,821,2,NO INDICATION OF INJURY,0,0,0,0,0,1,0,17,2,7,41.8034457131,-87.7039862718,"{'type': 'Point', 'coordinates': [-87.70398627177, 41.803445713074]}",Y,,,,,,,,,
37c9dfb6d8703b1cbefaad568849a1a1f5c29ea3c7144a8bd2f774c77345c881c86ecac404e5e4e34774bb124c977a48b35a2cd176b75632e727fecf716920e5,2025-07-28T17:35:00.000,30,TRAFFIC SIGNAL,FUNCTIONING PROPERLY,CLEAR,DAYLIGHT,REAR TO FRONT,NOT DIVIDED,STRAIGHT AND LEVEL,DRY,NO DEFECTS,NOT ON SCENE (DESK REPORT),NO INJURY / DRIVE AWAY,,"$501 - $1,500",2025-07-28T18:30:00.000,IMPROPER OVERTAKING/PASSING,NOT APPLICABLE,2941,E,83RD ST,424,2,NO INDICATION OF INJURY,0,0,0,0,0,2,0,17,2,7,41.744535937,-87.5523584469,"{'type': 'Point', 'coordinates': [-87.552358446921, 41.744535937014]}",,,,,,,,,,
0e69a505a86fc2b9712a54fb821ff0b844e3d8358f7e637a0843478c42e41034a4ebcf494f5d4c630cb4773b180f1a6cae9585b90bbd37c53fa8629e864da0dc,2025-07-28T17:30:00.000,30,TRAFFIC SIGNAL,FUNCTIONING PROPERLY,CLEAR,DAYLIGHT,REAR END,FOUR WAY,STRAIGHT AND LEVEL,DRY,NO DEFECTS,NOT ON SCENE (DESK REPORT),NO INJURY / DRIVE AWAY,Y,"OVER $1,500",2025-07-28T18:20:00.000,FAILING TO REDUCE SPEED TO AVOID CRASH,UNABLE TO DETERMINE,2553,S,KEDZIE AVE,1033,2,NO INDICATION OF INJURY,0,0,0,0,0,2,0,17,2,7,41.8447792058,-87.7048988854,"{'type': 'Point', 'coordinates': [-87.704898885403, 41.844779205844]}",,,,,,,,,,
d9aaaf5220da911e16507cc8f59a557dedf6d279c9d5d7978b83aa76a54a30cfb798cbebc6dbef9176e13f6aa601f0b81a2f1e1563c65905580dd4a714e3bbbd,2025-07-28T17:30:00.000,15,NO CONTROLS,NO CONTROLS,CLEAR,DAYLIGHT,PARKED MOTOR VEHICLE,OTHER,STRAIGHT AND LEVEL,DRY,UNKNOWN,,NO INJURY / DRIVE AWAY,,"OVER $1,500",2025-07-28T18:32:00.000,DRIVING SKILLS/KNOWLEDGE/EXPERIENCE,NOT APPLICABLE,5701,N,BROADWAY,2022,2,NO INDICATION OF INJURY,0,0,0,0,0,2,0,17,2,7,41.9854791879,-87.6599788425,"{'type': 'Point', 'coordinates': [-87.659978842493, 41.985479187915]}",,,Y,,,,,,,
30b7c91eda133e4889f4e6be81c0caa28ce712dca3f672e5c9260815ba9947010212b8bd9db062671047726fac6edb6eda73c46407d76a4987faf4f95638c901,2025-07-28T17:29:00.000,30,TRAFFIC SIGNAL,NO CONTROLS,CLEAR,DAYLIGHT,REAR END,NOT DIVIDED,STRAIGHT AND LEVEL,DRY,NO DEFECTS,NOT ON SCENE (DESK REPORT),NO INJURY / DRIVE AWAY,,"OVER $1,500",2025-07-28T18:12:00.000,FOLLOWING TOO CLOSELY,FOLLOWING TOO CLOSELY,97,E,127TH ST,532,2,NO INDICATION OF INJURY,0,0,0,0,0,3,0,17,2,7,41.6633686848,-87.6200654857,"{'type': 'Point', 'coordinates': [-87.620065485739, 41.663368684846]}",,,Y,,,,,,,
53f45fffe856796d62855821830079243eae5f66dd75c7fdb357fa628a73ae219802fcfab5c6f83852ea1b08f61adf0c589fad2985c69c50f630bd7ebbd114bd,2025-07-28T17:29:00.000,30,NO CONTROLS,NO CONTROLS,CLEAR,DAYLIGHT,PARKED MOTOR VEHICLE,NOT DIVIDED,STRAIGHT AND LEVEL,DRY,NO DEFECTS,ON SCENE,INJURY AND / OR TOW DUE TO CRASH,,"OVER $1,500",2025-07-28T17:29:00.000,FAILING TO YIELD RIGHT-OF-WAY,FAILING TO YIELD RIGHT-OF-WAY,5671,W,WASHINGTON BLVD,1513,2,NO INDICATION OF INJURY,0,0,0,0,0,1,0,17,2,7,41.8820901827,-87.7677031435,"{'type': 'Point', 'coordinates': [-87.767703143522, 41.882090182718]}",,,,,,,,,,
4608b47858484d78e1b47bcbfe1c7f018f2c1b909dd66518082e2f94ce9f65770b89e9ad6fff77001b225dc0f0edbb23619b1b0d5754fb22a0a7e3951b3ff63f,2025-07-28T17:20:00.000,30,NO CONTROLS,NO CONTROLS,CLEAR,DAYLIGHT,REAR END,DIVIDED - W/MEDIAN (NOT RAISED),STRAIGHT AND LEVEL,DRY,NO DEFECTS,ON SCENE,NO INJURY / DRIVE AWAY,,"OVER $1,500",2025-07-28T17:24:00.000,UNABLE TO DETERMINE,UNABLE TO DETERMINE,9400,S,COTTAGE GROVE AVE,633,2,NO INDICATION OF INJURY,0,0,0,0,0,2,0,17,2,7,41.7240672098,-87.604664604,"{'type': 'Point', 'coordinates': [-87.604664604014, 41.724067209811]}",,,,,Y,,,,,
76c4bed05742dfa224a735dcc0a96b145f73271ebc7797b7c5bd595ff371793c982bb24c30a27ff6419d9c31cd032e368456743ba42034febec94f4b828fddc0,2025-07-28T17:18:00.000,30,NO CONTROLS,NO CONTROLS,CLEAR,DAYLIGHT,SIDESWIPE SAME DIRECTION,NOT DIVIDED,STRAIGHT AND LEVEL,DRY,UNKNOWN,ON SCENE,NO INJURY / DRIVE AWAY,,"$501 - $1,500",2025-07-28T17:43:00.000,UNABLE TO DETERMINE,UNABLE TO DETERMINE,2006,S,WESTERN AVE,1023,2,NO INDICATION OF INJURY,0,0,0,0,0,2,0,17,2,7,41.8545431046,-87.6858511327,"{'type': 'Point', 'coordinates': [-87.685851132674, 41.854543104583]}",,,Y,,,,,,,
71b0f430480c85fdbded0cc37b7e695975e91bc04ce2a63e994e9549fb56ccda741d5bc843fc09647d2d432d8873ea23728a3b709c902c0944ae77dac626bb89,2025-07-28T17:13:00.000,30,STOP SIGN/FLASHER,FUNCTIONING PROPERLY,CLEAR,DAYLIGHT,ANGLE,FOUR WAY,STRAIGHT AND LEVEL,DRY,NO DEFECTS,ON SCENE,NO INJURY / DRIVE AWAY,Y,"$501 - $1,500",2025-07-28T17:21:00.000,DISREGARDING STOP SIGN,NOT APPLICABLE,1999,S,LOOMIS ST,1235,2,NO INDICATION OF INJURY,0,0,0,0,0,2,0,17,2,7,41.8552022216,-87.6610999819,"{'type': 'Point', 'coordinates': [-87.661099981927, 41.855202221645]}",,,Y,,,,,,,
e9999b25288608d094319c41fc7a04904d6a45b218b23977db3109f0e029ac883002f217185314b52c55019f8dd8ed14234db8f38a406ce5ffa7c1136079806a,2025-07-28T17:10:00.000,30,STOP SIGN/FLASHER,NO CONTROLS,CLEAR,DAYLIGHT,ANGLE,T-INTERSECTION,STRAIGHT AND LEVEL,DRY,NO DEFECTS,ON SCENE,INJURY AND / OR TOW DUE TO CRASH,Y,"$501 - $1,500",2025-07-28T17:29:00.000,UNABLE TO DETERMINE,UNABLE TO DETERMINE,828,E,MARQUETTE RD,321,2,NO INDICATION OF INJURY,0,0,0,0,0,3,0,17,2,7,41.7750832878,-87.6046522372,"{'type': 'Point', 'coordinates': [-87.604652237248, 41.77508328778]}",,,Y,,,,,,,
147139a8233ac4c5126b5929f32d4bb008dbf1bdce8dab2aab36e91a3a8767b4472da5d5bee633a6d11f070f015526310c537ac1b1db553a985eecb133119338,2025-07-28T17:00:00.000,30,TRAFFIC SIGNAL,UNKNOWN,UNKNOWN,DAYLIGHT,SIDESWIPE SAME DIRECTION,NOT DIVIDED,STRAIGHT AND LEVEL,UNKNOWN,NO DEFECTS,NOT ON SCENE (DESK REPORT),NO INJURY / DRIVE AWAY,Y,"$501 - $1,500",2025-07-31T10:00:00.000,UNABLE TO DETERMINE,UNABLE TO DETERMINE,8700,S,STONY ISLAND AVE,412,2,NO INDICATION OF INJURY,0,0,0,0,0,5,0,17,2,7,41.7368226302,-87.5857834203,"{'type': 'Point', 'coordinates': [-87.585783420329, 41.736822630157]}",,,,,,,,,,
6b419dfb83e0e515b37023bbe26c41983792291fe752c41fcd799700ec45a1f6a9beae7c80fc1f8fa043eaae96b1f3236c387ca836ee2b3717fca163b8bb07dd,2025-07-28T17:00:00.000,30,NO CONTROLS,NO CONTROLS,CLEAR,DAYLIGHT,REAR END,NOT DIVIDED,STRAIGHT AND LEVEL,DRY,NO DEFECTS,NOT ON SCENE (DESK REPORT),NO INJURY / DRIVE AWAY,,"OVER $1,500",2025-08-04T07:30:00.000,FOLLOWING TOO CLOSELY,UNABLE TO DETERMINE,5450,W,ROOSEVELT RD,1522,2,NO INDICATION OF INJURY,0,0,0,0,0,3,0,17,2,7,41.8657637771,-87.7610122948,"{'type': 'Point', 'coordinates': [-87.761012294776, 41.865763777111]}",,,Y,,,,,,,
756cbadf9280fc638c3cb7091b46e46f49a1e0625412c8bce803c23918f0207e4e76e48087c4f486d6a3fa7c5469825c5b84427d9c5efa1ba66cf140734a7384,2025-07-28T17:00:00.000,30,TRAFFIC SIGNAL,FUNCTIONING PROPERLY,CLEAR,DAYLIGHT,TURNING,FOUR WAY,STRAIGHT AND LEVEL,DRY,NO DEFECTS,NOT ON SCENE (DESK REPORT),NO INJURY / DRIVE AWAY,Y,"OVER $1,500",2025-07-28T18:50:00.000,UNABLE TO DETERMINE,UNABLE TO DETERMINE,3856,S,KEDZIE AVE,911,2,NO INDICATION OF INJURY,0,0,0,0,0,2,0,17,2,7,41.8226644852,-87.7045634291,"{'type': 'Point', 'coordinates': [-87.704563429119, 41.822664485221]}",,,,,,,,,,
7722ab9a3792bb959ede25e541c5fec5e5ef1b699a5ff0af163e87749da9e3198e230b6cd0a5b28ce7c2438b525b1e4293d62053fcf5341c98822cd91f30fe8b,2025-07-28T17:00:00.000,30,TRAFFIC SIGNAL,NOT FUNCTIONING,CLEAR,DAYLIGHT,REAR END,FOUR WAY,STRAIGHT AND LEVEL,DRY,WORN SURFACE,NOT ON SCENE (DESK REPORT),NO INJURY / DRIVE AWAY,Y,"$501 - $1,500",2025-07-28T18:30:00.000,UNABLE TO DETERMINE,UNABLE TO DETERMINE,1599,W,47TH ST,933,2,NO INDICATION OF INJURY,0,0,0,0,0,2,0,17,2,7,41.8084949248,-87.6649535982,"{'type': 'Point', 'coordinates': [-87.664953598184, 41.808494924755]}",,,,,,,,,,
b85845788c2bb677feb6b6538af30fa93ea69b42bc3fd9055fd7699a475f97a580f5f2bc42a9ac423ad9a886a399a89fa2cc370f1ad2d637bfac62c14baa7efd,2025-07-28T17:00:00.000,30,NO CONTROLS,NO CONTROLS,CLEAR,DAYLIGHT,REAR END,OTHER,STRAIGHT AND LEVEL,DRY,NO DEFECTS,,NO INJURY / DRIVE AWAY,,$500 OR LESS,2025-07-28T17:25:00.000,IMPROPER BACKING,NOT APPLICABLE,2100,S,DAMEN AVE,1234,2,NO INDICATION OF INJURY,0,0,0,0,0,2,0,17,2,7,41.8539628189,-87.6760399305,"{'type': 'Point', 'coordinates': [-87.676039930451, 41.853962818869]}",,,,,,,,,,
eeed62cb7c894cf494e5ffff1fddf9653223783636bd2297e16b9d6875745ee15028ad798740272305039a421e32e25d7e7643e866b8b6251bd49a3c8f36d406,2025-07-28T16:55:00.000,30,TRAFFIC SIGNAL,FUNCTIONING PROPERLY,CLEAR,DAYLIGHT,SIDESWIPE SAME DIRECTION,NOT DIVIDED,STRAIGHT AND LEVEL,DRY,NO DEFECTS,ON SCENE,NO INJURY / DRIVE AWAY,,$500 OR LESS,2025-07-28T16:57:00.000,IMPROPER OVERTAKING/PASSING,NOT APPLICABLE,5001,S,ASHLAND AVE,933,2,NO INDICATION OF INJURY,0,0,0,0,0,2,0,16,2,7,41.8030517659,-87.6646753115,"{'type': 'Point', 'coordinates': [-87.664675311454, 41.803051765936]}",,,Y,,,,,,,