crash_record_id,crash_date,posted_speed_limit,traffic_control_device,device_condition,weather_condition,lighting_condition,first_crash_type,trafficway_type,alignment,roadway_surface_cond,road_defect,report_type,crash_type,intersection_related_i,damage,date_police_notified,prim_contributory_cause,sec_contributory_cause,street_no,street_direction,street_name,beat_of_occurrence,num_units,most_severe_injury,injuries_total,injuries_fatal,injuries_incapacitating,injuries_non_incapacitating,injuries_reported_not_evident,injuries_no_indication,injuries_unknown,crash_hour,crash_day_of_week,crash_month,latitude,longitude,location,private_property_i,photos_taken_i,hit_and_run_i,statements_taken_i,crash_date_est_i,work_zone_i,work_zone_type,dooring_i,lane_cnt,workers_present_i
fc574f74a89a3ebbb4b84916f75ec3cdb1cd0358bb376d599adbca5903997ce9bc61d75905670955e788c722bc63eb59ab2cb5811325a9a542b8383c3d0d68a3,2025-07-28T16:54:00.000,30,NO CONTROLS,NO CONTROLS,CLEAR,DAYLIGHT,TURNING,NOT DIVIDED,STRAIGHT AND LEVEL,DRY,NO DEFECTS,ON SCENE,INJURY AND / OR TOW DUE TO CRASH,,"OVER $1,500",2025-07-28T17:13:00.000,FAILING TO YIELD RIGHT-OF-WAY,NOT APPLICABLE,4750,S,ARCHER AVE,821,2,NO INDICATION OF INJURY,0,0,0,0,0,3,0,16,2,7,41.8071794738,-87.7157688717,"{'type': 'Point', 'coordinates': [-87.715768871737, 41.807179473772]}",,,,,,,,,,
0e8913a942171ccaa5404119c24958d7efd3c8ac70642bb3f08116d0647596998673c2fc43ac185e6541454071b51932e050c07a8ac45f7e8dc97df35a27371d,2025-07-28T16:51:00.000,30,STOP SIGN/FLASHER,NO CONTROLS,CLEAR,DAYLIGHT,ANGLE,NOT DIVIDED,STRAIGHT AND LEVEL,DRY,UNKNOWN,NOT ON SCENE (DESK REPORT),NO INJURY / DRIVE AWAY,,"OVER $1,500",2025-07-28T20:36:00.000,FAILING TO YIELD RIGHT-OF-WAY,UNABLE TO DETERMINE,7331,W,TOUHY AVE,1611,2,NO INDICATION OF INJURY,0,0,0,0,0,2,0,16,2,7,42.0115097704,-87.8103203783,"{'type': 'Point', 'coordinates': [-87.810320378265, 42.011509770374]}",,,Y,,Y,,,,,
fc522e0f9d903a630620876dff923d277249978903741bf43439b63727fa4d642388add360f751de7ee31fb5ef67df9cea9053ab75bc0941270931dd69cded71,2025-07-28T16:50:00.000,30,NO CONTROLS,NO CONTROLS,CLEAR,DAYLIGHT,PARKED MOTOR VEHICLE,ONE-WAY,STRAIGHT AND LEVEL,DRY,NO DEFECTS,ON SCENE,NO INJURY / DRIVE AWAY,,"OVER $1,500",2025-07-28T17:11:00.000,UNABLE TO DETERMINE,NOT APPLICABLE,3912,W,CONGRESS PKWY,1132,2,NO INDICATION OF INJURY,0,0,0,0,0,1,0,16,2,7,41.8744916828,-87.7235841274,"{'type': 'Point', 'coordinates': [-87.723584127438, 41.874491682802]}",,,N,,,,,,,
6a1f2f1170b69110b2c5d780ce47caddf17e9371e122325e993872bf194a900cb77385e1bab01691e9de80ae8b7b791eac578633f72400a43d9a74065ab912a5,2025-07-28T16:46:00.000,30,TRAFFIC SIGNAL,FUNCTIONING PROPERLY,CLEAR,DAYLIGHT,PEDALCYCLIST,DIVIDED - W/MEDIAN BARRIER,STRAIGHT AND LEVEL,DRY,NO DEFECTS,NOT ON SCENE (DESK REPORT),INJURY AND / OR TOW DUE TO CRASH,Y,"$501 - $1,500",2025-07-29T08:35:00.000,UNABLE TO DETERMINE,UNABLE TO DETERMINE,100,E,LOWER WACKER DR,114,2,"REPORTED, NOT EVIDENT",1,0,0,0,1,1,0,16,2,7,41.888432092,-87.6244246869,"{'type': 'Point', 'coordinates': [-87.624424686932, 41.88843209205]}",,,Y,,,,,,,
3dbc64247f67891a175e223caa6f819f96cb021bca4912088f482b9348202ee85d320fdb97fdc9691a14a12bad2b5d07aa284c31734156ef1511cb9bcb26a354,2025-07-28T16:45:00.000,30,NO CONTROLS,NO CONTROLS,CLEAR,DAYLIGHT,ANGLE,FOUR WAY,STRAIGHT AND LEVEL,DRY,UNKNOWN,NOT ON SCENE (DESK REPORT),NO INJURY / DRIVE AWAY,Y,"OVER $1,500",2025-07-28T19:30:00.000,FAILING TO YIELD RIGHT-OF-WAY,DRIVING SKILLS/KNOWLEDGE/EXPERIENCE,3930,W,AUGUSTA BLVD,1112,2,NO INDICATION OF INJURY,0,0,0,0,0,4,0,16,2,7,41.8991445969,-87.7249099673,"{'type': 'Point', 'coordinates': [-87.724909967289, 41.899144596938]}",,,,,,,,,,
4d9c9a339a9660cd8194a109cb4357b514fd9a25c9628554b7e5945b73781e9f30ca51387acab2a768646f729aa31d27e4b2a2e52f1846b03a67a80534bc0f05,2025-07-28T16:45:00.000,30,TRAFFIC SIGNAL,FUNCTIONING PROPERLY,CLEAR,DAYLIGHT,REAR END,NOT DIVIDED,STRAIGHT AND LEVEL,DRY,UNKNOWN,NOT ON SCENE (DESK REPORT),NO INJURY / DRIVE AWAY,Y,"OVER $1,500",2025-07-28T17:58:00.000,FOLLOWING TOO CLOSELY,UNABLE TO DETERMINE,6359,N,CALDWELL AVE,1621,2,NO INDICATION OF INJURY,0,0,0,0,0,2,0,16,2,7,41.9967947181,-87.7653374221,"{'type': 'Point', 'coordinates': [-87.765337422114, 41.996794718088]}",,,,,Y,,,,,
d8b74371643290dbd8e17c5fbcde001340d09e25ed8250ce51991b246a0833bb1c1b1a75119904376c0c2c4ff32f51f70983acc9ea3bedc831581d16e9707a03,2025-07-28T16:41:00.000,30,NO CONTROLS,NO CONTROLS,CLEAR,DAYLIGHT,REAR END,ONE-WAY,STRAIGHT AND LEVEL,DRY,NO DEFECTS,NOT ON SCENE (DESK REPORT),NO INJURY / DRIVE AWAY,,"OVER $1,500",2025-07-28T18:00:00.000,FOLLOWING TOO CLOSELY,FOLLOWING TOO CLOSELY,180,W,WASHINGTON ST,122,2,NO INDICATION OF INJURY,0,0,0,0,0,2,0,16,2,7,41.8833178945,-87.6332966911,"{'type': 'Point', 'coordinates': [-87.633296691093, 41.883317894491]}",,N,,,,,,,,
37091ce37a56ec40f28690fab15800a6c194727560e5ccedd31bb7f301fa55bd5203612b75fb0869aa7bd7b9bc3f6ddc22215cb850a0b9ca783ae45f8a47b2b7,2025-07-28T16:40:00.000,30,TRAFFIC SIGNAL,FUNCTIONING PROPERLY,CLEAR,DAYLIGHT,TURNING,DIVIDED - W/MEDIAN BARRIER,STRAIGHT AND LEVEL,DRY,UNKNOWN,ON SCENE,NO INJURY / DRIVE AWAY,Y,"OVER $1,500",2025-07-28T17:02:00.000,IMPROPER LANE USAGE,NOT APPLICABLE,626,N,LAKE SHORE DR,1834,2,NO INDICATION OF INJURY,0,0,0,0,0,3,0,16,2,7,41.8933922831,-87.6149778838,"{'type': 'Point', 'coordinates': [-87.614977883848, 41.893392283134]}",,,,,,,,,,
4b6179c44b1550fdf275df61bd2fb97cec9f31e2c7d8479f152299df3f1ea1fb06e2cdc1a8dce5a15b68c08152eed1f10eb79db079843b5930a782ef03dde772,2025-07-28T16:40:00.000,30,NO CONTROLS,NO CONTROLS,CLEAR,DAYLIGHT,ANGLE,NOT DIVIDED,STRAIGHT AND LEVEL,DRY,NO DEFECTS,NOT ON SCENE (DESK REPORT),NO INJURY / DRIVE AWAY,,"OVER $1,500",2025-07-28T17:30:00.000,UNABLE TO DETERMINE,NOT APPLICABLE,5563,W,CORCORAN PL,1523,2,NO INDICATION OF INJURY,0,0,0,0,0,2,0,16,2,7,41.8871111857,-87.7650202952,"{'type': 'Point', 'coordinates': [-87.765020295228, 41.887111185689]}",,,,,,,,,,
c483336f9e84dfb13ab2eb6c19db64e079da3ad6a3e9ecf31995b7ae94800ccdeb282c4233dd995906216051ffcfd9c3a106a031a0fad7c55e9bcb382e010795,2025-07-28T16:40:00.000,25,NO CONTROLS,NO CONTROLS,CLEAR,DAYLIGHT,REAR END,NOT DIVIDED,STRAIGHT AND LEVEL,DRY,UNKNOWN,NOT ON SCENE (DESK REPORT),NO INJURY / DRIVE AWAY,,$500 OR LESS,2025-07-29T11:55:00.000,UNABLE TO DETERMINE,UNABLE TO DETERMINE,3768,N,HARLEM AVE,1631,2,NO INDICATION OF INJURY,0,0,0,0,0,2,0,16,2,7,41.9487482441,-87.8072760047,"{'type': 'Point', 'coordinates': [-87.807276004703, 41.948748244083]}",,,,,,,,,,
d76a6f4bcc0c530e24b6e7485e3a68b17e1d6eedaf5f4c0d63fa8ceeb4665ba148e2bbdee86f47cab7ea59d9859eec2902911052e968b60f76c4ccb62a013a70,2025-07-28T16:40:00.000,30,NO CONTROLS,NO CONTROLS,CLEAR,DAYLIGHT,REAR END,NOT DIVIDED,STRAIGHT AND LEVEL,DRY,NO DEFECTS,NOT ON SCENE (DESK REPORT),NO INJURY / DRIVE AWAY,,"OVER $1,500",2025-07-28T18:10:00.000,UNABLE TO DETERMINE,NOT APPLICABLE,5040,W,ROOSEVELT RD,1533,2,NO INDICATION OF INJURY,0,0,0,0,0,2,0,16,2,7,41.8659098256,-87.7512650274,"{'type': 'Point', 'coordinates': [-87.751265027356, 41.865909825626]}",,,,,,,,,,
9d752b93ff63dc8cbfb714938fb66d6916473bba87af2c5fd7a24fa94e2af7a021f514e91263ce9b8cecb240ec87d6eaa0f941e01c33336e51863def319f54d8,2025-07-28T16:31:00.000,30,TRAFFIC SIGNAL,FUNCTIONING PROPERLY,CLEAR,DAYLIGHT,SIDESWIPE SAME DIRECTION,NOT DIVIDED,STRAIGHT AND LEVEL,DRY,NO DEFECTS,ON SCENE,NO INJURY / DRIVE AWAY,,$500 OR LESS,2025-07-28T16:31:00.000,RELATED TO BUS STOP,UNABLE TO DETERMINE,599,N,CENTRAL AVE,1523,2,NO INDICATION OF INJURY,0,0,0,0,0,2,0,16,2,7,41.8910089594,-87.7650993266,"{'type': 'Point', 'coordinates': [-87.765099326644, 41.891008959368]}",,,Y,,,,,,,
4f45d484a1cad92e08382cb249a8578e66e736e97ffc3e1928782339f371201915decfe225d62794448acd5a180411667562e1edd7e775a9212254c95f9d4203,2025-07-28T16:30:00.000,30,NO CONTROLS,NO CONTROLS,CLEAR,DAYLIGHT,TURNING,DIVIDED - W/MEDIAN (NOT RAISED),STRAIGHT AND LEVEL,DRY,NO DEFECTS,NOT ON SCENE (DESK REPORT),NO INJURY / DRIVE AWAY,,"$501 - $1,500",2025-07-29T14:54:00.000,FAILING TO YIELD RIGHT-OF-WAY,NOT APPLICABLE,2740,W,55TH ST,923,2,NO INDICATION OF INJURY,0,0,0,0,0,2,0,16,2,7,41.793814747,-87.692982067,"{'type': 'Point', 'coordinates': [-87.692982067023, 41.793814746999]}",,,,,Y,,,,,
7580cb12ac796cc26ab0f8728ac0b9d75c9b05ac7ff3514699e4a381f74a919a5ccd3100274e09ae80e94f247682ac1d4a4155911d48f843d2693c4794a7e3db,2025-07-28T16:30:00.000,30,TRAFFIC SIGNAL,FUNCTIONING IMPROPERLY,CLEAR,DAYLIGHT,ANGLE,NOT DIVIDED,STRAIGHT AND LEVEL,DRY,NO DEFECTS,NOT ON SCENE (DESK REPORT),NO INJURY / DRIVE AWAY,Y,"OVER $1,500",2025-07-28T16:44:00.000,FAILING TO YIELD RIGHT-OF-WAY,NOT APPLICABLE,5100,S,KEDZIE AVE,822,2,NO INDICATION OF INJURY,0,0,0,0,0,2,0,16,2,7,41.8007272599,-87.7039102174,"{'type': 'Point', 'coordinates': [-87.703910217369, 41.800727259896]}",,,,,,,,,,
75d70f1f0264ca54cb19aed62ca1f5f77099136804a328fe90eb3c216337564b6a455a3bd7b9374fd2ea2ac9ebbc7e7f1c8dc2021e57eaf1daf41c55403e8f5c,2025-07-28T16:30:00.000,30,NO CONTROLS,NO CONTROLS,CLEAR,DAYLIGHT,SIDESWIPE SAME DIRECTION,DIVIDED - W/MEDIAN (NOT RAISED),STRAIGHT AND LEVEL,DRY,UNKNOWN,NOT ON SCENE (DESK REPORT),NO INJURY / DRIVE AWAY,,"OVER $1,500",2025-07-28T16:48:00.000,UNABLE TO DETERMINE,NOT APPLICABLE,5846,W,MADISON ST,1513,2,NO INDICATION OF INJURY,0,0,0,0,0,2,0,16,2,7,41.8802441189,-87.7717712311,"{'type': 'Point', 'coordinates': [-87.771771231115, 41.880244118859]}",,,Y,,,,,,,
f99df7b4a51298c6696053bd3d9f17ce1a6de1037909daa6c358571cff6fb40773eacaeeacb6e94035e88a8a2b60253d351bbb6ff08a2326d473aa71a1e1c282,2025-07-28T16:30:00.000,10,NO CONTROLS,NO CONTROLS,CLEAR,DAYLIGHT,REAR TO SIDE,NOT DIVIDED,STRAIGHT AND LEVEL,DRY,NO DEFECTS,NOT ON SCENE (DESK REPORT),NO INJURY / DRIVE AWAY,,"OVER $1,500",2025-07-28T17:53:00.000,IMPROPER BACKING,NOT APPLICABLE,2525,S,DR MARTIN LUTHER KING JR DR,133,2,NO INDICATION OF INJURY,0,0,0,0,0,2,0,16,2,7,41.8467666109,-87.6171757775,"{'type': 'Point', 'coordinates': [-87.61717577755, 41.846766610919]}",,,,,,,,,,
0bd5198790ea1a0f19e07b174521a763a50171810fc334d56e5ee2c65353a63a9d727e6f6496105e9f72648fc85241d9ef0e0c20bd57a7998258614974619634,2025-07-28T16:25:00.000,30,TRAFFIC SIGNAL,FUNCTIONING PROPERLY,CLEAR,DAYLIGHT,TURNING,NOT DIVIDED,STRAIGHT AND LEVEL,DRY,NO DEFECTS,NOT ON SCENE (DESK REPORT),NO INJURY / DRIVE AWAY,,"OVER $1,500",2025-08-04T13:30:00.000,IMPROPER TURNING/NO SIGNAL,"OPERATING VEHICLE IN ERRATIC, RECKLESS, CARELESS, NEGLIGENT OR AGGRESSIVE MANNER",12658,S,MICHIGAN AVE,532,2,NO INDICATION OF INJURY,0,0,0,0,0,2,0,16,2,7,41.6635229971,-87.6201048755,"{'type': 'Point', 'coordinates': [-87.620104875487, 41.663522997052]}",,,,,,,,,,
49bd541a05e91ddad41929adfb6e110b85fd5d5862d40cc5765bbc88a0f79d36b9476ae6da3a5765439e06f90faa5fcf18b75e81ed15dac92f01bdb7735b3b86,2025-07-28T16:25:00.000,25,NO CONTROLS,NO CONTROLS,CLEAR,DAYLIGHT,ANGLE,PARKING LOT,STRAIGHT AND LEVEL,DRY,NO DEFECTS,NOT ON SCENE (DESK REPORT),INJURY AND / OR TOW DUE TO CRASH,,"OVER $1,500",2025-07-28T17:18:00.000,FAILING TO YIELD RIGHT-OF-WAY,NOT APPLICABLE,2351,W,GRANVILLE AVE,2413,2,NO INDICATION OF INJURY,0,0,0,0,0,3,0,16,2,7,41.9939889516,-87.6893635866,"{'type': 'Point', 'coordinates': [-87.689363586633, 41.993988951557]}",,,,,,,,,,
3909c7561510c6eb6ff764e28f86dd23a812c4dad3c17cae38ad2957cade41532932f109c3f508fb3ec44a1fb0914223410798e979e84ca09ac30803bde5f1e3,2025-07-28T16:22:00.000,30,STOP SIGN/FLASHER,FUNCTIONING PROPERLY,CLEAR,DAYLIGHT,TURNING,FOUR WAY,STRAIGHT AND LEVEL,DRY,UNKNOWN,NOT ON SCENE (DESK REPORT),NO INJURY / DRIVE AWAY,,"OVER $1,500",2025-07-28T16:40:00.000,DISREGARDING STOP SIGN,FAILING TO YIELD RIGHT-OF-WAY,1430,S,RACINE AVE,1233,2,NO INDICATION OF INJURY,0,0,0,0,0,2,0,16,2,7,41.8625466415,-87.6567016606,"{'type': 'Point', 'coordinates': [-87.656701660625, 41.862546641471]}",,,Y,,,,,,,
37f8eedc39f10f8104cc0874b353e5d5f2fbd937662ba6b5530a6d6222b6d987297aacf1ffc6e3556dd37014c9e3acbfe616d01d698651c6aff1f6335038b843,2025-07-28T16:20:00.000,15,NO CONTROLS,NO CONTROLS,CLEAR,DAYLIGHT,PARKED MOTOR VEHICLE,PARKING LOT,STRAIGHT AND LEVEL,DRY,NO DEFECTS,ON SCENE,NO INJURY / DRIVE AWAY,,"$501 - $1,500",2025-07-28T17:12:00.000,UNABLE TO DETERMINE,UNABLE TO DETERMINE,1616,E,87TH ST,412,2,NO INDICATION OF INJURY,0,0,0,0,0,1,0,16,2,7,41.7370398311,-87.5844769119,"{'type': 'Point', 'coordinates': [-87.584476911926, 41.737039831058]}",Y,,Y,,,,,,,
7d6c985ca83443bc2c4737b6cc80e8ca96c7882320474428869893cad2d6b7a178cd22f9b199261feee2a937825a0cd3adf47cb5171d5fd7e4146efd4b20f128,2025-07-28T16:20:00.000,30,NO CONTROLS,NO CONTROLS,CLEAR,DAYLIGHT,SIDESWIPE SAME DIRECTION,OTHER,STRAIGHT AND LEVEL,DRY,OTHER,ON SCENE,NO INJURY / DRIVE AWAY,,"OVER $1,500",2025-07-28T16:26:00.000,FOLLOWING TOO CLOSELY,UNABLE TO DETERMINE,3122,W,LOGAN BLVD,1411,2,NO INDICATION OF INJURY,0,0,0,0,0,2,0,16,2,7,41.928886946,-87.7059090577,"{'type': 'Point', 'coordinates': [-87.705909057725, 41.928886946026]}",,,,,,Y,CONSTRUCTION,,,
42705fd506c8346df60505e637ec408120f1636b81760f2f667bb2879010383cd6938e3eaa9551d3105ec44f42a9f38a9349ca3e21306aa79a2f4c71a3bbcae4,2025-07-28T16:15:00.000,10,NO CONTROLS,NO CONTROLS,OTHER,UNKNOWN,OTHER OBJECT,OTHER,STRAIGHT AND LEVEL,DRY,OTHER,NOT ON SCENE (DESK REPORT),NO INJURY / DRIVE AWAY,,"OVER $1,500",2025-07-29T20:21:00.000,NOT APPLICABLE,NOT APPLICABLE,4627,S,KEDZIE AVE,922,1,NO INDICATION OF INJURY,0,0,0,0,0,1,0,16,2,7,41.8091154968,-87.7038677971,"{'type': 'Point', 'coordinates': [-87.703867797051, 41.809115496826]}",Y,,,,,,,,,
e7c2567e41513a1c8dcfb8c904d6c4d4f97fd735d33682eae37d5719fac9d6683c8f05c761048e0c9aacfaed4c118db8c66a6f3d01d1cda098a99b664e584710,2025-07-28T16:14:00.000,30,NO CONTROLS,NO CONTROLS,CLEAR,DAYLIGHT,SIDESWIPE SAME DIRECTION,DIVIDED - W/MEDIAN (NOT RAISED),STRAIGHT AND LEVEL,DRY,NO DEFECTS,NOT ON SCENE (DESK REPORT),NO INJURY / DRIVE AWAY,,"OVER $1,500",2025-07-28T17:00:00.000,UNABLE TO DETERMINE,NOT APPLICABLE,3551,N,MILWAUKEE AVE,1731,3,NO INDICATION OF INJURY,0,0,0,0,0,3,0,16,2,7,41.9453134882,-87.7338234969,"{'type': 'Point', 'coordinates': [-87.73382349694, 41.945313488161]}",,,,,,,,,,
b633ff60573c4275321effb56b8f777685268f08721736bafeb58c8dd91a7f5d5f662d13d0216760b7923518b14d8fbcad5a6d462c456607405e82f1e6e69c68,2025-07-28T16:10:00.000,15,NO CONTROLS,NO CONTROLS,CLEAR,DAYLIGHT,PARKED MOTOR VEHICLE,PARKING LOT,STRAIGHT AND LEVEL,DRY,UNKNOWN,ON SCENE,NO INJURY / DRIVE AWAY,,"$501 - $1,500",2025-07-28T16:17:00.000,NOT APPLICABLE,NOT APPLICABLE,1,W,PARKING LOT A ST,1654,2,NO INDICATION OF INJURY,0,0,0,0,0,1,0,16,2,7,,,,,,,,,,,,,
457681b8dc22c0b1c97ed7362614afcf5a2d90cd3a55c401da5d90c2a17bd6132e04a37a020f1690269215077ecd9a5db943ef80331810312d33be54da4788e5,2025-07-28T16:08:00.000,30,NO CONTROLS,NO CONTROLS,CLEAR,DAYLIGHT,PARKED MOTOR VEHICLE,NOT DIVIDED,STRAIGHT AND LEVEL,DRY,NO DEFECTS,ON SCENE,NO INJURY / DRIVE AWAY,,"OVER $1,500",2025-07-28T16:08:00.000,UNABLE TO DETERMINE,UNABLE TO DETERMINE,1608,W,BYRON ST,1922,2,NO INDICATION OF INJURY,0,0,0,0,0,1,0,16,2,7,41.9525708072,-87.6694045556,"{'type': 'Point', 'coordinates': [-87.669404555635, 41.952570807156]}",,,Y,,,,,,,
ec06f6f06fc1d9e7c75df07cca2a12417f7cd225b64fff5057a63831a8338254c96d56a9e3c8d984add7ea1062f0f554d4d5cd128fde8322fecb9cc3594ebed4,2025-07-28T16:05:00.000,30,NO CONTROLS,NO CONTROLS,CLEAR,DAYLIGHT,PARKED MOTOR VEHICLE,NOT DIVIDED,STRAIGHT AND LEVEL,WET,NO DEFECTS,ON SCENE,INJURY AND / OR TOW DUE TO CRASH,,"OVER $1,500",2025-07-28T16:05:00.000,"OPERATING VEHICLE IN ERRATIC, RECKLESS, CARELESS, NEGLIGENT OR AGGRESSIVE MANNER",NOT APPLICABLE,4314,N,CAMPBELL AVE,1911,2,NO INDICATION OF INJURY,0,0,0,0,0,1,0,16,2,7,41.9599546969,-87.6919143552,"{'type': 'Point', 'coordinates': [-87.691914355236, 41.959954696903]}",,,,,,,,,,
39202d04e7fd18f12eba534e975d5445ce578907dd16e14d06789f6ddb46b86480cfceffe17ab3d51035c7a170268856ea56b56e677831aab6011f82b9cd548f,2025-07-28T16:00:00.000,20,NO CONTROLS,NO CONTROLS,CLEAR,DAYLIGHT,SIDESWIPE SAME DIRECTION,ONE-WAY,STRAIGHT AND LEVEL,DRY,UNKNOWN,ON SCENE,NO INJURY / DRIVE AWAY,,$500 OR LESS,2025-07-28T16:40:00.000,UNABLE TO DETERMINE,NOT APPLICABLE,430,W,ADAMS ST,121,2,NO INDICATION OF INJURY,0,0,0,0,0,2,0,16,2,7,41.8794226209,-87.6395560267,"{'type': 'Point', 'coordinates': [-87.639556026728, 41.879422620897]}",,,,,,,,,,
a9e9c1884c612b5547c29be4449357016b0c0c4cd5b5d079427554a4d96c54b06a45a92d7dd0c13031358fd6de148d33e6a3aa6ef4a1e71f3f4d9ec45afb956d,2025-07-28T16:00:00.000,25,NO CONTROLS,NO CONTROLS,CLEAR,DAYLIGHT,ANGLE,PARKING LOT,STRAIGHT AND LEVEL,DRY,NO DEFECTS,ON SCENE,NO INJURY / DRIVE AWAY,,"OVER $1,500",2025-07-28T16:00:00.000,UNABLE TO DETERMINE,NOT APPLICABLE,5322,S,PULASKI RD,815,2,NO INDICATION OF INJURY,0,0,0,0,0,3,0,16,2,7,41.7961419147,-87.7233901984,"{'type': 'Point', 'coordinates': [-87.723390198401, 41.796141914686]}",Y,,,,Y,,,,,
031dba0131be98caf8c464ef752c360f1f3f4accf9c841aa3ffee6067b7c2595c722c23f1a638ca8606972d45a42ef483b6e5dd605ca689fa404279e67a6bc97,2025-07-28T15:58:00.000,30,STOP SIGN/FLASHER,FUNCTIONING PROPERLY,CLEAR,DAYLIGHT,TURNING,NOT DIVIDED,STRAIGHT AND LEVEL,DRY,NO DEFECTS,NOT ON SCENE (DESK REPORT),NO INJURY / DRIVE AWAY,,"$501 - $1,500",2025-07-28T17:03:00.000,FOLLOWING TOO CLOSELY,NOT APPLICABLE,11600,S,LONGWOOD DR,2212,2,NO INDICATION OF INJURY,0,0,0,0,0,2,0,15,2,7,41.6828569852,-87.6742646561,"{'type': 'Point', 'coordinates': [-87.674264656071, 41.682856985169]}",,,Y,,,,,,,
846e33121c748c43b048399f787e0a788689c934208b5a0e09efaa973dc19b3e1e851bd87032d9e82ceebca30c8cea4d4a15772fac3265cc390af84c7a544b64,2025-07-28T15:58:00.000,25,NO CONTROLS,NO CONTROLS,CLEAR,DAYLIGHT,FIXED OBJECT,ONE-WAY,STRAIGHT AND LEVEL,DRY,NO DEFECTS,NOT ON SCENE (DESK REPORT),NO INJURY / DRIVE AWAY,,"OVER $1,500",2025-07-28T16:58:00.000,UNABLE TO DETERMINE,UNABLE TO DETERMINE,2202,S,SACRAMENTO AVE,1033,1,NO INDICATION OF INJURY,0,0,0,0,0,1,0,15,2,7,41.8516895105,-87.700493091,"{'type': 'Point', 'coordinates': [-87.70049309099, 41.851689510517]}",,,,,,,,,,
abbaab2c1a1281f74c65f861d5e49cea3ccb6efafea16e2c2890f18d847d3f5accbaded445d068b7f4cbb74fa0c2b6e814b14507e4a62db3aeb15b1d6c506650,2025-07-28T15:45:00.000,30,NO CONTROLS,NO CONTROLS,CLEAR,DAYLIGHT,ANGLE,DIVIDED - W/MEDIAN (NOT RAISED),STRAIGHT AND LEVEL,DRY,NO DEFECTS,NOT ON SCENE (DESK REPORT),NO INJURY / DRIVE AWAY,,"OVER $1,500",2025-07-28T16:00:00.000,FAILING TO YIELD RIGHT-OF-WAY,UNABLE TO DETERMINE,10311,S,WESTERN AVE,2212,2,NO INDICATION OF INJURY,0,0,0,0,0,2,0,15,2,7,41.706004961,-87.6814610207,"{'type': 'Point', 'coordinates': [-87.681461020749, 41.706004960954]}",,,Y,,,,,,,
d00c5435a9dfc87ef7b81f50ab5977300125e351abdde916ed21fb27e1de8d8a17fe2c080a7198fe7a2b57ae0d774a8665466fa2dc8a5642addb01831c7a4e6a,2025-07-28T15:42:00.000,30,TRAFFIC SIGNAL,FUNCTIONING PROPERLY,CLEAR,DAYLIGHT,PEDALCYCLIST,DIVIDED - W/MEDIAN (NOT RAISED),STRAIGHT AND LEVEL,DRY,UNKNOWN,ON SCENE,INJURY AND / OR TOW DUE TO CRASH,,$500 OR LESS,2025-07-28T16:40:00.000,UNABLE TO DETERMINE,UNABLE TO DETERMINE,2949,N,CENTRAL AVE,2514,2,NONINCAPACITATING INJURY,1,0,0,1,0,1,0,15,2,7,41.9345560006,-87.7662112472,"{'type': 'Point', 'coordinates': [-87.766211247227, 41.934556000558]}",,,,,,,,,,
b0fb6eeaa6a77feb9dae85d72fa16f358a29943ecfb964f746afc929f08ee55594fd2460aea230188c62ffb1492dfd4d8f3f69e27af505162f423f35a65aeec4,2025-07-28T15:40:00.000,30,UNKNOWN,UNKNOWN,CLEAR,DAYLIGHT,SIDESWIPE SAME DIRECTION,NOT DIVIDED,STRAIGHT AND LEVEL,DRY,UNKNOWN,NOT ON SCENE (DESK REPORT),NO INJURY / DRIVE AWAY,,"OVER $1,500",2025-07-28T18:45:00.000,IMPROPER OVERTAKING/PASSING,IMPROPER LANE USAGE,5458,S,WELLS ST,935,2,NO INDICATION OF INJURY,0,0,0,0,0,2,0,15,2,7,41.7945600708,-87.6319284748,"{'type': 'Point', 'coordinates': [-87.631928474832, 41.794560070768]}",,,Y,,,,,,,
bcb4a680b2c664713a4302d0e0f69cefe03496eafe11d5f7d0bca8979b43a04f4ff990f620d190a5bc4ad998522206e1e797e0ea20811a8a4397099b2d5f70e3,2025-07-28T15:39:00.000,25,TRAFFIC SIGNAL,UNKNOWN,CLEAR,DAYLIGHT,ANGLE,NOT DIVIDED,STRAIGHT AND LEVEL,DRY,NO DEFECTS,ON SCENE,INJURY AND / OR TOW DUE TO CRASH,Y,"OVER $1,500",2025-07-28T15:39:00.000,DRIVING SKILLS/KNOWLEDGE/EXPERIENCE,PHYSICAL CONDITION OF DRIVER,1809,W,LAWRENCE AVE,1912,2,NONINCAPACITATING INJURY,2,0,0,2,0,1,0,15,2,7,41.9687002966,-87.6751090975,"{'type': 'Point', 'coordinates': [-87.675109097517, 41.968700296617]}",,,,,,,,,,
75979d1adccdd7ac7d62a87eb56eaa0908570710fd42e42ba6a74a21d5baa4750420727a4b6e2fc5ed0c6ac3c9c5b21f1cabdf4e4b82174f3bd7601661bf3ee7,2025-07-28T15:38:00.000,30,NO CONTROLS,NO CONTROLS,CLEAR,DAYLIGHT,SIDESWIPE SAME DIRECTION,TRAFFIC ROUTE,STRAIGHT AND LEVEL,DRY,NO DEFECTS,ON SCENE,NO INJURY / DRIVE AWAY,,"OVER $1,500",2025-07-28T15:38:00.000,IMPROPER TURNING/NO SIGNAL,FAILING TO YIELD RIGHT-OF-WAY,1317,W,18TH ST,1233,2,NO INDICATION OF INJURY,0,0,0,0,0,4,0,15,2,7,41.8577916102,-87.6597024155,"{'type': 'Point', 'coordinates': [-87.659702415464, 41.857791610237]}",,,,,,,,,,