crash_record_id,crash_date,posted_speed_limit,traffic_control_device,device_condition,weather_condition,lighting_condition,first_crash_type,trafficway_type,alignment,roadway_surface_cond,road_defect,report_type,crash_type,intersection_related_i,damage,date_police_notified,prim_contributory_cause,sec_contributory_cause,street_no,street_direction,street_name,beat_of_occurrence,num_units,most_severe_injury,injuries_total,injuries_fatal,injuries_incapacitating,injuries_non_incapacitating,injuries_reported_not_evident,injuries_no_indication,injuries_unknown,crash_hour,crash_day_of_week,crash_month,latitude,longitude,location,private_property_i,photos_taken_i,hit_and_run_i,statements_taken_i,crash_date_est_i,work_zone_i,work_zone_type,dooring_i,lane_cnt,workers_present_i
8d6a82d6b2fa35acb50e1abcf9adc82788749292e372f29f9763240f1d8e423b17b86299df849b3e371ef0836080d45089f8bd4ab9bdf295d834bc84081419d3,2025-07-28T15:31:00.000,30,NO CONTROLS,NO CONTROLS,CLEAR,DAYLIGHT,PARKED MOTOR VEHICLE,NOT DIVIDED,STRAIGHT AND LEVEL,DRY,NO DEFECTS,NOT ON SCENE (DESK REPORT),NO INJURY / DRIVE AWAY,,$500 OR LESS,2025-07-28T21:00:00.000,IMPROPER BACKING,FOLLOWING TOO CLOSELY,5801,W,FULLERTON AVE,2515,2,NO INDICATION OF INJURY,0,0,0,0,0,1,0,15,2,7,41.923794554,-87.7709111387,"{'type': 'Point', 'coordinates': [-87.77091113871, 41.923794553965]}",,,Y,,,,,,,
163e7e63aeaf6b42e5a991e8e3e0aea7aeadc1b7661d5d302fc7adfc3d0dedb840093fc1a7d1f7cc192ab1416912b7780885d8d9e7da168080d498b2ce2688f5,2025-07-28T15:30:00.000,30,TRAFFIC SIGNAL,FUNCTIONING PROPERLY,CLEAR,DAYLIGHT,PARKED MOTOR VEHICLE,NOT DIVIDED,STRAIGHT AND LEVEL,DRY,UNKNOWN,NOT ON SCENE (DESK REPORT),NO INJURY / DRIVE AWAY,,"OVER $1,500",2025-07-28T18:45:00.000,UNABLE TO DETERMINE,NOT APPLICABLE,337,N,CENTRAL AVE,1523,2,NO INDICATION OF INJURY,0,0,0,0,0,2,0,15,2,7,41.8868539005,-87.7649507506,"{'type': 'Point', 'coordinates': [-87.764950750638, 41.886853900462]}",,,,,,,,,,
2f617a56de106c3eef94e5126db05248f3e297481abcfbfe94523aa511eef74e03547a8a1dd36846b63d3aad8672856c63f088525ae8ab9bff38f872b7fa8e26,2025-07-28T15:30:00.000,30,STOP SIGN/FLASHER,NO CONTROLS,CLEAR,DAYLIGHT,ANGLE,FOUR WAY,STRAIGHT AND LEVEL,DRY,UNKNOWN,,NO INJURY / DRIVE AWAY,Y,"OVER $1,500",2025-07-28T18:20:00.000,UNABLE TO DETERMINE,NOT APPLICABLE,8301,S,INGLESIDE AVE,632,2,NO INDICATION OF INJURY,0,0,0,0,0,2,0,15,2,7,41.7439223438,-87.6012343929,"{'type': 'Point', 'coordinates': [-87.601234392911, 41.743922343751]}",,,Y,,,,,,,
3a7a2e8a6733ccfe68fa683d206cae227dbb7b7cfae039831257136b8eb163b18034e21c0f09dffed7c7813b2d3c3de609ee9f84eaf3e3fc5cbba573b298ad89,2025-07-28T15:30:00.000,10,NO CONTROLS,NO CONTROLS,UNKNOWN,UNKNOWN,PARKED MOTOR VEHICLE,PARKING LOT,STRAIGHT AND LEVEL,UNKNOWN,UNKNOWN,NOT ON SCENE (DESK REPORT),NO INJURY / DRIVE AWAY,,"OVER $1,500",2025-07-29T14:24:00.000,NOT APPLICABLE,NOT APPLICABLE,7530,S,STONY ISLAND AVE,411,2,NO INDICATION OF INJURY,0,0,0,0,0,1,0,15,2,7,41.7578056585,-87.586268258,"{'type': 'Point', 'coordinates': [-87.586268258019, 41.757805658543]}",Y,,Y,,,,,,,
41c60eecfb65ed73e4162f68931c5c50998dbd9a57cc29744a22cb468aa9c2807a4b47accb5683ab84a581e18306022fc7856d81dfdc9ce7adbb6827c5634a19,2025-07-28T15:30:00.000,30,UNKNOWN,UNKNOWN,UNKNOWN,DAYLIGHT,REAR END,NOT DIVIDED,STRAIGHT AND LEVEL,UNKNOWN,UNKNOWN,NOT ON SCENE (DESK REPORT),NO INJURY / DRIVE AWAY,,"OVER $1,500",2025-07-28T15:45:00.000,UNABLE TO DETERMINE,NOT APPLICABLE,3700,N,WESTERN AVE,1921,2,NO INDICATION OF INJURY,0,0,0,0,0,2,0,15,2,7,41.9486368838,-87.6884575065,"{'type': 'Point', 'coordinates': [-87.688457506457, 41.948636883802]}",,,,,,,,,,
88aefa8623e67cb6f7e828c0d0b53555684aa4b4d4bec9fe7d65d86694c4247872e6a66852bd2b12457c051ac7927299aa079a2d16ad8ce9753ccdef167fcafb,2025-07-28T15:30:00.000,30,NO CONTROLS,NO CONTROLS,CLEAR,DAYLIGHT,REAR END,NOT DIVIDED,STRAIGHT AND LEVEL,DRY,NO DEFECTS,NOT ON SCENE (DESK REPORT),NO INJURY / DRIVE AWAY,,"OVER $1,500",2025-07-28T16:35:00.000,FAILING TO REDUCE SPEED TO AVOID CRASH,UNABLE TO DETERMINE,2926,W,63RD ST,823,2,NO INDICATION OF INJURY,0,0,0,0,0,2,0,15,2,7,41.7791731068,-87.6969888582,"{'type': 'Point', 'coordinates': [-87.696988858241, 41.779173106768]}",,,,,,,,,,
09607634904b741e85b52bf681fa509ed54bb48b0b204198db7fc97cc891c3dc27b2c5afeb8377470a46038382c427fb7d43d56a6e3da1c2d1047ef3b3d4b81d,2025-07-28T15:20:00.000,30,TRAFFIC SIGNAL,UNKNOWN,CLEAR,DAYLIGHT,SIDESWIPE SAME DIRECTION,FOUR WAY,STRAIGHT AND LEVEL,UNKNOWN,UNKNOWN,ON SCENE,NO INJURY / DRIVE AWAY,Y,"OVER $1,500",2025-07-28T15:22:00.000,UNABLE TO DETERMINE,UNABLE TO DETERMINE,801,W,DIVERSEY PKWY,1935,2,NO INDICATION OF INJURY,0,0,0,0,0,2,0,15,2,7,41.9326088807,-87.6490677548,"{'type': 'Point', 'coordinates': [-87.649067754812, 41.932608880671]}",,,N,,,,,,,
4d0316dc1523859c5aed277a86445c483d03389ea0ceee123c7ff6890c76d1652efd3878c3da965bb2cbb91321bd0e321e0c1dc71572127caa3fef2f60a5c4fe,2025-07-28T15:19:00.000,30,TRAFFIC SIGNAL,FUNCTIONING PROPERLY,CLEAR,DAYLIGHT,TURNING,T-INTERSECTION,STRAIGHT AND LEVEL,DRY,UNKNOWN,,NO INJURY / DRIVE AWAY,,"OVER $1,500",2025-07-28T15:20:00.000,FAILING TO YIELD RIGHT-OF-WAY,NOT APPLICABLE,5459,S,WELLS ST,935,2,NO INDICATION OF INJURY,0,0,0,0,0,2,0,15,2,7,41.7945610058,-87.6316351113,"{'type': 'Point', 'coordinates': [-87.631635111252, 41.794561005835]}",,,,,,,,,,
483228bb2aef1fd8117207e5b343427fad47d964650e9bbf7712b2104b7090bafaf88915341549561c34213231d616e5b9bf87bdd648467fb6120889bfcc863a,2025-07-28T15:15:00.000,30,OTHER,OTHER,OTHER,UNKNOWN,REAR END,OTHER,STRAIGHT AND LEVEL,UNKNOWN,UNKNOWN,NOT ON SCENE (DESK REPORT),NO INJURY / DRIVE AWAY,,"$501 - $1,500",2025-07-29T00:20:00.000,UNABLE TO DETERMINE,UNABLE TO DETERMINE,4300,S,RACINE AVE,924,2,NO INDICATION OF INJURY,0,0,0,0,0,2,0,15,2,7,41.8159388307,-87.6554788685,"{'type': 'Point', 'coordinates': [-87.655478868506, 41.81593883068]}",,,,,Y,,,,,
a6bdbfe12eeed232330a6be702f0bccbc72e834962ea456eab9dc13dd1d11aac633b81e258a050067ee80cc3af81fc26184c40badfd80ade8aa172ac7984ca66,2025-07-28T15:15:00.000,30,NO CONTROLS,NO CONTROLS,CLEAR,DAYLIGHT,SIDESWIPE SAME DIRECTION,DIVIDED - W/MEDIAN BARRIER,STRAIGHT AND LEVEL,WET,NO DEFECTS,ON SCENE,NO INJURY / DRIVE AWAY,,"OVER $1,500",2025-07-28T16:19:00.000,UNABLE TO DETERMINE,UNABLE TO DETERMINE,430,N,OGDEN AVE,1215,2,NO INDICATION OF INJURY,0,0,0,0,0,2,0,15,2,7,41.8899791148,-87.6600818007,"{'type': 'Point', 'coordinates': [-87.660081800746, 41.889979114753]}",,,Y,,,,,,,
4b473c43cbfba89d573580d1580e53915a14ef06d3037cd8947ccf0beae7dd5a1735317f99cc8142cc70d7462bbcb71a3ab1eb5bc28db4ecc5a9ec22351d7f3f,2025-07-28T15:06:00.000,30,STOP SIGN/FLASHER,NO CONTROLS,CLEAR,DAYLIGHT,ANGLE,NOT DIVIDED,STRAIGHT AND LEVEL,DRY,UNKNOWN,NOT ON SCENE (DESK REPORT),NO INJURY / DRIVE AWAY,Y,"OVER $1,500",2025-07-28T17:30:00.000,UNABLE TO DETERMINE,NOT APPLICABLE,5500,W,WASHINGTON BLVD,1523,2,NO INDICATION OF INJURY,0,0,0,0,0,4,0,15,2,7,41.8823752068,-87.7633422885,"{'type': 'Point', 'coordinates': [-87.763342288503, 41.882375206753]}",,,Y,,,,,,,
a9e4519ac022b7394600c48a77e1256e1af6537eb243607a92446d5686ef34e8e4a574d9fafdaa7508a3cdaccd902e3af4983d419f95f9597043624f12ea05a7,2025-07-28T15:00:00.000,30,NO CONTROLS,NO CONTROLS,CLEAR,DAYLIGHT,SIDESWIPE SAME DIRECTION,DIVIDED - W/MEDIAN BARRIER,STRAIGHT AND LEVEL,DRY,NO DEFECTS,ON SCENE,INJURY AND / OR TOW DUE TO CRASH,,$500 OR LESS,2025-07-28T15:02:00.000,IMPROPER OVERTAKING/PASSING,FAILING TO REDUCE SPEED TO AVOID CRASH,3316,S,ASHLAND AVE,912,2,NO INDICATION OF INJURY,0,0,0,0,0,2,0,15,2,7,41.8336246442,-87.6657842477,"{'type': 'Point', 'coordinates': [-87.665784247713, 41.833624644229]}",,,,,,,,,,
f868394dd17381eebf4b2db1e584cd7fed24264046ef15813ccd128527204e0b9cb1adddc1b7d4c655a23cb6a3dc2d3fc849c73479161076559039aa050a6d03,2025-07-28T15:00:00.000,30,TRAFFIC SIGNAL,FUNCTIONING PROPERLY,CLEAR,DAYLIGHT,ANGLE,"FIVE POINT, OR MORE",STRAIGHT AND LEVEL,DRY,UNKNOWN,ON SCENE,INJURY AND / OR TOW DUE TO CRASH,Y,"OVER $1,500",2025-07-28T15:00:00.000,UNABLE TO DETERMINE,NOT APPLICABLE,7500,S,SOUTH CHICAGO AVE,624,2,NONINCAPACITATING INJURY,3,0,0,1,2,3,0,15,2,7,41.7586090061,-87.5957213605,"{'type': 'Point', 'coordinates': [-87.595721360538, 41.758609006103]}",,,,,,,,,,
be87999ae380f9c5941d0793907d738a1e5a7eba9d0a4be15037fbaf3b0df0dae0bc395d9156717a389ca6707a3f196f8d21171cd4a043923d51362b57d76769,2025-07-28T14:59:00.000,25,TRAFFIC SIGNAL,FUNCTIONING PROPERLY,CLEAR,DAYLIGHT,PARKED MOTOR VEHICLE,DIVIDED - W/MEDIAN (NOT RAISED),STRAIGHT AND LEVEL,DRY,SHOULDER DEFECT,NOT ON SCENE (DESK REPORT),NO INJURY / DRIVE AWAY,,$500 OR LESS,2025-07-28T17:28:00.000,IMPROPER BACKING,NOT APPLICABLE,35,E,LOWER WACKER PL,111,2,NO INDICATION OF INJURY,0,0,0,0,0,1,0,14,2,7,41.8866921128,-87.6266478455,"{'type': 'Point', 'coordinates': [-87.626647845513, 41.886692112807]}",,,,,,,,,,
33a57821c333d942cb5a5f0d11d35f8797a8b8027fda2d4dcd65ec0558541d246eefe939b86a87ac781714e451facd070df5b8507be66d9836d50ec7d2f49ed9,2025-07-28T14:47:00.000,30,NO CONTROLS,NO CONTROLS,CLEAR,DAYLIGHT,SIDESWIPE OPPOSITE DIRECTION,NOT DIVIDED,STRAIGHT AND LEVEL,DRY,UNKNOWN,ON SCENE,NO INJURY / DRIVE AWAY,N,"OVER $1,500",2025-07-28T14:50:00.000,IMPROPER LANE USAGE,IMPROPER LANE USAGE,5733,N,SHERIDAN RD,2022,2,NO INDICATION OF INJURY,0,0,0,0,0,2,0,14,2,7,41.9865369189,-87.6551381759,"{'type': 'Point', 'coordinates': [-87.655138175859, 41.986536918913]}",,,,,,,,,,
fba309f9a550bd796782add9a399658395ca0ecef8f86191250a9227fa9df3ef9113a74cbc8bf45be2f4c137c248cf38faf199c45dc4bbef3adec411d7188565,2025-07-28T14:45:00.000,30,NO CONTROLS,NO CONTROLS,CLEAR,DAYLIGHT,ANGLE,T-INTERSECTION,STRAIGHT AND LEVEL,UNKNOWN,UNKNOWN,NOT ON SCENE (DESK REPORT),NO INJURY / DRIVE AWAY,,$500 OR LESS,2025-07-28T18:30:00.000,UNABLE TO DETERMINE,UNABLE TO DETERMINE,1927,N,CICERO AVE,2533,2,NO INDICATION OF INJURY,0,0,0,0,0,2,0,14,2,7,41.9159364642,-87.7459160815,"{'type': 'Point', 'coordinates': [-87.745916081548, 41.91593646422]}",,,,,,,,,,
28e4be26f2a2754c078f6cbf70db3dcf2b4784829dc2dc390751a0be878f64b8b7f5c5ebbf26a96db0b6546996ee40b84f16e1f66d2b82a039541ef915711ebc,2025-07-28T14:35:00.000,30,TRAFFIC SIGNAL,FUNCTIONING PROPERLY,CLEAR,DAYLIGHT,PEDESTRIAN,UNKNOWN,STRAIGHT ON HILLCREST,DRY,NO DEFECTS,ON SCENE,INJURY AND / OR TOW DUE TO CRASH,,"OVER $1,500",2025-07-28T14:37:00.000,DISREGARDING ROAD MARKINGS,NOT APPLICABLE,4201,W,FULLERTON AVE,2522,3,INCAPACITATING INJURY,2,0,1,0,1,1,0,14,2,7,41.9243152887,-87.7317260159,"{'type': 'Point', 'coordinates': [-87.731726015949, 41.924315288716]}",,,,,,,,,,
191f34a30bb507b497a3f66756c180de63ee46ae3f33dea477fc1ef381b2a82c16821bf921c9da7699c48a3f3435621c7a35a2bbe7d7db829fbe5ba472687ad2,2025-07-28T14:30:00.000,30,NO CONTROLS,NO CONTROLS,CLEAR,DAYLIGHT,REAR END,NOT DIVIDED,STRAIGHT AND LEVEL,DRY,NO DEFECTS,NOT ON SCENE (DESK REPORT),INJURY AND / OR TOW DUE TO CRASH,,"$501 - $1,500",2025-07-29T20:40:00.000,FOLLOWING TOO CLOSELY,NOT APPLICABLE,6800,W,63RD ST,812,2,NONINCAPACITATING INJURY,1,0,0,1,0,1,0,14,2,7,41.7776366717,-87.7911467455,"{'type': 'Point', 'coordinates': [-87.791146745461, 41.777636671673]}",,,,,,,,,,
71b5517e32b963f5a360a541f0af03cf9ee415dd411a5b6f7552845c8a916711876b143b33c876af59509d511fa61c3b604447a360bd5e73f16e1e01fe72399c,2025-07-28T14:30:00.000,30,NO CONTROLS,NO CONTROLS,CLEAR,DAYLIGHT,SIDESWIPE SAME DIRECTION,NOT DIVIDED,STRAIGHT AND LEVEL,DRY,NO DEFECTS,ON SCENE,NO INJURY / DRIVE AWAY,,"OVER $1,500",2025-07-28T14:45:00.000,IMPROPER OVERTAKING/PASSING,UNABLE TO DETERMINE,3837,W,111TH ST,2211,2,NO INDICATION OF INJURY,0,0,0,0,0,2,0,14,2,7,41.6912070582,-87.7169870004,"{'type': 'Point', 'coordinates': [-87.716987000353, 41.691207058204]}",,,Y,,,,,,,
78e579e2a7a254471f505536930564a04f0908bbc3cddb747d02f8665af6b4a4ff892de87bf01875bb4c686221a175044a90d2362c0f3dafa8242644782685dd,2025-07-28T14:30:00.000,30,NO CONTROLS,NO CONTROLS,CLEAR,DAYLIGHT,REAR END,NOT DIVIDED,STRAIGHT AND LEVEL,DRY,NO DEFECTS,NOT ON SCENE (DESK REPORT),NO INJURY / DRIVE AWAY,,"OVER $1,500",2025-07-28T16:10:00.000,FAILING TO REDUCE SPEED TO AVOID CRASH,UNABLE TO DETERMINE,3800,S,WESTERN AVE,911,2,NO INDICATION OF INJURY,0,0,0,0,0,2,0,14,2,7,41.8247062928,-87.6850117056,"{'type': 'Point', 'coordinates': [-87.685011705627, 41.824706292813]}",,,Y,,,,,,,
613c1c043cbe32ee0e2616fd272ad9eaf3c9492fb08bf6d57ed15dd3ef2e78f3b3fe1db117c6d4628d7cbd6c3159dd66a4f482d042f4a2b555d5882ed9a80a43,2025-07-28T14:20:00.000,25,UNKNOWN,UNKNOWN,CLOUDY/OVERCAST,DAYLIGHT,ANGLE,ONE-WAY,STRAIGHT AND LEVEL,UNKNOWN,UNKNOWN,NOT ON SCENE (DESK REPORT),NO INJURY / DRIVE AWAY,,"$501 - $1,500",2025-07-28T15:00:00.000,IMPROPER OVERTAKING/PASSING,UNABLE TO DETERMINE,7434,N,OAKLEY AVE,2411,2,NO INDICATION OF INJURY,0,0,0,0,0,2,0,14,2,7,42.0166557432,-87.6876610438,"{'type': 'Point', 'coordinates': [-87.687661043835, 42.016655743151]}",,,,,,,,,,
00a519ec7b26298c60ce81154a6259caef20d9a614f80df5c2c3c9e6806af833fc8dc4e9da55dfaa765a9472109c22c86338480a29cae0c0089502a38d50d0b9,2025-07-28T14:15:00.000,30,STOP SIGN/FLASHER,FUNCTIONING PROPERLY,CLEAR,DAYLIGHT,PEDALCYCLIST,T-INTERSECTION,STRAIGHT AND LEVEL,DRY,NO DEFECTS,ON SCENE,INJURY AND / OR TOW DUE TO CRASH,Y,$500 OR LESS,2025-07-28T14:34:00.000,FAILING TO REDUCE SPEED TO AVOID CRASH,UNABLE TO DETERMINE,4100,N,CUMBERLAND AVE,1614,2,NONINCAPACITATING INJURY,1,0,0,1,0,1,0,14,2,7,41.9539663235,-87.8368385252,"{'type': 'Point', 'coordinates': [-87.836838525151, 41.953966323507]}",,,,,,,,,,
cd0d198bd08bb29645b10d1251e36d94d93a7253009ef9a02a448c544b503850b59703147de7c4a62461271b92f75772397e3471b9b3f13b6a2c05cbe34e4112,2025-07-28T14:15:00.000,30,NO CONTROLS,NO CONTROLS,RAIN,DAYLIGHT,ANGLE,ONE-WAY,STRAIGHT AND LEVEL,WET,NO DEFECTS,NOT ON SCENE (DESK REPORT),NO INJURY / DRIVE AWAY,,"OVER $1,500",2025-07-28T17:30:00.000,FAILING TO YIELD RIGHT-OF-WAY,FAILING TO YIELD RIGHT-OF-WAY,214,E,68TH ST,322,2,NO INDICATION OF INJURY,0,0,0,0,0,2,0,14,2,7,41.771185892,-87.6196080093,"{'type': 'Point', 'coordinates': [-87.619608009315, 41.771185892025]}",,,Y,,,,,,,
544bc1cb7255afb65e8440a68ac38ce089c59f101f19a827734f453b747481264692cfa765448d1b15ac5251e2b535d4b56e354b45650d978d5af9bf640902e1,2025-07-28T14:14:00.000,30,NO CONTROLS,NO CONTROLS,CLEAR,DAYLIGHT,TURNING,CENTER TURN LANE,STRAIGHT AND LEVEL,DRY,NO DEFECTS,ON SCENE,INJURY AND / OR TOW DUE TO CRASH,,"OVER $1,500",2025-07-28T15:20:00.000,UNABLE TO DETERMINE,UNABLE TO DETERMINE,7010,S,PULASKI RD,833,2,NONINCAPACITATING INJURY,1,0,0,1,0,5,0,14,2,7,41.7655842196,-87.7225822862,"{'type': 'Point', 'coordinates': [-87.722582286207, 41.76558421965]}",,,,,,,,,,
e26becdb8000458102dbfd22b39715ff92fa9fe77727ac5c40cdb3f4bff5c3c67429054ae0719d3f86ab2748e8a259ab5e44ae1cfc47f93f9fa16c6aab91609d,2025-07-28T14:12:00.000,25,NO CONTROLS,NO CONTROLS,CLEAR,DAYLIGHT,SIDESWIPE SAME DIRECTION,NOT DIVIDED,STRAIGHT AND LEVEL,DRY,NO DEFECTS,ON SCENE,NO INJURY / DRIVE AWAY,,"OVER $1,500",2025-07-28T14:15:00.000,DRIVING SKILLS/KNOWLEDGE/EXPERIENCE,DRIVING SKILLS/KNOWLEDGE/EXPERIENCE,1623,W,DEVON AVE,2433,2,NO INDICATION OF INJURY,0,0,0,0,0,2,0,14,2,7,41.9979489426,-87.6716482876,"{'type': 'Point', 'coordinates': [-87.671648287626, 41.997948942581]}",,,,,,,,,,
a03a83c1c8323f1e7be68381d694ed96acf7b50588081f36284d2ee17629e9ad38630243ef0d066ad01cce0eafa36c7de6542d935459ea91034bebf7bc814682,2025-07-28T14:07:00.000,30,NO CONTROLS,NO CONTROLS,CLEAR,DAYLIGHT,PEDALCYCLIST,NOT DIVIDED,STRAIGHT AND LEVEL,DRY,NO DEFECTS,ON SCENE,INJURY AND / OR TOW DUE TO CRASH,,"OVER $1,500",2025-07-28T14:08:00.000,UNABLE TO DETERMINE,NOT APPLICABLE,2228,W,BELMONT AVE,1921,2,INCAPACITATING INJURY,1,0,1,0,0,0,0,14,2,7,41.939609467,-87.6843765126,"{'type': 'Point', 'coordinates': [-87.684376512555, 41.939609466967]}",,,,,Y,,,Y,,
043afc688f37a5e734fa4fdce23753c19e9dfbda5896cfcc02726a5d7c07c0a2291984dc237074b9312b77c83dd733c2f987a465c9973ac8030d87811e1bb671,2025-07-28T14:00:00.000,20,STOP SIGN/FLASHER,FUNCTIONING PROPERLY,CLEAR,DAYLIGHT,PEDALCYCLIST,ONE-WAY,STRAIGHT AND LEVEL,DRY,UNKNOWN,NOT ON SCENE (DESK REPORT),NO INJURY / DRIVE AWAY,Y,$500 OR LESS,2025-07-28T17:15:00.000,UNABLE TO DETERMINE,NOT APPLICABLE,4300,W,KAMERLING AVE,2534,2,NO INDICATION OF INJURY,0,0,0,0,0,2,0,14,2,7,41.9053736345,-87.7338841848,"{'type': 'Point', 'coordinates': [-87.733884184787, 41.905373634506]}",,,,,,,,,,
199c491ca4538c31f0d8fbdda3bd85628face4900b4907d1dc33ee2adc5c72e1002307e50f5cad0b9acb7a10875cb7ce37c71ecb977ef5f6d29bc6d49ce39436,2025-07-28T14:00:00.000,30,NO CONTROLS,NO CONTROLS,RAIN,DAYLIGHT,PARKED MOTOR VEHICLE,PARKING LOT,STRAIGHT AND LEVEL,UNKNOWN,UNKNOWN,ON SCENE,NO INJURY / DRIVE AWAY,,"$501 - $1,500",2025-07-29T12:25:00.000,UNABLE TO DETERMINE,UNABLE TO DETERMINE,2746,N,CLYBOURN AVE,1931,2,NO INDICATION OF INJURY,0,0,0,0,0,1,0,14,2,7,41.9310210058,-87.6768640181,"{'type': 'Point', 'coordinates': [-87.676864018134, 41.931021005798]}",,,Y,,Y,,,,,
3726c4b85ac9c5e06a658d5063afbd0836fa80826fab23cdbe71ebf0e80367d6f782cf825cece3cec5e56fba8cdb0d1b978a995a80ec8ebf52e066ff7e95d769,2025-07-28T14:00:00.000,30,NO CONTROLS,NO CONTROLS,CLEAR,DAYLIGHT,TURNING,NOT DIVIDED,STRAIGHT AND LEVEL,DRY,UNKNOWN,ON SCENE,INJURY AND / OR TOW DUE TO CRASH,,"OVER $1,500",2025-07-28T14:10:00.000,FAILING TO YIELD RIGHT-OF-WAY,NOT APPLICABLE,5500,W,ADDISON ST,1633,2,NONINCAPACITATING INJURY,2,0,0,2,0,1,0,14,2,7,41.9460170195,-87.7643622945,"{'type': 'Point', 'coordinates': [-87.764362294476, 41.946017019504]}",,,,,,,,,,
4ad7ccb0084f716d635ecd518457ec731a6e51f90391a5d76f3a4a8139339fe2f406983de6109785533f35ec3997b35326d1d345e640dae32b94ac0c5627ccad,2025-07-28T14:00:00.000,30,NO CONTROLS,NO CONTROLS,RAIN,DARKNESS,SIDESWIPE SAME DIRECTION,NOT DIVIDED,STRAIGHT AND LEVEL,DRY,NO DEFECTS,NOT ON SCENE (DESK REPORT),NO INJURY / DRIVE AWAY,,"OVER $1,500",2025-07-28T15:25:00.000,IMPROPER TURNING/NO SIGNAL,NOT APPLICABLE,235,W,VAN BUREN ST,122,2,NO INDICATION OF INJURY,0,0,0,0,0,2,0,14,2,7,41.8767221605,-87.6347104703,"{'type': 'Point', 'coordinates': [-87.634710470258, 41.876722160511]}",,,,,,,,,,
956ff08271db430afb1047f5bd7111a8e5449532fac1340eb7cc4f276c75125214ea96afc14e0627f12acc4754dc58ae918a0079b035193613acb76e1dd4112c,2025-07-28T14:00:00.000,30,TRAFFIC SIGNAL,FUNCTIONING PROPERLY,UNKNOWN,DAYLIGHT,REAR END,FOUR WAY,STRAIGHT AND LEVEL,UNKNOWN,UNKNOWN,NOT ON SCENE (DESK REPORT),NO INJURY / DRIVE AWAY,N,"$501 - $1,500",2025-07-28T14:30:00.000,FAILING TO REDUCE SPEED TO AVOID CRASH,NOT APPLICABLE,500,W,18TH ST,1235,2,NO INDICATION OF INJURY,0,0,0,0,0,2,0,14,2,7,41.8577744035,-87.6389903804,"{'type': 'Point', 'coordinates': [-87.638990380396, 41.85777440349]}",,,,,,,,,,
4ca8bdac5060447a60f276a22186199666a841f96b3a2dc1a6b8f66031ac56401fe043d25bbe8362ba8320ee99bc45e8215fac95b31b50deba271c67c7068724,2025-07-28T13:57:00.000,20,NO CONTROLS,NO CONTROLS,CLEAR,DAYLIGHT,PARKED MOTOR VEHICLE,ONE-WAY,STRAIGHT AND LEVEL,UNKNOWN,UNKNOWN,NOT ON SCENE (DESK REPORT),INJURY AND / OR TOW DUE TO CRASH,,"OVER $1,500",2025-07-28T17:30:00.000,IMPROPER TURNING/NO SIGNAL,DRIVING SKILLS/KNOWLEDGE/EXPERIENCE,1906,N,TRIPP AVE,2534,2,NO INDICATION OF INJURY,0,0,0,0,0,1,0,13,2,7,41.9155244693,-87.7327600642,"{'type': 'Point', 'coordinates': [-87.732760064245, 41.915524469307]}",,,,,,,,,,
381295fc73db57a97cf9beec3e78eace90553160b9230d454048010fc45703994bc3688d59a841dc75bf543aa9ac23f4166b0cd20cc0a59d60812c4b5a06363c,2025-07-28T13:56:00.000,30,TRAFFIC SIGNAL,FUNCTIONING PROPERLY,CLEAR,DAYLIGHT,TURNING,FOUR WAY,STRAIGHT AND LEVEL,DRY,NO DEFECTS,,INJURY AND / OR TOW DUE TO CRASH,Y,"OVER $1,500",2025-07-28T14:00:00.000,IMPROPER TURNING/NO SIGNAL,NOT APPLICABLE,131,S,LOWER WACKER DR,122,2,NO INDICATION OF INJURY,0,0,0,0,0,2,0,13,2,7,41.8798763607,-87.6365319983,"{'type': 'Point', 'coordinates': [-87.636531998261, 41.87987636068]}",,,Y,,,,,,,
6c47d93f04eb67b16402af9c35278e7ebd91f4a433cdb10e79dce3228227b448cb8d6c443a8d884d106cee8717441bfebf1abc4d5e4830521e89cd4a11b15a7e,2025-07-28T13:53:00.000,30,NO CONTROLS,UNKNOWN,UNKNOWN,DAYLIGHT,TURNING,PARKING LOT,STRAIGHT AND LEVEL,UNKNOWN,UNKNOWN,NOT ON SCENE (DESK REPORT),INJURY AND / OR TOW DUE TO CRASH,,"OVER $1,500",2025-07-29T13:20:00.000,UNABLE TO DETERMINE,NOT APPLICABLE,1144,S,WESTERN AVE,1135,2,NONINCAPACITATING INJURY,1,0,0,1,0,1,0,13,2,7,41.8670965522,-87.6861999993,"{'type': 'Point', 'coordinates': [-87.68619999926, 41.867096552166]}",,,,,,,,,,
3ce19d2b3008d6352757aa67ace4f6b26486cc9250431fff0b7c594f6ac82538bf59971d34eaa065b6e2df9ef83f8fbcdc4b05ea44a47a4c1cd5c522389a994b,2025-07-28T13:50:00.000,30,NO CONTROLS,NO CONTROLS,CLEAR,DAYLIGHT,REAR END,NOT DIVIDED,STRAIGHT AND LEVEL,DRY,NO DEFECTS,NOT ON SCENE (DESK REPORT),NO INJURY / DRIVE AWAY,,"OVER $1,500",2025-07-28T14:20:00.000,FOLLOWING TOO CLOSELY,FAILING TO REDUCE SPEED TO AVOID CRASH,2334,W,DEVON AVE,2412,2,NO INDICATION OF INJURY,0,0,0,0,0,2,0,13,2,7,41.9978576709,-87.6888113961,"{'type': 'Point', 'coordinates': [-87.688811396096, 41.99785767095]}",,,,,,,,,,