crash_record_id,crash_date,posted_speed_limit,traffic_control_device,device_condition,weather_condition,lighting_condition,first_crash_type,trafficway_type,alignment,roadway_surface_cond,road_defect,report_type,crash_type,intersection_related_i,damage,date_police_notified,prim_contributory_cause,sec_contributory_cause,street_no,street_direction,street_name,beat_of_occurrence,num_units,most_severe_injury,injuries_total,injuries_fatal,injuries_incapacitating,injuries_non_incapacitating,injuries_reported_not_evident,injuries_no_indication,injuries_unknown,crash_hour,crash_day_of_week,crash_month,latitude,longitude,location,private_property_i,photos_taken_i,hit_and_run_i,statements_taken_i,crash_date_est_i,work_zone_i,work_zone_type,dooring_i,lane_cnt,workers_present_i
c3e94787af9b4524e1d3d7f933938ded00f2812ab7ecfd8555755cf4c691526ff0e4da3a536f0d460f3fbeae4ccc90f0af73f72d975bb38a757ba5b704e12761,2025-07-28T13:50:00.000,30,YIELD,FUNCTIONING PROPERLY,CLEAR,DAYLIGHT,REAR END,TRAFFIC ROUTE,STRAIGHT AND LEVEL,DRY,NO DEFECTS,ON SCENE,INJURY AND / OR TOW DUE TO CRASH,Y,"OVER $1,500",2025-07-28T13:52:00.000,FAILING TO REDUCE SPEED TO AVOID CRASH,NOT APPLICABLE,6259,N,WESTERN AVE,2413,2,NO INDICATION OF INJURY,0,0,0,0,0,2,0,13,2,7,41.9958231717,-87.6896734857,"{'type': 'Point', 'coordinates': [-87.689673485741, 41.995823171744]}",,,,,,,,,,
8db05ce2c3ea10e2d5cf29268900e64948d3b825f8dfebae06211b2ceedbf1bf8f5e3673516015b7bee2a122fd12a74387c1a29c4ad972259ffe12055bfef9e1,2025-07-28T13:44:00.000,30,NO CONTROLS,NO CONTROLS,CLEAR,DAYLIGHT,PARKED MOTOR VEHICLE,NOT DIVIDED,STRAIGHT AND LEVEL,UNKNOWN,NO DEFECTS,NOT ON SCENE (DESK REPORT),NO INJURY / DRIVE AWAY,,"$501 - $1,500",2025-08-01T11:15:00.000,UNABLE TO DETERMINE,NOT APPLICABLE,2831,S,PULASKI RD,1031,2,NO INDICATION OF INJURY,0,0,0,0,0,1,0,13,2,7,41.8396178176,-87.7242771171,"{'type': 'Point', 'coordinates': [-87.724277117061, 41.839617817584]}",,,Y,,Y,,,,,
44e8c8c60ae555015ea29de3ad61688f765f2ee328746aab36af4b1429ba12a91dde652769a2a837c3acc63519bde7c2cb68b6d1e00a0b8dce5f25bcc0f4ff4e,2025-07-28T13:42:00.000,30,NO CONTROLS,NO CONTROLS,RAIN,DAYLIGHT,FIXED OBJECT,DIVIDED - W/MEDIAN BARRIER,STRAIGHT ON HILLCREST,WET,NO DEFECTS,ON SCENE,INJURY AND / OR TOW DUE TO CRASH,,$500 OR LESS,2025-07-28T13:45:00.000,WEATHER,WEATHER,12006,S,HALSTED ST,524,1,NO INDICATION OF INJURY,0,0,0,0,0,1,0,13,2,7,41.6757385043,-87.6419854908,"{'type': 'Point', 'coordinates': [-87.641985490801, 41.675738504296]}",,,,,,,,,,
dde9a3931e245952ee182f245df33987813f156ea1b24185209aa1248a3ae37f5db5726ecc066e6a817cf4723e23088cf951171fa7bb5d7585d70de9a72ac562,2025-07-28T13:40:00.000,30,TRAFFIC SIGNAL,UNKNOWN,CLEAR,DAYLIGHT,REAR END,NOT DIVIDED,STRAIGHT AND LEVEL,UNKNOWN,UNKNOWN,,INJURY AND / OR TOW DUE TO CRASH,,"OVER $1,500",2025-07-28T18:26:00.000,FOLLOWING TOO CLOSELY,FOLLOWING TOO CLOSELY,47,W,83RD ST,622,2,NO INDICATION OF INJURY,0,0,0,0,0,2,0,13,2,7,41.7435154289,-87.6262729646,"{'type': 'Point', 'coordinates': [-87.626272964571, 41.743515428878]}",,,,,,,,,,
4ad1154bbf3239714bbd8ac69a40e8ade71ef9fe0a8e5eeda980986ec6fd59763cd5717dbf84beec62a2a58e8207fc4d0dbe0cff366f2b71764b1675bbd870ee,2025-07-28T13:35:00.000,30,NO CONTROLS,NO CONTROLS,CLEAR,DAYLIGHT,REAR END,NOT DIVIDED,STRAIGHT AND LEVEL,DRY,NO DEFECTS,NOT ON SCENE (DESK REPORT),NO INJURY / DRIVE AWAY,,"OVER $1,500",2025-07-28T14:45:00.000,FAILING TO REDUCE SPEED TO AVOID CRASH,UNABLE TO DETERMINE,4613,W,63RD ST,813,2,NO INDICATION OF INJURY,0,0,0,0,0,2,0,13,2,7,41.7783686343,-87.738014928,"{'type': 'Point', 'coordinates': [-87.738014928, 41.778368634266]}",,,,,,,,,,
508d71b83861faca9b3f6f36d4315f1dba29e90b8b5d37722d431beedecbb9c92ead01dbfb6cb6bbf0e10bd6b7a20cce52181f61f8cd96124d272e52b41afc6d,2025-07-28T13:30:00.000,20,NO CONTROLS,NO CONTROLS,CLEAR,DAYLIGHT,PARKED MOTOR VEHICLE,NOT DIVIDED,STRAIGHT AND LEVEL,DRY,UNKNOWN,ON SCENE,INJURY AND / OR TOW DUE TO CRASH,,"OVER $1,500",2025-07-28T15:07:00.000,UNABLE TO DETERMINE,UNABLE TO DETERMINE,1230,W,CHASE AVE,2423,2,NO INDICATION OF INJURY,0,0,0,0,0,1,0,13,2,7,42.0140659614,-87.663311344,"{'type': 'Point', 'coordinates': [-87.663311344043, 42.014065961372]}",,,Y,,Y,,,,,
d869478ceb44f180717077193271971a7c5242788b976f6419c5b21b7f79d742352914a1a7a54737a4841356438595e298e2065c1189b558864d5dbf6c8d4b66,2025-07-28T13:30:00.000,15,NO CONTROLS,NO CONTROLS,CLEAR,DAYLIGHT,SIDESWIPE SAME DIRECTION,PARKING LOT,STRAIGHT AND LEVEL,UNKNOWN,UNKNOWN,NOT ON SCENE (DESK REPORT),NO INJURY / DRIVE AWAY,,$500 OR LESS,2025-07-28T14:15:00.000,UNABLE TO DETERMINE,UNABLE TO DETERMINE,7530,S,STONY ISLAND AVE,411,2,NO INDICATION OF INJURY,0,0,0,0,0,2,0,13,2,7,41.7578056585,-87.586268258,"{'type': 'Point', 'coordinates': [-87.586268258019, 41.757805658543]}",Y,,,,,,,,,
4848a4a85cf8a140b4dd6b15920676e2beb1d6a8b452b60ef354c6210f32caa1f0288639ccd0b30808d09cce467eb085741018b7a4ca5cb6fd737c9585eb7bd1,2025-07-28T13:26:00.000,30,TRAFFIC SIGNAL,FUNCTIONING PROPERLY,CLEAR,DAYLIGHT,REAR END,NOT DIVIDED,STRAIGHT AND LEVEL,DRY,NO DEFECTS,NOT ON SCENE (DESK REPORT),NO INJURY / DRIVE AWAY,,"$501 - $1,500",2025-07-28T13:53:00.000,FOLLOWING TOO CLOSELY,NOT APPLICABLE,338,W,NORTH AVE,1814,2,NO INDICATION OF INJURY,0,0,0,0,0,2,0,13,2,7,41.9112304777,-87.6381710781,"{'type': 'Point', 'coordinates': [-87.638171078055, 41.911230477716]}",,,,,,,,,,
731481b25b311211d13554c6305a5a370a2fedd5a926201ae495a31909fdaa86b6ab0ca3274f2dd947b1bfd78c0404ca5b519b765cbcbf415e466b26e9dd5cf3,2025-07-28T13:16:00.000,30,TRAFFIC SIGNAL,UNKNOWN,CLEAR,DAYLIGHT,SIDESWIPE SAME DIRECTION,DIVIDED - W/MEDIAN (NOT RAISED),STRAIGHT AND LEVEL,DRY,UNKNOWN,NOT ON SCENE (DESK REPORT),INJURY AND / OR TOW DUE TO CRASH,,"OVER $1,500",2025-07-28T14:30:00.000,IMPROPER TURNING/NO SIGNAL,IMPROPER LANE USAGE,5,E,75TH ST,623,2,"REPORTED, NOT EVIDENT",2,0,0,0,2,0,0,13,2,7,41.7580776327,-87.6244968282,"{'type': 'Point', 'coordinates': [-87.624496828183, 41.758077632739]}",,,,,,,,,,
4d07959980abc9af587662a02b3def79067d342832fabca57082870178e2b31bc5c19178a5777248399216d0a5d9ffaa2d25a10c8d30a5985c2a137e1348c334,2025-07-28T13:15:00.000,30,NO CONTROLS,NO CONTROLS,CLEAR,DAYLIGHT,ANGLE,NOT DIVIDED,STRAIGHT AND LEVEL,DRY,UNKNOWN,ON SCENE,INJURY AND / OR TOW DUE TO CRASH,,"OVER $1,500",2025-07-28T13:30:00.000,UNABLE TO DETERMINE,UNABLE TO DETERMINE,3221,W,51ST ST,822,2,NONINCAPACITATING INJURY,1,0,0,1,0,2,0,13,2,7,41.8006978521,-87.7047410105,"{'type': 'Point', 'coordinates': [-87.704741010472, 41.800697852118]}",,,Y,,,,,,,
7ebddaee2fc09517aa229e5e044c9d688027e0fda3f4a1ebc68f06cdaee65cdcd94f714f3258509561145e9816b87821baeab73f3df1b07a0726d6d653aa16f0,2025-07-28T13:15:00.000,30,NO CONTROLS,NO CONTROLS,RAIN,DAYLIGHT,SIDESWIPE SAME DIRECTION,NOT DIVIDED,STRAIGHT AND LEVEL,WET,NO DEFECTS,ON SCENE,NO INJURY / DRIVE AWAY,,"$501 - $1,500",2025-07-28T13:35:00.000,UNABLE TO DETERMINE,NOT APPLICABLE,149,W,107TH ST,513,2,NO INDICATION OF INJURY,0,0,0,0,0,2,0,13,2,7,41.6997086208,-87.6276667165,"{'type': 'Point', 'coordinates': [-87.627666716513, 41.699708620814]}",,,Y,,,,,,,
774a31f3267ffdad96becd2b7452feead2f8cd0ffd097ccc545e234935f5219afaab33cc58d5ed0ad27243b724c5d8c54eb3a5c9a76884fee921642623a4616e,2025-07-28T13:10:00.000,30,NO CONTROLS,NO CONTROLS,CLEAR,DAYLIGHT,SIDESWIPE SAME DIRECTION,DIVIDED - W/MEDIAN (NOT RAISED),STRAIGHT AND LEVEL,DRY,NO DEFECTS,NOT ON SCENE (DESK REPORT),NO INJURY / DRIVE AWAY,,"OVER $1,500",2025-07-28T13:30:00.000,FAILING TO YIELD RIGHT-OF-WAY,NOT APPLICABLE,1120,N,MARSHFIELD AVE,1213,2,NO INDICATION OF INJURY,0,0,0,0,0,2,0,13,2,7,41.9029962595,-87.6688610907,"{'type': 'Point', 'coordinates': [-87.668861090662, 41.902996259464]}",,,,,,,,,,
c6f6e9582d549b27342c231e30c403d6c49e6f2b740029a47765af19206fddab1e5a941f8280fe0196a7c16991e5adb68625b02a9456dd6afd3ed56948530298,2025-07-28T13:10:00.000,15,NO CONTROLS,NO CONTROLS,CLEAR,DAYLIGHT,ANGLE,PARKING LOT,STRAIGHT AND LEVEL,DRY,NO DEFECTS,NOT ON SCENE (DESK REPORT),NO INJURY / DRIVE AWAY,,"OVER $1,500",2025-07-28T13:40:00.000,FAILING TO YIELD RIGHT-OF-WAY,NOT APPLICABLE,4467,W,LAWRENCE AVE,1722,2,NO INDICATION OF INJURY,0,0,0,0,0,2,0,13,2,7,41.9679951275,-87.740559971,"{'type': 'Point', 'coordinates': [-87.740559970982, 41.967995127472]}",,,,,,,,,,
d23e63bea2cc22b994aa89d5817f93236fc3387e44226597fb13de47162943625df163bbec5cca3860a891aebe94cdba5533b354a19b02d7699935ad4c968414,2025-07-28T13:08:00.000,30,STOP SIGN/FLASHER,FUNCTIONING PROPERLY,CLEAR,DAYLIGHT,TURNING,T-INTERSECTION,STRAIGHT AND LEVEL,DRY,NO DEFECTS,ON SCENE,NO INJURY / DRIVE AWAY,Y,"OVER $1,500",2025-07-28T13:09:00.000,FAILING TO YIELD RIGHT-OF-WAY,UNABLE TO DETERMINE,1900,N,WESTERN AVE,1434,2,NO INDICATION OF INJURY,0,0,0,0,0,2,0,13,2,7,41.9158042972,-87.687511897,"{'type': 'Point', 'coordinates': [-87.687511897001, 41.915804297176]}",,,,,,,,,,
93547b986b60a39328ea73a38359a63de7bb7e8cbc6ea2834a1284497446c77734314583fd912c83761bf9088dd0080c63ee6cc90ef4dda711b3f6b3df5b922f,2025-07-28T13:05:00.000,30,TRAFFIC SIGNAL,FUNCTIONING PROPERLY,CLOUDY/OVERCAST,DAYLIGHT,REAR END,ONE-WAY,STRAIGHT AND LEVEL,WET,NO DEFECTS,NOT ON SCENE (DESK REPORT),NO INJURY / DRIVE AWAY,Y,"OVER $1,500",2025-07-28T13:25:00.000,UNABLE TO DETERMINE,UNABLE TO DETERMINE,8300,S,LAFAYETTE AVE,622,2,NO INDICATION OF INJURY,0,0,0,0,0,3,0,13,2,7,41.743541848,-87.6257732415,"{'type': 'Point', 'coordinates': [-87.625773241467, 41.743541847975]}",,,,,,,,,,
b52ac1cd1d5de4cfaeb9a244e94dcfcde5894b99bcbf0283d2392ce79a1a3380ad2101d6c28e8251f8628eb4f93ca64e2d18309122bc7e0ebbe292eba2417d7e,2025-07-28T13:03:00.000,30,TRAFFIC SIGNAL,FUNCTIONING PROPERLY,RAIN,DAYLIGHT,SIDESWIPE SAME DIRECTION,FOUR WAY,STRAIGHT AND LEVEL,WET,UNKNOWN,NOT ON SCENE (DESK REPORT),INJURY AND / OR TOW DUE TO CRASH,Y,"OVER $1,500",2025-07-28T15:30:00.000,FAILING TO YIELD RIGHT-OF-WAY,NOT APPLICABLE,7100,S,JEFFERY BLVD,333,2,NO INDICATION OF INJURY,0,0,0,0,0,2,0,13,2,7,41.7660277795,-87.5764431228,"{'type': 'Point', 'coordinates': [-87.576443122779, 41.766027779516]}",,,,,,,,,,
0e6f63615d72046b2452c1254a9351222dac10eb66c7e335c50c8ac2b5510a2aa8607b2e5285e39c1e4482e9701b2866c02782361910f24d4006735b4c3938ec,2025-07-28T13:00:00.000,30,NO CONTROLS,NO CONTROLS,CLEAR,DAYLIGHT,SIDESWIPE SAME DIRECTION,DIVIDED - W/MEDIAN (NOT RAISED),STRAIGHT AND LEVEL,DRY,NO DEFECTS,NOT ON SCENE (DESK REPORT),NO INJURY / DRIVE AWAY,,"$501 - $1,500",2025-07-28T17:00:00.000,IMPROPER OVERTAKING/PASSING,IMPROPER OVERTAKING/PASSING,4399,S,PULASKI RD,821,2,NO INDICATION OF INJURY,0,0,0,0,0,2,0,13,2,7,41.8134606494,-87.7236489272,"{'type': 'Point', 'coordinates': [-87.723648927228, 41.813460649358]}",,,Y,,,,,,,
6a8f3796d1cf9f09162af3bb6c734bf8cca605df88f602fc2dbbd407b331c8986475cf3374bf4bd2afb1ed9b28fbe5218e3765d55046826e455f92708edd7ef5,2025-07-28T13:00:00.000,30,NO CONTROLS,NO CONTROLS,CLEAR,DAYLIGHT,SIDESWIPE SAME DIRECTION,NOT DIVIDED,STRAIGHT AND LEVEL,DRY,UNKNOWN,,NO INJURY / DRIVE AWAY,,"OVER $1,500",2025-07-28T14:40:00.000,UNABLE TO DETERMINE,NOT APPLICABLE,3145,N,NARRAGANSETT AVE,2511,2,NO INDICATION OF INJURY,0,0,0,0,0,4,0,13,2,7,41.9378686255,-87.7857755826,"{'type': 'Point', 'coordinates': [-87.785775582606, 41.937868625489]}",,,,,,,,,,
e9d087cd91ba2f6a8fa95f0905e53ea46c0a9a7d0c142a50215c27e990977cb0fdcb6daea3abe9c40981aa790d4c9e3ab1a0cfb61292ae1bff28b01be5aa8eab,2025-07-28T12:54:00.000,15,NO CONTROLS,NO CONTROLS,RAIN,DAYLIGHT,ANGLE,PARKING LOT,STRAIGHT AND LEVEL,WET,NO DEFECTS,ON SCENE,NO INJURY / DRIVE AWAY,,"OVER $1,500",2025-07-28T12:55:00.000,WEATHER,NOT APPLICABLE,3950,S,HONORE ST,924,2,NO INDICATION OF INJURY,0,0,0,0,0,2,0,12,2,7,41.8221911157,-87.6717293979,"{'type': 'Point', 'coordinates': [-87.671729397927, 41.822191115743]}",Y,,,,,,,,,
bcaee58278a3b8659a55fa83e201f8b65cad52736ddf02e3027f8731748ad4faa96b1b7a067bfc3508bba931cd2947696db3fe20842abf4a53a79595c47be50a,2025-07-28T12:52:00.000,35,STOP SIGN/FLASHER,FUNCTIONING PROPERLY,CLEAR,DAYLIGHT,TURNING,FOUR WAY,STRAIGHT AND LEVEL,UNKNOWN,UNKNOWN,,INJURY AND / OR TOW DUE TO CRASH,Y,"$501 - $1,500",2025-07-28T13:50:00.000,NOT APPLICABLE,NOT APPLICABLE,3121,E,79TH ST,422,2,NONINCAPACITATING INJURY,1,0,0,1,0,3,0,12,2,7,41.7518625045,-87.5483978916,"{'type': 'Point', 'coordinates': [-87.548397891556, 41.751862504496]}",,,,,,,,,,
d5dd1c1c4408a6d70e1b8b91d9ad3564c4d87590f933b594bf7e75e999c9b988092ea4c01bc2d52de0b4326054b99be32c16c0fa49fa901535c92fd807d92ecb,2025-07-28T12:52:00.000,30,TRAFFIC SIGNAL,FUNCTIONING PROPERLY,CLEAR,DAYLIGHT,REAR END,FOUR WAY,STRAIGHT AND LEVEL,WET,NO DEFECTS,ON SCENE,INJURY AND / OR TOW DUE TO CRASH,Y,"OVER $1,500",2025-07-28T12:57:00.000,FOLLOWING TOO CLOSELY,NOT APPLICABLE,958,N,HAMLIN AVE,1112,2,"REPORTED, NOT EVIDENT",3,0,0,0,3,2,0,12,2,7,41.8989680226,-87.7214548564,"{'type': 'Point', 'coordinates': [-87.721454856351, 41.898968022638]}",,,,,,,,,,
38d13012803a1c3e1612ea27fec1c3a8de5edaf8f88c5fc05cdb916eff5223dcaf425ed3a9ceed8203ad01e66fcb59d0795e98ce50579c2c7f1464553fff2f60,2025-07-28T12:45:00.000,40,NO CONTROLS,NO CONTROLS,CLEAR,DAYLIGHT,FIXED OBJECT,NOT DIVIDED,STRAIGHT AND LEVEL,DRY,NO DEFECTS,ON SCENE,INJURY AND / OR TOW DUE TO CRASH,,"OVER $1,500",2025-07-28T12:48:00.000,UNABLE TO DETERMINE,NOT APPLICABLE,6429,N,CALDWELL AVE,1621,1,NO INDICATION OF INJURY,0,0,0,0,0,2,0,12,2,7,41.9979451218,-87.7678147377,"{'type': 'Point', 'coordinates': [-87.767814737651, 41.997945121822]}",,,,,,,,,,
3f12395a54b6225f2c65bde262275b4cb99a40bce3850b3601cc8e28165574b2f3849b5d886fcb02b68aed6a9fb7f760a9642f2b26ce0ce9c542fbd13cc185f1,2025-07-28T12:45:00.000,30,UNKNOWN,UNKNOWN,CLEAR,DAYLIGHT,REAR END,NOT DIVIDED,STRAIGHT AND LEVEL,UNKNOWN,UNKNOWN,NOT ON SCENE (DESK REPORT),NO INJURY / DRIVE AWAY,,"OVER $1,500",2025-07-28T13:00:00.000,UNABLE TO DETERMINE,UNABLE TO DETERMINE,4800,W,PETERSON AVE,1621,2,NO INDICATION OF INJURY,0,0,0,0,0,2,0,12,2,7,41.9900080073,-87.7483769512,"{'type': 'Point', 'coordinates': [-87.74837695119, 41.990008007299]}",,,,,,,,,,
9c2f30c92133d30860a0adc1252971084e1ed62bb1bfb6f5951a03943006e37cb05c09879b2c2b5aa75d9fc141883bd69f750d6a87c5f5b9e5f0c41328eea3f1,2025-07-28T12:45:00.000,30,TRAFFIC SIGNAL,UNKNOWN,CLEAR,DAYLIGHT,REAR END,DIVIDED - W/MEDIAN (NOT RAISED),STRAIGHT AND LEVEL,DRY,UNKNOWN,NOT ON SCENE (DESK REPORT),NO INJURY / DRIVE AWAY,N,"OVER $1,500",2025-07-28T15:00:00.000,UNABLE TO DETERMINE,DRIVING SKILLS/KNOWLEDGE/EXPERIENCE,1957,N,OAK PARK AVE,2513,2,NO INDICATION OF INJURY,0,0,0,0,0,3,0,12,2,7,41.9161626542,-87.794861228,"{'type': 'Point', 'coordinates': [-87.794861228002, 41.916162654208]}",,,,,,,,,,
a7b2cf7ed7a6a9ad4a2392cdca8917cc66f9d3910bc672bb0807ddf0723cb35113492cf2fad9863b50a9a72d28636628fcb3e383a299532099f016b9e08ba621,2025-07-28T12:45:00.000,30,NO CONTROLS,NO CONTROLS,RAIN,DAYLIGHT,OTHER NONCOLLISION,NOT DIVIDED,STRAIGHT AND LEVEL,WET,NO DEFECTS,ON SCENE,NO INJURY / DRIVE AWAY,,$500 OR LESS,2025-07-28T12:48:00.000,WEATHER,UNABLE TO DETERMINE,4230,W,BERTEAU AVE,1722,1,NO INDICATION OF INJURY,0,0,0,0,0,1,0,12,2,7,41.9573376774,-87.7340043478,"{'type': 'Point', 'coordinates': [-87.734004347843, 41.957337677396]}",,,,,,,,,,
f3fd299a08511f5315f72fd48bc5ef35890569136b13d559a63d85e63557bb57a3921cd8fe77fd0d31f0bc78473c9a79448647dd2adf8fffda86dc26a0b68936,2025-07-28T12:45:00.000,30,NO CONTROLS,NO CONTROLS,CLEAR,DAYLIGHT,ANGLE,NOT DIVIDED,STRAIGHT AND LEVEL,DRY,UNKNOWN,NOT ON SCENE (DESK REPORT),NO INJURY / DRIVE AWAY,,"OVER $1,500",2025-07-29T15:34:00.000,FAILING TO YIELD RIGHT-OF-WAY,NOT APPLICABLE,7814,S,ESSEX AVE,421,2,NO INDICATION OF INJURY,0,0,0,0,0,2,0,12,2,7,41.7530913086,-87.5639778687,"{'type': 'Point', 'coordinates': [-87.563977868654, 41.753091308574]}",,,,,,,,,,
326ef4445883e62b33ed549577c2038c29f9174383d1d7cb972869ec8e4dbb3a77e9397f9e57362e39d4367cdda5a37cab7eb60287ec5ba8846723190e15c062,2025-07-28T12:40:00.000,30,NO CONTROLS,NO CONTROLS,RAIN,DAYLIGHT,PARKED MOTOR VEHICLE,NOT DIVIDED,STRAIGHT AND LEVEL,WET,OTHER,ON SCENE,NO INJURY / DRIVE AWAY,,"OVER $1,500",2025-07-28T12:49:00.000,UNABLE TO DETERMINE,WEATHER,411,W,31ST ST,915,2,NO INDICATION OF INJURY,0,0,0,0,0,1,0,12,2,7,41.8380599987,-87.6366595871,"{'type': 'Point', 'coordinates': [-87.636659587107, 41.838059998695]}",,,,,,,,,,
1ab4e504cb7d273d33b4c380ec69c493bfcaca4bf1204979477feab0bf5a1721166ddabcaa2b28558be1d37a85fdddfa6f35220ddf9e7e20a0d33379dea17299,2025-07-28T12:30:00.000,30,NO CONTROLS,NO CONTROLS,RAIN,DAYLIGHT,PARKED MOTOR VEHICLE,DIVIDED - W/MEDIAN (NOT RAISED),STRAIGHT AND LEVEL,WET,NO DEFECTS,NOT ON SCENE (DESK REPORT),NO INJURY / DRIVE AWAY,,"OVER $1,500",2025-07-28T19:30:00.000,UNABLE TO DETERMINE,UNABLE TO DETERMINE,2811,S,HILLOCK AVE,913,2,NO INDICATION OF INJURY,0,0,0,0,0,1,0,12,2,7,41.8435465293,-87.6597317441,"{'type': 'Point', 'coordinates': [-87.659731744127, 41.843546529321]}",,,Y,,,,,,,
9e431e4b029cd9fd43624dd29cba150bd0f5e1e8c792024203b42b41c4844e324cab6ee957ba0323fe5f625b4c54230cff81ab4535e241f2a9303da9dbb51e11,2025-07-28T12:19:00.000,30,NO CONTROLS,NO CONTROLS,CLEAR,DAYLIGHT,SIDESWIPE SAME DIRECTION,ONE-WAY,STRAIGHT AND LEVEL,WET,NO DEFECTS,ON SCENE,INJURY AND / OR TOW DUE TO CRASH,,"OVER $1,500",2025-07-28T12:40:00.000,IMPROPER OVERTAKING/PASSING,"VISION OBSCURED (SIGNS, TREE LIMBS, BUILDINGS, ETC.)",1927,W,FOSTER AVE,2032,2,NO INDICATION OF INJURY,0,0,0,0,0,2,0,12,2,7,41.9759485339,-87.6775585311,"{'type': 'Point', 'coordinates': [-87.677558531073, 41.975948533914]}",,,,,,,,,,
c99d0a7864bffd93ee7d5defbff9ea52b41ade06698b2e9dede246b2a89033dc60f5604522e1aabd24774586e80355c755fe9a8ab04add4b629dfdd412905e46,2025-07-28T12:15:00.000,35,STOP SIGN/FLASHER,FUNCTIONING PROPERLY,CLEAR,DAYLIGHT,ANGLE,DIVIDED - W/MEDIAN (NOT RAISED),STRAIGHT AND LEVEL,DRY,NO DEFECTS,ON SCENE,INJURY AND / OR TOW DUE TO CRASH,Y,"OVER $1,500",2025-07-28T12:30:00.000,"VISION OBSCURED (SIGNS, TREE LIMBS, BUILDINGS, ETC.)",FAILING TO YIELD RIGHT-OF-WAY,6001,N,TALMAN AVE,2413,2,NO INDICATION OF INJURY,0,0,0,0,0,2,0,12,2,7,41.9905540765,-87.695605409,"{'type': 'Point', 'coordinates': [-87.695605409002, 41.990554076507]}",,,,,,,,,,
d53e14a767a3bbaac16350018805ef7a0fb2172992e7d0fcae1d192cf03d7cf1a2fe07601ee694087f300e191f48fe372987f2220a6921f88875d45bc619fab0,2025-07-28T12:15:00.000,30,NO CONTROLS,NO CONTROLS,CLEAR,DAYLIGHT,SIDESWIPE SAME DIRECTION,NOT DIVIDED,STRAIGHT AND LEVEL,DRY,NO DEFECTS,NOT ON SCENE (DESK REPORT),NO INJURY / DRIVE AWAY,,"OVER $1,500",2025-07-28T13:55:00.000,IMPROPER LANE USAGE,UNABLE TO DETERMINE,1752,W,GRAND AVE,1215,2,NO INDICATION OF INJURY,0,0,0,0,0,3,0,12,2,7,41.8910187394,-87.6717120098,"{'type': 'Point', 'coordinates': [-87.671712009835, 41.891018739351]}",,,,,,,,,,
219f3182cdf6056ac0ce8d4c32297dbafc20ef097ebf90e93101aabbc60b682e713ba2bdc8299e84d9e72556480f079db31b4c27c8273efe57e78affe3f7f6ba,2025-07-28T12:14:00.000,30,STOP SIGN/FLASHER,FUNCTIONING PROPERLY,CLEAR,DAYLIGHT,SIDESWIPE SAME DIRECTION,NOT DIVIDED,STRAIGHT AND LEVEL,DRY,NO DEFECTS,NOT ON SCENE (DESK REPORT),NO INJURY / DRIVE AWAY,,$500 OR LESS,2025-07-28T23:20:00.000,UNABLE TO DETERMINE,NOT APPLICABLE,654,W,IRVING PARK RD,1915,2,NO INDICATION OF INJURY,0,0,0,0,0,2,0,12,2,7,41.9547182706,-87.6469643469,"{'type': 'Point', 'coordinates': [-87.646964346939, 41.954718270615]}",,,Y,,,,,,,
5fd27826cb8bfc713cf10472b45da9583b1aa96bfe8e9870bbd9b9fe3cf0630fddf5b2b7707f747cb66e69a11b4dd140d614b6d2aef899b0445280bcb36f9751,2025-07-28T12:08:00.000,30,NO CONTROLS,NO CONTROLS,CLEAR,DAYLIGHT,PARKED MOTOR VEHICLE,NOT DIVIDED,STRAIGHT AND LEVEL,DRY,NO DEFECTS,NOT ON SCENE (DESK REPORT),NO INJURY / DRIVE AWAY,,"OVER $1,500",2025-07-28T14:20:00.000,UNABLE TO DETERMINE,NOT APPLICABLE,2323,N,COMMONWEALTH AVE,1814,2,NO INDICATION OF INJURY,0,0,0,0,0,1,0,12,2,7,41.9245131194,-87.6379290049,"{'type': 'Point', 'coordinates': [-87.637929004937, 41.924513119398]}",,,,,,,,,,
b222aab2d0748ca4fa274ba5b9cd1bbed586159fccaafbf82e1044e350d5809cc20d509159179b866bf69da92ada3e259c14faf0519db4f39a0188cad5147fec,2025-07-28T12:05:00.000,30,TRAFFIC SIGNAL,FUNCTIONING PROPERLY,CLEAR,DAYLIGHT,TURNING,FOUR WAY,STRAIGHT AND LEVEL,DRY,NO DEFECTS,NOT ON SCENE (DESK REPORT),NO INJURY / DRIVE AWAY,Y,"OVER $1,500",2025-07-28T12:30:00.000,FAILING TO YIELD RIGHT-OF-WAY,NOT APPLICABLE,7000,N,CLARK ST,2424,2,NO INDICATION OF INJURY,0,0,0,0,0,2,0,12,2,7,42.0090349109,-87.6741221605,"{'type': 'Point', 'coordinates': [-87.674122160514, 42.009034910919]}",,,,,,,,,,
16d04c92ce6312b6250a7717a511ab98bd4013317de614fc1164b889be71f0722ca9bbfbe51ab6e4979557f9378e1a6f93fbc1fe9fd1cb91dda71a8ab037d88f,2025-07-28T12:00:00.000,20,NO CONTROLS,NO CONTROLS,UNKNOWN,UNKNOWN,PARKED MOTOR VEHICLE,UNKNOWN,STRAIGHT AND LEVEL,UNKNOWN,NO DEFECTS,NOT ON SCENE (DESK REPORT),NO INJURY / DRIVE AWAY,,"OVER $1,500",2025-07-29T14:50:00.000,UNABLE TO DETERMINE,UNABLE TO DETERMINE,1639,W,78TH ST,611,2,NO INDICATION OF INJURY,0,0,0,0,0,1,0,12,2,7,41.7520456088,-87.6650053788,"{'type': 'Point', 'coordinates': [-87.665005378848, 41.752045608831]}",,,Y,,Y,,,,,