crash_record_id,crash_date,posted_speed_limit,traffic_control_device,device_condition,weather_condition,lighting_condition,first_crash_type,trafficway_type,alignment,roadway_surface_cond,road_defect,report_type,crash_type,intersection_related_i,damage,date_police_notified,prim_contributory_cause,sec_contributory_cause,street_no,street_direction,street_name,beat_of_occurrence,num_units,most_severe_injury,injuries_total,injuries_fatal,injuries_incapacitating,injuries_non_incapacitating,injuries_reported_not_evident,injuries_no_indication,injuries_unknown,crash_hour,crash_day_of_week,crash_month,latitude,longitude,location,private_property_i,photos_taken_i,hit_and_run_i,statements_taken_i,crash_date_est_i,work_zone_i,work_zone_type,dooring_i,lane_cnt,workers_present_i
4857f847e28c13dd44e68818e90a3a2c0cdd18be27f2ba3967e4e4490d572cf6e791a136b68f9b349b43560481540092536b6cf99521be697f62030367d9c03d,2025-07-28T12:00:00.000,30,TRAFFIC SIGNAL,FUNCTIONING PROPERLY,UNKNOWN,UNKNOWN,REAR END,DIVIDED - W/MEDIAN (NOT RAISED),STRAIGHT AND LEVEL,UNKNOWN,UNKNOWN,,NO INJURY / DRIVE AWAY,Y,"OVER $1,500",2025-07-28T13:12:00.000,FOLLOWING TOO CLOSELY,FOLLOWING TOO CLOSELY,1217,S,DAMEN AVE,1233,2,NO INDICATION OF INJURY,0,0,0,0,0,3,0,12,2,7,41.8660547894,-87.6760822152,"{'type': 'Point', 'coordinates': [-87.676082215172, 41.86605478939]}",,,,,,,,,,
4aafce41141f57a908267001f8b529aa46567f9d3c1306d0b8d1643b9982d0ee7df553004b30514a905a404deced51ee6240dc6c668cda997769db5d397ca7fa,2025-07-28T12:00:00.000,30,NO CONTROLS,NO CONTROLS,RAIN,DAYLIGHT,REAR END,NOT DIVIDED,STRAIGHT AND LEVEL,WET,UNKNOWN,ON SCENE,NO INJURY / DRIVE AWAY,,"OVER $1,500",2025-07-28T12:12:00.000,FOLLOWING TOO CLOSELY,UNABLE TO DETERMINE,6852,N,CENTRAL AVE,1621,2,NO INDICATION OF INJURY,0,0,0,0,0,3,0,12,2,7,42.0062413657,-87.7618934796,"{'type': 'Point', 'coordinates': [-87.761893479637, 42.006241365684]}",,Y,,Y,Y,,,,,
ba69b496141dfb6cac3a98e0d1cb78547d6da0605aa19f7d1cc2cfd1a001349323ccd059feab81d991ab9a1143730a8e954ce99d8eba52a3f368208726f75e45,2025-07-28T12:00:00.000,15,NO CONTROLS,NO CONTROLS,CLEAR,DAYLIGHT,SIDESWIPE SAME DIRECTION,PARKING LOT,STRAIGHT AND LEVEL,UNKNOWN,UNKNOWN,NOT ON SCENE (DESK REPORT),NO INJURY / DRIVE AWAY,,"OVER $1,500",2025-08-03T10:20:00.000,FAILING TO YIELD RIGHT-OF-WAY,UNABLE TO DETERMINE,1969,W,OGDEN AVE,1231,2,NO INDICATION OF INJURY,0,0,0,0,0,2,0,12,2,7,41.8732169991,-87.6756751765,"{'type': 'Point', 'coordinates': [-87.67567517654, 41.873216999115]}",,,,,,,,,,
b3eaeed1405281e22e91cf4a4748961e35c70b2f8e2d67c4168e0e9bee4f6c3db1abeb6116f677754e52e9c5c51120a5b9c0a562b562d80059e30fa21ed6e595,2025-07-28T11:55:00.000,15,NO CONTROLS,NO CONTROLS,RAIN,DAYLIGHT,REAR TO SIDE,PARKING LOT,STRAIGHT AND LEVEL,UNKNOWN,UNKNOWN,NOT ON SCENE (DESK REPORT),NO INJURY / DRIVE AWAY,,$500 OR LESS,2025-07-28T12:37:00.000,IMPROPER BACKING,UNABLE TO DETERMINE,4851,N,KEDZIE AVE,1713,2,NO INDICATION OF INJURY,0,0,0,0,0,3,0,11,2,7,41.9699575396,-87.7083728782,"{'type': 'Point', 'coordinates': [-87.708372878221, 41.969957539645]}",,,,,,,,,,
96b97c0bc5d25a3d3ce11d8897578af9cb7a2ae679d7e55d8739dec3e562dd357fdb851f95d6429747d62bf9a70be5bcfa4e1d407ea259186d2bd5b91837d420,2025-07-28T11:50:00.000,30,TRAFFIC SIGNAL,FUNCTIONING PROPERLY,CLEAR,DAYLIGHT,REAR END,NOT DIVIDED,STRAIGHT AND LEVEL,DRY,NO DEFECTS,ON SCENE,INJURY AND / OR TOW DUE TO CRASH,,"OVER $1,500",2025-07-28T11:51:00.000,FOLLOWING TOO CLOSELY,EQUIPMENT - VEHICLE CONDITION,4900,N,CENTRAL AVE,1622,3,NONINCAPACITATING INJURY,1,0,0,1,0,2,0,11,2,7,41.9696333459,-87.7676849348,"{'type': 'Point', 'coordinates': [-87.767684934849, 41.969633345913]}",,,,,,,,,,
953649a12d7ceb8e755d6b07f8af7287c2e9d11fce856745955524cba0cd6a686f3e4f6c93d8db1dd6158cf86a6c1839a92997f05deb53430f73bfaabd203aff,2025-07-28T11:46:00.000,30,STOP SIGN/FLASHER,FUNCTIONING PROPERLY,CLEAR,DAYLIGHT,ANGLE,FOUR WAY,STRAIGHT AND LEVEL,DRY,NO DEFECTS,,INJURY AND / OR TOW DUE TO CRASH,,"OVER $1,500",2025-07-28T11:48:00.000,FAILING TO YIELD RIGHT-OF-WAY,NOT APPLICABLE,1099,E,MARQUETTE RD,321,2,NONINCAPACITATING INJURY,2,0,0,1,1,2,0,11,2,7,41.7749273867,-87.5985683511,"{'type': 'Point', 'coordinates': [-87.598568351056, 41.774927386717]}",,,,,,,,,,
0b2e44d4087f35ae6ed7b86b2589093e22b153ff6c0f85c6edc256c9e7640ab62385e3126567f8e75dcbf5ad598fe843f4e12e5a0ecbba9c6994dabdadf2c266,2025-07-28T11:45:00.000,15,NO CONTROLS,NO CONTROLS,CLEAR,DAYLIGHT,PARKED MOTOR VEHICLE,OTHER,STRAIGHT AND LEVEL,DRY,NO DEFECTS,ON SCENE,NO INJURY / DRIVE AWAY,,$500 OR LESS,2025-07-28T12:00:00.000,IMPROPER TURNING/NO SIGNAL,UNABLE TO DETERMINE,800,N,KEDZIE AVE,1121,2,NO INDICATION OF INJURY,0,0,0,0,0,1,0,11,2,7,41.8956153135,-87.7067053251,"{'type': 'Point', 'coordinates': [-87.706705325106, 41.895615313545]}",,,,,,,,,,
e04a9bebf4a038fceb5f3e3bcd747f8ff42c78d483a1c5912d61e76e36f8445bd3d7e87db9b7f6915d8376d3d52bdce1c5e488e630d1113b68241f7fa030d705,2025-07-28T11:45:00.000,30,NO CONTROLS,NO CONTROLS,CLEAR,DAYLIGHT,PARKED MOTOR VEHICLE,NOT DIVIDED,STRAIGHT AND LEVEL,DRY,NO DEFECTS,ON SCENE,NO INJURY / DRIVE AWAY,,"OVER $1,500",2025-07-28T11:48:00.000,UNABLE TO DETERMINE,UNABLE TO DETERMINE,1256,W,BRYN MAWR AVE,2013,2,NO INDICATION OF INJURY,0,0,0,0,0,1,0,11,2,7,41.9836999121,-87.6622212788,"{'type': 'Point', 'coordinates': [-87.662221278757, 41.98369991207]}",,Y,,,,,,,,
9e9c9e2e02066ced0a5416b984a55271b0574d234a6fa27dc55fa8314a7774967da4b9d36b41e7c19ca155ab41376ca578d20a8f30fbf65acd00779d4ce2140f,2025-07-28T11:40:00.000,30,NO CONTROLS,NO CONTROLS,CLEAR,DAYLIGHT,PARKED MOTOR VEHICLE,PARKING LOT,STRAIGHT AND LEVEL,DRY,NO DEFECTS,NOT ON SCENE (DESK REPORT),NO INJURY / DRIVE AWAY,,"OVER $1,500",2025-07-28T12:10:00.000,IMPROPER BACKING,FAILING TO YIELD RIGHT-OF-WAY,500,W,ROOSEVELT RD,124,2,NO INDICATION OF INJURY,0,0,0,0,0,1,0,11,2,7,41.8673626926,-87.6392931946,"{'type': 'Point', 'coordinates': [-87.639293194642, 41.867362692617]}",Y,,Y,,,,,,,
123b27eca3e5220d90abfadc49afc64740d896bc8e9cea6697310a5d8fc48ffe0c23270ecfd60cd5b310e8c698905d8a5d60cde10559067d0f09e09d143760d0,2025-07-28T11:30:00.000,35,TRAFFIC SIGNAL,FUNCTIONING PROPERLY,CLEAR,DAYLIGHT,TURNING,DIVIDED - W/MEDIAN (NOT RAISED),STRAIGHT ON HILLCREST,DRY,NO DEFECTS,ON SCENE,INJURY AND / OR TOW DUE TO CRASH,Y,"OVER $1,500",2025-07-28T11:35:00.000,FAILING TO YIELD RIGHT-OF-WAY,UNABLE TO DETERMINE,6659,S,CICERO AVE,833,2,NONINCAPACITATING INJURY,1,0,0,1,0,2,0,11,2,7,41.7712226966,-87.7419103875,"{'type': 'Point', 'coordinates': [-87.741910387507, 41.771222696555]}",,,Y,,,,,,,
1a5a626e4d8bf2a0294b1878dca98b4ac6cef261509a32e4311248ead47bcae3a8905794ba4c1c60518c0213cef3953d9f57334bfe234af68c49646eccf28557,2025-07-28T11:30:00.000,20,NO CONTROLS,NO CONTROLS,CLEAR,DAYLIGHT,PARKED MOTOR VEHICLE,NOT DIVIDED,STRAIGHT AND LEVEL,DRY,NO DEFECTS,ON SCENE,NO INJURY / DRIVE AWAY,Y,"OVER $1,500",2025-07-28T11:43:00.000,UNABLE TO DETERMINE,NOT APPLICABLE,5002,N,LONG AVE,1623,3,NO INDICATION OF INJURY,0,0,0,0,0,1,0,11,2,7,41.9717399291,-87.7627654608,"{'type': 'Point', 'coordinates': [-87.762765460762, 41.971739929071]}",,,Y,,,,,,,
bccf22ae21a6d681587bcab94828277aaa5b2a0d902ae107d6133832a31dfc3276f0a5aa206fac0407b0be6eb88e4acafe68d1d51071e2cc27cc384061021c0a,2025-07-28T11:27:00.000,30,UNKNOWN,NO CONTROLS,CLEAR,DAYLIGHT,REAR TO FRONT,NOT DIVIDED,STRAIGHT AND LEVEL,DRY,NO DEFECTS,ON SCENE,INJURY AND / OR TOW DUE TO CRASH,,"OVER $1,500",2025-07-28T11:27:00.000,IMPROPER BACKING,NOT APPLICABLE,2018,W,DIVISION ST,1424,2,"REPORTED, NOT EVIDENT",1,0,0,0,1,1,0,11,2,7,41.903286313,-87.6780656692,"{'type': 'Point', 'coordinates': [-87.67806566923, 41.903286312962]}",,,,,,,,,,
060ce3cdb5749eabb058a0907d5cae5732a34f3ea0b79f3ec2385b87c5f39a3acc4ecedeb327887fe41081edf4247bcf3c6e6d9a4954fa4d8871cba407ee1d44,2025-07-28T11:25:00.000,30,NO CONTROLS,NO CONTROLS,CLEAR,DAYLIGHT,PARKED MOTOR VEHICLE,DIVIDED - W/MEDIAN (NOT RAISED),STRAIGHT AND LEVEL,DRY,NO DEFECTS,ON SCENE,NO INJURY / DRIVE AWAY,,$500 OR LESS,2025-07-28T11:45:00.000,UNABLE TO DETERMINE,UNABLE TO DETERMINE,3029,W,PETERSON AVE,2011,2,NO INDICATION OF INJURY,0,0,0,0,0,1,0,11,2,7,41.9902989145,-87.7054062835,"{'type': 'Point', 'coordinates': [-87.705406283453, 41.990298914471]}",,,,,,,,,,
f1ce1789965a53af8895ea051880f0150bf63cd2098a306a8c34740989a6ba8352506f8507afc4255a008061cc7d3f4c2ece09ed3e4b51cdb2b899dd7fe49b37,2025-07-28T11:20:00.000,30,TRAFFIC SIGNAL,NOT FUNCTIONING,CLEAR,DAYLIGHT,REAR END,DIVIDED - W/MEDIAN (NOT RAISED),STRAIGHT AND LEVEL,DRY,NO DEFECTS,NOT ON SCENE (DESK REPORT),NO INJURY / DRIVE AWAY,,"OVER $1,500",2025-07-29T10:30:00.000,UNABLE TO DETERMINE,NOT APPLICABLE,1158,S,COLUMBUS DR,114,2,NO INDICATION OF INJURY,0,0,0,0,0,2,0,11,2,7,41.8675961893,-87.6205570099,"{'type': 'Point', 'coordinates': [-87.620557009917, 41.867596189297]}",,,,,,,,,,
3547aaaea3637b6fead916363e4f7173e6acaec3a95ea26b10573389e3b6ce0e21053525f402396d193e4a17f1c1231d300bc09851b2472aa3dfadacca449e76,2025-07-28T11:19:00.000,15,NO CONTROLS,NO CONTROLS,CLEAR,DAYLIGHT,ANGLE,ALLEY,STRAIGHT AND LEVEL,DRY,NO DEFECTS,NOT ON SCENE (DESK REPORT),NO INJURY / DRIVE AWAY,,"OVER $1,500",2025-07-28T12:30:00.000,DRIVING SKILLS/KNOWLEDGE/EXPERIENCE,FAILING TO REDUCE SPEED TO AVOID CRASH,4741,W,MC LEAN AVE,2522,2,NO INDICATION OF INJURY,0,0,0,0,0,2,0,11,2,7,41.9177433656,-87.745345266,"{'type': 'Point', 'coordinates': [-87.745345266007, 41.917743365585]}",,,Y,,,,,,,
be56e3145f310c1f90d5f99a1b9a68b5d4cfbbe1b8e6ff22241ab0559a9f20f3dc532daa0ff67b74d62ba0547382369a64c2b4d412137ac0d62f22cb596f1804,2025-07-28T11:15:00.000,30,TRAFFIC SIGNAL,FUNCTIONING PROPERLY,CLEAR,DAYLIGHT,REAR END,NOT DIVIDED,STRAIGHT AND LEVEL,UNKNOWN,UNKNOWN,ON SCENE,INJURY AND / OR TOW DUE TO CRASH,,"OVER $1,500",2025-07-28T11:17:00.000,FOLLOWING TOO CLOSELY,UNABLE TO DETERMINE,3600,N,NARRAGANSETT AVE,1632,2,NO INDICATION OF INJURY,0,0,0,0,0,2,0,11,2,7,41.9457284671,-87.7864403527,"{'type': 'Point', 'coordinates': [-87.786440352729, 41.945728467095]}",,,,,,,,,,
1dfd98851cc6154b0c35deb0e6edde57b460713ae1b9acb8b574055447b605fd2eb9d95681b0a9e7d282d84dcf36ffe9f128f11c3f2f300e54a9da9dc52dee6a,2025-07-28T11:10:00.000,30,NO CONTROLS,NO CONTROLS,CLEAR,DAYLIGHT,ANGLE,NOT DIVIDED,STRAIGHT AND LEVEL,DRY,NO DEFECTS,NOT ON SCENE (DESK REPORT),NO INJURY / DRIVE AWAY,,"OVER $1,500",2025-07-28T11:45:00.000,FAILING TO YIELD RIGHT-OF-WAY,FAILING TO YIELD RIGHT-OF-WAY,6400,S,PULASKI RD,813,2,NO INDICATION OF INJURY,0,0,0,0,0,3,0,11,2,7,41.7767781789,-87.7228587184,"{'type': 'Point', 'coordinates': [-87.722858718441, 41.77677817895]}",,,,,,,,,,
b7a751ad0d08c8b929241f652cd5d17a82d20d901e48473bcf6da4c1019b321b171585904ca4f751a8bee0db010de85f8f064c046a74927bb0a00008fa8763d1,2025-07-28T11:08:00.000,30,TRAFFIC SIGNAL,FUNCTIONING PROPERLY,CLEAR,DAYLIGHT,REAR END,NOT DIVIDED,STRAIGHT AND LEVEL,DRY,NO DEFECTS,ON SCENE,NO INJURY / DRIVE AWAY,Y,"$501 - $1,500",2025-07-28T11:13:00.000,FOLLOWING TOO CLOSELY,UNABLE TO DETERMINE,4801,W,NORTH AVE,2533,2,NO INDICATION OF INJURY,0,0,0,0,0,2,0,11,2,7,41.9095143888,-87.7462399252,"{'type': 'Point', 'coordinates': [-87.746239925209, 41.909514388786]}",,,Y,,,,,,,
426839ad2ed91ea4c4f995106b59eb8f6831ef9246090ffeac323080afe5d435a8be35f34575e1296701da66b6ba6fb74afe3bce22cd184668b0d5e5c878188a,2025-07-28T11:00:00.000,30,NO CONTROLS,NO CONTROLS,CLOUDY/OVERCAST,DAYLIGHT,PARKED MOTOR VEHICLE,NOT DIVIDED,STRAIGHT ON GRADE,DRY,NO DEFECTS,ON SCENE,NO INJURY / DRIVE AWAY,,$500 OR LESS,2025-07-28T11:45:00.000,DRIVING SKILLS/KNOWLEDGE/EXPERIENCE,NOT APPLICABLE,409,N,HOYNE AVE,1221,2,NO INDICATION OF INJURY,0,0,0,0,0,1,0,11,2,7,41.8889786306,-87.679150559,"{'type': 'Point', 'coordinates': [-87.679150559049, 41.8889786306]}",,,,,,,,,,
9ae107378fb2b36421626a8ebcbf50512618957e41129292cf9386ea6da37fd8858e752f066272fabc115aa3ec984715d09f0a160a9950e9b1926ceae56c594a,2025-07-28T11:00:00.000,30,UNKNOWN,UNKNOWN,CLEAR,DAYLIGHT,SIDESWIPE SAME DIRECTION,NOT DIVIDED,STRAIGHT AND LEVEL,DRY,UNKNOWN,NOT ON SCENE (DESK REPORT),NO INJURY / DRIVE AWAY,,"OVER $1,500",2025-07-28T11:30:00.000,NOT APPLICABLE,NOT APPLICABLE,6144,S,COTTAGE GROVE AVE,313,2,NO INDICATION OF INJURY,0,0,0,0,0,3,0,11,2,7,41.782718618,-87.6061241801,"{'type': 'Point', 'coordinates': [-87.606124180114, 41.782718618033]}",,,,,,,,,,
c645321d85e4970617917f5b932e965d301045bb9653901c526b7db68241b26d2a72ab6901fdebd39430c672aa4c283bff71ec1a5a967c9f8389702082e42fd1,2025-07-28T11:00:00.000,30,TRAFFIC SIGNAL,FUNCTIONING PROPERLY,CLEAR,DAYLIGHT,REAR END,DIVIDED - W/MEDIAN (NOT RAISED),STRAIGHT AND LEVEL,DRY,NO DEFECTS,NOT ON SCENE (DESK REPORT),NO INJURY / DRIVE AWAY,,"OVER $1,500",2025-08-03T16:00:00.000,FOLLOWING TOO CLOSELY,FOLLOWING TOO CLOSELY,7100,S,STONY ISLAND AVE,324,2,NO INDICATION OF INJURY,0,0,0,0,0,2,0,11,2,7,41.7659281922,-87.5864700779,"{'type': 'Point', 'coordinates': [-87.586470077922, 41.76592819222]}",,,,,,,,,,
c9b0a9410d83acda5875ba064b0fefe5743e225873fc6725c3aea944e8024f38c38ea60226cf847d2593724faf6b6eeff3e1f20182f514745d9ef8405d3957b8,2025-07-28T11:00:00.000,30,NO CONTROLS,NO CONTROLS,UNKNOWN,DAYLIGHT,ANGLE,NOT DIVIDED,STRAIGHT AND LEVEL,UNKNOWN,UNKNOWN,ON SCENE,NO INJURY / DRIVE AWAY,,"OVER $1,500",2025-07-30T15:20:00.000,UNABLE TO DETERMINE,NOT APPLICABLE,2010,N,DAMEN AVE,1432,2,NO INDICATION OF INJURY,0,0,0,0,0,2,0,11,2,7,41.9181053424,-87.6777805388,"{'type': 'Point', 'coordinates': [-87.677780538786, 41.918105342409]}",,,,,,,,,,
d9625abab3ae71397f4e5a72d84127b631b2c627e914fa8d68f2e5bab99e542fc76cabc97e742dd391806f32b482a2f8ca326329cf247997364dd996c456dafa,2025-07-28T11:00:00.000,30,TRAFFIC SIGNAL,FUNCTIONING PROPERLY,CLEAR,DAYLIGHT,REAR END,FOUR WAY,STRAIGHT AND LEVEL,DRY,UNKNOWN,NOT ON SCENE (DESK REPORT),NO INJURY / DRIVE AWAY,Y,"OVER $1,500",2025-07-29T15:05:00.000,FOLLOWING TOO CLOSELY,FAILING TO REDUCE SPEED TO AVOID CRASH,1200,N,CENTRAL AVE,2531,2,NO INDICATION OF INJURY,0,0,0,0,0,2,0,11,2,7,41.9021883135,-87.765801497,"{'type': 'Point', 'coordinates': [-87.765801496951, 41.902188313458]}",,,Y,,,,,,,
6d7c3511dd1fea66998a072c24fd034457a227e6162ff3090bf95f1be7b0859d4b9ec403323d833a8d0b997b5f7e8df80d56e4d0185a6bc10cf60265ea520dbb,2025-07-28T10:55:00.000,35,TRAFFIC SIGNAL,FUNCTIONING PROPERLY,CLEAR,DAYLIGHT,ANGLE,NOT DIVIDED,STRAIGHT AND LEVEL,DRY,NO DEFECTS,ON SCENE,INJURY AND / OR TOW DUE TO CRASH,Y,"$501 - $1,500",2025-07-28T11:00:00.000,IMPROPER OVERTAKING/PASSING,NOT APPLICABLE,7900,S,YATES BLVD,414,2,NONINCAPACITATING INJURY,1,0,0,1,0,2,0,10,2,7,41.7516362692,-87.5663781214,"{'type': 'Point', 'coordinates': [-87.56637812136, 41.751636269168]}",,,,,,,,,,
7bea8e64422938fa95f394c529fcd312af2eec28dae70c0dbfdf2911351de3703942b5c502f0b7f74f614988e06f533d156ef0e1361df46b5b272682fc4b2cae,2025-07-28T10:45:00.000,30,TRAFFIC SIGNAL,FUNCTIONING PROPERLY,CLEAR,DAYLIGHT,TURNING,UNKNOWN INTERSECTION TYPE,STRAIGHT AND LEVEL,DRY,UNKNOWN,ON SCENE,NO INJURY / DRIVE AWAY,Y,"OVER $1,500",2025-07-28T10:48:00.000,NOT APPLICABLE,NOT APPLICABLE,3200,N,LAKE SHORE DR,1925,2,NO INDICATION OF INJURY,0,0,0,0,0,2,0,10,2,7,41.9409091633,-87.63936916,"{'type': 'Point', 'coordinates': [-87.639369159955, 41.940909163268]}",,,,,,,,,,
0f4be1d2ede2a7de601b0df885d115bf5dc75a596342bc77521124a54dd75366919fee47af908ddcb3447d81bd4928e2468742d0f49559d0283b62fc4d3e8b82,2025-07-28T10:30:00.000,25,NO CONTROLS,OTHER,CLEAR,DAYLIGHT,FIXED OBJECT,PARKING LOT,STRAIGHT ON GRADE,DRY,NO DEFECTS,ON SCENE,INJURY AND / OR TOW DUE TO CRASH,,"OVER $1,500",2025-07-28T10:45:00.000,DRIVING SKILLS/KNOWLEDGE/EXPERIENCE,DRIVING SKILLS/KNOWLEDGE/EXPERIENCE,1030,W,NORTH AVE,1811,1,NO INDICATION OF INJURY,0,0,0,0,0,1,0,10,2,7,41.9109316611,-87.6542326487,"{'type': 'Point', 'coordinates': [-87.654232648726, 41.910931661102]}",,,,,,,,,,
fe9bfec33e3218418f832166417a19a621f58d8698b9e89aeeec43312765f2927174fc58aa38e5cbff92a305f838ddcef7f34fd97aa948f9e26852167ff137cc,2025-07-28T10:30:00.000,30,NO CONTROLS,FUNCTIONING PROPERLY,CLEAR,DAYLIGHT,PARKED MOTOR VEHICLE,NOT DIVIDED,STRAIGHT AND LEVEL,DRY,NO DEFECTS,ON SCENE,NO INJURY / DRIVE AWAY,,$500 OR LESS,2025-07-28T10:34:00.000,IMPROPER OVERTAKING/PASSING,IMPROPER OVERTAKING/PASSING,676,N,ST CLAIR ST,1834,2,NO INDICATION OF INJURY,0,0,0,0,0,1,0,10,2,7,41.8948529614,-87.6229018004,"{'type': 'Point', 'coordinates': [-87.622901800428, 41.89485296136]}",,,,,,,,,,
97315d57b61479906dd294d570cf36aeb4ead799d5fd047dba9e40c54aa4e2d6aa71615d40a19636dd6ee006c78a68737d6cbb509582b7bf4df48752f4064586,2025-07-28T10:25:00.000,30,STOP SIGN/FLASHER,FUNCTIONING PROPERLY,CLEAR,DAYLIGHT,ANGLE,NOT DIVIDED,STRAIGHT AND LEVEL,DRY,NO DEFECTS,ON SCENE,NO INJURY / DRIVE AWAY,Y,"OVER $1,500",2025-07-28T10:40:00.000,FAILING TO YIELD RIGHT-OF-WAY,FAILING TO YIELD RIGHT-OF-WAY,6600,S,PARNELL AVE,722,2,NO INDICATION OF INJURY,0,0,0,0,0,3,0,10,2,7,41.7743236359,-87.6389315721,"{'type': 'Point', 'coordinates': [-87.638931572128, 41.774323635896]}",,,,,,,,,,
cde9f6ed832f45e730e53e4bbae5c5ee29841ec33fad156e9f96476f8f2d612c1d2709d7b5e03f7c9fd2e82dd931db0a45d94d7409b221f64a30f79cfc997d25,2025-07-28T10:20:00.000,30,NO CONTROLS,NO CONTROLS,UNKNOWN,DAYLIGHT,SIDESWIPE SAME DIRECTION,NOT DIVIDED,STRAIGHT AND LEVEL,UNKNOWN,UNKNOWN,NOT ON SCENE (DESK REPORT),NO INJURY / DRIVE AWAY,,"OVER $1,500",2025-07-28T13:30:00.000,UNABLE TO DETERMINE,NOT APPLICABLE,3101,N,LARAMIE AVE,2521,2,NO INDICATION OF INJURY,0,0,0,0,0,2,0,10,2,7,41.9369247105,-87.7564792122,"{'type': 'Point', 'coordinates': [-87.756479212201, 41.936924710468]}",,,,,,,,,,
f4ad670a86fb8a3a00dda2e7fafee3c81775849ce0ad98a6dc093564154cb2302d0e6dfc5a1d3b2cbd83ca2929143552da1e88c33d971e6a46e4e6ca6e06b05c,2025-07-28T10:05:00.000,30,UNKNOWN,UNKNOWN,CLEAR,DAYLIGHT,TURNING,UNKNOWN INTERSECTION TYPE,STRAIGHT AND LEVEL,UNKNOWN,UNKNOWN,,NO INJURY / DRIVE AWAY,,"OVER $1,500",2025-07-28T11:30:00.000,UNABLE TO DETERMINE,UNABLE TO DETERMINE,475,E,HURON ST,1834,2,NO INDICATION OF INJURY,0,0,0,0,0,3,0,10,2,7,41.8949709139,-87.6159778461,"{'type': 'Point', 'coordinates': [-87.615977846096, 41.894970913887]}",,,,,,,,,,
06ed04503b3c313994252fac21b4645ebfcdd8e7bb31c6e3eb51a6e8dc72999e73fdb3094a61e04ab5c3b08459ff1c99cce4274627595ddbe67a332237073839,2025-07-28T10:00:00.000,35,STOP SIGN/FLASHER,FUNCTIONING PROPERLY,CLEAR,DAYLIGHT,PARKED MOTOR VEHICLE,NOT DIVIDED,STRAIGHT AND LEVEL,DRY,NO DEFECTS,ON SCENE,NO INJURY / DRIVE AWAY,,"$501 - $1,500",2025-07-28T19:00:00.000,NOT APPLICABLE,FAILING TO REDUCE SPEED TO AVOID CRASH,5048,S,WOODLAWN AVE,222,2,NO INDICATION OF INJURY,0,0,0,0,0,1,0,10,2,7,41.8027050238,-87.596857449,"{'type': 'Point', 'coordinates': [-87.596857448975, 41.802705023843]}",,,,,,,,,,
2c476a2df7c6078874fb6e4bb742363076d5c0525e217adbdcf898c5d90fb82e0cf01077c9f90d68035c243c0518cdd114df534ba52627b86c821ca99feacd6d,2025-07-28T10:00:00.000,35,TRAFFIC SIGNAL,FUNCTIONING PROPERLY,CLEAR,DAYLIGHT,REAR END,DIVIDED - W/MEDIAN BARRIER,STRAIGHT AND LEVEL,DRY,NO DEFECTS,ON SCENE,NO INJURY / DRIVE AWAY,,$500 OR LESS,2025-07-28T10:07:00.000,FOLLOWING TOO CLOSELY,NOT APPLICABLE,9903,S,WESTERN AVE,2213,2,NO INDICATION OF INJURY,0,0,0,0,0,2,0,10,2,7,41.7135187193,-87.6816912774,"{'type': 'Point', 'coordinates': [-87.68169127736, 41.713518719338]}",,,Y,,,,,,,
7c044c0789eab756f95662292cd04ed518c760f2832c05d35b059edf6b653e9b73efc61c8af437c1c2d83a776077dfac2084fab0455fcdc25e2a08635c1741de,2025-07-28T10:00:00.000,30,TRAFFIC SIGNAL,FUNCTIONING PROPERLY,CLEAR,DAYLIGHT,REAR END,FOUR WAY,STRAIGHT AND LEVEL,DRY,NO DEFECTS,NOT ON SCENE (DESK REPORT),NO INJURY / DRIVE AWAY,Y,"OVER $1,500",2025-07-28T11:15:00.000,FOLLOWING TOO CLOSELY,FOLLOWING TOO CLOSELY,1201,S,HALSTED ST,1232,2,NO INDICATION OF INJURY,0,0,0,0,0,3,0,10,2,7,41.8671275148,-87.6467711256,"{'type': 'Point', 'coordinates': [-87.646771125612, 41.86712751475]}",,,,,,,,,,
b0a86c0829e61ae09a63f2f309cc646d5fb161ec921c974266a0a8657b5b319d6300ecff4bfd298e08d663f9abde5076a938229ef26fa81566c02b3b9f68536a,2025-07-28T10:00:00.000,20,NO CONTROLS,NO CONTROLS,UNKNOWN,UNKNOWN,PARKED MOTOR VEHICLE,ONE-WAY,STRAIGHT AND LEVEL,UNKNOWN,UNKNOWN,ON SCENE,INJURY AND / OR TOW DUE TO CRASH,,"OVER $1,500",2025-07-28T10:00:00.000,UNABLE TO DETERMINE,UNABLE TO DETERMINE,7618,S,CHAMPLAIN AVE,624,2,NO INDICATION OF INJURY,0,0,0,0,0,1,0,10,2,7,41.756089529,-87.6091357764,"{'type': 'Point', 'coordinates': [-87.609135776394, 41.756089529]}",,,Y,,,,,,,
71fc5ffe9b48a7abd80354d583fee0ee3b14c43c75a1ef1fa5966b4ca6b5d494caa6eed0376d6ca0efd275d83ea0e135a4d0a0a2d567d4aa3c08f85043da3f3f,2025-07-28T09:52:00.000,30,NO CONTROLS,NO CONTROLS,CLEAR,DAYLIGHT,OTHER OBJECT,NOT DIVIDED,STRAIGHT AND LEVEL,DRY,NO DEFECTS,ON SCENE,NO INJURY / DRIVE AWAY,,"$501 - $1,500",2025-07-28T09:54:00.000,NOT APPLICABLE,NOT APPLICABLE,1750,W,BELLE PLAINE AVE,1912,2,NO INDICATION OF INJURY,0,0,0,0,0,1,0,9,2,7,41.9561921856,-87.6726729144,"{'type': 'Point', 'coordinates': [-87.672672914427, 41.956192185556]}",,,,,,,,,,