crash_record_id,crash_date,posted_speed_limit,traffic_control_device,device_condition,weather_condition,lighting_condition,first_crash_type,trafficway_type,alignment,roadway_surface_cond,road_defect,report_type,crash_type,intersection_related_i,damage,date_police_notified,prim_contributory_cause,sec_contributory_cause,street_no,street_direction,street_name,beat_of_occurrence,num_units,most_severe_injury,injuries_total,injuries_fatal,injuries_incapacitating,injuries_non_incapacitating,injuries_reported_not_evident,injuries_no_indication,injuries_unknown,crash_hour,crash_day_of_week,crash_month,latitude,longitude,location,private_property_i,photos_taken_i,hit_and_run_i,statements_taken_i,crash_date_est_i,work_zone_i,work_zone_type,dooring_i,lane_cnt,workers_present_i
0a6d860ca16240b0ff08a4df7e93a462305881cc704d23381ab9d63ca3f8c36986ef479e4b879e2080185ac6b72a6f7b99b1aa212d38ecd33b75ab4c52034de5,2025-07-28T09:50:00.000,30,OTHER REG. SIGN,FUNCTIONING PROPERLY,CLEAR,DAYLIGHT,SIDESWIPE SAME DIRECTION,ONE-WAY,STRAIGHT AND LEVEL,DRY,NO DEFECTS,NOT ON SCENE (DESK REPORT),NO INJURY / DRIVE AWAY,,"OVER $1,500",2025-07-29T10:45:00.000,DRIVING SKILLS/KNOWLEDGE/EXPERIENCE,UNABLE TO DETERMINE,101,S,WABASH AVE,112,2,NO INDICATION OF INJURY,0,0,0,0,0,2,0,9,2,7,41.8807277641,-87.6260226349,"{'type': 'Point', 'coordinates': [-87.626022634918, 41.880727764112]}",,,,,,,,,,
edab3d8bdda735fd1b12e51619fd25d03acc54c08646e9b372e675dac136676027304b4e48e3020bcc8ff4a03944328db97c3e10289b6638b3f3577ab9b21c02,2025-07-28T09:50:00.000,25,TRAFFIC SIGNAL,FUNCTIONING PROPERLY,CLEAR,DAYLIGHT,REAR END,FOUR WAY,STRAIGHT AND LEVEL,DRY,NO DEFECTS,NOT ON SCENE (DESK REPORT),NO INJURY / DRIVE AWAY,Y,"OVER $1,500",2025-07-28T14:00:00.000,UNABLE TO DETERMINE,UNABLE TO DETERMINE,1000,W,ROOSEVELT RD,1232,2,NO INDICATION OF INJURY,0,0,0,0,0,2,0,9,2,7,41.867196447,-87.6510882209,"{'type': 'Point', 'coordinates': [-87.651088220891, 41.867196446975]}",,,,,,,,,,
4329f4fee3e91ad004dbe9d08399fae51f3e50a7f08f15db6305483960360ea3a5d81c547ad2fb8a48aa23cbf5fdca08978cd63d0f1bd8753165fa7b7ad0c9eb,2025-07-28T09:49:00.000,30,STOP SIGN/FLASHER,FUNCTIONING PROPERLY,CLEAR,DAYLIGHT,REAR TO SIDE,FOUR WAY,STRAIGHT AND LEVEL,DRY,UNKNOWN,ON SCENE,INJURY AND / OR TOW DUE TO CRASH,Y,"OVER $1,500",2025-07-28T09:50:00.000,DISREGARDING STOP SIGN,NOT APPLICABLE,6600,S,GREEN ST,723,2,NO INDICATION OF INJURY,0,0,0,0,0,2,0,9,2,7,41.7741801431,-87.6460050744,"{'type': 'Point', 'coordinates': [-87.646005074401, 41.774180143066]}",,,,,N,,,,,
20cb43ce2007ae706618df6419f32486bf25a8cf365e8fbe02594bbb3912357461e253732cd15385049039f9d670bcfc6a7d299275b4f62cc2e991f9f3f5a0cf,2025-07-28T09:48:00.000,30,NO CONTROLS,NO CONTROLS,CLEAR,DAYLIGHT,TURNING,OTHER,STRAIGHT AND LEVEL,DRY,UNKNOWN,ON SCENE,INJURY AND / OR TOW DUE TO CRASH,,"OVER $1,500",2025-07-28T09:50:00.000,UNABLE TO DETERMINE,NOT APPLICABLE,1303,W,69TH ST,734,3,"REPORTED, NOT EVIDENT",1,0,0,0,1,1,0,9,2,7,41.768545737,-87.6567801169,"{'type': 'Point', 'coordinates': [-87.656780116869, 41.768545737033]}",,,Y,,,,,,,
7ef929639b119e4c4841cc8450ef1659da47b9d9d0eb367fe42d6d16d2413062541ff3bcc12a9e106bc002b25f352e1241d35161d3d7743deca64feefc20f57e,2025-07-28T09:40:00.000,10,NO CONTROLS,NO CONTROLS,CLEAR,DAYLIGHT,REAR TO REAR,PARKING LOT,STRAIGHT AND LEVEL,DRY,NO DEFECTS,NOT ON SCENE (DESK REPORT),NO INJURY / DRIVE AWAY,,"OVER $1,500",2025-07-28T14:30:00.000,UNABLE TO DETERMINE,UNABLE TO DETERMINE,4324,W,26TH ST,1013,2,NO INDICATION OF INJURY,0,0,0,0,0,2,0,9,2,7,41.8442565314,-87.7321666208,"{'type': 'Point', 'coordinates': [-87.732166620823, 41.844256531363]}",Y,,Y,,,,,,,
157772ade9b186b47f25799ed181c7bd2aa92d8e1e1d34304ded41ef1da4e0307cc3223e9b6be258a9a882081cd4829e9f41b6881f67b469fa98e51ba8ea5d8e,2025-07-28T09:39:00.000,30,TRAFFIC SIGNAL,FUNCTIONING PROPERLY,CLEAR,DAYLIGHT,PEDESTRIAN,FOUR WAY,STRAIGHT AND LEVEL,DRY,NO DEFECTS,ON SCENE,NO INJURY / DRIVE AWAY,Y,$500 OR LESS,2025-07-28T09:49:00.000,UNABLE TO DETERMINE,UNABLE TO DETERMINE,759,W,95TH ST,2223,2,NO INDICATION OF INJURY,0,0,0,0,0,2,0,9,2,7,41.7213482825,-87.6431495393,"{'type': 'Point', 'coordinates': [-87.643149539329, 41.721348282519]}",,,,,,,,,,
154c9fed53982c6db5f4c50347b37e236d9e450f8acb9dc6fa6bdc33cdb234ea19a12ef983791f125594dac031464d8c3d6d82f031ebd4164c7fc6ac96379245,2025-07-28T09:30:00.000,30,PEDESTRIAN CROSSING SIGN,FUNCTIONING PROPERLY,CLEAR,DAYLIGHT,REAR END,DIVIDED - W/MEDIAN (NOT RAISED),STRAIGHT AND LEVEL,DRY,NO DEFECTS,NOT ON SCENE (DESK REPORT),NO INJURY / DRIVE AWAY,,"OVER $1,500",2025-07-28T10:00:00.000,FOLLOWING TOO CLOSELY,UNABLE TO DETERMINE,2630,W,LAWRENCE AVE,2031,2,NO INDICATION OF INJURY,0,0,0,0,0,2,0,9,2,7,41.9686707129,-87.6950841913,"{'type': 'Point', 'coordinates': [-87.695084191272, 41.968670712883]}",,,,,,,,,,
931fcdd0f8e95051401affb1531fc814166bafd19f07e9812792af9b1ad227faaee70daca81f50cbb7b19c1afd9a4c8d2f8c05b3ddbf09fe6341dce3d7c2a608,2025-07-28T09:30:00.000,25,NO CONTROLS,NO CONTROLS,UNKNOWN,UNKNOWN,PARKED MOTOR VEHICLE,ONE-WAY,STRAIGHT AND LEVEL,UNKNOWN,UNKNOWN,NOT ON SCENE (DESK REPORT),NO INJURY / DRIVE AWAY,,$500 OR LESS,2025-07-31T09:55:00.000,UNABLE TO DETERMINE,UNABLE TO DETERMINE,5133,W,SCHUBERT AVE,2521,2,NO INDICATION OF INJURY,0,0,0,0,0,1,0,9,2,7,41.9294943187,-87.7552335717,"{'type': 'Point', 'coordinates': [-87.755233571654, 41.929494318748]}",,,Y,,Y,,,,,
82429b973534a6f5ca7ca53fcc46612f255400af42c44bd464a45fd4b080c9f3e142e82b75a4a459110baed6ae8449e8d9ea869b3cb9c9ca88fa5a4c3f393cd2,2025-07-28T09:17:00.000,45,OTHER REG. SIGN,FUNCTIONING PROPERLY,CLEAR,DAYLIGHT,FIXED OBJECT,DIVIDED - W/MEDIAN BARRIER,STRAIGHT AND LEVEL,DRY,OTHER,ON SCENE,INJURY AND / OR TOW DUE TO CRASH,,"OVER $1,500",2025-07-28T09:18:00.000,DRIVING SKILLS/KNOWLEDGE/EXPERIENCE,UNABLE TO DETERMINE,6800,S,CHICAGO SKYWAY IB,322,2,NO INDICATION OF INJURY,0,0,0,0,0,4,0,9,2,7,41.7708218124,-87.6154053791,"{'type': 'Point', 'coordinates': [-87.6154053791, 41.770821812437]}",,,,,,,,,,
9735b5cc9b676d1722810513f8e2c44fe1e93346280b695330af73d9b4ebe9fd3872611428c5e86217a0021cd7173ef8fbc57414184f020808ec8d1dc9f5353e,2025-07-28T09:05:00.000,30,NO CONTROLS,NO CONTROLS,UNKNOWN,UNKNOWN,PARKED MOTOR VEHICLE,DIVIDED - W/MEDIAN (NOT RAISED),STRAIGHT AND LEVEL,UNKNOWN,UNKNOWN,NOT ON SCENE (DESK REPORT),NO INJURY / DRIVE AWAY,,"OVER $1,500",2025-08-04T13:30:00.000,DRIVING SKILLS/KNOWLEDGE/EXPERIENCE,NOT APPLICABLE,51,E,14TH ST,131,2,NO INDICATION OF INJURY,0,0,0,0,0,2,0,9,2,7,41.8639617994,-87.6253987513,"{'type': 'Point', 'coordinates': [-87.625398751263, 41.863961799386]}",,,,,,,,,,
db9ddf9944fa3a00606b918d455d64947aeeca49e02a2295005743e7b1b7f373e2fc6638231138d3d4373c57c344a3ce26497d5b7666a5d2b0733f5cb02929ab,2025-07-28T09:05:00.000,30,NO CONTROLS,NO CONTROLS,CLEAR,DAYLIGHT,REAR END,DIVIDED - W/MEDIAN (NOT RAISED),STRAIGHT AND LEVEL,DRY,NO DEFECTS,ON SCENE,INJURY AND / OR TOW DUE TO CRASH,,"OVER $1,500",2025-07-28T09:10:00.000,FOLLOWING TOO CLOSELY,UNABLE TO DETERMINE,1254,W,IRVING PARK RD,1915,4,NO INDICATION OF INJURY,0,0,0,0,0,6,0,9,2,7,41.9544997461,-87.6615580838,"{'type': 'Point', 'coordinates': [-87.66155808383, 41.954499746123]}",,,,,,,,,,
127d3dfbf5e606d668aa373633c20f308147b5e6e2f1a13f856f0699b3d1a664219cdd224866c42a5a5de05f87e78e160f07960f33ac2171a224e4e82c2494c5,2025-07-28T09:00:00.000,30,UNKNOWN,UNKNOWN,UNKNOWN,UNKNOWN,PARKED MOTOR VEHICLE,NOT DIVIDED,STRAIGHT AND LEVEL,UNKNOWN,UNKNOWN,NOT ON SCENE (DESK REPORT),NO INJURY / DRIVE AWAY,,"$501 - $1,500",2025-07-28T11:00:00.000,UNABLE TO DETERMINE,NOT APPLICABLE,5963,S,ST LOUIS AVE,822,2,NO INDICATION OF INJURY,0,0,0,0,0,1,0,9,2,7,41.7843625015,-87.7104307926,"{'type': 'Point', 'coordinates': [-87.710430792638, 41.784362501524]}",,,Y,,Y,,,,,
3e21b97df217244a6a1189fb9beb16d0e639caba4822d236673f6fbbe45918cf67c335fdf80121a232d3e7756acc7f3b6c481e6d35e2093bab92eb9c840fe1bb,2025-07-28T09:00:00.000,30,UNKNOWN,UNKNOWN,CLEAR,DAYLIGHT,SIDESWIPE SAME DIRECTION,DIVIDED - W/MEDIAN (NOT RAISED),STRAIGHT AND LEVEL,DRY,UNKNOWN,NOT ON SCENE (DESK REPORT),NO INJURY / DRIVE AWAY,,"OVER $1,500",2025-07-28T09:45:00.000,UNABLE TO DETERMINE,UNABLE TO DETERMINE,5700,S,ASHLAND AVE,715,2,NO INDICATION OF INJURY,0,0,0,0,0,2,0,9,2,7,41.7902949705,-87.6646350014,"{'type': 'Point', 'coordinates': [-87.664635001437, 41.790294970459]}",,,Y,,,,,,,
c2ed3d90b5f3b4f5a63ce29bf1054710728158c22243c205b39db8c1f2717b83bdf16dde167ec35b8eb65204100c21000cf798af9ab4b1acb867e389e01a2c24,2025-07-28T09:00:00.000,30,UNKNOWN,UNKNOWN,CLEAR,DAYLIGHT,ANGLE,NOT DIVIDED,STRAIGHT AND LEVEL,DRY,UNKNOWN,NOT ON SCENE (DESK REPORT),NO INJURY / DRIVE AWAY,,$500 OR LESS,2025-07-28T09:45:00.000,NOT APPLICABLE,NOT APPLICABLE,6558,S,RHODES AVE,321,2,NO INDICATION OF INJURY,0,0,0,0,0,2,0,9,2,7,41.7749412583,-87.6120477963,"{'type': 'Point', 'coordinates': [-87.612047796271, 41.774941258338]}",,,,,,,,,,
dfd21d78667c284c4f9b413f2a44cdea0b239023c20df7805f34938c607aa6ae814bf50638630849d4a1ac639695a24e4a9a83f6aa8049b810b2919d660c1fdc,2025-07-28T09:00:00.000,20,STOP SIGN/FLASHER,FUNCTIONING PROPERLY,CLEAR,DAYLIGHT,TURNING,FOUR WAY,STRAIGHT AND LEVEL,DRY,UNKNOWN,NOT ON SCENE (DESK REPORT),NO INJURY / DRIVE AWAY,Y,"OVER $1,500",2025-07-28T09:30:00.000,UNABLE TO DETERMINE,UNABLE TO DETERMINE,1740,W,TAYLOR ST,1231,2,NO INDICATION OF INJURY,0,0,0,0,0,2,0,9,2,7,41.8693109071,-87.6705986821,"{'type': 'Point', 'coordinates': [-87.670598682097, 41.869310907082]}",,,Y,,,,,,,
e0cb12c0a45ea165b8b01da78a8a1f85c7f8ac13e02bff200b2e14c4acec9a7a4bd730c670c468f6bdb0642ab1aad206097c525c78efceb559249517c070d73c,2025-07-28T09:00:00.000,30,TRAFFIC SIGNAL,FUNCTIONING PROPERLY,CLEAR,DAYLIGHT,FIXED OBJECT,NOT DIVIDED,STRAIGHT AND LEVEL,DRY,UNKNOWN,ON SCENE,NO INJURY / DRIVE AWAY,Y,"OVER $1,500",2025-07-28T12:48:00.000,NOT APPLICABLE,NOT APPLICABLE,3800,W,LAKE ST,1122,1,NO INDICATION OF INJURY,0,0,0,0,0,1,0,9,2,7,41.8853182356,-87.7209868523,"{'type': 'Point', 'coordinates': [-87.720986852264, 41.885318235642]}",,,,,,,,,,
36b2bda481cedd77269eb97536a3834278295fd1edf76afb7049be47f9ac9c441b5950f42c80000564ea5da0fb102b5c08a9a899996dfad86e3f4e66e52a0c3d,2025-07-28T08:50:00.000,30,TRAFFIC SIGNAL,FUNCTIONING PROPERLY,CLEAR,DAYLIGHT,ANGLE,NOT DIVIDED,STRAIGHT AND LEVEL,DRY,NO DEFECTS,ON SCENE,NO INJURY / DRIVE AWAY,,"OVER $1,500",2025-07-28T08:58:00.000,DISREGARDING TRAFFIC SIGNALS,UNABLE TO DETERMINE,6900,S,STONY ISLAND AVE,332,2,NO INDICATION OF INJURY,0,0,0,0,0,2,0,8,2,7,41.7696498146,-87.5863831101,"{'type': 'Point', 'coordinates': [-87.586383110145, 41.769649814616]}",,,,,,,,,,
1a8fd6d0f2b8dd86985d9a613b0979f9adfb75f4d47f0df796defeb294d4a0794158c328f562b2d57e1f40aa68dba92debcc8b56cfbb8b2cde0c888af1ad087f,2025-07-28T08:48:00.000,30,NO CONTROLS,NO CONTROLS,CLOUDY/OVERCAST,DAYLIGHT,SIDESWIPE SAME DIRECTION,NOT DIVIDED,STRAIGHT AND LEVEL,WET,"RUT, HOLES",ON SCENE,NO INJURY / DRIVE AWAY,,"$501 - $1,500",2025-07-28T08:48:00.000,IMPROPER OVERTAKING/PASSING,FAILING TO YIELD RIGHT-OF-WAY,2416,S,PULASKI RD,1013,2,NO INDICATION OF INJURY,0,0,0,0,0,2,0,8,2,7,41.8473142453,-87.7247881029,"{'type': 'Point', 'coordinates': [-87.724788102913, 41.847314245326]}",,Y,,Y,,,,,,
3e796ac79ad6ec172bf7dd9fae5b2931d07a37a0f47d6ff5a84b3c0cc71880425be40e2f65eefa8102d70327105f132c27f0db3f8adace634d9a9c42d07ca656,2025-07-28T08:35:00.000,30,STOP SIGN/FLASHER,FUNCTIONING PROPERLY,RAIN,DAYLIGHT,ANGLE,T-INTERSECTION,STRAIGHT AND LEVEL,WET,NO DEFECTS,ON SCENE,INJURY AND / OR TOW DUE TO CRASH,Y,"OVER $1,500",2025-07-28T08:40:00.000,FAILING TO YIELD RIGHT-OF-WAY,UNABLE TO DETERMINE,5600,S,INDIANA AVE,231,2,"REPORTED, NOT EVIDENT",1,0,0,0,1,1,0,8,2,7,41.7928307341,-87.6209453941,"{'type': 'Point', 'coordinates': [-87.620945394098, 41.792830734133]}",,,,Y,,,,,,
0833881d8e1386e29de251b6d5eec2bad8b9cfb7b441f284319581879e095c181d8a95d2448ac9e9a46f9a6d59be8fafa2533812182b0edacd8c991e62032d16,2025-07-28T08:30:00.000,30,NO CONTROLS,NO CONTROLS,CLEAR,DAYLIGHT,ANGLE,ONE-WAY,STRAIGHT AND LEVEL,DRY,NO DEFECTS,NOT ON SCENE (DESK REPORT),NO INJURY / DRIVE AWAY,,"OVER $1,500",2025-07-28T11:20:00.000,UNABLE TO DETERMINE,UNABLE TO DETERMINE,2851,W,ROSEMONT AVE,2413,2,NO INDICATION OF INJURY,0,0,0,0,0,2,0,8,2,7,41.9956321632,-87.7016040977,"{'type': 'Point', 'coordinates': [-87.70160409768, 41.995632163244]}",,,,,,,,,,
81281f092059acd81a1662f5d8a93150012fb8ac90af79b77fd4b1515c2bca0329c102f4caadfebc10fd634b7f79c47db5a32c4ca917ddef84f94109e9477565,2025-07-28T08:20:00.000,25,OTHER,NO CONTROLS,CLEAR,DAYLIGHT,FIXED OBJECT,ALLEY,STRAIGHT AND LEVEL,DRY,NO DEFECTS,ON SCENE,INJURY AND / OR TOW DUE TO CRASH,N,"OVER $1,500",2025-07-28T08:21:00.000,UNABLE TO DETERMINE,UNABLE TO DETERMINE,419,E,42ND ST,214,1,NO INDICATION OF INJURY,0,0,0,0,0,1,0,8,2,7,41.8183408016,-87.6157668072,"{'type': 'Point', 'coordinates': [-87.615766807204, 41.818340801615]}",,,,,,,,N,,
1bc3d6af51db31f34f63d48899cace588a017331ff3a1d0fc36be6f70053f8887da59746af6c0fd6999bf18825b1df46531f4e94588bc9ffd93b7937c5218f9f,2025-07-28T08:15:00.000,30,TRAFFIC SIGNAL,FUNCTIONING PROPERLY,CLEAR,DAYLIGHT,TURNING,NOT REPORTED,CURVE ON GRADE,DRY,NO DEFECTS,ON SCENE,NO INJURY / DRIVE AWAY,Y,"OVER $1,500",2025-07-28T08:19:00.000,IMPROPER OVERTAKING/PASSING,IMPROPER OVERTAKING/PASSING,6400,N,MILWAUKEE AVE,1611,2,NO INDICATION OF INJURY,0,0,0,0,0,2,0,8,2,7,41.9973821735,-87.7880776739,"{'type': 'Point', 'coordinates': [-87.78807767392, 41.997382173454]}",,,,,,,,,,
28f79ff6c2f136d22fb47703d6207bc6287787544d0ea6fd4c8ef355a60cbd9c84335d5813a0651b92caf9323e7e388806faaecf6702dc1558c88baff07a417c,2025-07-28T08:04:00.000,15,NO CONTROLS,NO CONTROLS,CLOUDY/OVERCAST,DAYLIGHT,OTHER OBJECT,PARKING LOT,STRAIGHT AND LEVEL,DRY,NO DEFECTS,ON SCENE,NO INJURY / DRIVE AWAY,,"OVER $1,500",2025-07-28T08:11:00.000,DISTRACTION - FROM INSIDE VEHICLE,NOT APPLICABLE,8560,S,COTTAGE GROVE AVE,632,1,NO INDICATION OF INJURY,0,0,0,0,0,1,0,8,2,7,41.7385509287,-87.6050236052,"{'type': 'Point', 'coordinates': [-87.605023605204, 41.738550928713]}",Y,,,,,,,,,
4b7861150463ca691795e5c547400adb2d4132231a676ebf1a2b01cf360d85eb08a3e835e587358beba69e78c03769c0f4e04c4c98a03bca83bacaf06b2d5ba3,2025-07-28T08:00:00.000,30,NO CONTROLS,NO CONTROLS,UNKNOWN,UNKNOWN,PARKED MOTOR VEHICLE,NOT DIVIDED,STRAIGHT AND LEVEL,UNKNOWN,UNKNOWN,NOT ON SCENE (DESK REPORT),NO INJURY / DRIVE AWAY,,"OVER $1,500",2025-07-28T17:00:00.000,UNABLE TO DETERMINE,UNABLE TO DETERMINE,4047,W,69TH ST,833,2,NO INDICATION OF INJURY,0,0,0,0,0,1,0,8,2,7,41.7676006802,-87.7243535608,"{'type': 'Point', 'coordinates': [-87.724353560835, 41.767600680175]}",,,Y,,,,,,,
777a2e2e2eaf9d5b90840b1920a1106a73a1089317b7b561fe065e79090011ddd61abae8c827c2f86e85b6e6e5ee5e4c021c4dc8fffaf1a8b3b0a50ac5049e47,2025-07-28T08:00:00.000,30,TRAFFIC SIGNAL,FUNCTIONING PROPERLY,CLEAR,DAYLIGHT,REAR END,FOUR WAY,STRAIGHT AND LEVEL,DRY,NO DEFECTS,NOT ON SCENE (DESK REPORT),NO INJURY / DRIVE AWAY,Y,"OVER $1,500",2025-07-28T08:50:00.000,UNABLE TO DETERMINE,NOT APPLICABLE,3752,W,CERMAK RD,1014,3,NO INDICATION OF INJURY,0,0,0,0,0,3,0,8,2,7,41.8517212814,-87.7195399386,"{'type': 'Point', 'coordinates': [-87.719539938595, 41.851721281437]}",,,Y,,,,,,,
04b992ea884c996ce06d6fd8736b46bfd165c8c1760e3e9d7daad67f9e9236f0495f809dae8d4a4655f22827bd3ed8585dfb62c5e54ea6bac198d369887019f7,2025-07-28T07:55:00.000,30,NO CONTROLS,NO CONTROLS,RAIN,DAYLIGHT,SIDESWIPE OPPOSITE DIRECTION,NOT DIVIDED,STRAIGHT AND LEVEL,WET,NO DEFECTS,ON SCENE,INJURY AND / OR TOW DUE TO CRASH,,"OVER $1,500",2025-07-28T07:56:00.000,WEATHER,UNABLE TO DETERMINE,1620,W,31ST ST,912,2,NO INDICATION OF INJURY,0,0,0,0,0,2,0,7,2,7,41.8385219682,-87.6667103273,"{'type': 'Point', 'coordinates': [-87.666710327277, 41.838521968217]}",,,,,,,,,,
05373f85134c3c1e5fc99a4dd309199ca625c1b4c4dfb977e5e50d5bba65de2de5db9dabb177934b0fa6c9618dcf31059c5e42d83b133c1afd234d8c6a2bee8f,2025-07-28T07:47:00.000,30,TRAFFIC SIGNAL,FUNCTIONING PROPERLY,RAIN,DAYLIGHT,REAR END,NOT DIVIDED,STRAIGHT AND LEVEL,WET,UNKNOWN,NOT ON SCENE (DESK REPORT),NO INJURY / DRIVE AWAY,Y,"OVER $1,500",2025-07-28T08:30:00.000,FOLLOWING TOO CLOSELY,UNABLE TO DETERMINE,1550,E,53RD ST,234,2,NO INDICATION OF INJURY,0,0,0,0,0,2,0,7,2,7,41.7996745008,-87.5871710837,"{'type': 'Point', 'coordinates': [-87.58717108366, 41.799674500808]}",,,,,,,,,,
40a6d46da7e470918a6ddd97dca818dc24026e6c9d18e3bb321ed88a63e6fde26923d61b4465459c64af12fcc07f32cdd9ba07f6a4c20e49d4a416c31b16fd76,2025-07-28T07:30:00.000,30,NO CONTROLS,NO CONTROLS,CLEAR,DUSK,PARKED MOTOR VEHICLE,PARKING LOT,STRAIGHT AND LEVEL,DRY,NO DEFECTS,,NO INJURY / DRIVE AWAY,,"OVER $1,500",2025-07-28T09:08:00.000,UNABLE TO DETERMINE,DRIVING SKILLS/KNOWLEDGE/EXPERIENCE,3350,N,WESTERN AVE,1921,2,NO INDICATION OF INJURY,0,0,0,0,0,1,0,7,2,7,41.9427471952,-87.6883543215,"{'type': 'Point', 'coordinates': [-87.688354321496, 41.942747195164]}",,,Y,,,,,,,
72faec7c2bae3c8c42ccbcafffeb21775ae8a18d9190f16bcbad7fd204b70f337e3856a06971376bb3a69d8d5c10f05fc5d219e19377bc977dca99ff6a121bb1,2025-07-28T07:20:00.000,35,TRAFFIC SIGNAL,FUNCTIONING PROPERLY,RAIN,DAYLIGHT,SIDESWIPE SAME DIRECTION,DIVIDED - W/MEDIAN BARRIER,STRAIGHT AND LEVEL,WET,NO DEFECTS,ON SCENE,NO INJURY / DRIVE AWAY,,"OVER $1,500",2025-07-28T07:30:00.000,UNABLE TO DETERMINE,NOT APPLICABLE,5511,S,HARLEM AVE,811,2,NO INDICATION OF INJURY,0,0,0,0,0,2,0,7,2,7,41.7915512909,-87.8013656709,"{'type': 'Point', 'coordinates': [-87.801365670911, 41.791551290879]}",,,,,,,,,,
f69d51412eaf1ec35c8ba36645e86b8c9d8c05e498f7b2420da8800258339cb28fbb2e6773496055c38851e0e748889d8a429b93b3f0ba586191154e2d484107,2025-07-28T07:20:00.000,35,NO CONTROLS,NO CONTROLS,CLEAR,DUSK,PARKED MOTOR VEHICLE,NOT DIVIDED,STRAIGHT AND LEVEL,DRY,NO DEFECTS,NOT ON SCENE (DESK REPORT),NO INJURY / DRIVE AWAY,,"$501 - $1,500",2025-07-29T17:40:00.000,UNABLE TO DETERMINE,NOT APPLICABLE,3027,N,ALLEN AVE,1412,2,NO INDICATION OF INJURY,0,0,0,0,0,1,0,7,2,7,41.9359228462,-87.7129665144,"{'type': 'Point', 'coordinates': [-87.712966514392, 41.93592284623]}",,,Y,,,,,,,
e34935370a17e700509ea720df66ddf77da00f3e2ab92e2f7100322fc07323f819b366ba099b8ecf84cbfe37a428e098b19cb2cc34091a7a26968fab9f4f2c4e,2025-07-28T07:15:00.000,30,TRAFFIC SIGNAL,FUNCTIONING PROPERLY,CLEAR,DAYLIGHT,TURNING,T-INTERSECTION,STRAIGHT AND LEVEL,DRY,NO DEFECTS,NOT ON SCENE (DESK REPORT),INJURY AND / OR TOW DUE TO CRASH,Y,"OVER $1,500",2025-07-29T17:30:00.000,FAILING TO YIELD RIGHT-OF-WAY,UNABLE TO DETERMINE,4400,W,FOSTER AVE,1712,2,NO INDICATION OF INJURY,0,0,0,0,0,2,0,7,2,7,41.9755376067,-87.7381686488,"{'type': 'Point', 'coordinates': [-87.738168648844, 41.975537606657]}",,,Y,,,,,,,
c13ad13771931f07f5633864b06b3e88effdf0470d3856071fa8b8bdee31b869cb6db0e78d6591da810e7f01739adf3f42df058761b2d16ca3099c8b5b390771,2025-07-28T07:02:00.000,20,TRAFFIC SIGNAL,FUNCTIONING PROPERLY,CLOUDY/OVERCAST,DAYLIGHT,FIXED OBJECT,ONE-WAY,"CURVE, LEVEL",DRY,NO DEFECTS,ON SCENE,INJURY AND / OR TOW DUE TO CRASH,,"OVER $1,500",2025-07-28T07:08:00.000,DRIVING ON WRONG SIDE/WRONG WAY,DRIVING ON WRONG SIDE/WRONG WAY,1020,W,SHERIDAN RD,2432,1,NO INDICATION OF INJURY,0,0,0,0,0,2,0,7,2,7,41.9983353693,-87.6572101254,"{'type': 'Point', 'coordinates': [-87.657210125387, 41.998335369336]}",,,,,,,,,,
b73375a8527e7b9742cb908869c424193f8990db4d0d6064737cbb0108335edd417663a9b2380ba67414d58740069c01e232d9cff9287aef1f36f7debcb869a8,2025-07-28T06:58:00.000,30,NO CONTROLS,NO CONTROLS,CLOUDY/OVERCAST,DAYLIGHT,PARKED MOTOR VEHICLE,PARKING LOT,STRAIGHT AND LEVEL,DRY,NO DEFECTS,ON SCENE,INJURY AND / OR TOW DUE TO CRASH,,"OVER $1,500",2025-07-28T07:01:00.000,"OPERATING VEHICLE IN ERRATIC, RECKLESS, CARELESS, NEGLIGENT OR AGGRESSIVE MANNER",UNABLE TO DETERMINE,1240,N,HOMAN AVE,1422,2,NO INDICATION OF INJURY,0,0,0,0,0,1,0,6,2,7,41.9039966116,-87.7118609566,"{'type': 'Point', 'coordinates': [-87.711860956634, 41.903996611626]}",N,,,,,,,,,
fbca91105c0b84531de2fd10c5a17a199857113bf77425eba857187f8df8438c97250b8ccc7ab09e19112ac5b1f97c24ce09512dbdf863afeb2e02b0c3c53aaa,2025-07-28T06:52:00.000,25,NO CONTROLS,NO CONTROLS,CLEAR,DAWN,PARKED MOTOR VEHICLE,NOT DIVIDED,STRAIGHT AND LEVEL,DRY,NO DEFECTS,ON SCENE,NO INJURY / DRIVE AWAY,,"OVER $1,500",2025-07-28T07:23:00.000,UNABLE TO DETERMINE,UNABLE TO DETERMINE,5383,N,BOWMANVILLE AVE,2012,3,NO INDICATION OF INJURY,0,0,0,0,0,1,0,6,2,7,41.9790885814,-87.68507235,"{'type': 'Point', 'coordinates': [-87.685072350033, 41.979088581361]}",,,,,,,,,,
26a3acc06850637b5a86e085ea4b0fae2a9baccb0c2a43514365f9c01fd867b1fc885cb4c71ff781801ffedfe041a57ea5dfe095ac117c3224909290d841cc2b,2025-07-28T06:34:00.000,30,UNKNOWN,UNKNOWN,CLEAR,DAYLIGHT,ANGLE,NOT DIVIDED,STRAIGHT AND LEVEL,DRY,UNKNOWN,NOT ON SCENE (DESK REPORT),NO INJURY / DRIVE AWAY,,"OVER $1,500",2025-07-28T07:10:00.000,NOT APPLICABLE,NOT APPLICABLE,5537,S,EVERETT AVE,235,2,NO INDICATION OF INJURY,0,0,0,0,0,2,0,6,2,7,41.7941469407,-87.5823653603,"{'type': 'Point', 'coordinates': [-87.582365360259, 41.794146940672]}",,,,,,,,,,