crash_record_id,crash_date,posted_speed_limit,traffic_control_device,device_condition,weather_condition,lighting_condition,first_crash_type,trafficway_type,alignment,roadway_surface_cond,road_defect,report_type,crash_type,intersection_related_i,damage,date_police_notified,prim_contributory_cause,sec_contributory_cause,street_no,street_direction,street_name,beat_of_occurrence,num_units,most_severe_injury,injuries_total,injuries_fatal,injuries_incapacitating,injuries_non_incapacitating,injuries_reported_not_evident,injuries_no_indication,injuries_unknown,crash_hour,crash_day_of_week,crash_month,latitude,longitude,location,private_property_i,photos_taken_i,hit_and_run_i,statements_taken_i,crash_date_est_i,work_zone_i,work_zone_type,dooring_i,lane_cnt,workers_present_i
231e9b99a2815be67e78f6a0022831fc49a96692c8be7a3d5112862fac968f74fb8239e661a13fbd16b296cfb1465e405c559c3e6e1f9f0cd3952e280155ed7b,2025-07-28T06:30:00.000,30,NO CONTROLS,NO CONTROLS,CLOUDY/OVERCAST,DAYLIGHT,TURNING,NOT DIVIDED,STRAIGHT AND LEVEL,DRY,NO DEFECTS,NOT ON SCENE (DESK REPORT),NO INJURY / DRIVE AWAY,,"OVER $1,500",2025-07-28T07:30:00.000,UNABLE TO DETERMINE,UNABLE TO DETERMINE,845,W,IRVING PARK RD,1923,2,NO INDICATION OF INJURY,0,0,0,0,0,2,0,6,2,7,41.9544225677,-87.6514833063,"{'type': 'Point', 'coordinates': [-87.6514833063, 41.954422567739]}",,,,,,,,,,
9e234038c18c4a7ae8f5b35c6e31105cb20e6351359cd396f6f6b171f4773676cda812a35e5811f6a0e74ba5f7334f9f9b1310a87390772e8e7d18a591977df6,2025-07-28T06:26:00.000,20,NO CONTROLS,NO CONTROLS,CLEAR,DAYLIGHT,FIXED OBJECT,NOT DIVIDED,STRAIGHT AND LEVEL,DRY,NO DEFECTS,ON SCENE,NO INJURY / DRIVE AWAY,,"$501 - $1,500",2025-07-28T06:40:00.000,NOT APPLICABLE,NOT APPLICABLE,2198,W,LE MOYNE ST,1424,2,NO INDICATION OF INJURY,0,0,0,0,0,1,0,6,2,7,41.9082827897,-87.6821661558,"{'type': 'Point', 'coordinates': [-87.682166155788, 41.908282789723]}",,,,,,,,,,
2c0f042309f0fdfb40f23c2eaf771d263eff7f9342bbe3459a1478ca56f40d5b4f5fe575a755c8eba920aec5633285ed0c1bc3f3e42b3ff40015fbec527b792f,2025-07-28T06:20:00.000,30,NO CONTROLS,NO CONTROLS,CLOUDY/OVERCAST,DAWN,ANGLE,ONE-WAY,STRAIGHT AND LEVEL,UNKNOWN,UNKNOWN,NOT ON SCENE (DESK REPORT),NO INJURY / DRIVE AWAY,,"OVER $1,500",2025-07-28T16:45:00.000,NOT APPLICABLE,NOT APPLICABLE,2636,N,LAMON AVE,2521,2,NO INDICATION OF INJURY,0,0,0,0,0,2,0,6,2,7,41.9290003492,-87.7491082044,"{'type': 'Point', 'coordinates': [-87.749108204415, 41.929000349163]}",,,,,,,,,,
de286311806cfc212f1f5ab7238f116196571a51537bfd66771eb406da94f0afbad9cc330675e34019b2f0bd1d75481d7eeb1bcedded5f3e3be52eb48f8c2de1,2025-07-28T05:58:00.000,30,NO CONTROLS,NO CONTROLS,RAIN,DAWN,PARKED MOTOR VEHICLE,NOT DIVIDED,STRAIGHT AND LEVEL,WET,NO DEFECTS,ON SCENE,INJURY AND / OR TOW DUE TO CRASH,,"OVER $1,500",2025-07-28T05:58:00.000,UNDER THE INFLUENCE OF ALCOHOL/DRUGS (USE WHEN ARREST IS EFFECTED),UNDER THE INFLUENCE OF ALCOHOL/DRUGS (USE WHEN ARREST IS EFFECTED),6218,W,DIVERSEY AVE,2511,3,NO INDICATION OF INJURY,0,0,0,0,0,1,0,5,2,7,41.9311685967,-87.7815948335,"{'type': 'Point', 'coordinates': [-87.781594833535, 41.931168596741]}",,,,,,,,,,
df6cf88f4e40b9102b0f02e40bc804ed73333fdf47ca826c7c4d35902e003b187a3f33c50f04e9e5429774dd51e40c2753dcff32b6e6ff8277d6523ac3132029,2025-07-28T05:45:00.000,30,NO CONTROLS,NO CONTROLS,CLEAR,DAYLIGHT,FIXED OBJECT,NOT DIVIDED,STRAIGHT AND LEVEL,DRY,NO DEFECTS,ON SCENE,INJURY AND / OR TOW DUE TO CRASH,N,"OVER $1,500",2025-07-28T05:51:00.000,NOT APPLICABLE,NOT APPLICABLE,8558,S,DREXEL AVE,632,1,NONINCAPACITATING INJURY,1,0,0,1,0,0,0,5,2,7,41.7385931111,-87.602594633,"{'type': 'Point', 'coordinates': [-87.602594633049, 41.738593111134]}",,,,,,,,,,
2530c6790f37e0a06147021f9c6d214b250544c001698fee7fd19c34f2215262dca10ed22263c0505ab55c39731079ccd24c4218db04d805a1a23510d12d79bb,2025-07-28T05:08:00.000,30,NO CONTROLS,NO CONTROLS,CLEAR,DAYLIGHT,REAR TO FRONT,ONE-WAY,STRAIGHT AND LEVEL,DRY,UNKNOWN,ON SCENE,NO INJURY / DRIVE AWAY,,"OVER $1,500",2025-07-28T05:08:00.000,IMPROPER BACKING,DRIVING SKILLS/KNOWLEDGE/EXPERIENCE,2723,S,WHIPPLE ST,1033,2,NO INDICATION OF INJURY,0,0,0,0,0,3,0,5,2,7,41.8420457945,-87.7011414634,"{'type': 'Point', 'coordinates': [-87.701141463426, 41.842045794532]}",,,,,,N,,,,
475b5374b312fe3769efdc81804d8b94bd65a2e05fb77f4fa4a9428e61a409d2c17cf2f4bd0cf9c8135391e615ea00a083f8ac71f6bb3e3db637c720aa99a2fa,2025-07-28T05:00:00.000,20,NO CONTROLS,NO CONTROLS,CLEAR,UNKNOWN,PARKED MOTOR VEHICLE,NOT DIVIDED,STRAIGHT AND LEVEL,DRY,NO DEFECTS,ON SCENE,INJURY AND / OR TOW DUE TO CRASH,,"OVER $1,500",2025-07-28T08:16:00.000,UNABLE TO DETERMINE,UNABLE TO DETERMINE,1026,W,BUENA AVE,1915,4,NO INDICATION OF INJURY,0,0,0,0,0,1,0,5,2,7,41.9585251746,-87.6557616495,"{'type': 'Point', 'coordinates': [-87.655761649522, 41.958525174634]}",,,Y,,N,,,,,
5196e5737901287ed6f91c475431ab5861876530b73e6cff643aee9d5afb33f23526d085c2455dfa3149aa6679a07932f1f5dd4d86554d113fab2a6e0a141473,2025-07-28T04:57:00.000,25,TRAFFIC SIGNAL,UNKNOWN,CLEAR,DAWN,TURNING,FOUR WAY,STRAIGHT AND LEVEL,DRY,UNKNOWN,ON SCENE,NO INJURY / DRIVE AWAY,,"OVER $1,500",2025-07-28T05:10:00.000,IMPROPER OVERTAKING/PASSING,IMPROPER TURNING/NO SIGNAL,131,E,CHICAGO AVE,1833,2,NO INDICATION OF INJURY,0,0,0,0,0,4,0,4,2,7,41.896623734,-87.6242695988,"{'type': 'Point', 'coordinates': [-87.624269598843, 41.896623734019]}",,,Y,,,,,,,
3377ae8fc52f128ed6c71e20928f356530f4fd7c6f78111c750bb0097ffcab6c09fe5e6500c04492ac9fa660e4ec96913d6053400d0c2379c9a76fc25f6a34f3,2025-07-28T04:37:00.000,20,NO CONTROLS,NO CONTROLS,CLEAR,"DARKNESS, LIGHTED ROAD",FIXED OBJECT,ONE-WAY,STRAIGHT AND LEVEL,DRY,UNKNOWN,ON SCENE,INJURY AND / OR TOW DUE TO CRASH,,"OVER $1,500",2025-07-28T04:37:00.000,UNABLE TO DETERMINE,UNABLE TO DETERMINE,2632,S,CHRISTIANA AVE,1032,1,NO INDICATION OF INJURY,0,0,0,0,0,1,0,4,2,7,41.8434672349,-87.7088104456,"{'type': 'Point', 'coordinates': [-87.708810445567, 41.843467234863]}",Y,,,,,,,,,
032c923d5f919c5b57ed38da79afa0898de01b30c4947d3c03ade5cab796f028159341114a4364e106b15d27e60bb2265852c83aa591b93056c93ff642440c85,2025-07-28T04:24:00.000,30,TRAFFIC SIGNAL,FUNCTIONING PROPERLY,CLEAR,DAWN,TURNING,NOT DIVIDED,STRAIGHT AND LEVEL,DRY,NO DEFECTS,NOT ON SCENE (DESK REPORT),INJURY AND / OR TOW DUE TO CRASH,,"OVER $1,500",2025-07-28T04:24:00.000,DISREGARDING TRAFFIC SIGNALS,NOT APPLICABLE,6359,S,COTTAGE GROVE AVE,312,2,"REPORTED, NOT EVIDENT",1,0,0,0,1,1,0,4,2,7,41.7786868342,-87.6057456001,"{'type': 'Point', 'coordinates': [-87.60574560007, 41.778686834157]}",,,Y,,,,,,,
17c9a06e7e5cc6896e380ae6ecf24f895dbb5f0a14066cb149854ccb422cd1c72558ef4cb236749f7489822b91e839e5034b045c91750fc7eca8771c9f7e9d2e,2025-07-28T04:22:00.000,25,NO CONTROLS,NO CONTROLS,CLEAR,"DARKNESS, LIGHTED ROAD",FIXED OBJECT,NOT DIVIDED,STRAIGHT AND LEVEL,UNKNOWN,UNKNOWN,ON SCENE,INJURY AND / OR TOW DUE TO CRASH,,"OVER $1,500",2025-07-28T04:25:00.000,UNABLE TO DETERMINE,NOT APPLICABLE,7120,S,HALSTED ST,733,1,NONINCAPACITATING INJURY,1,0,0,1,0,0,0,4,2,7,41.7645449087,-87.6445418134,"{'type': 'Point', 'coordinates': [-87.644541813386, 41.764544908707]}",,,,,Y,,,,,
6b4eff9b4163b4b93c4cea5bed2d1c4fc4350580c8fb94dd6793d6e98d42a4fdee4bcb5a1ff37f505977d656d02366f5a4af3d7aa7fdd7e2027d4fee4e50a099,2025-07-28T03:58:00.000,25,NO CONTROLS,NO CONTROLS,CLEAR,DARKNESS,PARKED MOTOR VEHICLE,ONE-WAY,STRAIGHT AND LEVEL,DRY,NO DEFECTS,NOT ON SCENE (DESK REPORT),NO INJURY / DRIVE AWAY,,"OVER $1,500",2025-08-02T19:10:00.000,UNABLE TO DETERMINE,UNABLE TO DETERMINE,4128,W,WABANSIA AVE,2534,2,NO INDICATION OF INJURY,0,0,0,0,0,1,0,3,2,7,41.9117696553,-87.7299920013,"{'type': 'Point', 'coordinates': [-87.729992001329, 41.911769655338]}",,,Y,,,,,,,
1b8a0f0cbeb937c35dea02565cb2d755caf90bd3e3ac691b473d292d3936b5a58ca68c01e857fe172a08b084f9eed65861e6c2f71cb05130fce5454b8431fb0f,2025-07-28T03:00:00.000,30,NO CONTROLS,NO CONTROLS,CLEAR,DARKNESS,PARKED MOTOR VEHICLE,NOT DIVIDED,STRAIGHT AND LEVEL,DRY,NO DEFECTS,ON SCENE,INJURY AND / OR TOW DUE TO CRASH,,"OVER $1,500",2025-07-28T14:48:00.000,NOT APPLICABLE,NOT APPLICABLE,6039,W,FULLERTON AVE,2512,3,NO INDICATION OF INJURY,0,0,0,0,0,1,0,3,2,7,41.9236922978,-87.7773023317,"{'type': 'Point', 'coordinates': [-87.777302331671, 41.923692297815]}",,,Y,,,,,,,
aecdf8780c3d68f46487c46c01934ed12046296375e3a010019fccb0418c37d6f8e87be96389b19e44716fd1466c81141e24286ef09f97b5d512a3dc484f489a,2025-07-28T03:00:00.000,30,NO CONTROLS,NO CONTROLS,CLEAR,"DARKNESS, LIGHTED ROAD",PARKED MOTOR VEHICLE,OTHER,STRAIGHT AND LEVEL,DRY,NO DEFECTS,ON SCENE,INJURY AND / OR TOW DUE TO CRASH,,"$501 - $1,500",2025-07-28T03:02:00.000,DISTRACTION - FROM INSIDE VEHICLE,DISTRACTION - FROM INSIDE VEHICLE,9236,S,SAGINAW AVE,423,2,"REPORTED, NOT EVIDENT",1,0,0,0,1,0,0,3,2,7,41.7270311907,-87.5596197836,"{'type': 'Point', 'coordinates': [-87.559619783624, 41.727031190749]}",,,,,,,,,,
3df4ec31facc32021e874e49d241d92c2fba24980f5ac86fe58415442e94fc1b231f6fe45a7b0555cd957775ebfd713d4cf4641951d9f8357c1bbcfbfad52a10,2025-07-28T02:50:00.000,30,STOP SIGN/FLASHER,FUNCTIONING PROPERLY,CLEAR,"DARKNESS, LIGHTED ROAD",ANGLE,DIVIDED - W/MEDIAN (NOT RAISED),STRAIGHT AND LEVEL,DRY,NO DEFECTS,ON SCENE,INJURY AND / OR TOW DUE TO CRASH,,"$501 - $1,500",2025-07-28T03:00:00.000,FAILING TO YIELD RIGHT-OF-WAY,NOT APPLICABLE,731,E,76TH ST,624,2,NO INDICATION OF INJURY,0,0,0,0,0,2,0,2,2,7,41.7566269603,-87.6066429722,"{'type': 'Point', 'coordinates': [-87.606642972209, 41.756626960286]}",,,Y,,,,,,,
3305b0497761c4b5f251d524d4c08f08a168e396455c0c571f4da569d00f824e064530b2fabfe05b103ed004944abe5b23bdc9585a996928b97d4ec7a8d0f98b,2025-07-28T02:30:00.000,30,TRAFFIC SIGNAL,FUNCTIONING PROPERLY,CLEAR,"DARKNESS, LIGHTED ROAD",TURNING,FOUR WAY,STRAIGHT AND LEVEL,DRY,NO DEFECTS,NOT ON SCENE (DESK REPORT),NO INJURY / DRIVE AWAY,,"OVER $1,500",2025-07-28T03:09:00.000,DISREGARDING TRAFFIC SIGNALS,NOT APPLICABLE,221,W,LOWER WACKER DR,122,2,NO INDICATION OF INJURY,0,0,0,0,0,2,0,2,2,7,41.8866818439,-87.634729405,"{'type': 'Point', 'coordinates': [-87.634729405046, 41.886681843855]}",,,Y,,,,,,,
c8173f30fb0a9601d3b5aafc14c1f4f332b11ba64a6e62406b80b16c3dc8feb6d11fdbd7b32b324db71ae780d0a0847a7c0d14da18e3744d1c6be3695fe86e08,2025-07-28T02:30:00.000,30,NO CONTROLS,NO CONTROLS,CLEAR,"DARKNESS, LIGHTED ROAD",FIXED OBJECT,NOT DIVIDED,STRAIGHT AND LEVEL,DRY,NO DEFECTS,ON SCENE,INJURY AND / OR TOW DUE TO CRASH,,"OVER $1,500",2025-07-28T02:31:00.000,EQUIPMENT - VEHICLE CONDITION,EQUIPMENT - VEHICLE CONDITION,335,W,OAK ST,1823,1,NONINCAPACITATING INJURY,1,0,0,1,0,0,0,2,2,7,41.9003960106,-87.6372872454,"{'type': 'Point', 'coordinates': [-87.637287245364, 41.900396010591]}",,,,,,,,,,
eb1ca1093d2bf178552421cea2265500b1390d6d03c32df80dc976dbae57cfc80166d3bcf44fe324530fdc764a95249467deeb3bbbf8717ca1386dfdec0ed9b3,2025-07-28T02:20:00.000,20,NO CONTROLS,NO CONTROLS,CLEAR,"DARKNESS, LIGHTED ROAD",PARKED MOTOR VEHICLE,NOT DIVIDED,STRAIGHT AND LEVEL,DRY,NO DEFECTS,ON SCENE,INJURY AND / OR TOW DUE TO CRASH,,"$501 - $1,500",2025-07-28T02:25:00.000,DRIVING SKILLS/KNOWLEDGE/EXPERIENCE,NOT APPLICABLE,3499,S,EMERALD AVE,915,3,NONINCAPACITATING INJURY,1,0,0,1,0,0,0,2,2,7,41.8308597212,-87.6447452565,"{'type': 'Point', 'coordinates': [-87.644745256531, 41.830859721223]}",,,,,Y,,,,,
134d87ccea2d87ecaeb69a85e771c75d975fced9d78ed3bb5cd5585658d4e1cbe7868b59205b364b97be66d6482f016fc3c40ddf287b89d4aa9e57396e4053f8,2025-07-28T02:13:00.000,30,TRAFFIC SIGNAL,UNKNOWN,CLEAR,"DARKNESS, LIGHTED ROAD",REAR END,DIVIDED - W/MEDIAN (NOT RAISED),STRAIGHT AND LEVEL,DRY,NO DEFECTS,ON SCENE,INJURY AND / OR TOW DUE TO CRASH,,"OVER $1,500",2025-07-28T02:13:00.000,UNABLE TO DETERMINE,UNABLE TO DETERMINE,2,N,CICERO AVE,1533,2,NO INDICATION OF INJURY,0,0,0,0,0,4,0,2,2,7,41.8805608804,-87.7454268433,"{'type': 'Point', 'coordinates': [-87.745426843318, 41.880560880395]}",,,Y,,,,,,,
2f9fc87e17b828032be197186f3af44e45c2def87efa54f6ade408eef0523b61fd24e0fa0633d0e42eaa9715d219867477d8996a585db8e8586b60c20969cf96,2025-07-28T02:07:00.000,30,NO CONTROLS,NO CONTROLS,CLEAR,UNKNOWN,PARKED MOTOR VEHICLE,ONE-WAY,STRAIGHT AND LEVEL,UNKNOWN,UNKNOWN,NOT ON SCENE (DESK REPORT),INJURY AND / OR TOW DUE TO CRASH,,"OVER $1,500",2025-07-28T15:30:00.000,UNABLE TO DETERMINE,NOT APPLICABLE,1311,N,HOYNE AVE,1424,2,NO INDICATION OF INJURY,0,0,0,0,0,1,0,2,2,7,41.9053166961,-87.6796168131,"{'type': 'Point', 'coordinates': [-87.679616813137, 41.905316696098]}",,,Y,,,,,,,
76a6f56178ce8d4626c499c0a0a623adb56e0320c3910921bd7d376973146d24d00dd1f96f060296db19cbd0744277d739381385b2a776531eb7091e70e71baf,2025-07-28T02:00:00.000,30,TRAFFIC SIGNAL,FUNCTIONING PROPERLY,CLEAR,"DARKNESS, LIGHTED ROAD",REAR END,DIVIDED - W/MEDIAN (NOT RAISED),STRAIGHT AND LEVEL,DRY,NO DEFECTS,ON SCENE,INJURY AND / OR TOW DUE TO CRASH,N,"$501 - $1,500",2025-07-28T02:07:00.000,UNABLE TO DETERMINE,UNABLE TO DETERMINE,7201,S,CICERO AVE,833,2,NO INDICATION OF INJURY,0,0,0,0,0,2,0,2,2,7,41.7618480636,-87.7416706473,"{'type': 'Point', 'coordinates': [-87.741670647349, 41.761848063557]}",,,,,,,,,,
359f0114c517113a841b14adeb277e5498445a57ad850b045a217af9a904039a4322b0580fa9597cbc3692ac0de73d575931f49fafae04509f5c075bbb65d0c0,2025-07-28T01:45:00.000,30,NO CONTROLS,NO CONTROLS,CLEAR,"DARKNESS, LIGHTED ROAD",PARKED MOTOR VEHICLE,NOT DIVIDED,STRAIGHT AND LEVEL,DRY,NO DEFECTS,NOT ON SCENE (DESK REPORT),NO INJURY / DRIVE AWAY,,"OVER $1,500",2025-07-29T14:30:00.000,UNABLE TO DETERMINE,UNABLE TO DETERMINE,701,N,DAMEN AVE,1221,2,NO INDICATION OF INJURY,0,0,0,0,0,1,0,1,2,7,41.8941313124,-87.6768546658,"{'type': 'Point', 'coordinates': [-87.676854665811, 41.89413131239]}",,,Y,,,,,,,
7711ca614c822fad7d319866b1b1b664a4ae382aca4c35554248003d84ba6ce68b4d255f3daa8ca1608ad4ab0d7160c0b1dc47dad6f3766158289842dc364adf,2025-07-28T01:40:00.000,25,STOP SIGN/FLASHER,FUNCTIONING PROPERLY,CLEAR,"DARKNESS, LIGHTED ROAD",OTHER OBJECT,NOT DIVIDED,STRAIGHT AND LEVEL,DRY,NO DEFECTS,ON SCENE,NO INJURY / DRIVE AWAY,Y,"$501 - $1,500",2025-07-28T01:41:00.000,FAILING TO YIELD RIGHT-OF-WAY,NOT APPLICABLE,6828,W,BYRON ST,1632,1,NO INDICATION OF INJURY,0,0,0,0,0,1,0,1,2,7,41.9510132623,-87.7973564653,"{'type': 'Point', 'coordinates': [-87.797356465287, 41.951013262329]}",,,,,,,,,,
14c57ae61c7249028de66c8078f842010889f2a2536920b71d7956f2a554bddc4ce6ef598984f425afde77e1dca7d2eec704ee93052d76c5679f67cd03fce5c1,2025-07-28T01:20:00.000,30,TRAFFIC SIGNAL,FUNCTIONING PROPERLY,CLEAR,"DARKNESS, LIGHTED ROAD",REAR END,UNKNOWN INTERSECTION TYPE,STRAIGHT AND LEVEL,DRY,NO DEFECTS,ON SCENE,INJURY AND / OR TOW DUE TO CRASH,,"OVER $1,500",2025-07-28T01:47:00.000,FAILING TO REDUCE SPEED TO AVOID CRASH,FOLLOWING TOO CLOSELY,5362,S,ARCHER AVE,815,2,"REPORTED, NOT EVIDENT",2,0,0,0,2,0,0,1,2,7,41.7987960483,-87.7427886655,"{'type': 'Point', 'coordinates': [-87.742788665543, 41.79879604829]}",,,,,,,,,,
df97dac87d84ad519fceed013c7d92e08d256c387e2ac49d0c6702d8e9388c5323e723d6b7c763c881f12956ccbf928bc7cd12c1217f49e4496fe2af93886b74,2025-07-28T01:16:00.000,30,TRAFFIC SIGNAL,FUNCTIONING PROPERLY,CLEAR,"DARKNESS, LIGHTED ROAD",ANGLE,T-INTERSECTION,STRAIGHT AND LEVEL,DRY,UNKNOWN,ON SCENE,INJURY AND / OR TOW DUE TO CRASH,Y,"OVER $1,500",2025-07-28T01:18:00.000,DISREGARDING TRAFFIC SIGNALS,NOT APPLICABLE,3200,W,47TH ST,821,2,NO INDICATION OF INJURY,0,0,0,0,0,3,0,1,2,7,41.8082262462,-87.7040316722,"{'type': 'Point', 'coordinates': [-87.70403167216, 41.808226246244]}",,,,,,,,,,
59ea636bc2a0092733b6ae53d919f4b9fa508a55a3523f4c2f837a16d943b8825ff07c80a03a9eed4e32b180c71944bcd347a9f5324ce5ee408d67be91a269b0,2025-07-28T01:05:00.000,30,STOP SIGN/FLASHER,FUNCTIONING PROPERLY,CLEAR,"DARKNESS, LIGHTED ROAD",REAR END,ONE-WAY,STRAIGHT AND LEVEL,DRY,NO DEFECTS,NOT ON SCENE (DESK REPORT),INJURY AND / OR TOW DUE TO CRASH,Y,"OVER $1,500",2025-07-28T01:05:00.000,FOLLOWING TOO CLOSELY,UNABLE TO DETERMINE,4303,W,VAN BUREN ST,1131,2,"REPORTED, NOT EVIDENT",1,0,0,0,1,2,0,1,2,7,41.8750634145,-87.7330312049,"{'type': 'Point', 'coordinates': [-87.733031204868, 41.875063414539]}",,,Y,,,,,,,
0c89bea84e6cfee500e414bedffac7cb56f7e41d22317d2629790d0935b6d832b990217889009bc327a0f63df31ed44a85ed44229d1ab91e1e25ea0947a5d89b,2025-07-28T00:56:00.000,15,NO CONTROLS,NO CONTROLS,CLEAR,"DARKNESS, LIGHTED ROAD",OTHER OBJECT,PARKING LOT,STRAIGHT AND LEVEL,DRY,NO DEFECTS,ON SCENE,NO INJURY / DRIVE AWAY,,"$501 - $1,500",2025-07-28T00:57:00.000,FOLLOWING TOO CLOSELY,UNABLE TO DETERMINE,13359,S,BURLEY AVE,433,1,NO INDICATION OF INJURY,0,0,0,0,0,1,0,0,2,7,41.651942887,-87.5445935898,"{'type': 'Point', 'coordinates': [-87.544593589771, 41.651942886987]}",,,,,,,,,,
72aa20aa6c90992065350ec71c01f2e89084ad4089f10e9896a21bedfa25c46ab828b4a170b30b0439641065e70257725068d866ea147f34f9f83f0de67162db,2025-07-28T00:44:00.000,30,NO CONTROLS,NO CONTROLS,CLEAR,"DARKNESS, LIGHTED ROAD",REAR TO SIDE,T-INTERSECTION,STRAIGHT AND LEVEL,DRY,NO DEFECTS,ON SCENE,NO INJURY / DRIVE AWAY,Y,"OVER $1,500",2025-07-28T00:48:00.000,IMPROPER BACKING,NOT APPLICABLE,75,E,75TH ST,623,2,NO INDICATION OF INJURY,0,0,0,0,0,3,0,0,2,7,41.758178359,-87.6217653706,"{'type': 'Point', 'coordinates': [-87.621765370569, 41.758178358968]}",,,,,,,,,,
8763831de697b2a7fe9ea0760f982207d946a9505cf751404f79d8f95348ccac6df90d07621499eafff3a7d80522ebf8af0866539efb298ea0967eba5d677840,2025-07-28T00:30:00.000,30,NO CONTROLS,NO CONTROLS,CLEAR,"DARKNESS, LIGHTED ROAD",PARKED MOTOR VEHICLE,ONE-WAY,STRAIGHT AND LEVEL,DRY,NO DEFECTS,ON SCENE,NO INJURY / DRIVE AWAY,,"OVER $1,500",2025-07-28T00:35:00.000,UNABLE TO DETERMINE,NOT APPLICABLE,1,W,TERMINAL ST,1651,2,NO INDICATION OF INJURY,0,0,0,0,0,2,0,0,2,7,,,,,,Y,,,,,,,
090524b7dfd5dfd35fa4df686ebaedffefc53542c58b8463c7932c25a13839700c550074e25533ddd8c3cd6b6dd3a8ff8cc5cc827c8069b5be26fda0b01ab018,2025-07-28T00:14:00.000,30,NO CONTROLS,NO CONTROLS,CLEAR,"DARKNESS, LIGHTED ROAD",PARKED MOTOR VEHICLE,NOT DIVIDED,STRAIGHT AND LEVEL,DRY,NO DEFECTS,ON SCENE,INJURY AND / OR TOW DUE TO CRASH,,"OVER $1,500",2025-07-28T00:19:00.000,PHYSICAL CONDITION OF DRIVER,NOT APPLICABLE,6123,S,RACINE AVE,712,2,NO INDICATION OF INJURY,0,0,0,0,0,1,0,0,2,7,41.7825359088,-87.6544297162,"{'type': 'Point', 'coordinates': [-87.654429716174, 41.78253590878]}",,,,,,,,,,
48b8f9172f0dce14809c0378cf3e81e0102cc7c831f4b87a284756f809d8653775f75ecff7e0c1fea8d41b0a99f50f1916c228c58d6b442f0689e295ae37ae0f,2025-07-28T00:10:00.000,30,NO CONTROLS,NO CONTROLS,CLEAR,"DARKNESS, LIGHTED ROAD",PARKED MOTOR VEHICLE,NOT DIVIDED,STRAIGHT AND LEVEL,DRY,UNKNOWN,NOT ON SCENE (DESK REPORT),NO INJURY / DRIVE AWAY,,"OVER $1,500",2025-07-28T12:45:00.000,IMPROPER BACKING,NOT APPLICABLE,4445,W,FIFTH AVE,1131,2,NO INDICATION OF INJURY,0,0,0,0,0,1,0,0,2,7,41.869737506,-87.7367200733,"{'type': 'Point', 'coordinates': [-87.736720073277, 41.869737506015]}",,,,,,,,,,
0280737ade4fb75bb66ccd7b67f2d0400796565d4cab4aa4d209e0f5fb7b110d3b406c5be060faf5b77cd226e0386628540bbb738ae56465f838a43b1305c9a5,2025-07-28T00:01:00.000,30,NO CONTROLS,NO CONTROLS,CLEAR,"DARKNESS, LIGHTED ROAD",PARKED MOTOR VEHICLE,NOT DIVIDED,STRAIGHT AND LEVEL,DRY,NO DEFECTS,NOT ON SCENE (DESK REPORT),NO INJURY / DRIVE AWAY,,"OVER $1,500",2025-07-29T11:10:00.000,UNABLE TO DETERMINE,NOT APPLICABLE,1237,S,THROOP ST,1233,2,NO INDICATION OF INJURY,0,0,0,0,0,1,0,0,2,7,41.8659660363,-87.658949801,"{'type': 'Point', 'coordinates': [-87.658949800971, 41.865966036288]}",,,Y,,,,,,,
aac25c30aeea72dbdd734b0aef4cbc4b2f42b2baddbc0b95638df3bd240f2274d67511450d0e10b840b0a49cc6cda0e527cdd4d6bb645086cfb5e2b051979358,2025-07-28T00:01:00.000,30,NO CONTROLS,NO CONTROLS,CLEAR,"DARKNESS, LIGHTED ROAD",PARKED MOTOR VEHICLE,NOT DIVIDED,STRAIGHT AND LEVEL,DRY,NO DEFECTS,NOT ON SCENE (DESK REPORT),NO INJURY / DRIVE AWAY,,"OVER $1,500",2025-07-28T20:20:00.000,DRIVING SKILLS/KNOWLEDGE/EXPERIENCE,UNABLE TO DETERMINE,451,N,SPRINGFIELD AVE,1122,2,NO INDICATION OF INJURY,0,0,0,0,0,2,0,0,2,7,41.8894490319,-87.7233262665,"{'type': 'Point', 'coordinates': [-87.723326266544, 41.8894490319]}",,,,,,,,,,
de09fe7b30e0908449d26bf2479bcfd505317109484a919e6dc36042d28f8c6773fb67ec543a41938456896c87dbf34da6d686a58814db895c7e79221229218e,2025-07-28T00:01:00.000,30,TRAFFIC SIGNAL,FUNCTIONING PROPERLY,CLEAR,DARKNESS,SIDESWIPE SAME DIRECTION,FOUR WAY,STRAIGHT AND LEVEL,DRY,NO DEFECTS,NOT ON SCENE (DESK REPORT),NO INJURY / DRIVE AWAY,,"OVER $1,500",2025-07-29T12:35:00.000,DRIVING SKILLS/KNOWLEDGE/EXPERIENCE,UNABLE TO DETERMINE,2756,W,71ST ST,831,2,NO INDICATION OF INJURY,0,0,0,0,0,2,0,0,2,7,41.7646520998,-87.6928864174,"{'type': 'Point', 'coordinates': [-87.692886417362, 41.76465209983]}",,,Y,,,,,,,