crash_record_id,crash_date,posted_speed_limit,traffic_control_device,device_condition,weather_condition,lighting_condition,first_crash_type,trafficway_type,alignment,roadway_surface_cond,road_defect,report_type,crash_type,intersection_related_i,damage,date_police_notified,prim_contributory_cause,sec_contributory_cause,street_no,street_direction,street_name,beat_of_occurrence,num_units,most_severe_injury,injuries_total,injuries_fatal,injuries_incapacitating,injuries_non_incapacitating,injuries_reported_not_evident,injuries_no_indication,injuries_unknown,crash_hour,crash_day_of_week,crash_month,latitude,longitude,location,private_property_i,photos_taken_i,hit_and_run_i,statements_taken_i,crash_date_est_i,work_zone_i,work_zone_type,dooring_i,lane_cnt,workers_present_i
7fef9ce83245fcc49dd73990b951821ac0e6d0adadcc07df2d5db0eb9a5260d56beac42075eea7975714681e498fe462936ce3228ef50a7598e78240b6a80485,2025-07-28T00:00:00.000,35,NO CONTROLS,NO CONTROLS,CLEAR,"DARKNESS, LIGHTED ROAD",PARKED MOTOR VEHICLE,NOT DIVIDED,STRAIGHT AND LEVEL,DRY,NO DEFECTS,ON SCENE,NO INJURY / DRIVE AWAY,,"OVER $1,500",2025-07-28T05:46:00.000,UNABLE TO DETERMINE,UNABLE TO DETERMINE,2835,W,MORSE AVE,2411,3,NO INDICATION OF INJURY,0,0,0,0,0,1,0,0,2,7,42.0065176919,-87.7011717121,"{'type': 'Point', 'coordinates': [-87.701171712051, 42.006517691917]}",,,Y,,Y,,,,,
ec074fce22709d96a0c9f285b50c48f1de5bc9170b1360691c597094f88c4061e5e750e44cd183442bb0252d61a45a901db6fc7fb7c7734f2398945b11cd065f,2025-07-28T00:00:00.000,20,NO CONTROLS,NO CONTROLS,UNKNOWN,UNKNOWN,PARKED MOTOR VEHICLE,ONE-WAY,STRAIGHT AND LEVEL,UNKNOWN,UNKNOWN,NOT ON SCENE (DESK REPORT),NO INJURY / DRIVE AWAY,,"OVER $1,500",2025-07-28T17:15:00.000,UNABLE TO DETERMINE,UNABLE TO DETERMINE,7838,S,ADA ST,612,2,NO INDICATION OF INJURY,0,0,0,0,0,1,0,0,2,7,41.7511041144,-87.6571312907,"{'type': 'Point', 'coordinates': [-87.657131290736, 41.751104114384]}",,,Y,,,,,,,
9a4cae9d213e4f2f76c944a28bfcd13a5a92c69f595d494c3e7789293f6b723acfbe1ed5a1e5817f14706aa9d1fc4eb844e3b902295527c6bd045ad1361c764b,2025-07-27T23:52:00.000,25,OTHER,FUNCTIONING PROPERLY,CLEAR,"DARKNESS, LIGHTED ROAD",REAR END,DIVIDED - W/MEDIAN (NOT RAISED),STRAIGHT AND LEVEL,DRY,NO DEFECTS,ON SCENE,INJURY AND / OR TOW DUE TO CRASH,,"$501 - $1,500",2025-07-27T23:53:00.000,NOT APPLICABLE,FAILING TO REDUCE SPEED TO AVOID CRASH,1211,S,WESTERN AVE,1233,2,"REPORTED, NOT EVIDENT",1,0,0,0,1,1,0,23,1,7,41.8662550234,-87.6858819302,"{'type': 'Point', 'coordinates': [-87.68588193018, 41.866255023423]}",,,Y,,,,,,,
cc6350f8bf9ee0b5dde0b2bc9a19df4ec754d81c362d8f677b8574c360ddcbafcb66f2ff3b5cd3068d87e3de7a959578f6fc3be315b60880741d3feda5b4abca,2025-07-27T23:42:00.000,35,NO CONTROLS,NO CONTROLS,CLEAR,"DARKNESS, LIGHTED ROAD",FIXED OBJECT,NOT DIVIDED,STRAIGHT AND LEVEL,DRY,NO DEFECTS,ON SCENE,INJURY AND / OR TOW DUE TO CRASH,,"OVER $1,500",2025-07-28T01:40:00.000,NOT APPLICABLE,NOT APPLICABLE,1654,E,130TH ST,434,1,NO INDICATION OF INJURY,0,0,0,0,0,1,0,23,1,7,41.660224474,-87.5853329001,"{'type': 'Point', 'coordinates': [-87.585332900062, 41.660224474022]}",,,Y,,Y,,,,,
26a3710fc8441d2087ac77241c55c8587b812f90d8a1fea421efa935f277e7e08bc8bfc74ff3e4ea1f4210d8c3e99c5af51128d7c80be4f22d4cdd18cb2090b7,2025-07-27T23:36:00.000,30,STOP SIGN/FLASHER,NO CONTROLS,CLEAR,"DARKNESS, LIGHTED ROAD",REAR END,NOT DIVIDED,STRAIGHT AND LEVEL,DRY,NO DEFECTS,NOT ON SCENE (DESK REPORT),NO INJURY / DRIVE AWAY,,"OVER $1,500",2025-07-28T09:33:00.000,FOLLOWING TOO CLOSELY,NOT APPLICABLE,700,W,ROOSEVELT RD,1232,2,NO INDICATION OF INJURY,0,0,0,0,0,2,0,23,1,7,41.8672871622,-87.6452469415,"{'type': 'Point', 'coordinates': [-87.645246941532, 41.867287162218]}",,,,,,,,,,
cfe5785ca31c3861b6b4a228093c6b14be02c4db56153759882ace7df7bae8c94c2a6d981934e259b7ecaef9d6e01f7dc093850938eb4c76b4bc10002bb23f72,2025-07-27T23:29:00.000,30,NO CONTROLS,NO CONTROLS,CLEAR,"DARKNESS, LIGHTED ROAD",REAR END,ONE-WAY,STRAIGHT AND LEVEL,DRY,NO DEFECTS,ON SCENE,NO INJURY / DRIVE AWAY,,"OVER $1,500",2025-07-27T23:30:00.000,UNABLE TO DETERMINE,NOT APPLICABLE,1854,S,BLUE ISLAND AVE,1233,2,NO INDICATION OF INJURY,0,0,0,0,0,3,0,23,1,7,41.8565181245,-87.6624796913,"{'type': 'Point', 'coordinates': [-87.662479691294, 41.856518124473]}",,,,,,,,,,
85cd44cd75891e9fad8b851441c19dca56d597e531829b2367b0dee5e4ec6c2347d1fb6293328609414f1dae971c2481751facd87793cb9cacfed63df7fee62e,2025-07-27T23:25:00.000,30,TRAFFIC SIGNAL,FUNCTIONING PROPERLY,CLEAR,"DARKNESS, LIGHTED ROAD",TURNING,NOT DIVIDED,STRAIGHT AND LEVEL,DRY,UNKNOWN,ON SCENE,INJURY AND / OR TOW DUE TO CRASH,,"OVER $1,500",2025-07-27T23:41:00.000,FAILING TO YIELD RIGHT-OF-WAY,FAILING TO REDUCE SPEED TO AVOID CRASH,416,W,BELMONT AVE,1925,2,"REPORTED, NOT EVIDENT",1,0,0,0,1,1,0,23,1,7,41.9402157478,-87.6402847129,"{'type': 'Point', 'coordinates': [-87.640284712898, 41.940215747767]}",,,,,,,,,,
15595f9fa44e5f7a85afd5580041df909931db97d0ba9257031f857714ecc31b6102cad01914fe67a54acc9d7ec2fd91934965f3a60da5f9e17a6eb9e9414587,2025-07-27T23:20:00.000,25,NO CONTROLS,NO CONTROLS,UNKNOWN,UNKNOWN,PARKED MOTOR VEHICLE,ONE-WAY,STRAIGHT AND LEVEL,UNKNOWN,UNKNOWN,NOT ON SCENE (DESK REPORT),NO INJURY / DRIVE AWAY,,"OVER $1,500",2025-07-28T14:20:00.000,UNABLE TO DETERMINE,UNABLE TO DETERMINE,6639,S,SACRAMENTO AVE,831,2,NO INDICATION OF INJURY,0,0,0,0,0,1,0,23,1,7,41.7724093123,-87.6979499223,"{'type': 'Point', 'coordinates': [-87.69794992234, 41.772409312331]}",,,Y,,,,,,,
705d820de6117c4b0141c4fe2b32e4d4831e53c206531c17b12ef23e01db0a9f17f1c0aea063faf93197bb74005f536e9b0a587b2153eec75265b35ce70e507a,2025-07-27T23:19:00.000,30,TRAFFIC SIGNAL,FUNCTIONING PROPERLY,CLEAR,"DARKNESS, LIGHTED ROAD",REAR END,NOT DIVIDED,STRAIGHT AND LEVEL,DRY,NO DEFECTS,ON SCENE,NO INJURY / DRIVE AWAY,Y,"OVER $1,500",2025-07-27T23:27:00.000,FOLLOWING TOO CLOSELY,UNABLE TO DETERMINE,4015,W,63RD ST,813,2,NO INDICATION OF INJURY,0,0,0,0,0,4,0,23,1,7,41.7785407151,-87.7234589336,"{'type': 'Point', 'coordinates': [-87.723458933579, 41.778540715111]}",,,,,,,,,,
34a093f764bc36e69a4d0487f1b82451caa25c0ae2e633e8f723573600b207ef0a1bdc37fe245c2e2c2933df3160f8f849daf8a11ffaa6f601b4e8954ed94e06,2025-07-27T23:18:00.000,30,NO CONTROLS,NO CONTROLS,CLEAR,"DARKNESS, LIGHTED ROAD",REAR END,DIVIDED - W/MEDIAN (NOT RAISED),STRAIGHT AND LEVEL,DRY,UNKNOWN,ON SCENE,INJURY AND / OR TOW DUE TO CRASH,,"OVER $1,500",2025-07-27T23:23:00.000,UNABLE TO DETERMINE,UNABLE TO DETERMINE,9531,S,STONY ISLAND AVE,431,2,"REPORTED, NOT EVIDENT",3,0,0,0,3,0,0,23,1,7,41.721267719,-87.584839485,"{'type': 'Point', 'coordinates': [-87.584839485043, 41.721267718978]}",,,,,,,,,,
6930764c2c7eb31754ea211edd1b2c8729207ab1beb93b5158898027a9c196fe0d9ccf62876cf8fd56a726083a4459b5d15ee163dd3ed681e2b10e82c3c53c24,2025-07-27T23:15:00.000,30,NO CONTROLS,NO CONTROLS,UNKNOWN,"DARKNESS, LIGHTED ROAD",PARKED MOTOR VEHICLE,OTHER,STRAIGHT AND LEVEL,UNKNOWN,UNKNOWN,NOT ON SCENE (DESK REPORT),INJURY AND / OR TOW DUE TO CRASH,,"OVER $1,500",2025-07-28T15:50:00.000,UNABLE TO DETERMINE,UNABLE TO DETERMINE,8208,S,PEORIA ST,613,2,NO INDICATION OF INJURY,0,0,0,0,0,1,0,23,1,7,41.7448218611,-87.6464467622,"{'type': 'Point', 'coordinates': [-87.646446762232, 41.744821861142]}",,,Y,,,,,,,
2e8436ecfb722f8a659713b78b9c0204e6dfb62729c92fb6783d8d07ac8c991a004ead34b0bbdc44fbd84db54ef97e95813baa457551c7ea6d6528d51787daee,2025-07-27T23:10:00.000,30,TRAFFIC SIGNAL,FUNCTIONING PROPERLY,CLEAR,"DARKNESS, LIGHTED ROAD",ANGLE,FOUR WAY,STRAIGHT AND LEVEL,DRY,NO DEFECTS,ON SCENE,INJURY AND / OR TOW DUE TO CRASH,Y,"OVER $1,500",2025-07-27T23:14:00.000,FAILING TO YIELD RIGHT-OF-WAY,FAILING TO YIELD RIGHT-OF-WAY,1317,W,DIVISION ST,1213,2,NO INDICATION OF INJURY,0,0,0,0,0,3,0,23,1,7,41.903328969,-87.6613058799,"{'type': 'Point', 'coordinates': [-87.661305879948, 41.903328968971]}",,,,,,,,,,
abd4e696997bf244ef4164325e1352e4d42f108e0ae55e65c485a25cb8acf5abc1a633360f58fffd6a8e6bdec6bd037943537eea8638b4d99adc30e2fac69b4c,2025-07-27T23:10:00.000,30,UNKNOWN,UNKNOWN,CLEAR,DARKNESS,TURNING,OTHER,STRAIGHT AND LEVEL,DRY,NO DEFECTS,NOT ON SCENE (DESK REPORT),NO INJURY / DRIVE AWAY,,"OVER $1,500",2025-07-27T23:45:00.000,IMPROPER LANE USAGE,IMPROPER LANE USAGE,4155,N,LAKE SHORE DR NB,1915,2,NO INDICATION OF INJURY,0,0,0,0,0,2,0,23,1,7,41.9582004235,-87.6456012135,"{'type': 'Point', 'coordinates': [-87.645601213511, 41.95820042348]}",,,,,,,,,,
0ec1927c1908f3355dd233aa19990e68bc827a098221afb5862e0168839dfe90966a752714c85313169213c629058acfe3085ed31efd46807bf6634b5b17ec1f,2025-07-27T23:08:00.000,30,TRAFFIC SIGNAL,FUNCTIONING PROPERLY,UNKNOWN,UNKNOWN,TURNING,NOT DIVIDED,STRAIGHT AND LEVEL,UNKNOWN,UNKNOWN,NOT ON SCENE (DESK REPORT),NO INJURY / DRIVE AWAY,Y,"$501 - $1,500",2025-07-28T11:28:00.000,UNABLE TO DETERMINE,NOT APPLICABLE,626,S,CICERO AVE,1533,2,NO INDICATION OF INJURY,0,0,0,0,0,5,0,23,1,7,41.8722680553,-87.7450830471,"{'type': 'Point', 'coordinates': [-87.745083047084, 41.872268055263]}",,,,,,,,,,
1279e9a5073c397b291df7fe57f8960d77f7e49694937fbb2a7003392c17564cf0ccfeeb1717d34e500e4dda042fe07f7c674dead54f199954ed37d9c7d722ed,2025-07-27T23:05:00.000,30,TRAFFIC SIGNAL,FUNCTIONING PROPERLY,CLEAR,"DARKNESS, LIGHTED ROAD",TURNING,NOT DIVIDED,STRAIGHT AND LEVEL,DRY,NO DEFECTS,NOT ON SCENE (DESK REPORT),NO INJURY / DRIVE AWAY,Y,"OVER $1,500",2025-07-28T01:00:00.000,UNABLE TO DETERMINE,NOT APPLICABLE,701,S,CICERO AVE,1131,2,NO INDICATION OF INJURY,0,0,0,0,0,2,0,23,1,7,41.8720593595,-87.7447856243,"{'type': 'Point', 'coordinates': [-87.744785624327, 41.872059359507]}",,,,,,,,,,
a976febdf74cd8d3a2e1a32a2558d09892f8670b04b4e6834466f811798eb0a33735b2d48205e66fb5eb83e937fbba200fbe18582c5855f4596c2d41ef786136,2025-07-27T23:00:00.000,30,NO CONTROLS,NO CONTROLS,CLEAR,"DARKNESS, LIGHTED ROAD",PARKED MOTOR VEHICLE,NOT DIVIDED,STRAIGHT AND LEVEL,DRY,NO DEFECTS,NOT ON SCENE (DESK REPORT),NO INJURY / DRIVE AWAY,,"OVER $1,500",2025-07-28T03:30:00.000,NOT APPLICABLE,NOT APPLICABLE,5350,S,SHIELDS AVE,935,2,NO INDICATION OF INJURY,0,0,0,0,0,1,0,23,1,7,41.7967183616,-87.6344217619,"{'type': 'Point', 'coordinates': [-87.634421761912, 41.796718361635]}",,,Y,,Y,,,,,
6ce70ea3bdd222cc8e50050cc0f35c5216d9e9993a19d14e26fb150fbbc64ba68ce5739f6a0d0c872f245be5bd4253c7d6c6829fd96da10fad926d5d8f460520,2025-07-27T22:49:00.000,30,TRAFFIC SIGNAL,FUNCTIONING PROPERLY,CLEAR,"DARKNESS, LIGHTED ROAD",OTHER OBJECT,FOUR WAY,STRAIGHT AND LEVEL,DRY,NO DEFECTS,ON SCENE,NO INJURY / DRIVE AWAY,Y,$500 OR LESS,2025-07-27T22:49:00.000,DISREGARDING TRAFFIC SIGNALS,DISREGARDING TRAFFIC SIGNALS,1200,S,CALIFORNIA BLVD,1022,2,NO INDICATION OF INJURY,0,0,0,0,0,2,0,22,1,7,41.866465287,-87.6960534395,"{'type': 'Point', 'coordinates': [-87.69605343947, 41.866465287034]}",,,,,,,,,,
96a790812ad95a1ccd2e1a8cd1b6e087fca56b3207b6c8ba44e064643d1c2dd1455769333b670d5f9c3858bc89ef323e2ad2a8dd32a788d9473e6c354ddf0a67,2025-07-27T22:45:00.000,30,NO CONTROLS,NO CONTROLS,CLEAR,"DARKNESS, LIGHTED ROAD",FIXED OBJECT,ONE-WAY,STRAIGHT AND LEVEL,DRY,NO DEFECTS,NOT ON SCENE (DESK REPORT),NO INJURY / DRIVE AWAY,,"OVER $1,500",2025-07-27T23:40:00.000,UNABLE TO DETERMINE,NOT APPLICABLE,3300,W,65TH PL,831,2,NO INDICATION OF INJURY,0,0,0,0,0,1,0,22,1,7,41.7744871768,-87.7055758748,"{'type': 'Point', 'coordinates': [-87.705575874793, 41.77448717684]}",,,Y,,,,,,,
6f913102b101e1f41d39ae9d485d0eb4429de93e02b26e4bdd63c2dd6694d71acd4b5fa884e1dd3506fd7e1b9ad478420aa447682d16e1a17502ab8c0c9a2721,2025-07-27T22:40:00.000,20,NO CONTROLS,NO CONTROLS,UNKNOWN,UNKNOWN,PARKED MOTOR VEHICLE,ONE-WAY,STRAIGHT AND LEVEL,UNKNOWN,UNKNOWN,NOT ON SCENE (DESK REPORT),NO INJURY / DRIVE AWAY,,"OVER $1,500",2025-07-31T09:50:00.000,UNABLE TO DETERMINE,NOT APPLICABLE,10000,W,OHARE ST,1651,2,NO INDICATION OF INJURY,0,0,0,0,0,2,0,22,1,7,41.976201139,-87.9053091251,"{'type': 'Point', 'coordinates': [-87.905309125103, 41.976201139024]}",,,,,,,,,,
ccd6c28fca52f02ceb7dc6c0c91c267fc68fd5f907091fb9220bef76439627e1731114fc8f04d45baa09e78c4ee344dd17919f6b3b84d5a64417264592ad44fc,2025-07-27T22:39:00.000,30,NO CONTROLS,NO CONTROLS,CLEAR,DARKNESS,SIDESWIPE SAME DIRECTION,NOT DIVIDED,STRAIGHT AND LEVEL,DRY,NO DEFECTS,NOT ON SCENE (DESK REPORT),INJURY AND / OR TOW DUE TO CRASH,,"OVER $1,500",2025-07-29T19:34:00.000,IMPROPER OVERTAKING/PASSING,NOT APPLICABLE,6000,S,CICERO AVE,813,2,NO INDICATION OF INJURY,0,0,0,0,0,2,0,22,1,7,41.7842773571,-87.7415943908,"{'type': 'Point', 'coordinates': [-87.741594390781, 41.784277357109]}",,,Y,,,,,,,
594f719be2569912ac3a0991c2dd25475488c3ac880a26516a9741bb05b534f3c0e5aa5dafb9ea37e5d86bdcfd48d07ce992ca15d20ff7714564659154e842be,2025-07-27T22:30:00.000,30,NO CONTROLS,NO CONTROLS,CLEAR,DARKNESS,FIXED OBJECT,FOUR WAY,STRAIGHT AND LEVEL,DRY,"RUT, HOLES",NOT ON SCENE (DESK REPORT),NO INJURY / DRIVE AWAY,,"OVER $1,500",2025-07-30T18:18:00.000,UNABLE TO DETERMINE,NOT APPLICABLE,2600,S,HAMLIN AVE,1031,1,NO INDICATION OF INJURY,0,0,0,0,0,2,0,22,1,7,41.8442225419,-87.719817938,"{'type': 'Point', 'coordinates': [-87.719817938013, 41.844222541916]}",,,,,,,,,,
5ea1849406551dac8532b287db33ea5fe21c1faae43f5860470bf30120a46f2d44c95aa1e7db70f67c0de5c9d20629f827d703646dec70d7bb43e078fb4b655b,2025-07-27T22:30:00.000,30,NO CONTROLS,NO CONTROLS,CLEAR,"DARKNESS, LIGHTED ROAD",PEDALCYCLIST,FOUR WAY,STRAIGHT AND LEVEL,DRY,NO DEFECTS,ON SCENE,INJURY AND / OR TOW DUE TO CRASH,Y,$500 OR LESS,2025-07-27T23:14:00.000,FAILING TO YIELD RIGHT-OF-WAY,FAILING TO YIELD RIGHT-OF-WAY,2599,W,PERSHING RD,921,2,NONINCAPACITATING INJURY,1,0,0,1,0,1,0,22,1,7,41.8227755441,-87.6896017769,"{'type': 'Point', 'coordinates': [-87.689601776885, 41.822775544107]}",,,,,Y,,,,,
651ed6e5685985dffc74e30803682aac4efb2f6c344d9407342235b053e149a835264954256e53052ace9c94f66df5c99a76c5fb2a2b0b400273aa005c55884c,2025-07-27T22:30:00.000,30,UNKNOWN,UNKNOWN,UNKNOWN,DARKNESS,PARKED MOTOR VEHICLE,UNKNOWN,STRAIGHT AND LEVEL,UNKNOWN,UNKNOWN,NOT ON SCENE (DESK REPORT),NO INJURY / DRIVE AWAY,,"OVER $1,500",2025-07-28T10:00:00.000,UNABLE TO DETERMINE,UNABLE TO DETERMINE,5908,S,ADA ST,713,2,NO INDICATION OF INJURY,0,0,0,0,0,1,0,22,1,7,41.7865140403,-87.6584664179,"{'type': 'Point', 'coordinates': [-87.658466417898, 41.786514040303]}",,,Y,,,,,,,
a0cbdc0a38a28d7599f5b0bd104efb92551b3db749d45222bff6386479ff936003d71b9a46631200b7588b2b0252b135ad4f1147b390949aaf2df3a7d486e11f,2025-07-27T22:30:00.000,30,NO CONTROLS,NO CONTROLS,CLEAR,"DARKNESS, LIGHTED ROAD",FIXED OBJECT,NOT DIVIDED,STRAIGHT AND LEVEL,DRY,NO DEFECTS,ON SCENE,INJURY AND / OR TOW DUE TO CRASH,,"OVER $1,500",2025-07-27T22:45:00.000,UNABLE TO DETERMINE,UNABLE TO DETERMINE,575,N,SACRAMENTO BLVD,1221,1,,,,,,,,,22,1,7,41.8918881671,-87.7018515801,"{'type': 'Point', 'coordinates': [-87.701851580128, 41.891888167145]}",,,Y,,Y,,,,,
a657f2965acadfb1d78ce7b3dbfcd353a0fa142e8f7036c7e4dc18f4e6091e2afa410375a2a753acdc2c1dd5b9593574eb6a86ff557b5209395c8cfd80f47cee,2025-07-27T22:28:00.000,30,TRAFFIC SIGNAL,FUNCTIONING PROPERLY,CLEAR,"DARKNESS, LIGHTED ROAD",ANGLE,FOUR WAY,STRAIGHT AND LEVEL,DRY,NO DEFECTS,ON SCENE,INJURY AND / OR TOW DUE TO CRASH,Y,"OVER $1,500",2025-07-27T22:28:00.000,DISREGARDING OTHER TRAFFIC SIGNS,UNABLE TO DETERMINE,1935,W,87TH ST,2221,2,"REPORTED, NOT EVIDENT",1,0,0,0,1,1,0,22,1,7,41.7355660917,-87.6716369866,"{'type': 'Point', 'coordinates': [-87.671636986603, 41.735566091703]}",,N,Y,,,,,,,
6a10088d325edf4851b925105d6eb43da4d5fa682a9195f86eeeb2fc08236b34054ab233da184dc2e95a0d09f252ae654092dec40ee4194e225f487280310246,2025-07-27T22:15:00.000,30,TRAFFIC SIGNAL,FUNCTIONING PROPERLY,CLEAR,"DARKNESS, LIGHTED ROAD",REAR END,FOUR WAY,STRAIGHT AND LEVEL,DRY,NO DEFECTS,NOT ON SCENE (DESK REPORT),NO INJURY / DRIVE AWAY,,"OVER $1,500",2025-07-27T22:55:00.000,FOLLOWING TOO CLOSELY,NOT APPLICABLE,3986,W,PETERSON AVE,1711,3,NO INDICATION OF INJURY,0,0,0,0,0,5,0,22,1,7,41.990245669,-87.7286084122,"{'type': 'Point', 'coordinates': [-87.728608412236, 41.990245668981]}",,,,,,,,,,
ab25738b5987dccdf74da0ccad49da3156d646cfbada06299c060ee56705aa2a7a6b2ca22dab88bd1ec57226ba1a23ac4996c341374af63413b877897cda6c5c,2025-07-27T22:15:00.000,30,NO CONTROLS,NO CONTROLS,CLEAR,"DARKNESS, LIGHTED ROAD",REAR END,NOT DIVIDED,STRAIGHT AND LEVEL,DRY,NO DEFECTS,NOT ON SCENE (DESK REPORT),NO INJURY / DRIVE AWAY,,"OVER $1,500",2025-07-27T22:50:00.000,UNABLE TO DETERMINE,NOT APPLICABLE,3522,W,47TH ST,821,2,NO INDICATION OF INJURY,0,0,0,0,0,3,0,22,1,7,41.8081279367,-87.7120163534,"{'type': 'Point', 'coordinates': [-87.71201635339, 41.808127936738]}",,,Y,,,,,,,
fd95e8e04b424308aed122d18b0575c7b6f87048706331f91806160a0ff6dc7dab443bd77a51cb42cb4a70049c97132f6296649d8f0ca35d5e50fc6913983696,2025-07-27T22:14:00.000,15,NO CONTROLS,NO CONTROLS,CLEAR,"DARKNESS, LIGHTED ROAD",TURNING,OTHER,STRAIGHT AND LEVEL,DRY,NO DEFECTS,ON SCENE,NO INJURY / DRIVE AWAY,,"$501 - $1,500",2025-07-27T23:10:00.000,DRIVING SKILLS/KNOWLEDGE/EXPERIENCE,FAILING TO REDUCE SPEED TO AVOID CRASH,3151,N,NORMANDY AVE,2511,2,NO INDICATION OF INJURY,0,0,0,0,0,3,0,22,1,7,41.9378859939,-87.793099078,"{'type': 'Point', 'coordinates': [-87.79309907797, 41.937885993863]}",,,,,,,,,,
a8a420c0374156f86f6631f5fb79fe167ba056e60b00bd7048d8e853b30c794935958bb3615ab8f429e7e45134e5388516c189d515ba84d76fe4628bd8244ed7,2025-07-27T22:05:00.000,30,NO CONTROLS,NO CONTROLS,CLEAR,"DARKNESS, LIGHTED ROAD",ANGLE,DIVIDED - W/MEDIAN BARRIER,STRAIGHT AND LEVEL,DRY,NO DEFECTS,ON SCENE,INJURY AND / OR TOW DUE TO CRASH,Y,"OVER $1,500",2025-07-27T22:10:00.000,UNABLE TO DETERMINE,NOT APPLICABLE,9700,S,HALSTED ST,2223,2,NO INDICATION OF INJURY,0,0,0,0,0,2,0,22,1,7,41.7175374349,-87.64325162,"{'type': 'Point', 'coordinates': [-87.643251620045, 41.717537434869]}",,,Y,,,,,,,
58338002a24ca8d50388178ee1e8b175b793976fdd354f2cd1495fdc1fb877757daca14b0028b54865bbedc7f578000f55180fcbf28fc13880273466eb007bbc,2025-07-27T22:00:00.000,10,NO CONTROLS,NO CONTROLS,UNKNOWN,UNKNOWN,PARKED MOTOR VEHICLE,PARKING LOT,STRAIGHT AND LEVEL,UNKNOWN,UNKNOWN,NOT ON SCENE (DESK REPORT),NO INJURY / DRIVE AWAY,,"OVER $1,500",2025-07-29T14:27:00.000,DRIVING SKILLS/KNOWLEDGE/EXPERIENCE,IMPROPER BACKING,7306,N,WINCHESTER AVE,2424,2,NO INDICATION OF INJURY,0,0,0,0,0,1,0,22,1,7,42.0144925176,-87.6792267117,"{'type': 'Point', 'coordinates': [-87.679226711739, 42.014492517562]}",Y,,,,,,,,,
e3d3ebb9000e6f4a922b141fcca928b1e7587184cb2ab6d77762181d1b7852c1afb4cb7404307d20e61bbb30dd0ca02eabae37896f28bdaecd95b258940f326b,2025-07-27T21:43:00.000,30,TRAFFIC SIGNAL,FUNCTIONING PROPERLY,CLEAR,"DARKNESS, LIGHTED ROAD",TURNING,NOT DIVIDED,STRAIGHT AND LEVEL,DRY,NO DEFECTS,ON SCENE,INJURY AND / OR TOW DUE TO CRASH,Y,"OVER $1,500",2025-07-27T21:45:00.000,DISREGARDING TRAFFIC SIGNALS,NOT APPLICABLE,4801,W,AUGUSTA BLVD,1531,3,INCAPACITATING INJURY,4,0,4,0,0,4,0,21,1,7,41.8985706514,-87.7460021965,"{'type': 'Point', 'coordinates': [-87.746002196481, 41.898570651364]}",,,Y,,,,,,,
5f97e47ad34b03ca28ca2a2a070e72bac1eb84470715795840b10955bd5d6c5cc29cc8d8f7a08a33e11fe987c0c20fca8606ff72a747fe9349a3e16149a4e7db,2025-07-27T21:35:00.000,10,NO CONTROLS,NO CONTROLS,CLEAR,"DARKNESS, LIGHTED ROAD",REAR TO SIDE,PARKING LOT,STRAIGHT AND LEVEL,DRY,NO DEFECTS,NOT ON SCENE (DESK REPORT),NO INJURY / DRIVE AWAY,,"$501 - $1,500",2025-07-27T22:00:00.000,FAILING TO YIELD RIGHT-OF-WAY,UNABLE TO DETERMINE,6122,N,CLARK ST,2433,2,NO INDICATION OF INJURY,0,0,0,0,0,2,0,21,1,7,41.9933041871,-87.6702668702,"{'type': 'Point', 'coordinates': [-87.670266870208, 41.993304187072]}",,,,,,,,,,
74466b63d06d435ca299a030ded30ef729dc4300b85a2b30c524c957e0d14e006f491d388cb7d9ec700d0618f7d19a165edab00374631fca355a528e54356c97,2025-07-27T21:30:00.000,30,TRAFFIC SIGNAL,FUNCTIONING PROPERLY,CLEAR,DARKNESS,REAR END,"FIVE POINT, OR MORE",STRAIGHT AND LEVEL,DRY,UNKNOWN,NOT ON SCENE (DESK REPORT),NO INJURY / DRIVE AWAY,Y,"OVER $1,500",2025-07-28T14:40:00.000,FOLLOWING TOO CLOSELY,NOT APPLICABLE,3354,W,DIVERSEY AVE,1412,2,NO INDICATION OF INJURY,0,0,0,0,0,2,0,21,1,7,41.932092372,-87.7121923387,"{'type': 'Point', 'coordinates': [-87.712192338721, 41.932092372021]}",,Y,Y,,,,,,,
2955284265b53cc55379774d85f0eb6abb7f222e4ed5a3b47452ff6c9809af78cabf64bb110751323268715fde8acc8b0e7aa13019db09bba857ca262ede8a6b,2025-07-27T21:20:00.000,30,UNKNOWN,UNKNOWN,UNKNOWN,UNKNOWN,REAR END,T-INTERSECTION,STRAIGHT AND LEVEL,UNKNOWN,UNKNOWN,NOT ON SCENE (DESK REPORT),INJURY AND / OR TOW DUE TO CRASH,Y,"OVER $1,500",2025-07-28T23:46:00.000,UNABLE TO DETERMINE,UNABLE TO DETERMINE,500,E,67TH ST,321,2,NO INDICATION OF INJURY,0,0,0,0,0,2,0,21,1,7,41.7731231953,-87.6129877079,"{'type': 'Point', 'coordinates': [-87.612987707912, 41.773123195334]}",,,,,,,,,,
57b2dd4e9065ab170622e605fccd24ec69b06bb5d065fe161b14ccab78d829c20797ab5178d5c5247c269d832d009b36fbb1bf1cce6e3c132ea651fcad0d49b5,2025-07-27T21:17:00.000,30,STOP SIGN/FLASHER,NO CONTROLS,CLEAR,DARKNESS,REAR END,NOT DIVIDED,STRAIGHT AND LEVEL,DRY,NO DEFECTS,ON SCENE,NO INJURY / DRIVE AWAY,,"OVER $1,500",2025-07-27T21:18:00.000,FOLLOWING TOO CLOSELY,NOT APPLICABLE,801,W,105TH ST,2233,2,NO INDICATION OF INJURY,0,0,0,0,0,2,0,21,1,7,41.7031691643,-87.6427797023,"{'type': 'Point', 'coordinates': [-87.642779702263, 41.703169164316]}",,,,,,,,,,